canonical_smiles,UMAP1,UMAP2
CCCCC=COC(=O)CCCCCCCC,8.620339,5.564192
CC(=O)OCC1C=CC(C(C)C)CC1,9.295341,5.839337
CCCCCCCCC(OC(C)=O)C(=O)OC,8.727349,5.508401
CCCCC=COC(=O)C(C)CCC,8.7679,5.5131345
CCCC(S)COCC,8.674513,5.3245177
CCCCCCCC=CC(=O)OC(CCCCCCCC)C(=O)O,8.579869,5.656968
CCCCC=COC(=O)C=CCCCCC,8.654256,5.626575
CC(C)CC(C)(O)C1CCCS1,10.412272,3.5239763
CC(=S)OC1(C)OCCC1C,9.241623,7.41958
CCCCCC(OCC)OCCC,8.719523,5.3301105
CCCCC=COC(=O)c1ccco1,8.985135,5.296352
CCC=CC(=O)OC=CCCCC,8.691894,5.700322
CCCC(CS)OC=O,8.657555,5.3706408
CCCCCCCCC(=O)C(=O)OC(=C(C)C)C(O)CO,8.870697,5.609096
CCCC(CCOC)[SH]=C(O)OCC,8.859277,4.6588593
CC=CCOC(=O)C(C)CCC,8.897418,5.4952455
CC1=C(OC(=O)CO)CC(C(C)C)CC1,9.074241,5.36352
Cc1coc(C(=O)c2cccs2)c1C,10.743549,2.6509883
CCCCCCCCCCC(OC=O)C(=O)OC,8.63265,5.6441345
CCCC(=O)CCSCc1ccco1,8.874712,4.922652
CCOC(=O)C1(c2ccccc2)OC1CC,10.80279,4.449507
CCCCCCCCC=CC(OC)OC,8.626674,5.640682
SCC1CC=CS1,10.606746,4.433695
CCCOC(CC)OC(C)CCC,8.813444,5.265538
CCCCCCCC=COC(=O)CC(C)C,8.780323,5.537119
CCCCCCCCCC(=O)Oc1ccccc1C,8.70131,5.4672456
CC=CC1(C)CCOSC1(C)C,9.420405,7.449265
CCCSC(O)(CS)CCC,8.488324,4.952904
CC(C)C=C(C=O)c1ccco1,10.630719,4.5831723
CCCCC(C)C(C)(C)OC(=O)CC(C)C,8.947288,5.244667
CCCCCCCCC=CC=CC=CC=CC=O,8.609811,5.6463995
CCCC=CC(OCCCC)OCCCC,8.725095,5.425708
CCC(=O)C(C)SSc1ccco1,9.422227,4.88234
CCCCCCCCC(S)C=O,8.686497,5.3871555
CCC(=O)OC1(C)CCCCC1(C)C,9.350426,7.2867517
CC(CN)O,8.26591,4.757263
CCC(=O)C(=O)O,8.799999,5.2225065
C(C(=O)C(=O)O)S,8.209214,4.4853463
C1=CC(=CC(=C1)O)C=O,10.956701,4.6448016
C1=CC=C(C=C1)CCC(=O)O,11.038273,4.6394033
C1=CC(=CC=C1CO)O,11.029823,4.5538936
C1=CC(=CC=C1C=O)O,11.093441,4.433376
CC(C)CCC=O,9.185502,6.6302705
C1=CC(=CC=C1C(=O)O)O,11.055352,4.6353045
CC(=O)O,8.109983,5.0359154
CC=O,8.660712,5.2138515
CC(C(=O)C)O,8.87975,4.2572455
CC(=O)C,8.900812,5.292048
C(CCC(=O)O)CC(=O)O,7.356651,4.40157
CC(C(C(=O)O)N)O,8.530187,4.2438736
C1=CC=C(C=C1)C=O,11.029456,4.5194755
C1=CC=C(C=C1)C(=O)O,11.114421,4.640843
C1=CC=C(C=C1)CO,11.02214,4.7052655
CCCC=O,8.57622,5.501759
CCCCO,8.560068,5.55627
CCCC(=O)O,8.506266,5.5704956
C(=O)O,8.037231,4.5475526
C1=CC=C(C(=C1)O)O,11.065296,4.496747
C(C(=O)O)C(CC(=O)O)(C(=O)O)O,7.8367367,4.5691204
CC(C)C1=CC=C(C=C1)CO,11.002896,4.775117
CC(C)C1=CC=C(C=C1)C=O,10.961013,4.6866374
COC1=C(C=CC(=C1)C=C)O,10.95815,4.617693
CC1=CC=CC=C1O,11.021605,4.6793485
CC1=CC(=CC=C1)O,11.095327,4.5469346
CCCCCCCC,8.567173,5.555553
CCCCCCCC(=O)O,8.587213,5.5851216
CC(CC(=O)O)O,8.010421,4.6730914
C(C(C(C(C(CO)O)O)O)O)O,8.241523,4.6444383
CCCCCCCC=O,8.615608,5.543576
COC1=CC=CC=C1O,10.932183,4.719457
CSCCC(=O)C(=O)O,8.75541,4.6040998
C(C(C(=O)O)O)C(=O)O,7.9573298,4.57118
CCC=O,8.644066,5.3779283
CSCCC(=O)O,8.627289,5.2083507
C(C(C(=O)O)N)S,8.320064,4.3168106
C(CC(=O)O)C(C(=O)O)N,7.617231,4.389106
CC(C(=O)O)O,8.004558,4.597302
CC(=O)C(=O)C,9.164535,5.4415846
C1CC(=O)OC2=CC=CC=C21,10.863728,4.7621827
C(C(=O)CO)O,8.843843,4.9462976
CNC,8.630138,5.319392
CCOC(=O)C(C)C(=O)C,10.237934,4.6091123
CCO,8.712955,5.1141276
C(C(=O)O)O,8.156592,4.71186
C1=CC=C2C(=C1)C=CN2,11.108593,4.6178007
CC(C)CC(C(=O)O)N,8.007828,4.219435
C(C(C(=O)O)O)(C(=O)O)O,8.0078945,4.629713
CSCCC(C(=O)O)N,7.969844,4.173441
CS,8.648219,5.2274957
CC(=O)C=O,8.994417,5.372778
C1=CC=C2C=CC=CC2=C1,10.989887,4.676085
CCCCCCCCO,8.551281,5.564407
C(C(=O)C(=O)O)O,8.046803,4.6430535
CCCCCCCCCCCCCCCC=O,8.564332,5.5180407
CCCCCCCCCCCCCCCC(=O)O,8.530046,5.5702333
CC1(COC(=O)C1O)C,9.264155,5.801658
C1=CC=C(C=C1)CC(C(=O)O)N,11.236474,4.428838
C1=CC=C(C=C1)O,11.002489,4.6424236
C1=CC=C(C=C1)CC(=O)C(=O)O,10.777405,4.6104684
C1=CC=C(C=C1)CC=O,10.910634,4.618008
C1=CC=C(C=C1)CC(=O)O,10.899489,4.5718193
C1=CC=C(C=C1)CCN,10.934706,4.4545283
C1=CC=C(C(=C1)C(=O)O)C(=O)O,11.027637,4.6622705
CC(CO)O,8.526604,4.8306394
CCCO,8.563473,5.346788
CCC(=O)O,8.656244,5.45789
C1=CC=NC=C1,11.049351,4.483321
CC(=O)C(=O)O,8.966637,5.2732844
CSC,8.665195,5.3874187
C(CC(=O)O)C(=O)O,7.435305,4.328639
C1CCSC1,9.23013,4.475027
C(C(=O)O)S,8.205378,4.451721
CC1=C(SC=N1)CCO,11.251259,4.5207787
C[N+](C)(C)[O-],9.929171,6.0835567
CN(C)C,9.46408,4.068943
CC(C)C(C(=O)O)N,8.078123,4.1014156
COC1=C(C=CC(=C1)C=O)O,10.92577,4.7002015
CC1CCC(C(C1)O)C(C)C,10.212864,4.0999603
C1=CC(=C(C=C1O)O)C(=O)O,10.926303,4.7290382
C(CS)O,8.531294,4.9389796
CC(=O)C1=CC(=C(C=C1)O)OC,10.749144,4.8280435
C(CCCC(=O)O)CCCC(=O)O,8.220193,5.2731714
C1=CC=C(C=C1)COC(=O)C2=CC=CC=C2,10.919622,4.616578
C1=CC=C(C=C1)CN=C=S,11.072138,4.635352
CN1C=NC2=C1C(=O)N(C(=O)N2C)C,11.376389,4.4838257
CC1(C2CCC1(C(=O)C2)C)C,10.3374405,4.6666718
CCCCCCCCCCCCCCCCO,8.554107,5.5476036
CC1(C2CCC(O1)(CC2)C)C,9.124434,5.6081877
CC1=CC=C(C=C1)O,11.068389,4.5165596
CCCCCCCCCC(=O)O,8.594363,5.623457
CCCCCCCCC(=O)NCC1=CC(=C(C=C1)O)OC,8.975151,5.552851
C(C(CS)S)O,8.627903,4.4187655
C1=CC=C(C=C1)C(=O)C2=CC=CC=C2,10.937363,4.5685477
COC1=C(C=CC(=C1)CC=C)O,10.777691,4.659054
C(CC=O)CC=O,8.940879,5.235518
CC(C)C1=CC(=O)C(=CC=C1)O,10.935303,4.662295
CC(C)O,9.085757,6.4605274
CCCCCCCCCCCC(=O)O,8.553791,5.595774
CC(=C)C(=O)O,8.802822,5.096866
COC(=O)C1=CC=CC=C1O,11.122297,4.6592913
COC1=CC(=CC2=C1OCO2)CC=C,10.717817,4.8564415
C1=CC=C(C=C1)CCCC(=O)O,10.951376,4.639893
C1CNCCN1,8.868246,4.864521
CCCOC(=O)C1=CC(=C(C(=C1)O)O)O,10.76407,4.8220797
C1=CC(=CC(=C1)O)O,10.926964,4.5588436
C1=CC=C2C(=C1)C(=O)NS2(=O)=O,11.545879,3.6200645
C=CCC1=CC2=C(C=C1)OCO2,10.535687,4.992196
CCCCCCCCCCCCCCCCCC(=O)O,8.545937,5.6482162
CN1C=NC2=C1C(=O)NC(=O)N2C,11.639358,4.4282947
CC(=O)OCC(COC(=O)C)OC(=O)C,8.854338,6.5133314
C1=CC(=CC=C1CCN)O,10.8661375,4.5922475
C=CCCCCCCCCC(=O)O,8.539415,5.615278
C1[C@H](CN[C@@H]1C(=O)O)O,7.6239576,4.6730514
C(CC(=O)N)[C@@H](C(=O)O)N,7.5402207,4.418004
C=CCN=C=S,8.715806,5.027961
C([C@H]([C@H]([C@@H](C(=O)CO)O)O)O)O,8.359119,4.863605
C([C@@H]1[C@H]([C@@H]([C@H]([C@H](O1)O[C@]2([C@H]([C@@H]([C@H](O2)CO)O)O)CO)O)O)O)O,7.84813,5.803569
CCCC(=O)OCC(COC(=O)CCC)OC(=O)CCC,8.756216,5.3475094
C1=CC=C(C=C1)CCO,10.994961,4.6673775
CSCC[C@@H](C(=O)O)N,7.449836,4.3595705
C1=CC=C(C=C1)C[C@@H](C(=O)O)N,11.429205,4.339011
CCCCCC=O,8.609229,5.549002
C(C(C(=O)O)S)C(=O)O,7.8875723,4.524483
CCCCCO,8.523741,5.5967565
CC[C@H](C)[C@@H](C(=O)O)N,7.701468,4.400741
CN,8.663868,5.1918416
CCN,8.567964,5.163931
CCS,8.640572,5.2468796
CC(C)N,8.567799,4.716455
CC(C)S,8.732968,5.0334573
CC(C)(C)O,9.204715,5.2308354
CC(C)(C)S,9.171059,5.1176944
CCC(C)(C)O,9.354972,5.9503636
CC(C)(C)C(=O)O,9.008778,4.8009353
CC(C)(C(C)(C)O)O,8.861437,4.8304396
CC(=O)OC1CC2CCC1(C2(C)C)C,10.200412,4.976302
C[C@@H]1CC[C@@H]2C13CCC(C(C3)C2(C)C)(C)OC(=O)C,9.532301,7.676282
CCC(C)(CC)O,9.308689,5.309657
CC(C)(OC)OC,8.907902,4.6376696
CCOC(=O)C1C(O1)(C)C2=CC=CC=C2,10.323462,4.8539658
CCCCOC(=O)CC(CC(=O)OCCCC)(C(=O)OCCCC)OC(=O)C,8.879786,5.0719495
CCOC(=O)CC(CC(=O)OCC)(C(=O)OCC)O,8.903504,4.5857215
CCCCOC(=O)CC(CC(=O)OCCCC)(C(=O)OCCCC)O,8.7646675,5.314889
C(CS)C(=O)O,7.8797197,4.5273256
CC(C)C(=O)OC(C)(CCC=C(C)C)C=C,9.257633,6.989311
CC1=CC(=O)CC(C1)(C)C,10.733238,4.665744
CCC(C)(CCCC(C)C)O,9.321636,6.0961227
CC(=CCCC(C)(C=C)O)C,9.28696,7.075492
CC(=C)C=C,9.017048,5.493729
CC(C)CN,8.534732,4.926841
CC(C)CO,9.108327,6.0855694
CC(C)C=O,9.033188,5.8545403
CCC(C)O,8.9092865,5.644537
CCC(=O)C,8.79173,5.477751
CC(=O)C=C,9.005739,5.660713
CC(=O)OC,8.697896,5.396498
CC(C)C(=O)O,8.247512,4.892525
CC1(C2CCC(C2)C1=C)C,10.670581,4.8749332
CC1CCC(CC1)C(C)(C)OC(=O)C,9.763255,4.982126
CC1(CCC(CC1)C(C)(C)O)O,9.235312,5.743443
CC1=CCC2CC1C2(C)C,9.632244,7.9145117
CC(=C)C(=O)OC,8.940018,5.236623
CC1=CNC2=CC=CC=C12,11.160422,4.546361
CC1=C(C=C(C(=C1[N+](=O)[O-])OC)C(C)(C)C)[N+](=O)[O-],11.488646,4.927296
CNC1=CC=CC=C1C(=O)OC,11.200406,4.561377
CC(C)COC(=O)C1=CC=CC=C1O,10.897115,4.791365
CC(C)CCOC(=O)C1=CC=CC=C1O,10.816154,4.8590736
CCOC(=O)C1=CC=CC=C1N,11.314874,4.6324453
C1C2=CC=CC=C2C(=O)O1,10.974677,4.658223
CCC(CC)C(=O)O,8.355871,5.3454523
C1=COC(=C1)C(=O)O,10.957534,4.762643
CC1=CC(=C(C=C1)C(C)(C)C)O,10.743374,4.7343235
CC(C)C1=CC=CC=C1O,10.936796,4.895498
CC1CCC(=C(C)C)CC2=C1CCC2C,9.50198,8.185934
CC1CCC(C(C1)OC(=O)C2=CC=CC=C2O)C(C)C,10.58224,4.9490657
CC1=CC(=C(C=C1)C(=O)C)C,10.79451,4.7257113
CC1=CC(=O)C(CC1)C(C)C,10.777766,4.8361764
CC1=CC(=C(C=C1)C(C)C)O,10.835771,4.6407304
CCC1=CC=CC=C1O,10.854334,4.8625226
C1=CC=C(C(=C1)C=O)O,10.950066,4.560918
CC1=CC=CC2=CC=CC=C12,11.041771,4.625451
C1=CC=C(C=C1)C2=CC=CC=C2O,10.977332,4.578531
COC1=C(C(=CC=C1)OC)O,10.905823,4.7919884
COC1=CC=CC=C1OC,10.777587,4.8785715
C1=CC=C2C(=C1)N=CC=N2,11.268104,4.4522223
C1=CC=C2C(=C1)C=CC=N2,11.108602,4.589665
CC1=CC2=CC=CC=C2C=C1,11.060906,4.6982603
C1=CC=C2C=C(C=CC2=C1)S,11.053772,4.7031403
CC1=CC2=C(C=C1)N=CC=C2,11.125081,4.654278
CC1=NC2=CC=CC=C2C=C1,11.21771,4.5331874
CC1=CC2=C(C=C1)OC(=O)C=C2,10.741974,4.9685283
C1=CC=C(C=C1)C2=CC=CC=C2,10.995017,4.695468
COC1=C(C=C(C=C1)CO)OC,11.012442,4.793486
COC1=CC2=CC=CC=C2C=C1,11.040822,4.71033
CC(=O)C1=CC2=CC=CC=C2C=C1,11.02396,4.6011133
COC1=C(C=C(C=C1)CC=C)OC,10.798332,4.7913084
CCOC1=CC2=CC=CC=C2C=C1,11.025036,4.6831994
CC(C)CC1=NC2=CC=CC=C2C=C1,11.154317,4.5356975
CC(=O)OC1=C(C=C(C=C1)CC=C)OC,10.781268,4.948926
CC1=CC(=C(C=C1)O)OC,10.903275,4.618201
CC(C=O)C1=CC=CC=C1,10.914566,4.6222544
CCC(C1=CC=CC=C1)O,10.877119,4.8288627
CCC(=O)C1=CC=CC=C1,10.866679,4.6612077
COC(=O)C1=CC=CC=C1,11.090178,4.6750455
COC(=O)C1=CN=CC=C1,11.198018,4.6190166
CCOC(=O)C1=CC=CC=C1,10.966771,4.7191277
CC(=O)CC(=O)C1=CC=CC=C1,10.850524,4.696788
C1=CC=C(C=C1)C(=O)OC2=CC=CC=C2,10.9802,4.644687
CCOC(=O)CC(=O)C1=CC=CC=C1,10.915536,4.6244216
CCCOC(=O)C1=CC=C(C=C1)O,10.90734,4.6299005
CCCCOC(=O)C1=CC=C(C=C1)O,10.608233,4.8960047
CC(C)CCOC(=O)C1=CC=CC=C1,11.002947,4.738854
C1=CC=C(C=C1)CCOC(=O)C2=CC=CC=C2,11.002741,4.6042614
C1=CC=C2C(=C1)C=CS2,11.090609,4.7657967
C1=CC=C2C(=C1)N=CS2,11.315697,4.6324267
CC1=CC2=CC=CC=C2N1,11.076352,4.6646843
CC1=NC2=CC=CC=C2O1,11.13166,4.547669
CC1=C(C=C(C=C1)O)C,10.78657,4.667065
CC1=CC(=C(C=C1)C)O,10.75709,4.8115225
CCOC(=O)C(=O)OCC,8.937475,4.963578
CCC(C)C=O,8.895498,5.7348456
CCC(=O)CC,8.787786,5.501077
COC(=O)C=C,9.031254,5.2962375
C1CCC(C1)O,6.244571,8.153843
CC1CCCO1,10.979234,2.8974671
C1CC(=O)OC1,9.920602,4.848333
CN1C=CC=C1,10.803727,4.8373675
CC1=CCC(CC1OC(=O)C)C(=C)C,9.433689,7.0310974
CCC(=O)OC1CC(CC=C1C)C(=C)C,9.227009,7.5198684
CCCC(C)C(=O)O,8.484032,5.391766
CCOC(=O)C(C)C,8.723078,5.2095866
CCOC(=O)C(=C)C,8.970821,4.9818206
CCOC(=O)C(C)O,8.83566,5.29917
CC(C)COC(=O)C(C)C,8.866059,5.318157
CC(C)COC(=O)C(=C)C,8.982971,5.5388103
CCCCOC(=O)C(C)C,8.856319,5.311354
CCCCOC(=O)C(=C)C,8.91746,5.322704
CCC(CC)CO,8.783051,5.5090456
CCC(CC)C=O,8.721927,5.3420916
C1CC(OC1)CO,8.986483,4.450955
C1=COC(=C1)C=O,10.899949,4.6749663
C1=COC(=C1)CS,11.133506,4.741498
C1=CSC(=C1)C=O,10.997311,4.6050625
CC(C)(C)C1CCC(CC1)O,9.7791815,4.855226
CC(C)(C)C1CCC(=O)CC1,9.597222,6.4334197
CC(C)(C)C1=CC=C(C=C1)O,10.652854,4.7021966
CC(=C)C1=CC=CC=C1,10.851022,4.778503
CC(C1=CC=CC=C1)O,10.883118,4.8073187
CC(=O)C1=CC=CC=C1,10.959777,4.678209
C1CCC(CC1)C(=O)O,8.519047,4.2316146
CC1=CCC(CC1O)C(=C)C,9.638889,6.3362045
CC1=CC=C(C=C1)C(=O)OC,11.041714,4.583635
CC1=CCC(C=C1)C(C)C,10.783524,4.7420707
CC1=CCC(=CC1)C(C)C,10.721199,4.806858
CC1=CC=C(CC1)C(C)C,10.773165,4.912171
CC1=CC=C(C=C1)C(C)C,10.917692,4.774615
CC(C)C1=CC=C(C=C1)O,10.950224,4.742533
CC(=O)C1=CC=C(C=C1)O,10.913227,4.7316136
CC(=O)C1=CC=C(C=C1)OC,10.826304,4.8272443
COC1=CC=C(C=C1)C(=O)O,11.005682,4.7299614
C=CC1=CC=CC=C1,11.083848,4.849214
C1=CC=C(C=C1)C#N,11.121869,4.6328273
C1=CC=C(C=C1)CS,10.994766,4.680097
COC1=CC=CC=C1,11.052836,4.702099
CSC1=CC=CC=C1,10.991804,4.8780937
CCC1=CC=CC=N1,10.971488,4.7888994
CC1(OCC(O1)CO)C,9.025353,5.675058
CC1=CC(=CC=C1)OC,10.93324,4.723721
CC(C)(CC1=CC=CC=C1)O,10.725336,4.634315
COC(=O)CC1=CC=CC=C1,10.912253,4.8591876
C1COC(O1)CC2=CC=CC=C2,10.6799135,4.777046
C1=CC=C(C=C1)CC2=CC=CC=C2,10.948077,4.682521
C1=CC=C(C=C1)OC2=CC=CC=C2,10.984681,4.6326175
CCOC(=O)CC1=CC=CC=C1,10.965763,4.7117724
C1=CC=C(C=C1)CC(=O)CC2=CC=CC=C2,10.924742,4.6275454
COC1=CC=C(C=C1)COC(=O)CC2=CC=CC=C2,10.713766,4.8739166
CC(C)CCOC(=O)CC1=CC=CC=C1,10.061236,5.156014
C1=CC=C(C=C1)CCOC(=O)CC2=CC=CC=C2,10.988722,4.6016116
CCCN(CCC)CCC,8.77833,5.214298
CCCCN(CCCC)CCCC,9.713874,6.0587716
CC(C)(CCC1=CC=CC=C1)O,10.742496,4.6572704
CC(=O)OC(C)(C)CCC1=CC=CC=C1,10.512592,4.9448185
CCCCC(CC)COC(=O)C,8.716057,5.4194984
COC(=O)CCC1=CC=CC=C1,10.785695,4.7565656
CC(C)C(=O)OCC1=CC=CC=C1,10.8295,4.6967907
CCCC(=O)OCC1=CC=CC=C1,10.571007,4.8364525
CC(C)CC(=O)OCC1=CC=CC=C1,10.665338,4.821153
CC(=O)OCCC1=CC=CC=C1,10.819922,4.808387
CC(C)C(=O)OCCC1=CC=CC=C1,10.881714,4.758059
C1=CC=C(C=C1)COCC2=CC=CC=C2,10.88224,4.696126
CCCC(=O)OCCC1=CC=CC=C1,10.473726,4.9956317
CC(C)C(=O)OCCCC1=CC=CC=C1,10.588397,4.8732367
CCOC1=CC=CC=C1,10.9623375,4.802577
CC(=O)CC1=CC=CC=C1,10.90341,4.676962
CC1=CC=C(C=C1)OC(=O)C(C)C,10.906001,4.6581855
CC(C)C1=CC=C(C=C1)C(C)CC=O,10.655183,4.985821
CC(=O)OCC1=CC=C(C=C1)OC,10.784095,4.8470454
CCCC1=CC=C(C=C1)OC,10.866569,4.7222695
CCCCC1CCC(=O)O1,8.8621235,5.595293
C1=CC=C(C=C1)CCC=O,10.917092,4.715858
C1=CC=C(C=C1)COC=O,10.969159,4.611956
C1=CC=C(C=C1)CCOC=O,10.826654,4.669516
CCCCC(CC)CO,8.595549,5.5202665
CC1=CC=C(C=C1)C=O,10.96743,4.628365
CCC1=CN=C(C=C1)C,11.129252,4.6165357
CC1=CC=C(C=C1)OC,10.8299465,4.8740015
CC(C)COC(=O)CCC1=CC=CO1,8.972074,5.651016
COC1=CC=C(C=C1)CO,11.029923,4.7522473
CCCC1CCC(=O)O1,8.847834,5.6090293
CCCC(C)CO,8.754264,5.726419
CCC(=O)OCC,8.646179,5.442594
CCC(C)CC(=O)O,8.491573,5.5578203
CC(=O)CC(=O)OC,9.057238,5.276804
CCC(C)OC(=O)C,8.751426,5.474468
CCOC(=O)CC(=O)OCC,8.817503,5.1409626
CCCC(=O)OCC,8.573492,5.4564924
CCOC(C)OCC,8.837802,5.4733124
CCOC(=O)OCC,8.692603,5.2300954
C1CCC(=O)NCC1,9.35409,3.9900455
CCCC(=O)OCCC,8.64193,5.5009317
CC1=CC(=C(C=C1)O)C,10.532011,4.7326207
CCC(=O)OCCC(C)C,8.879648,5.407848
CCCCCC(=O)OCC(C)C,8.713499,5.4771852
CC(CCC=C(C)C)CCOC=O,9.206167,7.110283
CCC(=O)OCCC(C)CCCC(=C)C,9.197949,7.084253
CCCOC(=O)CCCCC(=O)OCCC,8.725554,5.3709307
CC(C)CCCC(C)CCO,9.337754,7.329013
C[C@@H](CCC=C(C)C)CCO,9.259318,7.3552656
CCCC(=O)OCCC(C)C,8.8119135,5.491507
CCCCCCC(=O)OCC,8.566604,5.545231
CCCCCCCC(=O)OCC,8.579633,5.569141
CCCCCCCCCCCC(=O)OCC,8.579016,5.607991
CCCCC(=O)CC,8.752827,5.5393243
CCCOC(=O)CC,8.786167,5.2968597
COC(=O)CCC(=O)OC,8.780601,5.0571194
CCC(C)CC(=O)CC,8.90282,5.636005
CCCCCC(=O)OC,8.574394,5.584955
CCCCCCC(=O)OC,8.576275,5.570478
COC(=O)CCCCCCCCC(=O)OC,8.579378,5.5853853
C=CC=O,8.688246,5.518193
CCCS,8.580632,5.3568115
CCCN,8.506514,5.2577558
C=CCO,8.724031,5.681493
C(=O)C=O,8.953144,5.1737366
COC=O,8.584736,5.3536277
CC(CCCC(C)(C)O)CC=O,9.214631,6.884923
CC(C)CCN,8.560857,5.032302
CCCC(=O)C,8.712287,5.4024544
CC(COC)O,8.668995,4.9702945
CC(C)CC(=O)C,9.091719,6.4544935
CC(C)CC(C)O,9.28658,6.927553
CC(C)OC(=O)C,8.823638,5.4907
CC(=C)OC(=O)C,8.895516,5.1539145
CC1CCC(=O)O1,10.312972,5.0627084
CC1=CC(=NC=C1)C,11.146746,4.6525693
CC1=NC(=CC=C1)C,11.03445,4.499082
CC1=CN=CC(=N1)C,11.092284,4.3548913
COC(=O)CC(=O)OC,9.099446,4.9084496
CCOC(=O)CC(C)C,8.820147,5.295888
CC1=CC(=CC(=C1)O)C,11.072811,4.6749997
CC1=CC(=NC(=C1)C)C,10.895787,4.5755005
CC(C)CC(CC(C)C)O,8.9433775,4.80243
CC(C)CC(=O)CC(C)C,9.3558855,5.590694
CC(C)CC(C)OC(=O)C,9.177294,6.036307
CC1=CC=NC=C1,10.950986,4.6877527
C1CCC(CC1)O,6.2958035,8.122841
C1CCC(=O)CC1,10.535132,4.700902
C1=CC=C(C=C1)S,11.099991,4.7160354
CC1=CN=CC=C1,10.945437,4.532869
CC1CCCCN1,9.390484,4.424697
CC1=CC=CC=N1,10.980169,4.71466
CC1=NC=CN=C1,11.222541,4.275178
CCCCOC(=O)CC(C)C,8.858196,5.414868
CCCCOC(=O)CCC,8.730712,5.3625574
C1CCCCCCCC(=O)OCCCCCCC1,8.5925665,5.491859
CCCCOC(=O)CCCCCCCCC(=O)OCCCC,8.634978,5.5615745
CC(=O)CCC=C,8.809981,5.474978
CCCCC(=O)O,8.549374,5.561577
CCCOC(=O)C,8.860953,5.3135796
CCCCN,8.5676985,5.255035
CCCCS,8.633354,5.329432
C(CS)CS,8.517986,4.745691
COCOC,8.680001,5.214593
CCNCC,8.590182,5.19635
CCOC=O,8.67422,5.28243
CCON=O,8.745032,4.9551396
C1=CNC=C1,10.874443,4.3991833
C1=COC=C1,10.951758,4.7704854
C1=CSC=C1,11.0897875,4.762421
CC(C)CCC(=O)C,9.195213,6.919363
CC(=O)CCC(=O)C,9.048957,5.506665
CC(C)COC(=O)C,9.121674,6.38161
CCCCCCCCCCCCCC(=O)OC(C)C,8.585025,5.56403
CCCCCCCCCCCCCC(=O)OCCCC,8.588519,5.5635624
CCCCCCCCCC(=O)OCC,8.595489,5.6010733
CCOC(=O)CCCCCCCCC(=O)OCC,8.608763,5.5213137
CCCCCCCCCC(=O)OC,8.561313,5.571729
CCCCCC(=O)C,8.66711,5.4519916
CC(C)CCOC=O,8.730037,5.5736933
CCCCCN,8.517022,5.343902
CCCCC=O,8.6215,5.4865227
CCCCCS,8.574293,5.4382496
COCCOC,8.832221,5.1925592
CCCOC=O,8.636146,5.3882217
CCSCCO,8.540316,5.3984833
CCSSCC,8.616036,5.2848024
C1CCCCC1,8.6684265,5.272393
C1CCNCC1,9.072127,3.2655234
CCCCCCCCCCCCCCCC(=O)OCCCC,8.580817,5.569214
CCCCCCCC(=O)OC,8.549147,5.585447
CCCCCC#CC(=O)OC,8.636228,5.6683297
CCCCCCC(=O)C,8.689197,5.628499
CCCCCCC(=O)O,8.587193,5.5870266
CCOCCOC(=O)C,8.750059,5.265939
CCCCCCN,8.473628,5.3721747
CCCCCCO,8.5688,5.6243715
CCCCCCS,8.62501,5.482257
C=CCOCCO,8.648672,5.60373
CCCSCCC,8.636883,5.4563384
CC(=O)OCCOC(=O)C,8.880379,5.3277698
CCCCCCCCCCCCCCCCCC(=O)OCC,8.56518,5.61059
CCCCCCC=C,8.618447,5.592785
CCCCCCCO,8.550305,5.583565
CCCCCCC=O,8.633064,5.5393243
CCCCOCCO,8.644837,5.487773
CCCCCCC#CC(=O)OC,8.588137,5.655625
COC(=O)CCCCCCCCC=C,8.578967,5.6121435
CCCCCCCCC,8.55662,5.540061
CCCCCCCCS,8.561904,5.4501557
CCCCCCCCC(=O)O,8.571231,5.6388702
CCCCCCCOC(=O)C,8.6574955,5.5356274
CCCCOCCOC(=O)C,8.702619,5.5405817
CCCCCCCCCC(=O)C,8.626972,5.576969
CCCCCCCCOC(=O)C,8.656823,5.5361414
CCCCCCCCCCOC(=O)C,8.597917,5.513606
CCCCCCCOC=O,8.582727,5.6158466
CCCCCCCCCCO,8.532502,5.5820866
CCCCCCCCCC=O,8.568344,5.589303
CCCCCCCCOC=O,8.562638,5.620591
CCCCCCCCCCC(=O)O,8.527629,5.5860763
CCCCCCCCCCCCCCCC(=O)OC,8.494882,5.687333
CCCCCCCCCCCC,8.553081,5.60728
CCCCCCCCCCC=C,8.582754,5.5586247
CCCCCCCCCCCO,8.545411,5.5809827
C=CCCCCCCCCCO,8.551891,5.579794
CCCCCCCCCCC=O,8.5630865,5.5701637
C=CCCCCCCCCC=O,8.63113,5.775028
CCCCCSSCCCCC,8.556141,5.4798536
CCCCCCCCCCCCO,8.533819,5.6140866
CCCCCCCCCCCC=O,8.5701,5.594725
CCCCCCCCCCCCS,8.562916,5.4568195
CCCCCCCCCCCCCCCCCC(=O)OC,8.507478,5.620069
CCCCCCCCCCCCOC(=O)C,8.595502,5.4968843
CCCCCCCCCCCCCO,8.590778,5.592601
CCCCCCCCCCCCCCO,8.532641,5.5818276
CCCCCCCCCCCCCCCCCCO,8.519157,5.6109424
CCCCCCCCCCCCCCCCCCCC,8.596925,5.554085
CC(C)(C=C)O,9.445882,5.338093
CC(=CCCC(C)(C=C)OC(=O)C)C,9.2879095,6.632661
CC1CC(CC(C1)(C)C)O,9.2604475,4.4367867
CC(=O)CO,8.91189,5.387773
CCC(C)C(=O)O,8.625811,5.6121325
CC1CC(C=C(C2C1CC(=C(C)C)C2)C)OC(=O)C,9.336869,7.2306314
C1=CC=C(C=C1)OC(=O)C2=CC=CC=C2O,10.809399,4.8358088
CC1CC(CC(C1)(C)C)OC(=O)C2=CC=CC=C2O,10.38783,5.0028434
C1=CC=C(C=C1)COC(=O)C2=CC=CC=C2O,10.914213,4.719717
CCCCC(CC)COC(=O)C1=CC=CC=C1O,8.843148,5.5213833
CCOC(=O)C1=CC=CC=C1O,11.045289,4.8454947
CC1=C(C(=O)C=CO1)O,10.806002,4.7315607
CC(=O)C1=CC=CC=C1O,10.966443,4.6394157
C1=CC=C(C=C1)C(C(=O)C2=CC=CC=C2)O,11.062367,4.4908404
C1=CC=C2C=NC=CC2=C1,11.111935,4.571638
COC1=C(C=C(C=C1)C=O)OC,10.842686,4.7064314
CCC(=O)OC(C)C1=CC=CC=C1,10.848389,4.7596273
C1OC2=C(O1)C=C(C=C2)C=O,10.573241,4.990779
CC1=NC2=CC=CC=C2S1,11.256983,4.5662785
C1CCC(=O)C1,10.564081,4.5957246
CN1CCCC1,9.782986,4.1293797
CCOC1=C(C=CC(=C1)C=O)O,10.9990635,4.59489
COC1=C(C=CC(=C1)C(=O)O)O,11.094048,4.6846538
CCOC(=O)C1C(O1)C2=CC=CC=C2,10.6734,4.7221293
CCN(CC)CC,8.981734,4.562785
COC1=CC=C(C=C1)C(=O)OC,10.967386,4.738513
CC1=CC=C(C=C1)C(=O)C,10.955283,4.693091
COC(=O)C1=CC=CC=C1N,11.224287,4.7084975
COC1=CC(=CC(=C1O)OC)C=O,10.732409,4.923533
COC1=CC=CC=C1C=O,10.931279,4.7450633
CCCCC(CC)C(=O)O,8.57354,5.532972
CCCCOC(=O)C1=CC=CC=C1,10.867478,4.8904314
CC1=CC=CC=C1S,10.953772,4.744413
CCC(C)CO,8.953628,5.954743
CCCCOC(=O)C(C)O,8.83011,5.295841
CC(=C)C1CCC(CC1)(C)O,9.886697,4.5844245
CCC(=O)OCC(COC(=O)CC)OC(=O)CC,8.869922,5.165244
CC(CCC=C(C)C)CCOC(=O)CC1=CC=CC=C1,9.216314,6.966417
C1=CC(=C(C=C1C=O)O)O,10.867949,4.73971
CC(=O)OCC1=CC=CC=C1,10.876049,4.811292
CCCCCCCCCCCC(=O)OCC1=CC=CC=C1,8.672811,5.6399584
CC(C)CC(=O)OCCC1=CC=CC=C1,10.431929,4.9508786
CC1=CC=C(C=C1)OC(=O)C,10.878674,4.857413
COC1=CC=C(C=C1)CC=C,10.903659,4.8147078
CCOC(=O)C=C,8.788988,5.726818
CCCCOC(=O)CCC(=O)OCCCC,8.708013,5.3651013
CC(C)COC(=O)CCCCC(=O)OCC(C)C,8.784424,5.467239
CC(CCCC(=C)C)CCOC(=O)C,9.189624,7.0611315
CCC(=O)OCCC(C)CCC=C(C)C,9.221333,7.0737643
CCCC(=O)OCCC(C)CCC=C(C)C,9.221794,7.039841
CCOC(=O)CCCCC(=O)OCC,8.711001,5.40554
CCOC(=O)C,8.923292,5.185163
CC(=CC(=O)C)C,9.302131,6.768078
CC(CCCC(C)(C)O)CC(OC)OC,8.99457,5.8826814
CCOC(=O)CC(=O)C,9.079537,5.356747
C1=CC(=O)NC=C1,11.153638,4.571145
CCCCCCC(=O)OCC=C,8.658965,5.5783906
CCCCCC(=O)O,8.575201,5.597786
CCCCCCCCCCCCCCCC(=O)OC(C)C,8.586474,5.5781817
CCCCCCOC(=O)C,8.6926985,5.5331903
CCCCOCCCC,8.6316,5.513271
CCCCCCCCCO,8.547413,5.546763
CCCCCCCCCOC(=O)C,8.652099,5.561777
COC1=CC=CC(=C1O)C=O,10.948285,4.619827
COC1=CC=CC(=C1)O,10.869908,4.681505
C1=CC=C(C=C1)CSSCC2=CC=CC=C2,10.97859,4.7213774
COC1=CC=C(C=C1)O,10.9569,4.769246
COC1=CC=C(C=C1)OC,10.766827,4.809471
CC(CCC=C(C)C)CCOC(=O)C,9.1595955,7.025507
CC(=O)OC(C)(C)CC1=CC=CC=C1,10.704776,4.8539844
COC1=CC(=CC=C1)OC,10.8517275,4.7546935
CCC(C)CCC(C)(CC)O,9.339535,5.844995
C1=CSC=N1,11.298626,4.342229
C1SCSS1,8.653397,5.1968117
C1=CN=CC=N1,11.186496,4.5188417
CC(=O)OCC1=CC2=C(C=C1)OCO2,10.9921875,5.0566125
CC(=O)C1=CN=CC=C1,10.955006,4.535588
CCSCC,8.619511,5.3317447
CC(=CCCC(=O)C)C,9.317205,6.733296
C1CS1,4.022882,4.7968354
CC1=C(C(CCC1)(C)C)C=O,10.082942,4.5359793
CCOCOCC,8.609857,5.5428767
CC(C(C)(C)C)O,9.110642,5.046446
CC(C)C12CCC(O1)(CC2)C,9.68911,7.0054703
CC1=CC2C(CCC(=C2CC1)C)C(C)C,10.523514,5.084042
COC1=CC(=CC(=C1OC)OC)CC=C,10.686811,4.9096885
CC1=CC(C(CC1)C(C)C)O,10.525262,4.6878686
CC1=CC=NC2=CC=CC=C12,11.250648,4.5594797
CC(C1=CC=CC=C1)C(=O)O,11.163279,4.591848
CCCC(=O)C1=CC=CC=C1,10.9866705,4.6981773
C1OC2=C(O1)C=C(C=C2)CO,10.514064,4.972762
C1COC2=CC=CC=C21,11.138947,4.71869
C1C=CC(=O)O1,10.859261,4.662755
CC1CCC(CC1)C(C)(C)O,9.46813,4.779615
CC1CCC(CC1=O)C(C)C,10.500409,4.681978
CC1=C(C=C(C=C1)C(C)C)O,10.883497,4.7139206
C1=CC(=CC=C1CCO)O,10.951135,4.698665
CCCCCCCCCCCCCCC1CCC(=O)O1,8.66533,5.6405196
C1CCCC(=O)CC1,9.18911,5.2732325
CC(CCC=C(C)C)CC(=O)O,9.147652,7.129384
CCCCC(=O)CCCC,8.60335,5.5667944
CC(C)CCCC(C)CCCC(C)CCCC(=O)C,9.268513,7.160428
CC(C)CC(=O)O,8.541534,5.4288874
CSCCCO,8.575931,5.3529544
C1CSCCS1,8.793334,5.0819855
CC(C)CCCC(C)CCCC(C)CCCC(C)(C=C)O,9.2504635,7.1230993
CCCC=CC=O,8.590922,5.569502
CCCCCCCCCCCCCCCCC(=O)O,8.5023155,5.5387535
CC(=O)S,8.609086,4.8081403
CC(C)CS,8.685283,5.1050196
CCC(C)S,8.70259,5.363907
CC1(C2CC=C(C1C2)CO)C,9.828635,5.8650556
CC(=C)C1CCC(C(C1)C(=C)C)(C)C=C,10.347131,4.714251
COC1=C2C(=C(C(=C1)CC=C)OC)OCO2,10.599047,4.9425015
CC1=C(C(=CC=C1)O)C,10.623179,4.734049
CC1=CC(=C(C(=C1)C)O)C,10.666788,4.552614
CC1=CC=CC=C1C=O,10.94398,4.7319674
COC1=CC(=CC(=C1O)OC)CO,10.947821,4.757073
COC1=CC(=CC(=C1O)OC)C(=O)O,11.059673,4.867891
CC1=CC=CC=C1OC(=O)C,10.874102,4.7858343
CC(OC)OC,8.989749,4.710831
CC1=CC=CO1,10.496454,4.662787
CC1=CC=C(C=C1)C(C)O,10.965822,4.633454
CC(=C)C1CCC(=CC1)CO,10.630366,4.6242733
CCC1=CC=NC=C1,11.220169,4.5753083
CCC1=CN=CC=C1,11.303864,4.3806095
COCC1=CC=CC=C1,10.892051,4.8299994
CCOCC1=CC=CC=C1,10.889749,4.711337
CCCCC1=CN=CC=C1,11.052106,4.707517
CCCCC(=O)OCC,8.59639,5.586085
CCOC(=O)CCC(=O)C,8.859253,4.9197516
CCCC(=O)OCC(C)C,8.839071,5.480741
CCCCCC(=O)OCCCCC,8.575983,5.5125074
CCC(=O)OCC(C)C,8.853476,5.5619645
C(CS)S,8.562191,4.823118
CC(C)CCS,8.647162,5.171972
CC(=CC(=O)O)C,11.449072,5.2177095
CC1=CSC(=N1)C,11.414758,4.326295
CC1CCCCCCCCCCCCC(=O)C1,8.650632,5.537221
C1CCOC(=O)C1,9.025451,4.9115367
CC(C)COC=O,8.837416,5.761908
CCN=C=S,8.720976,4.9421005
CC(C)(CCCC(=C)C=C)O,9.261432,6.4346795
CCCCCC(C)O,8.603782,5.5180745
CC(C)CCOCCC(C)C,9.229069,6.6863103
CCCCSCCCC,8.652598,5.46756
CCCCCCCCCCCCCC(=O)O,8.5805435,5.585012
CCCCCCCCCCCCCCCC,8.560728,5.583817
CC1C2CC(C2(C)C)CC1=O,9.550554,7.824626
CC(C)C(=O)OC,8.823201,5.0405545
CC(=O)C1=CC=CC=C1N,11.1267805,4.5744233
CCC(=O)OC,8.569198,5.467554
CC1=CC=CS1,10.639592,5.1352153
CC(C)CC(=O)OC,8.822602,5.752663
CN=C=S,8.7738085,5.0194283
CC(=CCO)C,8.884628,4.973825
CCCOC(=O)CC(C)C,8.769728,5.501015
CCOCC=C,8.793131,5.7797275
CC1=CCC(CC1)(C(C)C)O,10.429798,4.7621384
CC(C)C(=O)C,9.072684,5.4572024
CCC(C)C(C)O,8.940848,5.123313
CCC(C)C(=O)C,8.881587,4.749166
CCC(=O)C(C)C,9.042274,5.3463154
CC(C)C(=O)C(C)C,9.461243,5.6156125
CC1=C(C(=CC=C1)C)O,10.650812,4.7772
CC1=CC=CC=C1C(=O)C,10.873329,4.628143
CC(=O)C(=O)C1=CC=CC=C1,10.810646,4.7184753
COC1=CC=CC=C1C(=O)O,11.126668,4.7016597
C=CCOC(=O)C1=CC=CC=C1,11.111022,4.6669483
CCCCOC(=O)C1=CC=CO1,8.941574,5.5097895
CC1CCCCC1=O,9.628769,4.9829154
CC1=C(N=CC=C1)C,10.98355,4.8092546
CCC(CC)O,8.8099,5.368123
CCCCCC(=O)C(=O)C,8.890005,5.3891807
CC(C)(C)C1=CC(=CC=C1)O,10.733573,4.6980057
CC1=CCC(=C(C)C)CC1,9.596672,6.5365615
CC(C)C1=CCC(CC1)(C)O,10.263378,5.1300187
CC1=CC=C(C=C1)CO,10.803218,4.694083
CCCC(C)CC,9.308273,6.859389
CCC(C)CCO,9.232436,6.688183
CCCC(=O)CC,8.81658,5.4438424
CCC(C)CC(C)C,9.215879,6.8867717
CCCC(CCC)O,8.779271,5.2559996
CC(C)CC(=O)OCC(C)C,8.997804,5.8301635
CCCCCCCC(=O)OCCCC,8.580675,5.534809
CCCCC(CC)O,8.720421,5.370079
CC1CCC(=O)CC1,10.017819,4.8345304
CCCCCC(CC)O,8.538231,5.4314046
CCCCOC(=O)CC,8.70517,5.4036255
CCCC(C)(C)O,9.345297,5.904253
CCCCC(C)(C)C,9.219869,5.6654167
CC(C)CC=O,9.1634865,6.829404
CC1C=CC(=O)O1,10.518202,4.921263
CC1=CCC(=O)O1,10.616271,4.995276
CC1=CC(=CN=C1)C,10.924126,4.706284
CC1CCCC(=O)C1,10.554655,4.8026567
COC1=CC=CC(=C1)C=O,10.931208,4.6660004
CCCCOC(=O)CC(=O)C,8.843848,5.42806
CC(=O)CCC(=O)O,8.741962,5.494955
CCCCC(=O)C,8.819166,5.425025
CC(=O)OCC=C,8.780887,5.6551104
CC(=O)COC(=O)C,8.868861,5.677653
CCCCN=C=S,8.695146,5.014064
CCCCOC=O,8.646503,5.487146
C=CCSCC=C,8.683484,5.5305657
CCCCCCCCCCCC(=O)C,8.611702,5.56818
CCCCCCCCCCCCCCCCCC,8.512091,5.546287
CC(C=C)O,8.744011,4.9576764
CC(C)C(C)O,9.067862,6.1257114
CCC(=O)C(=O)C,9.1131935,5.1930547
CC(=O)C(=O)OC,8.895838,5.027942
CC(C)C(C(C)C)O,9.066703,4.6873355
CC(C)OC(=O)C1=CC=CC=C1O,10.929092,4.8158937
COC(=O)C1=CC=CO1,10.984883,4.7847867
CCOC1=CC=CC=C1C=O,11.034501,4.6376452
CC1=CC=C(C=C1)OC(=O)C2=CC=CC=C2,10.8541565,4.6699657
CCOC(=O)C1=CC=CO1,10.856216,4.8542986
CCCOC(=O)C1=CC=CO1,10.600569,4.9123793
CSC1=NC2=CC=CC=C2S1,11.387983,4.409061
CCC(C=C)O,8.784334,5.176817
COC(=O)OC,8.893366,5.043881
CC1=CSC=C1,10.857703,4.861188
CCOC(=O)C1=CC(=C(C=C1)O)OC,11.083816,4.8901987
CCCC(C(C)C)O,9.03991,5.359687
CCOC(=O)C(=O)C,8.941345,5.156258
CC(C)C(=O)OC(C)C,8.8784685,5.2337236
CC(C)(C1=CC=CC=C1)O,10.856636,4.678094
CC(C)C1=CC(=CC=C1)O,10.951185,4.7002287
CC1CCC(CC1O)C(=C)C,10.002917,4.8666644
CC1=CC=C(O1)C=O,11.003545,4.6323867
CCC1=CC(=CC=C1)O,10.924084,4.694596
CC1=CC(=CC=C1)C=O,11.083569,4.632612
COC1=C(C=C(C=C1)C=O)O,10.906791,4.7612
CC(=O)OC1CCCCC1,8.852347,5.049451
CCOC1=CC=C(C=C1)O,10.901816,4.634731
CC(=O)OCC1=CC=CO1,9.127889,5.578515
CCCC(CC)O,8.776922,5.381624
CCCC(=O)OC,8.560919,5.555589
CCOC(=O)CS,8.661779,5.010031
CC(COC(=O)C)OC(=O)C,8.871078,5.1529336
CCOC(=O)CCCCCCCC(=O)OCC,8.641737,5.432979
CCCCC(=O)OC,8.61492,5.5459857
CCC(C)COC(=O)C,8.94901,5.663129
CCC(=O)CCC(C)C,8.993527,5.8717723
CCCCCCC(CC)O,8.65809,5.5300097
CCCCCOC(=O)CC,8.726766,5.3391614
CCSC,8.607805,5.308264
CSSC,8.624847,5.2690735
CCC(C)(C)OC(=O)C,9.072419,5.373358
CC(C)OC=O,8.904477,5.7612123
CC(C)SC(C)C,8.945643,4.7160583
CC1=CC=C(N1)C,11.133498,4.4573827
CC1=CC=C(O1)C,10.814509,4.8451543
CCCC(C)OC(=O)C,8.891082,5.447014
CCCCCC(=O)OCCC,8.61165,5.523528
CCCCCC(=O)OCCCC,8.569864,5.5590105
CC(C)CCCO,9.025509,5.700111
CCCCC(C)O,8.647948,5.5579724
CCCCCCCCCCC(=O)OCC,8.598591,5.5728655
COC(=O)CCCCC(=O)OC,8.76954,5.275672
CC(C)CCCCO,8.79703,5.695263
CCCCSC,8.573128,5.383597
CC(C)CCCC(=O)O,8.556552,5.5830274
CCCCCOC(=O)C,8.827369,5.3401723
CCCCCCCCCCCCCCCC(=O)OCC,8.573707,5.609952
CCCCCCCC(C)O,8.568485,5.559807
CCCSSCCC,8.588444,5.418746
CCCCSSCCCC,8.641848,5.434856
CCCCCCCCCCCCC,8.575491,5.552662
CCCCCCCCCCCCCC,8.5336685,5.554875
CCCCCCCCCCCCCCC,8.495794,5.495356
CCCCCCCCCCCCCCCCOC(=O)C,8.621666,5.5210967
CCCCCCCCCCCCCCCO,8.573296,5.601631
CCCCCCCCCCCCCCCCC,8.59786,5.545352
COC1=C(C(=CC=C1)OC)OC,10.559345,4.8738413
CCC(=O)OC1=CC=CC=C1,10.2139015,5.1239057
CC(=O)OCC1CCCO1,9.224435,3.8629696
COC1=CC=C(C=C1)C=C,10.880316,4.6541576
CCC(=O)OC(C)C,8.8461,5.255674
CC1=CC=C(S1)C,10.944618,4.6900654
CCOC(=O)C=C(C)C,9.165252,7.255115
CC1NC(SC(S1)C)C,8.975038,4.978361
CCCCSCC,8.58843,5.4036274
CCCCCOC=O,8.576324,5.5213876
CCCCCCCCCCCCC(=O)O,8.541789,5.603669
CC1=CC=C(C=C1)C2=CC=CC=C2,10.930525,4.71725
CCCC1=CC=CC=C1O,10.746848,5.00583
CCCOC(=O)C(C)C,8.833737,5.230762
CC(C)C1=CC=C(C=C1)C(=O)C,10.938891,4.7118797
CCCC1=CC=C(C=C1)O,10.83129,4.83911
CC(C)CCC(=O)O,8.5808115,5.580393
CCCCCCCCCCCCCCCCCC(=O)OCC(C)C,8.565788,5.5749426
CC(C)CCOC(=O)CC(C)C,9.012398,5.7653403
CCOC(=O)CCCCCCCCC=C,8.673772,5.581861
CCCCCCCCC(=O)C,8.615687,5.5938797
CC1=CSC=N1,11.017404,4.471713
CCC1CCC(=O)O1,8.975049,5.512099
CCCC1CCCC(=O)O1,8.905463,5.651648
CSSCC1=CC=CC=C1,10.867239,4.7302613
CC(=O)CCC1=CC=CO1,8.971292,5.3589296
CCCCCC1CCCC(=O)O1,8.8427725,5.582532
CCCCCCC1CCC(=O)O1,8.796074,5.568658
CCCCCCCC1CCCC(=O)O1,8.771053,5.544287
CC(=C)CCO,8.847828,5.20213
CSCC1=CC=CC=C1,10.908151,4.69903
CC(=C)C(=O)C,9.1492195,6.8473487
CCOC(=O)CCCC(=O)OCC,8.848297,5.0655036
CCCC(=O)OC(C)CC,8.835341,5.312889
C=CCCCO,8.606553,5.7592397
CCCCCCCC(=O)C,8.6046295,5.583188
CC1CCCC(=O)O1,8.991446,5.4387746
CC1(SC(SC(S1)(C)C)(C)C)C,9.052587,4.513035
CCC(C)C(=O)OC,8.882874,5.3056655
C=CCS,8.656086,5.281103
CCCCCSCCCCC,8.577866,5.5124702
CCC1=CC=CS1,9.310498,5.32479
CC1CC(=O)CC(C1)(C)C,10.611168,4.643922
C1=CC=C(C=C1)SSC2=CC=CC=C2,11.130472,4.5742373
CC(=CC(=O)OC)C,11.2670145,4.992748
CCCOC(=O)CCC(=O)OCCC,8.735611,5.229899
CCCCCC(=O)CCCCC,8.656526,5.5280704
CC(C)CCCC(=O)C,9.2172365,6.9701495
CCCCCCCC(=O)CC,8.667593,5.5722537
C1CC=CC(=O)C1,10.827965,4.6537766
CCC1=CC=C(C=C1)C(=O)C,10.914686,4.7557454
CC(C)OC(=O)C1=CC=CC=C1,10.870337,4.676522
CC(=O)C1=CC=CC2=CC=CC=C21,11.014675,4.71147
CC(=O)C1=CC=C(C=C1)C(C)(C)C,10.93273,4.743697
CCCCCCCCCCCCCCC(=O)O,8.559329,5.6010733
C1CC(=O)SC1,10.848758,4.7550645
C1=CNC(=C1)C=O,10.951495,4.516687
CC1CCC(O1)C,9.039424,5.6852283
CCCCC1CCCO1,8.68589,5.4872627
CC(=O)C1=CC=CN1,10.887924,4.6419683
CC1=CC(=C(C=C1)C(C)C)OC,10.804175,4.821133
CCCCCCCC(=O)OCCCCCC,8.594473,5.521694
CC(C)CC(=O)OC(C=C)C(C)CC=C(C)C,9.2518425,7.0909843
CC(=O)OC(C)(C)CCCC(=C)C=C,9.257812,7.0112667
CCCCCCCCCCC,8.554101,5.566309
CC1=C(C(=O)CC1)C,10.71797,4.9061546
CC(=O)C1=CC=CC=N1,11.025739,4.649772
CC(CO)C1=CC=CC=C1,10.967061,4.6990113
CC1=C(N=C(C(=N1)C)C)C,9.710052,4.0185537
CC(=O)C1=CC(=C(C=C1)OC)OC,10.908096,4.917178
CC1(CC2C1CCC3(C(O3)CCC2=C)C)C,9.360524,7.779225
CCCCCC(C)C(=O)O,8.537346,5.5403686
CC(=CCOC(=O)C)C,9.276736,7.0819855
C(CCCS)CCS,8.701299,4.7998686
C(CCCCS)CCCS,8.726338,4.9981
CN1C=CC=C1C=O,10.993595,4.5900855
CC(=O)C1=CC=CO1,10.57947,4.825697
CC1=CC=C(N1)C=O,11.186598,4.505859
CC1=CC(=O)CCC1,10.712436,4.7775354
CC1=CC=C(O1)C(=O)C,10.743569,4.75677
CC1=CC(=C(C=C1)OC)O,10.83026,4.7635508
CC1(C2CCC(C2)(C1=O)C)C,9.982623,4.591252
CC1=CC=C(C=C1)C(C)(C)O,10.794116,4.6538577
COC1=CC2=C(C=C1)N=CC=C2,11.182049,4.555575
CCCCCCCCCCCCCCCCCC(=O)OCC(C)O,8.57658,5.5987687
CC1(C2CCC(=C)C1C2)C,9.601141,7.2984385
CCCCCCCCCCCCCCCCCC(=O)OCC([C@@H]1[C@H]([C@@H](CO1)O)O)O,8.583034,5.767038
C1=CN(C=C1)CC2=CC=CO2,11.066727,4.604198
CC1=CC(=C(C=C1)O)C(=O)C,10.998583,4.671654
CCCCCCCCCCCCCCCCCO,8.613791,5.5854645
CC(CC(=O)OC)O,8.374337,4.828702
CCC(C)CCC(=O)O,8.527954,5.552592
C1CCC(CC1)S,8.86515,5.258848
CCC(=O)COC(=O)C,8.820119,5.322582
CCCCCC1OCC(O1)C,8.695602,5.574025
CSCSC,8.590396,5.3358407
CCC(=O)C=C,8.88421,5.4445615
CCCC(=O)C=C,8.880946,5.4278235
CC(C)(C)OC,8.933573,5.796534
CCCCCCCS,8.597256,5.4330406
CCCCCCCCCC(C)O,8.557078,5.574986
C1CCC(C1)S,6.179442,8.186432
CCC(C)(C)S,9.218711,5.1963453
CC(=O)CC(=O)OC(C)(C)C,9.209372,5.1993823
C1CCCCCC(CCCCC1)O,8.761574,5.345941
CCCCCCCCCC,8.58428,5.5502653
CCCCCCCCCCCOC(=O)C,8.598986,5.544082
CCCCCCCCC(=O)OC,8.564154,5.5670314
CCCCCCCCCCC(=O)OC,8.556392,5.6086674
CCCCCCCCCCCCC(=O)OC,8.549546,5.6260114
CC(C)OC(=O)C=C(C)C,9.345017,6.531511
CC(C)C(OC)OC,9.28733,4.61621
CC1CCCS1,8.756752,5.3589892
C=CCOC(=O)CC1=CC=CC=C1,10.862462,4.842585
CCC(C)CS,8.718956,5.2484217
CC(C)CCCC(C)CCCC(C)CCCC(C)C,9.275167,7.128832
CCOC(=O)CCC1=CC=CC=C1,10.832521,4.735683
CCCCCCCC(=O)OCCC(C)C,8.681951,5.643221
CCCCCOC(=O)C1=CC=CC=C1,9.181046,5.4733205
CCCCCOC(=O)C1=CC=CC=C1O,9.060334,5.5944533
C=CCSSSCC=C,8.779191,6.1124964
CCCC(=O)OCC=C,8.66515,5.597815
CCCCOC(=O)CCC(=O)C,8.789978,5.3942437
C=CCCC=O,8.573542,5.656946
CC(=C)C1CCC(=CC1)C=O,10.296394,4.7172465
CC1=CCC(CC1)C(C)(C)OC=O,9.981606,5.235228
CC(C)COC1=CC2=CC=CC=C2C=C1,11.01104,4.680489
C=CCSSCC=C,8.771734,5.8207664
CCCSSCC=C,8.711587,5.4631767
CCCSSC,8.592875,5.3506947
CCCCCC(=O)OCCC(C)C,8.7857065,5.575262
C[C@@H]1CC[C@H]([C@@H](C1)O)C(C)C,10.155487,4.3537507
COC1=CC=CC2=CC=CC=C21,10.977504,4.648982
CCCCCCCOC(=O)CC,8.659786,5.4144654
C1=CC=C(C=C1)CCN=C=S,10.787066,4.69973
CCCCCC1=CC=CC=N1,10.841951,4.925306
CCCCCCCCC1CCC(=O)O1,8.696346,5.6090055
CCCCCC(=O)OC(C)C,8.74574,5.4515133
CCCCCCCCCC(=O)OC(C)C,8.611878,5.560209
CCCOC(=O)C1=CC=CC=C1,10.996821,4.7456403
CC1=NCCS1,9.870372,4.5997605
CCCCCCOC(=O)C(C)C,8.695252,5.3278513
CCCCCC=CC=CC=O,8.632325,5.5916047
COC(=O)CS,8.7495165,4.9890127
CC1=NC2=CC=CC=C2N=C1C,11.318672,4.467108
CCC1C=CC(=O)O1,10.580045,4.9065084
CC1CCCC(C1=O)(C)C,10.220478,4.157211
CC(C)CCC(=O)OC,8.809717,5.4740515
CC1=C(C(=C(C=C1)C)O)C,10.757027,4.75289
CC1=CCC(CC1)C(C)(C)O,9.659274,5.449503
CCCCCC(C=C)OC(=O)C,8.749016,5.463775
CCC(C)COC(=O)C(C)CC,8.981821,5.407076
CCCCCCC=CC=O,8.713577,5.5873055
CC(=O)C1=CC(=C(C(=C1)OC)O)OC,10.967269,4.7852674
CC(=O)CCC1=CC=CC=C1,10.826323,4.71087
C1CCC(CC1)SSC2CCCCC2,6.3400745,8.075801
CCCCCCOC(=O)CCC,8.701525,5.417105
CCC(C)OCC,8.758076,5.1832848
C=CCOC(=O)CCC1CCCCC1,8.928558,5.3207703
CC(=O)NC1=CC=CC=C1C(=O)OC,11.367951,4.4175673
CC1=CC(=O)CC1,9.431306,7.2320766
CC1SC(SC(S1)C)C,8.944599,5.222904
CCCC1=CC(=C(C=C1)O)OC,10.915235,4.6589856
CC(C)CC(=O)OCC=C,9.221155,6.7640915
CC1=NC=CN=C1OC,11.077739,4.842651
CCCCCCCCCCCCCCCCS,8.570645,5.5270815
CCCCCCCCCCCCCCCC(=O)C,8.567904,5.553087
CSS(=O)(=O)C,8.505276,4.666766
CC(C)C(C)C(C)(C)O,9.2557955,4.8663664
COC1=NC=CN=C1,11.255671,4.390664
CC1C(=O)CCO1,10.461956,4.713257
CCC1=CC=CO1,10.347124,4.9149804
CSCCC=O,8.611903,5.422349
CCOC(=O)C1CCCCC1,8.8534975,4.89978
CCCCC1CCCC(=O)O1,8.92574,5.702143
CC(C)C12CCC(=C)C1C2,9.57815,7.391418
CCCCCC(C=C)O,8.701122,5.5421143
CC(CCO)CC(C)(C)C,9.086827,4.8824754
COCCC1=CC=CC=C1,10.875789,4.89276
CC(=O)CCC1=CC=C(C=C1)OC(=O)C,10.681432,4.884863
C1=CC=C(C=C1)OCC(=O)O,11.06501,4.6641626
CC(CCCC(C)(C)OC)CC=O,9.269163,6.908028
C[C@@H]1CC[C@@H](C(C1)O)C(C)C,10.209542,4.3263097
CC1C(=O)C(=C(O1)C)O,10.014666,4.881713
CSSSC,8.616203,5.2575746
CC(=O)CCCCC=C,8.887589,5.6986175
CC(=C)CC(=O)C,9.226905,7.1736593
CCCCCC1=CC=CO1,8.97836,5.5114164
CCCCCCCC1=CC=CO1,8.76451,5.5373316
CC(=CCCC(=CCCC(=O)C)C)C,9.312132,4.900303
CCOC(CC(C)C)OCC,8.868183,5.072084
CCCC(=O)C(=O)C,8.988679,5.2590575
CCCSC,8.629265,5.330936
CCOC(=O)C(C)(C)C,8.889402,4.965726
COC1=C(C=CC(=C1)C(=O)OC)O,10.921377,4.777362
CC(C)(C)C1=CC=NC=C1,11.025961,4.4779024
CCCSCC,8.620378,5.4153767
CCCCCCC(C)O,8.585235,5.519397
CCC=CCC(=O)O,8.649169,5.6997395
CCCCCCCC(=O)OCC=C,8.648027,5.554608
CC1=CC2=CC=CC=C2O1,10.924324,4.7822547
CCCC(=O)OC1=CC=CC=C1,9.000077,5.4559216
CCCCCCC1OCC(O1)C,8.670941,5.698864
C1CCC(CC1)OC=O,8.8638,4.3937693
C1CCC2C(C1)CCC(=O)O2,10.555889,4.9172907
C1=COC(=C1)CSSCC2=CC=CO2,10.784732,4.7725897
C1CCC(CC1)CCO,9.901948,4.73123
CCCCC1=CC=CO1,8.976476,5.428023
CC1=CCC(C1(C)C)C(=O)C,9.586544,7.306806
CC(C)C1CCC(CC1)O,9.23946,5.2633758
CC(CCC=C(C)C)O,9.192844,6.9574065
COC(=O)C1CCCCC1,10.692644,4.5700946
CC1CC(=O)C=C2C1(CC(CC2)C(=C)C)C,10.320142,5.2213893
CCC(OCC)OCC,8.975271,4.666231
CCC(OC)OC,8.81176,5.1560955
CCC1=CC=C(C=C1)C=O,10.986431,4.618462
CCCC(C=C)O,8.692408,5.4020114
CCCCCC1=CC=CS1,8.84067,5.3541403
C1CCC(C1)C2CCCC2=O,9.621475,7.4614353
CCCCCCCCOC(=O)CCCCC,8.566494,5.5393467
CCCCC(C=C)O,8.695427,5.4306626
CCC1=C(C(=O)C=CO1)O,10.688146,4.8175607
CC(=O)CCCCCC=C,8.756801,5.6161857
CC(=CCOC(=O)C1=CC=CC=C1)C,10.951631,5.180217
C1CCC(CC1)CC(=O)O,10.056236,4.081517
CCCCCCOC(C)OCCCCCC,8.676433,5.424895
CC(CC=O)CC(C)(C)C,9.138234,5.104978
CCCCCCC(=O)OCCCC,8.556854,5.542416
CCCCCCCC(=O)OC(C)C,8.661146,5.4661264
CCOC(=O)CCS,8.726601,5.0870123
CC(=O)CCC1=CC=C(C=C1)O,10.817421,4.7240715
CCC(C)CCCCCCC(=O)O,8.545229,5.63435
C1C(OC(O1)CC2=CC=CC=C2)CO,10.608506,4.7383485
CC1=NC=CN=C1C,11.222452,4.4029884
CC1(CCC(O1)C(C)(C)O)C=C,9.345405,5.3979697
CC1=CCC(CC1)C(=C)C,10.636874,4.935088
CCCSSSCCC,8.600499,5.464343
CCCC(C)O,8.827148,5.533997
CCCCCCCCCCC(=O)C,8.634928,5.5801034
CC(=O)OCCOC1=CC=CC=C1,10.727106,4.940442
CCCCCCOC(=O)C1=CC=CC=C1O,8.887982,5.5795074
CCCCCCCCCCCCOC(=O)C(C)O,8.6068,5.576859
CCCCCCOC(=O)CCCCC,8.649449,5.4571314
CSCCSC,8.591761,5.2950835
CCCCC=CC=CC=O,8.6423235,5.636247
CCCCCCOC(=O)C1=CC=CC=C1,8.856586,5.5415196
C1=CSC(=C1)SSC2=CC=CS2,11.284304,4.4560237
CCCCCC(=O)OCC1=CC=CC=C1,8.867107,5.5076156
CC(C)OC(=O)CCCCC(=O)OC(C)C,8.702148,5.3218417
CC(=O)CC(=O)OC1CCCCC1,9.690365,4.8594995
CCCCCCCCCCCCCCC(=O)OC,8.576639,5.581939
CCOC(C(C)CC1=CC=C(C=C1)C(C)C)OCC,10.4312,4.857826
CC(=CCCC(C)(C=C)OC(=O)C1=CC=CC=C1N)C,9.811963,5.8346457
COC1=CC=CC=C1S,11.045937,4.547564
CCCCOC(=O)C=CC,8.739314,5.523112
CCC(C)C(=O)OCC,8.813531,5.2254477
CCCCOC(=O)C(C)OC(=O)CCC,8.885813,5.2935677
CC(C)C(=O)C(=O)C,10.13189,4.584168
C=CCOC(=O)COC1=CC=CC=C1,10.71415,4.964314
CCOC(=O)CC(C(=O)OCC)O,9.108886,4.7354555
CCCCOC(=O)C1=CC=CC=C1N,11.201061,4.503884
CC1CCC(CC1=O)C(=C)C,10.690346,4.986302
C1CCC(CC1)OC(=O)C2=CC=CC=C2N,10.973099,4.5082855
CCCCCCCCCC(OC)OC,8.565438,5.552463
CC(C)COC(=O)C1=CC=CC=C1N,11.229148,4.5524926
CCCCCCC(=O)OCC(C)C,8.712368,5.524835
CCCCCCC(C)C=O,8.701362,5.5148373
CC1CCC(C(C1)O)C(=C)C,9.97437,4.0405197
CCOCCC(OCC)OCC,8.909283,4.690173
CCOC1=CC=C(C=C1)C=O,10.874053,4.658561
COC1=C(C=CC(=C1)CC=C)OC=O,10.859465,4.7061677
CCCCCCOC(=O)C(C)CC,8.787885,5.32499
CCC(C)N,8.935245,4.4321194
CCCC(=O)OC(C)(C)CC1=CC=CC=C1,10.295367,5.013262
CCOC(=O)C1CC2CC1C=C2,10.818031,4.812947
CCCCCCCCCCC(C)O,8.519542,5.558276
CCCCCCCCCCCC(=O)OC(C)C,8.631018,5.5802965
COC1=C(C=CC(=C1)CC=C)OC(=O)CC2=CC=CC=C2,10.744194,4.6863723
CCOC(C)OC,8.697876,5.4764524
CCCCCCCCCCCCC=O,8.488166,5.566469
CCCCCCCCCCC(=O)OCCCC,8.568297,5.5259466
CCCCC(=O)C(C)C,8.869674,5.242641
C=CCCCCCCCCO,8.599267,5.628321
CCC1=CN=C(C=N1)CC,11.42096,4.230137
CCC1=NC=C(N=C1)C,11.244581,4.2725616
CCC1=NC(=CN=C1C)C,11.211595,4.2875185
CC1=CCC2C(C1)C2(C)C,9.628406,7.854137
CC(C)(C)C1CCCCC1O,9.617537,4.8913345
CC(C)CC(=O)C(=O)C,9.367698,5.2240496
CCC1=NC=CN=C1,11.1607,4.360474
CCC1=NC(=CN=C1)C,11.205752,4.3888226
CC1=NC=CN=C1CC(C)C,11.183347,4.3442883
CCC1=NC=C(N=C1C)C,11.298319,4.26913
CC1=CN=C(C=N1)C=C,11.493576,4.359991
CC1(C(CCC(O1)(C)C=C)O)C,8.944523,5.0117245
CCCCCCCCCCCCCCCCC(=O)OCC,8.573958,5.589914
CCCCCC=CC(=O)C,8.710931,5.616021
CC1=CN=C(C(=N1)C)C,10.212773,3.860725
CC1(CCCC2(C1=CC(=O)O2)C)C,10.677743,4.952578
CCC1=NC(=CS1)C,11.357744,4.2760534
CCC1=NC=CN=C1C,11.046465,4.587818
CCC1=NC=CN=C1CC,10.997357,4.3695
CCC1=CN=C(C(=N1)C)C,10.95343,4.2473106
CC1CCOC(C1)C=C(C)C,9.504742,5.8193383
CC1CCC(C(C1)OC(=O)C)C(C)C,9.814786,5.170998
CCC(C)C(=O)OC1CC(CCC1C(C)C)C,9.345749,5.499724
CCCCCC(C=C)OC(=O)CCC,8.756956,5.4642735
CCC(C)(C)C1CCC(=O)CC1,9.374816,6.221989
CCC1=NC=C(N=C1CC)C,11.063863,4.285244
CCC1=CN=C(C(=N1)CC)C,11.092064,4.2749577
CCCCCCCCCCCCCCCCCCC(=O)OCC,8.539226,5.613302
CC(CCCC(C)(C)O)C=C,9.121914,6.000397
CCCCCCCCC(C)C=O,8.648884,5.4947095
CC1=C(OC(=N1)C(C)C)C,11.028399,4.370766
C[C@H]1CCC[C@@]2([C@@]1(CCCC2)O)C,9.68536,6.522959
CCCCC(=O)OC1=CC=CC=C1,9.055585,5.4797935
CC1CC(=O)CC(C1=O)(C)C,10.845344,4.682193
CC1=C(OC(=N1)C)C,11.069464,4.530681
CCCOC(C)OCC,8.652651,5.5624604
CC(=CCC(COC(=O)C)C(=C)C)C,9.191117,6.5436044
CC1CCC(CC1OC(=O)C)C(=C)C,9.756789,5.096185
CC(C)CCCC(C)CCOC(=O)C,9.227747,7.0946145
CCCCCCCC=CC=CC=O,8.570899,5.613473
CC(=O)OCCC1CCCCC1,8.825233,5.0104322
CC(=O)C1=NC=CN=C1,11.236,4.572781
CC1=CN=C(C=N1)C(=O)C,11.334442,4.368907
CCCCOC(=O)CC1=CC=CC=C1,10.651825,4.750044
CC(=O)CCC1=CC(=C(C=C1)O)OC,10.792542,4.7670374
CCOC(OCC)OCC,8.978645,4.611613
CCC(=O)OCC1=CC=CC=C1,10.842264,4.728514
CCC(=O)OCCC1=CC=CC=C1,10.76377,4.8153267
CC(=O)OCCCC1=CC=CC=C1,10.762599,4.901298
CC(=O)OC1=CC=CC=C1,10.779269,4.8242054
CC(=O)CC1=CC=C(C=C1)OC,10.818169,4.7931495
C1=CC=C(C=C1)CCCO,10.923196,4.6400704
C1=CC=C(C=C1)OCCO,11.015304,4.656619
CCCCC(CC)C=O,8.710971,5.543562
CCC1=CC=C(C=C1)O,10.872371,4.538039
COC1=CC=C(C=C1)C=O,11.025792,4.6979227
CCCC(C)C=O,8.926481,5.41914
CCCC(=O)CCC,8.759229,5.3442273
CCOC(=O)CCC(=O)OCC,8.794313,5.0834723
CCCCCCCCC(=O)OCC,8.592117,5.5504513
CC1=CN=C(C=N1)C,11.211929,4.3995476
CC(=O)CC(C)(C)O,9.208566,6.4157414
CC(C)CCO,8.986043,5.8574705
CC1OC(OC(O1)C)C,9.114497,5.7908225
CCCCCC(=O)OCC,8.605482,5.5186167
CCCCCC(=O)OCC=C,8.712382,5.5169444
CCCCCCCCOC(=O)CCCCC(=O)OCCCCCCCC,8.596825,5.539346
CCCCOC(=O)C,8.748439,5.485451
CC(C)CCOC(=O)C,9.166917,6.728684
CCCCCCCCCCCCCCCCCC(=O)OCCCC,8.56121,5.535575
CCCCCCCCCCCCCC(=O)OCC,8.588144,5.551316
CCCCCCCCCCCCCC(=O)OC,8.558062,5.5566254
CCCCCCCC=C,8.690304,5.6672444
CCCCCCCCC=O,8.565928,5.4757094
CCCCCCCCCCCCCC=O,8.587612,5.55429
CC(=CCCC(C)(C=C)OC(=O)C1=CC=CC=C1)C,9.366676,6.4485664
CC1(C2CC=C(C1C2)CCO)C,10.21495,5.155564
CCC(=O)OCCOC1=CC=CC=C1,10.734743,4.953626
CC1SC(SS1)C,8.839336,5.1247487
CC1=NC=CN=C1C(=O)C,11.100159,4.5159554
CC1NCCS1,8.85171,4.8982034
CC(C)CC1=NC=CN=C1OC,11.419432,4.2910557
CCCCCOC(=O)CCC(C)C,8.818173,5.5449347
C(CC(=O)O)[C@@H](C(=O)O)N,7.5555634,4.4545574
CCC1=NC=CN=C1OC,11.360937,4.5579066
CC(C)C1=NC=CN=C1OC,11.427592,4.4547596
CC1=CC=CC=C1OC,10.834297,4.8465004
CC(S)S,8.656111,4.9606247
CCCCCC1=CC=CC(=O)O1,8.990855,5.5612364
CCC=CCCC=CCO,8.632238,5.5732965
CC1=C(C=CO1)S,10.918565,4.7569203
CC1=C(SC=C1)C,10.890991,4.677404
CC(C)C1=NC=CN=C1,11.182423,4.4508815
CC1CCC(C(=O)C1)C(=C)C,10.689157,4.5746517
CCCSSCC,8.565275,5.3241873
CCCCCCCCCC(=O)OCCCC,8.562481,5.460786
CCC(=O)C1CC(CC=C1C)C(C)C,9.513437,7.25207
CC1=CCCC(C1CCC(=O)C)(C)C,10.313247,4.8121524
COC1=CC(=CC(=C1O)OC)C=C,10.876241,4.837197
CC(=O)OC1CCC(CC1)C(C)(C)C,9.66091,4.8440366
CCC1=C(SC(=N1)C)C,10.967982,4.474429
CCC1=CN=C(C(=N1)C)CC,10.742992,4.3491855
C1CCC2=NC=CN=C2C1,11.073678,4.4835577
CCC=CCCOC(=O)CC(C)C,9.002949,5.77655
CCCCCCCCCCCCCCCCOC(=O)C(C)O,8.565048,5.609864
CC(C(=O)C)S,8.903405,4.1236653
CCCCCCCCCCCCCCC(=O)OCC,8.577151,5.5854626
CCCC1=CSC(=N1)C,11.240112,4.374175
CCCCCCCCC(=O)OCCCC,8.55518,5.5283475
CC(=O)OCCCCCCCCC=C,8.656932,5.5672817
CCCCCC1CC=CC(=O)O1,8.806842,5.6669283
CCC1=C(N=CS1)C,11.219691,4.4944715
CC1=C(SC(=N1)C(C)C)C,11.294916,4.292084
CC1=CC(=C(O1)C)S,10.947007,4.7597117
CC1=CC(=C(O1)C)SC(=O)CC(C)C,10.644523,4.964245
CCCCCCCCCCCCCCCC=CC=O,8.572252,5.5891356
CCCCCC=CC=C,8.60179,5.8432674
CC(CCOC(=O)C)CC(C)(C)C,8.823184,4.9841175
C[C@H]1CC[C@@H]([C@H](C1)OC(=O)CC(=O)C)C(C)C,9.203419,7.3901324
CCCCCCCC(=O)OC1=CC=C(C=C1)C,8.916875,5.4809484
CCCC(C)OC(=O)CCC,8.834823,5.297457
CCCSSC1=C(OC=C1)C,9.382912,4.860409
CC1=C(C=CO1)SSC,10.798507,4.7351356
CCCC(=O)OCCC(C)CCCC(C)C,9.239174,7.109477
CC(C)CCCC(C)OC(=O)C,9.193335,6.882819
CC(=CCOC(=O)C1=CC=CC=C1O)C,9.591656,6.298968
CCCCC=CCC(=O)OC,8.598644,5.598429
CCOC1=CC=CC=C1CO,11.017267,4.756232
CCCCC1=NC(=C(S1)C)C,10.966968,4.6298833
CC1N=C(CO1)C,10.243532,4.3647885
CC(C)CC(=O)OC1CC2CCC1(C2(C)C)C,9.639107,6.8491764
CCOC(=O)C1=CC=C(C=C1)OC,11.011239,4.7104115
CCCCC(=O)C(=O)C,9.003032,5.267343
CC(C)C(=O)OCCC(C)CCC=C(C)C,9.190629,7.079242
CC1=CC=C(C=C1)C(C)C=O,10.921398,4.553494
COC(CC1=CC=CC=C1)OC,10.516507,4.7762985
CC1=CC=C(C=C1)OC(=O)CC2=CC=CC=C2,10.923216,4.6462173
CC(C)COC(=O)CC1=CC=CC=C1,10.896626,4.6715975
C1=CC=C(C=C1)CC(=O)OCC2=CC=CC=C2,10.88831,4.5795636
CC(C)C(=O)OCCOC1=CC=CC=C1,10.85568,4.7813926
CC1=CC=C(C=C1)CC=O,10.924853,4.776377
CC(=O)CCC1=CC=C(C=C1)OC,10.725857,4.72736
C1=CC=C(C=C1)CCCOC=O,10.893703,4.7386594
C1CCCCCC(=O)OCCOC(=O)CCCCC1,8.756274,5.3971624
CCCCCCCCCCCC(=O)OCCCC,8.586519,5.5675015
CC(CCC=C(C)C)C=O,9.274887,6.9821863
CC(=CC=O)C,8.937709,5.430059
CCCCCCCCOC(=O)C(C)C,8.652989,5.4978714
CCCCOC(=O)CCCCCCCCC=C,8.636688,5.6116796
CCCCCCCCOC(=O)CCC,8.615172,5.4921665
CCCCCCCCCC(C)C=O,8.604996,5.5360546
CC(=O)OCCCCCCCCCC=C,8.599991,5.515457
CC(=CCCC(C)(C=C)OC=O)C,9.224453,7.0674944
CC1=C(C(CC=C1)(C)C)C=O,10.412011,4.618986
CC1=C(C(=CC=C1)C)S,10.667392,4.822574
CC(C)COC(=O)C1=CC=CC=C1,10.976339,4.6971684
CCCCCCCCOC(=O)CC1=CC=CC=C1,8.806419,5.551084
CCC(=O)OCCCC1=CC=CC=C1,8.958036,5.5505576
COC1=CC=C(C=C1)COC=O,10.803837,4.844098
C[C@@]12CC[C@H](C1(C)C)C[C@H]2O,9.503561,7.968716
CC(C)C(=O)OCCC(C)CCCC(=C)C,9.227495,7.1035304
CC(CCCC(=C)C)CCOC=O,9.181027,6.8364563
CCCC(=O)OCCC(C)CCCC(=C)C,9.218537,7.065646
CCCCCCCCOC(=O)CC,8.64756,5.532839
CCC(=O)OC(C)(CCC=C(C)C)C=C,9.335755,7.0173244
CC1=C(C(CCC1)(C)C)CC=O,10.353884,4.6791615
CC1(CC2C1CCC3(CCCC2(C3)O)C)C,9.640023,7.3100076
CC1=CC(C2CC1C2(C)C)O,9.4736595,7.7273984
CC1(CCCC2(C1CCC3(C2CC(=O)O3)C)C)C,9.504829,7.91352
CC1(C2CC=C(C1C2)C=O)C,9.869658,6.6171618
CCCCOCC1=CC=CC=C1,10.724678,4.925916
CCCCC(=O)OCCCC,8.605434,5.50842
C=CCCC(=O)O,8.553285,5.6770415
COC1=CC=CC=C1C(=O)OC,11.087347,4.6930084
COC1=CC=CC=C1C=C,10.968538,4.6419396
CC(=O)OC1=CC=CC=C1OC,10.969393,4.804011
CC1=CC=CC=C1OC(=O)C2=CC=CC=C2O,11.0781,4.6202455
CC(C)OC(=O)C(C)O,9.102788,5.27897
CCC(=O)OCC1=CC=CO1,9.036431,5.724597
CCCC(=O)OCC1=CC=CO1,8.966028,5.6510525
CCSC(=O)C,8.923443,5.5426016
CCCCCCOC=O,8.583089,5.5973635
CCC(=O)OCC1CCCO1,9.163738,3.9640954
CCCC(=O)OC(C)C,8.723961,5.156669
CCCCCCCC(=O)OCCCCC,8.532774,5.4925933
CC1=C(SC=N1)CCOC(=O)C,11.324744,4.564842
CCC1C(=C(C(=O)O1)O)C,10.649655,4.7979593
CC1=CC(=C(C=C1)C=O)O,10.932311,4.7069755
CCCC(CC1=CC=CC=C1)O,10.822831,4.8623257
CCCCCCC1CCCC(=O)O1,8.807409,5.5569754
CC1CCC(=O)C1=O,10.680337,4.7536836
CC(CS)S,8.619778,4.942035
CC(=O)OC1=C(C=C(C=C1)C=O)OC,10.832259,4.83264
CCCCCCC(=O)CC,8.639787,5.530901
CC(=O)C1=CC=CN1C,11.018324,4.6211004
C=CC(CC=O)C1=CC=CC=C1,10.899769,4.783157
C1CSCC1=O,9.191814,4.342492
CCC(=O)C1=CC=CN1,11.093062,4.649544
CSC1=CC=CC=C1O,10.966701,4.6976786
CC(=O)OCC1=CCC2CC1C2(C)C,9.481303,7.954723
CC1=CCOC(C1)C=C(C)C,10.2585745,5.3158283
C=CCOC=O,8.615452,5.72698
CC(C)SCC1=CC=CO1,10.316806,4.7032976
CC1=CCC(C1(C)C)CCO,9.706276,7.0700564
CC(CCC=C(C)C)CC(=O)OC,9.190774,7.0419335
CCCC(CC(=O)OCC)O,8.861282,5.0902166
CCCCCCCCOC(=O)CCCCCCC,8.564877,5.525079
CCCSC(=O)C,8.805598,5.1460238
CC(C)CCOC(=O)CC(=O)C,9.183602,6.5456953
CC(CCC1=CC=CC=C1)O,10.899632,4.7779126
CCCCCCCCCCCCCC(=O)C,8.572036,5.584381
CCCCCCCOC(=O)C(C)C,8.721989,5.4280996
CCCC=CC(=O)OC,8.617527,5.6538334
CCC(=O)OCC=C,8.79956,5.534272
CC1C(=O)C(=C(O1)C)OC,10.632281,4.8316736
COC1=CC=CC=C1OC(=O)CC2=CC=CC=C2,10.981571,4.656279
CC1C(=O)C(=C(O1)C)OC(=O)C,10.4751005,4.977068
C=CCOC(=O)C1=CC=CO1,10.808321,5.170906
C1=CC=C2C(=C1)C=C(O2)C=O,10.764624,4.7229443
CCCCCCCC(=O)OCCCCCCC,8.598583,5.532393
CCCCCC(=O)C=C,8.744559,5.499161
CCOCCC(=O)O,8.455142,5.490582
CC(C)C1=CC=C(C=C1)CC=O,10.941174,4.5820556
CCCCC1C2=CC=CC=C2C(=O)O1,10.852123,4.7669363
CC1=CC(=O)[C@@H](CC1)C(C)C,9.610765,6.877821
CCC(=O)OC1CCCCC1,8.775818,5.193284
CCCCCC(=O)OCCC1=CC=CC=C1,8.78415,5.5462117
CCCCCCCCCCCC(=O)OCCC(C)C,8.578451,5.527368
COC1=C(C=C(C=C1)C=C)OC,10.789632,4.7784595
CC(CCC=C(C)C)CCOCC=O,9.233483,7.0704093
CC(=C(C)C(=O)OCC1=CC=CC=C1)C,10.905133,4.9671335
CCCOC(C)OCCC1=CC=CC=C1,10.5272255,4.8824725
CCCCCCCCC(=O)C(=O)C,8.767132,5.486835
C=CCOC(=O)CCCC1CCCCC1,8.836989,5.483016
C=CCOC(=O)CCCCCC1CCCCC1,8.706875,5.4348006
C=CCOC(=O)CCCCC1CCCCC1,8.752679,5.4879055
CCC(CC)C(=O)OCC=C,8.889407,5.450017
CCCCCCCCC(=O)OCC=C,8.723003,5.6247897
C=CCCCCCCCCC(=O)OCC=C,8.595484,5.614231
CCCCCCC(=O)OCCCCC,8.550549,5.4700847
CCCCC(=O)OCCC(C)CCC=C(C)C,9.218471,6.930399
CCC(=O)OCC1=CC=C(C=C1)OC,10.622701,4.9688964
CCCCC(=O)O[C@@H]1CC2CCC1(C2(C)C)C,9.4138565,6.912743
CCCCCCCC(OC)OC,8.668655,5.40971
CCCCCCCCCCCC(=O)OC1=CC=C(C=C1)C,8.8048525,5.5779977
CCCCCCCC(=O)OC(C)(CCC=C(C)C)C=C,9.251434,6.581578
CC(C)C(=O)OC(C)(C)CCC1=CC=CC=C1,10.793233,4.7782836
CCCC(=O)OC(CC)C1=CC=CC=C1,9.182957,5.3427896
CCC(CC)COC(=O)C,8.761561,5.471859
CCOC(=O)CCC1=CC=CO1,10.554441,5.211937
CCCCCCC#CC(=O)OCC,8.6146755,5.6502433
CCOC(=O)CCCC1=CC=CC=C1,10.850368,4.8052306
CCCCCCC(OC)OC,8.741227,5.282406
CCCCCCOC(=O)CC(C)C,8.788336,5.456637
CCCCCCC1CC(CO1)OC(=O)C,8.788277,5.547749
CC(C)(CC1=CC=CC=C1)OC=O,10.834179,4.736235
CCOC(=O)CCC1CCCCC1,8.841257,5.2022123
C1CC=C(C(=O)C1)O,10.749801,4.740727
CCC(C)(CCC1=CC=CC=C1)O,10.697179,4.888323
CC(CCC1=CC=CC=C1)OC(=O)C,10.756945,4.839509
CC(CCCC(=C)C)CCOC(=O)CC1=CC=CC=C1,9.318663,6.8481774
C1=CC=C(C=C1)CCCCCO,10.931201,4.756624
CCCCCCCCC#CC(=O)OC,8.64704,5.5976133
CC1=CC(=C(O1)C)C(=O)C,10.683048,4.8118863
CCOCC1=CC(=C(C=C1)O)OC,10.87967,4.811053
CCC(=O)CC(=O)C(=O)OCC,8.991639,4.8582826
CCOC(=O)CCSC,8.771778,5.231943
CC1CC(=O)C(=O)C1C,10.498958,5.0894923
CC1CC(C(=O)C1=O)C,10.557917,4.7129765
COC(=O)CCSC,8.802918,5.154277
CC1=C(SC(=N1)C)C,11.2355585,4.408511
CCC(=O)CSC,8.9388685,4.7488437
CC1=CC=C(O1)SC,10.9247465,4.7299094
CC(C)CC(=O)OCC1=CC=CO1,9.187454,5.763266
C1=COC(=C1)CSCC2=CC=CO2,10.680256,4.890575
CC(=O)SCC1=CC=CO1,9.7379,5.2908792
COCC1=CC=CO1,9.974237,4.6272707
CSC(=O)C1=CC=CO1,10.741859,4.850264
CC1=CC=C(S1)C=O,11.048706,4.572555
CC1C(=O)CCS1,10.920539,4.510773
CC(=C)C1CCC(O1)(C)C=C,9.611138,5.406901
CC1=C2C(=CC=C1)N=CC=N2,11.129174,4.512971
CC(=O)OC1[C@]2(CC[C@H](C2)C1(C)C)C,9.360471,7.3870444
CC1=CN=C(C=N1)C(C)C,11.482314,4.322557
CCC1=CC(=C(C(=C1)OC)O)OC,10.737632,4.7175207
CC(C)CC1=CN=CC=C1,10.993544,4.66685
CCCCCC(=O)C1=CC=CO1,8.894048,5.5654273
C=CCCCCCCCC(=O)O,8.55497,5.694361
CC1=CCC(CC1)C(C)(C)OC(=O)C2=CC=CC=C2N,11.126905,4.6372404
CCC(C)C1CCCCC1=O,10.340606,4.981977
CC(=C)C1CCC(=CC1)COC(=O)C,9.777044,6.4541254
CC1=CCC(CC1)C(=C)COC(=O)C,10.446946,5.1203904
CC1=CSC(=N1)C(C)C,11.412965,4.2664394
CCOC1=NC=CS1,11.2687,4.4645524
CCCCOC(=O)C(C)CC,8.778197,5.3736577
CC1=CC(=C(C=C1)C=O)C,10.836906,4.7018933
CCC(CS)S,8.671449,4.9573884
CCCCCCCC1CC=CC(=O)O1,8.807205,5.653929
CCCCCCC1CCCCC(=O)O1,8.804249,5.5365644
CC(CC=O)SC,8.753676,4.507921
CCCCCC=CCCC=O,8.557184,5.617056
CCC(C=O)C1=CC=C(O1)C,10.653377,4.741928
CC(C)CC(=O)OC(C)C,8.886396,5.405071
CCC1=NC=CN=C1C(=O)C,11.344411,4.32747
CC(=O)CCSC,8.915448,4.9843035
CSSSCC=C,8.6699295,5.4329944
CC1=CC2=CC(=O)CCC2CC1,9.802664,8.095347
CC(=O)CCS,8.861161,5.097186
CC(=C1CCC2(C(C1=O)O2)C)C,10.446061,5.424105
C1=CN=C(C=N1)CCS,11.441802,4.363293
CC1=NC=C2CSCC2=N1,11.414414,4.425148
CC1CCC2(O1)C(=CCCC2(C)C)C,9.585844,5.8070507
CC1=CC=CC=C1OC(=O)C(C)C,10.901236,4.702214
CCCCC(=O)OCC1=CC=CO1,8.82381,5.5665164
CC=C(C)C(=O)OCC1=CC=CC=C1,9.646017,6.3199396
CC1=NC=C(S1)OC,11.412825,4.2825327
CC1C2(CCO1)SC3CCOC3(S2)C,9.436125,6.6546583
CCNC1=CC=CC=C1C(=O)OCC,11.167019,4.5277567
CC1CCC(C(=O)C1)C(C)(C)S,10.201945,4.9032116
CCCCCCOC(=O)C1=CC=CO1,8.753107,5.6121945
CCCCCCCC(=O)OCC1=CC=CO1,8.700418,5.6322618
CCN1C=CC=C1C(=O)C,11.033007,4.469376
CC(=O)CCSCCC(=O)C,8.935263,5.362419
CCCCCCCC1CC(OC1=O)C,8.791261,5.5431848
CCC(=O)SCC=C,8.741119,5.337322
CC(=CC(=O)OCCC1=CC=CC=C1)C,9.667189,6.385838
CSCCCC=O,8.683702,5.4675736
CCOC(=O)C1=C(OC=C1)C2=CC=CC=C2,10.98521,4.695157
CC(=O)C1(CCCCC1)OC(=O)C,10.815846,4.7334065
CCOC(=O)C(C)CC=C,8.95007,5.1924562
CCC1=NC(=C(O1)C)C,10.85609,4.629765
CC(C(C)S)O,8.360786,4.796001
CC(C(C)SC(C)C(C)S)O,8.913346,4.725384
CC1=CC=C(C=C1)OC(=O)CC(C)C,10.906218,4.692105
C[C@@H]1CC[C@@H]([C@@H]1C=O)C(=C)C,9.342983,6.2187624
CC(=O)CCC1=CC2=C(C=C1)OCO2,10.594944,5.0171924
CC1(CSC(CS1)(C)O)O,9.064925,5.0339227
CC(C)C1=CCC(CC1)C(=O)O,11.189815,4.512273
CC1=C(C(CC=C1)(C)C)CCC(C)O,10.63393,4.762164
CC(=O)OC12CCCC(C1)(CCC3C2CC3(C)C)C,9.511748,7.9150004
CC1C(CCO1)S,10.286552,4.6677213
CSSCC1=CC=CO1,9.059107,5.5601826
CCC(=O)SCC1=CC=CO1,8.828408,5.5771627
C1=COC(=C1)CSC=O,10.939484,4.6790133
C1=CN=C(C=N1)CS,11.488877,4.39387
CCCCCC(CO)C(=O)C,8.669988,5.351988
CCOC(=O)C(C)C=C=C,10.562711,4.7382736
CCCCC(=O)C(CCC)SC1=C(OC=C1)C,10.050727,4.9029665
CC1=C(C=CO1)SC(C(C)C)C(=O)CC(C)C,10.789648,4.8982673
CCCCCC(=C)C(=O)C,8.814317,5.646739
CC=CCCCCC=O,8.585947,5.6041584
CCC(C(=O)C)S,8.953622,4.4358897
CCCC(=O)OC(C)(CCC=C(C)C)C=C,9.208201,7.0845675
CC(C(=O)O)S,7.942175,4.490356
CCC(=O)OC(C)(C)C1CCC(=CC1)C,10.33773,4.8830175
C1=CC=C(C=C1)CCOC(=O)C2=CC=CC=C2O,11.027753,4.648006
CCOC(=O)C(C(C(=O)OCC)O)O,8.766843,4.576854
CC(=O)OC1CCCCC1C(C)(C)C,9.895253,4.7994857
CC(C1=CC=CC=C1)C(OC)OC,10.533861,4.799747
COC1=C(C=CC(=C1)CO)O,10.889933,4.678698
CC1CCC(OC(=O)C1)C(C)C,9.3048115,5.944988
C[C@@H]1CC[C@H](C[C@H]1O)C(C)C,9.569229,7.753758
CSCCCN=C=S,8.684009,5.03372
COC1=C(C=CC(=C1)CC=C)OC(=O)C2=CC=CC=C2,10.721833,4.7269588
CC1=CC(=O)CC(C1=O)(C)C,10.815218,4.6530805
COC(C1=CC=CC=C1)OC,10.736661,4.705988
CCCCCC1=C(CCC1=O)C,9.036194,5.590035
CC1COC(O1)(C)C,8.994724,5.0677776
CC1=CC=C(C=C1)C(=C)C,11.019831,4.6480794
CC1(C2CCC1([C@H](C2)OC=O)C)C,9.249068,5.237148
CCCC(C)S,8.72376,5.343217
CCCCCOC(=O)CCCC,8.643647,5.4759054
CSSCC=C,8.617561,5.433545
CCCC(=O)SC,8.675213,5.307092
CCC(C)COC(=O)CC(C)C,9.041974,5.8350143
CCCCCCCCC=CC=O,8.600993,5.6153817
C=CC1=CC=C(C=C1)O,10.878522,4.791398
CCC1=CC(=C(C=C1)O)OC,10.926834,4.754133
CCC(CC1=CC=CC=C1)C(=O)OCC,10.910993,4.731505
CCOC(C=C)OCC,8.682074,5.102327
CCC(C(=O)C)O,8.89575,4.558092
C1CC(OC1)CCCC2=CC=CC=C2,9.711247,6.8120155
CC1=C(SC=N1)C,10.988858,4.423265
CCC(=O)C(=O)CC,9.063352,5.2609787
CC(C)OC(=O)CC1=CC=CC=C1,10.859831,4.692036
CCCCCCCCCCCC(=O)OCCCCC,8.573229,5.548431
CCOC(=O)CC(C)O,8.998309,5.700428
CCCCCCOC(=O)C(C)(C)C,8.891995,5.2498217
CC(C)CC(=O)OCCCC1=CC=CC=C1,10.134686,4.9828367
CC(C)C(=O)OCC1=CC2=C(C=C1)OCO2,10.837285,4.9355116
CCCCC1CCCCC(=O)O1,8.721995,5.4805307
CCCCCCCOC(=O)CCC,8.6031275,5.519731
CCCCCCCCOC(=O)C1=CC=CC=C1O,8.894794,5.589493
CC(C)C1=CC=C(C=C1)CCC=O,10.803193,4.690785
CC(C)CC(CC1=CC=CC=C1)O,10.846752,4.728155
CC(C)CC1=NC=CS1,11.201763,4.3033056
CCC1=C(C(=O)CC1)O,10.742081,4.7498384
CC1C(=C(C(=O)O1)O)C,10.705609,4.691616
CCCCOC(C)OCCC1=CC=CC=C1,9.443901,5.338973
CC(=C)C1=NC=CN=C1,11.334516,4.4346185
CCCCC1C(CC(=O)O1)C,9.1665125,5.4117737
CCCCCCCCOC(=O)C1=CC=CO1,8.711354,5.661909
CCCC(C)C(=O)OCC,8.583042,5.540573
CC(C)CC(C(=O)OC)O,9.12684,5.043296
CC(CCC1=CC=CC=C1)C=O,10.9265175,4.636446
CCC1CCC(O1)CC,9.033164,5.5900974
CC1(C2CCC1(C(C2)O)C)C,9.199698,5.3284984
CC(CC1=CC2=C(C=C1)OCO2)C=O,10.809213,4.8964076
CCC(=O)C1=NC=CS1,10.923847,4.615257
CC1=CCC(CC1)(C)C(=O)C,10.538958,4.5819945
CC1SCCSS1,8.60175,5.2672453
CCCC(CCO)SC,8.748683,5.2806244
COC(=O)CCCSC,8.776317,5.238517
CCC1CC(=C(C1=O)O)C,10.567397,4.5849824
C[C@@H]1CC[C@@H]2[C@]13CC[C@@]([C@H](C3)C2(C)C)(C)O,9.494651,7.933612
CC1=CC(=O)[C@@H]2C[C@H]1C2(C)C,9.386953,7.849053
CCC(CC)(C(=O)OCC)C(=O)OCC,9.380241,4.7020454
CC(C(C)OC(=O)C)OC(=O)C,8.801831,5.1120644
CSCC=C,8.760545,5.317096
CCCCC(=O)OCC(C)C,8.780265,5.648449
COC1=CC=CC(=C1OC)C=O,10.923808,4.8126974
CCOC1=CC2=C(C=C1)C(=CC(=O)O2)C,10.620194,4.937542
CCC(=O)OC1=C(CCC1=O)C,9.337173,7.8235726
CC1=CC2=C(C=C1)NCCC2,11.193105,4.561602
CCCCCCCCOC(=O)C1=CC=CC=C1,8.741519,5.6011486
CCCCCCC1=CCCC1=O,8.81581,5.5974135
COC(=O)CO,8.83556,5.2380967
CCCOC(C)OCCC,8.660464,5.426347
CCCCCCC(=O)OCCC(C)C,8.653155,5.5885816
CCCCCCCCCCCCCCCC(=O)OCC(C)C,8.616459,5.5569186
CCOC1=C(C=C(C=C1)C=O)OC,10.8418865,4.881825
CC1=CC(=CC=C1)OC(=O)CC2=CC=CC=C2,10.804908,4.757438
CCCCC(=O)OCCC,8.640473,5.5164366
C1SSCSSS1,8.625065,5.2101793
CC1=CC2=C(C=C1)C(CCC2)(C)C,10.704178,4.756821
CC1=CC[C@@H](CC1)C(=C)CCC=C(C)C,9.312894,7.5419106
C1=COC(=O)C(=C1)O,10.884964,4.7645183
C1=CSC=C1C=O,11.106095,4.639009
C=CCC1=CC=C(C=C1)O,10.816024,4.773882
CC1=CC(=C(C=C1)C(C)C)OC(=O)C,10.781274,4.8702345
C1OC2=C(O1)C=C(C=C2)O,10.82432,4.8167186
CC(C)OC(=O)CC(=O)C,9.005421,5.620479
CC(=CC(=O)C(C)(C)C=C)C,9.296017,7.1536
CC(C)OC(=O)C1=CN=CC=C1,11.180239,4.536887
CC(=O)N1C=CC2=CC=CC=C21,11.182015,4.5616713
CC(=O)C1=CC=CC=C1OC,10.922892,4.670169
C1=CC=C(C=C1)C(=O)NC2=CC=CC=C2C(=O)O,11.152205,4.5478992
CC(C)CN=C=S,8.783701,4.789451
CC(C)(C)C(=O)OC,9.144526,4.873111
CCCOC(=O)C1=CC=CC=C1O,10.729263,4.9185915
COC1=CC=CC=C1CO,10.98088,4.8110514
CCOC(=O)C1=CN=CC=C1,11.201948,4.567034
CC(C)CCOC(=O)C1=CC=CO1,9.099398,5.6507707
CCC(CC)S,8.724945,5.0697803
COC1=CC=NC=C1,11.182933,4.704521
CCCC1=CC=CC=N1,11.168832,4.811781
CCCCCC(=O)CCCC(=O)O,8.590962,5.661533
CCCCCCCOC(=O)CCCCCC,8.617704,5.4678783
CCCCCCCC(=O)OCCC,8.584016,5.564235
CC(=O)CCC(=O)OC,8.877544,5.291703
CC(C)CC[N+](=O)[O-],9.565682,6.4523044
CC(=O)OCCCCOC(=O)C,8.824381,5.5061483
CCCCCN=C=S,8.684619,5.091744
C1=CSC(=C1)CO,11.192202,4.4385247
CC(C)C1=CC=CC=N1,11.070014,4.591852
COC1=CC(=C(C=C1)C=O)O,10.897409,4.7095757
CCCCCCC(OCC)OCC,8.607063,5.422729
CC(C)C1=CC=NC=C1,11.078208,4.579172
C1CCC(CC1)CCC(=O)O,8.78893,4.2471547
CCOC(C1=CC=CC=C1)OCC,10.43604,4.7181067
CC(C(=O)C)C(=O)C,8.248414,4.2278
CCC(CC)C(=O)OC,8.785275,5.399836
CC(C)C(=O)OCC(=C)C,8.883313,5.645157
CC(C)CCOC(=O)CCC(=O)OCCC(C)C,8.962178,5.61861
C=CCCCCO,8.658107,5.848115
CCCCCCCCCCCCCCCCCCOC(=O)C,8.573576,5.598593
CCCCCCCCC1=CC=CS1,8.7758045,5.5176167
CC(=O)OC1CCCC1,8.735369,4.687424
CC(C)(C)C1=CC=C(C=C1)C=O,10.821942,4.7840695
CC(C)(CC1=CC=CC=C1)C=O,10.817275,4.725876
CCCCCCOC(=O)CCCC,8.589494,5.4696827
CC(=O)CC(=O)OCC=C,9.06475,5.3839846
CC(C)C(=O)OC1CCCCC1,8.9696865,4.167538
CCCCCCC1=CC=CC=N1,10.783328,4.8140345
CC1=C(C(=O)CC1)OC(=O)C,10.579554,5.0074415
CC1=CC=C(O1)C(=O)C(=O)C,10.896326,4.7909226
CC(C)COC(CC1=CC=CC=C1)OCC(C)C,9.895537,4.7542653
CCOC1=CC=C(C=C1)C(=O)C,10.905851,4.761066
C[C@]12CCCC(C1CC[C@@]([C@@H]2CC[C@](C)(C=C)O)(C)O)(C)C,9.515376,7.830332
COCC1=CC=C(C=C1)OC,10.781759,4.7577147
CCC1=CC=C(C=C1)OC,10.93071,4.741355
CC(=O)SC,8.743427,4.593513
CCCC1=CC=CS1,10.806238,5.0706167
CCCCC(=O)OC1CCCCC1,8.786828,5.2385464
CCCCC1=CC=CS1,8.853176,5.4027486
CCOC1=CC=C(C=C1)C,10.785934,4.8332214
CCCCCOC(=O)C1=CC=CO1,8.907165,5.564606
CC(=O)OCCCC=C,8.77055,5.5440426
CCCCCC(OC)OC,8.750363,5.347789
CCC=C(C)C(=O)OCC,9.102688,5.491724
COC1=CC=CC=N1,11.121823,4.7756977
CCCC(C)(C)S,9.089796,5.1666336
CCOC1(CCCCC1)OCC,9.245278,5.049855
CCC1=CC=C(O1)C,10.613215,4.973695
CC1=CC=C(C=C1)OC2=CC=CC=C2,11.014117,4.6441026
CCCCCCC1OCC(CO1)O,8.618034,5.723316
CCCOC(=O)CC(=O)C,8.942311,5.2777963
CCC(=O)S,8.585865,5.374859
CCOC(=O)CCC=C,8.782518,5.1731663
CCCCC(=O)OCCC(C)C,8.813205,5.4844494
CCOC1=CC=CC=C1OCC,10.796411,4.8274837
CC(C)CCSSCCC(C)C,8.968521,5.551953
CC(C)(C(=O)OC)O,9.132664,4.776104
C1=CC=C(C=C1)OCC=O,10.90206,4.75151
COC1=CC=C(C=C1)C(OC)OC,10.602965,4.8787546
CC1=CC=C(C=C1)COC(=O)C,10.891906,4.8313456
CCCCCCCCCCCCCCCC(=O)OCCC,8.5545025,5.549094
CC(C)N=C=S,8.926155,4.689545
CCCCCCCCCCOC(=O)CCCCCCC,8.5951185,5.5446916
CCCCCCCCCC(=O)OCCC(C)C,8.6540575,5.6007485
CCCCCCCCCC(=O)OCCCCCCCC,8.556507,5.53335
CCCCCCCCCCCCC(=O)C,8.583546,5.53201
C[C@H](CCC=C(C)C)CC=O,9.23451,7.26125
CCOC(C1=CC=C(C=C1)OC)OCC,10.52297,4.780839
CCOC(C1=CC=C(C=C1)C)OCC,10.815118,4.6751466
C1CCC(CC1)OC(=O)C2=CC=CC=C2,10.620657,4.902576
CCC(=O)SCC,8.739141,5.194419
C=CCSSSSCC=C,8.692629,6.1430774
CCCCCOC(=O)C(C)C,8.8387785,5.32391
CC1=C(C=CS1)S,11.079107,4.570274
CCCCCCCCCOC(=O)CCC,8.636849,5.442371
CC1=NC=CN=C1SC,11.357083,4.4090614
CC1=CN=C(C=N1)OC,11.460709,4.347422
CCC(CC)C(=O)OCC,8.918296,5.0800533
CCC(=O)C1=CC=CO1,10.661175,4.8986096
CC1=CC(=CC(=C1)OC)O,10.904759,4.7886558
C1=CC=C(C=C1)CCCCO,10.982144,4.737638
C=CCCN=C=S,8.646257,5.068956
CC(=O)OC(C)(C)C1=CC=CC=C1,10.817848,4.7003427
CC1=NC=CS1,11.116951,4.510487
CCSSSCC,8.570161,5.31221
C1CCCCCCC(=O)CCCCCC1,8.679194,5.488645
CCCCC(OCC)OCC,8.7933655,5.0204997
CCCCCC(OCC)OCC,8.828566,5.0443583
CCCC(OCC)OCC,8.821732,4.9774475
CCCCCCCCCCCC(=O)OCCC,8.592201,5.568078
CCCCCCCCSC,8.576261,5.4606204
CC(C)COC(=O)CCC(=O)C,8.91228,5.250726
CCOC(=O)COC,8.772555,5.139093
CC1=CC=CC=C1SSC2=CC=CC=C2C,10.969079,4.7601476
CSCCCN,8.50057,5.14489
C(C=O)S,8.70869,4.484128
CC1=CN=C(S1)C,11.217895,4.4577675
C=CC1=NC=CN=C1,10.965253,4.531947
CCCCCCCCC1=CC=CO1,8.782173,5.499952
CCCC1=CC=CO1,10.111578,4.7022247
CC(C)SSC(C)C,8.89442,4.9709
CCCCCCN=C=S,8.63773,5.2806377
C1=CC=C(C=C1)CCS,10.998455,4.6495147
CCC(C)N=C=S,8.880656,4.7805357
CSCCCCN=C=S,8.777176,4.892571
CCOC(=O)CSC,8.867597,4.936134
CCCCCC(=O)CCC,8.647986,5.532856
CCCCCC=CC=CC(=O)OC,8.62843,5.6664586
CC1=CC=C(C=C1)CS,10.9510565,4.621671
CCCC1=CN=CC=C1,10.876307,4.530043
CC1=CC(=C(C(=C1C(=O)OC)O)C)O,10.760052,4.888921
CCCCCCOC,8.609961,5.52712
CCCCC1=CC=CC=N1,10.80195,4.8007693
CCOC1=CC=C(C=C1)OC,10.747456,4.8722267
CC(=C)CCOC(=O)C,9.174915,7.3366404
CSCCO,8.658758,5.3276043
CCCCC(=O)OC1CC(CCC1C(C)C)C,8.933621,5.3804007
CC1=C(C(=O)C(CC1)C(C)C)O,10.707545,4.720499
CC1(C2CC3C1(C3C2)C)C,9.796305,7.1780467
CCC(C)OC=O,8.839996,5.6700172
CCC(C(=O)C)C(=O)OCC,8.9558935,4.7947564
CC(C)CCN=C=S,8.857863,4.7705646
CC1=CSC=C1C,10.673907,4.7487707
COC1CCC(O1)OC,9.044462,5.496744
CCCCOC(C)OCCCC,8.728966,5.4074025
C(CCS)CS,8.582461,4.741736
CCCCCCCCC(=O)OCCCCCCCC,8.562125,5.5420327
CCCCOC(=O)C1=CC(=C(C=C1)O)OC,10.79121,4.884874
COCC1=CC=C(C=C1)O,10.794201,4.8001623
COC1=CC=C(C=C1)CCCO,10.950775,4.650335
CC1(COC(OC1)(C)C2=CC=CC=C2)C,10.572854,4.784623
CC(C)COC(=O)CCCCCCCCC=C,8.75179,5.6509185
CC(C)COC(=O)COC1=CC=CC=C1,10.778885,4.798382
CCCCCCCCCCOC=O,8.610304,5.5845
CCCCCCCOC(=O)CCCC,8.655229,5.4743357
CCCCC(=O)OCCCC1=CC=CC=C1,9.047001,5.6305814
CCCCCCC(=O)OCCC1=CC=CC=C1,8.826721,5.622584
CCCCCCCCCCOC(=O)C(C)C,8.635733,5.480868
CCCCCCCCCCCOC(=O)CCC,8.630428,5.4625845
CCCCCCCC(=O)OCC(C)C,8.678298,5.4902225
CCC(=O)C1=CC(=C(C(=C1)OC)O)OC,10.93252,4.739581
COC1=CC=CC(=C1OC)CO,10.678445,4.917034
CC(C)COC(C)OCC(C)C,9.04527,5.8370333
COC1=CC=C(C=C1)CC=O,10.927125,4.724172
C1CC=NC1,10.959729,4.3176074
CCCCOC1=CC=C(C=C1)C=O,10.6412325,4.9066277
CSSSSC,8.622362,5.1808457
CC1=C(SC=C1)C=O,10.8526325,4.6517086
CCCCCC(C)OC(=O)C,8.876299,5.446278
CSC(=O)C1=CC=CC=C1,11.03866,4.857721
CC(C)SSSC(C)C,8.969779,4.9973283
CC(C)CSSCC(C)C,9.179049,6.1276307
CCOC1=CC=C(C=C1)CO,10.860588,4.712165
CC(=O)OC1CCCCCCCCCCC1,8.713687,5.49678
CCCCCCCCCCCCOC(=O)CC,8.610516,5.556809
CCCCCC(=O)OC1CCCCC1,8.585307,5.5052004
C1=CSC(=C1)CS,11.098757,4.5765815
CC(C)C(=O)OCC1=CC=CO1,9.155016,5.606972
CCOCC1=CC=CO1,8.875351,5.6026
CCOC(CC1=CC=CC=C1)OCC,10.561287,4.8154454
CCCCC(=O)OCC=C,8.7174015,5.696898
CC1=C(C=C(C=C1)C(C)C)OC,10.815934,4.7586823
CC1=C(C=C(C=C1)C(C)C)OC(=O)C,10.607845,5.0540657
CCCCCOCC1=CC=CC=C1,8.925421,5.4907346
CCOC(=O)CC1(OCCO1)C,9.082216,5.2108207
CCCCCCCCC(=O)OCC1=CC=CC=C1,8.678729,5.5801334
CCCCCCCCC(=O)OCCC,8.573598,5.5538163
CCCCCCCCC(=O)OCCCCCC,8.561797,5.526031
CCCCCC(=O)OCC1=CC=C(C=C1)OC,8.904282,5.5908527
CC1=CC(=C(C=C1)OC)C,10.799427,4.909227
C[C@@H](CCCC(=C)C)CCO,9.0200815,5.7182927
CC(=O)CCC(=O)OCC1=CC=CC=C1,10.7897625,4.781861
CCCCCCCOC(=O)CCCCC,8.624197,5.4954863
CCOC(=O)C1=CC=CC=C1OC,11.022688,4.8873634
CCCCCCCC=CC(=O)OC,8.534786,5.7293425
CCCC(=O)OCCCC1=CC=CC=C1,8.852205,5.572812
CC(=O)CC(C)(C)C1=CC=CC=C1,10.704795,4.871474
CCCCC(=O)OCCC1=CC=CC=C1,8.851713,5.5668736
C1=CSC=C1S,11.199779,4.6161866
C[C@@]12CC[C@@H](C1)C(C2=O)(C)C,9.566449,7.202487
CN(C)C1=CC=CC=C1C(=O)OC,11.284533,4.7572026
C1=CC=C(C=C1)CCOC(=O)CCO,10.92763,4.621198
CC(C)CC(CC(C)C)OC(=O)C,9.134402,5.670858
CCCCCCCC(=O)OCC1=CC=CC=C1,8.823425,5.5761943
CCCCC(=O)OCC1=CC=CC=C1,8.888445,5.526199
CCC(=O)OC1CCC(CC1)C(C)(C)C,9.732131,5.445919
CCCCC(=O)OC1=CC=C(C=C1)C,10.073191,5.211532
CCCCCCCCCC(=O)OCCCCCC,8.561401,5.547793
CCOC(=O)CCCCCCCCCCC(=O)OCC,8.596353,5.5088334
CCCCOC1=CC2=CC=CC=C2C=C1,10.935035,4.790645
CCC(=O)C1=CC=C(O1)C,10.6828985,4.915005
CCCCCOC(C)OCCCCC,8.645371,5.497882
CC(C)CCOC(C)OCCC(C)C,9.241929,6.4777565
CC(C)COC(=O)C(=O)C,9.043289,5.370836
CC(C)CCCC(C)(C)O,9.282834,6.702858
CC(C)CC(OCC(C)C)OCC(C)C,9.173596,5.541086
CCOCCOCCC(C)C,8.77958,5.453455
CCOC(C1=CC=CO1)OCC,9.594612,4.9175043
CC1=C(SC=C1)C(=O)C,10.956214,4.803681
CC1=CC=C(S1)C(=O)C,11.0220995,4.6358027
CCCC=CC(=O)CC,8.708941,5.6295996
CSSC1=CC=CC=C1,10.964545,4.638377
CCCCCCCCCCCCCC(=O)OCCC,8.538592,5.5859513
CCCC(=O)OC1=CC=C(C=C1)C,10.714017,4.899184
CCCCCCCCCCCC(OC)OC,8.577183,5.6008635
CC1=C(OC=C1)CC=C(C)C,10.443429,5.2596602
CCC1=NC=CS1,11.293856,4.671836
CC(C)C(=O)OCC=C,8.910651,5.4849243
CCC1=CN=C(S1)CC,11.293082,4.344784
CCCC1=NC=CN=C1C,11.047856,4.6790304
CCCCCCCCOC(=O)CC(=O)C,8.745179,5.524268
CC(=O)OCCCSC,8.694318,5.162618
CCCC(=O)OCCCSC,8.595584,5.564741
CCOC(CCSC)OCC,8.844308,5.0334673
COC(=O)CSC,8.780188,5.0399437
CC1C(=O)C=C(O1)C,10.64396,4.87018
CC1=CCC(CC1)C(C)(C)OC,9.945835,5.3224607
CCOC(C(C)C1=CC=CC=C1)OCC,10.711728,4.708625
CCCCCC(=O)OCC(CC)CCCC,8.679662,5.472758
CC(CC(=O)O)SC,8.016462,4.401857
CCCCCC(C)C=O,8.754365,5.5351815
CCC1(CC(=O)C(=C(C1C)C)C)C,10.581954,4.9186544
CCCCCCC=CC(=O)OCC,8.622386,5.6179967
CCC(=O)OC1CC2CC1C3C2C=CC3,9.882456,7.300617
CC1C2CC(C1=O)CC2(C)C,9.620851,7.5412874
CC1COC(O1)CC(C)C,9.282803,6.4081154
CCC(C)OC(=O)C(C)O,8.944795,5.0326505
CCC(C)(CCC=C(C)C)O,9.266234,6.9509053
CCC(C)CCCC(C)(C)O,9.278817,6.414268
CC1=CCC(CC1)C(C)CO,9.850664,6.785931
CCC(C)CC(CC)O,8.824962,5.6430836
CCC(CCC(C)C)O,9.071123,5.8802443
CCCCCC1COCCC1OC(=O)C,8.698061,5.4565253
COC(=O)C1C(O1)C2=CC=CC=C2,10.812851,4.7075744
CC(C)CCOC(=O)C(C)O,9.086788,6.0553265
CC1=CC(=CC=C1)COC(=O)C,10.97475,4.7123632
CC1=CC=CC=C1COC(=O)C,11.000191,4.7364388
CCOC1=CC=CC=C1OC,10.7688265,4.9910693
CCCC1=NC=CS1,9.057487,5.083809
C=CCCCN=C=S,8.684,5.038027
CCCC1=NC=CN=C1,8.988857,4.996771
CCCCC(=O)OC(C)C,8.746716,5.43006
CCCCCCCC=CCO,8.575332,5.610814
CCSCCCO,8.56249,5.5105724
CCCCCCC1=CC=CS1,8.813465,5.396656
CCCCCCCCC(OC)OC,8.682414,5.4492345
CCC=CCCC(=O)C,8.875042,5.8140206
CC(CCC=C(C)C)OC(=O)C,9.233778,6.7631016
CC(=O)CC(C)(C)S,9.084397,5.825747
CC1=CCCC(C1=O)(C)C,10.580097,4.555663
CCC(=O)C(OCC)OCC,8.931406,4.6693187
CCCCCOC(=O)CCC(=O)C,8.817849,5.416652
CCCCCCOC(=O)CC,8.629382,5.4397173
CCC(=O)OC(C)(C)C,8.991157,4.9336066
CCC(=O)OCC(=C)C,8.977073,5.911712
CC(C)OC(=O)CCC(=O)C,8.737852,5.0481215
CCCCCC(CC)OC(=O)CCC,8.703115,5.400679
CC(C)C1=CC(C(CC1)(C)C=C)C(=C)C,10.121108,4.2926693
CCCC(CC(=O)OC)OC(=O)C,8.88216,5.487235
CCCC(CC(=O)OCC)OC(=O)C,8.852291,5.2711596
CCCCCC1C=CC(=O)O1,8.787789,5.686871
CCCCCCC(C=C)O,8.715206,5.532769
CC(=O)CC(=O)OCCOC,8.9625225,5.3200755
CCCC(=O)OCCOC1=CC=CC=C1,9.078151,5.647711
CC(OCC1=CC=CC=C1)OCC2=CC=CC=C2,11.043713,4.8193836
CCC(=O)C1=C(C=CO1)C,10.782505,4.7472663
CC(C)CC(=O)SC,9.038802,4.9980083
C1=CC=C(C=C1)CCCOC(=O)C2=CC=CC=C2O,10.917086,4.740574
CCCCCC(CCO)O,8.61635,5.529678
CC(CC(=O)O)CC(C)(C)C,8.54305,4.335294
CCOC(=O)C(C)SSC,8.843753,4.7310133
CC1(C2CCC(C1C2)(C)S)C,9.599946,6.8508134
CCCCCC(C(=O)C)C(=O)OCC,8.829483,5.171892
CCCCCCCCC(C(=O)C)C(=O)OCC,8.765907,5.4728017
CCCCCCCCCCCCCC(=O)OCC(C)C,8.58934,5.6099286
CC(=O)C1CCCC(C1)(C)C,10.70081,4.416789
CCOC(C)OC(C)C,9.005551,5.6646595
CC(=C)C1CCC2(C(C1)O2)C,9.503186,5.9205146
CC1(C2CC1C3(C(C2)O3)C)C,9.496176,7.518614
CC(C)(CCCC1=CCC(CC1)C=O)O,9.143055,5.804996
CCC(C)C(=O)OCC1=CC=CC=C1,10.787336,4.67171
CCCCCCCOC(=O)CC(C)C,8.760009,5.4691057
CC(C)CCOCCC1=CC=CC=C1,10.660081,4.9064083
CC(=CCC(C)(C=C)C=O)C,9.279833,6.843121
CCC=CC=CC=CC=O,8.680773,5.554079
CC(=C)[C@@H]1C[C@@H](CC[C@@]1(C)C=C)C(C)(C)O,9.289629,7.75809
CCC1OCC(O1)C,9.060496,5.946852
CC(C)CC(=O)OC(C)C1=CC=CC=C1,10.75391,4.768025
CCCCC(CC)COC(=O)CCS,8.698505,5.3855495
CC(C)CC(C(=O)O)O,8.205341,4.4105453
CC(C)C1CCC(=O)C=C1,9.6086035,7.8838654
CC(C)COC(=O)C(C)O,9.159416,5.529943
CCCOC(=O)C(C)O,9.085661,5.399884
CC(=O)OC[C@H]([C@H]([C@@H]([C@H](C=O)OC(=O)C)OC(=O)C)OC(=O)C)OC(=O)C,8.7753725,7.0458865
CC(=O)O[C@@H]1C[C@@H]2CC[C@]1(C2(C)C)C,9.30765,7.8260813
CC1(C2CCC3(C1C2)CO3)C,6.318848,8.14119
C[C@@H]1CC[C@H]([C@H]2[C@]13[C@@H]2C(=C)CC3)C(C)C,9.324207,7.9858465
CCC1=C(C(=O)C(O1)C)O,10.337314,4.8754454
CC(=CCCC1=CCC(CC1)C=O)C,8.968944,5.5044513
CSCSSC,8.605326,5.277172
CC1C=C(CCC1C=O)C,10.198709,5.0313783
COC1=C(C=CC(=C1)CC=C)OCC2=CC=CC=C2,10.741078,4.819495
CCCCCC=CC(=O)OCCCC,8.614708,5.6087146
CCCC1C=CC(=O)O1,8.943769,5.6046615
CCOCC1=CC=C(C=C1)O,10.703392,4.862914
CCCCCCCCCC(=O)OCC=C,8.604936,5.5886674
CC1CCC2(O1)C(CCCC2(C)OC(=O)C)(C)C,9.517749,7.483295
CCCCCC1CC1C(=O)O,8.749338,5.624437
CCCCCCCCC(=O)OCCC1=CC=CC=C1,8.792591,5.579185
CC1COC(O1)C2=CC=C(C=C2)C,10.607492,4.79586
CCCC(=O)OC1CC2(CC[C@@H]1C2(C)C)C,9.55078,7.2267294
CC1=CCCC(C1C=O)(C)C,10.536755,4.791558
CC(=CCCC1(C2CC3C1(C3C2)C)C)C,9.720572,7.175684
C[C@@H]1CC[C@H]2[C@@H]1C3[C@H](C3(C)C)CC[C@]2(C)O,9.486562,8.058173
CC(COC(=O)C)O,8.789274,5.314698
CC[C@H](C)[C@H](C(=O)O)N,7.7425876,4.3739624
CC(=C)C1CCC(C(C1)O)(C)O,9.714197,4.1513114
CCCCCCCC=CC(=O)O,8.61707,5.6438417
CC(CO)C=C,8.884365,5.076002
CCCCC(CC)COC(=O)C1=CC=CC=C1,8.836921,5.5077357
CCCCCCCC(=O)OCC(C)OC(=O)CCCCCCC,8.638037,5.588861
CC1CCC2=C(C(=O)OC2C1)C,9.497969,7.883436
CCCCCCCC(=O)CCC1=CC(=C(C=C1)O)OC,8.995601,5.542632
C[C@@H](C(=O)OC)O,9.122848,4.6558013
CCCCCCCCCCCC(=O)OCCCCCC,8.489907,5.540695
C[C@@H]1CC[C@H]([C@@H](C1)OC(=O)C)C(=C)C,9.235468,7.4279966
CC1=CC(=C(C=C1)COC(=O)C)C,10.704901,4.885251
CCCC(=O)OC(C)C1CCCCC1,9.045096,5.084333
CCCCCCC1OC(C(O1)C)C,8.761327,5.4925294
CCCCOC(=O)COC(=O)CCC,8.745728,5.3319817
CCCOC(=O)C1=CC=CC=C1N,11.118019,4.5274825
COC1=CC(=CC(=C1O)C2=C(C(=CC(=C2)C=O)OC)O)C=O,10.760387,4.777629
CCOC(C1=CC2=C(C=C1)OCO2)OCC,10.418446,4.914274
CC1CC(OC(O1)CC2=CC=CC=C2)(C)C,10.441478,4.9463286
CC1OCC(O1)CO,9.116202,5.92507
CCCC(C)CC(=O)O,8.423753,5.396861
CCCCOC(=O)CC(C(=O)OCCCC)O,8.823718,5.335507
CCOC(=O)CC1(OCC(O1)C)C,9.255012,5.139987
C1CC(OC1)COC(=O)CC2=CC=CC=C2,10.493939,4.9101677
CCCCCCCCCC1OCC(O1)C,8.561426,5.643203
CCCCC(CC)COC(=O)CC,8.695354,5.470478
CCCCC(C(=O)C)C(=O)OCC,8.986738,4.889446
CC(C)CCCC(C)CCCC(=O)C,9.238112,7.0223775
CCCCOC(=O)C(C)CCC,8.778186,5.3905087
CCCCCOC(=O)C(C)CCC,8.789717,5.394134
CCCCC(CC)COC=O,8.68295,5.5540786
CCCCCCCCC1OCC(O1)C,8.592073,5.6989293
CC1=CC=C(C=C1)CC(C)C=O,10.8796625,4.7234282
CCC(C(=O)CC)O,8.927708,4.920562
CC1COC(O1)CC2=CC=CC=C2,10.440609,4.9194975
CC1CC=C(CC1C=O)C,9.61829,7.798813
CCCCCCCCCCCCCC(=O)OCCC(C)C,8.586498,5.5893483
CCCCCOC(=O)CC(C)C,8.7691,5.4095893
COC(CCC1=CC=CC=C1)OC,10.77898,4.6827273
CCCCCCCCCC=CC(=O)O,8.632451,5.612124
C1CCC(CC1)OC(=O)CC2=CC=CC=C2,10.65338,5.033624
CC1COC(O1)C2=CC=CO2,9.209491,6.3310895
CCCCCC1C(CC(=O)O1)C,8.923085,5.54752
CCCCCCC=CC(=O)O,8.606976,5.6713405
CCCCCCCCCCCCC1CCC(=O)O1,8.648395,5.642386
CC(C1OCCO1)C2=CC=CC=C2,10.797468,4.7248163
CCCCCC(C)OC(=O)CCCCC,8.699934,5.5159903
CCC(C)COC(=O)C(C)C,8.913813,5.5689836
CCOC(C)OC(=O)C,8.846467,5.3077273
CCCCCCC(C)OC(=O)C,8.761451,5.550726
CC(COC(=O)CC1=CC=CC=C1)O,10.920812,4.725088
CC(C(=O)OCC1=CC=CC=C1)O,10.989359,4.591208
CC1COC(O1)C2=CC=C(C=C2)OC,10.484533,4.823368
CCC1(OCC(O1)C)C,9.1328745,4.7063894
CC(CCCC(C)(C)O)CC=NC1=CC=CC=C1C(=O)OC,10.704684,4.7377777
CCCC1OCC(O1)C,8.949218,5.948213
C=CCSCC(C(=O)O)N,8.008797,4.221
CC1CCOC1=O,9.931388,4.800658
C1C(SCC(S1)O)O,8.739102,4.9469857
CC(CCCC(C)C=O)CCC=C(C)C,9.214549,7.045172
CC1COC(O1)C(C)C,9.184202,5.937463
CC(=O)C1CCCC1=O,10.403844,4.7281075
CC(=O)OC1CC2CC1C3C2CC=C3,9.792939,7.4133334
CCCCCOC(=O)CC1=CC=CC=C1,9.012084,5.5069394
CCCSCC=C,8.674794,5.951069
C1=CC=C(C=C1)C(=O)C(O)O,11.047889,4.53223
CCOC(=O)C(C)C1=CC=CC=C1,10.990149,4.6918263
CC(=C)C1CC2C(O2)(C(=O)C1)C,10.362392,5.04119
CCCOC1=NC(=CN=C1)C,11.19615,4.2553873
CCCCCOC(=O)C1=CC=CC=C1N,11.014389,4.680047
CC(C(=O)O)SC,8.270495,4.160338
CC1COC(O1)CCSC,9.189072,5.7716475
C1CCCCCC(CCCCC1)OC=O,8.723145,5.3816175
CC(C)C1=CC=C(C=C1)COC(=O)C,10.7768345,4.820717
CC1=NC=CN=C1SCC2=CC=CO2,11.448269,4.464679
CC1=CN=C(C=N1)SCC2=CC=CO2,11.416187,4.472967
CC1=CN=CC(=N1)SCC2=CC=CO2,11.421882,4.4616466
CCCC1CCOC(S1)C,8.825169,5.437208
CC(C)C(=O)OC(C)(C)CC1=CC=CC=C1,10.756521,4.738922
CCCCC(=O)OCC(C)O,8.734586,5.409958
CC1(CCCC(C1=O)(C)O)C,9.56986,4.26605
CC1COC(O1)C2=CC3=C(C=C2)OCO3,9.913335,6.5829067
CCCCCOC(=O)C(C)O,8.790855,5.342211
C1OC2=C(O1)C=C(C=C2)COC=O,10.396778,4.9498763
C1CCC(CC1)OC(=O)C2=CC=CC=C2O,10.798646,4.9294205
CCCCCCCCCCCC(=O)OCC(C)C,8.543316,5.5491853
CCCCCCCCCC(OCC)OCC,8.708398,5.3941483
CCCCCCCC(OCC)OCC,8.707378,5.33638
CCOC(=O)C1=CC=CC=C1NC,11.062408,4.636309
CCC(C)(C(=O)OCC)O,9.0893955,4.551182
CC1CC(C=C(C2C1CC(=C(C)C)C2)C)O,10.32844,5.3192587
CC(OCCC1=CC=CC=C1)OCCC2=CC=CC=C2,10.803426,4.6993694
CC(=O)OCCC1=CCC2CC1C2(C)C,9.550519,8.044111
C[C@H](CCC=C(C)C)CCO,9.29701,7.4784145
CC1=CC[C@H](C[C@H]1OC(=O)C)C(=C)C,9.149154,7.555679
CCCCC(CC)C(=O)OC,8.609535,5.5382776
CCCCCCC(C)CO,8.698684,5.523813
CC(CCC=C(C)C)CC(OC)OC,9.229716,6.9234
CCCCC(C)C=O,8.782936,5.520738
CC1(CCC(=O)O1)C=C,10.371604,4.9072185
CC(=O)OC1CC2CC(C1=C)C2(C)C,10.336457,5.156807
CC1(CCC=C2C13CCC(C3)C2(C)C)C,9.653504,7.330657
CC1CCC(C(C1)OC(=O)CC2=CC=CC=C2)C(C)C,10.588448,4.711278
CC1=CC(C(CC1)C(C)C)OC(=O)C,10.579948,5.115719
CC(CCCC(=O)C)CCC=C(C)C,9.227583,7.0315294
CC(=CCCC(C)(C1CO1)O)C,9.171985,6.03227
CC1CCC(C(C1)OC)C(C)C,10.173824,4.150958
CC1(C2CC1C(=C)C(C2)O)C,9.325988,5.43127
CC1=CC(C(CC1)C=O)(C)C,9.733325,3.9296398
CC1CCC(C(C1)OC=O)C(C)C,9.707607,5.069219
CC(C(C)(OC)OC)O,8.882802,4.5329356
CCC(C)SC(=O)CC(C)C,9.128566,4.202032
CCC(C)COC(=O)CC,8.732898,5.497921
CCC(C)C(=O)OCC(C)C,8.890815,5.2816243
CCCCCCC1C=CC(=O)O1,8.734471,5.676356
CCC(=O)C(C)CC=C(C)C,9.266511,7.176789
CCCC(C)C(=O)C,8.802654,5.476089
CCOC(C)OCCC1=CC=CC=C1,10.637305,4.917222
CCCCCC(=O)OCC(C)CC,8.788807,5.54713
CCCCCC1C(CCC1=O)CC(=O)OC,8.860821,5.618935
CCCCC(CC)C(=O)OCC,8.6426525,5.5079007
CC1C(OC(O1)C)C,8.898396,5.2115192
CCC1CCCC(=O)O1,8.813914,5.549261
CC1COC(O1)C,9.022014,5.716696
CCCCCC(=O)OC(C)C1=CC=CC=C1,8.921734,5.4291635
C[C@H](C1=CC=CC=C1)N(C)C,10.998862,4.6848574
CCC(=O)OCCCCCCC(C)C,8.710022,5.5175776
CC1=CCCC(C1C(C)CCC=O)(C)C,9.598328,6.759896
CCOCC1=NC=CN=C1,11.342683,4.4615393
CCC(C)COC(=O)C1=CC=CC=C1,10.6946,4.729854
CCOC(=O)C1C(O1)C2=CC=C(C=C2)C,10.7895565,4.6743536
CC(C(=O)C)SC,8.8846245,4.234337
CC1CC(C=C2C1(CC(CC2)C(=C)C)C)O,10.389378,4.6997595
CC(CCCC(C)(C)OC(=O)C)C=C,9.217712,6.545482
CC(C(=O)OC)S,10.969853,4.4777327
CCCCCCCCCCOC(=O)CCCCC,8.606107,5.49214
CCCCCCCCCCC(OC)OC,8.632185,5.531886
CCOC1=NC(=CN=C1)C,11.516995,4.4043036
CCCCCCCCCOC(=O)CC,8.606735,5.5546017
CCCCCCCCCCC(OCC)OCC,8.6281805,5.457824
CCCCCCCCCCCC(OCC)OCC,8.59709,5.4505734
CCCCCCCCOCC=O,8.577991,5.5467553
CC1=C(SC(=N1)CC(C)C)C,11.785177,4.5163317
CCCC1=NC(=C(O1)C)C,11.560654,4.7120333
CC1=CN=C(C(=N1)C)C(=O)C,11.328719,4.2541304
CCOCC1=CC=CC=C1OC,10.503724,5.139927
CC1=C(C(CCC1=O)(C)C)CCC=C,10.531217,4.961071
CCC1=CC=C(C=C1)CC(C)(C)C=O,10.5757475,4.8810554
CC(C)(C)C(=O)OCCC1=CC=CC=C1,10.729443,4.655763
CCC(=O)OC(C)(C)CC1=CC=CC=C1,10.499191,4.8299356
CCCC(=O)OC1=C(OC=CC1=O)C,9.586685,5.7410364
CCOC(CCCCCC(C)C)OCC,8.700435,5.426998
CC(C)C1=NC=CN=C1SC,11.392869,4.5220757
CC(C)(C=O)SSC,8.893764,4.3272614
CCC1=CN=C(C=N1)OC,11.392384,4.272698
CC(C)CCOC(=O)CC(C(=O)OCCC(C)C)S,8.795697,5.029802
CC(CCOC=O)CC(C)(C)C,9.209313,5.963045
CC(C)CCOCC(=O)OCC=C,8.791652,5.3521495
CCC(C)COCC(=O)OCC=C,8.831819,5.4203777
CCCCCCC1C(CC(=O)O1)C,8.83519,5.5542836
CC(=CCC(C)(C)C(OC)OC)C,9.8537655,4.9069185
CCCCCCCCCC(C)C(OCC)OCC,8.688185,5.4460063
CC(CCCC(C)(C)O)CC(N1C=CC2=CC=CC=C21)N3C=CC4=CC=CC=C43,11.006389,4.585738
CC1CC(CC(C1)(C)C)OC(=O)C,9.564862,5.4858427
CCC1(C(C2CCC1(C2)C)(C)C)O,9.118778,5.601193
CCCCCOC(=O)C(C)CC,8.822113,5.2721043
CC1CCC2C13CC(C2(C)C)C(=C(C3)C(=O)C)C,9.649831,7.9439073
CC1CCC(CC2=C1CCC2C)C(=C)C,9.571966,7.5863233
CC(CS)C(=O)OC,8.457631,4.566378
CC1CC(OC(O1)C)(C)C2=CC=CC=C2,10.189762,5.3357787
CC1=CC(=O)[C@H](CC1)C(C)C,10.646854,5.20192
CCCCCCOC(C)OCC,8.648739,5.6419454
CC(=C)C1C(C(CCC1(C)C=C)COC(=O)C)(C)C,9.4990225,6.4725556
CC1N=C(CS1)C,11.075883,4.335306
CCCCCCC(CC)OC(=O)C,8.700601,5.3469157
CCCCCCCCC=CC=CC=O,8.602828,5.592104
CCCCCCCCC(OCC)OCC,8.6528015,5.4456244
CC1=CC(=C(O1)C)SC(=O)C,10.883791,4.931445
CC1=C(C=CO1)SC(=O)C,10.7736845,4.864524
C1=CC=C(C=C1)CCCOC(=O)CCC2=CC=CC=C2,10.858886,4.6382256
CCCCCCCCCC(=O)OCCCCCCC,8.600347,5.5590115
CCCCCCCCC(=O)OCCCCC,8.586083,5.5368896
CCCCCCCCCC(C)C(OC)OC,8.645641,5.574248
CC(C)CCCC(C)CCOC=O,9.275546,6.9308224
CC1COC(O1)(C)CCC=C(C)C,9.294555,6.985468
CC1CCC(C(C1)OC(=O)C(C)C)C(C)C,9.816575,4.939082
CC1CCC2CC1SC2(C)C,9.507198,7.778331
CC1CCC(C(C1)C)CO,9.478217,4.51371
CC1COC(O1)C2=CC(=C(C=C2)O)OC,10.438349,4.8778806
CCOC1=C(C=CC(=C1)C2OCC(O2)C)O,10.385836,4.9284244
CC(CCC=C(C)C)CCOC(=O)C1=CC=CC=C1N,9.377854,6.5920897
CCCCCC(=O)OC1=CC=C(C=C1)C,9.7814045,5.286149
CCCC(=O)OC1=C(CCC1=O)C,9.376769,6.71278
CC(=CCOC=O)C,8.929468,5.5256643
CCC(=O)OC1=C(OC=CC1=O)C,9.534485,6.0024276
CC1(C2CCC(C2)(C1OC=O)C)C,9.703117,6.580281
CC1=CC=C2C(CCCC2(O1)C)(C)C,10.484685,4.9143276
CCCCC(C)OC(=O)C,8.804518,5.5738807
CC(C)CCCC(C)CC=O,9.224921,7.0441175
CCCC(=O)OC1CC(CCC1C(C)C)C,9.025929,5.4980454
CCCCCC(=O)OC1CC(CCC1C(C)C)C,8.835796,5.4437304
CC1(C2CCC(C1C2)CS)C,9.691761,6.864467
CCOC(C)OCC(C)C,8.967935,5.666183
CCCCC(CC)CS,8.693512,5.3642507
CCCCCC(CC(=O)OCC)O,8.608784,5.6108193
CCCCCCCCCCCC1CCCC(=O)O1,8.651874,5.552485
CCCCCCCCC1CCCC(=O)O1,8.682192,5.5936284
CC1=CCC(CC1)C(C)(C)OC(=O)C,10.136973,5.0783215
CC(C)CC(=O)OCCC(C)CCC=C(C)C,9.24563,7.073307
CC(C)CCCCCCC(=O)O,8.5658,5.603444
CC(=O)CCO,8.932812,5.31197
C=CCOC(=O)COC1CCCCC1,8.890174,5.2275596
CC(C)CC(=O)OCC1=CC=C(C=C1)O,10.842123,4.7581434
CCC(=O)OCC(C)OC(=O)CC,8.834864,5.415861
CCOC(=O)C(CC(C)C)O,8.857691,4.7393117
CCCCC(=O)OC(C)(CCC=C(C)C)C=C,9.20871,7.0120716
CC(C)CCCCCCCOC(=O)C,8.727062,5.4935794
CCOC(CCCCC(C)C)OCC,8.809065,5.3584313
CCC(C)COC(=O)CC1=CC=CC=C1,10.826374,4.617766
CC(CCCC(C)(C)OC)C=O,8.922833,4.7911143
CCC=CCCC1CCC(=O)O1,8.820276,5.763654
CCCCCCC(CCOC(=O)C)OC(=O)C,8.899993,5.674477
CCCCCCCCCC(=O)OCCC1=CC=CC=C1,8.658109,5.558992
COCC1=NC=CN=C1,11.218172,4.5075665
CCC(C)COC(=O)C=C(C)C,9.257426,6.6114945
CC1CC(CO1)(C)C2=CC=CC=C2,10.275663,5.15861
CCCCCC(=O)OCCC(C)CCC=C(C)C,9.205052,6.9719424
CCCCCCC1CCCC1=O,8.793596,5.5197883
CCCCCOC(C)OCC,8.641527,5.434978
CCCCCCCCCCCC=CC=O,8.576123,5.6205373
CC(C)C(=O)OCC1=CC=C(C=C1)OC,10.697748,4.811946
CCC(=O)OCC(C)O,8.944012,5.744622
CCOC(C)(C)C1CCC(=CC1)C,10.018846,4.790984
CCOC(=O)CCC(C)C,8.852519,5.359905
CCCCCC1=CCCC1=O,8.871872,5.5529013
CCC(=O)NC1=CC=CC=C1C(=O)OC,11.437029,4.4346657
CCCCC(OC)OC,8.776013,5.1656623
CC1=CC(C2CC1C2(C)C)OC(=O)C,9.540881,7.8882155
CC(C)C1=CC=C(C=C1)C(C)C=O,10.706992,4.7927275
CCC(C)SC(=O)C=C(C)C,9.279461,6.934748
CCOC(=O)C1C(=CC=CC1(C)C)C,10.85332,4.6819973
CCC(C)COC=O,8.854276,5.8768682
CCCC(CCCC(=O)OCC)OC(=O)C,8.812951,5.393412
CCCC(C=C)OC(=O)C,8.85167,5.2815576
CCCCCCOC(CCCCC)OCCCCCC,8.698049,5.4624257
CC(C)CC(=O)SC(C)C,8.962814,4.3239017
CC(C)SC(=O)C=C(C)C,9.290035,6.9210873
CCC(C)(C)SSC(C)(C)CC,9.198318,4.801096
CC(=O)CCCCCCC=C,8.686295,5.544326
CC(C)CCN=CCC(C)C,9.139377,6.1318874
CC(=O)CCCCCCCC=C,8.649825,5.6247687
CC1CCC2C13CC(C2(C)C)C(=C)C(C3)O,9.658041,7.985494
CC1=C(C(=O)C(CO1)O)O,9.923524,4.6613884
CC(=O)OCC1CCC2CC1C2(C)C,9.5175905,7.90293
CCCCCCCCC(=O)OC(C)C,8.64678,5.508483
CCCCCCCCCCCCOC=O,8.599186,5.572115
CC1=CC2=C(C=C1)OCC(=O)CO2,10.69818,5.04009
CCO[C@H]1[C@@H]([C@H]([C@@H]([C@H](O1)CO)O)O)O,8.120233,5.6213007
CC1=CC2=C(C=C1)C(CC=C2)(C)C,10.587919,4.8056307
CCC1=C(OC(=N1)C)C,10.313719,4.5062346
CCCC(=O)CC(=O)OC,8.790788,5.443883
CC1CC(=O)C=C1C,9.541483,7.946668
CC1(C2CC1C(=C)C(=O)C2)C,9.691985,7.2995267
CC1=CC=CCC1,10.893143,4.9071236
CCCCCCCCCC(=O)OCC(C)C,8.618691,5.566183
CCCCCCCCCC(=O)OCCC,8.573388,5.5835524
CC(=O)OC1(CCCCC1)C,9.114576,5.2546334
CCCCCCC(C(=O)C)C(=O)OCC,8.845659,5.3334413
CC1=CCC(CC1OC=O)C(=C)C,10.536248,5.0400853
CSCS,8.592941,5.228578
CCSC1=CC=CC=C1O,11.164938,4.5739484
CCCC(=O)OCC(C)O,8.932851,5.5367594
CC(C)[C@H]1CC[C@@](C=C1)(C)O,9.388446,7.670302
CCC=CCC=CC=CC=C,8.649756,5.55219
CCOC1=NC=CN=C1C,11.228735,4.5179415
CCSSC,8.613621,5.317414
CCC1=CC=CC=C1C=O,10.98235,4.6214
C=CCCCCCCCCCC(=O)O,8.539682,5.7445674
C/C=C(\C)/C(=O)O,9.217976,6.8715563
CC(C1CCCCC1)O,10.081338,3.9749515
CC1=CN=CS1,11.242714,4.5007076
CC(C)OC(C)OC(C)C,8.785615,5.1418343
CCOC(C)(C1=CC=CC=C1)OCC,10.601349,4.7200375
CCCC(OC)OC,8.975982,4.692499
CCC=S,8.663323,5.1707954
CCCOC(=O)C(C)(C)C,8.841686,5.142869
CCCCOC(=O)C(C)(C)C,8.842692,5.1209297
CCCC(=O)C(=O)CCC,9.020119,5.3757815
C(S)S,8.499337,5.0206275
CCSC(C)SCC,8.785005,5.06583
CCCC(C)CC=O,9.155128,6.649671
CC1CCCCCCCCCCCCC(=O)O1,8.698349,5.556078
CC(C1=CC=CC=C1)S,10.868574,4.714988
CC(=O)CC(=O)OCC1=CC=CC=C1,10.632477,4.8228836
CC=CSC,8.693115,5.336157
CC(C)CC(OC)OC,8.995689,5.4969974
CC1=CC(=C(O1)C)SC,11.118953,4.983535
CC(=CCS)C,8.793865,4.8971844
CCCC1NCCS1,8.786522,5.0736623
CCCCCCCCCCCCC=CC=O,8.5906925,5.560883
CCCC(CC(=O)O)O,8.369014,5.242142
CCCCCCCCCCCCCC=CC(=O)O,8.528083,5.5519085
CC(CS)C(=O)O,7.8869176,4.491814
CC(C=O)C1CCC(O1)(C)C=C,9.395598,5.2555795
CC(=C)C1CCC(C=C1)(C)O,10.282709,4.782666
CC(C)[C@@H]1CC[C@@]2([C@H]1[C@@H]3C(=C)CC[C@@H]2S3)C,9.398043,7.880015
CCCCC1OCC(O1)C,8.678683,5.6493673
CCC(C)(CCC1=CC=CC=C1)OC(=O)C,10.598326,4.8169026
CCCCC=CCC(=O)OCC,8.627274,5.6277714
CCCCC1COCC(C1OC(=O)C)C,9.246451,5.656597
CCOC(C)OC(C)(CCC=C(C)C)C=C,9.24332,6.976258
CCCOC(=O)C(C)CC,8.821279,5.270177
C=CCCCCCCCC=O,8.611708,5.6492405
CC1(CCC=C2C1CCC(C2)(C)O)C,9.719456,7.035208
COC(=O)C1=CC=CC=C1NC=O,11.197538,4.671833
CCC(C)COC(=O)C1=CC=CC=C1O,10.743273,4.9121337
CCCC(=O)OCC(C)CC,8.88907,5.734165
CCC1(C2(CCCC1(CC2)C)C)O,9.072386,5.567769
CCCC(C)COC(=O)C(C)CCC,8.778829,5.483771
CCC(C)C(C(=O)O)O,8.086028,4.533624
CSCCCCCCN=C=S,8.689786,4.924554
CC(=CCOC(=O)C=C(C)C)C,9.2618,6.9768987
CCCCCCCCCCOC(=O)CC(C)C,8.685888,5.5259457
CC(=O)C1=NCCS1,10.916495,4.649643
CCCCCCCCC(=O)OCC(C)C,8.593173,5.56916
CC(CCCC(=C)C)CO,8.780159,5.399702
CCC1=CC=C(S1)C=O,10.898173,4.6904187
CC(=CCCC(C)(C=C)S)C,9.14012,5.482665
CCCCCCCCCCCCCC(=O)OCCCCCC,8.606688,5.5848384
CCCC(=O)OCC(C)OC(=O)CCC,8.7973795,5.3366404
CCCCCCCC(C=C)O,8.671634,5.557627
CCCCCC(=O)OCSC,8.698461,5.4863353
CCCCCC(=O)OCC=C(C)C,9.067831,5.926496
CC(C)C(=O)OCC=C(C)C,9.250023,6.803485
CC(C)C(=O)O[C@@H]1C[C@H]2CC[C@@]1(C2(C)C)C,9.382267,7.6899204
CC1C2CC(C2(C)C)CC1S,9.828477,7.123915
CCOC1=NC=CN=C1C(C)C,11.646753,4.1262074
CCOC(C)(CCC=C(C)C)C=C,9.253045,6.6356
CCCCCCCOCC(=O)CO,8.636817,5.501992
CCC1=NC=CN=C1SC,11.206207,4.5657754
CCCCCCCC(CCCC(=O)OCC(CO)O)O,8.515478,5.5844975
CC1CC[C@H](C(=O)C1)C(C)(C)OC(=S)C,8.991708,5.3615108
CCCCCCC(=O)C=C,8.677317,5.6276574
CCC=CC=CC(=O)C,8.780357,5.6208744
C=CCCCCN=C=S,8.693446,5.121627
CC(C)CC1OC(OC(O1)CC(C)C)CC(C)C,9.075108,6.202663
CSCCCCCN=C=S,8.717583,4.986168
CCCCCC(=O)OCC=CC,8.692886,5.6632557
CCCCCC(OCCC(C)C)OCCC(C)C,8.873732,5.646158
CCCCCC(OCCCC)OCCCC,8.824091,5.3029866
CN1CCNC2=CC=CC=C21,11.100191,4.6247673
CC1=CCC(CC1OC(=O)CC(C)C)C(=C)C,9.265132,7.02434
CCCCOC(C1=CC=CC=C1)OCCCC,9.024727,5.229219
CC(C)CC(=O)CC1=CC=CC=C1,10.867491,4.6708646
CCCC(C(=O)CCC)O,8.97979,4.8436394
C[C@@H]1CC[C@H]([C@@H](C1)OC(=O)C)C(C)C,9.620015,5.65472
CCCOC(=O)CCC(=O)C,8.835484,5.2454586
CCOC(=O)C(C)OC(=O)C,8.985727,4.846427
C1CCC(CC1)CCOC=O,8.945865,5.0901637
CCCCCC(=O)OCCCC1=CC=CC=C1,8.852745,5.597422
CCC(=O)OCCC1CCCCC1,8.768482,5.1880155
CCC(=O)O[C@@H]1C[C@@H](CC[C@H]1C(C)C)C,9.351959,7.538211
CCCOC(=O)CC1=CC=CC=C1,10.820085,4.7627263
CCOC1=CC=CC=C1C(=O)OCC,10.9212675,4.746019
CC1C(OC(O1)C2=CC=C(C=C2)OC)C,10.454657,4.9470015
CCCCCCOC(=O)CC1=CC=CC=C1,8.971291,5.469334
CCCCOC(=O)C(C)OC(=O)C,8.927937,5.2945485
CC1C(OC(O1)C2=CC3=C(C=C2)OCO3)C,9.786677,6.8776116
CC(=O)CSCC1=CC=CO1,9.242294,5.4145093
COC1=CC(=CC(=C1O)OC)CC=C,10.926062,4.791565
CCCC(C)C(=O)OCC(C)C,9.013411,4.5527654
CCCC(C)C(=O)OCCC(C)C,8.908747,5.2685833
CCCCCCOC(=O)C(C)CCC,8.778602,5.331876
CC(C)CCCOC(=O)C1=CC=CC=C1,10.734802,4.9324727
CCCCCCOC(=O)C(CC)CC,8.798074,5.363173
CC(=O)CC(OC)OC,9.1062565,4.8352313
CC(=O)CC1=CC=CO1,10.448187,5.0327272
CCCC(=O)C1=CC=CO1,10.426343,4.8739743
CC(=C)CCC(=O)C,9.229288,5.4342384
CCCCCCCCCOC=O,8.611546,5.5512133
CCCCCCCCOC(=O)CC(C)C,8.703875,5.5069513
CC(CC1=CC=C(C=C1)C(C)(C)C)C=O,10.727085,4.7775455
CCCCCCCCCCC1OCC(O1)C,8.643371,5.5290036
CCCCCCC(=O)OCCC,8.618941,5.5581174
CCCCCCCCCCOC(=O)CC,8.643569,5.509433
CCCCCCCCCCOC(=O)CCC,8.5797,5.4933553
CCCCCCCC(=O)OCCC1=CC=CC=C1,8.737792,5.5190954
CC1C(OC(O1)CC2=CC=CC=C2)C,10.474175,4.8009953
C[C@@]12CC[C@H](C1(C)C)CC2=O,9.510612,8.168618
CCCCC(=O)C1=CC=CO1,9.216396,5.320295
C1CCCCCCCOC(=O)CCCCCC1,8.644285,5.5120583
CC1COC(O1)C(C)C2=CC=CC=C2,10.369136,4.942548
C1=C(OC(=C1)C=O)CO,10.942749,4.8027062
CCCCCC1=CN=CC=C1,10.908575,4.7150183
CCCC(=O)CC(=O)OCC,9.0184355,5.041008
C[C@H]1CC[C@H](CC2=C1CC[C@@H]2C)C(C)(C)OC(=O)C,9.433259,8.074867
CC(CCC=C(C)C)CO,9.234777,6.955244
CC1=CC(=C(C(=C1)OC)O)OC,10.968899,4.7257705
CCCCC(C)OC(=O)CCC,8.830068,5.380778
CCCC(=O)OCC1=CC=C(C=C1)OC,10.337745,5.10845
CCCCCCCCCCCCOC(=O)C(C)C,8.664955,5.4479656
CCCC(=O)OC1CCCCC1,8.774669,5.0833917
CCCCCCCCCCCCOC(=O)CC(C)C,8.68341,5.5241666
CCCC(=O)OCCCCCCCCCC=C,8.603768,5.66831
CCCC(=O)O[C@H]1C[C@H]2CC[C@]1(C2(C)C)C,9.527255,7.607842
CCCCCCCCCCCCOC(=O)CCC,8.626212,5.5066214
CCCCCC(=O)CC,8.752796,5.389381
CCOC(=O)C(CC1=CC=CC=C1)C(=O)C,10.9052725,4.662623
CC(=O)O[C@H]1C[C@H]2CC[C@]1(C2(C)C)C,9.312627,7.8991213
C(CCCCS)CCCCS,8.680368,5.0204563
CC(CCCC(C)(C)O)CCO,9.032641,5.6638603
C/C=C(\C)/C(=O)OCC1=CC=CC=C1,9.37586,6.868547
CCCOC(=O)CCC1CCCCC1,8.781646,5.286258
CC(=CCCC(C)(C=C)OC(=O)CC1=CC=CC=C1)C,9.347513,6.725584
CCCC(=O)OCC(=C)C,8.906765,5.422561
C1=CC=C(C=C1)CCOC(=O)C2=CC=CO2,10.908215,4.7389927
CCCCC(C1=CC=CC=C1)C(=O)OCC,10.816699,4.732103
C1=CC=NC(=C1)CS,11.129637,4.403525
C1=COC(=C1)COCC2=CC=CO2,10.720619,4.850692
CCOC(=O)C1=CC=CC=C1NC(=O)C,11.283934,4.515782
CCCC(=O)CCCC(=O)O,8.657504,5.516983
COC(=O)CCCC1=CC=CC=C1,10.827878,4.798881
CCCCCCC1(CCC(=O)O1)C,8.88204,5.598711
CC(C)CC(=O)OC1CCCCC1,8.802905,5.3323345
CC1CCC=C2C1(CC(CC2)C(=C)C)C,10.252287,5.200156
CC1(CCCC2(C3C1C(C2=C)CC3)C)C,9.571253,7.2771482
CCCC(C)(C)SSC(C)(C)CCC,9.060468,4.906172
COC(=O)C1=CC=CC=C1NC(=O)CC2=CC=CC=C2,11.132019,4.6059685
CC(C)C1CCC2(C1C3C2CCC3=C)C,9.671789,7.891902
CC1=CC[C@H](C[C@H]1O)C(=C)C,9.277608,7.535144
CSCCCC(=O)N,8.400729,4.693842
C1=CC=C(C=C1)CCCOC(=O)C2=CC=CC=C2,11.00354,4.5851283
CC(C1=CC=CC=C1)OC=O,10.95343,4.6328416
C1=CC=C(C=C1)C(=O)OCCOC2=CC=CC=C2,11.03412,4.6705375
CCCCCCCCOCC1=CC=CC=C1,8.705938,5.5026245
COC1=CC=CC(=C1O)CC=C,10.920677,4.7449126
CC(C)CCOC(=O)C1=CC=CC=C1N,11.208888,4.6704254
CC(C)C(=O)OCCC1CCCCC1,8.823698,5.1339197
CCCCCCC(OCCCC)OCCCC,8.722155,5.369104
CCCCCC(=O)OCC(C)OC(=O)CCCCC,8.740059,5.4982004
CC1=CC(=O)C(=C(C)C)CC1,9.29372,7.271568
CCOC(=O)/C=C/C,8.74419,6.1881313
CC(CCC=C(C)CCC=C(C)C)CCO,9.214235,7.012631
CC1=CC[C@H](CC1)C(=C)C,9.317201,7.605205
C[C@@H]1CC[C@H]([C@H](C1)O)C(C)C,10.069898,4.323806
CC1(C2CCC1([C@H](C2)O)C)C,9.911746,4.5823517
C[C@]12CC[C@H](C1)C([C@H]2O)(C)C,9.485425,6.397893
CC(C)[C@]12CC[C@@]([C@@H]1C2)(C)O,9.524881,7.166543
CC1=CC[C@@H](CC1)C(=C)C,9.446578,7.3292446
CC(=C)[C@@H]1CCC2(C(C1)O2)C,9.371862,7.176702
CCCCC[C@H]1CCC(=O)O1,8.822785,5.9024997
CCCCCCC[C@H]1CCC(=O)O1,8.779942,5.950689
CC1=CC[C@H](CC1)[C@](C)(CCC=C(C)C)O,9.289691,7.771228
C[C@@H]1CC[C@@H]2[C@]13CC=C(C(C3)C2(C)C)C,9.671299,7.7263565
CC1=CCC2C3C1[C@@]2(CCC3C(C)C)C,9.5123205,8.119955
C[C@H]1CCC2([C@@]3(C1CC(C2(C)C)CC3)C)O,9.4673395,7.9232025
CC1=CC[C@@]2(CCCC([C@]23[C@H]1C3)(C)C)C,9.552199,7.8316965
C[C@@H]1CCC2=C(C1)OC=C2C,9.476297,7.9636693
CC1=CC[C@@H](C=C1)C(C)C,9.811714,5.5640554
CC(C)[C@@H]1CCC(=C)C=C1,9.334518,7.180376
C[C@@H]1CCC(=C(C)C)C(=O)C1,9.333326,7.6198997
CC1=CC[C@@H](CC1)C(C)(C)O,9.321793,7.580356
C[C@H]1CC[C@@H](C(=O)C1)C(C)C,10.091844,5.223451
C[C@@H]1CC[C@@H](C[C@H]1O)C(=C)C,9.36009,7.5738564
C(/C(=C\C(=O)O)/C(=O)O)C(=O)O,8.06581,4.355231
C(=C\C(=O)O)\C(=O)O,11.534608,5.5075827
C1=CC=C(C=C1)/C=C/C(=O)O,11.655401,5.3431363
C(=C/C(=O)O)\C(=O)O,11.504545,5.3166304
CC(=CCC/C(=C/CC/C(=C/CO)/C)/C)C,9.199987,7.162718
C/C=C/C=O,10.317428,5.7498546
CCCCCC(=O)/C=C/C,8.695423,5.958154
C1=CC=C(C=C1)CCCC2=CC=CC=N2,10.769921,4.666901
CCCCC1=NC2=CC=CC=C2C=C1,11.089094,4.554667
C/C=C/CCO,8.774613,6.1660542
CCCCCCCCCOC(=O)C(C)C,8.665262,5.5321097
CCCOC(=O)CC(=O)OCCC,8.882629,5.2468905
CCCCCCC(=O)OCCCCCC,8.562623,5.513567
CC1(C2CCC1(C(C2)OC=O)C)C,9.16818,4.6205745
CCCC(CCOC(=O)C)S,8.7149515,5.202296
CSCC1=CC=CO1,10.452225,4.756786
CCCC=CC(=O)OCC,8.606176,5.634737
CCCCCCCC(CC)O,8.613224,5.495814
CCC=CC(=O)OC,8.64616,5.634894
CCCCCCCCC=CC(=O)O,8.616167,5.622453
CC1=C(C(CCC1)(C)C)CCC(=O)C,10.28415,4.5843177
CCOC(C(C)C)OCC,8.836791,5.054742
CCC=CSC,8.647547,5.414146
CCC(C)C1=NC=CS1,11.375151,4.315098
CCOC(=O)C(C)S,8.878828,4.9263697
CCC1=CN=C(S1)C,11.20572,4.375899
CCSCC1=CC=CO1,8.947153,5.463594
CC(C)C(=O)OC1=CC=CC=C1,10.680385,4.688854
CCCCCCOC(=O)C(C)O,8.755276,5.431506
CC(C)CCOC(=O)C(C)C,8.914391,5.577405
CSCCCCO,8.59079,5.4574304
CC(C)C(C)S,8.97942,5.015059
CCCC(C)C(=O)OC,8.579491,5.4086385
CSC1=NC=CN=C1,11.23923,4.465232
CCC(C)C1=NC=CN=C1OC,11.33539,4.48896
CC(=O)C1=NC=CS1,11.059524,4.5549
CC(CCS)S,8.773328,4.7921796
CC(=O)CS,8.829854,5.0244684
CCC(C)C(=O)OCCC1=CC=CC=C1,10.636103,4.8711243
CC1=CC(=C(S1)C)C(=O)C,10.99992,4.660524
CC(=O)C1=CCCCN1,10.678978,4.6289268
CCCCCCC(C)(C)S,8.7140875,5.3745327
CCCCCCCCCC1CCCC(=O)O1,8.731525,5.5587225
CC(=O)C1=NCCCC1,10.799124,4.66626
CCC(C)C(=O)OCCC(C)C,8.860525,5.354582
CC1=CN=CC(=N1)OC,11.377572,4.3179054
CC1=CN=CC(=N1)SC,11.210047,4.2208185
CCCCCCCCOC(=O)C(C)CC,8.675649,5.477152
CCC1=CSC(=N1)C,11.399823,4.2952237
CCCCCCC=COC(=O)C,8.719155,5.5519996
CC1CC(=O)CO1,10.2603035,4.7620063
CC(C)(CCO)S,8.958316,5.222732
CC1=C(SC(=N1)C)C(=O)C,11.854648,4.634042
CC1=CC=C(O1)CO,10.734312,4.738453
CCC1=CC=C(S1)C,10.764141,4.849629
CCCC1=NC(=C(S1)C)C,11.028647,4.387361
CCCCCC(CC)OC(=O)C,8.716126,5.40589
CCC(=O)CO,8.865948,5.4521604
CC1(C2CCC(C1C2)CO)C,9.57842,6.7353983
CC(C)COC(=O)C(C)(C)C,8.846939,4.9949627
CCCCCCCCOC(=O)CCCCCC,8.58355,5.4880323
CCCC(CCO)S,8.631002,5.2120757
CCC1=C(SC=N1)C,11.060242,4.4543695
CCCCC1=CC=C(S1)CC,10.668717,4.8584323
CCCCC(=O)OCC(C)CC,8.779339,5.431175
CCCCSSC,8.560466,5.3221984
CCCCCC(C)S,8.661607,5.458617
CCCCSSCC,8.532523,5.3422227
CCCC(=O)CO,8.854112,5.521923
CC(C)COC(=O)C1=CC=CC=C1NC,10.969977,4.6010365
CCC(C)C(=O)OC(C)C,8.9170685,4.9614363
CCOC(=O)CCCCCCCC=C,8.589481,5.562898
CC(C)CSSC,8.785981,4.964462
CC(=O)CC1=NC=CN=C1,11.115894,4.5244617
CC(C)CCOC(=O)CCC(=O)C,8.979686,5.5182767
CCCCCCCCC(=O)OCCCCCCC,8.600998,5.5407147
CCCCSSCCC,8.589218,5.4019413
CCCCCSSC,8.60935,5.406555
C1=CSC(=C1)S,11.135814,4.6827183
CCCCCCCCC(=O)OCCC(C)C,8.65133,5.572577
CC(C)COC(=O)CC(=O)C,9.047503,5.400361
C1=CC=C(C=C1)COC(=O)C2=CC=CC=C2N,11.12654,4.622819
CCC1=NC(=C(S1)C)C,11.195235,4.420341
CCOC(=O)CCC(C)(OCC)OCC,8.897092,4.543858
CCCOC(=O)C(=O)C,8.8687935,5.1999297
CC(=O)C1CCSS1,9.094993,4.5586395
CCCCCOC(=O)CC(=O)OCCCCC,8.806535,5.3262577
CCCC1=CC(=C(C(=C1)OC)O)OC,10.8467245,4.871082
CSSSSCC=C,8.615347,5.336691
CCCSSSCC=C,8.655047,5.3684115
CCSSSC,8.574813,5.2880654
CC(S)SC,8.65502,4.9103894
CCC(=O)OC1CCCCCCCCCCC1,8.676808,5.4984827
CC(C)(CCOC)S,9.09254,4.495392
CC(C)(CCOC=O)S,8.672784,4.962307
C1=COC(=C1)CCC2=CC=CO2,10.602315,4.962567
CC1=C(C=CO1)SSCC2=CC=CO2,10.661893,4.875464
CC1=C(C=CO1)SSC2=C(OC=C2)C,10.8263445,4.906343
CC1=CCC(CC1)C(=C)CO,10.455141,4.790212
CCOC1=C(C=CC(=C1)C(C)C)C,10.772194,4.6717396
CCCCCCCC(=O)OCCC(C)CCC=C(C)C,9.20685,6.961035
CC(CC(=O)C)S,8.578508,4.5495796
CC1=CCC(CC1)(C(=C)C)O,10.616094,4.819043
CCC(CS)C=O,8.6542845,4.748668
CC(C)CCC(=O)OC(C)C,8.823118,5.4927287
CCCOC(=O)CCC(C)C,8.868633,5.3736553
CCCCCCC(CC)C(=O)OC,8.598977,5.5914865
CC1=CN=C(C=N1)SC,11.342586,4.3092194
CCCCCCC1=NC=CN=C1OC,10.885603,4.697052
CCCC1=NC=CN=C1OC,11.252703,4.5348797
CC1NC(SC(N1)C)C,9.27795,4.6925626
CCC1=C(C(=O)CC1C)O,10.807064,4.8910985
CCCSSSSC,8.573493,5.3005934
CC=CSSSC,8.649892,5.4221125
CC(C)C1SC(SS1)C(C)C,9.606393,5.2568436
CC1NC(SC(S1)CC(C)C)C,10.11694,4.479412
CCCCCC(CC(=O)OCC)OC(=O)C,8.795044,5.537763
CCCCCC(CC(=O)OC)OC(=O)C,8.753933,5.569658
CC(=C)C1=CC(=NC=C1)C(=O)C,10.950392,4.675178
CC(=C)C1=NC=CC(=C1)C(=O)C,11.029806,4.5356474
CC1(CC2C3CCCC(C2C1)(C3O)C)C,9.737279,7.2331505
CCCCCC(C)OC(=O)CCC,8.7313795,5.3905554
CCCC=CC(=O)OCC(C)C,8.812183,5.556359
CCC(=O)C(C)S,9.002006,4.981118
CC1CSSS1,8.66024,5.3137126
CC=CSSCC=C,8.774643,5.342453
CC(=O)CCC(=O)OCC=C,9.027864,5.6409254
COC1=C(C=CC(=C1)CCC=O)O,10.921474,4.809468
CCCCCCOC(=O)CCC(C)C,8.763627,5.507992
CC1CCC2=NC(=CN=C12)C,11.09854,4.4810767
CC1=CC=CC=C1OC(=O)CC2=CC=CC=C2,10.765203,4.7671413
CC(C)CCSSC,8.781272,5.400347
CC(C)CC=NCCC1=CC=CC=C1,10.863719,4.785172
CCCCCC(=O)OCCC(CCC)S,8.681839,5.4560375
CC(=O)OCCCCC=C,8.726346,5.620388
CCCCC(CC)OC(=O)C,8.719281,5.3364487
CC(C)CCOC(=O)C(=O)C,9.023301,5.3463387
CCCC(CCOC(=O)CCC)S,8.804233,5.0458465
CC(C)CCOC(=O)CCC1=CC=CO1,8.992331,5.7589607
CCOC(=O)CCCCCC=C,8.715134,5.539443
CCC(C)C(=O)C(=O)OC,10.183862,4.521639
CC(C)COC(C(C)C)OCC(C)C,9.042205,5.766343
CCCCCCCCOC(=O)C(C)(C)C,8.760901,5.267095
CCCCCCCOC(=O)C(C)CC,8.709,5.394328
CC(C(C)S)S,8.668544,4.6822214
CCCCCOC(=O)CCSC,8.68575,5.2761993
CCCCCCCCC(C(=O)OC)O,8.554025,5.6772404
CC(C=C(C)CCC=C(C)C)OC(=O)C,9.201224,6.9695477
CCCCC(CS)O,8.593465,5.3796744
CCCCC(C(=O)OC)O,8.78358,5.4698415
CCCCCCCCCC(=O)OCCCCC,8.620231,5.545228
CCCCCCCCCC(=O)OC(C)CCC,8.707283,5.6011004
CCCC(=O)OCC1CCCO1,8.919522,4.6536236
CCCCOC(C)OCC,8.6640215,5.5436096
CCCSC=CC,8.66856,5.32547
C1=COC(=C1)COC=O,10.795434,4.6601753
CCOC(=O)CCSCC1=CC=CO1,8.892821,5.6464953
CC1CCC(C(C1)O)C(C)(C)O,9.648674,4.7902865
CCCCCC(=O)OCC1=CC=CO1,8.828927,5.561608
CCCCCCC(=O)OCC1=CC=CO1,8.775224,5.5856843
CCCCCCCC1OCC(O1)C,8.723908,5.5012774
CCC(C)CC(=O)OCC,8.7248955,5.497754
CCC(C(=O)OC)SC,10.804443,4.441299
CCCCC(=S)OC,8.670586,5.298698
CCCCCCCCCC(=O)OCC1=CC=CC=C1,8.719476,5.5747027
C=CCC(C=O)C1=CC=CC=C1,11.002807,4.590802
CCCCCCCCCOC(=O)CC1=CC=CC=C1,8.795694,5.539167
CCCCCC(=O)OC(C)(CCC=C(C)C)C=C,9.234374,6.9570622
CC1CCC(C(C1)OC(=O)CC(C)C)C(C)C,9.199472,5.936968
CCC(C)C(OCC)OCC,8.852039,4.6131496
CCCC(=O)OC(C)C1=CC=CC=C1,10.636668,4.837778
CC(C)OC(=O)C1=CC=CC=C1NC,11.170659,4.5546174
CCCCCCC(=O)OC1=CC=C(C=C1)C,8.872229,5.442647
CCCCC(=O)C1=CC=CS1,9.026254,5.333968
CC1=CSC(=N1)CC(C)C,11.558301,4.219378
CCCCOC(=O)C=CCCC,8.681257,5.529873
CCCCCCCCCOC(=O)CCCCC,8.602628,5.5365624
CC1=C(C(CC=C1)(C)C)CCC(=O)C,10.351382,4.7474747
CCOC(=S)C1=CC=CC=C1,11.087944,4.7530975
CCCC(=O)OC(C)(C)C1CCC(=CC1)C,9.417942,5.659519
CC1=CN=C(C(=N1)C)CC(C)C,11.235368,4.1713195
CC1=C(C(CCC1)(C)C)CCC(C)O,10.529159,4.9103637
CCN1C=CC=C1C=O,10.9324465,4.61371
CC1=CC(=C(O1)C(=O)C)C,10.750852,4.693747
CCCCCCCC(=O)OC(C)CCC,8.657552,5.5878954
CC1=CCC(CC1)C(C)(C)OC(=O)CC(C)C,9.551506,5.4366536
CCCCCCCCCOC(=O)CCCCCCC,8.574971,5.566509
C1CSSSS1,8.645719,5.2016654
CC1COC(O1)C2=CC=CC=C2,10.823613,4.70822
CC(C)(C)C1=CC=C(C=C1)CC(=O)OC,10.816324,4.6204605
CC/C=C/CC/C=C/C=O,8.664477,6.2270017
C/C=C/C(=O)O,8.798115,6.3771973
C[C@@H](CCC[C@@H](C)CCC/C(=C/COC(=O)C)/C)CCCC(C)C,9.22845,7.351823
C1=CC=C(C=C1)/C=C/C=O,11.411659,5.098726
CCCCCCCC/C=C/CCCCCCCC(=O)O,8.603408,5.805711
COC(=O)/C=C/C1=CC=CC=C1,11.311039,5.599761
CCCCCCOC(=O)/C(=C/C)/C,8.8994,5.9099474
C/C=C/C1=CC=C(C=C1)OC,11.348526,5.020286
C/C=C/C=C/C=O,8.705192,6.188089
CC(=CCC/C(=C/CO)/C)C,9.214729,7.039642
CCOC(=O)/C=C/C1=CC=CC=C1,11.181948,5.273429
CC(=O)/C=C/C1=CC=CC=C1,11.139443,5.122428
C/C=C/C1=CC(=C(C=C1)OC)OC,11.154148,4.966658
CC(=CCC/C(=C/C=O)/C)C,9.206672,7.0430207
CC1=C(C(CCC1)(C)C)/C=C/C(=O)C,9.489937,6.7682824
C1CCN(CC1)C(=O)/C=C/C=C/C2=CC3=C(C=C2)OCO3,11.8219385,5.376137
CC/C=C/C(=O)O,8.674733,6.215369
C/C=C/C(=O)OC,8.731132,6.232651
CCOC(=O)/C=C/C(=O)OCC,9.174398,6.021654
CCCC/C=C/CC,8.654319,5.9849176
CC(=CCC/C(=C/CC/C(=C/COC(=O)C)/C)/C)C,9.186769,7.0928464
CC[C@@H](C)CN,8.386377,4.8351493
C/C=C/CCCO,8.735116,6.188062
C/C=C/C=C/CO,8.784983,6.385232
COC1=CC=C(C=C1)/C=C/C=O,11.179403,5.2213597
COC1=CC=CC=C1/C=C/C=O,11.228567,5.1840925
C=CCOC(=O)/C=C/C1=CC=CC=C1,9.018839,6.417455
CC(C)/C=C/C(=O)O,8.908834,6.3960624
CC1=CC(=C(O1)C)SSC2=C(OC(=C2)C)C,10.967551,4.8199377
CC/C=C/CC=O,8.745233,6.2336245
C/C=C/C=C/C(=O)O,8.745611,6.3373795
CC/C=C\CC/C=C/C=O,8.739424,6.314061
CC(=CCC/C(=C\C=O)/C)C,9.223528,7.025976
C/C=C\CO,8.721763,6.245405
CC(=CCC/C(=C\CO)/C)C,9.169642,7.1037803
C/C=C(/C)\C(=O)O,11.553183,5.87127
CC/C=C\CC=O,8.692993,6.1497626
CCOC(=O)C(C)C(C)O,9.072843,5.2620354
C1=CC=C2C(=C1)NC(=S)S2,11.536455,4.3437243
CCOC(=O)/C=C/C1=CC=CO1,11.385381,5.81624
COC1=CC=CC=C1/C=C/C(=O)O,11.212824,5.5880637
CC(=O)/C=C/C1=CC=CO1,9.380824,6.687693
COC1=C(C=CC(=C1)[C@@H](C(=O)O)O)O,10.894911,4.707966
CC(=O)/C=C/C1=CC=C(C=C1)OC,11.097688,5.1508183
CC(C)COC(=O)/C=C/C1=CC=CC=C1,11.2029915,5.4328527
C/C=C/C1=CC(=C(C=C1)OC(=O)C)OC,10.990299,5.126861
C1=CC=C2C=C(C=CC2=C1)NC(=O)CSCC3=NC4=CC=CC=C4N3,11.208042,4.5878773
C[C@]12CC[C@H](C1)C(C2=O)(C)C,9.489546,7.0734744
C[C@H]1CC[C@@H]2[C@]13CC=C([C@H](C3)C2(C)C)C,9.420541,7.860838
CC/C(=C/C1=CC=CC=C1)/C=O,11.430802,5.271258
CC(C)/C=C/CCCCC(=O)NCC1=CC(=C(C=C1)O)OC,9.263377,6.6336007
CC/C=C\CC1=C(CCC1=O)C,9.186566,7.330443
CC/C=C/CC1=C(CCC1=O)C,9.169215,7.399468
CC(=CCC/C(=C\COC(=O)C)/C)C,9.232586,7.077607
CC(=CCC/C(=C/COC(=O)C)/C)C,9.206451,7.084545
C1=COC(=C1)/C=C/C=O,10.916328,5.0392747
CC(=CCC/C(=C/CCC(=O)C)/C)C,9.200831,7.1467957
CCOC(=O)/C=C/C=C/C,8.845789,6.429993
CCCCCC/C(=C\C1=CC=CC=C1)/C=O,11.327365,5.2070613
C/C=C\C1=CC(=C(C=C1)OCC2=CC=CC=C2)OC,11.014919,4.780983
C1=CC=C(C=C1)/C=C/COC(=O)/C=C/C2=CC=CC=C2,11.248054,5.509946
CC(=CCC/C(=C/C#N)/C)C,9.280884,7.022397
C/C=C\C(=O)C1=C(CCCC1(C)C)C,9.434247,6.8295245
CC(=CCC/C(=C/CC/C(=C/CCC(=O)C)/C)/C)C,9.214076,7.025328
CCCCC/C(=C/C1=CC=CC=C1)/C=O,11.378947,5.2369685
C[C@@H]1CCO[C@@H](C1)C=C(C)C,9.285364,7.654012
CC(=CCC/C(=C/C=C/C(=O)C)/C)C,9.180048,7.094358
CC(=C)[C@H]1CCC(=CC1)C=O,10.461674,4.925013
CC(C1=CC=CS1)S,10.929318,4.8226314
CCC/C=C/COC(=O)C,8.650529,5.997591
CC1=C(OC2=CC=CC=C12)C,10.979002,4.755175
CCCCCCCCCCOC(=O)CCCCCCCC,8.562965,5.5186586
CC1COC(O1)CC(C)CCC=C(C)C,9.24106,7.1658936
CC1=CC(=C(C=C1)C)NC(=O)C(C)SC2=CC=CC=C2,11.312588,4.4603496
CCOC(=O)CC=C(C)C,9.234279,6.7700634
CC1=CCC(C1(C)C)C(C)OC(=O)C,9.483047,6.688286
CCCCC1=NC=CS1,11.071431,4.829622
CC1C(=CCO1)SC2(CCOC2C)S,10.963422,4.542835
CCCC(CC=O)SC,8.694766,5.327848
CCOC(=O)C(C)SC,9.17418,4.581567
CCOC(=O)C(C)(C)SC,8.693703,4.8173723
CCOC1=C(OC(C1=O)C)C,10.395152,4.7985873
CC(COC)C1=CC=CC=C1,10.874687,4.6646957
CC(=O)C1NCCS1,9.050851,4.4672546
CCOC(=O)CC(C)CC(C)(C)C,9.1039505,4.9831347
CCCCCCCCC=CC(OCC)OCC,8.634227,5.5661607
CCOC(CC(C)CCC=C(C)C)OCC,9.243774,6.775633
CCCCCCCCC=COC,8.582507,5.6024585
CCCCCCCCCOC(=O)C1=CC=CC=C1N,8.831902,5.594043
CCCCCCCCCCCCC(OCC)OCC,8.557942,5.528596
CCCCCC(C)(CC(C)C)O,8.957748,5.471924
CCCC(=O)OCSC,8.691613,5.335211
CC(C)CCOC(C)OCC(C)C,9.15735,6.3409576
CC(C)CCCCCCCCCCC=O,8.642541,5.586149
CCC(C)CCCCCCCCCCC=O,8.691473,5.6540837
CC1CCC2=C(C(=O)OC2=C1)C,10.728189,4.964874
CCCCCCCCCCCCCCCC(=O)OCCC(C)C,8.564752,5.5967994
CCC(C)C(=O)OCCC(=C)C,8.913234,5.5908732
CC(C)CC(=O)OCCCSC,8.98531,5.626028
CCOC(CC(C)C)OCC(C)C,8.961584,4.983232
CCOC(=O)CC(C)SCC,8.855565,4.5927954
CC(C)(C)CC(C)(CC(C)(C)C)S,9.063993,4.7108755
CCCCC(CC)C(=O)OCCC1=CC=CC=C1,8.969292,5.470659
CCCCCCCCCCCCCC(=O)OCC(C)CC,8.602698,5.5695896
CCCCCC(=O)CCCC(=O)OCC,8.647461,5.5111556
CCCCCC(C=C)OC(=O)C(C)C,8.870664,5.4796047
CCC(C)C(=O)OCC=C,8.966189,5.423474
CCC=CCCOC(=O)C(CC)CC,8.897651,5.5684
CCCC(=O)OCCC1=C(N=CS1)C,11.141822,4.9550853
CCCCCC(=O)OCCC1=C(N=CS1)C,9.0038,5.3566294
CCCC(=O)OC1CC(CC(C1)(C)C)C,9.634749,5.115138
CC(C)CCOC(C1=CC=CC=C1)OCCC(C)C,9.614881,5.0294657
CC(CC(=O)C)SCC1=CC=CO1,10.271228,5.126303
CC/C(=C(/C)\C(=O)C)/C,11.882971,5.214561
C[C@H]1CC[C@H]([C@H]2[C@H]1C=C[C@@H](C2)C)C(C)C,9.563306,7.4600315
CC1=CC/C(=C(/C)\CCC=C(C)C)/CC1,9.270055,7.0495486
CC1C=CCCC1(C)C=O,9.726751,7.4682183
CC(=O)OC(C)(C)C=C,9.273255,6.8712406
CCCCCCCCCCCCCCCC(=O)OCCCCC,8.575343,5.5813127
CC(=CCSC(=O)C)C,8.929238,4.9107575
CC(C)CC(=O)OC1=C(C=C(C=C1)CC=C)OC,10.703733,4.8276258
CC(C)CCCCCCCCCC=O,8.656751,5.5704937
CCCC(=O)OC(C)(C(=O)C)OC(=O)CCC,8.913492,5.3399014
CC1=C[N+](=CC(=N1)C)C(=O)C,10.914278,4.740087
CC1=NC=CN=C1OC(C)C,12.179053,3.9724977
CCCCCCC(CC)C=O,8.641464,5.527824
CC1CCCC(=O)C1=O,10.791489,4.7908936
CC1=C(C(=O)C=CO1)OC(=O)C(C)C,10.70774,4.9365215
CCOCC1=CC=CC=C1O,10.928138,4.777151
C1CCCCC=CCCCCC(=O)OCCCC1,8.637956,5.5466676
CCCCCCCC(=O)COC(=O)C,8.759748,5.5015535
CCC1=CC=CC=C1S,10.988199,4.782522
CCCC1CC(=CC(=O)C1)C,10.525545,5.0092587
CCOC(=O)COC1=CC=C(C=C1)C,10.9093275,4.705855
CCC=C(C)C(=O)OC,9.565728,6.326204
CC1C(=NC(S1)CC(C)C)C,10.532751,4.3216524
CCCCCCCC(C)C=O,8.667507,5.5498924
CC(=O)OCCSC,8.59843,5.0526104
CC1=C(C(=O)CO1)O,10.624741,4.8105664
CCCCCC=C1CCCC1=O,8.817179,5.546917
CC(=O)CC(C)(C)SC,9.032673,5.0372324
C1CC(OC1)COC(=O)C=CC2=CC=CC=C2,10.625057,4.8195424
CCCCOCC1=CC(=C(C=C1)O)OC,10.757229,4.868223
CCCCOC(=O)CC(=O)OCC,8.862819,5.258148
CCCOC(=O)/C=C/C1=CC=CC=C1,11.34304,5.2623725
CCOC(=O)/C=C\C(=O)OCC,11.69251,5.6751003
CC(C)OC(=O)/C=C/C1=CC=CC=C1,11.395482,5.5030303
CCCCOC(=O)/C=C/C1=CC=CC=C1,8.905309,6.068762
CC(C)CCOC(=O)/C=C/C1=CC=CC=C1,9.3571,6.6002154
C1=CC=C(C=C1)COC(=O)/C=C/C2=CC=CC=C2,11.209215,4.8598742
CC(=CCC/C(=C/C(=O)O)/C)C,9.256297,6.9488535
C[C@@H](CCC[C@@H](C)CCC/C(=C/CO)/C)CCCC(C)C,9.198307,7.203995
CCCCC/C=C\C/C=C\CCCCCCCC(=O)O,8.5671835,6.093601
CC1=CC(=O)CC([C@]1(/C=C/[C@@H](C)O)O)(C)C,9.220016,7.4481106
C1=CC=C(C=C1)/C=C\CO,11.418648,4.9635873
COC1=C(C=CC(=C1)/C=C/C=O)O,11.419036,4.9945927
CC(=CCC/C(=C/CC/C(=C/C=O)/C)/C)C,9.236251,7.007572
COC1=CC(=CC(=C1O)OC)/C=C/C=O,11.197662,5.207827
CCCCC/C=C\C=C\C(=O)OCC,8.648744,6.194541
CCOC(=O)/C(=C/C)/C,11.763576,5.566817
CC/C=C\CCO,8.629357,6.109002
CCC/C=C/C=O,8.719054,6.130793
C/C/1=C\CCC(=C)[C@H]2CC([C@@H]2CC1)(C)C,9.218151,7.3837614
CC(=CCC/C(=C/C/C=C(\C)/C=C)/C)C,9.22549,7.0028267
CC(=CCC/C(=C/CCC(=C)C=C)/C)C,9.215315,6.9595704
C/C/1=C\CC(/C=C/C/C(=C/CC1)/C)(C)C,9.269892,6.9367013
C[C@@H]1CC=C([C@@H](C1(C)C)/C=C/C(=O)C)C,9.335275,7.000324
C/C/1=C/CCC(=C)[C@H]2CC([C@@H]2CC1)(C)C,9.204193,7.416127
C/C(=C/CCC1(C2CC3C1(C3C2)C)C)/CO,9.607897,7.2329535
C/C(=C/CCC1(C2CCC(C2)C1=C)C)/CO,9.45549,6.7410913
C/C(=C\C/C=C(\C)/C=C)/CC/C=C(\C)/C=O,9.202904,6.969055
C/C(=C\CCC(=C)C=C)/CC/C=C(\C)/C=O,9.205029,6.988917
CC(=CC/C=C(\C)/C=C)C,9.208828,7.0314927
CC1=CCCC(C1/C=C/C(=O)C)(C)C,9.585221,6.909721
CC(=CCC/C(=C/COC=O)/C)C,9.197327,7.099955
CC(=O)OC/C=C/C1=CC=CC=C1,9.172084,6.365448
CCCCC/C=C\C/C=C\CCCCCCCC(=O)OCC,8.632425,5.9664483
C/C=C/CC(=O)O,8.676739,6.22031
CCC/C=C/C(=O)O,8.625239,6.1065865
CCCC/C=C/C(=O)O,8.624798,6.0679884
CCC/C=C/CC(=O)O,8.6014595,6.025403
CC/C=C/CCC(=O)O,8.611703,6.096286
CCCCC/C=C\C(=O)O,8.623905,6.035646
CCCCC/C=C/C(=O)O,8.662918,6.036913
CCCC/C=C/CC(=O)O,8.60581,6.017989
CC/C=C\CCCC(=O)O,8.591727,6.060655
CCCCCC/C=C\C(=O)O,8.589807,5.935015
CCCCC/C=C/CC(=O)O,8.631575,6.0204062
CCCCCC/C=C/CC(=O)O,8.625785,6.0071845
CCCCC/C=C/CCC(=O)O,8.631727,6.0378456
CCCCCCCCC/C=C/C(=O)O,8.61896,6.0164676
CCCCCCC/C=C/CCC(=O)O,8.636107,5.9759564
CCCCCCCCCC/C=C/C(=O)O,8.605942,5.973384
CC/C=C/C/C=C/C/C=C/CCCCCCCC(=O)O,8.609489,6.151984
CCCC/C=C/C=O,8.670131,6.1577415
CC/C=C/CCC=O,8.693849,6.1383457
CCCCC/C=C/C=O,8.653864,6.1089168
C/C=C/CCCCC=O,8.662695,6.0748186
CCC/C=C/C=C/C=O,8.699536,6.167672
CCCCCC/C=C/C=O,8.637727,6.079475
CCCC/C=C/CCC=O,8.64874,6.0614476
CC/C=C/CCCCC=O,8.6722355,6.0652814
CCCC/C=C/C=C/C=O,8.661344,6.214382
CCCCCCC/C=C/C=O,8.652393,6.0731263
CCC/C=C/CCCCC=O,8.636692,6.018285
CCCCC/C=C/C=C/C=O,8.663505,6.1471214
CCCCCCCC/C=C/C=O,8.620119,6.017714
CCCCC/C=C/C/C=C/C=O,8.666046,6.1844945
CCCCCCCCC/C=C/C=O,8.619395,5.9874396
CCCCCCCCCC/C=C/C=O,8.632828,5.9260116
CCCCCCCCCCC/C=C/C=O,8.625451,5.8985353
CCCCCCCC/C=C/CCCCCCCC=O,8.652236,5.75332
CCCCCCCC/C=C\CCCCCCCC(=O)OCC(CO)O,8.4882,5.916946
C1=CC=C(C=C1)/C=C/COC(=O)C2=CC=CC=C2N,11.16948,4.6476917
CCCCC/C=C\C/C=C\CCCCCCCC(=O)OC,8.590445,6.057543
CCCCCCCC/C=C\CCCCCCCCO,8.611078,5.8067117
CC/C=C/CCO,8.653484,6.146774
CC(=CCC/C(=C/CCC(C)(C=C)O)/C)C,9.220781,7.042332
CCCCC/C=C/C/C=C/C/C=C/C/C=C/CCCC(=O)O,8.604555,6.1536803
CCCCCC/C=C/C(=O)O,8.623222,5.9732437
CCCCCCCCCCC(=O)C(=O)O,8.593465,5.5757704
CC1=CCC(CC1)/C(=C/CC=C(C)C)/C,9.264687,6.9562936
C1CCC/C=C\CCCCCCCC(=O)CCC1,8.672311,5.6816607
CCCCC/C=C/C(=O)C,8.6924,5.896073
CCOC(=O)/C=C(\C)/CCC=C(C)C,9.236346,7.0015364
CCCC/C=C/CO,8.6452,6.1297917
CCC/C=C/CCO,8.656098,6.1085753
CCC/C=C/CO,8.671871,6.0825305
CCCCC/C=C/C=C/C(=O)NCC(C)C,8.702233,6.174768
CCCCC/C=C/CO,8.639839,6.1051993
CC(C)[C@H]1CC[C@](C=C1)(C)O,9.33279,6.0270376
CC(C)C(CCC(=O)C)/C=C/C(=C)C,9.239017,6.9520497
CC/C=C\C/C=C\C/C=C\CCCCCCCC(=O)OC,8.600928,6.1575413
CC/C=C(\C)/C=O,9.169347,6.94142
CCCSSSC,8.575231,5.3263755
CC(C)CC(=O)OCC1=CCC2CC1C2(C)C,9.466403,7.948648
CC(=CC/C=C(/C)\C=C)C,9.223177,7.022273
CCCSS/C=C/C,8.642711,5.989758
CC1CCC2(O1)C(=CC(=O)CC2(C)C)C,10.366697,5.1337767
C/C=C(\C)/C=O,9.158776,7.0470076
C/C=C/C=C/C(=O)OC,8.848031,6.465061
CCC/C=C\CO,8.6574545,6.1228952
C/C=C\C(C)C,9.083199,6.943444
CC1COC(O1)/C=C(\C)/CCC=C(C)C,9.20291,7.084153
CCCC(=O)OC/C=C(/C)\CCC=C(C)C,9.204091,7.1707616
CCCCCCCC(=O)OCC/C=C\CC,8.6002445,5.7307215
CCCCC/C=C\CCC(=O)OC,8.629476,5.942591
CCCCC/C=C\CC1CCC(=O)O1,8.780492,6.1401834
CC(=CCC/C(=C/C(OC)OC)/C)C,9.252648,6.735705
CCCC(=O)OCC/C=C\CC,8.694541,6.081401
CCCCOC(=O)/C(=C/C)/C,11.012663,5.485402
CCC/C=C/COC(=O)C(C)CC,8.849492,6.107411
CCC/C=C/COC(=O)CC(C)C,8.809527,6.0885406
CCC/C=C/COC(=O)CCC,8.638186,5.9722815
CCC/C=C/COC(=O)CC,8.692172,6.04678
CC(=O)/C=C/C12C(CCCC1(O2)C)(C)C,9.669115,7.0797324
CC/C=C\CCOC(=O)C(C)C,9.057843,6.7720847
CCCCCC(=O)OCC/C=C\CC,8.664967,5.942612
CC/C=C/CCOC(=O)C,8.829716,6.5042586
CCCCC/C=C(\CCCC)/C=O,8.887344,5.682554
CCC/C=C\CCC(=O)OCC,8.636302,6.0305085
CCOC(=O)CC/C=C/CC=C,8.667087,6.2173076
CCC/C=C/CCC(=O)OCC,8.641305,6.1223426
CCCCC/C=C/CCO,8.652172,5.9766207
CC/C=C/CC(C)OC(=O)C,9.10678,6.978566
CCCCC/C=C\CCCOC(=O)C,8.683048,5.9717193
C/C=C\CCCOC(=O)C,9.054185,7.005514
CCC/C=C\CCCO,8.67433,6.0522428
CC/C=C\CCCCO,8.649035,6.089749
CCCCCCCCC/C=C/CO,8.611055,5.9666047
CCC/C=C/1\C2=CC=CC=C2C(=O)O1,11.555539,4.910867
CCC/C=C/COC=O,8.680161,6.129256
CCCCCC(=O)OC/C=C/CCC,8.678101,5.824148
CCCCC(=O)OC/C=C/CCC,8.655972,5.8008437
CCCCCC(=O)OCC/C=C/CC,8.612163,5.829779
CCCCC(=O)OCC/C=C/CC,8.710044,5.896516
CC(=CCC/C(=C/COC(=O)C1=CC=CC=C1)/C)C,9.302665,6.909173
CC(=O)/C=C/C1=CC(=C(C=C1)O)OC,11.006342,4.9507113
CCC/C=C(\CC)/C=O,9.018002,6.3389125
CCOC1=C(C=C(C=C1)/C=C/C)O,11.275007,5.0676303
C/C=C/C(=O)OCCC1=CC=CC=C1,9.231322,6.74974
CCCCCCCC/C=C\CCCCCCCC(=O)OCCCC,8.617792,5.838887
C/C=C/C(=O)OC(C)C,8.844919,6.6718135
C/C=C/C(=O)OCC=C,8.771612,6.3459344
CCCCCC/C=C\C=O,8.631639,6.048079
CCCCCCC/C=C\C=O,8.629506,6.0972695
C1=CC=C(C=C1)/C=C/COC=O,11.148892,5.0043488
C/C(=C/C1=CC=CC=C1)/C=O,11.516097,5.2094483
C/C(=C/C1=CC=C(C=C1)OC)/C=O,11.594207,5.2571926
CCCCCCCCC/C=C\C=O,8.621698,6.115168
CC(C)/C=C\C=O,8.927559,6.683848
CC/C=C\CC(=O)O,8.623807,6.179502
CCCC(=O)OC/C=C/C1=CC=CC=C1,8.770602,6.193956
C1CCC/C=C\CCCCCCOC(=O)CCC1,8.768211,5.9272876
CCCOC(=O)/C=C/C=C\C,8.699329,6.3347325
COC(=O)/C=C/C1=CC=CO1,11.414656,5.8380284
CCC(=O)OC/C=C/C1=CC=CC=C1,8.96499,6.489565
CC(C)C(=O)OC/C=C/C1=CC=CC=C1,9.254731,6.2428365
CCC(=O)OC/C=C(\C)/CCC=C(C)C,9.183742,7.105288
CCCCCOC(=O)/C=C/C1=CC=CC=C1,8.757103,5.968682
CC(C)CC(=O)OC/C=C/C1=CC=CC=C1,9.251515,6.5625854
CCCC(=O)OC/C=C(\C)/CCC=C(C)C,9.169919,7.0939584
CC(=CCCC(C)(C=C)OC(=O)/C=C/C1=CC=CC=C1)C,9.234367,7.0054393
C/C(=C/C1=CC=CC=C1)/C(=O)C,11.394807,5.4489164
CCOC(/C=C/C1=CC=CC=C1)OCC,11.1839695,5.254939
CCCCCOC(=O)/C=C\C,8.606574,6.0630217
C/C=C/C(=O)OCC1=CC=CC=C1,9.246951,6.713147
CCCCCC(=O)OC/C=C/C1=CC=CC=C1,8.707634,5.8969016
C/C=C(/C)\C(=O)OC,11.747673,5.4016047
CC(=CCC/C(=C\CC[C@@](C)(C=C)O)/C)C,9.1807375,7.072167
C/C=C\C(=O)C,8.817778,6.498873
CCCCCCC/C=C\C(=O)O,8.610594,6.0348907
C=C/C=C\C=O,8.72438,6.243251
CC1=CCCC(C1/C=C(/C)\C(=O)C)(C)C,9.437862,6.742632
CC1=C(C(CCC1)(C)C)/C=C(/C)\C(=O)C,9.373684,6.7589064
CCCCC/C=C\C,8.6045065,6.121086
CCCCCCCCOC(=O)/C=C\C,8.64772,5.9075913
CCCCCCOC(=O)/C=C\C,8.652733,5.996023
CCOC(=O)/C(=C\C1=CC=CC=C1)/C(=O)C,11.5578375,5.513165
C/C=C(\C)/C(=O)OCCC1=CC=CC=C1,9.327792,6.924489
C1CCC(CC1)OC(=O)/C=C/C2=CC=CC=C2,11.291476,5.1434793
CC(C)C(=O)OC(C)(CC/C=C(/C)\CCC=C(C)C)C=C,9.192955,7.0823474
CCC/C=C/CCC,8.640093,5.965188
CCCCCC/C=C\C(=O)OC,8.61164,6.0819707
CCCC/C=C/C(C)O,8.68222,6.1174245
CCCC/C=C/C(=O)OCC,8.681126,6.123882
CCC(=O)/C=C\C,8.727718,6.301724
CCCCC(CO)C(=O)C,8.670423,5.5638366
CC1=C(SC(=N1)C)C=C,11.128123,4.485853
CCC(C)C1N=C(C(S1)C)C,9.829007,4.453941
CC(C)/C=C(\C)/C(=O)O,9.252951,6.9390283
CC1=NC=CC(=N1)C(=O)C,11.283131,4.468934
CCC(CC)C(=O)OC/C=C(\C)/CCC=C(C)C,9.216523,7.040333
CCCCC/C=C(\C)/C=O,8.6668,6.066116
CCOC(=O)C1C(O1)(C)C2=CC=C(C=C2)C,10.589432,4.7131596
CCCCC/C=C/CCC(=O)OCC,8.640767,5.988176
CCC1N=C(C(S1)C)C,9.102134,4.818347
CCC(C)C(=O)/C=C/C,8.864576,6.3960423
CCCCC/C=C/COC(=O)CCC,8.626158,5.862499
CCCCC/C=C/C=C/C(=O)OCCC,8.656105,6.066483
CC/C=C/CC(=O)OCC,8.671733,6.158567
CC/C=C\CC(=O)OCC,8.670007,6.078826
CC(C)C/C=C(/C=O)\C(C)C,9.231853,6.9255514
CC/C=C\CCCCCC=O,8.639196,5.941635
CCCCC/C=C/C=C/CO,8.632777,6.1139526
CC/C=C\CCCCC=O,8.624153,5.953702
CC/C=C/CC(=O)OC,8.692777,6.168448
CC/C=C\CCCCCO,8.570992,6.095004
CC/C=C\CCC=O,8.649115,6.090413
CC/C=C/CCC(=O)OCC,8.690129,6.2193813
CC(C)CC(=O)OC/C=C(\C)/CCC=C(C)C,9.183227,7.1213593
CC/C=C\CC/C=C/CO,8.708523,6.1666045
CC(=C)C(C/C=C(\C)/C=C)O,9.188173,6.953125
CC(=CC/C=C(/C)\CCO)C,9.183448,7.0613027
CC/C(=C\C)/C=O,9.083576,6.057894
CC/C=C\CC/C=C/COC(=O)C,8.6748495,6.2495556
CC(C)/C=C/C(=O)C,9.115393,6.967049
CCCC/C=C/COC(=O)C,8.669137,6.102679
CCC/C=C/CCOC(=O)C,8.674907,6.1998186
CCCCCCC/C=C/COC(=O)C,8.613009,6.0302987
CCCC/C=C/C(=O)C,8.69404,6.103385
CCCCCCCC/C=C\CCCCCCCC(=O)OCCCCCC,8.600118,5.7370977
CC(C)CC/C=C/C(=O)C,9.079855,6.7873864
CCCCCC/C=C/C(=O)C,8.650052,6.0061774
CCCCCCCC/C=C\CCCCCCCCOC(=O)C,8.603999,5.7768536
CC/C=C\CCOC(=O)C(=O)C,9.087485,7.0866265
CCC/C=C\COC(=O)C,8.691318,6.1466727
CC/C=C\CCOC(=O)C,8.660991,6.3443656
C/C=C/C=C/COC(=O)C,8.822887,6.583942
C/C=C(\C)/C1CCC(O1)(C)C,9.338189,6.820421
CCC/C=C/CCC(=O)C,8.679318,6.1483917
CC(=O)/C=C/C1C(=C)CCCC1(C)C,9.25187,7.0042076
CC1=CCCC(C1/C=C/C(C)O)(C)C,9.7596445,6.068328
CC/C=C\CCOC(=O)C(C)O,8.878126,6.731198
CC/C=C\CC(OCC)OCC,8.735189,5.8570232
CCCCCC/C=C/C(=O)OCC,8.604451,6.010806
CCCC/C=C/CC(=O)OCC,8.63536,6.0721073
CCCCC/C=C/C(=O)OCC,8.628089,6.0668354
CCC/C=C/C(=O)OC,8.6451,6.156574
CCCCCCCC/C=C/CCCCCCCC(=O)OCC,8.5973625,5.7734303
CCCCCCCC/C=C/C,8.630227,6.0763497
CCCC/C=C/CCO,8.597484,6.0600386
CCC/C=C\CCO,8.6355915,6.1173124
CC/C(=C/CC/C(=C/C=O)/C)/C,9.148696,6.648525
CCCCC/C=C/C(=O)OC,8.616777,6.0840163
CCC/C=C/C(=O)C,8.69048,6.126461
CCCC/C=C/C=C/CO,8.684226,6.121369
CCCCC/C=C\CCO,8.632342,6.0710826
C/C=C(\C)/C(=O)OCC=C,9.11823,6.87688
CC/C=C/C=O,8.664374,6.248187
CCCCCC/C=C/CCCCCCCC(=O)OCC,8.60578,5.7841864
CCC/C=C/C(=O)OCC,8.652009,6.09433
CCCCOC(=O)/C(=C\C)/C,9.327117,6.7100096
CC/C=C\CO,8.684469,6.152458
CC/C=C/CO,8.697215,6.066706
CCCCCC/C=C/CO,8.604243,6.0495863
CCCCCCCCCC/C=C/CO,8.601659,5.9886255
CCCCC/C=C\CO,8.6257515,6.0788608
CCCCCCCC/C=C/CO,8.531145,6.1064034
CCCCCC/C=C\CO,8.627361,6.009046
CC/C=C\CCOC(=O)CC,8.613574,6.158217
CC/C=C\CCOC(=O)C(C)CC,9.018893,6.740788
CCCCCCCC(=O)OC/C=C/CCC,8.643808,5.794269
CCC/C=C/C(OCC)OCC,8.741655,5.678611
CC/C=C\CCOC=O,8.614967,6.2177944
C/C=C\CCCO,8.717656,5.9858174
C1CCCCOC(=O)CCCCC/C=C\CCC1,8.686774,5.922115
CC/C=C/C/C=C/CCO,8.720215,6.2409897
CCOC(/C=C(\C)/CCC=C(C)C)OCC,9.255885,7.001581
CC(/C=C(\C)/CCC=C(C)C)O,9.195191,7.023358
CCCOC(=O)/C=C/C,8.90284,6.373691
CCOC/C=C(\C)/CCC=C(C)C,9.192219,7.1166496
CCCCC(=O)OC/C=C(\C)/CCC=C(C)C,9.194699,7.077476
CC(=CCC/C(=C/CC/C(=C/CCC(C)(C=C)O)/C)/C)C,9.206927,7.0485163
CCCCC(=O)/C=C/C,8.768315,6.0170665
CC/C=C(\C)/C(=O)O,9.204909,7.064919
CC(=CCC/C(=C/C(=O)OC)/C)C,9.278757,7.0708747
C/C=C/C(=O)C1C(C=CCC1(C)C)C,9.348527,6.980131
CC1=CCCC(C1/C=C/C(=O)CCC=C)(C)C,9.26232,6.914076
CCC(=O)OC/C=C(/C)\CCC=C(C)C,9.189491,7.0914607
CC(C)C(=O)OC/C=C(/C)\CCC=C(C)C,9.194743,7.0956645
CCCCCC(=O)OC/C=C(\C)/CCC=C(C)C,9.188401,7.1029534
CCCCCCOC(=O)/C=C/C,8.675011,6.031064
CC(=CCC/C(=C/COC(=O)CC1=CC=CC=C1)/C)C,9.269397,6.9448895
C/C=C/C(=O)OC1CC(CCC1C(C)C)C,9.232134,7.0985394
C/C=C/C(=O)C1=C(C=CCC1(C)C)C,9.342423,6.899638
C/C=C/C(=O)C1C(=CCCC1(C)C)C,9.377921,6.8938065
C/C=C(/C)\C(=O)OCCC(C)C,9.279254,6.9917073
CCCCC(/C=C/C)O,8.742936,6.0946174
CC(=C)/C=C/CC(C)(C=C)O,9.235663,7.0100584
CCC/C=C/COC(C)OCC,8.672559,6.169829
C/C=C/SSC,8.69829,5.820159
CCCCC/C=C/CC(=O)OC,8.64815,5.97196
CCC/C=C/CCC(=O)OC,8.648714,6.0722218
CC/C=C/C=C/CO,8.75023,6.196278
CCCCC/C=C/C=C/C=C,8.699583,6.235023
CCCCCCC/C=C/C=C/C=O,8.662646,6.132381
CCCCCC/C=C/C=C/C=O,8.634892,6.1074386
CC/C=C\CCCO,8.657051,6.1495113
CC/C=C\CCOC(=O)CC(C)C,8.955379,6.517917
CC/C=C\CCOC(=O)CC1=CC=CC=C1,8.71796,6.361782
CC/C=C\CCOC(=O)C1=CC=CC=C1,8.830985,6.4928102
CC/C=C/CC1C(CCC1=O)CC(=O)OC,8.803829,6.4141483
CC/C=C/C(=O)OCC,8.73235,6.3398304
CCCOC(=O)/C(=C/C)/C,9.309728,6.85518
C/C=C(\C)/C(=O)OC/C=C/C1=CC=CC=C1,9.133561,6.8087664
CC/C=C\CCOC(OCC/C=C\CC)C,8.70533,6.305832
C/C=C(\C)/C(=O)OC/C=C(\C)/CCC=C(C)C,9.189289,7.076696
C/C=C(\C)/C(=O)OCC(C)C,9.190226,7.026051
C/C=C(/C)\C(=O)OCC(C)C,9.2199955,6.9833384
CCCCC/C=C/CC1CCCC1=O,8.651893,5.91931
CCCCC(=O)OC/C=C/C1=CC=CC=C1,8.81764,5.9585886
CCCCCCC/C=C/C(=O)OC,8.662369,6.012371
CCC/C=C/COC(=O)CC1=CC=CC=C1,8.735751,6.147366
CCCCC/C(=C\C1=CC=CC=C1)/CO,11.533923,5.3059855
C/C(=C\CCC(C)(C)O)/C=C,9.204113,7.021749
C/C=C(\C)/C=C/C=C(C)C,9.185506,7.0469737
C/C=C/C=C/C(=O)OC(C)C,9.11156,6.8477407
CCOC(/C=C/C=C/C)OCC,9.0435295,6.616382
CCC/C=C/C(=O)CC,8.760466,6.1925774
CCCCOC(=O)/C=C/C=C/C,8.7316065,6.298428
CC/C=C\CCC(OCC)OCC,8.713065,6.056478
C1=CC=C(C=C1)CCOC(=O)/C=C/C2=CC=CC=C2,11.194287,4.731326
CC(/C=C/C1=CC=CC=C1)O,11.129926,5.3771505
CC(=C/C=C/C(=O)C)C,9.239479,6.8953733
CCC/C=C/C1OCC(O1)C,8.8651285,6.3560557
C/C=C/S/C=C/C,8.820792,6.430596
C1=CC=C(C=C1)CC(=O)OC/C=C/C2=CC=CC=C2,11.077654,4.981838
CC(C)C/C=C(/C=O)\C1=CC=CC=C1,11.460185,5.3336368
CCC(=O)/C=C/C1C(=CCCC1(C)C)C,9.428021,6.8534513
CC1=CC=C(C=C1)/C=C/C=O,11.250682,5.1788754
CC/C=C\CCOC(=O)C1=CC=CC=C1N,11.549612,5.466676
CC/C=C\1/C2=CC=CC=C2C(=O)O1,11.273295,4.770338
CC1=C(C(CCC1)(C)C)/C=C/C(C)O,9.55521,6.716296
C/C=C/C(=O)C1=C(CCCC1(C)C)C,9.3361845,6.8908362
CC1CCC(=C(C1(C)C)/C=C/C(=O)C)C,9.453821,6.7919936
CCC(=O)/C=C/C1=C(CCCC1(C)C)C,9.392794,6.9548306
CCOC1=C(C=C(C=C1)/C=C/C)OC,11.294364,5.2346587
CCC(=O)OC/C=C\C=C\C,8.71415,6.3629622
C/C=C/C=C\COC(=O)C(C)C,9.125294,6.8170543
CCCC/C(=C\C1=CC=CC=C1)/C=O,11.601884,5.2712054
CC(C)C/C=C/C(=O)C,9.117525,6.7046757
C/C=C/C(=O)OCCC(C)C,9.260178,6.760972
COC(/C=C/C1=CC=CC=C1)OC,11.311998,5.332879
CCCC(=O)/C=C/C,8.806891,6.0873756
CCCCC/C=C\CCC(=O)OCC,8.607313,5.9770274
C/C=C(\C)/C(=O)OCCC(C)C,9.224857,6.9918227
CCC(=O)OC(C)C(=O)OSC,8.78966,5.2082424
C1=CC=C(C=C1)/C=C(/C(CO)O)\O,11.736681,4.921768
CCOC(=O)C(C)/C=C/C,9.1747055,6.7431226
CCCCC/C=C/COC(=O)C,8.674823,6.0526624
CCCCCCC/C=C/C(=O)OCC,8.632262,5.8539815
CCCC(=O)C(CC)CC1=CC=CC=C1,10.608467,4.9173546
CCCCCCC/C=C/C(=O)OCCCC,8.674772,5.7901363
CC1=CC=C(C=C1)CCC(=O)C,10.835537,4.859901
C/C=C/C1=CC(=C(C=C1)OC=O)OC,10.763399,5.1167784
CCC(C)CCCC(C)C=O,9.196686,6.7312255
CCOC(CC(C)CCCC(C)(C)O)OCC,9.201089,5.7769895
CCCCCCCCCOC(=O)CC(C)C,8.698113,5.482945
CCCCC/C=C/CC/C=C/C=O,8.664526,6.169013
CCOCC=C(C)C,9.208329,6.724579
CCCCCC(CCCC(=O)OCC(CO)O)O,8.482552,5.534344
CC/C=C/CCOC(C)OCC,9.080725,6.807405
CC(=CC[C@@H](CO)C(=C)C)C,9.209924,7.209671
CCCCC/C=C/CCCO,8.657457,6.0147257
CCCCC/C=C/CCC=O,8.64633,6.061162
C1=CC=C(C=C1)/C=C/COC(=O)C2=CC=CC=C2,11.191136,4.8764105
CC1C(=O)C(=C(S1)C)O,10.521561,4.7104397
CC/C=C/CCOC(=O)/C=C/C1=CC=CC=C1,8.788046,6.4533215
CC1=C(C(CCC1)(C)C)/C=C/C(C)OC(=O)C,9.39034,7.022209
CCC(=O)/C=C/C1=CC=C(C=C1)OC,11.184218,5.171245
C/C/1=C/CC2C(CC2(C)C)C(=C)CCC1OC(=O)C,9.213961,7.3427987
CCCCC/C(=C\C1=CC=CC=C1)/C(OCC)OCC,11.281472,5.150056
CCCCC(CC)/C=C/C(=O)O,8.681906,5.918456
CC(=CCC/C(=C/COC(=O)CC(=O)C)/C)C,9.175731,7.2100425
C/C=C/C(=O)OC/C=C(\C)/CCC=C(C)C,9.181302,7.0559926
CCCCC/C(=C\C1=CC=CC=C1)/C(OC)OC,11.572185,5.1787486
CCCCCC(CC)OC(=O)/C(=C/C)/C,8.79573,5.785986
CC1COC(O1)/C=C/C2=CC=CC=C2,11.108443,5.0668936
CC/C=C\CCC1CCC(=O)O1,9.018003,6.6790433
CC/C=C/CCOC(=O)C1=CC=CC=C1O,8.936689,6.5842586
CC(C)C(=O)OC/C=C(\C)/CCC=C(C)C,9.199089,7.085548
C/C(=C\CCC(C)(C)OC(=O)C)/C=C,9.21152,7.0323896
C/C=C/C1=CC(=C(C=C1)OC(=O)CC2=CC=CC=C2)OC,10.786457,4.9021754
CCOC(/C=C/C)OCC,9.179723,5.7660027
C1COC(O1)/C=C/C2=CC=CC=C2,11.070449,4.9835815
CC/C=C/CCOC=O,8.718465,6.200069
CCOC(=O)C/C(=C/C(=O)O)/C(=O)O,11.422194,5.2922735
CCCCCC/C=C/COC(=O)C,8.686632,5.976761
CCCCCCCC(=O)OC/C=C(\C)/CCC=C(C)C,9.205102,7.0913467
CC/C=C/CCCCCOC(=O)C,8.662759,6.0640607
C/C=C/CC/C=C/C=O,8.73506,6.2904863
CC/C=C/C/C=C/C=C/C(=O)OCC,8.687974,6.243398
CC/C=C/CCOC(=O)CC(=O)C,9.157303,7.06109
CCCCCCOC(=O)C(C)/C=C/C,8.935179,6.3707113
CCCCCCCCCC(=O)OCC/C=C/CC,8.587519,5.7024813
CC/C=C/CCOC(=O)CCC(=O)C,9.066883,6.878972
CCC/C=C/COC(=O)C(C)O,8.836322,6.405612
CCCC/C=C/CCOC(=O)CC,8.626944,6.0701685
CC/C=C/C/C=C/C/C=C/CCCCCCCC(=O)OCC,8.644173,6.1439996
C/C=C(\C)/C(=O)OCCC(C)CCC=C(C)C,9.188705,7.0946245
CCCCC/C=C\C/C=C\C=C\C=O,8.670819,6.1719527
CCCCC/C=C/C=C/C(=O)C,8.643873,6.1632214
CCCCC(=O)OCC1=CC=C(C=C1)OC,9.104518,5.6421704
CC(=C)[C@@H]1CCC(=C)[C@H](C1)O,9.277614,7.499291
CCC(S)S,8.62907,5.1163044
CCC/C=C\C=O,8.669241,6.135754
CC1=C(N=C2CCCC2=N1)C,11.32787,4.415326
CSCC/C=C(\CSC)/C=O,9.014056,5.887127
C/C=C/C1=CC(=C(C=C1)OC(=O)CC(C)C)OC,9.638696,6.5895057
CCC(=O)C1=NCCS1,10.912178,4.7250032
CSSSCC1=CC=CO1,8.95244,5.0842085
CC1(C2CC=C(C1C2)COC=O)C,9.677171,7.2437596
CC1C(=O)C=CO1,10.733874,4.8564115
CC/C=C/C/C=C/CCOC(=O)C,8.694686,6.2478676
C/C=C(/C=O)\C1=CC=CC=C1,11.593734,5.2128634
CCOC1=C(C=C(C=C1)CC=C)OC,10.708093,4.921822
CCOC(=O)C(C)(C1=CC=CC=C1)O,10.950554,4.600152
CCC1=C(SC=C1)CC,10.548948,4.7429137
CCCCCCC/C=C/CCC=O,8.62974,5.9217863
CCCCC/C=C/CCCCC=O,8.618003,5.843231
CCC/C=C/CCCCCCC=O,8.648153,5.932237
CCCCCCC/C=C\CCC=O,8.647336,5.928682
CCCCC/C=C\CCCCCCC=O,8.608099,5.9359293
CCCCCOC(=O)/C(=C\C)/C,9.343154,6.7409296
CCCCCOC(=O)/C(=C/C)/C,9.339161,6.762261
CC(CO)C(C)S,8.7480955,4.3310013
CCCCC/C=C\CC=O,8.631032,6.0420485
C/C=C/CCCCCCCC=O,8.634082,5.9610677
CCCC(CCCC(=O)OCC)O,8.659417,5.518102
CC(C)CC(=O)OCC/C(=C/CC=C(C)C)/C,9.181077,7.0721903
CCCC/C=C/1\C(=C(C(=O)O1)C)C,10.629626,4.8163548
CC(=CCC/C(=C/C(C=O)O)/C)C,9.3649845,6.653661
C/C=C(\C)/CO,9.136492,7.1963396
CCCCCC(/C=C/C1=CC=CC=C1)OC(=O)C,8.858416,5.8881392
CCC/C=C/CCC(=O)O,8.669472,6.1329107
CCC/C=C/C=C/CCCO,8.675728,6.183793
CCC/C=C\CC(=O)O,8.633877,6.1861053
CC(=CCC/C(=C\CC[C@@](C)(C=C)OC(=O)C)/C)C,9.174785,7.1146355
CC/C=C\C/C=C\CCO,8.616339,6.1844034
CCCCCCC(=O)OCC/C=C/CC,8.605985,5.8921194
CC/C(=C/CCC(C)(C=C)OC(=O)C)/C,9.248504,6.94886
CC/C=C/CCOC(=O)/C(=C\C)/C,9.068378,6.786495
CC(C)C(=O)/C=C\C1=CC=C(C=C1)OC,9.449892,6.782354
C1=CC=C(C=C1)CCCOC(=O)/C=C\C2=CC=CC=C2,11.102819,4.7110634
C/C=C\C(=O)OCC(C)C,8.984335,6.5845447
CCCOC(=O)/C=C\C1=CC=CO1,11.331058,5.6335855
CC/C(=C\C1=CC=CO1)/C=O,11.496811,5.532762
C/C(=C/C1=CC=CO1)/C=O,11.518856,5.5808096
C/C=C/C=C/C(=O)OCC=C,8.777986,6.3576417
CCCCC/C(=C/C1=CC=CC=C1)/COC=O,10.923043,5.7439113
CCCCC/C(=C/C1=CC=CC=C1)/COC(=O)CC(C)C,9.465073,6.4079103
CC1=CCC(CC1)C(C)(C)OC(=O)/C=C/C2=CC=CC=C2,10.747074,5.024889
CCCC/C=C(\CC)/C=O,8.977144,6.1887746
CCCCCCCOC(=O)/C=C/C1=CC=CC=C1,8.756928,5.944027
CC/C=C/CC1=C(C(=O)CC1)C,9.255668,7.156987
CCCCCCOC(=O)/C=C/CCC,8.617701,5.839691
C/C=C/C(C)C(=O)O,8.860806,6.4576726
CC(=CCC/C(=C\CS)/C)C,9.3057165,6.9249253
CC/C=C\CCCC=O,8.682024,6.0749326
CC/C=C\CCOC(=O)C/C=C\CC,8.662205,6.189344
C/C=C/CCCCCCCC(=O)OC,8.606319,6.003526
CC(C)/C=C(/C=O)\C1=CC=CC=C1,11.621748,5.3841543
C/C=C(\CSC)/C=O,9.234917,6.8164444
CC/C=C(\C)/C(=O)OCC,9.373973,6.813937
CCCCC/C=C\C=C\C(=O)OC,8.652064,6.1885242
CCC/C=C/C(=O)OCCC,8.666918,6.1260777
CC(=CCC/C(=C\COC(=O)CC1=CC=CC=C1)/C)C,9.315929,6.904484
CC/C=C/CCC1(CCC(=O)O1)C,9.00954,6.8577237
CCC/C=C/C(OC)OC,8.718116,6.156575
CCC/C=C/C=C/CO,8.635175,6.1588044
CCCCCCC/C=C/C=C/CO,8.623577,6.1740503
C/C=C(\C)/COC(=O)C,9.204825,7.158122
C/C/1=C\CCC(=C)/C=C/C(CC1)C(C)C,9.191191,7.0169287
CCCCCC(=O)OC/C=C\CCC,8.575763,5.862948
CCCCC/C=C\C(=O)OCCCC,8.616033,5.8956704
CC1=CCCC(C1/C=C\C(C)C=O)(C)C,9.420098,6.6868243
CCCCCC/C=C\C=C/CO,8.613243,6.1069765
CC(=CCC/C(=C/COCC=O)/C)C,9.163441,7.1404476
CC/C=C/CCOC(=O)/C=C/C,8.715235,6.3216276
CC/C=C/CC1CCCC1=O,8.747905,6.1939263
CC/C=C/CCOC(=O)OC,8.744702,6.2755136
CC/C=C/CC/C=C/C(OCC)OCC,8.693456,6.2224884
CCC/C=C/CCOC(=O)C(C)C,8.7466545,6.2329173
CC(=CCC/C(=C/COC(=O)C1=CC=CC=C1N)/C)C,9.407576,6.8288536
CC1=CCC(C1(C)C)/C=C\C(C)C(C)O,9.303465,6.9602156
C/C=C(\C)/C(=O)OC1CC(CCC1C(C)C)C,9.238831,7.0412097
CCC(C)COC(=O)/C=C/C1=CC=CC=C1,9.260982,6.573786
CCCCCCOC(=O)/C=C/C1=CC=CC=C1,8.687619,5.9840074
CCCCCC[C@H](C/C=C\CCCCCCCC(=O)OCC)O,8.619317,5.904733
CC(=CCC/C(=C/CC1CCCC1=O)/C)C,9.196768,7.130701
CC1CC(OC(O1)/C=C(\C)/CCC=C(C)C)(C)C,9.168317,7.094
CC1=CCCC(C1/C=C(\C)/C(C)OC(=O)C)(C)C,9.247833,6.9769325
CCC/C=C/COC(=O)C1=CC=CC=C1O,8.847562,6.3823566
CC(=CCC/C(=C/C1OCC(O1)CO)/C)C,9.142587,7.331067
C/C=C/C=C/1\C(=CC(=O)CC1(C)C)C,9.328194,7.0198717
CCC(C)C(=O)OC/C=C(\C)/CCC=C(C)C,9.184231,7.077211
CCCCCOC1=C(C=C(C=C1)/C=C/C)OC,9.27497,6.001508
CCCC/C=C/CCCCC(=O)OCCC(C)C,8.696424,5.8874116
C/C=C/C(=O)C1CCC(C=C1C)(C)C,9.418445,6.8162093
CC/C=C/CC1CCCC(=O)O1,8.723828,6.2398934
CCCCC/C=C\C=C\C(=O)OCCC,8.6245,6.103919
CCCCC/C=C\C=C\C(=O)OCCCC,8.603126,6.077381
C/C=C/CCC1CCCC(=O)O1,8.707756,6.3240886
CCCCCCCCC/C=C/COC(=O)C,8.633714,6.0431523
CC/C=C\C/C=C/C=C/C=O,8.673584,6.2882113
CC/C=C(/C=O)\C1=CC=CC=C1,11.480658,5.1299624
CCCCCC(=O)OC/C=C/CC,8.654843,5.7879763
CC1CCC2(O1)C(=C)C=CCC2(C)C,9.608355,6.630912
CCC(C)(CCC=C(C)C)OC(=O)C,9.253182,7.079897
CCCCCCC1COC(=O)CO1,8.730702,5.6991568
CCOC(C)OCC1=CC=CC=C1,10.725904,4.8868628
CCCCCCCC/C=C/C=C/C=O,8.668939,6.135637
CC(=CCC/C(=C/C(=O)C)/C)C,9.248021,7.031014
CCCC(=O)OC/C=C/C=C/C,8.796355,6.3856044
CC(CC/C=C(\C)/CCC=C(C)C)C=O,9.20754,7.06609
CCCC/C(=C/C)/C=O,8.8132305,6.059654
CC/C=C\CCCC(=O)OC,8.595074,6.0981407
CCC[C@@H]1CCO[C@H](S1)C,8.870673,5.258843
C[C@H](COC(=O)C(C)C)C1=CC=CC=C1,10.7589855,4.651904
CCCCC[C@H](C=C)O,8.857743,5.530944
CCCC[C@@H](C)CCC(=O)O,8.8297615,6.1042414
CCCCC[C@@H](C)CCC(=O)O,8.756665,5.854648
CCCC[C@@H](CC)CCC(=O)O,8.672896,5.6671615
C[C@H]1C(=N[C@H](O1)C)C,9.774038,4.3225102
CCCC[C@@H](C)C(=O)O,8.279066,5.257425
CCCCC[C@@H](C)C(=O)O,8.499998,5.4930053
CCCC(=O)OC[C@@H](C)C1=CC=CC=C1,9.563482,5.521557
C[C@@H](CC=C)C(=O)O,7.266377,4.2731996
C[C@@H]1CC(CC(=O)C1=O)(C)C,10.613747,4.841152
C[C@@H]1CCC2=C1N=CCN2,11.067391,4.4373097
CC[C@@H](C)SS[C@@H](C)CC,8.704622,5.2706456
CCCCCCC(=O)OC(C)CCC,8.668763,5.481372
C=CCSSSSSSCC=C,8.699317,5.5409727
C=CCSSSSSCC=C,8.719384,5.6843734
CC1CCC(C(C1)OC(=O)CCC(=O)O)C(C)C,9.2834215,5.076176
CCCCCCC(O)S,8.607391,5.4832554
CCCC(=S)OCC,8.689755,5.1958685
CCCCC1(CCC(=O)O1)CCCC,8.957772,5.583399
C1COC(=O)C1CC=O,10.712748,4.783707
CCCCNC1=CC=CC=C1C(=O)OC,11.190637,4.550438
CCOC(CS)OCC,8.779237,5.2175493
CCCCCCC1=CCC(=O)O1,8.767204,5.7447677
CC(=C)[C@@H]1C[C@H]2[C@](O2)(C(=O)C1)C,9.299414,7.6199937
CCC(=O)N1CCC=C1,11.437973,4.0732956
C[C@@H]1CC[C@@H]2[C@]13CCC(=C)[C@H](C3)C2(C)C,9.463632,8.00365
CC(C)CCCCCCCCCCCCCC=O,8.605034,5.6279445
CCCCC(C(=O)OC)OC(=O)C,9.050942,5.144541
CCC(C)(CC(=O)C)S,8.995002,4.520079
CCCCC/C=C\CCCC(=O)O,8.624916,6.006726
CCC(=O)CC(C)(C)S,9.072213,5.757895
CC(C)(C)C(=O)OCC=C,9.042057,5.741529
C=CC1=C(CCCC1)C=O,10.497239,4.892505
CCCCCCCC(=S)OC,8.568142,5.47687
CC(=O)OCCCCCCCS,8.604849,5.569257
CCCCCCCCCC(=S)OC,8.485404,5.624054
CCCCCCCCCCCCC(C)C=O,8.624233,5.582697
CC(C)C(=O)OC(C)(C)C1=CC=CC=C1,10.587858,4.7476377
C/C(=C\C=O)/CCC1CC1(C)C,9.22706,6.8397555
CC1[C@H]2C[C@@]2(C[C@H]1O)C(C)C,9.375278,7.744448
CC/C=C/CCC1CCCC(=O)O1,8.737959,6.1911535
CC(CCC=C(C)C)CC1OCCO1,9.264968,6.8721676
CC1COC(O1)(C)C(C)O,8.992111,5.0751996
CCCC[C@@H](CCOC)S,8.884884,5.4451346
CCCCCC(C=O)SC,8.691751,5.4109054
CC(C)C(C=O)C1=CC=CC=C1,10.94332,4.518638
CCCCCC(=O)OC(C)CC,8.740625,5.400077
CCCCSSSCCCC,8.569712,5.541042
CCCCCOC(C)OC,8.6731615,5.5162225
CCCCOC(C)OC,8.672435,5.55315
CC1=CC(=O)CO1,10.627087,4.903581
CCCOC(CC(C)C)OCCC,8.746623,5.0776877
CCCCCCCCCC(=O)OC1CC(CCC1C(C)C)C,8.738105,5.449852
CCCCCCCCCCC1=CC=CO1,8.73283,5.629369
CCCCCCCCCCC(C(=O)C)C(=O)OCC,8.658931,5.5575666
CSCC1=CC=CS1,10.833605,4.690467
CCOC(C1=CC=CC=C1)OC,10.770963,4.7071157
CC1=C(OC=C1)CS,10.932921,4.755038
C/C=C/C(=O)[C@@H]1[C@H](C=CCC1(C)C)C,9.189933,7.304584
CC1=C(C=CO1)SC(C)C(=O)C,10.729128,5.007628
CCNC1=CC=CC=C1C(=O)OC,11.184699,4.5887747
CCC(COC(=O)C)C(=O)OCC,8.841555,4.921701
CCCCCCCCC(C(=O)OCC)O,8.613017,5.608918
CCC(C(=O)OCC)S,9.141476,4.528382
CCC(=O)C(C1=CC=CC=C1)O,10.948051,4.6927724
CCCCCC1C(=C(C(=O)O1)C)C,9.829996,4.7921247
CCOC(=O)CC(C)(OCC)OCC,8.870941,4.582557
CCC/C=C/CC(=O)C,8.686128,6.16814
CCOC(=O)C1=CC=CC=C1CO,11.033582,4.6748238
CC1=CC=C(C=C1)C2C(O2)C(=O)OC,10.832727,4.8980403
CC(CS)C(C)O,8.7963295,4.6963673
CCCCOC(CC(C)C)OCCCC,8.708602,5.2827497
CC(=O)C1=CNCCS1,10.987949,4.637872
CCC(C(=O)OC)OC(=O)C,9.206043,4.9448733
CCCCCCC(=O)C(=O)CC,8.905574,5.3805075
CCCCC(=O)CCO,8.739159,5.5447364
CCCCCC1C(O1)C=O,8.825871,5.379917
CC(C)C(=S)OC,8.623994,4.670084
CCCC/C=C\CC=O,8.67946,6.069077
CCCC/C=C\CCCC=O,8.65352,6.0503454
CC[C@@H](C)CCCCCCCCC=O,8.870442,5.6829886
CCC(C)C(=S)OC,8.760107,4.854593
CCCCOC(=O)C(C)S,8.76227,5.2908387
CCC(C(=O)OC)S,10.887466,4.7889805
CCC(=O)C(C)(C(=O)OCC)O,9.058666,4.464997
CCCC(=O)C(C)(C(=O)OCC)O,9.135383,4.8609076
CCC(C)CCCCC=O,8.811806,5.7360735
C/C(=C\CCC(=C)C=C)/C=O,9.222722,6.956619
CC(CCC=C(C)C)CC(C)(C)O,9.216621,7.0781074
CC(C)CC1N=CCS1,10.743132,4.275585
CCCCCCOC(=O)CCC(=O)C,8.8302145,5.456451
CC(=O)C(=O)OCC=C,8.892381,5.45669
CCCCCCCCCCC(C(=O)OC)OC(=O)C,8.630351,5.5954576
CC(C)(C1=CC=CC=C1)OC=O,10.740062,4.6938767
CC(=O)OCCCCS,8.663318,5.21617
COC(=O)CCSCC1=CC=CO1,9.03069,5.7666383
CCOC(=O)C(C)CS,8.754679,5.061535
CCOC(=O)SCC1=CC=CO1,10.303128,5.0466475
C1=CC=C(C=C1)CCC(=O)C2=CC=CN2,11.047317,4.5500555
CC(C)CCSSSCCC(C)C,8.986176,5.8956156
CCCSSCC1=CC=CO1,8.907902,5.450228
CSC/C(=C/C1=CC=CC=C1)/C=O,11.555992,5.3116736
CC(C)CC(=O)OCCC(C)CCCC(=C)C,9.232366,7.109123
C1CCC(CC1)CC2=NC=CN=C2,10.85619,4.2535887
C/C=C/C(=O)OC(C)(C)CC1=CC=CC=C1,9.335931,6.8863316
CCCC(=O)OC1=C(OC=CC1=O)CC,9.113433,5.6793156
CCCCCCCCCCCCCCCCCC(=O)OC1CC(CCC1C(C)C)C,8.599105,5.596815
CCCC(=O)OC1CC(CC=C1C)C(=C)C,9.202794,7.396755
CC1(CSSSS1)C,8.866751,4.845338
CCCC(=O)CSC,8.866702,4.8154626
CC1C2=C(C=CC=C2OC1=O)C,10.74305,4.8662744
CCCOS(=S)C,8.681918,5.1170096
CC(=O)OC(C1=CC=CC=C1)O,10.9106045,4.66072
CC1OCCC(S1)(C)C,8.9794035,5.380991
CC1(CCOCS1)C,9.388037,4.4128323
CC(C)CCC(=O)OCC=C,8.951234,5.6689205
CCC(C)COC(=O)CC(C(=O)OCC(C)CC)O,8.89309,5.5721116
CCC(C)C(=O)OCCCCO,8.754847,5.345657
CC(C)CCCCOC(=O)C(C)C,8.790893,5.542009
CCCC(=O)OCCCCO,8.60699,5.5004144
CCCC(=O)OC1=CC=CO1,8.861835,5.5454144
CCC(CS)C(=O)OCC,8.643432,4.8026285
CCC(C)C(=O)S,8.082166,4.591363
CCCC(=O)OC(C)CC1=CC=CC=C1,9.549647,5.3787503
CCCCC1C(O1)C=O,8.839354,5.25215
CCC(OCC(C)C)OCC(C)C,8.941861,5.1613717
CCC(OCC)OCC(C)C,8.7784395,4.6845946
CCC(OC)OCC,8.965508,4.5906396
CCCCC(O)S,8.621071,5.5464935
CCC(C)CCCCCCC=O,8.723384,5.6763124
CC1=C(C(CCC1)(C)C)C(=O)CC(C)SC,10.758117,4.4264445
CC1CC(C(O1)C)S,8.81223,4.8064427
CCC(C)C(=O)OCC1=CC=CO1,9.081587,5.3797193
CCCCCCC=CC=C,8.695773,5.769489
CCC1=CN=C(C=N1)C(=O)C,11.433749,4.301711
CCCCCCCCCCCC(=O)OCCC(C)CCC=C(C)C,8.828373,5.9664073
CC1=NC(=CS1)CC(C)C,11.508558,4.221293
CCCCSSS,8.590771,5.341283
CC(C1=CC=CO1)SC,10.750282,4.5832424
CCC(C)C(=S)OCC,8.677795,4.8477
CC(C)CC1SC(SS1)CC(C)C,9.757869,5.1575274
CC(=C(C)C1CCCCO1)C,10.930201,5.0546594
C=CCCCC1CCCC(=O)O1,8.800358,5.711456
CCCCC1(CCCCC1)OC(=O)C,8.852945,5.346329
CC1=CC=CC=C1SSC,11.062765,4.667656
CC(=CCC/C(=C/C(C)(C)O)/C)C,9.185205,7.07672
CC(C)C/C=C(/CSC)\C=O,9.193828,6.764087
CCCCC(OCCCC)OCCCC,8.789596,5.323741
CCCCCC(OCCCCC)OCCCCC,8.701336,5.438857
C=CCOC(=O)CC1CCCCC1,8.995116,5.3707294
CCCCCCOC(=O)/C=C/C=C/C,8.681635,6.081047
CCCCCC1=NC=CS1,11.086788,4.59513
CCCC(=O)OCCCCC(C)C,8.757079,5.5927505
CCC(C(=O)OC1CC(CCC1C(C)C)C)O,9.764679,4.4847894
CC(C)CCCCOC(=O)C,8.779268,5.5951385
CCCOC(=O)C(C)S,8.758363,5.19686
CCCCCCOC(=O)C(CC)S,8.689305,5.39885
CCCOS(=O)(=S)CCC,8.707048,4.832358
CC(=O)CC1=CC=CN1,10.809848,4.5920835
CCCCCC(CC)OC=O,8.691382,5.499434
CCC1(COC(=O)O1)C,9.057775,5.692181
CC(=O)CSSC,8.853555,4.8929644
CC(C)CCOC(=O)C(C)C1=CC=CC=C1,10.79017,4.6372
CC(C)C=NCC1=CC=CO1,10.611651,4.9243293
CC(C)C1CCC(CC1=O)(C)S,10.575921,4.8483024
CCCCC1=C(N=C(S1)C)C,10.763526,4.859578
CC1CC(C2=NC=CN=C12)C,11.250476,4.342251
CCCC(=O)CCCC(=O)OCC,8.729949,5.4697247
CC1=C(C=CO1)SSSSC2=C(OC=C2)C,10.755361,4.883625
C/C=C/C(=O)OC/C=C(/C)\CCC=C(C)C,9.169496,7.071662
CC(=O)OCCCCCCSC(=O)C,8.715766,5.2440867
C/C=C/C=C/C(=O)OCCC(C)C,9.121373,6.8461
CC/C=C\C/C=C/CCO,8.656095,6.206186
CC1=CC=C(O1)CSSC,10.8687935,4.787341
CC(=O)CCC1=NC=CS1,10.795835,4.8379226
CCCC1OCCC(S1)C,8.807037,5.422295
CCCCCC(=O)OCCCSC,8.599632,5.5513754
CSCCCOC(=O)CS,8.698524,5.385182
CC(C)CC1NC(SC(S1)CC(C)C)CC(C)C,9.091896,5.1857347
CNC1=CC=CC=C1C(=O)OCCC2=CC=CC=C2,11.022506,4.6976595
CCCCCCCCCC=CC(=O)OCC,8.586827,5.630622
CCCCC(OCC(C)C)OCC(C)C,8.941723,5.2183537
CCC(OCC)OCCC(C)C,8.748946,4.8609166
CCCCCOC(CCC)OCC,8.660444,5.3755794
CCCOC(C(C)C)OCC,8.701699,5.4196796
CCCCCCOC(C)OCCC(C)C,8.80254,5.5171323
CC1=NC=C(N=C1C)C(=O)C,11.398709,4.4426274
CCC1=CN=CC(=N1)C(=O)C,11.450113,4.3574
CCCCCCCC=C(CCCCCC)C=O,8.699968,5.482402
CC=CC(=O)OCC1=CC=CO1,8.820472,5.703098
CCCSSSCC,8.593854,5.386006
CC(C)CC(=O)OCCC(C)(C)S,8.956128,5.3915396
CCC(C)COC(C)OCC,8.745617,5.4829035
CCC(C)COC(C)OCCC(C)C,9.068075,6.134375
CCCCOC(C)OCCC(C)C,8.98758,5.8604355
CCOC(C(C)C)OCCC(C)C,9.075409,5.3136716
CCCCCOC(C)OCCC(C)C,8.857048,5.5337005
CCCOC(C)OCCC(C)C,9.047921,5.796435
CCC(C)CCCCCCCCCCCCC=O,8.589449,5.592906
CCCCCCOC(=O)C=CCCCCC,8.638729,5.546636
CC(=C)C=CSC,8.783293,5.067126
CCCC=CO,8.60986,5.5703464
CCCCCC=C(C)O,8.679522,5.606495
CC(C)C(=O)SCSC,8.810519,4.8335257
CCCCC=COC(=O)C1=CC=CC=C1,8.854651,5.636032
CCCCC=COC(=O)C=CCCC,8.646461,5.546231
CCCC=CCCCCC=O,8.569997,5.520385
C1CCCOC(=O)C=CCC1,9.016247,5.5310445
CCCC=CC=CC=CC=O,8.602699,5.605687
C1=CSC(=C1)C(=O)CCO,11.0393715,4.528452
CCCCCC(=S)OC,8.626253,5.359463
CCCC=CC=CC=CC=C,8.674673,5.5721846
C1=CC=C(C=C1)C=C(C=O)C2=CC=CO2,11.010433,4.7720766
CCCCCCCCCCC(=O)OCCC(C)C,8.599687,5.5498276
CCCCCCC=COC(=O)CC,8.677696,5.5800524
CCCCCCCCC=CC=CC=CC=O,8.636859,5.626446
CCCCC=COC(=O)CCC,8.698209,5.5181937
CCC=CC(=O)OC(C)C,8.858437,5.63891
CCCCCCCC=CC=CC=CC=O,8.66147,5.5911503
CCC=C(C)OC=O,8.842121,5.791614
CCCCCCCCCC=CC=CC=CC=O,8.627171,5.6356025
CC1=CC(C(CC1)C(C)C)S,10.662836,4.990539
CCC1(CSSS1)CC,8.900294,5.095783
CCCCC=COC(=O)C(C)C,8.799488,5.570882
CCCCCCCC=CC=CC=CC=CC=O,8.6432705,5.639916
CCCCCCCCCC=CC(=O)OC,8.564356,5.603451
C([C@H]([C@@H]1C(=C(C(=O)O1)O)O)O)O,8.171488,4.760655
C(C(C1C(=C(C(=O)O1)O)O)O)O,8.327387,4.631637
CCCCCCCC1C(O1)C=O,8.694287,5.52601
CCCCCC1=NC(=CS1)C,11.109832,4.6650443
COC1=CC=CC=C1CC2CC2,10.763385,4.950184
CCC1C(=NC(S1)CC(C)C)C,11.335684,4.2650514
CCC1=C(SC(=N1)C)CC,9.123069,4.516178
CC(C)CCOC(C(C)C)OCCC(C)C,9.167865,6.0380774
CC(C)CCOC(CC(C)C)OCCC(C)C,9.087065,6.111721
CC(=CC(=O)C=C1COC1=O)C,9.2027855,7.4347744
CCCCCCCCCC(=O)OCCC(C)CCC=C(C)C,9.045221,6.2612042
CCCCCCOC(CCCCC)OCCC(C)C,8.609965,5.56615
CCCCC=CC1C(CC(=O)O1)C,8.883745,5.5426483
CCCCCC(=S)OCC=C,8.652952,5.4049745
CCCCCC(C)OC(=O)CC(C)C,8.797616,5.565349
CCCCCCCOC(=O)CCC(C)C,8.726286,5.5234165
CCOC(=O)CCCCSC,8.6929865,5.2704134
CCCCCCCCCCOC(=O)CCC(C)C,8.673057,5.5079494
CCC1N=C(CS1)C,11.272549,4.2964478
CCOC(=O)C(C)CSC,8.930183,4.478207
CCCCCCCCOC(=O)CCC(C)C,8.715666,5.511334
CCCCCCC(=O)CSC,8.708379,5.353543
CCCCCC(=O)CSCCC,8.662152,5.294562
CCCCCCCC1(CC1)C(=O)O,8.599083,5.462125
CC(=C)C(=O)C(C)(C)C1=CC=CC=C1,10.881333,4.778152
CC1C(C=C2C1(C=CCC2(C)C)C)O,9.640089,7.7004013
CCCCCCCCCCCCCCCC(=O)OC1CC(CCC1C(C)C)C,8.698419,5.5419536
CCCCCCCCCCCCCC(=O)OCC=CC1=CC=CC=C1,8.671922,5.5929136
CCCCCCCC(=O)OC1CC(CCC1C(C)C)C,8.773666,5.438868
CC(=O)OC(C=CC1=CC=CC=C1)OC,10.876511,4.876671
CC(C)C1(CCCCC1)OC(=O)C,9.787229,5.6398807
CC1=C(OC(=N1)C)CC(C)C,11.193563,4.8465166
C1CCCCC=CC(=O)OCCCC1,8.672603,5.532197
CC(C)CCOC(=O)CCCC1=CC=CO1,8.918267,5.6071134
CC(OC)OC(C)OCC1=CC=CC=C1,10.20844,4.9631023
CCCCCC(OCC(C)C)OCC(C)C,8.869214,5.4636803
CCCCCC=CO,8.567199,5.6209097
CCCCC=CC(=O)C(C)C,8.862641,5.50833
CCCC(CC=O)SC(=O)C,8.838852,5.1110883
CCCCCCCCCCCC(=O)OC(C)CCC,8.644551,5.5663443
CCCCC=CC=CO,8.650163,5.6912875
CCCCCCCC=CC=CO,8.642334,5.7058234
CCOC(C)C1=NC=CN=C1,11.346529,4.439
CCCCCCC=CCC(=O)OCC,8.631104,5.6907682
CCCCCC(CCCC(=O)OCC)OC=O,8.740799,5.555497
CCCCC/C=C\CCOC(=O)C,8.649206,6.146787
CCCCCCCCCC(=O)OCC1=CC=CO1,8.7161255,5.629178
CC(C)/C=C(/CSC)\C=O,9.359652,6.529489
CC/C=C\C/C=C\CCOC(=O)C,8.637237,6.2550645
CC(C(=O)OCC1CCCO1)S,12.156317,2.8906348
CCC(C)/C=C(/CSC)\C=O,9.288902,6.748873
C[C@H]1N2CCC[C@H]2S[C@H](S1)C,10.426264,4.474829
CCCCCC(CCCC(=O)OCC1COC(O1)(C)C)O,8.772348,5.488591
CC/C=C\C/C=C/CCOC(=O)C,8.686719,6.226887
CC1C(CCO1)SSC2=C(OC=C2)C,10.53791,4.979651
CC1=C(C=CO1)SSCSC,10.694376,4.7463174
CC(C)CCCOC(=O)CC(C)C,9.002366,5.684567
CCC1C(=NC(S1)C(C)CC)C,10.249721,4.5988274
CCCCCCCC=CC(=O)OCCCC,8.643662,5.578573
CCCCC=COC(=O)C=CC1=CC=CC=C1,8.900566,5.637556
CCC=C(C)SC,8.83437,5.117706
CCCCOC1=C(C=C(C=C1)C=CC)OC,10.633144,4.993852
CC(=CCCC(=CCCC(C)(C1CO1)O)C)C,9.26757,5.61185
CCC1CCC2=NC=CN=C12,11.208993,4.3830757
CCC(C(=O)OCC)OC(=O)C,9.003396,4.9211907
CCC=CCCCC1CCCC(=O)O1,8.819633,5.7241783
CCCC(CO)C(=O)OCC,8.76427,5.345273
CC(=C)C=COC(=O)C1=CC=CC=C1,10.978025,4.7973037
CCOC(=S)C=CC,8.7494545,5.0082974
CCCCC=COC(=O)C1=CC=C(C=C1)OC,8.873625,5.552937
CCCC=C(CC1=CC=CC=C1)C=O,10.860832,4.8693123
CCCCCCCC=CO,8.584887,5.586764
CC1C(=O)C=C2C1(C=CCC2(C)C)C,9.662476,7.9758015
CCCCCCC(C=O)S,8.576588,5.453763
CCCCCC=CC(=O)OCCC,8.59511,5.6009135
CCCCCCC(C(=O)OCC)OC(=O)C,8.7060995,5.434086
CCCC(C)OC(=O)C(C)O,9.041622,5.3235617
CCCCC(=S)OCC,8.686497,5.291533
CC(C)CCOC(CC(C)C)OCC(C)C,9.118303,5.8062577
CC(C)C1=C(C=CC=N1)C(=O)C,11.12454,4.4737163
CCCCOC(=O)C/C=C/CC,8.710075,6.003734
CCOC(=S)C(=C)C,8.858424,4.7426753
CS1=CNCC1,10.537067,4.5973387
CCCCOC(=S)C(=C)C,8.863259,5.136407
CC1=CC(C(CC1)C(C)C)C=O,10.579845,4.497403
CCO/C(=C\C)/C(=O)OCC,11.732449,5.3620796
CC(C)CCCOC(=O)CCC(C)C,8.944145,5.793525
CCCC(O)SCC,8.672797,5.3858886
CCCC(=O)OC(CC)COC(=O)C,8.841493,5.221359
CCC(C(=O)C)C(=S)OCC,8.93015,4.4854584
CCCCCC1=CSC(=N1)C,10.960425,4.819938
C1=COC(=C1)CC2=C(OC=C2)CC3=CC=CO3,10.594607,4.8538895
CCCCOC(C)OCC(C)CC,8.796741,5.608933
CCCCCC=COC(=O)CC(C)C,8.840652,5.6096334
CCCC(CS)OC(=O)C,8.792553,5.2699847
CC(CCCOC(=O)C)C1=CC=CC=C1,10.5742,4.8363366
CCCCC(=O)OCCC1CCCCC1,8.730793,5.4339914
CCCCCOC(C)OCCCC,8.686276,5.440103
CCCCCC(OCC)OCCC(C)C,8.783955,5.2933035
CCC(C)CC(=O)OCCC(C)C,9.079891,6.12071
CC(C)CC(=O)OCCC1CCCCC1,9.004688,5.353269
CCCCCCCCC(C(=O)OCC)OC(=O)C,8.671293,5.573566
CCCCCCOC(CCCCC)OCC,8.654909,5.444618
CCCCCCOC(C)OCC1=CC=CC=C1,8.858492,5.44174
CCCCCCOC(CCCC)OCCCCCC,8.704399,5.46052
CCCCOC(CC(C)CCCC(C)(C)O)OCCCC,8.88716,5.712805
CCCCCCCCCC(=O)OCCCC1=CC=CC=C1,8.714377,5.5757957
CC1=NC=C(N=C1C)OC,11.314172,4.3801003
CC1(CSSC1=O)C,9.034742,4.5684586
CC(C)C(=S)OCC=C(C)C,9.179887,6.132785
CCCCCCCC(CC=O)SC,8.716309,5.44178
CCCCCC(=O)CCS,8.635506,5.3334527
CCC(C)(C=O)SC1=CC=CO1,10.418923,4.5523825
CCCCCCCC=CC(=O)OCC(C)C,8.69635,5.6961946
CC(C(=O)OSC)OC(=O)C,8.855175,5.071524
COC(=S)CCC1=CC=CO1,9.034554,5.5420365
CC=CC1=C(C(=C(C=C1)O)OC)OC,10.737679,4.962268
CC1C(O1)(C2=CC=CC=C2)C(=O)OC,10.660673,4.6059465
CCCCCC=CC=CC=CO,8.545062,5.5801673
CC1=CC(=C(CC1)C(C)C)OC(=O)C,10.597312,5.1352205
CCCCCC(=O)OC=CC(=C)C,8.843458,5.561351
CC1=CC(=C(CC1)C(C)C)C=O,10.712737,4.751861
CC(CCC=C(C)C)CC(O)OC(=O)C,9.272869,6.8289175
CC1C(CCO1)SC(=O)C,9.891615,4.834538
C1=CC=C(C=C1)CCCC2=CC=NN2,11.076725,4.581381
CC(C)C(=S)OCC=C,8.765652,5.13661
CCCCCCOC(C=CCCC)OCCCCCC,8.681107,5.470229
CCCCCCOC(C)OCCCCC,8.685112,5.4507537
CCCCCCOC(C)OCCCC,8.7759905,5.5120893
CCCCOC(=O)C1(C(O1)C)C2=CC=CC=C2,10.678275,4.66973
CCCCCCCOC(=O)C(C)(C(=O)CCC)O,8.82151,5.4344816
CCCCCC(=O)OC(CCCC)C(=O)OCC,8.751977,5.472076
CCCCCCOC(CC(C)C)OCCCCCC,8.652067,5.484489
CCCCCC(OCCCC)OCCC(C)C,8.670385,5.3912315
CCCCCCCCCCCC(OCCCCCC)OCCCCCC,8.590922,5.4557586
CC(C)CC(=S)OCC=C(C)C,9.2509,6.4098663
CC1=CC=CC=C1OC(=S)C,10.901505,4.6200404
C1C=COC1CS,9.904998,4.4086185
CCC(COC(=O)C)C(=O)OC,8.718163,4.7826123
CC(C)CCOC(C(C)C)OCC(C)C,9.044155,5.0856743
CCOC(C(C)C)OCC(C)C,8.99713,5.0336933
CCOC(CC(C)C)OCCC(C)C,9.126021,5.732997
CCCCC1C(=O)OCCO1,9.199482,5.428744
CCCC(=O)OC=CC(=C)C,8.871838,5.515165
CCCCCCCCCC(=O)OC=CCCCC,8.626518,5.5991197
CCCCCC1C(=O)OCCO1,8.92776,5.512843
CCCC1=NC(=C(S1)CC)CC,11.409867,4.4759984
CCCC(C)C(=S)OC,8.697062,5.03359
CC(OCC1=CC=CO1)SCC2=CC=CO2,10.430706,4.9017625
CCCCCCOC(CCCCC)OCCCC,8.700783,5.389967
CCC1(C(O1)(C2=CC=CC=C2)C(=O)OCC)C,10.734156,4.5746074
CCCCOC(=S)C(C)C,8.771095,5.1089363
CCC1CSSSC1(CC)CC,9.58249,5.167491
CC(S)SS,8.498999,4.8765755
CCC(C)C(=S)OCC(C)C,8.901517,4.7507744
CCCCCCCC=COC(=O)CCC,8.653722,5.55869
C(CSCCC(S)S)C(S)S,8.469552,4.681252
CC(C)C(=O)C(=O)O,8.788548,4.722287
C(CC(=O)O)C(=O)C(=O)O,7.837207,4.3988504
CC(C)CC(=O)C(=O)O,8.801962,4.6870823
C1=CC(=C(C=C1C(=O)O)O)O,11.105846,4.5349216
C(CC(=O)O)CN,7.8771787,4.4159017
CC(=O)N,9.803364,4.1917043
N,8.656588,5.1697483
C1C(C(C(C(O1)O)O)O)O,8.347736,4.6718326
C(CN)C(=O)O,7.750422,4.4221835
CC(C(C)O)O,8.242538,4.7047405
C(=O)=O,8.500969,4.732473
C1=CC=C(C=C1)C=CC=O,10.855186,4.6355734
C1=CC=C(C=C1)C=CCO,10.926278,4.5624056
C(C(=CC(=O)O)C(=O)O)C(=O)O,7.7639346,4.4914536
C1=CC=C2C(=C1)C=CC(=O)O2,10.794393,4.9266105
C1=CC=C(C(=C1)C(=O)O)O,10.942699,4.6295633
S,8.664314,5.240079
C(C(C(=O)O)N)C(=O)O,7.8070846,4.417906
CC(C(=O)O)N,7.85868,4.387172
CS(=O)C,8.990611,5.3535466
C(=CC(=O)O)C(=O)O,7.7470593,4.446151
C(CC(=O)O)CC(=O)O,7.35913,4.367276
C(C(=O)O)N,7.979011,4.4841046
C(C(CO)O)O,8.213796,4.591121
CCC(C)C(C(=O)O)N,8.246119,3.9851522
C(CCN)CC(C(=O)O)N,7.8035064,4.455638
CO,8.67693,5.3254476
[N-]=[N+]=O,8.705767,3.8151581
O,4.032184,4.996998
C(=O)(C(=O)O)O,8.067286,4.736938
OP(=O)(O)O,7.9553795,4.8958883
C(CCN)CN,8.364143,4.6653476
CNCC(=O)O,7.938416,4.5342064
C(CS(=O)(=O)O)N,8.048237,4.6473317
CC1=CC=CC=C1,10.99689,4.834123
CC1CCCC2(C1(CCCC2)O)C,10.164412,4.7887554
CCCCOC(=O)C1=CC=CC=C1C(=O)OCCCC,10.688257,4.969011
CCOCC,8.675561,5.458353
CC(=CCCC(=CCCC(=CCO)C)C)C,9.230302,6.9327826
C1=CC(=CC=C1CCC(=O)C2=C(C=C(C=C2O)O)O)O,10.713545,4.9376016
[Cl-].[K+],8.7408905,5.2607455
CC(C)C1=C(C(=CC=C1)C(C)C)O,10.848092,4.815758
CC(C)(C)CC(C)(C)C1=CC=C(C=C1)OCCO,9.794408,5.4988923
C([C@H]([C@H]([C@@H]([C@H](CO)O)O)O)O)O,8.089619,4.726447
C([C@@H](C(=O)O)N)S,8.082125,4.51056
C([C@@H](C(=O)O)N)C(=O)O,7.5552535,4.4264727
C(CCN)C[C@@H](C(=O)O)N,7.6336784,4.4459662
NS(=O)(=O)O,8.158486,4.7107162
C[C@H](CCCC(C)C)[C@H]1CC[C@@H]2[C@@]1(CC[C@H]3[C@H]2CC=C4[C@@]3(CC[C@@H](C4)O)C)C,9.42741,8.213052
C1[C@H]([C@@H]([C@H]([C@H](O1)O)O)O)O,8.404775,4.7257304
C1=CC(=C(C=C1C[C@@H](C(=O)O)N)O)O,8.957766,4.043066
C1=CC(=CC=C1C[C@@H](C(=O)O)N)O,11.084637,4.5704427
CC(C)C[C@@H](C(=O)O)N,7.6303864,4.455475
C(CN(CC(=O)[O-])CC(=O)[O-])N(CC(=O)[O-])CC(=O)[O-].[Na+].[Na+].[Ca+2],9.843601,5.967896
CC(=O)[O-].CC(=O)[O-].[Ca+2],9.789112,5.997898
CC1=C(SC=[N+]1CC2=CN=C(N=C2N)C)CCO.Cl.[Cl-],11.270632,4.504616
CS(=O)(=O)C,8.392313,4.6249847
C(C(=O)[O-])C(CC(=O)[O-])(C(=O)[O-])O.[Na+].[Na+].[Na+],9.8903475,5.9272447
C([C@H]([C@H]([C@@H]([C@@H](CO)O)O)O)O)O,8.133937,4.7331686
C([C@@H](C(=O)O)N)C(=O)N,7.4093275,4.4462185
C1=C(NC=N1)C[C@@H](C(=O)O)N,7.666435,4.4658875
CC(C)[C@@H](C(=O)O)N,7.669611,4.321143
C[C@H]([C@@H](C(=O)O)N)O,7.9514556,4.5726037
C(C[C@@H](C(=O)O)N)CN=C(N)N,7.789422,4.2728996
CC1CO1,9.027253,4.368943
CCOC(=O)CC(CC(=O)OCC)(C(=O)OCC)OC(=O)C,9.132934,4.702555
CCOP(=O)(OCC)OCC,8.943928,4.4660096
CCC(C)C,8.857249,5.8063917
CC(=C)C=O,8.720446,4.9933276
CC(CCC=C(C)C)[C@H]1CC[C@@]2([C@@]1(CCC3=C2CC[C@@H]4[C@@]3(CC[C@@H](C4(C)C)O)C)C)C,9.425238,8.191584
CC(C)(C1=CC=C(C=C1)O)C2=CC=C(C=C2)O,10.778173,4.5981355
CC1CCC(C=C1)(C(C)C)OC(=O)C,10.011475,4.8207135
CC(CC=O)C1=CC=C(C=C1)C(C)(C)C,10.923303,4.5903482
CC1=C(C(=O)CC1)O,10.793214,4.7918563
CC1=C(C(=C(C(=C1[N+](=O)[O-])C(C)(C)C)[N+](=O)[O-])C)C(=O)C,11.719101,4.944979
C1CCC(CC1)OC(=O)C2=CC=CC=C2C(=O)OC3CCCCC3,9.904592,7.3411803
CCOC(=O)C1=CC=CC=C1C(=O)OCC,11.398377,4.6835938
C1=NC2=C(N1[C@H]3[C@@H]([C@@H]([C@H](O3)COP(=O)(O)O)O)O)NC(=NC2=O)N,7.5088863,5.786272
CCCCOC(=O)COC(=O)C1=CC=CC=C1C(=O)OCCCC,9.027274,5.583607
COC1=CC=CC=C1C2=CC=CC=C2,11.027885,4.666944
C([C@H](C([C@H](CO)O)O)O)O,8.173316,4.7716675
CC(=O)C1=CC=CS1,11.002482,4.7323585
CCC1=CC2=C(C=C1C(=O)C)C(CCC2(C)C)(C)C,10.392121,5.048421
CC1CCC(C(=O)C1)C(C)C,10.672714,4.5926237
CC1CCC(=C(C)C)C(=O)C1,9.28126,7.303613
CC(=O)OC(C1=CC=CC=C1)C(Cl)(Cl)Cl,11.142766,4.6652937
C1CCC(CC1)C2CCCCC2=O,9.618384,6.751646
C([C@@H]1[C@H]([C@@H]([C@H](C(=O)O1)O)O)O)O,8.034055,5.0390553
C1=CC=C(C=C1)C(C2=CC=CC=C2)O,10.852982,4.580924
CC=CC1=CC(=C(C=C1)OC)OC,10.876786,4.6974063
CC=CC1=CC(=C(C=C1)OC(=O)C)OC,10.796714,4.977078
C1=CC=C(C=C1)C(=O)OOC(=O)C2=CC=CC=C2,10.92908,4.71145
CCCC1=CC2=C(C=C1)OCO2,10.8242035,4.9227633
CCCC(C(CC)CO)O,8.449757,5.024527
CC1=CC=CC=C1C,10.903986,4.748957
CC1C(O1)C2CCC3(C(C2)O3)C,6.3096194,8.131794
CCC(C)CN,8.545105,5.133649
CCCCCCCCCCCC(=O)N(C)CC(=O)O,8.571186,5.583811
C1=COC(=C1)CO,10.959391,4.644033
CC(C)(C)C1=CC(=C(C=C1)O)O,10.716708,4.7874055
C1CC(=O)N[C@@H]1C(=O)O,7.8080945,4.4517903
CC1=CCC(CC1=O)C(=C)C,10.7075405,4.834121
COC(=O)C1=CC=C(C=C1)O,11.076647,4.627323
CC1CCC(CC1)C(C)C,9.219961,5.459862
CC(=O)C1=CC=C(C=C1)Cl,11.040674,4.502739
CC(=CC1=CC=CC=C1)C=O,10.906254,4.6596775
CCCCCCC(=CC1=CC=CC=C1)C=O,10.844408,4.9113526
COC(=O)C=CC1=CC=CC=C1,11.003585,4.6556306
CCOC(=O)C=CC1=CC=CC=C1,10.970717,4.737636
CC(=O)OCC=CC1=CC=CC=C1,10.931903,4.806856
CCC(=O)OCC=CC1=CC=CC=C1,10.858891,4.827697
CCCC(=O)OCC=CC1=CC=CC=C1,10.784262,4.86251
C1=CC=C(C=C1)C=CBr,10.851919,4.8358364
CCCCCC1CCC(=O)O1,8.772629,5.625766
C1=CC=C(C=C1)C=CCOC=O,10.976698,4.6227694
CCCCCCCC1CCC(=O)O1,8.722065,5.5578628
CCCCCCCCCCCCCCCCCC(=O)OCCOCCO,8.531871,5.612823
CC(CCC=C(C)C)CC=O,9.214485,7.052253
CCCC(=O)OC(=O)CCC,8.88822,5.252899
C#CCO,8.614135,5.28984
CC(CC(C)(C)O)O,9.00705,4.748156
CC(CCO)O,8.539466,5.0420666
CC(=O)OC(=O)C,8.900921,5.1660886
CC1COC(=O)O1,8.890003,5.4495935
CC1=CC(=CC=C1)C,10.906963,4.752482
CC(CNCC(C)O)O,8.451227,4.7089944
CC(COCC(C)O)O,8.650843,5.40509
CC=CC=CCO,8.684651,5.795297
C(CNCCO)N,8.664389,4.681808
C(CO)NCCO,8.33197,4.969177
C(COCCO)O,8.508485,5.2428107
COCCOCCO,8.871064,5.204491
CCCCCCC=CC(=O)OC,8.565733,5.7305217
CCCCCCCCCCCC(=O)OC,8.572439,5.6234937
CCOCCOCCO,8.727366,5.3384614
CCCCCCCCCCCCCCCC[N+](C)(C)C.[Cl-],9.942274,6.3057694
COC,8.593004,5.271458
CCOC(=O)C1=CC=C(C=C1)O,11.064641,4.687968
CC=CC1=CC2=C(C=C1)OCO2,10.922183,4.999214
COC(=O)C1=CC=CC=C1C(=O)OC,11.286244,4.6398296
C1=CC=C(C=C1)CCOC(=O)C2=CC=CC=C2N,11.1466465,4.569221
CC1CCC(C(C1)OC(=O)C2=CC=CC=C2N)C(C)C,11.036952,4.489703
CCCCCCCC1CCCC1=O,8.740958,5.4715314
CC(C)(CO)C(C(=O)NCCC(=O)[O-])O.CC(C)(CO)C(C(=O)NCCC(=O)[O-])O.[Ca+2],9.663052,6.045111
C(C(C(=O)[O-])O)C(=O)[O-].[Na+].[Na+],9.811829,5.997744
C(CN(CC(=O)O)CC(=O)[O-])N(CC(=O)O)CC(=O)[O-].[Na+].[Na+],9.726369,5.993004
C1=CC=C(C=C1)C=CC(=O)O,11.139389,4.6247153
CC(CCC=C(C)C)CCO,9.244705,6.9926753
CC(=CCCC(=CC=O)C)C,9.168361,6.0071363
CC(=CCCC(=CCCC(C)(C=C)O)C)C,9.26221,6.8761344
C1CCOCC1,9.201632,4.1741185
CCCCCCC,8.568805,5.538588
CC=CC=CC=O,8.661673,5.788717
C1CNCCN1.C(CCC(=O)O)CC(=O)O,7.751479,4.123793
C(CC(=O)[O-])C(=O)[O-].[Na+].[Na+],9.866269,5.986314
C1CCCC1,8.904274,5.361621
C([C@H]([C@H]([C@@H]([C@H](C(=O)[O-])O)O)O)O)O.C([C@H]([C@H]([C@@H]([C@H](C(=O)[O-])O)O)O)O)O.[Ca+2],9.575074,5.9301805
CCC=CCC=CCC=CCCCCCCCC(=O)OC,8.623196,5.659062
COC1=C(C=CC(=C1)C=CC=O)O,11.039087,4.5831404
CC(=CCCC(=CC(=O)O)C)C,9.551035,6.340978
CCCCCCC(=O)CCCCCC,8.637423,5.535536
C[C@]12CC[C@@H](C1(C)C)C[C@H]2O,9.48972,8.033011
C[C@]12CCC(C1(C)C)CC2=O,9.624009,8.205955
C[C@@H]1CC[C@@H]2C13CC=C(C(C3)C2(C)C)C,9.594161,7.6778364
C(=O)([O-])[O-].[Ca+2],9.679736,5.937601
CC1=CCCC2(C1CC(CC2)C(=C)C)C,10.541501,5.1267533
CC1CCC2CC1C2(C)C,9.559053,7.895688
C[C@]12CCCC(C3[C@@H]1CCC3C2=C)(C)C,9.636549,7.7448473
CC1CCC(C2=C1C=CC(=C2)C)C(C)C,10.632209,5.0449
CC(=CCC1=C(C=CC2=C1OC(=O)C=C2)OC)C,9.440847,7.2106094
COC1=C(C2=C(C=C1CC=C)OCO2)OC,10.502376,5.076347
CC1=CC(=C(C=C1C)O)C,10.488837,4.826364
CC=C(C)C=O,9.245095,6.3239183
C(=O)([O-])[O-].[Na+].[Na+],9.771605,5.9375587
CC1CCC(=CC1=O)C(C)C,10.788025,4.8469105
C1CCCCCCCC(=O)CCCCCC1,8.7028475,5.48063
C1CSCSC1,9.028142,4.9347396
CC(=CCCC1(C2CCC(C2)C1=C)C)C,9.216818,5.320934
CC(C)C1=CC2=CC[C@@H]3[C@@]([C@H]2CC1)(CCC[C@@]3(C)C(=O)O)C,9.450678,8.265393
CC1=CC(=O)C(=C(O1)O)C(=O)C,10.939956,4.735518
CC1=CC[C@@H]2[C@@H](C1)[C@@H](CC=C2C)C(C)C,9.359223,7.8243294
COC1=CC(=CC(=C1O)OC)C=CC(=O)O,10.850943,4.932857
COC1=CC2=C(C=C1)C=CC(=O)O2,10.828746,4.879419
CCCCCCCC(=O)OCC(COC(=O)CCCCCCC)OC(=O)CCCCCCC,8.613853,5.648928
CCCCCOC(=O)CCC,8.678967,5.3051367
C[Si]1(O[Si](O[Si](O[Si](O[Si](O[Si](O1)(C)C)(C)C)(C)C)(C)C)(C)C)C,8.971316,5.524004
CCCC(=O)N,8.504752,5.434167
CCC=CCCO,8.606614,5.5818677
CC1C2CC2(CC1=O)C(C)C,9.680486,7.388125
C(=O)([O-])[O-].[Mg+2],9.742006,5.9218526
COC1=CC2=C(C=CN=C2C=C1)C(C3CC4CCN3CC4C=C)O.OS(=O)(=O)O,11.079363,4.5710845
C1C(OC2=CC(=CC(=C2C1=O)O)O)C3=CC(=C(C=C3)O)O,10.675763,4.832391
CC(C)C1CCC(=C)C=C1,10.795552,4.8047657
CSC#N,8.655858,5.214201
CCC=CCCC=CC=O,8.657961,5.570597
CC1CCCCC1O,8.878582,5.195364
C(=O)([O-])[O-].[K+].[K+],9.711082,5.9550343
CC(=C1CCC(CC1)(C)O)C,10.080972,4.512306
C1=CC=C(C=C1)NC2=CC=CC=C2,11.318384,4.573469
CC1CCC(CC1)C,8.960469,5.3167224
CC1CCCC(C1)O,9.652573,6.6452694
CC1CCC=CC1,10.495555,4.846914
CC1CCCC=C1,10.765397,4.800996
CC1=CCCCC1,9.310323,5.110582
CC(C)(CO)N,8.755338,4.7103724
C1=CC=C(C=C1)COCCO,11.016653,4.6376605
C1=COC(=C1)C=CC=O,10.878823,4.7875137
CCC=C(C)C=O,9.282985,6.1415257
CCOC(=O)C=CC,8.736488,5.4916058
CC(CC=C)O,8.843446,4.9571533
CC=CC(=O)C,8.823834,5.711531
CCC=CC(=O)O,8.634659,5.5835013
C=CSC=C,8.831185,5.2081013
C(CCCC#N)CCC#N,8.697365,5.0093937
CCCCCCCCCCCCCCCCCCC,8.5260105,5.536909
CCCCCCCCCCCCCCCCCCCCC,8.548357,5.5170307
CCCCCCCCCCCCCCCCCCCCCC,8.51575,5.5656304
CCCCCCCCCCCCCCOC(=O)C,8.562412,5.5935984
CCCCCCCCCCCCCCCCCC=O,8.550743,5.5301204
CCCCCCCCCCCCCCCCCCCCCCC,8.558575,5.505599
C1=CC=C(C=C1)CCC#N,11.043554,4.575742
CC=C(C)C=CC=C(C)C,9.245939,6.897768
CC1=CC(=O)OC(=C1)C,10.809801,4.7968135
CC1=CC(=C(C(=C1)O)C)C,11.0545,4.865487
CCC=CC=O,8.617389,5.5293984
CCCCCCCCCCOC=C,8.636736,5.4789844
C1CCC(=O)C(=O)C1,10.685045,4.7844253
C(C(=O)[O-])C(CC(=O)[O-])(C(=O)[O-])O.C(C(=O)[O-])C(CC(=O)[O-])(C(=O)[O-])O.[Ca+2].[Ca+2].[Ca+2],9.74304,6.017261
CC(C(=O)[O-])O.CC(C(=O)[O-])O.[Ca+2],9.760814,5.959975
C(C(=O)[O-])C(CC(=O)[O-])(C(=O)[O-])O.[K+].[K+].[K+],9.786423,5.942248
C(C(C(=O)[O-])O)(C(=O)[O-])O.[Na+].[Na+],9.789773,5.9498987
CCCC=CCO,8.632543,5.5050883
C(=O)(O)[O-].[NH4+],9.642419,5.9011807
CCCC=CC(=O)C,8.812519,5.53796
CCCCOC1=CC=CC=C1,10.785077,4.9299226
CCCCCCCCCCCCOC(=O)C1=CC(=C(C(=C1)O)O)O,8.803353,5.4932575
C(C(=O)[O-])C(CC(=O)[O-])(C(=O)[O-])O.N.[Fe+3],9.789278,5.9801254
C(CO)C(CCO)OP(=O)([O-])[O-].C(C(COP(=O)([O-])[O-])O)O.[Fe+2].[Fe+2],9.408512,5.960034
O=[Ca],8.781432,5.041436
O=[Mg],8.687156,5.1307716
O=[Zn],8.702392,5.0124307
O=[V](=O)O[V](=O)=O,8.216252,4.759035
O=[Cu],8.66487,5.0799603
CC(C)CCCCCCC=O,8.697873,5.557137
COC(=O)C1=COC=C1,11.049365,4.750184
[O-][Si]([O-])([O-])[O-].[Ca+2].[Ca+2],9.709292,5.976895
C[C@]12CC[C@](C[C@H]1C3=CC(=O)[C@@H]4[C@]5(CC[C@@H](C([C@@H]5CC[C@]4([C@@]3(CC2)C)C)(C)C)O[C@@H]6[C@@H]([C@H]([C@@H]([C@H](O6)C(=O)O)O)O)O[C@H]7[C@@H]([C@H]([C@@H]([C@H](O7)C(=O)O)O)O)O)C)(C)C(=O)O,4.072639,4.874956
CC1=C(C2=C(CC[C@@](O2)(C)CCC[C@H](C)CCC[C@H](C)CCCC(C)C)C(=C1O)C)C,9.284502,7.6506
COC1=CC=CC=C1C=CC=O,10.960709,4.6614285
CC=CC=CCOC(=O)C,9.1757145,5.9819164
CC=CC(C)O,9.041449,6.084907
CCC=CCO,8.682768,5.5345435
CCCCC=CCC(=O)O,8.623772,5.6145973
CC1(C2CCC(C2)(C1O)C)C,9.495901,6.4356728
CC(=O)C1=CC2=CC=CC=C2O1,11.030035,4.695383
CCCCC=CC(=O)C,8.75586,5.678937
CCCCCCC1OCC(O1)CO,8.576203,5.7534866
CCC=CCCOC(=O)C,8.932079,5.9398026
CC1=C(SC=N1)C=C,11.370343,4.4242544
CCCCCCCCCCCCCCCC[N+](C)(C)CCCCCCCCCCCCCCCC.[Cl-],9.96062,6.3503847
C=CCOC(=O)C=CC1=CC=CC=C1,10.840848,4.7928367
CC(=O)C=CC1=CC=CC=C1,10.870599,4.6894
CCCCOC(=O)C1=CC=CC=C1O,10.900599,4.8605027
CCCCCCCCCCCCCCCCOCCO,8.550227,5.51831
CC1=C(C(=CC=C1)C(C)(C)C)O,10.931832,4.7074733
CC(=O)CCCC1=CC=CC=C1,10.852895,4.691845
CC1=CC[C@@H](CC1=O)C(=C)C,9.344186,7.6109405
CCCCCC=CC=O,8.605485,5.6786776
CCCCC(C)(C)CO,9.025749,5.577113
CC1(C2CCC1(C(C2)(C)O)C)C,9.393303,5.7476735
CC1=CC(=C(C=C1)O)C(C)(C)C,10.905706,4.611387
CCCCCCCCC=CCCCCCCCC=O,8.576244,5.609766
CC(CCC=C(C)C)C=C,9.252695,7.0097013
CCCCCCCCCCCC#N,8.492913,5.478573
CC1=CC2=C(C=C1)C=CC(=O)O2,10.650293,4.933053
CCCCC=CC=O,8.653251,5.5399914
CCCC=CCOC(=O)C,8.880311,5.8192334
CCC(=O)C=CC,8.901838,5.641793
CCOC(=O)COC1=CC=CC=C1,11.037316,4.7930236
CCC(=O)OC1CC2(CCC1C2(C)C)C,9.516524,7.7515125
CCCCCCCCCCCCCCC=O,8.579723,5.594081
CC1=CCC2(C1C2)C(C)C,9.570513,7.4681354
CC1CCCC(C1)(C)C,9.151827,5.1253386
CCC=C(C)C(=O)O,9.37845,5.9901013
C(C[C@@H](C(=O)O)N)C[NH3+].C([C@@H](C(=O)[O-])N)C(=O)O,7.3617177,4.4421444
CCCCCCCCCCCCCCOC(=O)CCCCCCCCCCCCC,8.556266,5.587076
CC(=CCC=C(C)C=C)C,9.287721,6.9381204
C1CCCCC(=O)OCCCCCOCCCC1,8.680233,5.45838
CC(=O)C1=C(C=CO1)O,10.715663,4.8710747
CCCCCCCCCCCCCCCCOP(=O)(O)O,8.55219,5.643304
CC1=CC(=CC=C1)OC2=CC=CC=C2,11.075709,4.612515
C[C@@H]([C@@H]([C@H]([C@H](C=O)O)O)O)O,8.081177,4.833126
C[C@@H]1CC[C@@H]([C@@H](C1)O)C(C)C,10.192517,4.4482536
CC=CC(=O)O,8.698803,5.6159143
CC[N+](CC)(CC1=CC=CC=C1)CC(=O)NC2=C(C=CC=C2C)C.C1=CC=C(C=C1)C(=O)[O-],11.035549,4.976486
CC1=CCC2C3C1C2(CCC3C(C)C)C,9.620341,8.110238
CCCCCCCC=CC=O,8.609243,5.667984
CCC(=O)[O-].CCC(=O)[O-].[Ca+2],9.771446,6.0298495
CC1C(CCC1(C)O)C(=C)C,9.401832,5.846739
CCC=CC=CC=O,8.605794,5.5654345
CC1=CCC(CC1)C(=O)O,10.986389,4.547082
COC(C=CC1=CC=CC=C1)OC,10.800091,4.8246756
CC=C(C=O)C1=CC=CC=C1,10.975796,4.72146
CCCCC(C)C(=O)O,8.587589,5.5710263
CCCC(=O)C=CC,8.8917885,5.411421
CC=C(C)CO,9.270312,6.6592164
C1=NC(=O)C2=C(N1)N(C=N2)[C@H]3[C@@H]([C@@H]([C@H](O3)COP(=O)([O-])[O-])O)O.[Na+].[Na+],7.961206,5.292101
CCCCCC1CCCC1=O,8.795368,5.482887
CCCCCCCCCC=CC=O,8.573153,5.651661
C1CSCS1,9.308302,4.3969035
CC(C)CCCC(C)C=C,9.224107,6.6837754
CC(C)C=CC(=O)C,9.224105,6.8771477
CC(C)C=CC=O,9.079398,6.042004
CCOC(=O)CC1CCCCC1,9.3813305,4.840661
CC(=CCCC(=CC#N)C)C,9.407414,6.3509674
CC1SCCS1,9.0846815,5.006078
CC(C)CCCCCCCCCCCCCCC(=O)O,8.564523,5.6052628
C[C@@H]1CC[C@H](CC1=O)C(=C)C,10.052765,5.303649
CC1SCCCS1,8.864638,5.19493
C1=CC=C2C(=C1)C(=NS2(=O)=O)[O-].C1=CC=C2C(=C1)C(=NS2(=O)=O)[O-].O.[Ca+2],9.975479,5.6698937
C1CCCCCOCCCCOC(=O)CCCC1,8.773424,5.3449492
CCC=CCC=O,8.597507,5.594108
C([C@@H](C(=O)O)N)S.O.Cl,8.006296,4.621038
CC1=NC2=CC=CC=C2N=C1,11.359194,4.46151
CCCCCCCCCCOC,8.595804,5.5401163
CCCCCC=CC(=O)OCC,8.597678,5.6420736
CCCCC(CC)COC(=O)C(CC)CCCC,8.668546,5.501402
[He],3.9913945,4.811828
[Zn],3.9665534,4.815646
[O-]S(=O)(=O)[O-].[Mg+2],9.673748,5.924392
CCOC(C=C(C)CCC=C(C)C)OCC,9.2230015,6.9527287
C=CCOC(=O)C1=CC=CC=C1N,11.23685,4.6407127
CCC(=O)OC1=CC=C(C=C1)C,10.3995285,5.1714883
CC(=CCCC(=CC(OC)OC)C)C,9.568458,5.9416866
C(CC(=O)[O-])C(C(=O)O)N.[NH4+],9.798839,5.902586
OP(=O)([O-])[O-].[Na+].[Na+],9.753202,5.9591184
C([C@@H]1[C@@H]2[C@@H]([C@H]([C@H](O1)O[C@@H]3[C@H](O[C@@H]([C@@H]([C@H]3O)O)O[C@@H]4[C@H](O[C@@H]([C@@H]([C@H]4O)O)O[C@@H]5[C@H](O[C@@H]([C@@H]([C@H]5O)O)O[C@@H]6[C@H](O[C@@H]([C@@H](C6O)O)O[C@@H]7[C@H](O[C@@H]([C@@H]([C@H]7O)O)O[C@@H]8[C@H](O[C@H](O2)[C@@H]([C@H]8O)O)CO)CO)CO)CO)CO)CO)O)O)O,4.112537,5.2442594
[O-]P(=O)([O-])[O-].[Na+].[Na+].[Na+],9.739733,5.9845953
O=[Si]=O,8.681855,5.1613145
[N+](=O)([O-])[O-].[Na+],9.749918,5.9451227
[O-]S(=O)(=O)[O-].[Fe+2],9.653432,5.926096
[O-]P(=O)([O-])OP(=O)([O-])[O-].[Na+].[Na+].[Na+].[Na+],9.711854,5.9991846
[N+](=O)([O-])[O-].[K+],9.748503,5.9647236
[O-]P(=O)([O-])[O-].[O-]P(=O)([O-])[O-].[Mg+2].[Mg+2].[Mg+2],9.704597,5.956606
[O-]P(=O)([O-])[O-].[O-]P(=O)([O-])[O-].[Ca+2].[Ca+2].[Ca+2],9.793315,5.9598813
[O-]S(=O)(=O)[O-].[Ca+2],9.6593685,5.900543
N.N.OS(=O)(=O)O,8.146274,4.79345
[O-]I(=O)=O.[O-]I(=O)=O.[Ca+2],9.5792885,5.892885
[O-]P(=O)([O-])OP(=O)([O-])[O-].[Ca+2].[Ca+2],9.652687,5.991357
O.O.O.O.O.O.[Cl-].[Cl-].[Co+2],9.709662,5.9369445
CC(C)(C)C1=C(C=CC(=C1)O)OC.CC(C)(C)C1=C(C=CC(=C1)OC)O,10.515783,5.170365
CC1=CCCC(C1C=CC(=O)C)(C)C,9.509212,7.1293025
CCCCCCCCCCCCCCCCCC(=O)OCC(CO)O,8.497874,5.652605
COC1=CC=CC(=C1O)CC(CS(=O)(=O)[O-])OC2=C(C=C(C=C2)CCCS(=O)(=O)[O-])OC.[Ca+2],10.8679495,5.2319093
CC(=O)O.C(C(C(C(C(C=O)O)O)O)O)O,8.064747,4.7257624
CCCCCCCCCCCCOCCO,8.582938,5.5877037
CCCCOCC(C)OCC(C)O,8.550259,5.939508
CCCCCCCCCCCCCCCCCC(=O)OCCO,8.562532,5.6151767
C(C1[C@@H]2C(C([C@H](O1)O[C@@H]3C(O[C@@H](C(C3O)O)O[C@@H]4C(O[C@@H](C(C4O)O)O[C@@H]5C(O[C@@H](C(C5O)O)O[C@@H]6C(O[C@@H](C(C6O)O)O[C@@H]7C(O[C@H](O2)C(C7O)O)CO)CO)CO)CO)CO)O)O)O,7.3953376,6.7046795
[O-]S(=O)(=O)[O-].[O-]S(=O)(=O)[O-].[O-]S(=O)(=O)[O-].[Al+3].[Al+3],9.628302,5.887959
O.O.[O-]S(=O)(=O)[O-].[Ca+2],9.604484,5.8891664
[O-]S(=O)[O-].[K+].[K+],9.762999,6.0105286
C1=CC=C(C(=C1)C(=O)O)O.C(CO)N(CCO)CCO,8.187866,4.3870273
CC(COC(=O)C)C1=CC=CC=C1,10.892087,4.680492
CC(=O)OC1CCC2CCCCC2C1,9.686289,7.9859176
C1CCC2CC(CCC2C1)OC=O,9.695136,7.3438306
[NH4+].[SH-],9.007971,5.189418
[NH4+].[Cl-],8.85899,5.1389914
[NH4+].[NH4+].[S-2],8.811317,5.2715325
CCCCCC=C(CCCC)C=O,8.691389,5.5557675
CCCCCCC#CC(OC)OC,8.71981,5.704481
O=[Ti]=O,8.678843,5.1596055
CCC(=O)C1=CC=CS1,10.895162,4.6623034
CC(C)C1=CC=C(C=C1)C#N,11.209499,4.774075
C[C@@H]1CC[C@H](C(=O)C1)C(C)C,10.608803,4.3585005
O[Si](=O)[O-].O[Si](=O)[O-].[O-][Si](=O)[O-].[O-][Si](=O)[O-].[Mg+2].[Mg+2].[Mg+2],9.765015,5.972421
CC1=C(C(CCC1)(C)C)C=CC(=O)C,10.469253,4.775381
CC1=CCC(CC1)(C(C)CCC=C(C)C)O,9.3498535,6.853124
CC(=CC=CC(=O)C)C,9.225919,6.760161
CCCCCCOC(=O)C(=CC)C,8.796742,5.415597
CC(=C)[C@H]1CC[C@@]2(CCCC(=C)[C@H]2C1)C,9.341576,8.0008
CC1(C2CCC1C(=C)C2)C,9.735782,7.1209197
CC1=CC(=O)C2CC1C2(C)C,9.487296,7.621127
CCCCCC=CCO,8.596059,5.6717625
CCCCCCCCCCCCCCC(=O)C,8.60433,5.566581
CCCCC=CC(=O)O,8.584435,5.59005
C[C@H]1[C@@H]([C@H]([C@H]([C@@H](O1)O[C@@H]2[C@H]([C@@H]([C@H](O[C@H]2OC3=CC(=C(C(=C3)O)C(=O)CCC4=CC(=C(C=C4)OC)O)O)CO)O)O)O)O)O,3.966326,4.946941
CCCCCCCCCCCCCCCCCC[N+](C)(C)CC1=CC=CC=C1.[Cl-],9.97217,6.279482
CCCCCC(=CC1=CC=CC=C1)C=O,10.732837,4.859251
CC(C)CCOCC1=CC=CC=C1,10.556542,4.7221274
CCCCCCCCCCCCCCCC[N+]1=CC=CC=C1.[Cl-],9.98767,6.26386
CCCCCCCCCCCCOC(=O)CCSCCC(=O)OCCCCCCCCCCCC,8.557449,5.5402865
CC(=CCCC(=C)C=C)C,9.201141,7.0371494
CCC(=O)OC(=O)CC,8.852143,5.304348
C1CCNC1,9.254572,4.0217576
CCCCCCCC#N,8.489785,5.376331
C1=CC(=CC=C1O)S(=O)(=O)[O-].C1=CC(=CC=C1O)S(=O)(=O)[O-].[Zn+2],9.923735,5.8051243
CC1=CC(=C(C(=C1)C(C)(C)C)O)C(C)(C)C,10.801148,4.7824993
CC=CC(=O)C1=C(CCCC1(C)C)C,9.525652,7.011452
C(CO)COCCCO,8.696286,5.056828
CC1=CC=CC=C1C(=O)OC,10.992857,4.664211
CC(C)CCCCCCCOC(=O)CCCCC(=O)OCCCCCCCC(C)C,8.556558,5.623664
CCCCCCC=CC,8.649834,5.6335635
CCC1C(=O)C(=C(O1)C)O,10.664638,4.68201
CC(C)CC1=NC=CN=C1,11.272142,4.3399034
CCC1=CN=CC(=N1)C=C,11.103228,4.410544
CCOCC=C(C)CCC=C(C)C,9.217952,6.993101
CC1CSCS1,8.881127,4.8848205
C1CCCCCC(=O)OCCOC(=O)CCCC1,8.74479,5.378731
CCCC[C@@H]1[C@@H](CC(=O)O1)C,9.009401,6.0461273
C1CCC(CC1)C2CCC(=O)CC2,10.02754,5.223419
CCC=CCC=CCCO,8.616696,5.7426634
CC=CC(=O)C1C(C=CCC1(C)C)C,9.595597,6.7142563
CCCCC=CC(C)O,8.672356,5.718843
CC(=CCC(=O)C1=COC=C1)C,10.651412,4.8714595
CCCC(=O)C(CC)SC1=C(OC=C1)C,10.48789,4.7562065
CC1=CC2C(C2(C)C)CC1C(=O)C,9.544989,7.7288456
C[C@@H]1CC[C@@H]([C@H](C1)O)C(C)C,10.168748,4.3194585
CC1C(C2=C(C1(C)C)C=C(C(=C2)C)C(=O)C)(C)C,10.708632,4.8395586
CCOCCC(C)CCC=C(C)C,9.272342,7.072043
CC(CC(=O)OCC=C)CC(C)(C)C,9.022269,5.7381644
CCCC=CCC=O,8.5673895,5.6171603
C([C@@H](C(=O)O)N)S.Cl,8.211116,4.511763
CCOC1=C(C=C(C=C1)C=CC)O,10.945981,4.7844815
CC(=CCCC(=CCOC(=O)CC1=CC=CC=C1)C)C,10.786326,4.9321847
CC=CC1=CC(=C(C=C1)OCC2=CC=CC=C2)OC,10.819282,4.719575
CC(=O)O[C@@H]1C[C@@H]2CC[C@@]1(C2(C)C)C,9.252226,7.805514
CCC(=O)C=CC1C(=CCCC1(C)C)C,10.652974,4.820945
CCC(=O)C=CC1=C(CCCC1(C)C)C,10.4279585,5.1188874
CC1CCC(CC2=C1CCC2C)C(C)(C)OC(=O)C,9.42981,7.9497113
CC(C)CC(=O)OCC=CC1=CC=CC=C1,10.746632,4.743565
CC=CCCCCCCCC=O,8.567687,5.690145
CC1=CCCC(=C(C)C)C1=O,10.748261,5.1550846
CC=CC(=O)OCC(C)C,9.240385,6.5941987
C1=CC=C(C=C1)C(=O)OCC(COC(=O)C2=CC=CC=C2)OC(=O)C3=CC=CC=C3,11.036604,4.7331824
CC(=CCCC(=CCCC(=CCCC(=O)C)C)C)C,9.212557,6.808763
C=CC=CC=O,8.609087,5.8034515
CC1=CCC(C1(C)C)CCOC(=O)C,9.498925,7.653215
CCC=CCC(=O)OCC,8.649969,5.7039847
CCCCCC=CC(=O)OC,8.60021,5.6177306
COC1=CC2=C(C=CN=C2C=C1)[C@H]([C@@H]3CC4CCN3C[C@@H]4C=C)O.COC1=CC2=C(C=CN=C2C=C1)[C@H]([C@@H]3CC4CCN3C[C@@H]4C=C)O.O.O.OS(=O)(=O)O,10.034082,6.722216
CC=CCCCO,8.6834345,5.677921
CCCCCCOC(=O)CCC1=CC=CC=C1,8.944815,5.5918803
CC(C)CC1=CC=CC=N1,10.90225,4.754168
CC(C)CC(=O)O.N,8.06707,4.017524
CCCCCCCCCCCCCCCCO.CC1CO1.C1CO1,8.6133375,5.629382
CCC=CCCOC(=O)C(C)CC,8.830632,5.5150604
CCCCCCC=CC=CC=O,8.574385,5.6681976
CC(=O)C1=C2CCC(C2=CC(=C1)C(C)(C)C)(C)C,10.714003,4.87823
CCCCCC=CCC(=O)OC,8.562507,5.67891
[O-][Si](=O)[O-].[Mg+2],9.73582,5.9367986
CCCCCC=CC=CC=C,8.625987,5.8810425
CCCCC(CC)CCC(=O)O,8.560074,5.5398817
CCCC=CC=CC=O,8.596923,5.6944103
CCCCCCC=CCO,8.562126,5.6910877
CCC(C)C(C)C=O,9.193065,6.6404552
CCCCCCCCC=CCO,8.62616,5.571456
CC=CC(C)C(=O)O,8.594845,5.6405544
CC=CC(=O)C1C(=CCCC1(C)C)C,10.595067,5.047865
CCCCCC(C)CCC(=O)O,8.602261,5.592731
CCCC(CCOC(=O)C)SC,8.718669,5.0275865
CCCCC(C)CCC(=O)O,8.63935,5.6292386
CC1=CC(=C(O1)C)SC(=O)C2=CC=CO2,10.969831,4.6769967
CCCCCCCCCCCCCCCCCC(=O)NCCCN(C)C.CC(C(=O)O)O,8.528828,5.6727014
CCCCCCCCCCCCCCCCCC(=O)NCCCN(C)C,8.577201,5.5946484
C[C@@H]1CC[C@H]([C@@H](C1)OC(=O)C(C)O)C(C)C,8.935165,6.3505735
C1=CC=C2C=C(C=CC2=C1)OC(=O)C3=CC=CC=C3N,10.990765,4.728166
CCCCCCCCCCCCCCCCCCO.CCCCCCCCCCCCCCCCO,8.533067,5.5255094
CCC(C)(C)C1CCCCC1OC(=O)C,9.482698,5.078308
C[C@@H]1CC[C@@H]2C13CC[C@@]([C@H](C3)C2(C)C)(C)OC,9.654118,7.633524
CO[C@H]1C(C(C([C@H](O1)COCCO)OCCO)OCCO)OCCO,8.0079975,6.06033
CC1=C(C(=C(C(=C1[N+](=O)[O-])C(C)(C)C)[N+](=O)[O-])C)[N+](=O)[O-],11.84934,4.9329815
CC(C1=CC=CC=C1)OC(=O)C,10.82567,4.7220354
CC1CCC2=C(C1)C(=CO2)C,10.530216,5.1632323
CC1=CCC(=C(C)CCC=C(C)C)CC1,9.197132,7.1564217
CC(C)C12CCC(C1C2)(C)O,9.759947,7.0468
CCCC=C1C2=CC=CC=C2C(=O)O1,11.010131,4.6217256
CCC=CCC1C(CCC1=O)CC(=O)OC,9.003895,6.0128775
CC(C)[C@@H]1CC[C@@]2([C@H]1[C@@H]3[C@H]2CCC3=C)C,9.424938,7.995145
C1=CC=C2C(=C1)C(=NS2(=O)=O)[O-].C1=CC=C2C(=C1)C(=NS2(=O)=O)[O-].[Ca+2],10.196129,5.452695
CCCCCCCCCCC=CC=O,8.594166,5.650147
[O-]P(=O)([O-])[O-].[K+].[K+].[K+],9.7171545,5.9671173
CC(C)CCOC(=O)C=CC1=CC=CC=C1,10.75922,4.933148
CCCCCCCCCCCCCCCCCCOCC(C)O,8.55927,5.6026754
CC(=CCCC(C)(C#C)O)C,9.23392,7.1308866
CCNC(=O)C1CC(CCC1C(C)C)C,10.337297,3.917475
CC=C(CSC)C=O,8.903952,5.0697055
CCCCCCCCCCCCCC#N,8.536915,5.50434
C[C@H](C(=O)NC1C(SC1(C)C)(C)C)NC(=O)[C@H](CC(=O)O)N,6.4146833,3.7691386
CC(CC1=CC=C(C=C1)C(C)(C)C)C=NC2=CC=CC=C2C(=O)OC,10.96576,4.459613
CC1=CC=C(C=C1)CCC=O,10.9834585,4.735467
CC(CC1=CC=C(C=C1)OC)C=O,10.941322,4.596191
CC(C)(C)C1=CC=C(C=C1)CCC=O,10.728093,4.95416
CCC(C)C(=O)SC,8.806294,4.233329
CC(C)C(C)(C(C)C)C(=O)NC,9.319494,3.628053
CC1CCC2(O1)C(CCCC2(C)O)(C)C,9.485965,7.5224547
CC(=O)OCC(CO)OC(=O)C,8.873617,5.3755794
CCCCC(=O)C1=CC=CC=C1,10.674867,4.8307376
C1CCC(=C(C#N)C2=CC=CC=C2)CC1,11.454678,4.7978787
C=CCOC(=O)C1=CC=CC=C1O,10.913452,4.9080305
CCCCOC1=CC=C(C=C1)C,10.825586,4.9098644
CCCCCC#CC(=O)OCC,8.62353,5.5891557
CCCCCCCCCC(C)CO,8.58559,5.6561847
CC(=O)OCC1=CC=C(O1)C=O,10.373675,5.1006994
CC1=C(C=C2C(=C1[N+](=O)[O-])C(CC2(C)C)(C)C)[N+](=O)[O-],11.367624,4.7853827
CCC(=O)C1=CC=C(C=C1)OC,10.803216,4.701641
C1=CC=C(C=C1)CCCOC(=O)CC2=CC=CC=C2,11.060186,4.618774
CC(=CCC[C@@](C)(C=C)O)C,9.380729,7.5910854
CC(C)C1=CC2=C(C=C1)N=CC=C2,11.062188,4.618611
CC1=C(C(=C(C(=C1C)[N+](=O)[O-])C(C)(C)C)[N+](=O)[O-])C,11.225165,5.2533545
CC1=CC(=CC=C1)OC(=O)C,10.891158,4.8511558
CC(=CCCC(=CCCC(=CC=O)C)C)C,9.005835,5.877525
CC(=CCCC1=COC=C1)C,9.81801,5.6867123
CCOCC(=O)O[C@@H]1C[C@@H](CC[C@H]1C(C)C)C,9.473921,7.4222684
CCCC1=CC(=CC=C1)O,10.818626,4.889972
C1CC2=CC=CC=C2NC1,11.23896,4.389508
C1=CC=C(C=C1)C(=O)C2=CC3=CC=CC=C3C=C2,11.019573,4.620414
C1CCC2=C(C1)CCC(=O)O2,10.80682,4.9146824
CC1(COC2(CCCCC2)OC1)C,9.310786,5.9767
CC(=O)C1=CC2=C(CCCC2)C=C1,11.052183,4.7712226
COC1=CC=C(C=C1)C#N,11.045009,4.599161
COC1=CCCCC1,9.143597,5.4375963
COC1(CCCCCCCCCCC1)OC,8.755353,5.351718
CCCCCCCC(=O)N(CC)CC,8.656116,5.5212784
COC1CCC2=CC=CC=C12,10.809662,4.865092
C=CCC1=CC(=C(C=C1)O)O,10.924739,4.723018
C1CCC(CC1)CCCOC=O,8.715085,5.481526
C[C@@H]1CC[C@@H](C(=O)C1)C(C)C,10.4906025,4.669209
C1=COC(=C1)CC2=CC=CO2,10.724254,4.907778
C[C@H](C(=O)O)N,7.5676475,4.4956446
C(C(=O)[O-])C(CC(=O)[O-])(C(=O)[O-])O.O.O.[Na+].[Na+].[Na+],9.832173,5.999883
C=CCC1=CC(=C(C=C1)O)C2=C(C=CC(=C2)CC=C)O,10.937484,4.8151727
CCCCCCCC1=CC=CC=N1,8.755365,5.4443073
C=C1CC[C@@H]2[C@@H]([C@@H]3[C@H]1CCC3=C)OC(=O)C2=C,9.254488,7.846358
[OH-].[OH-].[Mg+2],9.032143,5.291821
CC(C)C1=CC=NC2=CC=CC=C12,11.185959,4.4274406
CC(C)CC1=CC=NC2=CC=CC=C12,11.107725,4.608161
CC(C)C1=CC=CC(=C1)CC=O,10.833868,4.7554045
COC(=O)CC(CC(=O)OC)(C(=O)OC)O,8.937453,4.643576
CCCCCCC1OCCO1,8.654686,5.658531
C1CCCCOCCCCCCOC(=O)CCC1,8.687626,5.438063
CC1=CC(=CC=C1)CCO,10.8807745,4.805701
C1=CC=C(C=C1)C=CC#N,11.102573,4.713036
CCCCCCCCCC#N,8.5585785,5.490304
CC1=CC(=CC(=C1C(=O)C)C)C(C)(C)C,10.764817,5.084864
CC(C)(C)C(=O)OCC1=CC=CC=C1,10.709145,4.793978
CCCCCCCCCCCCCCCCCCOCCO,8.539712,5.590892
CCCCCCCCCCCCCCCCOP(=O)(O)OCCCCCCCCCCCCCCCC,8.535549,5.614392
CC(=O)OC(=C)C1=CC=CC=C1,10.917326,4.6713376
CCCCCC(=O)SC,8.643518,5.4967155
C1CCCCCCCC(=O)CCCCCCC1,8.605455,5.5306635
CCOC1=C(C=CC(=C1)C)O,10.902308,4.718201
COC1CCCCCCCCCCC1,8.630441,5.45812
C(C[C@@H](C(=O)O)N)CN.Cl,7.7136602,4.3393717
CC(CCC=C(C)CCC=C(C)C)OC(=O)C,9.227274,6.961489
C1CCCCCCCCC(=O)CCCCCCC1,8.612265,5.506381
CCOC(=O)C1=CC(=C(C=C1)O)O,10.912481,4.6994724
CC1=CC=CC=C1OC2=CC=CC=C2,11.084652,4.70374
CCCC[C@@H](CC)C(=O)O,8.559248,5.53995
CCCCCCCC1OCCO1,8.673867,5.615211
C1C(COC(O1)CC2=CC=CC=C2)O,9.897958,5.370296
C=CCCCCCC=C,8.643799,5.7443147
CCC(=O)CC(C)(C)C1=CC=CC=C1,10.782273,4.7197857
CC(=O)CC(C)(C)C1CCCCC1,10.125589,5.0008683
CC(=C)C(=O)OCC[N+](C)(C)C.[Cl-],10.1180315,6.0916715
CC(=O)OC1(CCCCC1)C#C,9.18333,5.07252
C1C2CC(C1C=C2)C(=O)O,10.671265,4.878412
CC1=CC(=O)C(CC1)C(=C)C,10.785051,4.962472
CCCCCCCCCCCCCC(=O)OCC(CO)O,8.5406885,5.6600213
CC(=O)OCC1C(C(C(C(O1)OC(=O)C)OC(=O)C)OC(=O)C)OC(=O)C,8.499767,6.5223255
CCCCOCCC1=CC=CC=C1,9.160295,5.466825
CCCC(=O)C1=CC=CS1,10.547585,4.7823863
CC(CO)C1CCCCC1,9.221197,3.926045
CCCCCCCCCOC(=O)C1=CC=CC=C1,8.760666,5.6276517
CCCCCCC(=O)OCC1=CC=CC=C1,8.833327,5.5896015
CCC1=CC(=C(C=C1)OC)OC,10.659579,4.8465114
CCCCCC[C@@H](C)O,8.568058,5.7119102
C1=CC=C(C=C1)CC[N+](=O)[O-],10.920434,4.9162574
COC1=CC=C(C=C1)CS,11.034666,4.6412473
CCCCOC(=O)C1CCCCC1,8.79552,5.171861
CC1=CC=C(C=C1)OCCOC(=O)C,10.881619,4.819672
CC(=O)OCCCCCOC(=O)C,8.843883,5.33182
CC(=CCCC(=CCOC(CC1=CC=CC=C1)OCC=C(C)CCC=C(C)C)C)C,9.236724,6.885748
CCC(=O)OC(C)(CCC=C(C)CCC=C(C)C)C=C,9.184091,7.0553417
CCCCCCCOC(=O)C1=CC=CC=C1,8.864315,5.582884
CCSCCC(=O)O,8.53813,5.648139
CC(=O)OCCC(=C)C1=CC=CC=C1,10.951887,4.767259
CC1=CC[C@@H]2C[C@H]1C2(C)C,9.562747,7.9811687
C1CC(=O)C(=C1)O,10.715401,4.841009
CCCCCCCCC#CC(=O)OCC,8.572537,5.634526
CC(C)(CC1=CC=CC=C1)CO,10.448773,4.6776443
CC(=O)C(=O)C1=CC=CS1,10.823658,4.6420007
CC(C)C1CCC(CC1)CO,6.368667,8.056494
C=CCOCCC1=CC=CC=C1,10.546102,5.133089
CCCCCCCCCCCC1=NCC[N+]1(CCOCC(=O)[O-])CC(=O)[O-].[OH-].[Na+].[Na+],9.784857,6.227377
CC=CC1=C(C=CC(=C1)C(C)C)C,10.909858,4.627934
CCCCCCCC(=O)CCC,8.635161,5.5299745
COC1=CC=C(C=C1)C=NC2=CC=CC=C2C(=O)OC,11.121428,4.5521064
CC[C@@H](C)O,8.824968,6.2034864
CC1=CC=C(C=C1)OCCO,10.976383,4.710421
CCCCC1=NC=CN=C1C,8.931431,4.7939734
CC1=C[C@@H]([C@@H](CC1)C(C)C)O,9.633404,5.490052
CC1=C[C@@H]([C@H](CC1)C(C)C)O,9.524713,5.5264616
CCCCCCCCOC(=O)CC(=O)OCCCCCCCC,8.702373,5.4984393
CC1C(C(C(C(O1)OCC2C(C(C(C(O2)OC3=CC(=C4C(=O)CC(OC4=C3)C5=CC=C(C=C5)O)O)O)O)O)O)O)O,10.638596,5.0882916
CC(=O)OC1CC2CC1C3C2CCC3,9.618357,7.68725
CCCCC(=O)OC(C)(C)C1CCC(=CC1)C,9.24928,5.677042
CCOC(=O)C1CCC=CC1,10.594849,4.7746487
CC1=CCC(C1(C)C)CC#N,10.965504,4.569878
CC1=CCC(CC1)C(C)CCO,9.597307,6.502643
CC(CC=O)C1=CC=CC=C1,10.800897,4.764005
CC=CC=CCOC(=O)C(C)C,9.293142,6.1967196
CCC(=O)OCC=CC=CC,8.777237,5.78257
CCCC(=O)OCC=CC=CC,8.715648,5.689457
CCCC1CC(=C(O1)C)C(=O)OCC,10.778654,4.968139
CC1=C(C2(CC1CC2CO)C(=C)C)C,9.600448,7.289847
CC(CC=O)C1=CC(=CC=C1)C(=C)C,10.90957,4.5884447
CC(C)C1=CC(=CC=C1)C(C)CC=O,10.799968,4.802493
CCC1(C(C(=CC(=O)C1C)C)C)C,10.535283,4.9540567
C(C1C2C(C(C(O1)OC3C(OC(C(C3O)O)OC4C(OC(C(C4O)O)OC5C(OC(C(C5O)O)OC6C(OC(C(C6O)O)OC7C(OC(C(C7O)O)OC8C(OC(C(C8O)O)OC9C(OC(O2)C(C9O)O)CO)CO)CO)CO)CO)CO)CO)O)O)O,7.622314,6.66738
CC1=CCC(CC1)C(=CCC=C(C)C)C,9.322338,6.9994693
CC1CCC(C2C13C2C(=CC3)C)C(C)C,9.78657,7.291658
CCCCCCC1CCOC1=O,8.750116,5.556882
CC(C)CCCC(C)(C=C)O,9.286497,6.079256
CCC(C)(C=CC=C(C)C)O,9.29733,6.6997476
CCOC1CC2CCC1(C2(C)C)C,9.611395,7.3512926
CC(C)C1=CC2=C(C=C1)C3(CCCC(C3CC2)(C)C)C,10.323795,5.234609
CCCCCCOCC(OC)OC,8.669057,5.4152164
C1C2COCOC2C3=CC=CC=C31,10.071779,6.8007827
CC(C)OC(=O)C1=CC=CC=C1N,11.249023,4.5842047
CCCCCCCCCCOC(=O)C1=CC=CC=C1N,8.747517,5.5054827
CCCCCC=CC=CCO,8.555413,5.686996
CCCC1=NC(=CN=C1C)C,11.148536,4.4845967
C(CC(=O)[O-])[C@@H](C(=O)[O-])N.[Ca+2],9.781754,5.9785523
CC1=CC=CC=C1CCO,10.848381,4.7945623
C[C@@H]1CC[C@@H]2[C@]13CC[C@]([C@H](C3)C2(C)C)(C)OC,9.543254,7.8192306
CC1([C@H]2CC=C([C@@H]1C2)CO)C,9.190665,5.464903
CC(=O)O[C@@H]1CCCC[C@@H]1C(C)(C)C,9.145373,6.44056
CC(C)(C)C1CCC(CC1)C=O,9.304568,4.776037
CC1=CC=C(C=C1)CC(C)(C)O,10.769321,4.7706723
CC(C)(C)C1=C(C=CC(=C1)OC)OC,10.643974,4.907617
CCCCCCCC(=CC1=CC=CC=C1)C=O,8.960083,5.3837337
CC(CCC=C(C)C)CCOC(=O)C=C(C)C,9.20135,7.0542345
CCC(C)(CCCC(C)C)OC(=O)C,9.215205,6.8676553
CC(C)C1CCC(CC1)(C)O,9.80449,5.069911
CC1CC(C2=C(C1(C)C)C=C(C(=C2)C(=O)C)C)(C)C,9.940291,4.065925
CC1(CCCC23C1CC(CC2)(C(=O)O3)C)C,9.840037,6.7565336
CC1CC(=O)C(=C1C)O,10.733477,5.0714965
CC(CCC=C(C)C)CC=NO,9.327819,6.693871
CC(=O)C1=CC(CCC1)(C)C,10.689341,4.830675
CC1=CC(=C(C=C1)O)C(=O)OC,10.925071,4.7730727
CCO[C@@H]1C[C@@H](CC(C1)(C)C)C,9.702727,5.1013217
CC1=C(C(CCC1)(C)C)C=CC(C)OC(=O)C,10.625216,4.90971
CCCCCCCCCC=CCO,8.569839,5.602921
CC(CC(C)(C)C)C(=C)C=O,9.320963,5.8266683
CC(CCC=C(C)C)C(=C)C=O,9.233018,6.8016305
CC1CCC2=C(CCC(CC12)C(C)(C)O)C,9.837839,6.952877
CCC(C)CC(=NO)CC,8.8627205,4.451225
CC(CCC(C(=C)C)O)CCO,8.69121,4.89025
CCCCCCCCCCC=CC#N,8.569126,5.50561
CCOCCC(C)CCCC(C)C,9.193531,7.1427975
CCCCCCCCOC(=O)C=CC,8.669856,5.622692
CC1C(OC(C(O1)(C)O)C)(C)O,8.94012,4.6765957
CC(=O)C=CC12C(CCCC1(O2)C)(C)C,9.755156,7.1410756
CC1(CCC(=O)C2C13CCC(C3)C2(C)C)C,9.747551,7.3274994
CC(CCC=C(C)CCC=C(C)C)CO,9.252878,6.9935884
CCCCC1C=C(CC(O1)C)C,9.094238,5.4850225
CC1=CC(=O)C2(C1C2)C(C)C,10.646208,5.8180795
CC(C)C(=O)OC1CC2CCC1(C2(C)C)C,10.069792,5.189662
CC(C1CCCC(C1)(C)C)OC=O,9.474314,4.706886
CC(C1CCCC(C1)(C)C)O,9.017215,4.534657
CC(C1CCCC(C1)(C)C)OC(=O)C,9.933391,5.2862725
CCOC(C=CC1=CC=CC=C1)OCC,10.652998,4.7974954
CCCCCCCCCCCCCCCCCC(=O)OCCCCCCCCCCCCCC(C)C,8.527237,5.6231036
C[C@H]1[C@H]2C[C@]2(CC1=O)C(C)C,9.360842,7.920652
C[C@]12CCCC(=C)[C@@H]1C[C@@H](CC2)C(C)(C)O,9.592007,7.9864984
CC1COCC2=CC3=C(C=C12)C(C(C3(C)C)C)(C)C,10.182386,6.419048
CC1C(C2=C(C1(C)C)C=C(C(=C2)C(=O)C)C)C(C)C,10.918803,4.846988
CC=C(C)C1CCC(O1)(C)C,9.323412,6.9706025
CC1(C2CCC1(CC2)C)C,9.00396,5.719743
CC1=CC=C(C=C1)C(C)CCC=C(C)C,9.43595,6.7859144
CC1([C@@H]2CC[C@@H](C2)C1=C)C,9.515064,6.7189593
C[C@@]1(CC[C@@H]2[C@@H]1[C@H]3[C@H](C3(C)C)CCC2=C)O,9.360177,7.8619976
C(=O)[C@@H]([C@@H]1[C@@H]([C@@H](C(=O)O1)O)O)O,8.21655,5.166854
CC1C(C2=C(C1(C)C)C(=O)CCC2)(C)C,10.434544,5.235593
CC(=C[C@H](CC(=C)C=C)O)C,9.237044,6.942233
CC1=C[C@H]2[C@H](CC1)C(=C)CC[C@@H]2C(C)C,9.433536,7.9157553
CC(CC1=CC=CC=C1)C(C)O,10.742631,4.61382
CCCCCC(=O)OCC=CCCC,8.598383,5.570267
CC1(CCC=C(C1)C(=O)CCC=C)C,10.436182,5.0241723
CC1=CC[C@@H](C=C1)[C@@H](C)CCC=C(C)C,9.325456,7.6852975
CCC(CC1=CC=CC=C1)O,10.681246,4.7732587
CC(=CCCC(=CCCC(=CCCC(C)(C=C)O)C)C)C,9.286936,6.3856544
CC1=CC(=O)[C@H]2C[C@@H]1C2(C)C,9.34449,7.863323
CCCCCCCCCCCCCCCCCC(=O)O.C(C(CO)O)O,8.531471,5.6778765
CC1(C2CCC(C2)C1=O)C,9.926055,6.795294
CCCCCCCCC=CCCCCCCCCOCCO.OP(=O)(O)O,8.520854,5.716347
CSCCCCC#N,8.573446,5.273533
CCCC=CC(OCC)OCC,8.732974,5.3031406
CC(C)(C)C1=CC(=CC(=C1O)C(C)(C)C)CCC(=O)OCCNC(=O)C(=O)NCCOC(=O)CCC2=CC(=C(C(=C2)C(C)(C)C)O)C(C)(C)C,10.907956,4.864234
CCCCC1=C(SC=N1)C,10.911719,4.729462
CC1(CCCC2(C1CCC34C2CCC(O3)(OC4)C)C)C,9.601067,7.7269135
CCCCCC=CCCC(=O)O,8.584565,5.597203
CC1(CC2C1CCC3(CCCC2(C3)OC=O)C)C,9.484597,7.604778
CCC=CCCCCCCC=O,8.558072,5.590569
CC1(C2CCC(C2)C1=CCO)C,9.958725,6.5474415
CC(=CCC(CO)C(=C)C)C,9.273033,7.0984325
CCOCOC1CCCCCCCCCCC1,8.650001,5.411804
CC(C)CC(=CCCC(=CC=O)C)C,9.312657,6.261384
CC1([C@H]2C[C@@H]1C(=C)C(C2)O)C,9.093477,5.705925
C1=CC=C(C=C1)CC(C2=CC=CC=C2)O,11.057021,4.6788154
CC(CC1=CC=CC=C1)O,10.739061,4.635246
CC(=CCCC(=CCCC(=CCOC(=O)C)C)C)C,9.239548,6.963367
CC1C2(O1)CC3CC2C4C3CC=C(C4)C,9.751511,7.52544
CCCCC1OC(CC(O1)(C)C)C,8.931643,5.7728786
CC(C)CCCCCCCCCCCCCCC(=O)OC(C)C,8.593043,5.628623
CC(=CCC1C(O1)(C)C)C=C,8.972381,4.312026
C1=CC=C(C=C1)CC(=O)OCC2=CC=CO2,10.791155,4.7843146
CC(=O)OCC(C1=CC=CC=C1)OC(=O)C,10.68473,4.9713726
COC1=CC2=C(C=C1CC=C)OCO2,10.625616,4.9448776
CC1=CC=C(C=C1)CCO,10.983345,4.7128716
CCCCCCC1OCCC(O1)C,8.660822,5.639051
CCOC(C)OC1=CC=CC=C1,10.911152,4.806708
CC(C=O)C1CCCCC1,10.001531,4.129972
CC(C)C1=CC=C(C=C1)C=CC=O,10.840654,4.7376595
CC(=CCCC1=CCC(CC1)(C)C=O)C,9.29009,5.700971
CC1CC(OC(O1)C2=CC=CC=C2)(C)C,10.510605,4.7875075
CC1=CC(=C(C=C1O)C(C)C)O,10.937405,4.96569
CC(C)C1C(COCO1)(C)C,8.964727,5.286095
CCCCC(C#N)C1=CC=CC=C1,11.137879,4.6740193
CC1CCOC2(O1)CCCCC2,9.62476,7.087453
CC1CC(CC(=C1)C)C=O,10.268786,4.4976983
CC=CC(=O)OCC1=CC=CC=C1,10.89575,4.844582
CCCC(=O)OC1CC2CCC1(C2(C)C)C,9.712173,6.2745442
CC1(C2CCC1(C(C2)OC(=O)C3=CC=CC=C3O)C)C,10.264258,6.426494
C1CC2CC1C3C2CC(C3)CO,9.730646,7.2221446
CCC(C)CCCO,8.911854,5.786554
CC(=O)OC[C@@H]1[C@H](C([C@H]([C@@H](O1)OC(=O)C)OC(=O)C)OC(=O)C)OC(=O)C,8.778017,7.2603836
CCOC(=O)CC(C1=CC=CC=C1)O,10.888397,4.641097
CC(CC(C)(C)C1=CC=CC=C1)O,10.710148,4.7257533
CC(=CC(C(C)(C)C=C)O)C,9.512696,6.57636
CSCC1=NC=CN=C1,11.12162,4.399527
CC(=O)OCC1CCC(C23C14C2CC(C3)C4(C)C)(C)C,9.704694,7.7834144
CC1(CCC(C23C14C2CC(C4)C3(C)C)CO)C,9.84126,7.223175
CC1(CCC(C23C14C2CC(C4)C3(C)C)COC=O)C,9.895242,7.2485642
CCCCCC1CC(=O)C=C(C1C(=O)OCC)C,9.0119295,5.511581
CC(C)CCCCCCCCCCOC(=O)CC(C)CC(C)(C)C,9.042592,5.8354464
CCCCCCCCC(=O)OCC(CC)CCCC,8.656047,5.538549
CCCCCCCOC(=O)CC1=CC=CC=C1,8.842067,5.5330195
C=CCCC(=O)C1=CC=CC=C1,10.932523,4.6950245
CC(C)C1=CC=C(C=C1)CC(C)C=NC2=CC=CC=C2C(=O)OC,11.099647,4.5673385
CC(C)C1CCC2C(=C1)CCC3C2(CCCC3(C)CO)C,9.614268,8.272565
CC1=CCC2(CC[C@@H](C2(CC1)O)C(C)C)C,9.500285,7.823465
CC1(C2CCC(C2)C1(C)O)C,9.553707,7.131144
CC1=CCCC(C1C=CC(C)O)(C)C,10.220429,5.13966
CC1CCC2C1C3C(C3(C)C)CCC2(C)O,9.555227,7.8877673
CC(=CCCC1=CCC(CC1)C(=C)CCC=C(C)C)C,9.3203335,7.111808
C[C@@H]1C[C@@H](CC(C1)(C)C)O,10.044848,4.8438745
C[C@]12CC[C@H]3[C@H]([C@@H]1CC=C2)CC[C@@H]4[C@@]3(CC[C@H](C4)O)C,9.444327,8.005069
C[C@@H]1CC[C@@H]2[C@]13CC=C([C@H](C3)C2(C)C)COC(=O)C,9.442409,8.020182
CCCCCC=CCOC(=O)C,8.622262,5.641576
CC1CCC2C(O2)(CCC3C1CC3(C)C)C,9.50821,7.6285915
CC1COCC2=CC3=C(C=C12)C(CCC3(C)C)(C)C,9.814559,7.025693
CC1CC(CCC1=O)(C)C,10.197023,4.295028
C=CCOC1CC2CC1C3C2CC=C3,9.770246,7.576818
CCCCCCCC1CCCO1,8.699633,5.4675717
CC(=CCC1CCCC1=O)C,8.970376,5.625404
CCCCCCCCC(CC)C(=O)O,8.551715,5.589661
CC1C2CC(C1(C)C)CC2C3CCCC(C3)O,9.776129,7.617074
CC1=CCC(C1(C)C)CCC(C)C(C)O,9.599211,8.093354
CC1CCC2(C(=CCCC2(C1OC=O)C)C)C,9.716367,7.3626933
CC(=CCCC(=CCOCC=O)C)C,9.021888,5.516356
CCC(C)C1=CC2=C(C=C1)N=CC=C2,11.073144,4.6251388
CCCCCC1(CCC(C1=O)(C)C)C,9.417384,5.1752543
CC1=C(C(CCC1)(C)C)C=C(C)C(C)O,10.796237,4.7513103
CC1=CCCC(C1C=CC(C)OC(=O)C)(C)C,9.492768,7.2235346
CC(=CCCC1=CCCC(C1)(C)C=O)C,9.436862,6.467751
CC(=CCCC1=CCCC(C1)C=O)C,10.219502,5.049487
CC1CC(OC(O1)C2=CC(=C(C=C2)O)OC)(C)C,10.719559,4.913807
CCOC1=C(C=CC(=C1)C2OC(CC(O2)(C)C)C)O,10.357586,4.7800136
CC1(CC2CC(C1C2)C(=O)OC)C,10.535136,4.4664764
COC1CC2CC1C3C2CC=C3,9.787745,7.3608727
CC(=C)C=CCC(C)(C=C)O,9.344781,6.762896
CC(CCC1=CC=CC=C1)CC#N,10.959282,4.655739
CC(C)CCCCC=O,8.813911,5.7896495
CC(=CC#N)CCC1=CC=CC=C1,11.152844,4.8074546
CC(C)CCC1(OCC=CCO1)C,9.160641,5.746302
CC(=O)OCC1=CC(=C(C=C1)OC)OC,10.806633,4.882149
CC1=CN=C(C(=N1)C(=O)C)C,11.095445,4.2847733
CC1=CCC2[C@H](C1)C2(C)C,9.457481,7.888263
COC(=O)C1=CC=CC=C1N=CCC2=CC=CC=C2,11.08807,4.5468264
CCCCCCCC=NC1=CC=CC=C1C(=O)OC,9.103268,5.444454
CCOC(=O)OC1CCCCC1C(C)(C)C,9.418837,4.844967
CCOC1=NC=C(N=C1)C,11.429303,4.312117
CC1=CC=C(C=C1)OCC=O,11.051797,4.7154236
CCCCCCCCCC=NC1=CC=CC=C1C(=O)OC,8.877499,5.5803056
CC(C)CCCCCCCCCCOC(CC(C)CCC=C(C)C)OCCCCCCCCCCC(C)C,8.8361,5.781307
CC(C)OCCC1=CC=CC=C1,10.668588,4.941451
CCCCCCCCC=CCC=O,8.584516,5.5904555
CC(C1C2CCC(C2)C1(C)C)O,9.924374,6.9960084
CC1C2CC(C1(C)C)CC2C3CCC(CC3)O,9.846164,7.3430767
CC1(C2CCC1(C(C2)C3CCC(CC3)O)C)C,9.774749,7.160987
CC(C)CCCC1=CCC(CC1)(C)C=O,9.21781,5.484381
CC1CC(CC(=C1)C)C#N,9.8542185,4.1272006
CC(C)C12CCC(C=C1)(C(C2)C(=O)OC)C,10.391075,4.8186326
CCOC1CC(CC(C1)(C)C)C,9.997463,4.660711
CCOC(C1CC2CC1C3C2CC=C3)OCC,9.687284,7.467162
CC1C=C(CC(C1C)C=O)C,10.532519,4.9027715
CC1CCC(C(C1)C(C)(C)C)O,9.731362,6.4367504
CC(C)(CCCC1=CCC(CC1)C=NC2=CC=CC=C2C(=O)OC)O,10.806041,4.6251645
CC1C=C(CCC1CO)C,9.584157,7.384293
CC(C)C(=O)OC1CC2CC1C3C2CC=C3,9.7147255,7.5883236
CC1CCC(C(C1)C)COC(=O)C,10.458536,4.7749805
CC1CC(CC(=C1)C)COC(=O)C,10.1986685,4.514104
CC(=O)OC(C)(C)C1CCC(O1)(C)C=C,9.124891,5.974328
CCCCC1(CCC(=O)OC1)CC,9.063769,5.487299
CCCCCCC(CO)C(=O)C,8.563246,5.521342
CC(=O)C1(CC(=O)C(O1)(C)SCC2=CC=CO2)C,10.607999,5.051046
CC1=CC2CC(C1CC2C(C)C)C=O,9.778994,7.108189
CC(CCC=C(C)C)CC=NC1=CC=CC=C1C(=O)OC,11.015598,4.62194
CC(C)CCCC(C)CCOC(=O)CC1=CC=CC=C1,9.222367,6.515131
CC(C)C(=O)OC1CCC2CCCCC2C1,9.391101,5.707155
CC12CCCC3(C1(CCC4C3(O4)C)C)CC2,9.609472,7.656723
CC(C)CCCCCCCCCCOC(CC(C)CCCC(C)(C)O)OCCCCCCCCCCC(C)C,8.732312,5.7096033
CC1(CCC2C3(C14CCC(C4)C3(C)C)O2)C,9.655279,7.529071
CC(CCC=C(C)C)CCOC(C)OC,9.231551,7.044455
CC(C)C(=O)OC1CC2CC1C3C2C=CC3,9.720026,7.585692
CC(C)(C)C(=O)OC1CC2CC1C3C2C=CC3,9.6818695,7.593866
CC(CC(C)(C)C1=CC=CC=C1)OC(=O)C,10.378442,4.9452667
CC(=CCCC1=CCCC(C1)C#N)C,10.689285,5.004074
CC(C)C1C(COC(O1)C(C)C)(C)C,9.462949,5.918848
CC1(CCCC2(C1CCC3(C2CCO3)C)C)C,9.4923525,7.7668657
CC(=O)OC1C(C2CCC1(C2)C)(C)C,9.634102,7.1701093
CCCCC(CC)C1OCCO1,8.899182,5.3817124
CC1CCCC(C1CCC(C)O)(C)C,9.864335,3.878349
CC1C(C2=C(C1(C)C)C=C(C=C2)C(=O)C)(C)C,10.830636,4.8387117
CC=CC=C1C(=CC(=O)CC1(C)C)C,10.63017,5.039035
C[C@@H](C(=O)O)O,8.01126,4.737645
CCCCCCOC(C)OC,8.733872,5.466998
CC1CC2=C(CC1(C)C(=O)C)C(CCC2)(C)C,9.818898,6.8826785
CC(CCC1=CC=CC=C1)CCO,10.668206,4.821401
CC(CCC1=CC=CC=C1)CC=O,10.7229395,4.6876416
CCCCCCCCC=CCCCCCCCC(=O)OCC(COC(=O)C)OC(=O)C,8.683767,5.877048
CC1CCOC(O1)C=C(C)C,9.560163,6.3579164
CC(C)CC(=O)OC1C(C2CCC1(C2)C)(C)C,9.674515,7.1224103
CCC(CCC1C(CCCC1(C)C)C)O,9.100869,5.5969915
CC1CCCC(C1CC(C)C(C)O)(C)C,9.820397,4.0304585
CC1CCCC(C1CC(C)C(C)OC(=O)C)(C)C,9.569172,4.8877244
CC1=CCOC(C1)C2=CC=CC=C2,10.712937,4.7458086
CC1=C(C2(CCC1(C(C2(C)O)(C)C)C)C)C,9.648903,4.558388
CCCCCC(=CC1=CC=CC=C1)C(OCC)OCC,10.689848,4.868993
CCC(C)CCC(C)(CC)OC(=O)C,9.006424,5.590549
CC(=CCCC(C)(C=C)OC)C,9.325267,6.247388
CCOC(=O)C(=O)OCCC(C)CCC=C(C)C,9.224721,7.013314
CC(=O)OC1=CCC2C1C3CCC2C3,9.507399,8.060866
CC(=CCCC(=C)CC=O)C,9.250098,6.9115634
CC(=O)OCCCC1CCCCC1,8.870369,5.164736
COC(=O)OC1CCCCCCC1,8.765128,5.279113
CC(C)(C)C1=C2C=CC=NC2=CC=C1,11.094419,4.5566816
CC1CCC(C(C1)OC(=O)C2CCC(=O)N2)C(C)C,11.837776,3.1813965
CC(C)CCCC(C)CC(OC)OC,9.120776,6.3952045
CC1CC2(CCCCC2)OC=C1,10.440256,4.8417006
CCOC(=O)C1=CC=CC=C1NCC2CCC(=CC2C)C,11.035403,4.4940224
CC1=C2CC(C(C1)C(C2)C(C)C)C=O,6.22421,8.198789
CC1=C2CC(C(C1)C(C2)C(=O)C)C(C)C,10.527634,5.056306
CC1=CC2C(CC1CC2C(C)C)C#N,10.358857,4.9163246
CC(CC(C)(C)C)C(C)C=O,9.164351,4.868011
CCC(C)CCCC(C)(C)OC(=O)C,9.225059,6.786565
C1CC2C(C1)C3CC2CC34CCCO4,9.826492,7.336336
CC1C=C(CC(C1C)C(=O)C)C,10.757417,4.7887244
CC1CC(=CC(C1CO)C)C,10.133512,4.4150543
CC(C)CCOC(CC1=CC=CC=C1)OCCC(C)C,9.406184,5.3368917
CC1CCCC(C1CCC(C)OC(=O)C)(C)C,9.555997,5.2834463
CCCCCCCCCC(=O)O.CCCCCCCC(=O)O.CC(CO)O,8.529059,5.5849876
CCC(C)(C)CCCC(=O)OCC=C,9.214655,7.2084894
CC(C)CC1=CC2=C(C=C1)N=CC=C2,11.030654,4.6632895
CC(C)CCCCCCCCCCCCCCC(=O)OCC(C)O,8.613044,5.675915
CCCCCCCCCC(=O)O.CCCCCCCC(=O)O.C(C(CO)(CO)CO)O,8.439316,5.630075
CCC(=O)OCCCCCCCCC=C,8.620906,5.58892
CCC(COC(=O)CCCCCCCCCCCCCCC(C)C)(COC(=O)CCCCCCCCCCCCCCC(C)C)COC(=O)CCCCCCCCCCCCCCC(C)C,8.462675,5.8420877
CCCCCC#CC(=O)OCCC(C)C,8.807992,5.4952497
CC(=O)OC1CC2CC1C3C2C=CC3,9.674051,7.643734
CC1(CCC=CC1)C(=O)OC,10.813902,4.665021
CC(C)CC1=CC=C(C=C1)CC(C)C=O,10.707173,4.7427173
CC1=CCC(CC1)C(C)CC=O,9.759924,6.2472477
CCCCC(CC)C(=O)OCC(COC(=O)C(CC)CCCC)OC(=O)C(CC)CCCC,8.882449,5.664853
C[C@H]1CCC[C@@]2([C@]1(CCCC2)O)C,9.452103,5.5522623
CC(C)CC1C2CCCC=C2C(=O)O1,10.776759,4.8820896
C[C@]12CC[C@H](C1(C)C)C[C@@H]2OCCO,9.418334,8.108134
CC(=C)[C@@H]1CC[C@@](C=C1)(C)O,9.297276,5.679438
CC1=C(C2CC(C1(C2)C)C(=O)OC)C(=C)C,10.74394,4.8316793
CC(CCCC(C)(C)O)CC#N,9.015946,5.416559
CCOC1(CCC2C(=C)C1CCC2(C)C)C,9.534933,7.7782936
CC1C=C(CCC1C=NC2=CC=CC=C2C(=O)OC)C,11.030893,4.5776854
CCC1C(CC(=O)C(=C1CC)C)C,10.684286,4.5221243
CC1(C2CCC(C1(C2)C)C3CCC(CC3)O)C,6.2981257,8.164506
CC1CCC2C13CC(C2(C)C)C(C(=O)C3)C,9.514251,7.970497
CC1CC(CCC1=O)CC2C3CCC(C3)C2(C)C,9.877252,7.254288
CC1=CC2CC(C1CC2C(C)C)C3OCCO3,9.774688,7.3928227
CC1CCC2C3(C1(C4C(C4(C)C)CC3)C)O2,9.609767,7.679751
CC(C)C1=CCC(=CC1)CCOC=O,10.04696,5.463544
CCCCCC=CC=CC(=O)C,8.731803,5.68763
CC(CCC=C(C)C)CCOC(=O)C1=CC=CC=C1,9.225509,7.085785
CC(CCCC(=C)C)CCOC(=O)C1=CC=CC=C1,9.307707,6.8433394
CC1CC(C=C(C2C1CC(=C(C)C)C2)C)OC=O,9.478102,7.4280753
CCC(=O)OC1CC(C2CC(=C(C)C)CC2C(=C1)C)C,10.372329,5.018576
CC1(C2CCC1C(C2)C3CCCCC3O)C,9.756825,7.343194
CC1CC(=C(C1=O)OC)C,9.82278,3.7553375
CC1C=C(CCC1C(=O)C(C)(C)C)C,10.498854,4.5792494
CC1(CCCC2=C1CC(CC2)C=O)C,10.6870575,4.951703
CC(C)(C1=CC=CC=C1)C2=CC(=C(C(=C2)N3N=C4C=CC=CC4=N3)O)C(C)(C)C5=CC=CC=C5,11.129569,4.5173116
CCC(=CCCC(=CC#N)C)C,9.004924,5.2783527
CC(C)C1C(COC(O1)(C)C)(C)C,9.214917,5.2982645
CCCCC=CC=CCO,8.574676,5.6301866
C1CCCC2(CCC1)CCCO2,9.200299,5.719814
C=CCCCCCCCCCOCCC#N,8.529556,5.544417
CCOC(=O)CCCCCOC(=O)C,8.793025,5.3196797
CC(C)C1CCC(CC1)C(C)O,9.75697,4.692198
CCCCCCCCCCCCCCOCCCO,8.50356,5.547326
CC1CCC(C(C1)OC=O)C(=C)C,9.244184,5.4988637
CCCCCC1C(CCC1=O)C,8.885194,5.582402
CC1CCOC(C1)CC(C)C,9.693907,7.139647
CCC1CCC(=O)C1=O,10.658187,4.7440453
CC(=O)CCC1C(=C)CCCC1(C)C,9.409418,7.3642836
CCCCCC=CC(CC=C)OC(=O)C,8.689593,5.6188846
CCC1OCC2(CCC=CC2)CO1,10.045262,4.857315
CCCC(CCC1C(CCCC1(C)C)C)O,9.180255,5.753063
CC(CCC=C(C)CCC=O)C=C,9.25643,6.9339347
CC1CC=C(C2(C1C)C=CC(O2)C)C,9.726804,6.6175637
CCC(=CCC(C)CCO)CC,9.188965,7.0677395
CC1(C2CCC1(C(C2)OC(=O)C3=CC=CC=C3)C)C,9.760815,6.988745
CCOC(=O)[C@H]([C@@H](C(=O)OCC)O)O,10.485909,4.539834
CCCCCCCCCCCCCCCCOP(=O)([O-])[O-].[K+].[K+],9.722832,6.2368264
CCCCCC1=CC(=O)CCC1,9.029533,5.489073
CC1=CC(=CC=C1)CCCCCO,10.878029,4.7260423
CC1(C2CC=C(C1C2)CCC=O)C,9.777976,7.1145577
CC1OCC(O1)C2=CC=CC=C2,10.585053,4.7913384
CC(C)C1CCC2CC(=O)CCC2C1,9.663317,8.442125
CCOC(=O)C1=C(C=CCC1(C)C)C,10.738014,4.9139996
CCOC(=C)C1C(CC(=O)CC1(C)C)(C)C,10.801249,4.78318
CCC=CC=CCO,8.579559,5.5123262
CC1=C(C=CC(=C1O)C(=O)OC)O,11.303167,4.8393526
CC1C2CC3=CC=CC=C3C2OC(O1)C,10.655068,4.9304194
CC1=CCCC(C1C(=O)OC)(C)C,10.680527,4.2888503
CC(=C)C(CC=C(C)C=C)O,9.315123,6.833766
CC(C)C(=O)OCC1=CCC2CC1C2(C)C,9.530163,7.7725625
CCCCCC=CC=CC(=O)OCCC,8.632478,5.6798153
C[C@@]12CC[C@H](C1)C([C@]2(C)O)(C)C,9.56755,7.6019177
CC1=C(C(=O)C=CO1)OC(=O)C,10.7671585,4.848048
C1CC2CC1C3C2C(CC3)CO,9.763059,7.4070473
CC1CC(=C)CC(O1)C2=CC=CC=C2,10.598637,4.6755643
CC1CCC2C13CC(C2(C)C)C4(C(C3)O4)C,9.631875,7.6402326
CC(=O)C1=C2CC3(CCC2(CC3)C(CC1)(C)C)C,10.763244,4.9113684
CCCC1=NC=C(N=C1C)C,11.154526,4.4012985
CC(C)(C)C1=NC=CN=C1,11.283925,4.3341274
CC=CCCC1CCCC(=O)O1,8.780992,5.701942
C[C@@H](C(=O)N[C@@H](CCC(=O)N)C(=O)O)N,6.683854,4.3009944
OP(=O)([O-])[O-].[Mg+2],9.659037,5.9398074
C[C@@H]1CO[C@@H]2[C@H]1CCC(=C2)C,9.489041,7.29141
C([C@@H](C(=O)O)N)SSCC(C(=O)O)N.Cl.Cl,7.4772215,4.3239045
CCCC[C@H](CC)C(=O)O,8.477304,5.414321
CC1=CC=CC(CC1=O)(C)C,10.749678,4.7144732
C1CCSSC1,8.866878,4.9437075
COC1=CC=C(C=C1)OC(=O)C2=CC=CC=C2,10.905232,4.7525024
CC(C)CC=CC(=O)C,9.228183,6.691919
CSC(SC)SC,8.962269,4.615961
COC(=O)CC1CCCCC1,8.797347,4.9423256
CCCCOC(=O)CC=CC,8.659993,5.609548
CCCCCC#CCC,8.60469,5.5781665
CC(C)CCCC(C)CCCC(C)CCCC(=CCO)C,9.2059555,7.0927844
C1C[C@H](NC1)C(=O)O,7.687168,4.45173
C1=CC=C(C=C1)C2=[O+]C3=CC=CC=C3C=C2,11.02541,4.6430984
COC1=C(C=CC(=C1)CC=O)O,10.755377,4.863127
C1=CC=NC(=C1)C(=O)[O-].C1=CC=NC(=C1)C(=O)[O-].C1=CC=NC(=C1)C(=O)[O-].[Cr+3],10.093087,5.825894
C1=CC=C(C=C1)CCCCCCCO,10.675854,4.9479074
CCOC1=C(C=CC(=C1)C=O)OC(=O)C,10.750243,4.873166
CC(CC(C)(C)C#N)C1=CC=CC=C1,11.111305,4.5921054
CCCCCCCCCCCCCCOCCCOC(=O)CC,8.596275,5.5730715
CCOC(=O)[C@@]12CCC[C@@H]1[C@@H]3CC[C@H]2C3,9.554209,7.6260424
CCC(=O)OCC(C)(C)CC1=C(CCC1C(=C)C)C,9.280076,7.345957
C[C@@]12CC[C@@H](C1(C)C)CC2=O,9.470876,8.1013565
CCCCC(CC)COC(=O)CCCCCC(C)C,8.612048,5.5458646
C1CC2C3CC(C2C1CO)CC3CO,9.887277,7.536879
CCOC(=O)C(C)C1CCCCC1,9.925969,4.218109
CC1=C[C@H]2[C@@H](CC[C@]([C@@H]2CC1)(C)O)C(C)C,9.422238,7.8193884
C[C@H]1CCC=C(C12CC[C@H](C2)C(C)(C)O)C,9.555014,7.677684
CC(=O)OCC1CCC2C1C3CCC2C3,9.591484,7.982488
C1CC2CC1C3C2C(CC3)C=O,9.751917,7.3964005
C[C@@H]1CC[C@@H]2C13C[C@H](C2(C)C)C(=CC3=O)C,9.445382,8.002757
CCC(C)C1CCCCC1(C#C)OC(=O)C,9.909988,4.9170175
CC1(CCCCCCCCCCC1)OC,8.819973,5.411909
CCCC1C2CC(C1C=O)C=C2,10.491617,5.0826054
C[C@@H]1CC[C@@H]2[C@]13CC[C@@]([C@H](C3)C2(C)C)(C)OC=O,9.472349,7.984584
CCCCCC1C(CCC1=O)CC(=O)C,8.983688,5.5685544
CC(C)CCCCCCCCCCCCCCCOC(=O)CCCCCCCCCCCCCCC(C)C,8.556466,5.652686
CC(CCCC(C)(C)OC)C(C)O,8.998143,5.8385334
COCOC1CCCCCCCCCCC1,8.632724,5.49633
CC1CCC(C2(C1)OCC(O2)CO)C(C)C,8.992088,6.277435
CCC(C)C1CCCCC1(C=C)OC(=O)C,9.124493,5.8197393
CCCCCCC1C(CCC1=O)C(=O)OC,8.87476,5.6089673
COC(=O)C1=CC=CC=C1N=CC2=CC=CC=C2,11.146486,4.595927
CC1=C(SC=N1)C(=O)C,11.255676,4.622806
CCC1=C(N=C(S1)C)C,8.970479,4.8171554
C1CCCCCC2=C(CCCC1)N=CO2,8.802008,5.3833127
COC(=O)C=C1CCCC1,10.218088,5.2199116
CC(C)CCCCCCOC(=O)C,8.812503,5.5506954
CC(CCC=C(C)C)CC(C)O,9.203144,7.0758567
CC(=O)OC(C)(CCC1C(O1)(C)C)C=C,8.820118,4.897408
CC(C)CCCC(C)C(=C)O,9.256616,6.9158506
CC1CC2C3CCC(C3)C2CC1=O,9.948066,7.1560664
C1=CC=C(C=C1)CCOCC=O,10.727686,4.6508656
CC(=O)C1C2CCC(C2)C1(C)C,10.709099,4.4165707
CCCCCC=C(C)C=O,8.83343,5.5610533
CCCC(C)C=NC1=CC=CC=C1C(=O)OC,10.979136,4.5933824
CC1=CNC2=CC=CC=C12.CC(CCCC(C)(C)O)CC=O,10.538234,4.771933
CCC(=O)CCC1C(=CCCC1(C)C)C.C#CCO,9.334934,6.8483477
CCCCCCCC(COC(=O)C)OC(=O)C,8.759764,5.508276
C[C@]12CCCC([C@@H]1CC[C@@]([C@@H]2CC[C@](C)(C=C)O)(C)O)(C)C,9.574251,7.930989
CC(CCCC(C)(C)O)CC=O.C1=CC=C2C(=C1)C=CN2,9.734363,5.472562
CCOC(C)OC(C)(CCCC(C)C)C=C,8.9423275,5.4234276
CCC(C)C(=O)N(C)C1=CC=CC=C1,10.992943,4.372984
COC1CC2CC1C3C2CC(C3)C=O,9.792847,7.2904134
CC1OCC2(CC3CCC2C3)CO1,6.2389174,8.166843
CCOC(=O)OC1C(CCC(C1C)C)C,10.107928,4.9201903
CCC1=CC=C(C=C1)CC(C)(C)C#N,11.42748,4.7800217
CCC(COC1CCCCC1C(C)(C)C)O,9.234007,5.0308003
C(C[C@@H](C(=O)O)N)CN=C(N)N.C(CC(=O)O)[C@@H](C(=O)O)N,7.429252,4.3691697
C1=C(NC=N1)C[C@@H](C(=O)O)N.O.Cl,8.10387,4.010248
C[C@H]1CC[C@@H]([C@H](C1)O)C(C)C,10.174368,4.346243
CCCCCCCCCCCCCCCCOCCCO,8.510713,5.512132
CC1=CCC(C1(C)C)CCC(C)CO,9.669984,7.7822237
CC1(C(O1)C(=O)OC)C2CC3CC2C=C3,9.829811,7.085545
CCCCCCCCCCOCC=O,8.557372,5.575612
CCCCCCCCC=NC1=CC=CC=C1C(=O)OC,8.856139,5.349588
CC1(CCCC2=C1CC(CC2)C#N)C,10.889454,4.761829
CC12CCCC(C1=NO)(CC2)C,10.528478,4.2928567
CCOC(=O)C1C(=C(CCC1(C)C)C)C,10.5338545,5.06013
CCCCC1COC2(O1)CCCC2,9.188254,5.798139
CC(C)OCCOC(=O)C1=CC=CC=C1O,11.09687,4.880597
CCCC(C)C1OCC(CO1)(C)CCC,8.996325,5.6617975
C1CCC(CC1)OCCC2=CC=CC=C2,10.54551,4.6500974
CCCCCCCCC(CCC)OC(=O)C(CC(=O)[O-])S(=O)(=O)[O-].[Na+].[Na+],9.822224,6.005357
C[C@H]1CC[C@@H]2[C@]13CC(=C(C)C)[C@](O3)(C=C2C)O,9.344853,7.991854
CC(C)CCCCCCCCCCCCCCC(=O)OCC(COC(=O)CCCCCCCCCCCCCCC(C)C)OC(=O)CCCCCCCCCCCCCCC(C)C,8.415897,5.9006767
CC1(C2CC=C(C1C2)CC=O)C,10.719383,4.8444366
CC(C)CCCCCOC(=O)C,8.7689905,5.628269
CC(C)CCCC(C)CC#N,9.283918,7.3113885
C([C@@H](C(=O)O)N)C(=O)N.O,7.7601852,4.5157604
C1CCCCCC2COCC2CCCC1,8.680909,5.406442
C[C@@H]1CC[C@H]([C@@H](C1)O)C(=C)C,9.868221,4.8746715
CC(C)CC(C)CCCC(C)O,9.213176,7.218217
CC1CC(CC(=O)O1)(C)C,10.073415,4.419483
CCC1OCC2(CC(=CCC2C)C)CO1,9.797533,6.6858025
CC(C)CCCCCCCCCCCCCCC(=O)O.C([C@@H]([C@H]([C@@H](C(O)O)O)O)O)O,8.140729,5.0438027
CCCCC(=O)C1=C(CCCC1(C)C)C,10.224021,5.265073
CCCCC1C2=C(C=CCC2)C(=O)O1,10.727811,4.844876
CC(C)CCCCCCCCCCCCCCC(=O)OCC(COC(=O)CCCCCCCCCCCCCCC(C)C)(COC(=O)CCCCCCCCCCCCCCC(C)C)COC(=O)CCCCCCCCCCCCCCC(C)C,8.414078,5.862816
CC1C2C3CC(C2C=C1C)C(C3)O,9.833065,7.2046275
CC1=CC2=C(C(=C1C=O)OC)C(CCC2(C)C)(C)C,10.624044,4.982785
CCC12CCC(C1)C(C2)C3(CCCCC3)O,6.2862716,8.159717
CC(=O)OC1CC2CCC1(OC2(C)C)C,9.446045,6.678013
C1C=CC2C1C3CC2CC3OCC=O,9.752408,8.218582
CCCC(=O)OC(C)(C)[C@@H]1CC[C@@H](C2=C(C1)[C@H](CC2)C)C,9.675832,6.446793
C[C@@H]1CC[C@@H]2C13CC[C@]([C@H](C3)C2(C)C)(C)C(=O)C,9.425229,7.926448
CC(C)OC(=O)CC1=CCCCC1,10.612239,4.5394263
CC1CCC2(CC1)CCC(=O)O2,10.360523,4.942166
CCC1=C(C(CCC1C)(C)C)C(=O)OCC,10.911567,4.5076528
CC1(CC(C2=CCCCC21)(C)C=O)C,10.667321,4.7482853
CC1=CCC(CC1)C(C)CC2CCCC2=O,9.653659,8.185363
CC1=CC(=CC=C1)CC(C)(C)CO,10.892175,4.6149616
CC=CC1=CC(=C(C(=C1)OC)O)OC,10.825333,4.910098
CC1=CC=C(CC1)C(=C)C,10.706976,4.916088
C[C@@H](CO)C1=CC=CC=C1,10.856502,4.9059834
CCOC(=O)[C@@H]1[C@H](C1(C)C)C=C(C)C,10.495543,4.722611
CC1C2CC3CC1C(C(C2)C3=C)O,9.772907,7.2203984
CCC=CCC(=O)C=C,8.883187,5.670408
CCCCCC[C@@H]1CCC(=O)O1,8.885446,5.6923394
CC1(CCCCC(C1(CC=C)O)(C)C)C,9.096137,4.9815264
COC1=CC=C(C=C1)C(=O)OCC(=O)O,11.111966,4.825547
CC(=O)C1(CC2(C(O1)(OC(O2)(C)C(=O)C)C)O)C,9.981056,4.5717645
CC1(CCCC2(C1CCC3C2CCO3)C)C,9.523921,7.7413354
CC1N=C(SC(S1)C)C,11.254864,4.2906837
C(CC(=O)[O-])[C@@H](C(=O)[O-])N.[Mg+2],9.781029,6.0191503
CCC=CCC(C=C)O,8.763602,5.458091
CC(=O)C=CC1=CC=CO1,10.549152,4.8753657
CC1CSSC1,9.038978,4.5887327
CC(=O)OCC1C(C(C(C(O1)OC2(C(C(C(O2)COC(=O)C)OC(=O)C)OC(=O)C)COC(=O)C)OC(=O)C)OC(=O)C)OC(=O)C,8.729223,7.0456505
C[C@]12CC[C@@H](C1(C)C)C[C@@H]2OC,9.538116,7.9720464
CCCCCCCCCCCCCCCCCC(=O)O.CC(CO)O,8.538753,5.7020254
CCOC(=O)CCC1(OCC(O1)C)C,9.173921,5.392271
CCC1(OCC(C(O1)C(C)C)(C)C)C,9.868067,4.753694
C([C@H]([C@H](CO)O)O)O,8.243034,4.793894
C([C@@H](C(=O)O)O)C(=O)O,7.725717,4.535801
C[C@H]1CC[C@H](CC2=C1CC[C@@H]2C)C(C)(C)O,9.489844,8.094
CCCCCCC(=O)OC1CCCCC1,8.6351795,5.423554
COC1=CC=C(C=C1)C=CC=O,10.9563055,4.675914
CCCCCCCC1(OCC(O1)C)C,8.849789,5.2534814
CCOC(=O)C(=CC1=CC=CC=C1)C(=O)C,11.034563,4.71734
CCOC(=O)C1CCC(CC1)C(=O)OCC,10.607908,4.6929803
CCOC(=O)[C@@H]1[C@H](O1)C2=CC=CC=C2,10.724779,4.6584125
C[C@@H]1[C@H]2C[C@]2(CC1=O)C(C)C,9.369644,7.927948
CCOC(=O)C(C)C(C)OC(=O)C,8.956016,5.0283866
CC(=CCCC(=CCOC(=O)CC(=O)C)C)C,9.196449,7.328467
CCC1=CCC(=O)O1,10.34365,5.0288916
CC(=O)C(C)(C)C1=CC=CC=C1,10.875088,4.6874495
CC1CCSCS1,8.861113,5.049306
CC1CC(SC(S1)C)C,8.837444,4.9901166
C1=CC=C(C=C1)C=CCOC(=O)C2=CC=CC=C2,10.989375,4.576521
CCCCCCCCCCOS(=O)C,8.611095,5.501003
CC1CCCC2(C1=CC3C(C2)OC(=O)C3=C)C,9.687708,7.593192
C1=CC=C(C=C1)OCCOC=O,10.777175,4.752288
CCC(=O)OC1=CC=CC=C1OC,9.150196,5.5181036
CCOC(=O)CCCO,8.800971,5.3426795
CSCSCSC,8.582875,5.3256316
C1=C(NC=N1)C[C@@H](C(=O)O)NC(=O)CCN,7.334812,4.2277665
C[C@H](C(=O)C)O,8.858899,4.100619
CC1(COC(=O)[C@@H]1O)C,8.703553,5.972592
CC1=CC[C@H](CC1=O)C(=C)C,9.299175,7.44035
[C@H]([C@@H](C(=O)O)O)(C(=O)O)O,7.881777,4.6331677
CC1=CC(=O)CC(C1(C=CC(C)O)O)(C)C,9.598572,5.979216
CC1([C@H]2CC[C@H](C2)C1=C)C,9.642772,5.678245
CC1([C@H]2CCC(=C)[C@@H]1C2)C,9.421367,7.6892653
CC1=CC[C@H]2C[C@@H]1C2(C)C,9.478658,7.886656
C[C@H](C=O)[C@@H]1CC[C@@](O1)(C)C=C,9.090317,6.2337403
C[C@H]1CCC[C@]2([C@@]13C[C@@]3(CC2)C(C)(C)O)C,9.551001,7.8767767
CC(=CCCC(=CCC=C(C)C=C)C)C,9.21952,6.953487
CC(=CCC[C@](C)(C=C)OC(=O)C)C,9.213141,7.3147845
CC(=O)O[C@H]1CC2CCC1(C2(C)C)C,9.375917,7.6179757
C[C@@H](C1=CC=CC=C1)O,10.802877,4.74527
C[C@@H](CCC=C(C)C)CC=O,9.262891,7.40016
CC(=CCC[C@](C)(C=C)O)C,9.237621,7.3892674
CC1=CC[C@H](C=C1)C(C)C,10.191528,5.3084297
CC1=CC[C@H](CC1)C(C)(C)O,9.464367,7.226401
C[C@H]1CC[C@H](CC1=O)C(=C)C,9.422028,7.475863
CC1=CC[C@@H](C[C@H]1O)C(=C)C,9.309897,7.5905037
[C@@H]([C@H](C(=O)O)O)(C(=O)O)O,7.939153,4.668516
CC[C@H](C)O,8.876152,6.1325116
CCCCCCCC/C=C\CCCCCCCC(=O)O,8.571674,5.817986
CC[C@H](C)C1=NC=CS1,11.277753,4.399649
CC(=CCC/C(=C/C=C/C(=C/C=C/C(=C/C=C/C=C(/C=C/C=C(/C=C/C=C(/CCC=C(C)C)\C)\C)\C)/C)/C)/C)C,9.215407,6.9960537
C[C@H](CO)C1=CC=CC=C1,10.862261,4.7476306
C[C@@H](C(=O)C)O,8.881179,4.329891
CC[C@H](C)C(=O)O,8.47471,5.5516458
CC(=C)[C@@H]1CC[C@]2([C@@H](C1)O2)C,9.344945,7.391257
CC1CCC(C(C1)OC(=O)C)C(=C)C,10.190167,4.939196
C(=O)(O)[O-].[K+],9.559678,5.8955317
OP(=O)(O)[O-].[K+],9.630188,6.0002456
CC(=O)[O-].[K+],9.804805,5.9995174
CC(=O)[O-].[Na+],9.7545,5.9088526
C1=CC=C(C=C1)C(=O)[O-].[Na+],10.029227,5.9063783
O=[Cr]O[Cr]=O,8.638558,5.4710093
C1=CC=C2C(=C1)C(=O)[N-]S2(=O)=O.O.O.[Na+],9.153747,5.322355
CC(COC(=O)C1=CC=CC=C1)OC(=O)C2=CC=CC=C2,10.924365,4.6426425
CCC(C)C(=O)C=CC,8.963756,4.9761443
CC(C)C1=CC=C(C=C1)CC(C)C=O,10.780777,4.8085504
CCCCCCCCCCCCCC1CCCC(=O)O1,8.628431,5.5793185
CCOC(=O)C=CSC,9.139267,4.8328366
CCC1=C(N=C(S1)CC)C,11.062081,4.519971
C/C=C(\C(=O)C)/O,11.854192,5.241219
CCCCCCCCCCCCCCCCCCCCC(C)C,8.603507,5.5876784
CC1=NC=CN=C1C(C)C,11.359517,4.3878183
CC1=CN=C(C(=N1)CCC(C)C)C,11.104053,4.3066936
CC(CCC=C(C)C)C1CCC(=C)C=C1,9.283287,7.1612024
CCCC(CC(=O)OC)O,8.940282,5.234093
CC1CCC(C2C1(CCC(=C2)C)O)C(C)C,9.924316,5.6438
CC1=C(C(CCC1)(C)C)C=CC(C)O,10.589185,4.7038417
CCOC(=O)C(C(C)C)O,8.83984,4.493261
CCCCC(=O)C=C,8.884996,5.4053783
CC1=CCC(CC1)C(C)C=O,10.544524,4.889031
CCC(C)C1=CN=C(C(=N1)C)C,10.493614,4.1126704
CCC1=NC=CN=C1OCC,11.338736,4.313907
CCC1SC(SS1)CC,8.914472,5.257649
CCC(C)C(C(=O)OC)O,10.674497,4.3981876
CC1(CC2C(C1)C3(CCCC2(C3O)C)C)C,9.7242365,7.2841845
CC(C(=O)C)OC(=O)C,8.980087,5.195409
CC1=CCC(CC1=O)C(C)C,10.790777,4.93498
CC(=C1CCC2(CCCC(=C)C2C1)C)C,9.93676,5.6426334
CCC(=O)C(C)O,9.42219,5.0731645
CCC(=O)SC,8.773101,5.0023136
CC1=CC=C(O1)CS,10.849016,4.7326603
CC1CCC2(C(C3CCC2(C1C3)C)(C)C)O,9.710307,7.2358856
CC1(CCCC(O1)(C)C=C)C,9.007103,5.5475216
C1=CC=C(C=C1)CC(=O)OCC=CC2=CC=CC=C2,10.927424,4.5941944
CC1=CCC(CC1)C(C)(C)OC(=O)C(C)C,9.681732,5.2494783
CCCCCCCCCOC(=O)CCCCCCCC,8.593021,5.516036
CC1(C2CCC(O1)(C=C2)C)C,9.09016,4.7213387
CC(=C)C1CCC(=C)C(C1)OC(=O)C,9.3029785,7.1813083
CC1CCSC(S1)C,9.006512,5.099432
CC1CCSS1,8.59855,5.294163
CC(CCCC(=O)OC)OC(=O)C,8.974778,5.348563
CC1=C(CCO1)S,10.753237,4.7004466
CC(=O)C1=CC=C2N1CCC2,10.955745,4.5877466
CC1=C(C=CO1)SC,10.733818,4.8467565
CC(C)C1CCC(C=C1)(C)O,10.357704,4.941809
CC1=NCSC1,11.218114,4.4238834
CC(C)C1=CC=C(CC1)C=O,10.786744,4.889289
CC(=O)C1=CSCCN1,11.010558,4.7317424
CC1=C2C(=CO1)CCS2,10.595348,5.043489
CCCCCC1CCOC(O1)CCCCC,8.79034,5.571818
CC(=C)C1CCC(CC1)C=O,10.24186,4.853271
CC1=CCC(CC1)C(C)COC(=O)C,9.307104,7.2174335
CCCCC1C(O1)C=CC=O,8.984016,5.3540187
CC1=CCC(C=C1)C(=C)C,10.760697,4.7866964
CCC(C(C)C=O)S,8.908532,4.3288054
CC(C)(CC=O)S,8.996788,5.0375547
CCCCCC(CC=O)S,8.6675205,5.318675
CCCC(CC=O)S,8.773909,5.198917
CC1=CN=CC(=N1)C(=O)C,11.261667,4.3379216
CC1=NC=C(N=C1C)CC(C)C,11.255018,4.102717
CCCCC1=NC=C(N=C1C)C,11.342848,4.423051
CC1=NC(=CN=C1OC)CC(C)C,11.252283,4.2876387
CC1=C(C(=O)C(C1)(C)C)O,10.410052,4.5796595
CCC1CC(=O)C(=C1C)O,10.850242,4.9059834
CC1C(C(=O)C(=C1C)O)C,10.432801,4.5042486
CC1=CCC(C2=C1C=CC(=C2)C)C(C)C,10.885171,4.789989
CCCCCC(=O)CCSC,8.708982,5.4037943
CC1NC(SC(S1)C)C(C)C,9.688285,4.43416
CC1N2CCCC2SC(S1)C,10.7452545,4.4347677
CCC(=O)C1=NCCC1,10.653736,4.6810837
CCCC(=O)OC(C)C(=O)C,8.928905,5.212839
CC(C)C1=CC(=NC=C1)C(=O)C,11.099892,4.420733
CCC1=NC=CC(=C1)C(=C)C,11.197575,4.48231
CCC1SC(SSS1)CC,8.792022,5.3152385
CC1SCSS1,8.690037,5.180464
CCCSS(=O)(=O)CCC,8.745107,4.8936024
CCCCCC(=O)C(C)C(=O)C,8.868973,5.2251515
CCCC(C)OC(=O)CC(C)C,8.864499,5.5296354
CC1CSC(S1)C,8.816325,5.0661263
CCCSSC=CC,8.65652,5.3856673
CC(C)C(=O)OC1=CC=C(C=C1)OC,10.574637,4.982955
CC1(CCCC2(C13CCC(C3)C2(C)C)O)C,9.724356,7.3075666
COCC=CCCCC=C,8.621814,5.639523
CCCS(=O)OC,8.634446,5.4590974
CC(C)C(CCC(C)O)CCC(=O)C,9.146261,6.467764
CC(C)C(=O)SC,8.8327055,4.2574525
CC(C)C(=O)OC1=C(C=C(C=C1)C=O)OC,10.672471,4.8903956
COC(=O)CCC=C,8.741367,5.797649
CC1CCC(=O)OC1C,9.024277,4.826292
CCCCCCCOCCCCCC,8.565632,5.511716
CCCCCC(C=C)OC(=O)CC,8.76381,5.552875
CCC1NC(SC(S1)CC)CC,8.980167,5.02952
CC(CC(=O)OC)SC,8.851581,4.4534783
CC(=C)C1CC(CCC1(C)C=C)C(C)(C)O,9.331419,6.736456
CC1CCOC(S1)(C)C,8.964766,5.224975
CC(CC=C)C(=O)O,7.467259,4.4058056
CC(=CCCC(=CC(=O)C)C)C,9.622089,6.8680444
CCOC(=O)CC(C)CCC=C(C)C,9.178373,7.031864
CCCCC(CC)C(=O)OCC(C)CC,8.781619,5.5096374
CC1=C(C(=O)CC(C1)(C)C)O,10.731142,4.641609
CCOC(=O)CC(=O)OCC1=CC=CC=C1,10.842401,4.987898
CCCCC1=CSC=N1,10.841738,4.5685053
CCC1(C(O1)(C)C2=CC=CC=C2)C(=O)OCC,10.439747,4.710071
CC(C)C(=O)OC(C)C1=CC=CC=C1,10.870154,4.5840673
CC(C)(C1CCC(=C)CC1)OC(=O)C2=CC=CC=C2,10.395317,5.0247355
CC1=C(OC(=N1)CC(C)C)C,10.915577,4.605985
CC1=CN=C(S1)CC(C)C,12.05149,3.9567406
COC1=NC=CS1,11.289119,4.268103
CC1=CC=C(C=C1)C=CC=O,10.985759,4.709684
CC1COC2C1CCC(=C2)C,9.634546,7.42201
CC1=CN=C(C(=N1)OC)C,11.164366,4.383931
COC1=C(C=C(C=C1)CC=C)O,10.8736515,4.8187194
CC1=CC=C(C=C1)OCC(=O)OC,10.962269,4.732989
C[C@H](C1=CC=CC=C1)O,10.677782,4.8553443
C1=CC(=CC=C1/C=C/C(=O)O)O,11.686781,5.3550496
CC[C@@H](C)CO,8.951485,6.065497
C[C@@H](C=O)C1=CC=CC=C1,10.839792,4.543299
C1=CC=C(C=C1)/C=C/C(=O)C2=CC=CC=C2,11.105523,4.9200764
C/C=C/SC,10.357542,5.9204774
C[C@H]1CCC(=C(C)C)C(=O)C1,9.281202,7.6954384
CC(=CCC/C(=C/CC/C(=C/CC/C=C(/CC/C=C(/CCC=C(C)C)\C)\C)/C)/C)C,9.134939,7.005808
CCCC[C@H](C)O,8.697518,5.874783
CC[C@H](C1=CC=CC=C1)O,10.904456,4.748903
CCC[C@H](C)C(=O)OC,8.49623,5.428746
C[C@H]([C@H](C)S)O,8.303947,5.0304914
CCC[C@H](C)C(=O)O,7.6396017,4.564351
CC1=C(C(=O)CC1)CC=C,10.766852,4.778382
C[C@@H]1CCC(=O)O1,9.055258,5.5775146
CCCCC[C@@H]1CC=CC(=O)O1,8.823082,5.877039
C[C@H]1C2=C(C=C(C=C2)C)OC1=O,10.70994,4.962625
CC[C@H](C)C(=O)OC,8.06711,4.8320484
CC[C@@H](C)C(=O)/C=C/C,8.982742,6.862054
CC1=CC=C(O1)[C@@H](C)CC=O,10.669789,4.8436513
C[C@@H](CC=O)SC,8.925225,4.450402
C/C(=C/C[C@@H]1[C@]2(CCCC([C@@H]2CC[C@@]1(C)O)(C)C)C)/C=C,9.210078,7.5640893
C(/C(=C/C(=O)O)/C(=O)O)C(=O)O,8.034004,4.3829226
CC[C@@H](C)C(=O)OC,7.9320536,4.808647
CCC(=O)O[C@@H]1C[C@H](CC=C1C)C(=C)C,9.213166,7.651869
CCOC(=O)[C@@H](CC1=CC=CC=C1)C(=O)C,10.902914,4.730833
CC[C@H](C)N=C=S,8.824029,4.826427
C/C=C/C1=CC(=C(C=C1)OCC2=CC=CC=C2)OC,10.825664,4.7577143
C[C@@H](CC1=CC2=C(C=C1)OCO2)C=O,10.932569,4.793072
CC(C)C(=O)OC1=CC=CC=C1OC,10.545206,4.8250446
C/C=C/C1=CC(=C(C=C1)O)OC,11.171455,4.9423904
C[C@]12CCCC([C@@H]1CC[C@@]3([C@@H]2CC(=O)O3)C)(C)C,9.514591,8.050123
COC1=C(C=C(C=C1)CCNC(=O)C=CC2=CC(=C(C=C2)OC)OC)OC,11.009087,4.795151
COC1=C(C=C(C=C1)CCNC(=O)/C=C/C2=CC(=C(C=C2)OC)OC)OC,11.173467,4.8794947
CC1=CC[C@@H](C1(C)C)CC=O,9.381561,7.880958
C[C@@H]1CC(=O)C=C2[C@]1(C[C@@H](CC2)C(=C)C)C,9.464846,7.799163
C/C(=C/C#N)/CCC1=CC=CC=C1,11.670274,5.1601725
C/C=C\C1=CC=C(C=C1)OC,11.483919,5.0525856
C/C=C\C1=CC(=C(C=C1)O)OC,11.289448,4.9038095
C/C=C\C1=CC(=C(C=C1)OC)OC,11.137311,4.9745092
C[C@H](CC1=CC=C(C=C1)C(C)(C)C)C=O,10.724895,4.8399043
CC1=CC[C@@H](CC1)[C@@](C)(CCC=C(C)C)O,9.350559,7.944464
C[C@H](CCCC(C)(C)O)CC=O,9.181606,5.8491497
C1=CNC(=S)N=C1,11.592151,4.3253694
CC(C)CC(=O)/C=C\C(C)C,9.240542,7.037274
C1=CC=C(C=C1)/C=C/C#N,11.34673,4.827579
CC(=CCC/C(=C\C#N)/C)C,9.380174,6.8159056
CC/C(=C\C1=CC=CC=C1)/C=O,11.494759,5.414758
C/C(=C\C#N)/CCC1=CC=CC=C1,11.841676,5.306638
CC(=CCC/C(=C/C1OCCO1)/C)C,9.250808,7.024248
CCCCC/C(=C\C1=CC=CC=C1)/C=O,11.399706,5.151454
CC(=CCC/C(=C\CCC(=O)C)/C)C,9.198681,7.046539
CCCCCCC[C@@H]1CCCC(=O)O1,8.767234,5.853603
CCCCC[C@@H]1CCCC(=O)O1,8.79104,5.8159623
CC[C@H](C)CC(=O)CC,9.259452,7.3981175
CCCC[C@H](CC)COC(=O)C1=CC=CC=C1O,8.916709,5.681842
C[C@@H](CCCC(C)(C)O)CC=O,9.19346,5.8608932
C[C@@H](CC1=CC=C(C=C1)C(C)(C)C)C=O,10.600543,4.916756
CCCCC[C@H]1[C@H](CCC1=O)CC(=O)OC,8.978328,5.7854605
CCCCCC[C@H]1CCCC1=O,8.8170595,5.5966105
CC[C@H](C)CO,8.863598,6.095389
C1[C@@](OC[C@](O1)(CO)O)(CO)O,8.109389,5.089059
CC(=C)C1=CC(=C(C=C1)O)OC,10.960464,4.7361717
CCC(=O)[O-].[Na+],9.804876,5.9894643
CCCCCC[C@H](C)O,8.59,5.6295905
C(CC(=O)O)[C@@H](C(=O)O)N.Cl,7.388751,4.35421
CCC(C)C(=O)C(=O)[O-].[Na+],9.89772,5.9621058
CC1=CC[C@@](CC1)(C(C)C)O,9.996811,5.634173
CCC[C@H](C)O,8.742795,6.199
CCCCC[C@H](C)O,8.693599,5.90256
CCCCC[C@@H](C=C)O,8.7404585,5.6494775
CCCC(CCOC(=O)C)SC(=O)C,8.804497,4.999728
CC1=C[C@@H](C2CC1C2(C)C)O,9.482825,7.8935328
CC[C@@H](C1=CC=CC=C1)O,10.549292,4.9459586
C/C(=C\OC(=O)C)/C1=CC=CC=C1,11.568567,5.2144756
CC1COC(O1)CC(C)CCCC(C)(C)O,9.276893,6.025752
C(=O)([O-])[O-].[OH-].[Mg+2],9.691492,5.936898
CCCCCCCCCCCCCCCCCCCCCC[N+](C)(C)C.[Cl-],9.893208,6.2766724
CC1(CCC(CC1)C(C)(C)OC)OC,8.990244,5.4172726
CCC(C(C)C)(C(C)C)C(=O)NCC,9.206091,4.0003366
CCCC(=O)C(CC)S,8.835719,4.9269047
CC(C)CC1CC(CCO1)(C)O,9.247401,6.5969133
CCCCCC=CC(CC=C)O,8.670306,5.5308394
CC1=NC(SC1)C(C)C,11.23242,4.476731
CCCCCCCCC(C)C#N,8.624949,5.496121
CCC=CCC=CC=CC(=O)OCC,8.670095,5.8334928
CC(C)C(=O)OC(C)CC(=C)C,9.26566,7.084711
CCCCCC1CCCC1O,8.705611,5.4906864
CC(=C)C1CCC(C1=C)(C)C(=O)C2CCCC2=O,10.512322,4.981345
CC1CC(CC(C1)(C)C)CC(=O)C2CCCC2=O,9.549628,7.796931
CC(C(C)(CC=C(C)C)C=C)O,9.183891,6.8885736
CC(CC(C)C1=CC=CC=C1)CO,10.89872,4.7128096
CC(=CCCC1=CCC(CC1)C=NC2=CC=CC=C2C(=O)OC)C,10.959654,4.5462737
CC1=CC(=C(C=C1)OCC=C)C,10.82686,4.895665
CC1=C(N=CS1)CCOC(=O)C(C)C,11.37889,4.523042
CC(C)C(=O)OCCCC1CCCCC1,8.802571,5.1311707
CCCC(=O)OCCCC1CCCCC1,8.750866,5.391139
CC1CCOC(C1)C2=CC=CC=C2,10.78884,4.8400226
CCCC(CCOC)S,8.919507,5.0045805
CCCCCCCCCCOC(=O)CCCCCCCCCCCCCCC(C)C,8.562894,5.602023
CCCCC(C(C)CCC)O,8.842639,5.3259964
CCOC1=C(C=CC(=C1)C=O)O.CC(C)C(=O)[O-],10.203123,5.7532506
CCC(O)OC,8.726133,5.4205537
[O-]P(=O)([O-])[O-].[Na+].[Al+3],9.685406,5.9249935
CC(CCC=C(C)C)CC#N,9.263321,7.0696297
COC1=CC2=C(C=CN=C2C=C1)[C@H]([C@@H]3C[C@@H]4CCN3C[C@@H]4C=C)O,10.153445,6.7060866
CC(CC1=CC=C(C=C1)OC)C=NC2=CC=CC=C2C(=O)OC,10.992917,4.560852
CC(C)CCCCCCCCCCCCCCC(=O)OC(CO)CO,8.512836,5.736676
C([C@@H]1[C@H]([C@@H]([C@H]([C@H](O1)OC[C@H]([C@H]([C@@H](C(CO)O)O)O)O)O)O)O)O,7.9174495,5.619597
CC\1C=C(CC/C1=C\NC2=CC=CC=C2C(=O)OC)C,11.537979,5.286189
CCC(=O)OC1C=CC2C1C3CCC2C3,9.647424,7.794496
CC1(CCC=C2C1CCC(C2)C=O)C,9.778991,7.0797024
CCC1C(=O)C(=CO1)CO,10.562825,4.890259
C[C@@H]1CCC23C[C@@H]1C([C@@H]2CCC3=C)(C)C,9.527683,7.887175
CC#CC#CCC1=CC=CC=C1,9.05582,5.7440805
CCC=C(C=O)C1=CC=CC=C1,10.843673,4.802384
COC1=CC2=C(C=CN=C2C=C1)[C@H](C3CC4CCN3CC4C=C)O.O.O.Cl,11.055183,4.7673187
[O-][Si]([O-])([O-])[O-].[Mg+2].[Al+3],9.743461,5.929062
CC1=C[C@H]2[C@@H](CC[C@@]([C@H]2CC1)(C)O)C(C)C,9.436803,7.5712633
CC1=C[C@H]2[C@@H](CC[C@]([C@H]2CC1)(C)O)C(C)C,9.421136,7.77456
C[C@@H]1CC(C=C([C@@]12CCC(=C(C)C)C2)C)O,9.336899,7.7653904
CC(=CCCC1=CCC[C@@H](C1)COC(=O)C)C,9.21235,7.417375
C[C@@H]1C[C@H]2CC(CO[C@@H]2C[C@@H]1C)(C)C,9.527632,7.7432113
CCOC1=C(C=C(C=C1)C(OCC)OCC)OC,10.805609,4.859035
C[C@@H]1CC([C@H]2[C@H]1C[C@@H](CC2)CC(=O)C)(C)C,9.610252,7.7648215
C[C@@H]1[C@@H](CC[C@]1(C)OC(=O)C)C(=C)C,9.19042,7.7389402
CC1=CC=C(C=C1)OCCOC,11.0254755,4.658501
C1CCCCCC(=O)OCCCC(=O)CCCC1,8.779148,5.3868756
CCCCCCCCCCCCOS(=O)(=O)[O-].[Na+],9.701601,6.1852307
C1CSCN1CCS,9.451224,4.3598385
CC1(C2CCC1(C(C2)OC(=O)CC3=CC=CC=C3)C)C,9.922597,6.991172
CCC(=O)OCCCC1CCCCC1,8.765977,5.3488016
CC1(CC(=O)C2C(C1=O)(O2)C)C,9.77157,4.890287
CC(CC1=CC2=C(C=C1)OCO2)C=NC3=CC=CC=C3C(=O)OC,11.1158,4.5720363
CC(C)CC(=O)C(=O)[O-].[Na+],9.883209,5.9655995
C1C(=O)OC2=CC=CC=C2O1,10.761477,4.8114815
CCCCCCOCC#N,8.493498,5.3469315
CC1OCC2(CCC(=CC2)C)CO1,10.132602,5.1755457
CC(C)(C)C1CCC2(CC1)CCC(=O)O2,9.851375,5.239002
CCCCCCOC(=O)/C=C/C(=O)OCCCCCC,8.635617,5.755557
CCCCCCCCOC(=O)/C=C/C1=CC=CC=C1,8.663467,5.852752
CC(CC/C=C(\C)/CCC=C(C)C)CCO,9.199373,7.1177225
CC1=C(C(=O)C2=CC=CC=C2C1=O)C/C=C(\C)/CCCC(C)CCCC(C)CCCC(C)C,9.298456,7.2953143
CC/C=C\C/C=C\C/C=C\CCCCCCCC(=O)O,8.628679,6.1317816
C/C=C(\C)/COC(=O)/C(=C/C)/C,9.18399,7.1049905
CC(=CCC/C(=C/CC1=C(C=C2C(=C1)C=CC(=O)O2)O)/C)C,9.397428,6.8880444
C/C/1=C\CC/C(=C/CC(=C(C)C)CC1)/C,9.161449,7.19777
CC(=CCC/C(=C/CC[C@@](C)(C=C)O)/C)C,9.197594,7.1977377
CC/C=C\C[C@@H]1[C@H](CCC1=O)CC(=O)OC,8.839205,6.6450486
CCCCCCCC/C=C/CCCCCCCC(=O)OCCOCC(C1C(C(CO1)OCCO)OCCO)OCCO,8.558845,5.76224
CCC/C=C(\C)/C(=O)O,9.315795,6.8333583
CC/C=C/CC(=O)O,8.762215,6.2293506
CCCCCCC/C=C/C(=O)O,8.651859,6.0185432
C(CCCCO)CCC/C=C/CCCCCC(=O)O,8.635638,5.9612465
CCCC/C=C/CCCCO,8.604986,5.9612827
C/C=C/CCC=O,8.751488,6.3034472
CC/C=C/C=C/C=O,8.68893,6.1982718
CCCCC/C=C/CC=O,8.63308,6.0484414
CC/C=C/C/C=C/C=C/C=O,8.74422,6.3302712
CCCCCC/C=C/CCC=O,8.671235,5.985243
CCCCCC/C=C\CC(=O)O,8.60606,5.9211154
CCCCC/C=C\CCC(=O)O,8.588816,5.953559
C/C/1=C\CC/C(=C/C2C(C2(C)C)CC1)/C,9.256386,7.0598097
CC1=C[C@H]2[C@@H](CC[C@@](C2CC1)(C)O)C(C)C,9.566735,7.8385844
C1=CC=C(C=C1)/C=C/CO,10.946438,4.839085
CC(=O)OC/C=C\C1=CC=CC=C1,11.361356,5.266915
CC(=CCC/C(=C\CCC(=C)C=C)/C)C,9.23981,7.007356
C[C@H]1CCC2C1[C@H]3[C@H](C3(C)C)CCC2=C,9.5359535,8.07664
C/C/1=C\CCC2([C@H](O2)CC(/C=C/C1)(C)C)C,9.176004,7.3471875
C/C=C/C1=CC(=C(C(=C1)OC)OC)OC,11.360997,5.3465805
CC/C=C\CC1C(CCC1=O)CC(=O)OC,8.84108,6.44478
CC(=CCC/C(=C\CCC(C)(C=C)O)/C)C,9.19351,7.06118
CC/C=C/CC/C=C/CO,8.723098,6.156425
CC(=C)CC/C=C(\C)/C=C,9.189712,7.013376
C1=CC=C(C=C1)CCCOC(=O)/C=C/C2=CC=CC=C2,11.075711,4.8702035
CC1(C2C[C@@H](C(=C)C1C2)O)C,10.1775055,4.83206
C[C@H]1CC[C@H](CC2=C1C(=O)C[C@@H]2C)C(=C)C,9.377167,7.9749155
C[C@@H](CCC=C(C)C)C1CCC(=C)C=C1,9.284353,6.987322
C/C/1=C/CCC(=C)C2CC(C2CC1)(C)C,9.308841,7.319202
C/C=C(\C)/C(=O)OC,11.344904,5.785397
CC1=CSC(=N1)C(=O)C,11.366563,4.329815
CC[C@H]1CCC(=O)O1,9.412156,5.5718775
CCC[C@H]1CCC(=O)O1,9.010007,5.763929
CC1(C2CCC3(C(C2(CCC1OC4C(C(C(C(O4)C(=O)O)O)O)OC5C(C(C(C(O5)C(=O)O)O)O)O)C)C(=O)C=C6C3(CCC7(C6CC(CC7)(C)C(=O)O)C)C)C)C.N,9.623599,7.5427017
CCCCCCCCC/C=C/CCCCCC,8.591611,5.8866897
CC(=C)/C=C/CCC/C(=C/CCC(C)(C=C)O)/C,9.166969,6.9855433
C/C=C/SSSC,8.725828,5.6528845
CC/C=C\C/C=C\C/C=C\CCCCCC=C,8.591321,6.151781
CCC/C=C\CCC(=O)OC,8.647772,6.002694
CC/C=C\C/C=C\CC=O,8.755448,6.175328
CCC/C=C\CCCOC(=O)C,8.727923,6.3568854
CC/C=C\CCCCOC(=O)CC(C)C,8.955524,6.382334
CC/C=C\CCCCOC(=O)C,8.724011,6.281197
C/C=C/SSCC=C,8.838369,6.343638
CC/C=C/CC(=O)C=C,8.866193,6.4048
CC/C=C/C=C/C(=O)C,8.852165,6.5182643
C/C=C/C1=CC(=C(C(=C1)OC)O)OC,11.076229,4.929461
C/C=C/C=C\CC/C=C/C(=O)NCC(C)C,8.674867,6.2468843
CC(=CCC/C(=C\COC=O)/C)C,9.126669,7.2574453
CCCCCCC1=CC=C(C=C1)/C=C/C(OC)OC,8.9115715,5.889451
COC1=C(C=CC(=C1)CC=C)OC(=O)/C=C/C2=CC=CC=C2,10.732121,5.0844407
CCCCCCCCCCCCCCCCCC(=O)O[C@@]1([C@@H]([C@H]([C@@H]([C@H](O1)CO)O)O)O)[C@@]2([C@H]([C@@H]([C@H](O2)CO)O)O)CO,8.204135,5.0556593
CCCCCCCCCCCCCCCCCC(=O)O[C@@H]1[C@H]([C@@H]([C@H](O[C@]1([C@@]2([C@H]([C@@H]([C@H](O2)CO)O)O)CO)OC(=O)CCCCCCCCCCCCCCCCC)CO)O)O,8.371998,6.0168076
CCOC(C)OCC(C)OC(C)OCC,8.720579,5.5114856
CCOC(C)OCC(COC(C)OCC)OC(C)OCC,8.768362,5.164477
CCCC/C=C/CCCC(=O)O,8.639772,6.0496097
CC1CCC(C(C1)OCC(CO)O)C(C)C,9.21552,4.128532
CCCCC/C=C\CCC=O,8.642623,5.9944124
C1CCCCCC(=O)CCC/C=C\CCCC1,8.748029,5.63473
C1CCC/C=C\CCCCCCC(=O)CCC1,8.778282,5.972858
CCCCC/C=C\CCCO,8.613241,5.972169
CC/C=C\CC(=O)OC,8.661658,6.177103
C/C=C(\C)/CSC,9.325635,6.826867
CCCCCCCC/C=C/COC(=O)C,8.625903,5.931605
CCCCCCCC/C=C\CCCCCCCC(=O)OCC,8.619874,5.804331
CCCC/C=C\CCCCCCCCCCCCOC(=O)C,8.640742,5.823699
CC/C=C\CCCCCOC(=O)C,8.72261,6.169045
CC(=CCC/C(=C/CCC(C)(C=C)OC(=O)C)/C)C,9.210145,7.0618877
CC(C)C(=O)OC(C)(CC/C=C(\C)/CCC=C(C)C)C=C,9.212577,7.115569
CCCC/C=C\CCCCCCOC(=O)C,8.675206,5.9182043
CC1=C(C(CCC1=O)(C)C)/C=C/C(=O)C,9.641933,6.41953
CC(C)/C=C(\C=O)/C1=CC=CC=C1,11.527159,5.480998
CC/C=C\CCOC,8.733632,6.2151985
CCCC/C=C\CCCCCCCCCC=O,8.6016865,5.809357
CCCC/C=C\CCCCCCCCCCCC=O,8.608927,5.8027854
CCCCCCCC/C=C\CCCCCCCC(=O)OC,8.594466,5.8201394
CCCC/C=C\CCO,8.596522,6.094313
C/C=C(\C)/C(=O)C,9.224382,7.010034
CCCCCCCC/C=C\CCCCCCCCOCCO,8.593661,5.950968
CCCCCCC/C=C/CO,8.596604,6.0998974
CCCCCCCCCC/C=C\CO,8.607727,5.930461
CCCCCCCCCCCCC/C=C\CCCCCCCC,8.596203,5.8148937
CCCC/C=C\CCCCO,8.655836,5.9270945
CC/C=C\CCOC(=O)OC,8.71073,6.321848
C/C=C/C(=O)OCC(C)C,9.176346,6.6907353
CC(/C=C(\C)/CCC=C(C)C)OC(=O)C,9.179461,7.065271
CC(=CCC/C(=C/COC)/C)C,9.179758,7.0330353
CC(=CCC/C(=C/CCC=O)/C)C,9.189781,6.9995
CC(=CCC/C(=C\C(=O)OC)/C)C,9.260635,6.911338
C/C=C/C(=O)OC1CCCCC1,10.262974,5.5868297
CC/C=C\CCOC(C)OCC,9.111219,6.655438
CCOC(C)OC/C=C(\C)/CCC=C(C)C,9.182601,7.0518193
CC/C=C\C=C\C=C,8.704087,6.1752186
CCCCCCC#CC(=O)OCC/C=C\CC,8.635789,5.961305
CCC/C=C/C(=O)OCC/C=C\CC,8.630939,6.1801825
CCCCCC#CC(=O)OCC/C=C\CC,8.644418,6.0560412
CCC/C=C/CC1CCCC1=O,8.798791,6.1232247
C/C(=C\CCC1(C2CC3C1(C3C2)C)C)/CO,9.358988,7.116589
CCCOC(=O)/C=C/C=C/C,8.767557,6.414518
CCOC(=O)/C=C/SC,9.444412,5.8843064
CCOC(=O)/C=C\SC,8.967607,6.0939426
CC1=C(C(CCC1)(C)C)C/C=C(\C)/C=O,9.445964,6.6821356
CC1=CC(=O)CC(C1/C=C/C(C)O)(C)C,9.32714,6.9219036
C/C(=C\C1=CC=CC=C1)/C(=O)C,11.63326,5.4375086
CC1CC=C(C(C1(C)C)/C=C/C(=O)C)C,9.435784,6.9056664
CC/C=C\CCOC(=O)C1=CC=CC=C1O,9.21715,6.7723155
CC1=CCCC(C1/C=C(\C)/C(=O)C)(C)C,9.469066,6.791137
CC1=C(C(CCC1)(C)C)/C=C(\C)/C(=O)C,9.481506,6.679253
C/C(=C\C1=CC=CC=C1)/C=O,11.6249485,5.2425094
CC1=CCCC(C1/C=C/C(=O)C(C)C)(C)C,9.4944105,6.8491693
CC(=O)O/C=C\C1=CC=CC=C1,11.243576,5.26265
C/C(=C/C1=CC=CC=C1)/C#N,11.923409,5.2031026
C[C@H](CC1=CC2=C(C=C1)OCO2)C=O,10.782817,4.956968
[B-]1(OO[B-](OO1)(O)O)(O)O.[Na+].[Na+],9.498411,5.7998996
C[C@@H](C=O)[C@@H]1CC[C@@](O1)(C)C=C,9.140875,6.2669888
C(=O)(N)/N=N/C(=O)N,13.008853,4.5923986
COC(=O)OC1CCC/C=C\CC1,9.009859,6.621095
CC(CC1=CC=CC=C1)(C=C)C#N,11.117857,4.7311745
CCOC(=O)C/C(=C/C(=O)[O-])/C(=O)[O-],10.020825,5.9952903
CC1(CCCCC1(C)O)C,9.188681,5.632897
CCC(=O)/C=C/C1C(C=CCC1(C)C)C,9.335736,7.2462783
CCOC(=O)CCCSC,8.833111,5.3020954
CCCC/C(=C\C)/C=O,8.957997,6.174327
CC1=C(CCO1)S.CC(=O)[O-],10.447626,5.5160394
CCCCCCC(CCCCCCCCCCC(=O)OCC(CC)CCCC)O,8.598051,5.591285
CC1=CCCC(C1/C=C/C2(C(O2)C(=O)OC)C)(C)C,10.741265,4.910584
C[C@H](C=O)C1=CC=CC=C1,10.799605,4.6725636
C[C@H]1CC[C@@H]([C@@H]1C(=O)O)[C@@H](C)C=O,7.9900527,4.5240808
C[C@H](C(=O)NC(=O)[C@H](CC(=O)O)N)NC1C(SC1(C)C)(C)C.C[C@H](C(=O)NC(=O)[C@H](CC(=O)O)N)NC1C(SC1(C)C)(C)C.O.O.O.O.O,5.6841297,4.0769854
CCCC/C(=C/C1=CC=CC=C1)/C=O,11.551142,5.2912703
CC(=CCC/C(=C/COC(=O)/C=C/C1=CC=CC=C1)/C)C,9.249098,6.904004
CCCCCCCC/C=C/CCCCCCCC(=O)N(C)CC(=O)O,8.539857,5.843999
CC1CCOC(O1)/C=C/C2=CC=CC=C2,10.525232,5.005521
C1CCCCC2COCC2/C=C\CCC1,8.830864,5.867859
C/C=C/C=C/COC(=O)C(C)C,8.986754,6.7419047
CC/C=C/CCCCO,8.637407,6.10558
CCCCCCC/C=C\C(=O)OCC,8.635485,5.9878926
[OH-].[OH-].[Ca+2],8.6729145,5.523199
C/C(=C\C1=CC=CO1)/C=O,11.486383,5.5539365
C1CC(OC1)COC(=O)/C=C/C2=CC=CC=C2,10.767715,5.0335417
CC1CC(=CC(C1/C=C/C(=O)C)C)C,9.458934,7.2942367
CC(C)[C@@]12CC[C@@]([C@@H]1C2)(C)O,9.649504,6.7226515
O=[Bi].Cl,8.715129,5.1383276
CC(=O)O.C(C(C(C(C(C=O)O)O)O)O)O.[Na],8.045145,4.7466087
C1CCCCCC(=O)CC/C=C\CCCC1,8.811405,5.7539024
CC/C=C(\C)/COC(=O)C,9.181396,7.273645
CC(=CCC/C(=C/CS)/C)C,9.327406,6.8461194
CCOC(C)/C=C/C1C(=CCCC1(C)C)C,9.437869,6.947429
CCCCCCCC/C=C/OC,8.608611,6.0377827
C/C=C(\C)/C(=O)OCC=C(C)C,9.184081,7.050806
CCC(C)C(=O)OC/C(=C/C)/C,9.216123,7.046014
CCCC/C=C/COC(=O)CC(C)C,8.693757,5.884712
CC/C=C/CCOC(CC)OC,8.782557,6.3509173
CCC/C=C/COC(=O)CC1CCCC1,8.670896,5.9081364
CC(C)CCCC(C)C/C=C/C(=O)C,9.1926985,7.0263686
CCCCC/C(=C/C1=CC=CC=C1)/C(OC)OC,11.477894,5.2583494
CC/C=C/CCC1CCC(=O)O1,8.847571,6.463491
C/C(=C\C1=CC=CC=C1)/CO,11.702318,5.3178186
CCOC(=O)CCCC=C,8.772878,5.530664
CC(=O)OCCC(C)(C)S,8.991594,5.6362696
COC1=CC=C(C=C1)CC2CC2,10.9448805,4.6166263
CCCCC[C@@H]1[C@@H](O1)/C=C/C=O,8.770943,6.2436824
CC1C2CCC(=CC2OC1=O)C,10.431979,5.115785
CCCCC/C=C\C=O,8.638153,6.0180216
CCCCC/C=C\C=C\C=O,8.625309,5.9102044
C[C@H]1CCC(C2C1=CCC(=C2)C)C(C)C,10.542956,4.6534443
CC1([C@@H](C2(CCC1C2)C)O)C,9.791882,4.635637
CCC(C)COC(=O)/C(=C\C)/C,9.24227,6.865697
CC1=CCC(CC1)C(C)(C)S,10.007668,5.387913
C[C@]1(CC[C@@H](C(O1)(C)C)O)C=C,9.124718,4.744359
CC/C=C\C=C\C(=O)C,8.774695,6.4213257
C[C@@]1(CC[C@H]2C[C@@H]1C2(C)C)O,9.436312,7.9585667
CC1([C@@H]2CC[C@@]3(C2)C(C1=C)CCC3=O)C,9.478486,7.9751577
CC1=CCC[C@]2(C1C[C@H](CC2)C(C)(C)O)C,9.419899,7.888864
C[C@]12CC[C@H](C1(C)C)C[C@H]2OC(=O)C3=CC=CC=C3,9.459123,8.0061035
CCCCCC(C(=O)C)O,8.603808,5.229224
CC/C=C/CC(C=C)O,8.749767,6.271717
C[C@]1(CC[C@@H](O1)C(C)(C)O)C=C,9.037744,6.8918133
C[C@@]1(CC[C@H](C(O1)(C)C)O)C=C,9.261345,4.5672407
CC1=C(C(=O)CC1(C)C)O,10.698668,4.896559
CC1=C(C(=C(C=C1)C)/C=C/C(=O)C)C,10.987874,5.060795
CC1=C(OC=C1)CC2C(O2)(C)C,9.427629,7.200428
CC1=CCC2(CC1C2(C)C)O,9.575927,7.6958346
CC(=CC/C=C(\C)/CC=O)C,9.18936,7.1606145
CC(=O)C(CC1=CC=CC=C1)O,10.902898,4.704613
CC(CC(=O)C)SC,8.734158,4.3291264
CCCCCCC(=O)CCC=O,8.64428,5.5873427
CC1C(=O)CC2(O1)C(=CC=CC2(C)C)C,9.685016,7.3315907
C1=CC=C(C=C1)/C=C\C=O,11.173078,4.867947
CC(=O)C1=CCCN1,10.743033,4.647068
CC(C)CC(=O)OC/C=C(/C)\CCC=C(C)C,9.194362,7.06191
CC(=CCCC(C)(C1CCC(O1)(C)C=C)O)C,9.184548,5.708521
CC[C@H](C)C(=O)OCC,8.914122,5.126823
CC(=CCCC(=C)C1CCC(=CC1)C=O)C,9.297333,5.7633777
CC1=CN=C(C(=N1)C)OC,11.208146,4.225426
CCCCC/C=C\C=C/C=O,8.671435,6.1702247
CCCC/C=C\C(=O)C,8.735587,6.0594397
CC1=CN=C(C(=N1)C)C=C,11.09025,4.392501
CCCC/C=C\C=C\C=O,8.654391,6.117252
CCCC[C@@H]1[C@H](O1)C=O,8.789718,5.580199
CCCCC[C@@H]1[C@H](O1)C=O,8.887623,5.548591
CC1=CC[C@H]2C[C@@H]1[C@]2(C)CCC=C(C)C,9.40104,8.068189
CC(CC(C)(C)S)O,8.96851,4.816653
CC/C=C\CC(=O)C=C,9.198063,6.729246
CCOC(=O)C(CC1=CC=CC=C1)O,10.857301,4.631031
CC/C=C\C/C=C\C/C=C\CCCCCCC=O,8.625672,6.137631
CCCCC/C=C\CCCCC=O,8.630577,5.937101
CC/C=C\CC(C=C)O,8.777925,5.851448
C[C@@H]1[C@H]2CCC(=C[C@H]2OC1=O)C,9.625865,7.7381663
CC(=O)CSC,8.950483,4.8259883
CC1=C2C[C@@H](CC[C@@]2(CCC1)C)C(C)(C)O,9.447615,7.9954543
CCCCC/C=C\CC/C=C/C=O,8.67177,6.262737
CC(CCOC(=O)C)S,8.824692,4.9517646
CCCCC(CCOC(=O)C)S,8.767821,5.2933083
CCC(C(C)CO)S,8.763048,4.712647
CCC1=NC(=CN=C1C=C)C,11.184838,4.4943814
CC(=C)[C@H]1CC[C@@]([C@H](C1)C(=C)C)(C)C=C,9.444969,7.4301777
CC1CCC(C2C1=CC(C(=C2)C)O)C(C)C,10.637481,4.6052833
CC1=CC2[C@H](CCC(=C)C2CC1)C(C)C,9.428457,7.858412
C[C@H]1[C@H](C(=O)C(=C1C)O)C,10.685903,4.921017
C[C@@H]1[C@H](C(=O)C(=C1C)O)C,10.678925,4.9466763
C[C@]1([C@H](CCC(O1)(C)C)O)C=C,9.33103,5.350696
C[C@@]1([C@H](CCC(O1)(C)C)O)C=C,9.385802,5.375581
CC1=C2C[C@@H](CC[C@]2(CCC1)C)C(C)(C)O,9.393906,7.9024096
CC1=CC2[C@@H](CC[C@](C2CC1)(C)O)C(C)C,9.5251875,7.6644974
C[C@]1(CC[C@H](O1)C(C)(C)O)C=C,9.165914,6.626891
CC1=C[C@H]2[C@@H](CC1)C(=C)CC[C@@H]2C(C)C,9.376111,7.8749175
CC1(CCCC2(C3C1[C@@H](C2(CC3)C)O)C)C,9.5842285,7.2199025
C[C@H]1CC[C@H](C(=O)C1)C(C)C,10.4608555,4.621475
C[C@H]1CC[C@@H](CC1=O)C(C)C,9.602272,7.723594
CC1(C2CCC1([C@@H](C2)OC=O)C)C,9.617178,6.7432857
C[C@]1(CC[C@H]2[C@@H]1C3C(C3(C)C)CCC2=C)O,9.327386,7.9922457
CCC/C=C\CCCCC=O,8.676114,5.942403
C1CCCCC(=O)CCCCC/C=C\CCC1,8.811049,5.8999557
C/C=C(/C)\C(=O)OCCC1=CC=CC=C1,9.379868,6.887279
CC(C)/C(=N/O)/C(C)(C)C/C=C(\C)/C=C,9.27029,6.9188757
C/C=C(/C)\C(=O)OC/C=C/C1=CC=CC=C1,9.20752,6.903949
CCCCC/C(=C/C1=CC=C(C=C1)C)/C=O,11.468139,5.2016125
C[C@@H]1CCC=C(C1(C)C)/C=C/C(=O)C,9.269668,7.1439037
C/C(=C\CCC1[C@]2(CCCC(C2CC[C@@]1(C)O)(C)C)C)/CC[C@@H]3C(=C)CCCC3(C)C,9.319411,7.943707
CCCCCCCC/C=C\CCCCCCCC(=O)OCC([C@@H]1[C@H]([C@@H](CO1)O)O)O,8.722386,5.98343
CC/C(=C/CCC(C)(C=C)O)/C,9.2093315,6.822682
C/C(=C\C=C)/CC(C)(C=C)O,9.299323,6.761306
CC(C)C/C=C(/CO)\C(C)C,9.212337,6.8433766
CC(C)C/C=C(\COC(=O)C)/C(C)C,9.232284,7.098701
CC(C)CCOC(=O)/C=C(\C)/CCC=C(C)C,9.204151,7.055547
C(C(=O)O)C(CC(=O)O)(C(=O)O)O.N,7.709532,4.482275
C/C=C/C=C/C=C/C=C/CCCCCCO,8.691691,6.2393208
C1=CC=C(C=C1)/C(=C\C2=CC=CO2)/C=O,11.294813,4.9749675
C1CCCCCC(=O)OCC/C=C/CCCC1,8.649198,5.8676167
CC(=CCC/C(=C/COC(=O)C(=C(C)C)C)/C)C,9.206432,7.0683026
CCOC/C=C(/C)\CCC=C(C)C,9.193514,7.0845714
C/C=C\C(=O)C1C(=CCCC1(C)C)C,9.397165,7.04699
CC/C=C\CCCCCCC=O,8.616043,5.9886117
C/C/1=C\CCC2(C(O2)CC/C(=C/CC1)/C)C,9.291205,7.1024857
CCCCCOC(=O)/C=C\C1=CC=CC=C1,11.241545,5.5737514
CC1=C(C(CCC1)(C)C)/C=C/C(C)(C=C)O,9.504556,6.577848
CC1=CCC(C1(C)C)C/C=C(\C)/C(=O)C,9.271304,6.995489
CCOC(C)/C=C/C1=C(CCCC1(C)C)C,9.274347,7.0253587
CCC(C)CCOC(=O)/C(=C\C)/C,9.269067,6.9742036
CCCOC(=O)/C(=C\C)/C,9.34124,6.7849627
CC(=CCC/C(=C/C=NC1=CC=CC=C1C(=O)OC)/C)C,11.491999,5.3844533
CCCCCC/C(=C\C1=CC=CC=C1)/C=NC2=CC=CC=C2C(=O)OC,11.646085,5.168309
CCCCCCCCC(=O)OC/C=C(\C)/CCC=C(C)C,9.185681,6.993952
CCCC(=O)OC/C(=C/CCC1(C2CC3C1(C3C2)C)C)/C,9.497921,7.2150035
CCC(/C(=C/C1(CC2CC1C=C2)C)/C)O,9.606807,6.619465
C/C=C/C(=O)OC(C)C1CCCCC1,9.235097,6.580346
C/C=C/C(=O)OC1CCCC1C2CCCC2,9.015875,6.331539
CC/C=C\CC(OC)OC,8.6837,6.165929
CCC(/C=C/C1=C(CCCC1(C)C)C)O,9.306367,6.9745097
CC1=CCC(C1(C)C)C/C=C(\C)/C(C)O,9.306546,7.0483193
CC1=CCCC(C1C/C=C(\C)/C=O)(C)C,9.325484,6.8959374
CCC(=O)/C(=C/C1C(CC=CC1(C)C)C)/C,9.456105,6.8759227
CC/C=C/CCOCC=O,8.6944475,6.1718607
CC/C=C\CCCCC(OC)OC,8.616562,6.066383
CC(=CCC/C(=C/COC(=O)CCCCCCCCC=C)/C)C,9.170539,7.044653
CC(CCC=C(C)C)CCOC(=O)/C=C/C1=CC=CC=C1,9.236098,7.038257
C/C=C/1\CC2CC1C3C2OC(=O)CC3,9.601216,7.7305512
CC/C=C\CC/C=C/C#N,8.682007,6.1860642
CC1=CCCC(C1/C=C\C(=O)CC(C)C)(C)C,9.343356,6.801067
CCC(C)(CC/C=C(\C)/CC/C=C(\C)/CCC=C(C)C)O,9.166284,7.030229
CCC/C=C/CC1CCCC1O,8.686785,6.1334686
C/C/1=C/CC/C(=C\C/C=C(\C(CC1)C(=O)C)/C)/C,9.2455225,6.99358
CCCCCC/C=C\C#N,8.621507,6.0783443
CC1=CCC(C1(C)C)C/C=C(\C)/CO,9.3125105,7.0159264
C1CC2C(C1)C\3CC2C/C3=C\CCC=O,9.588072,7.991533
CC(C/C=C(\C)/CCCC(=C)C)C=O,9.208565,6.955615
C1=CC(=C(C=C1/C=C/C(=O)O[C@H]([C@H](C(=O)O)O)C(=O)O)O)O,8.395376,5.582304
C[C@@H]1CC[C@]2\3C[C@H]1C([C@@H]2CC/C3=C/C(=O)C)(C)C,9.414321,7.9668484
C/C=C/C(=O)OC(C)CC(C)C,9.19317,6.829729
CC(=CCC/C(=C/CCC1=CC=NC=C1)/C)C,11.13061,5.534796
CCCCCC(/C(=C/CC)/C)O,10.752831,5.3166237
CC(C)/C(=C/CC(C)C=O)/C,9.278575,6.903319
C/C=C\1/CC2CC1C3C2OCCC3,9.647297,7.76773
CCC(=O)/C(=C/C1C(=CCCC1(C)C)C)/C,9.421496,6.8624253
CC1(C/C=C\CC/C=C\CCC2C1(O2)C)C,9.1817,7.291805
CC/C=C/CCOC(=O)/C(=C\CC)/C,8.723082,6.3247128
CCCCC(CCCCC(=O)O)OC(=O)CCCC/C=C/CCC,8.580144,5.8366714
CC(=CCC/C(=C/COC/C=C(/C)\CCC=C(C)C)/C)C,9.179466,7.0829396
COC(=O)C1=CC=CC=C1N=C/C=C/C2=CC=CC=C2,11.151916,4.8717446
C/C(=C/CC[C@@]1(C2C[C@H]3C1([C@H]3C2)C)C)/COC(=O)C,9.277877,7.4614964
C/C=C/C(=O)[C@@H]1[C@@H](CCCC1(C)C)C,9.308346,6.989715
CCCCCCC(=O)OC/C=C(\C)/CCC=C(C)C,9.180575,7.0746183
C=CCCCCCCC/C=C/CC#N,8.604932,6.1282377
CC[C@@H](/C=C/C1=C(CCCC1(C)C)C)OC(=O)C,9.247677,7.3198977
CC1=CC=CC=C1C(O)O.C(C(CO)O)O,8.232857,4.496776
CC(C)C1CCC2(CC1)CCC(=O)O2,9.833876,5.695812
C[C@@H]1[C@H]2C[C@@H](C2(C)C)CC1=O,9.515303,7.8109474
COC1=C(C=CC(=C1)C=O)O[C@H]2[C@@H]([C@H]([C@@H]([C@H](O2)CO)O)O)O,8.983668,6.3605356
CCOC1=C(C=CC(=C1)COC)O,10.705856,4.801224
CC1(CCCC(C1)C(=O)CCC=C)C,10.298213,4.881297
CC12CCCC(=C)C1CC(CC2)CC(C)(C)O,9.568253,7.5463214
CC1=CC/C(=C(\C)/CCC=O)/CC1,9.325014,6.898117
CC1=CCC(C1(C)C)/C=C/C(C)C(C)O,9.297614,7.0244794
C1=CC=C(C=C1)/C(=C/C2=CC=CO2)/C=O,11.232421,4.867639
C[C@@H]1CC[C@H](C2=C(C[C@H]([C@H]12)OC(=O)C)C)/C=C(\C)/C(=O)O,9.132163,7.592523
C1CCCCCC(=O)OCC/C=C\CCCC1,8.643262,5.8927364
C[C@@]12CC[C@@H](C1(C)C)C[C@@H]2O,9.462005,7.980536
CCCCCCC[C@H]1CCCC(=O)O1,8.872616,5.768714
CCCCC[C@H]1CCCC(=O)O1,8.882265,5.760849
C[C@H](CCC=C(C)C)CCOC(=O)C,9.212887,7.310118
COC1C(C(C(OC1C(=O)O)OC2C(C(C(OC2C(=O)O)OC)O)O)O)O,8.148297,4.944488
CC(=C)[C@@H]1CC[C@@]2([C@H](C1)O2)C,9.280781,7.3731885
C[C@H]1CCC2=NC=CN=C12,11.285526,4.3906074
CCC[C@H]1CCO[C@H](S1)C,9.078578,5.647342
CCC[C@H]1CCO[C@@H](S1)C,8.989023,5.6771846
C[NH+]1CCN(CC1)C2=CC=C(C=C2)CO,10.8822,4.9436326
C[C@@H](CC(=O)OC)O,7.9399242,4.5250044
CC[C@@H](C)C(=O)O,7.3490314,4.311013
C[C@H](CCC1=CC=CC=C1)OC(=O)C,10.29241,5.131612
CC[C@@H](C)C1=NC=CN=C1OC,11.331126,4.4621396
CC[C@H](C)C1=NC=CN=C1OC,11.400992,4.494744
CCC(=O)O[C@@H](C)C1=CC=CC=C1,10.813653,4.9159007
C[C@@H](C1=CC=CC=C1)OC(=O)C,10.807534,4.737074
C[C@H](C1=CC=CC=C1)OC(=O)C,10.887559,4.7433963
C[C@H]1CC[C@H](C(=O)C1)C(C)(C)S,9.436272,7.4337316
C[C@H]1CC[C@@H](C(=O)C1)C(C)(C)S,9.447109,7.507285
C[C@@H]1CC[C@@H](C(=O)C1)C(C)(C)S,9.4835,7.546694
CCC[C@@H](CCO)SC,8.719197,4.886434
CCC[C@H](CCO)SC,8.757059,5.026419
CC[C@@H](C(=O)OC)SC,10.72301,4.4410152
C[C@H]1C(=O)C(=O)C(O1)C,9.667876,5.565624
C[C@@H]1C(=O)C(=O)C(O1)C,10.206817,5.1517324
CC[C@@H](C)C=O,8.986827,6.089616
CC[C@H](C)C=O,9.000679,5.931424
C[C@H]1COC(O1)(C)C,9.103357,5.8387327
CCC[C@H](C=C)O,8.9420185,5.5212913
CCCCC[C@@H](C)O,8.735686,5.8871493
CSCC[C@@H](C(=O)NCC(=O)O)N,6.9566884,4.28024
CCCC[C@@H](C)O,8.727586,5.894729
CCCCCC[C@H](C=C)O,8.80075,5.599242
CC[C@@H](C(=O)C)C(=O)OCC,8.937468,4.8327336
C1[C@H](SC[C@H](S1)O)O,8.733245,4.979751
C[C@]1(CS[C@](CS1)(C)O)O,8.778269,5.2722187
CCCC[C@H](C)CCC(=O)O,8.817806,5.9119797
CCOC(=O)[C@@H](C)CC=C,8.99979,5.323333
CCCCC[C@H](C)CCC(=O)O,8.789674,6.0307527
CCCC[C@H](CC)CCC(=O)O,8.694417,5.7193007
C[C@H]1CC(=O)C(=O)[C@H]1C,9.354729,7.7533665
C[C@H]1C(=O)C(=C(O1)C)OC(=O)C,10.55526,5.0773344
CCCC[C@H](CC)O,8.665238,5.4167795
C[C@H]1C(=[NH+][C@@H](O1)C)C,9.389723,4.340048
CCC[C@@H](C=C)O,8.96965,5.5117774
C[C@@H](CCCC(C)(C)OC)CC=O,9.22592,6.105382
C[C@@H](CCC=C(C)C)CCOC(=O)C,9.25377,7.3432493
CCCCOC(=O)[C@H](C)O,8.688437,5.643319
CC(=CCC[C@@](C)(C=C)OC(=O)C)C,9.188076,7.308083
CC(C)(C)[C@@H]1CCCCC1=O,9.890455,5.646451
CCC[C@@H](C)O,8.821581,5.8453836
CCOC(=O)[C@H](C)SSC,8.8060665,4.593464
CCCC[C@@H](CO)O,8.48772,5.433003
C[C@H]1CCCC(=O)C1=O,10.666217,4.827194
C[C@@H](C(=O)C)SC,8.654756,4.5941567
CCCCCC[C@@H](C=C)O,8.784521,5.565518
CCCCCC[C@H]1CCC(=O)O1,8.789776,5.7754135
C[C@H]1CC[C@@H]([C@@H](C1)O)C(=C)C,9.546584,5.5892053
CCCC[C@@H]1CCC(=O)O1,8.87041,5.8896065
CCCC[C@H]1CCC(=O)O1,8.869345,5.9804506
C[C@H]1CCC(=O)O1,10.173462,5.0469923
CC[C@H](C)CS,8.741168,5.1038795
C[C@H]1C(=O)CCO1,9.413217,5.0102277
C[C@@H]1CCO[C@H](C1)C=C(C)C,9.440564,7.7088513
CC[C@@H](C)C(=O)OCC,8.707691,5.136869
C[C@H]1[C@H](CCO1)S,9.29832,4.7142353
C[C@@H]1CCCCCCCCCCCCC(=O)C1,8.767256,5.6210957
CCC[C@@H](CCO)S,8.868738,5.0913253
CCC[C@H](CCO)S,8.783311,5.038129
C[C@H]1CCC2=C(C1)OC=C2C,9.6931505,7.6287065
CC[C@@H]1CCC(=O)O1,9.882524,5.0996075
CC[C@@H](C(=O)C)S,8.007571,4.520402
C[C@@H](C(C)C)S,9.653002,4.620678
C[C@@H](C(=O)C)S,8.0301,4.5392113
CC[C@H](C)SS[C@@H](C)CC,8.8010025,5.416769
CC[C@H](C)CC(=O)OCC,8.850204,5.865927
C[C@H]1CC(=O)C=C2[C@@]1(C[C@H](CC2)C(=C)C)C,9.446532,7.559017
CC[C@H](C)C(=O)/C=C/C,9.175917,6.8718133
CC(=C)[C@H]1CC[C@@]2([C@H](C1)O2)C,9.22287,7.3987174
CCCCCC/C(=N/O)/C,11.887197,5.177464
CCC[C@](C)(CCO)S,8.8951235,5.017166
C=CCSC[C@@H](C(=O)O)N,7.605777,4.3788857
CCCCCCCCCCCCCCCCCCCCCC[N+](C)(C)CC1=CC=CC=C1.[Cl-],9.963416,6.3202877
CC(C)C(=O)C(C)(C)CC=C(C)C,9.23123,7.301295
CCCC(=O)OC(C)C(=O)OCC,8.857218,4.769608
CC(CO)C1CCCCCCCCCCC1,8.660564,5.4529686
O.O.O.O.[Fe].[Fe].[Fe],8.572929,5.1648154
CCOC(=O)CC(C)S,8.758225,5.0382
CC1C/C=C/CCCCCCCCCC(=O)C1,8.683412,5.990152
C/C=C/C(=O)C1C(=C)CCCC1(C)C,9.275149,6.970712
C1CCCC/C=C/CCCOC(=O)CCCC1,8.726084,5.8602123
CC(=C)[C@H]1CC[C@]([C@H](C1)C(=C)C)(C)C=C,9.559914,6.802506
CC(C)CCCCCCCCCCCCCCC(=O)OCC(COCC(CO)O)O,8.488333,5.7331963
CCCCC/C=C\C/C=C\CCCCCCCC(=O)O.CC/C=C\C/C=C\C/C=C\CCCCCCCC(=O)O,8.619852,6.1399484
CC(=CCCC1(CCC(=O)O1)C)C,9.402766,5.915836
CCCCCCOC(=O)CC(C)S,8.745223,5.357784
C[C@@H]1CC[C@H](C2(C1)OCC(O2)CO)C(C)C,8.941757,6.2014875
[O-2].[O-2].[O-2].[Al+3].[Al+3],8.794465,5.4632015
CCCC[C@@H]1C2=CC=CC=C2C(=O)O1,10.6854925,4.986886
CC1([C@@H]2C[C@H]1C(=C)C(=O)C2)C,9.265199,7.6177325
C/C=C/C(=O)[C@@H]1C(=C)CCCC1(C)C,9.270787,7.312155
C/C=C/C(=O)[C@H]1C(=C)CCCC1(C)C,9.253142,7.246144
CC1CCC(C(C1)OC(=O)CCCC(=O)O)C(C)C,8.912367,4.6591635
CC1C(=O)C2=CC=CC=C2C1(C)C,10.8013315,4.973813
CCCCCCC[C@@H]1CCC(=O)O1,8.856972,5.658232
CC(C)C(C)CCC(C)(C)O,9.281858,6.5627346
C[C@H](CCC(C)(C)O)C(C)C,9.3452015,6.1755314
CC1CCC(C(C1)C(=O)NC2CC2)C(C)C,11.724193,3.0666816
C(=C/C(=O)O)\C(=O)O.[Na+],9.916145,5.956798
C[C@@H](CCC(C)(C)O)C(C)C,9.398892,7.0873995
CC1([C@@H]2CCC(=C)[C@H]1C2)C,9.433979,7.6739006
CCCCCC#C/C=C\C=C,8.683118,5.9129777
C[C@]1(C[C@@H]1C[C@@H]2C[C@H]3C[C@]3(C2(C)C)C)CO,9.335512,7.973723
CCCCCC1CCC(O1)O,8.733479,5.5314026
CCCCCC1=CCC(=O)O1,8.961953,5.5512934
CCCCC1CC(C(=O)O1)C(=O)C,9.082259,5.2141886
C[C@]12CCCC([C@@H]1CC[C@@]3([C@@H]2CCO3)C)(C)C,9.624119,8.057057
CCOC(=O)CC1CCC=C1,10.605279,4.963174
CC1=CC[C@H](CC1)C(C)(C)S,9.381868,6.8176007
CSCC=O,8.643652,5.24112
CCCCCCCC[C@@H]1CCC(=O)O1,8.830359,5.7008905
CC1=CC[C@](CC1)([C@H](C)CCCC(=C)C)O,9.292133,7.4340134
CCOC(=O)[C@@H](CC(C)C)O,7.9676094,4.1677914
CC(C)CC(=O)C(C)O,9.105795,5.382347
CCC/C=C/C(CC=C)O,8.736555,6.103629
C[C@@H]1C(=O)OCCCCCCCCCCCO1,8.76372,5.59816
CC(=C)[C@H]1CCC2(C(C1)O2)C,9.424682,6.98632
C[C@H]1C(=O)OCCCCCCCCCCCCO1,8.694909,5.569576
COC(=O)CC/C=C/CC=C,8.754952,6.377562
CC1=C2CC[C@H](CC2=C(C=C1)C)C(C)(C)O,9.796821,6.421036
C/C=C/C(=O)/C(=C(\C)/C(C)(C)C)/C,9.303074,6.978853
CC(=O)O[C@H]1CCC[C@@H](C1)C(C)(C)C,9.186742,5.523907
CC1=CC[C@@H](CC1)C(=C)CO,9.491492,7.2565985
C/C=C/C(=O)/C(=C(/C)\C(C)C)/C,9.33798,6.8876176
CC(C)CCC1=CC2=C(C=C1)OCC(=O)CO2,10.663666,5.1593556
CCCCCC(=O)OC(C)CO,8.697766,5.485308
CC1=CC[C@@](CC1)([C@@H](C)CCCC(=C)C)O,9.394721,7.621674
CCCC[C@@H]1[C@H](CC(=O)O1)C,9.219365,5.672954
CCCCCC1OC(C(O1)C)C,8.795006,5.49825
CCCC[C@H]1[C@H](CC(=O)O1)C,9.212413,5.6025333
CCCCC[C@@H]1CCC(=O)O1,8.831968,5.7934027
CC1(CCCC(=C)C1C(=O)OC)C,10.765718,4.6957245
CCCCCC1CCOC(O1)C,8.618942,5.5359216
CCCC[C@H]1C2=CC=CC=C2C(=O)O1,10.78213,4.7639556
CC[C@H](C)CCC(=O)O,9.295393,7.554647
CC/C(=C(\C)/C(=O)/C=C/C)/C(C)C,9.244251,6.957124
C=CCC1=CC2=C(C=C1)OCC(=O)CO2,10.8028755,4.9811683
C[C@@H]1CCC=C2[C@@]1(C[C@@H](CC2)C(=C)C)C,9.781016,7.4417367
COC1=C(C=C(C=C1)C2CCC3=C(O2)C=C(C=C3)O)O,10.340545,5.0159583
C[C@@H]1CC[C@H]([C@@H](C1)OC(=O)CCC(=O)O)C(C)C,8.716204,7.4734225
CCCC(C)(CO)S,8.483314,5.0309124
CC(=CCC/C(=C\COC(=O)C1=CC=CC=C1)/C)C,9.304783,6.958102
CC(=O)CC[C@@H]1C(=C)CCCC1(C)C,9.396726,7.775489
CCOC1CCCCCCCCCCC1,8.653988,5.461112
CC1CCC(C2(C1)OC(C(=O)O2)C)C(C)C,9.262013,6.6955404
C[C@@H]1CC[C@H]([C@@H](C1)C(=O)NC2=CC=C(C=C2)OC)C(C)C,10.81695,4.2848125
C[C@@H]1CC[C@H]([C@H]2[C@]13[C@@H]2[C@@](CC3)(C)O)C(C)C,9.450108,7.926891
CC/C=C\CC/C=C/C(=O)NCC,8.654112,6.1887007
C[C@]12CCCC([C@@H]1CCC(=C)[C@@H]2CCC(=C)C=C)(C)C,9.410715,7.9498696
CC/C=C\CCC1(CCC(=O)O1)C,9.130899,7.1577377
CCCCCC/C=C\CCCCC(=O)C,8.681928,5.9025936
C[C@@H]1CC(=O)[C@](C12CC(CC(C2)(C)C)(C)C)(C)O,10.054275,4.2926035
CC1=CC2=C(CC(C2)(C)CO)C=C1,10.843821,4.719825
CCC[C@@H]1CCC(=O)O1,8.886544,5.9460254
CCCCCN1C(COC1=O)C,8.901234,4.929757
C[C@@H]1CC[C@H]([C@@H](C1)OC(=O)CC(=O)C)C(C)C,9.25142,7.479174
C1=CSC(=C1)COCC2=CC=CS2,11.193777,4.625656
CC1=CC=C(O1)/C=C/C=O,11.130297,5.104841
CCCCCC[C@@H]1CCCC(=O)O1,8.805158,5.764945
CC(=O)OCC1=CC[C@@H]2C[C@H]1C2(C)C,9.330818,7.9075246
C[C@H]1CC(=O)[C@](C12CCCCCC2)(C)O,9.496777,7.13583
CC/C=C\CC/C=C/C(=O)NC1CC1,8.657466,6.2086325
CCCCCCCC(=C)C(C)O,8.776792,5.563892
CC1CCC(C(C1)OC(=O)CC(C)O)C(C)C,9.731167,5.1090355
C1CCCC/C=C\CCCOC(=O)CCCC1,8.810373,5.7563457
CCOC(=O)CNC(=O)[C@@H]1C[C@@H](CC[C@H]1C(C)C)C,10.650879,4.242526
CC1CCC(C(C1)OCC2COC(O2)C3=CC(=C(C=C3)O)OC)C(C)C,9.607116,6.279587
CCCC1(C=CC(O1)C)C(C)(C)C,9.999769,5.285336
CCCC1(CCC(O1)C)C(C)(C)C,9.402721,6.3509355
CC(=CCC/C(=C/CNC(=O)C1CC1)/C)C,9.353387,6.803858
C/C(=C/C=O)/CCC1CC1(C)C,9.262639,6.885702
C1[C@@H]2[C@H]([C@@H]([C@H]([C@H](O2)O[C@H]3[C@@H]([C@H](O[C@@H]([C@@H]3O)OC[C@@H]4[C@H]([C@@H]([C@H]([C@H](O4)O[C@H]5[C@@H]([C@H](O[C@@H]([C@@H]5O)O1)CO)O)O)O)O)CO)O)O)O)O,4.100711,5.1784225
CCOC(=O)[C@@H]1[C@H](CCCC1(C)C)C,10.417532,4.4723096
C[C@H]1CC(=O)[C@]([C@]12C[C@@H](CC(C2)(C)C)C)(C)O,10.122528,4.7456245
CC1=CC[C@@]2(O1)C(=CC(=O)CC2(C)C)C,9.525995,7.725899
C[C@H]1C(=O)OCCCCCCCCCCCO1,8.736719,5.5068927
C[C@@H]1CC[C@H]([C@H]2[C@]1(CCC(=C2)C)O)C(C)C,9.550891,7.7304573
CC/C=C\C=C\C=O,8.663953,6.1790013
C[C@H](CCC=C(C)C)CC#N,9.224393,7.2645335
CC(C)(COCC1=CC=CC=C1)C=O,10.848246,4.561233
CC(C)CC(C(=O)C)O,8.775379,4.542717
C[C@@H]1C(=O)C(=C(O1)C)OC,10.614836,4.9971433
C[C@@H]1C(=O)OCCCCCCCCCCCCO1,8.709662,5.5721526
CC(C)CCCCCCCCCCCCCCC(=O)OCC(COCC(COC(=O)CCCCCCCCCCCCCCC(C)C)OC(=O)CCCCCCCCCCCCCCC(C)C)O,8.459754,5.8849616
CC1C/C=C\CCCCCCCCC(=O)C1,8.721754,5.9139028
C1CC[C@H]2C[C@H](CC[C@@H]2C1)O,9.619518,7.952229
C1C2C1C(=O)OC3=CC=CC=C23,9.672585,7.7318377
CCCCCCCCCC(C)CC#N,8.608829,5.530085
CCCCCC(=O)C(C)(C(=O)C)O,9.044342,5.1919503
CC(C)C1=C[C@H]([C@@](CC1)(C)C=C)C(=C)C,9.625875,6.3715777
CC(C1CCCC(C1)(C)C)OC(C)(C)COC(=O)C2CC2,9.365042,6.223156
CC1C=CCC(C1C(=O)OC)(C)C,10.872743,4.2394934
C1=CC=C2C(=C1)C(=O)[N-]S2(=O)=O.[K+],10.789601,4.63839
CCCCCCCC[C@H]1CCC(=O)O1,8.830317,5.712291
CCCCCC[C@H]1CCCC(=O)O1,8.8779335,5.70084
CCOC(=O)CCC1=CC=CC=C1O,10.749346,4.927203
CC1=C[C@@H]2[C@H](CC1)C(=CC[C@H]2C(C)C)C,9.446667,7.743609
CC1=C[C@@H]2[C@@H](CC1)C(=CC[C@H]2C(C)C)C,9.483129,7.74365
CC(=C1CC[C@]([C@H](C1)C(=C)C)(C)C=C)C,9.391361,7.2604513
CC1(CC2(CC1CC2=O)C)C,9.536055,7.7961893
CC1([C@@H]2CC1CC=C2C=O)C,9.647406,7.748987
COC(=O)N1C=CC2=CC=CC=C21,11.124968,4.72729
CC1CC(SS1)C,9.1773405,4.685932
C1CCCCCCOC(=O)/C=C/CCCCC1,8.696447,5.746619
CC[C@H](C)CC=O,9.1139145,6.052166
CC[C@@H](C)CC=O,9.152655,6.07945
CC[C@H](C)CCC=O,9.221314,7.431654
CC1CCCC(=C1C)C,10.660594,4.815744
CC[C@@H](C)CCC(=O)O,9.39082,7.5999928
CCC/C=C\C=C\CO,8.674369,6.0865846
CCCCCCC[C@H](C=C)O,8.857171,5.6394978
CCCCCCC[C@@H](C=C)O,8.723727,5.6655483
CCCCCCC(=O)CCOC(=O)C,8.836864,5.4638915
CC1=CCCC([C@H]1CCC(=O)C)(C)C,9.476015,7.33962
C1CCC(C1)C2CCC(C2O)C3CCCC3,9.756114,7.2441072
CC/C=C\C/C=C\CC1CCC(=O)O1,8.741635,6.3537345
CCCCCCCC1CC1C(=O)O,8.590711,5.6653066
CCOC(=O)C1=C(C=C(C=C1)C)O,10.977958,4.7707024
CCC(C)C(C(=O)OCC)O,9.047733,4.6669884
CCC(C)C(=O)C(=O)OCC,8.936787,4.8041534
CC1=CC=C(N1)C(=O)C,11.115513,4.5723615
CCOC(=O)[C@H](CC(C)C)O,8.29267,4.062795
CCOC(=O)CCC(C(=O)OCC)O,9.200056,4.7552447
CC(C)CC(=O)CO,8.928766,5.4715195
CC[C@H](C)CCCO,8.965115,5.849805
CC[C@@H](C)CCCO,8.904592,5.8740506
C1CC=C(C1)CCCCO,10.389947,4.5527177
CC1CCC(C(C1)OCCO)C(C)C,10.005908,3.929405
CCOC(=O)C(C)(C)S,8.981593,4.896294
CCCC(=O)OCC(C1=CC=CC=C1)O,10.682801,4.7553678
CCOC(=O)OC1=C(OC(C1=O)C)C,10.684527,4.8951087
CC1CCC2C(C(=O)OC2C1)C,9.619822,7.7697506
CC(C)(CCC1CCCCC1)O,9.7306,4.0805335
CCC(C1=CC=C(C=C1)OC(=O)C)OC(=O)C,10.214338,5.1888504
CC/C=C/C(=O)C(OC)OC,9.176622,6.611525
CCCCC1(C(=CC(=O)CC1(C)C)C)O,10.849239,4.9281926
CC1(C2CCC1(C(=O)C23CCCC3)C)C,9.971215,6.501903
CC1=CC(=C(S1)C(=O)C)O,10.903555,4.6819816
CC1(CCCC2C13CCC(C3)C2=O)C,9.745896,7.2999134
CC/C=C\CCOCCC#N,8.675844,6.1281652
C[C@H]1C(=O)C(=C(O1)C)OC,10.480335,5.0174875
CCCC/C=C\CCCC(=O)O,8.626797,6.012121
CC(C(C)C(C)O)C(C)C(C)(C)C,9.235051,4.590386
CCC(CC=C)C(=O)CC,8.842061,5.308267
CC1CCC(C(C1)O)C(=O)C,10.2624035,4.3336563
CC/C=C/CCCCOC(=O)CC,8.703941,5.969542
CC(C)C1=CC2=CC[C@@H]3[C@@]([C@H]2CC1)(CCC[C@@]3(C)C(=O)OC(=O)[C@@]4(CCC[C@]5([C@H]4CC=C6[C@@H]5CCC(=C6)C(C)C)C)C)C,9.324166,8.356907
C=CCCC(=O)C1=CC2(CCCC2)CCC1,10.318098,5.1216903
CCCC(=O)SCC=C,8.672716,5.4645724
C/C=C/C(=O)/C(=C(\C)/C(C)C)/C,9.346009,6.954952
CCSC(=O)CNC(=O)C,8.414468,4.3279943
C1=CC=C(C=C1)COC(=O)/C=C\C2=CC=CC=C2,11.171647,4.870583
C[C@@H]1CCC[C@]2([C@]1(CCCC2)O)C,9.601006,7.514638
CCC(C)C(=O)C(=O)CC,10.146223,4.4435267
CCCC(=O)C(CC)OC,9.076888,4.6971874
CCCCC[C@H]1[C@@H](CCC1=O)C(=O)OC,8.95947,5.827594
C[C@@H]1CC[C@H](C(=O)C1)C(C)(C)SC(=O)C,9.512681,6.3426795
CC(=O)C1CCC=N1,10.844312,4.5663753
CC/C=C\CCC(=O)OCC,8.678287,6.07976
CC(C)OC1=C(C=CC(=C1)C=O)O,11.06109,4.787238
C=CCCC(=O)C(=C)C1CCCCC1,9.114091,5.320328
CCCCCC1=C(COC1=O)C,9.029302,5.717016
CC1=CCC(C1(C)C)/C=C/C(C)(C)C(C)O,9.267611,6.9061465
CC(C)[C@@H](CCC(=O)C)/C=C/C(=C)C,9.211414,7.09041
CC1=CCC(C1(C)C)C(=C)CC(C)CO,9.428979,6.886827
CCC(=O)OCC(C)(C)OC(C)C1CCCC(C1)(C)C,9.283433,5.488092
CCCOC(=O)[C@H](C)OC(C)(C)CC,8.763464,5.316302
CCC(C)C1(COC(OC1)C2CCC(=CC2C)C)C,9.210316,7.2501106
CC1=C(C(=O)C(CC1)(C)CC=C(C)C)C,10.576727,4.9828367
CC1=CCCC(C1=O)(C)CC2=CC=CC=C2,10.831582,4.653382
CC1CC(C(=O)C(=C1)C)(C)CC=C(C)C,10.542776,4.9701676
[O-]P(=O)=O.[K+],9.69029,5.9583955
CC1CC(=CC(C1C=O)C)C.CC1C=C(CC(C1C)C=O)C,10.51263,5.052404
O.O.O.OP(=O)([O-])[O-].[Mg+2],9.623736,5.975086
CC1=C2C=CC=CC2=C(O1)C(=O)C,11.091062,4.6302648
C/C=C(/C)\C(=O)OCCC(C)C=C,9.2477455,6.984483
CC1CCC(C(C1)C(C)(C)C)OC(=O)C,9.894887,5.0537567
CCCCCCCCCCCCCCCCC(=O)O.C(CO)O,8.519297,5.645094
C[C@@H]1CC[C@@H]2[C@@H](C2(C)C)C3=C(CCC13)C,9.409536,8.063656
C[C@@H]1CC[C@H](C=C2C1CC[C@H]2C)C(=C)C,9.420643,7.8815703
C[S+](C)CC[C@@H](C(=O)O)N.[Cl-],7.605703,4.313332
CCCCCCC(CCO)O.CCCCCCC(CCOC(=O)C)OC(=O)C,8.675691,5.509902
CCC1=NC(=CN=C1C)C.CCC1=NC=C(N=C1C)C,11.459827,4.4154015
CCC1=NC(=CN=C1)C.CCC1=NC=C(N=C1)C,11.207899,4.338441
CC/C=C\CCOC(=O)/C(=C\C)/C,9.134007,6.8370833
CC/C=C\CCOC(=O)/C=C/C,8.714809,6.345072
C[C@@H]1CC[C@@H]2[C@@]13C[C@H](C2(C)C)C(=C(C3)C(=O)C)C,9.453455,7.870351
CCCC/C=C\CCCC1CCCC(=O)O1,8.732509,5.9525895
C[C@H](C=O)[C@H]1CC[C@@](O1)(C)C=C,9.101186,5.839863
B1(O[B-]2(OB(O[B-](O1)(O2)O)O)O)O.O.O.O.O.O.O.O.O.[Na+].[Na+],9.477454,5.858633
C/C=C\CCCCCCCC#N,8.581917,6.0326467
C([C@H]([C@H]([C@@H]([C@H](C(=O)[O-])O)O)O)O)O.[K+],8.700685,5.1194677
CC1C2CCC(C2)(C1(C)C)C3(CCCCC3)O,9.471143,7.4572363
CC1C2=C(CCCC2(C)C)CCC1(C)C(=O)C,9.538518,8.206633
CC1=C(C=CC(=C1)CC(C)C)CCC=O,10.8594675,4.9893837
CCCCC1=CN=CO1,8.82881,5.1338716
COC1=C(C=C(C=C1)/C=C/C(=O)NCCC2=CC3=C(C=C2)OCO3)OC,11.576145,5.0636983
CCC(S)SC(CC)S,8.649008,4.859071
CC(CCC#N)C1CCCC1,9.926791,3.8830378
CCC1OCCC(S1)(C)C,9.222516,4.6310005
CCC1CCC2(CC1)CCC(=O)O2,10.445928,4.8888836
CCC(C)C(=O)OC(C)CO,8.917779,5.1362557
CC(CO)COC1CC2CCC1(C2(C)C)C,9.62806,6.7607303
CCC(C)(C)C1CCC(CC1)OCC,9.137288,5.870105
CC(C)CCCCCCCCCCOC(/C=C(\C)/CCC=C(C)C)OCCCCCCCCCCC(C)C,8.74083,5.803557
[O-][Si](=O)[O-].[O-][Si](=O)[O-].[Na+].[Al+3],9.748225,5.998147
CC(=O)C1=NC=CO1,10.805475,4.7001076
CCC1CC2CC1CC2OC,9.682336,7.6177173
CC(C)C(C(=O)C)S,9.419858,4.333999
CC1C2CC3CC1C(C(C2)C3=C)OC(=O)C,9.895461,7.23139
CCC(C)CN1C=CC=C1,10.655346,4.485794
CC(C)CCC(C)C(C)O,9.268364,7.0194535
CCCC(=O)OC1=C(OC(C1=O)C)C,10.386884,4.9608083
CSCC1=CSC=C1,10.564377,4.8574476
CC1C=CC2(O1)C=C(CCC2C(C)C)C,9.530131,5.9176207
CC1CC=C(C2(C1(C)C)C=CC(O2)C)C,10.318837,5.113171
CC1CC=CCC12COC(OC2)(C)C,9.460411,6.6716704
CC1CC=CCC12COC(OC2)C,9.294547,6.5940056
CC1CC(=C(CC12COCOC2)C)C,10.112603,4.5644
CC1=C(C=CO1)SSC2CCCCC2,10.858968,4.7431765
CCC#CC(=O)C(OC)OC,9.091024,4.9754267
CCCCC(C)(CC)C(=O)OCC,9.018943,5.0453215
CC(=O)CC1C2CCC(C2)C1(C)C,10.788146,4.5141788
CC1=CC(CS1)S,10.448588,4.671658
CCCCCC(C(CCCC)S)O,8.766156,5.134598
CCCCCC(=O)C(CCCC)S,8.718409,5.400311
CSC/C(=C\C1=CC=CC=C1)/C=O,11.52485,5.4638753
CC(C)(C)C(CC/C=C/C=C)O,9.2133255,6.745371
CC1=CC(=C(C(=C1C#N)O)C)O,11.060043,4.722119
CC1CC(=O)C(C(=O)C1C#N)C,10.943767,4.5697713
CCCCCC1OCCC(S1)CCC,8.735131,5.502395
CCCCC(C(CCC)S)O,8.727433,5.0828047
CCCCC(=O)C(CCC)S,8.80566,5.272464
CC(C)CC(=O)C(C(C)C)S,8.99645,4.5432677
CC(CC=O)C1CCC(CC1)(C)O,9.725786,4.266138
CCC(=O)C1=NC(=CS1)C,11.173946,4.519067
CC1=CCC(CC1)C(CC=C)O,10.645987,4.80809
CC1CC2(CCC1C(O2)C(C)C)C,9.658145,6.9054756
CC1CC(=CCC1C(CC=C)O)C,9.883433,6.8499045
CCC(CC)(CC)C(=O)NC(C)(C)CO,11.846799,-0.7120711
CCOC(=O)C(C)C(C)S,10.648049,4.6672897
CCC/C=C(/C#N)\C1=CC=CC=C1,12.072134,5.16099
C/C=C\C1=CC(=C(C=C1)OC(=O)CC2=CC=CC=C2)OC,11.032164,5.0290456
CC(/C(=C(/C)\C(=O)C)/C)C(C)(C)C,9.578669,6.5416703
CC/C=C\CCOC(=O)C(CC)CC,8.813229,6.1568394
CC(=CC/C=C(/C)\CC=O)C,9.205785,7.0028396
CCOC(C)OC1=C(C=C(C=C1)/C=C\C)OC,9.296604,6.8086643
CCCCCCC1C(O1)C=CC=O,8.811482,5.5301566
CCCC1C(O1)C=CC=O,8.947761,5.5711007
CC1=CC[C@H](C1(C)C)CCOC(=O)C,9.336339,7.996989
C/C=C\CCCCC=O,8.639898,6.114216
CCOC(=O)CC/C=C\CC=C,8.7041855,6.1832805
CCC/C=C\CCOC(=O)C,8.620859,6.1316776
CCCCCSS,8.585507,5.376971
CC1CC[C@H]([C@@H](C1)O)C(C)(C)O,9.316221,5.8050466
CC1(C2CCC(C2)C1C(C)(CC=C)O)C,9.756501,6.709751
CCCC(CC)CCC(=O)O,8.55161,5.521021
CC(C)C(CCC(C)O)CCC(C)O,9.262855,6.8697557
CC1=NC=C2COCC2=N1,11.230855,4.4908485
CC1C2=CN=C(N=C2C(O1)C)C,10.93576,4.288867
CC1C2=NC(=NC=C2CO1)C,11.000408,4.3385906
CC1=CC2C(=C(CO2)C)CC1,10.5802965,4.851651
CC(C(C)O)C(=C)C(C)C(C)(C)C,9.441343,6.2268434
CC/C(=C/CC1CC=C(C1(C)C)C)/CO,9.362398,6.8634367
CCCCC(CC)CCC=O,8.665101,5.554843
CCC(=O)OCC(=O)OC(C)C1CCCC(C1)(C)C,9.512072,5.064872
C/C(=C\C/C=C(/C)\C=C)/COC(=O)C,9.155229,7.014783
CCC(C)C(=O)OC1CC2CCC1(C2(C)C)C,9.901215,4.9778237
CC(C)CC(=O)C(C(C)C)SCC(=C)C,9.064812,4.615372
CCCC(=O)C(CC)SC,8.894232,4.411774
CCCC(=O)C(CC)SC(C(C)C)C(=O)CC(C)C,9.212228,5.36845
CC(C)CC(=O)C(C(C)C)SCC=C,8.932135,4.660722
CCOC(=O)CC(C)SC,8.844476,4.7104506
CCC1=CCCC(C12C=CC(O2)C)(C)C,9.996821,5.7375097
CC(OCCOC)OCC1=CC=CC=C1,10.323972,4.984114
CCCCCCOC(=O)/C(=C\C)/C,9.218422,6.5308347
CC(CC1=CC=CC=C1)COC,10.703923,4.795205
CC(C)CC1CCCC(C1)(C)O,9.521363,5.9213347
CC(C)CC1=C(SC=N1)OC,11.513182,4.3503103
CCCCC1COCC(O1)C,8.860993,5.694209
CC(C)CCCC(=C)CCO,9.138603,6.668896
CC(C)C1CC(C=CO1)C2=CC=CC=C2,10.581481,4.907703
CC(C)C1=CC2=C(C=C1)OCC(=O)CO2,10.634308,5.0343037
CCSC(C)CCO,9.262907,7.0455046
CC(C)CN1C=CC=C1,10.949135,4.768597
CC1C=CC2(O1)C(CCCC2(C)O)(C)C,9.602905,7.5965676
CC1C=CC2=NC=CN=C12,11.225505,4.4492836
CC1=CC(C=C(C1=O)C)(C)C,10.617628,4.836272
CCCCC[C@H]1OC[C@@H](O1)C,8.5752735,6.056819
CC(C)CC(=O)O[C@@H]1C[C@@H]2CC[C@]1(C2(C)C)C,9.334672,7.678173
C(C(=O)O)C(CC(=O)O)(C(=O)[O-])O.[Na+],9.652358,5.932573
CC(=O)O.CC(=O)[O-].[Na+],9.811324,6.0371213
[O-]I(=O)=O.[K+],9.612412,5.8743033
CC(C(=O)[O-])O.[Na+],9.815064,5.967729
C([C@@H]([C@@H]1C(=C(C(=O)O1)O)[O-])O)O.[Na+],8.683101,5.3567815
C1(=NC(=O)N(C(=O)N1Cl)Cl)[O-].O.O.[Na+],9.851228,5.8473496
C1=CC=C(C=C1)CC(=O)C(=O)[O-].[Na+],9.95327,5.945314
CCCCCCCCCCCC(=O)N(C)CC(=O)[O-].[Na+],9.455492,6.137271
COC1=C(C=CC(=C1)/C=C/C(=O)[O-])O.[Na+],10.5302105,5.956037
CCOCCOC(C)C(=O)[O-].[K+],9.869983,6.0045094
CC(C(=O)[O-])OC1=CC=C(C=C1)OC.[Na+],9.924762,5.969606
CC(C(=O)[O-])O.[K+],9.765295,6.014127
OP(=O)(O)[O-].[Na+],9.579396,5.970187
CC=CC=CC(=O)[O-].[K+],9.836614,6.118783
C(CC(=O)O)C(C(=O)[O-])N.[Na+],9.745395,5.9330783
C(C(C(=O)O)O)C(=O)[O-].[Na+],9.783323,5.9567237
CC1=CC(=NS(=O)(=O)O1)[O-].[K+],9.795509,5.6989765
C([C@H]([C@@H]1C(=C(C(=O)O1)O)[O-])O)O.[Na+],8.295593,5.291179
CNCCS(=O)(=O)[O-].[Na+],9.705842,6.0004096
CCCCCCCCCCCCOC(=O)CC(C(=O)O)S(=O)(=O)[O-].[Na+],9.572912,6.097944
CCCCCCCCCCCCCC(=O)N(C)CC(=O)[O-].[Na+],9.327031,6.1805844
C(CC(=O)[O-])[C@@H](C(=O)O)N.O.[Na+],9.721572,5.994992
CCC(C)(CCCC(C)C=O)OC,9.218091,6.624203
CCCCCCCCCCCCCCCCCC(=O)OCCOCC(C1C(C(CO1)OCCOC)OCCOC)OCCOC,8.855067,5.7389627
C/C(=C/CC[C@@]1([C@H]2CC[C@H](C2)C1=C)C)/COC(=O)C.C/C(=C/CC[C@@]1(C2C[C@@H]3C1(C3C2)C)C)/COC(=O)C,9.152881,7.29357
CCCCCCCC(=O)CC(=O)[O-].C(C(CO)O)O,9.02907,5.78045
CCCCCC(=O)CC(=O)[O-].C(C(CO)O)O,8.944271,5.639791
CCCCCCCCCCCC(=O)CC(=O)[O-].C(C(CO)O)O,8.70065,5.7811146
CC1CCC(C1(C)C)CCCC(=O)O,9.346797,6.09017
C([C@@H]([C@@H]([C@H]([C@H](C(=O)O)O)O)O)O)O.C([C@@H]([C@@H]([C@H]([C@H](C(=O)O)O)O)O)O)O.[Fe],8.031124,4.7758226
CCC(=O)OCCC1=C(N=CS1)C,11.371563,4.7068095
CC1=CCCC([C@@H]1CCC(=O)C)(C)C,9.553465,6.052921
CC1([C@H]2CC1CC=C2C=O)C,9.493197,7.5068903
CC1C2C3CCC(C3)C2C(=C1C)OC,9.801088,6.977417
CC1=CC[C@H]2[C@@H]1[C@@H]3C[C@H]2[C@H](C3=C)OC(=O)C,9.273349,7.8034644
CC/C=C\CCOC(=O)C1CC1,8.725394,6.2086835
CC1=CC2C(CC1CC2C(C)C)C3OCCO3,9.82735,7.5062203
CCCC(=O)OC1C=CC2C1C3CCC2C3,9.560974,8.006755
CC1COC(O1)C(C)CCC=C(C)C,9.243216,6.6443276
C[C@@H]1CC[C@H]2[C@H](C2(C)C)C13COC(OC3)(C)C,9.359111,7.809725
CCCCCCCCCC(=O)OCCC1=C(N=CS1)C,8.723918,5.5401425
C1=CC=C(C(=C1)C(=O)CCC2=CC=NC=C2)O,11.118783,4.606149
C[C@@H](CC/C=C(\C)/CCC=C(C)C)CC=O,9.193911,7.1136703
C=CCC1=CC=C(C=C1)O[C@H]2[C@@H]([C@H]([C@@H]([C@H](O2)CO)O)O)O,9.248282,6.1527824
[C@@H]1([C@@H]([C@H](O[C@H]([C@H]1O)O[C@H]2[C@@H]([C@@H]([C@@H](O[C@H]2C(=O)O)O[C@H]3[C@@H]([C@@H]([C@@H](O[C@H]3C(=O)[O-])O)O)O)O)O)C(=O)[O-])O)O.[Ca+2],7.7624598,5.9821267
CC(=O)C1=CC[C@@H]2C=CC[C@@H]2C1,9.642332,8.175707
CC[C@@H](C)CN1CCCC1,8.735286,4.820827
CCC1C(CCC(O1)(C)CC)C(C)C,9.205313,4.6350136
CCC1OCCC(S1)C,8.796608,5.380349
CCCCC1OCCC(S1)C,8.77774,5.466038
CC(C)CCC(=O)SC,8.953177,4.8748193
COC1=CC(=C(C=C1)C(=O)CCC2=CC=CC=N2)O,10.9818,4.6340723
CC(C)COC1=CC(=C(C=C1)C(=O)CCC2=CC=CC=N2)O,10.999113,4.648594
CC1=CC2=C(C=C1C)N(C=N2)[C@@H]3[C@@H]([C@@H]([C@H](O3)CO)OP(=O)([O-])O[C@@H](C)CNC(=O)CC[C@@]\4([C@H](C5[C@]6([C@@]([C@@H](C(=N6)/C(=C\7/[C@@]([C@@H](C(=N7)/C=C\8/C([C@@H](C(=N8)/C(=C4\[N-]5)/C)CCC(=O)N)(C)C)CCC(=O)N)(C)CC(=O)N)/C)CCC(=O)N)(C)CC(=O)N)C)CC(=O)N)C)O.O.[Co+2],4.069545,4.706972
COCC1[C@H](C(C(C(O1)OC)OC)OC)O[C@H]2C(C(C(C(O2)COC)OC)OC)OC,8.853644,5.1988235
CCCCCCCC(=O)OCCC1=C(N=CS1)C,8.838362,5.5301256
CC1=C(C(=NO1)C)CN2C=C(C=N2)N3C(=O)C(N(C3=O)CC4=CC(=CC=C4)O)(C)C,11.120952,4.5276976
CCCCC=CCCCC(=O)O,8.573839,5.660947
CCCC=CCCCCC(=O)O,8.559966,5.6672525
CCCCCCCCCC(=O)OOCC,8.678753,5.5016522
CC(=CCCC(=CC(C)(C)O)C)C,9.275516,7.1674614
CC(C)C=C(C)C(=O)O,9.17956,7.0068145
C1=COC(=C1)CC2=CC(=CO2)CC3=CC=CO3,10.457213,5.203354
CC=CC=CC(=O)OC(=C)C,9.278125,6.280282
CC1CC2C(C2(C)C)CC1=CCC#N,9.517065,7.3895345
CC1C(=O)C(=C(O1)C)C(=O)C,10.862653,4.790067
CCOC(=O)C(C)C=CC,8.929916,5.2183175
CC(=C)CCOC(=O)C(C)(C)C,8.827983,5.16351
CC(C)CCOC1=C(C=C(C=C1)CC=C)OC,10.342046,5.0719686
CC(C(C)OC(=O)C)C(=O)OC,8.820358,4.651931
CCCCCCCCCOC(=O)CCCCCC,8.602489,5.4835835
CC(C)CC(=O)SCC=C(C)C,9.250926,6.8967147
CCCCCC(=C1CCC(CC1)C)C#N,9.946967,4.756593
CCCC=CC(CC=C)OC(=O)C,8.767024,5.5779986
C1CCCCCCC=CC(=O)CCCCCC1,8.738846,5.5473094
CC=C1CC2CC1C(C2)OC(C)C,9.675488,7.4351993
CCCCCC=CCC=CCO,8.542816,5.65755
CCCCC(C(=CCC)C)O,8.995719,5.2120905
CC[C@@H]1CC(CCC1=O)(C)C,10.099717,4.5092573
CC1C2CC(C1=CCC#N)C=C2,10.901621,4.6589227
CCOC(=O)CCCSC(=O)C,8.813499,5.098621
CCC=CCC=CCCC=O,8.60418,5.606412
C1CC2C(C1)C3CC2CC3CC=O,9.685354,7.858111
CC(C)COC(=O)CC(C)SC,9.001211,4.96311
CC=CC(=O)C1=C(CCCC1)C,10.70374,4.974211
CC=CCSC(C(C)C)C(=O)CC(C)C,9.119645,5.243201
CCCC(=CCOC(=O)C)C,9.159753,6.1154404
CC1CC=CCCCCCCCCC(=O)C1,8.7586975,5.609154
C([C@@H]([C@@H]1C(=C(C(=O)O1)O)O)O)O,8.379058,4.84919
C([C@@H](C1C(=C(C(=O)O1)[O-])O)O)O.C([C@@H](C1C(=C(C(=O)O1)[O-])O)O)O.[Ca+2],8.968175,5.566074
CCCCCCCCCCCCCCCC(=O)OC[C@@H]([C@@H]1C(=C(C(=O)O1)O)O)O,8.72174,5.81733
C([C@@H](C1C(=C(C(=O)O1)[O-])O)O)O.C([C@@H](C1C(=C(C(=O)O1)[O-])O)O)O.O.[Ca+2],8.494648,5.3049345
C([C@@H]([C@@H]1C(=C(C(=O)O1)OP(=O)(O)O)O)O)O.[Na].[Na].[Na],8.928209,5.690033
CCCC1=C(SC(=N1)CC)CC,11.360524,4.7012634
CC(=O)C1CCCC/C=C\C1,9.004131,6.313938
CC(=CCCC(C)(C=C)OC(=O)N(C)C)C,9.27748,6.059214
COC1=CC=C(C=C1)C(=O)OCC(=O)[O-].[Na+],9.955456,5.9399447
CC1=C(C(CCC1)(C)C)CC[C@@H](C)O,9.907966,4.616125
CC1=CCC2(CCC1C2)C,9.831948,7.240369
CC1CCC(C(C1)C(=O)NCCC2=CC=CC=N2)C(C)C,10.710582,3.9395618
CCC(C)C(=O)OCC(C)OC(=O)C(C)CC,9.03431,5.405216
C1=COC(=C1)COCC2=CC=CS2,10.8829155,4.751421
CCCC(C)C(=O)OC(C)CCC,8.83739,5.359796
CC[C@H]1CC(CCC1=O)(C)C,9.964463,4.3596144
CCCC1=NN(C=C1)C2=CC=CC=C2,11.221979,4.502837
CCCCC(CC=O)SC,8.735183,5.3624473
CC1C(OC(O1)C2=CC(=C(C=C2)O)OC)C,10.469349,4.8791857
CC1C(CCO1)OC(=S)C,9.009069,5.057117
C[C@H](C(=O)OCCC(C)CCC=C(C)C)O,9.230298,7.1684504
CC/C=C\C(=O)C(OC)OC,9.261118,6.7740746
CC1=C(C(=NO1)C)CN2C=C(C=N2)N3C(=O)CN(C3=O)CC4=CC(=CC=C4)O,11.091171,4.594889
CC(C)(C)C1=CC=CC(=C1)CCC=O,10.780996,4.7898474
CCCC1CC(CCO1)(C)OC(=O)C,9.032425,5.575219
CCC(CC)C(=O)N(C)C1=CC=CC(=C1)C,11.128479,4.487179
COC1=CC=CC(=C1OC)CNC(=O)C(=O)NCCC2=CC=CC=N2,11.098844,4.3586445
CC1=C(C=C(C=C1)C(=O)N[C@H](CC(C)C)COC)C,10.966744,4.580334
CC1CCCCC1NC(=O)C2=C(C(=C(C(=C2F)F)F)F)F,10.508644,4.2085075
CC1=NC=C(O1)C(=O)C,10.857371,4.605122
CCOC(=O)CC(=O)OC(C)C1CCCC(C1)(C)C,9.964105,4.4099298
CCC1=CC=C(C=C1)C/C=C/OC,10.994999,4.966941
CC1C(C2CCCC3C2(C1(C)C)CC(O3)(C)C)(C)C,9.649856,7.21181
CC1CCOC(S1)C2CCCCC2,8.801353,5.4212117
C[C@H]1CC[C@@H]([C@@H](C1)NC(=O)C2CC2)C(C)C,10.1268015,4.1140785
CC/C=C\CCOCC(=C)C,8.8054495,6.289673
CC(C)CC1OCC(CO1)O,8.694056,6.331537
C[C@@H]1CC[C@@H]2[C@@]13C[C@H](C2(C)C)C4(C(C3)OC(O4)(C)C)C,9.544917,7.812753
CC1=C(C(=C2C(=N1)C=CC=C2OCC(C)(C)C(=O)NC(C)C)N)C(=O)O,11.224896,4.587934
CC(C)C1CCC(CC1OC(=O)OC2CC(CCC2C(C)C)(C)CC(C)O)(C)CC(C)O,9.502468,8.096657
CC12CCC(C1)C(C(=O)C2)(C)CC=C,10.445341,4.7396603
CCCC1=CC=C(C=C1)CC=COC,10.696523,4.9238863
CC(C)CC1=CC=C(C=C1)CC=COC,10.700342,4.974753
CC1=CC=C(C=C1)CC=COC,10.712311,4.8356676
C1CCCC(=O)CCCCCC=CC=CCC1,8.808858,5.5102887
CCC=CCC(C)OC(=O)C1=CC=CC=C1O,9.661106,5.505757
CC1C(C2=C(C1(C)C)C=C(C=C2)C3=NC=NC=C3)(C)C,10.913833,4.602274
CC1(CCC2=C(C=C(C=C21)C(C)(C)C)C3=NC=NC=C3)C,11.171658,4.6214705
CC1(CC2=CN=CN=C2C3C14CCC(C4)C3(C)C)C,9.923839,7.0120516
C[C@H]1C(C2=C(C1(C)C)C3=NC=NC=C3CC2)(C)C,10.942213,4.215776
C[C@@H]1CC[C@H]([C@@H](C1)OC(=O)CCC(=O)N(C)C)C(C)C,6.053791,3.5274
CCC=CCC=CCC=CCCC(=O)C,8.696821,5.745688
CCCCCCCC(=NO)C,8.584506,5.503268
CC(C)(CCCC(=C)C=C)OC,9.165864,5.934802
CCCC1CC=C(C(S1)CCC)C=O,8.856448,5.266124
CC1=CC(=C(O1)C)SSCCC(C)C,10.572584,4.617111
CC(C)C(=O)SCC=C(C)C,9.238815,7.115526
CCC[C@@H](CC=O)S,8.680954,4.8758206
CCC[C@H](CC=O)S,8.643196,4.788478
CC1=C(C(CCC1)(C)C)CC[C@H](C)O,9.345097,4.837977
C[C@@H]1CC(=O)C=C2[C@]1(C[C@@H](C=C2)C(=C)C)C,9.441561,7.588855
CC(=C)C(CC(=O)O)CC(=O)O,7.654752,4.2829747
C[C@@H]1CC(=O)C[C@H]2[C@]1(C[C@@H](CC2)C(=C)C)C,9.3955765,7.7398353
C[C@@H](C=O)[C@H]1CC[C@@](O1)(C)C=C,9.007712,6.198689
CCCCOC(=O)/C=C/SC,8.671293,5.984911
CC1=C(N=CS1)CCOC=O,10.646279,4.619644
CCCC(SCC1=CC=CC=C1)SCC2=CC=CC=C2,10.91777,4.806766
CC1COC(O1)C2=CCC(CC2)C(=C)C,9.903645,5.3586216
C[C@@H](C=O)[C@H]1CC[C@](O1)(C)C=C,9.10809,5.890698
C[C@H](C=O)[C@H]1CC[C@](O1)(C)C=C,8.950334,5.741605
C[C@@H](C=O)[C@@H]1CC[C@](O1)(C)C=C,9.050508,5.8376603
CCCCCC(=O)OC(C)(C)CC1=CC=CC=C1,8.929398,5.4313326
CCC/C=C/C1OCC(CO1)O,8.697787,6.0634212
CC1=C(C=CO1)SC(C)CC=O,10.4552,5.339598
CCC(=O)C1=C(C(=C(C=C1)F)[C@@H]2C[C@@H]2NC(=O)NC3=NC=C(C=C3)C#N)O.CC(=O)[O-].CC(=O)[O-].[Zn+2],10.243305,5.2938666
CC1CC(=O)CC2C1(CC(CC2)C(C)C)C,9.953044,7.035012
CC(=CCCC1(C2CCC(C2)C1=C)C)COC(=O)CC3=CC=CC=C3,9.65186,7.4770436
CNC.C1=CC(=C(C=C1Cl)Cl)OCC(=O)O.C(=O)(C(Cl)(Cl)Cl)C(Cl)(Cl)Cl,11.064366,4.871936
CC[C@]1([C@@]2(CC[C@@H](C2)C1(C)C)C)O,9.578475,5.8346086
CC1CCC=CCCCCCCCCCC(=O)C1,8.714772,5.6211863
CC1(CC(C=C2C13CCC(C3)C2(C)C)OC)C,9.703515,7.3003
CC(C)C=C(CSC)C=O,8.821384,4.72142
CCCCCCCCCCC(CCCCCC)COCC(C)OCC(C)OCCOC(=O)C,8.685487,5.6414742
CCCCC/C=C\C/C=C\CCCCCCCC[N+](CCCOCCO)(CCOCCO)CC(CO)O.[Cl-],8.745501,6.035203
CCCCC(CC)C(=O)OC(C)COCC1=CC=CC=C1,8.94148,5.4702997
CCC(C)C(=O)CC(C)S,9.023549,4.638635
CCCC(CCOC)SC(=O)OCC,8.982225,4.630517
CCO[C@H]1[C@@H]([C@H]([C@@H]([C@H](O1)CO)O)O)O.COC1=C(C=CC(=C1)C=O)O,8.111798,5.923407
CC[C@@H](C)CCC=O,9.316155,7.6382146
CCCCCCCCCC/C=C\COC(=O)C,8.603581,5.9160795
CCNC(=O)C1CC(CCC1C(=C)C)C,10.169187,4.142919
CC(C)C1CCC(=CC1)CCC=O,10.446438,5.290246
CCC(C(C)C)OC(=O)/C=C/C,9.212819,6.9154387
CCC(C)SS/C=C/C,8.877105,5.7721086
C[C@H]1CCC2=C(C1)C3=C(C=C2C)OC=C3C,9.458827,7.9973984
CC1C(C=C2C1(C=CC(C2)(C)C)C)O,9.882727,6.279604
C1COC(O1)/C=C\C2=CC=CC=C2,10.96234,4.8634214
CC1=CC(=C(C(=C1)/C=C\C(=O)C)C)C,9.345069,6.838476
[C@@H]1([C@@H]([C@H](O[C@H]([C@H]1O)O[C@H]2[C@@H]([C@@H]([C@@H](O[C@@H]2C(=O)[O-])O)O)O)C(=O)[O-])O)O.[K+].[K+],7.83531,5.9295497
CCCC(=O)CC(=O)OCC(CO)O,8.874592,5.359024
CCCCCCCCCC(=O)CC(=O)OCC(CO)O,8.631805,5.669475
CCCCCCCCCCCCCC(=O)CC(=O)OCC(CO)O,8.5513115,5.7121124
CC(=O)CC[C@H]1C(=C)CCCC1(C)C,9.4544,7.7907424
C[C@@H]1CC[C@H]([C@]12CCC(=CC2)C)C(C)(C)O,9.512399,7.7986774
CCCCCC/C=C/CCCCCCCC(=O)OC/C=C(\C)/CC/C=C(\C)/CCC=C(C)C,8.994646,6.8369737
CCCCC/C=C/CCC(OCC)OCC,8.693121,5.7848935
CC(C)C1CCC(S1)(C)CCOC(=O)C,9.365238,5.617982
CC1CC(C(O1)C)SC(=O)C,10.012784,4.403854
CC(C)[C@H](C(=O)NCC(=O)O)NC(=O)CC[C@@H](C(=O)O)N,6.6505604,4.339348
CCCCCC#CC(=O)OCC1=CC=CC=C1,8.83168,5.692755
CC(=CCC/C(=C\CCC(=C)/C=C/O)/C)C,9.188558,7.0508676
CCC1C(N=C(S1)C(C)CC)C,11.330618,4.28471
CCC1C(N=C(S1)CC(C)C)C,11.308289,3.9605076
CCCCCCCCCCCCCCCCCC(=O)O.CCCCCCCCCCCCCCCC(=O)O.CCCCCCCC/C=C\CCCCCCCC(=O)O.CCCCC/C=C\C/C=C\CCCCCCCC(=O)O.CC/C=C\C/C=C\C/C=C\CCCCCCCC(=O)O,8.553941,6.0519485
C1=NC2=C(C(=O)N1)N=CN2[C@H]3[C@@H]([C@@H]([C@H](O3)COP(=O)(O)O)O)O,7.485421,5.8006372
C1=NC2=C(N1[C@H]3[C@@H]([C@@H]([C@H](O3)COP(=O)([O-])[O-])O)O)N=C(NC2=O)N.[Na+].[Na+],8.037603,5.4245963
CN1[C@H](CNC2=C1C(=O)NC(=N2)N)CNC3=CC=C(C=C3)C(=O)N[C@@H](CCC(=O)[O-])C(=O)[O-].[Ca+2],7.5607486,4.922794
C1=NC2=C(C(=O)N1)N=CN2[C@H]3[C@@H]([C@@H]([C@H](O3)COP(=O)([O-])[O-])O)O.[Ca+2],7.9646826,5.3914213
C1=NC2=C(N1[C@H]3[C@@H]([C@@H]([C@H](O3)COP(=O)([O-])[O-])O)O)N=C(NC2=O)N.[Ca+2],8.2037525,5.1693654
C1=NC2=C(N1[C@H]3[C@@H]([C@@H]([C@H](O3)COP(=O)([O-])[O-])O)O)N=C(NC2=O)N.[K+].[K+],7.8443522,5.4269137
CCC1SC(N=C(S1)C)C,10.7278185,4.0864654
C[C@H]1CC[C@H]([C@@H](C1)OCC(C)(CO)O)C(C)C,9.414534,6.663524
