MolecularWeight,canonical_smiles,IUPACName,name,source,merged_source
240.38700000000023,CCCCC=COC(=O)CCCCCCCC,,Hexenyl nonanoate,leffingwell,leffingwell_goodscents
196.29000000000016,CC(=O)OCC1C=CC(C(C)C)CC1,,Tetrahydrocuminyl acetate,leffingwell,leffingwell_goodscents
244.3310000000002,CCCCCCCCC(OC(C)=O)C(=O)OC,,Methyl acetoxydecanoate,leffingwell,leffingwell_goodscents
198.30600000000015,CCCCC=COC(=O)C(C)CCC,,Hexenyl methylvalerate,leffingwell,leffingwell_goodscents
148.27100000000013,CCCC(S)COCC,,Ethoxymethylbutanethiol,leffingwell,leffingwell_goodscents
340.50399999999934,CCCCCCCC=CC(=O)OC(CCCCCCCC)C(=O)O,,Decenoyloxydecanoic acid,leffingwell,leffingwell_goodscents
224.3440000000002,CCCCC=COC(=O)C=CCCCCC,,Hexenyl octenoate,leffingwell,leffingwell_goodscents
188.33600000000015,CC(C)CC(C)(O)C1CCCS1,,Isopropylmethyltetrahydrothiophenyl-ethanol,leffingwell,leffingwell_goodscents
174.2650000000001,CC(=S)OC1(C)OCCC1C,,Dimethyltetrahydrofuryl thioacetate,leffingwell,leffingwell_goodscents
188.3110000000002,CCCCCC(OCC)OCCC,,Hexanal ethyl propyl acetal,leffingwell,leffingwell_goodscents
194.2300000000001,CCCCC=COC(=O)c1ccco1,,Hexenyl furoate,leffingwell,leffingwell_goodscents
182.26300000000012,CCC=CC(=O)OC=CCCCC,,Hexenyl pentenoate,leffingwell,leffingwell_goodscents
148.2270000000001,CCCC(CS)OC=O,,Mercaptomethylbutyl formate,leffingwell,leffingwell_goodscents
300.39499999999947,CCCCCCCCC(=O)C(=O)OC(=C(C)C)C(O)CO,,Isopropylideneglyceryl oxodecanoate,leffingwell,leffingwell_goodscents
222.35000000000016,CCCC(CCOC)[SH]=C(O)OCC,,Ethyl S-(1-methoxyhexan-3-yl)carbonothioate,leffingwell,leffingwell_goodscents
170.25200000000015,CC=CCOC(=O)C(C)CCC,,Methylallyl methylvalerate,leffingwell,leffingwell_goodscents
212.28900000000016,CC1=C(OC(=O)CO)CC(C(C)C)CC1,,Hydroxyacetoxymenthene,leffingwell,leffingwell_goodscents
206.26600000000008,Cc1coc(C(=O)c2cccs2)c1C,,Dimethylthiofuroylfuran,leffingwell,leffingwell_goodscents
258.3580000000001,CCCCCCCCCCC(OC=O)C(=O)OC,,Methyl formyloxydodecanoate,leffingwell,leffingwell_goodscents
212.3140000000001,CCCC(=O)CCSCc1ccco1,,Furfurylthiomethylpentanone,leffingwell,leffingwell_goodscents
220.2680000000001,CCOC(=O)C1(c2ccccc2)OC1CC,,Ethyl ethylphenylglycidate,leffingwell,leffingwell_goodscents
214.34900000000025,CCCCCCCCC=CC(OC)OC,,Undecenal dimethyl acetal,leffingwell,leffingwell_goodscents
132.253,SCC1CC=CS1,,Mercaptomethyldihydrothiophene,leffingwell,leffingwell_goodscents
188.3110000000002,CCCOC(CC)OC(C)CCC,,Propanal methylbutyl propyl acetal,leffingwell,leffingwell_goodscents
226.3600000000002,CCCCCCCC=COC(=O)CC(C)C,,Nonenyl isovalerate,leffingwell,leffingwell_goodscents
262.39300000000003,CCCCCCCCCC(=O)Oc1ccccc1C,,Tolyl decanoate,leffingwell,leffingwell_goodscents
186.3200000000001,CC=CC1(C)CCOSC1(C)C,,Methylpropenyldimethyloxathiane,leffingwell,leffingwell_goodscents
194.36500000000012,CCCSC(O)(CS)CCC,,Mercaptomethylpropylthiobutanol,leffingwell,leffingwell_goodscents
164.2040000000001,CC(C)C=C(C=O)c1ccco1,,Isopropylfurylpropenal,leffingwell,leffingwell_goodscents
228.37600000000023,CCCCC(C)C(C)(C)OC(=O)CC(C)C,,Trimethylhexyl isovalerate,leffingwell,leffingwell_goodscents
246.3940000000002,CCCCCCCCC=CC=CC=CC=CC=O,,Heptadecatetraenal,leffingwell,leffingwell_goodscents
228.37600000000023,CCCC=CC(OCCCC)OCCCC,,Hexenal dibutyl acetal,leffingwell,leffingwell_goodscents
216.3270000000001,CCC(=O)C(C)SSc1ccco1,,Methylfuryldithiobutanone,leffingwell,leffingwell_goodscents
188.33600000000013,CCCCCCCCC(S)C=O,,Mercaptodecanal,leffingwell,leffingwell_goodscents
198.30600000000015,CCC(=O)OC1(C)CCCCC1(C)C,,Trimethylcyclohexyl propionate,leffingwell,leffingwell_goodscents
75.11,CC(CN)O,1-aminopropan-2-ol,1-aminopropan-2-ol,leffingwell,leffingwell_goodscents
102.09,CCC(=O)C(=O)O,2-oxobutanoic acid,2-oxobutanoic acid,leffingwell,leffingwell_goodscents
120.13,C(C(=O)C(=O)O)S,2-oxo-3-sulfanylpropanoic acid,3-mercaptopyruvic acid,leffingwell,leffingwell_goodscents
122.12,C1=CC(=CC(=C1)O)C=O,3-hydroxybenzaldehyde,3-hydroxybenzaldehyde,leffingwell,leffingwell_goodscents
150.17,C1=CC=C(C=C1)CCC(=O)O,3-phenylpropanoic acid,hydrocinnamic acid,leffingwell,leffingwell_goodscents
124.14,C1=CC(=CC=C1CO)O,4-(hydroxymethyl)phenol,4-hydroxybenzyl alcohol,leffingwell,leffingwell_goodscents
122.12,C1=CC(=CC=C1C=O)O,4-hydroxybenzaldehyde,4-hydroxybenzaldehyde,leffingwell,leffingwell_goodscents
100.16,CC(C)CCC=O,4-methylpentanal,4-methylpentanal,leffingwell,leffingwell_goodscents
138.12,C1=CC(=CC=C1C(=O)O)O,4-hydroxybenzoic acid,4-hydroxybenzoic acid,leffingwell,leffingwell_goodscents
60.05,CC(=O)O,acetic acid,acetic acid,leffingwell,leffingwell_goodscents
44.05,CC=O,acetaldehyde,acetaldehyde,leffingwell,leffingwell_goodscents
88.11,CC(C(=O)C)O,3-hydroxybutan-2-one,acetoin,leffingwell,leffingwell_goodscents
58.08,CC(=O)C,propan-2-one,acetone,leffingwell,leffingwell_goodscents
146.14,C(CCC(=O)O)CC(=O)O,hexanedioic acid,adipic acid,leffingwell,leffingwell_goodscents
119.12,CC(C(C(=O)O)N)O,2-amino-3-hydroxybutanoic acid,dl-threonine,leffingwell,leffingwell_goodscents
106.12,C1=CC=C(C=C1)C=O,benzaldehyde,benzaldehyde,leffingwell,leffingwell_goodscents
122.12,C1=CC=C(C=C1)C(=O)O,benzoic acid,benzoic acid,leffingwell,leffingwell_goodscents
108.14,C1=CC=C(C=C1)CO,phenylmethanol,benzyl alcohol,leffingwell,leffingwell_goodscents
72.11,CCCC=O,butanal,butyraldehyde,leffingwell,leffingwell_goodscents
74.12,CCCCO,butan-1-ol,1-butanol,leffingwell,leffingwell_goodscents
88.11,CCCC(=O)O,butanoic acid,butyric acid,leffingwell,leffingwell_goodscents
46.025,C(=O)O,formic acid,formic acid,leffingwell,leffingwell_goodscents
110.11,C1=CC=C(C(=C1)O)O,"benzene-1,2-diol",pyrocatechol,leffingwell,leffingwell_goodscents
192.12,C(C(=O)O)C(CC(=O)O)(C(=O)O)O,"2-hydroxypropane-1,2,3-tricarboxylic acid",citric acid,leffingwell,leffingwell_goodscents
150.22,CC(C)C1=CC=C(C=C1)CO,(4-propan-2-ylphenyl)methanol,4-isopropylbenzyl alcohol,leffingwell,leffingwell_goodscents
148.2,CC(C)C1=CC=C(C=C1)C=O,4-propan-2-ylbenzaldehyde,4-isopropylbenzaldehyde,leffingwell,leffingwell_goodscents
150.17,COC1=C(C=CC(=C1)C=C)O,4-ethenyl-2-methoxyphenol,2-methoxy-4-vinylphenol,leffingwell,leffingwell_goodscents
108.14,CC1=CC=CC=C1O,2-methylphenol,o-cresol,leffingwell,leffingwell_goodscents
108.14,CC1=CC(=CC=C1)O,3-methylphenol,m-cresol,leffingwell,leffingwell_goodscents
114.23,CCCCCCCC,octane,octane,leffingwell,leffingwell_goodscents
144.21,CCCCCCCC(=O)O,octanoic acid,octanoic acid,leffingwell,leffingwell_goodscents
104.1,CC(CC(=O)O)O,3-hydroxybutanoic acid,3-hydroxybutyric acid,leffingwell,leffingwell_goodscents
182.17,C(C(C(C(C(CO)O)O)O)O)O,"hexane-1,2,3,4,5,6-hexol",hexitol,leffingwell,leffingwell_goodscents
128.21,CCCCCCCC=O,octanal,octanal,leffingwell,leffingwell_goodscents
124.14,COC1=CC=CC=C1O,2-methoxyphenol,guaiacol,leffingwell,leffingwell_goodscents
148.18,CSCCC(=O)C(=O)O,4-methylsulfanyl-2-oxobutanoic acid,4-methylthio-2-oxobutanoic acid,leffingwell,leffingwell_goodscents
134.09,C(C(C(=O)O)O)C(=O)O,2-hydroxybutanedioic acid,malic acid,leffingwell,leffingwell_goodscents
58.08,CCC=O,propanal,propionaldehyde,leffingwell,leffingwell_goodscents
120.17,CSCCC(=O)O,3-methylsulfanylpropanoic acid,3-(methylthio)propionic acid,leffingwell,leffingwell_goodscents
121.16,C(C(C(=O)O)N)S,2-amino-3-sulfanylpropanoic acid,dl-cysteine,leffingwell,leffingwell_goodscents
147.13,C(CC(=O)O)C(C(=O)O)N,2-aminopentanedioic acid,dl-glutamic acid,leffingwell,leffingwell_goodscents
90.08,CC(C(=O)O)O,2-hydroxypropanoic acid,lactic acid,leffingwell,leffingwell_goodscents
86.09,CC(=O)C(=O)C,"butane-2,3-dione","2,3-butanedione",leffingwell,leffingwell_goodscents
148.16,C1CC(=O)OC2=CC=CC=C21,"3,4-dihydrochromen-2-one",dihydrocoumarin,leffingwell,leffingwell_goodscents
90.08,C(C(=O)CO)O,"1,3-dihydroxypropan-2-one","1,3-dihydroxyacetone",leffingwell,leffingwell_goodscents
45.08,CNC,N-methylmethanamine,dimethylamine,leffingwell,leffingwell_goodscents
144.17,CCOC(=O)C(C)C(=O)C,ethyl 2-methyl-3-oxobutanoate,ethyl 2-methylacetoacetate,leffingwell,leffingwell_goodscents
46.07,CCO,ethanol,ethanol,leffingwell,leffingwell_goodscents
76.05,C(C(=O)O)O,2-hydroxyacetic acid,glycolic acid,leffingwell,leffingwell_goodscents
117.15,C1=CC=C2C(=C1)C=CN2,1H-indole,indole,leffingwell,leffingwell_goodscents
131.17,CC(C)CC(C(=O)O)N,2-amino-4-methylpentanoic acid,dl-leucine,leffingwell,leffingwell_goodscents
150.09,C(C(C(=O)O)O)(C(=O)O)O,"2,3-dihydroxybutanedioic acid","2,3-dihydroxysuccinic acid",leffingwell,leffingwell_goodscents
149.21,CSCCC(C(=O)O)N,2-amino-4-methylsulfanylbutanoic acid,dl-methionine,leffingwell,leffingwell_goodscents
48.11,CS,methanethiol,methanethiol,leffingwell,leffingwell_goodscents
72.06,CC(=O)C=O,2-oxopropanal,methylglyoxal,leffingwell,leffingwell_goodscents
128.17,C1=CC=C2C=CC=CC2=C1,naphthalene,naphthalene,leffingwell,leffingwell_goodscents
130.23,CCCCCCCCO,octan-1-ol,1-octanol,leffingwell,leffingwell_goodscents
104.06,C(C(=O)C(=O)O)O,3-hydroxy-2-oxopropanoic acid,3-hydroxypyruvic acid,leffingwell,leffingwell_goodscents
240.42,CCCCCCCCCCCCCCCC=O,hexadecanal,hexadecanal,leffingwell,leffingwell_goodscents
256.42,CCCCCCCCCCCCCCCC(=O)O,hexadecanoic acid,palmitic acid,leffingwell,leffingwell_goodscents
130.14,CC1(COC(=O)C1O)C,"3-hydroxy-4,4-dimethyloxolan-2-one",dl-pantolactone,leffingwell,leffingwell_goodscents
165.19,C1=CC=C(C=C1)CC(C(=O)O)N,2-amino-3-phenylpropanoic acid,dl-phenylalanine,leffingwell,leffingwell_goodscents
94.11,C1=CC=C(C=C1)O,phenol,phenol,leffingwell,leffingwell_goodscents
164.16,C1=CC=C(C=C1)CC(=O)C(=O)O,2-oxo-3-phenylpropanoic acid,phenylpyruvic acid,leffingwell,leffingwell_goodscents
120.15,C1=CC=C(C=C1)CC=O,2-phenylacetaldehyde,phenylacetaldehyde,leffingwell,leffingwell_goodscents
136.15,C1=CC=C(C=C1)CC(=O)O,2-phenylacetic acid,phenylacetic acid,leffingwell,leffingwell_goodscents
121.18,C1=CC=C(C=C1)CCN,2-phenylethanamine,phenethylamine,leffingwell,leffingwell_goodscents
166.13,C1=CC=C(C(=C1)C(=O)O)C(=O)O,phthalic acid,phthalic acid,leffingwell,leffingwell_goodscents
76.09,CC(CO)O,"propane-1,2-diol",propylene glycol,leffingwell,leffingwell_goodscents
60.1,CCCO,propan-1-ol,1-propanol,leffingwell,leffingwell_goodscents
74.08,CCC(=O)O,propanoic acid,propionic acid,leffingwell,leffingwell_goodscents
79.1,C1=CC=NC=C1,pyridine,pyridine,leffingwell,leffingwell_goodscents
88.06,CC(=O)C(=O)O,2-oxopropanoic acid,pyruvic acid,leffingwell,leffingwell_goodscents
62.14,CSC,methylsulfanylmethane,dimethyl sulfide,leffingwell,leffingwell_goodscents
118.09,C(CC(=O)O)C(=O)O,butanedioic acid,succinic acid,leffingwell,leffingwell_goodscents
88.17,C1CCSC1,thiolane,tetrahydrothiophene,leffingwell,leffingwell_goodscents
92.12,C(C(=O)O)S,2-sulfanylacetic acid,mercaptoacetic acid,leffingwell,leffingwell_goodscents
143.21,CC1=C(SC=N1)CCO,"2-(4-methyl-1,3-thiazol-5-yl)ethanol",4-methyl-5-thiazoleethanol,leffingwell,leffingwell_goodscents
75.11,C[N+](C)(C)[O-],"N,N-dimethylmethanamine oxide",trimethylamine n-oxide,leffingwell,leffingwell_goodscents
59.11,CN(C)C,"N,N-dimethylmethanamine",trimethylamine,leffingwell,leffingwell_goodscents
117.15,CC(C)C(C(=O)O)N,2-amino-3-methylbutanoic acid,dl-valine,leffingwell,leffingwell_goodscents
152.15,COC1=C(C=CC(=C1)C=O)O,4-hydroxy-3-methoxybenzaldehyde,vanillin,leffingwell,leffingwell_goodscents
156.26,CC1CCC(C(C1)O)C(C)C,5-methyl-2-propan-2-ylcyclohexan-1-ol,menthol,leffingwell,leffingwell_goodscents
154.12,C1=CC(=C(C=C1O)O)C(=O)O,"2,4-dihydroxybenzoic acid","2,4-dihydroxybenzoic acid",leffingwell,leffingwell_goodscents
78.14,C(CS)O,2-sulfanylethanol,2-mercaptoethanol,leffingwell,leffingwell_goodscents
166.17,CC(=O)C1=CC(=C(C=C1)O)OC,1-(4-hydroxy-3-methoxyphenyl)ethanone,acetovanillone,leffingwell,leffingwell_goodscents
188.22,C(CCCC(=O)O)CCCC(=O)O,nonanedioic acid,azelaic acid,leffingwell,leffingwell_goodscents
212.24,C1=CC=C(C=C1)COC(=O)C2=CC=CC=C2,benzyl benzoate,benzyl benzoate,leffingwell,leffingwell_goodscents
149.21,C1=CC=C(C=C1)CN=C=S,isothiocyanatomethylbenzene,benzyl isothiocyanate,leffingwell,leffingwell_goodscents
194.19,CN1C=NC2=C1C(=O)N(C(=O)N2C)C,"1,3,7-trimethylpurine-2,6-dione",caffeine,leffingwell,leffingwell_goodscents
152.23,CC1(C2CCC1(C(=O)C2)C)C,"1,7,7-trimethylbicyclo[2.2.1]heptan-2-one",camphor,leffingwell,leffingwell_goodscents
242.44,CCCCCCCCCCCCCCCCO,hexadecan-1-ol,1-hexadecanol,leffingwell,leffingwell_goodscents
154.25,CC1(C2CCC(O1)(CC2)C)C,"1,3,3-trimethyl-2-oxabicyclo[2.2.2]octane",eucalyptol,leffingwell,leffingwell_goodscents
108.14,CC1=CC=C(C=C1)O,4-methylphenol,p-cresol,leffingwell,leffingwell_goodscents
172.26,CCCCCCCCCC(=O)O,decanoic acid,decanoic acid,leffingwell,leffingwell_goodscents
293.4,CCCCCCCCC(=O)NCC1=CC(=C(C=C1)O)OC,N-[(4-hydroxy-3-methoxyphenyl)methyl]nonanamide,nonivamide,leffingwell,leffingwell_goodscents
124.23,C(C(CS)S)O,"2,3-bis(sulfanyl)propan-1-ol",dimercaprol,leffingwell,leffingwell_goodscents
182.22,C1=CC=C(C=C1)C(=O)C2=CC=CC=C2,diphenylmethanone,benzophenone,leffingwell,leffingwell_goodscents
164.2,COC1=C(C=CC(=C1)CC=C)O,2-methoxy-4-prop-2-enylphenol,eugenol,leffingwell,leffingwell_goodscents
100.12,C(CC=O)CC=O,pentanedial,glutaraldehyde,leffingwell,leffingwell_goodscents
164.2,CC(C)C1=CC(=O)C(=CC=C1)O,"2-hydroxy-6-propan-2-ylcyclohepta-2,4,6-trien-1-one",hinokitiol,leffingwell,leffingwell_goodscents
60.1,CC(C)O,propan-2-ol,isopropyl alcohol,leffingwell,leffingwell_goodscents
200.32,CCCCCCCCCCCC(=O)O,dodecanoic acid,lauric acid,leffingwell,leffingwell_goodscents
86.09,CC(=C)C(=O)O,2-methylprop-2-enoic acid,methacrylic acid,leffingwell,leffingwell_goodscents
152.15,COC(=O)C1=CC=CC=C1O,methyl 2-hydroxybenzoate,methyl salicylate,leffingwell,leffingwell_goodscents
192.21,COC1=CC(=CC2=C1OCO2)CC=C,"4-methoxy-6-prop-2-enyl-1,3-benzodioxole",myristicin,leffingwell,leffingwell_goodscents
164.2,C1=CC=C(C=C1)CCCC(=O)O,4-phenylbutanoic acid,4-phenylbutyric acid,leffingwell,leffingwell_goodscents
86.14,C1CNCCN1,piperazine,piperazine,leffingwell,leffingwell_goodscents
212.2,CCCOC(=O)C1=CC(=C(C(=C1)O)O)O,"propyl 3,4,5-trihydroxybenzoate",propyl gallate,leffingwell,leffingwell_goodscents
110.11,C1=CC(=CC(=C1)O)O,"benzene-1,3-diol",resorcinol,leffingwell,leffingwell_goodscents
183.19,C1=CC=C2C(=C1)C(=O)NS2(=O)=O,"1,1-dioxo-1,2-benzothiazol-3-one",saccharin,leffingwell,leffingwell_goodscents
162.18,C=CCC1=CC2=C(C=C1)OCO2,"5-prop-2-enyl-1,3-benzodioxole",safrole,leffingwell,leffingwell_goodscents
284.5,CCCCCCCCCCCCCCCCCC(=O)O,octadecanoic acid,stearic acid,leffingwell,leffingwell_goodscents
180.16,CN1C=NC2=C1C(=O)NC(=O)N2C,"3,7-dimethylpurine-2,6-dione",theobromine,leffingwell,leffingwell_goodscents
218.2,CC(=O)OCC(COC(=O)C)OC(=O)C,"2,3-diacetyloxypropyl acetate",triacetin,leffingwell,leffingwell_goodscents
137.18,C1=CC(=CC=C1CCN)O,4-(2-aminoethyl)phenol,tyramine,leffingwell,leffingwell_goodscents
184.27,C=CCCCCCCCCC(=O)O,undec-10-enoic acid,undecylenic acid,leffingwell,leffingwell_goodscents
131.13,C1[C@H](CN[C@@H]1C(=O)O)O,"(2S,4R)-4-hydroxypyrrolidine-2-carboxylic acid",l-hydroxyproline,leffingwell,leffingwell_goodscents
146.14,C(CC(=O)N)[C@@H](C(=O)O)N,"(2S)-2,5-diamino-5-oxopentanoic acid",l-glutamine,leffingwell,leffingwell_goodscents
99.16,C=CCN=C=S,3-isothiocyanatoprop-1-ene,allyl isothiocyanate,leffingwell,leffingwell_goodscents
180.16,C([C@H]([C@H]([C@@H](C(=O)CO)O)O)O)O,"(3S,4R,5R)-1,3,4,5,6-pentahydroxyhexan-2-one",d-(-)-fructose,leffingwell,leffingwell_goodscents
342.3,C([C@@H]1[C@H]([C@@H]([C@H]([C@H](O1)O[C@]2([C@H]([C@@H]([C@H](O2)CO)O)O)CO)O)O)O)O,"(2R,3R,4S,5S,6R)-2-[(2S,3S,4S,5R)-3,4-dihydroxy-2,5-bis(hydroxymethyl)oxolan-2-yl]oxy-6-(hydroxymethyl)oxane-3,4,5-triol",sucrose,leffingwell,leffingwell_goodscents
302.36,CCCC(=O)OCC(COC(=O)CCC)OC(=O)CCC,"2,3-di(butanoyloxy)propyl butanoate",tributyrin,leffingwell,leffingwell_goodscents
122.16,C1=CC=C(C=C1)CCO,2-phenylethanol,2-phenylethanol,leffingwell,leffingwell_goodscents
149.21,CSCC[C@@H](C(=O)O)N,(2S)-2-amino-4-methylsulfanylbutanoic acid,l-methionine,leffingwell,leffingwell_goodscents
165.19,C1=CC=C(C=C1)C[C@@H](C(=O)O)N,(2S)-2-amino-3-phenylpropanoic acid,l-phenylalanine,leffingwell,leffingwell_goodscents
100.16,CCCCCC=O,hexanal,hexanal,leffingwell,leffingwell_goodscents
150.16,C(C(C(=O)O)S)C(=O)O,2-sulfanylbutanedioic acid,mercaptosuccinic acid,leffingwell,leffingwell_goodscents
88.15,CCCCCO,pentan-1-ol,1-pentanol,leffingwell,leffingwell_goodscents
131.17,CC[C@H](C)[C@@H](C(=O)O)N,"(2S,3S)-2-amino-3-methylpentanoic acid",l-isoleucine,leffingwell,leffingwell_goodscents
31.057,CN,methanamine,methylamine,leffingwell,leffingwell_goodscents
45.08,CCN,ethanamine,ethanamine,leffingwell,leffingwell_goodscents
62.14,CCS,ethanethiol,ethanethiol,leffingwell,leffingwell_goodscents
59.11,CC(C)N,propan-2-amine,isopropylamine,leffingwell,leffingwell_goodscents
76.16,CC(C)S,propane-2-thiol,2-propanethiol,leffingwell,leffingwell_goodscents
74.12,CC(C)(C)O,2-methylpropan-2-ol,tert-butanol,leffingwell,leffingwell_goodscents
90.19,CC(C)(C)S,2-methylpropane-2-thiol,2-methyl-2-propanethiol,leffingwell,leffingwell_goodscents
88.15,CCC(C)(C)O,2-methylbutan-2-ol,2-methyl-2-butanol,leffingwell,leffingwell_goodscents
102.13,CC(C)(C)C(=O)O,"2,2-dimethylpropanoic acid",pivalic acid,leffingwell,leffingwell_goodscents
118.17,CC(C)(C(C)(C)O)O,"2,3-dimethylbutane-2,3-diol",pinacol,leffingwell,leffingwell_goodscents
196.29,CC(=O)OC1CC2CCC1(C2(C)C)C,"(1,7,7-trimethyl-2-bicyclo[2.2.1]heptanyl) acetate",bornyl acetate,leffingwell,leffingwell_goodscents
264.4,C[C@@H]1CC[C@@H]2C13CCC(C(C3)C2(C)C)(C)OC(=O)C,"[(2R,5S)-2,6,6,8-tetramethyl-8-tricyclo[5.3.1.01,5]undecanyl] acetate",cedryl acetate,leffingwell,leffingwell_goodscents
102.17,CCC(C)(CC)O,3-methylpentan-3-ol,3-methyl-3-pentanol,leffingwell,leffingwell_goodscents
104.15,CC(C)(OC)OC,"2,2-dimethoxypropane","2,2-dimethoxypropane",leffingwell,leffingwell_goodscents
206.24,CCOC(=O)C1C(O1)(C)C2=CC=CC=C2,ethyl 3-methyl-3-phenyloxirane-2-carboxylate,77-83-8,leffingwell,leffingwell_goodscents
402.5,CCCCOC(=O)CC(CC(=O)OCCCC)(C(=O)OCCCC)OC(=O)C,"tributyl 2-acetyloxypropane-1,2,3-tricarboxylate",77-90-7,leffingwell,leffingwell_goodscents
276.28,CCOC(=O)CC(CC(=O)OCC)(C(=O)OCC)O,"triethyl 2-hydroxypropane-1,2,3-tricarboxylate",triethyl citrate,leffingwell,leffingwell_goodscents
360.4,CCCCOC(=O)CC(CC(=O)OCCCC)(C(=O)OCCCC)O,"tributyl 2-hydroxypropane-1,2,3-tricarboxylate",tributyl citrate,leffingwell,leffingwell_goodscents
106.15,C(CS)C(=O)O,3-sulfanylpropanoic acid,3-mercaptopropionic acid,leffingwell,leffingwell_goodscents
224.34,CC(C)C(=O)OC(C)(CCC=C(C)C)C=C,"3,7-dimethylocta-1,6-dien-3-yl 2-methylpropanoate",linalyl isobutyrate,leffingwell,leffingwell_goodscents
138.21,CC1=CC(=O)CC(C1)(C)C,"3,5,5-trimethylcyclohex-2-en-1-one",isophorone,leffingwell,leffingwell_goodscents
158.28,CCC(C)(CCCC(C)C)O,"3,7-dimethyloctan-3-ol","3,7-dimethyloctan-3-ol",leffingwell,leffingwell_goodscents
154.25,CC(=CCCC(C)(C=C)O)C,"3,7-dimethylocta-1,6-dien-3-ol",linalool,leffingwell,leffingwell_goodscents
68.12,CC(=C)C=C,"2-methylbuta-1,3-diene",isoprene,leffingwell,leffingwell_goodscents
73.14,CC(C)CN,2-methylpropan-1-amine,isobutylamine,leffingwell,leffingwell_goodscents
74.12,CC(C)CO,2-methylpropan-1-ol,2-methyl-1-propanol,leffingwell,leffingwell_goodscents
72.11,CC(C)C=O,2-methylpropanal,isobutyraldehyde,leffingwell,leffingwell_goodscents
74.12,CCC(C)O,butan-2-ol,2-butanol,leffingwell,leffingwell_goodscents
72.11,CCC(=O)C,butan-2-one,2-butanone,leffingwell,leffingwell_goodscents
70.09,CC(=O)C=C,but-3-en-2-one,methyl vinyl ketone,leffingwell,leffingwell_goodscents
74.08,CC(=O)OC,methyl acetate,methyl acetate,leffingwell,leffingwell_goodscents
88.11,CC(C)C(=O)O,2-methylpropanoic acid,isobutyric acid,leffingwell,leffingwell_goodscents
136.23,CC1(C2CCC(C2)C1=C)C,"2,2-dimethyl-3-methylidenebicyclo[2.2.1]heptane",camphene,leffingwell,leffingwell_goodscents
198.3,CC1CCC(CC1)C(C)(C)OC(=O)C,2-(4-methylcyclohexyl)propan-2-yl acetate,dihydroterpinyl acetate,leffingwell,leffingwell_goodscents
172.26,CC1(CCC(CC1)C(C)(C)O)O,4-(2-hydroxypropan-2-yl)-1-methylcyclohexan-1-ol,terpin,leffingwell,leffingwell_goodscents
136.23,CC1=CCC2CC1C2(C)C,"2,6,6-trimethylbicyclo[3.1.1]hept-2-ene",alpha-pinene,leffingwell,leffingwell_goodscents
100.12,CC(=C)C(=O)OC,methyl 2-methylprop-2-enoate,methyl methacrylate,leffingwell,leffingwell_goodscents
131.17,CC1=CNC2=CC=CC=C12,3-methyl-1H-indole,3-methylindole,leffingwell,leffingwell_goodscents
268.27,CC1=C(C=C(C(=C1[N+](=O)[O-])OC)C(C)(C)C)[N+](=O)[O-],"1-tert-butyl-2-methoxy-4-methyl-3,5-dinitrobenzene",musk ambrette,leffingwell,leffingwell_goodscents
165.19,CNC1=CC=CC=C1C(=O)OC,methyl 2-(methylamino)benzoate,methyl 2-(methylamino)benzoate,leffingwell,leffingwell_goodscents
194.23,CC(C)COC(=O)C1=CC=CC=C1O,2-methylpropyl 2-hydroxybenzoate,isobutyl salicylate,leffingwell,leffingwell_goodscents
208.25,CC(C)CCOC(=O)C1=CC=CC=C1O,3-methylbutyl 2-hydroxybenzoate,isoamyl salicylate,leffingwell,leffingwell_goodscents
165.19,CCOC(=O)C1=CC=CC=C1N,ethyl 2-aminobenzoate,ethyl anthranilate,leffingwell,leffingwell_goodscents
134.13,C1C2=CC=CC=C2C(=O)O1,3H-2-benzofuran-1-one,phthalide,leffingwell,leffingwell_goodscents
116.16,CCC(CC)C(=O)O,2-ethylbutanoic acid,2-ethylbutyric acid,leffingwell,leffingwell_goodscents
112.08,C1=COC(=C1)C(=O)O,furan-2-carboxylic acid,2-furoic acid,leffingwell,leffingwell_goodscents
164.24,CC1=CC(=C(C=C1)C(C)(C)C)O,2-tert-butyl-5-methylphenol,6-tert-butyl-m-cresol,leffingwell,leffingwell_goodscents
136.19,CC(C)C1=CC=CC=C1O,2-propan-2-ylphenol,2-isopropylphenol,leffingwell,leffingwell_goodscents
204.35,CC1CCC(=C(C)C)CC2=C1CCC2C,"1,4-dimethyl-7-propan-2-ylidene-2,3,4,5,6,8-hexahydro-1H-azulene",guaiene,leffingwell,leffingwell_goodscents
276.4,CC1CCC(C(C1)OC(=O)C2=CC=CC=C2O)C(C)C,(5-methyl-2-propan-2-ylcyclohexyl) 2-hydroxybenzoate,menthyl salicylate,leffingwell,leffingwell_goodscents
148.2,CC1=CC(=C(C=C1)C(=O)C)C,"1-(2,4-dimethylphenyl)ethanone","2',4'-dimethylacetophenone",leffingwell,leffingwell_goodscents
152.23,CC1=CC(=O)C(CC1)C(C)C,3-methyl-6-propan-2-ylcyclohex-2-en-1-one,piperitone,leffingwell,leffingwell_goodscents
150.22,CC1=CC(=C(C=C1)C(C)C)O,5-methyl-2-propan-2-ylphenol,thymol,leffingwell,leffingwell_goodscents
122.16,CCC1=CC=CC=C1O,2-ethylphenol,2-ethylphenol,leffingwell,leffingwell_goodscents
122.12,C1=CC=C(C(=C1)C=O)O,2-hydroxybenzaldehyde,salicylaldehyde,leffingwell,leffingwell_goodscents
142.2,CC1=CC=CC2=CC=CC=C12,1-methylnaphthalene,1-methylnaphthalene,leffingwell,leffingwell_goodscents
170.21,C1=CC=C(C=C1)C2=CC=CC=C2O,2-phenylphenol,2-phenylphenol,leffingwell,leffingwell_goodscents
154.16,COC1=C(C(=CC=C1)OC)O,"2,6-dimethoxyphenol","2,6-dimethoxyphenol",leffingwell,leffingwell_goodscents
138.16,COC1=CC=CC=C1OC,"1,2-dimethoxybenzene","1,2-dimethoxybenzene",leffingwell,leffingwell_goodscents
130.15,C1=CC=C2C(=C1)N=CC=N2,quinoxaline,quinoxaline,leffingwell,leffingwell_goodscents
129.16,C1=CC=C2C(=C1)C=CC=N2,quinoline,quinoline,leffingwell,leffingwell_goodscents
142.2,CC1=CC2=CC=CC=C2C=C1,2-methylnaphthalene,2-methylnaphthalene,leffingwell,leffingwell_goodscents
160.24,C1=CC=C2C=C(C=CC2=C1)S,naphthalene-2-thiol,2-naphthalenethiol,leffingwell,leffingwell_goodscents
143.18,CC1=CC2=C(C=C1)N=CC=C2,6-methylquinoline,6-methylquinoline,leffingwell,leffingwell_goodscents
143.18,CC1=NC2=CC=CC=C2C=C1,2-methylquinoline,2-methylquinoline,leffingwell,leffingwell_goodscents
160.17,CC1=CC2=C(C=C1)OC(=O)C=C2,6-methylchromen-2-one,6-methylcoumarin,leffingwell,leffingwell_goodscents
154.21,C1=CC=C(C=C1)C2=CC=CC=C2,"1,1'-biphenyl",biphenyl,leffingwell,leffingwell_goodscents
168.19,COC1=C(C=C(C=C1)CO)OC,"(3,4-dimethoxyphenyl)methanol","3,4-dimethoxybenzyl alcohol",leffingwell,leffingwell_goodscents
158.2,COC1=CC2=CC=CC=C2C=C1,2-methoxynaphthalene,2-methoxynaphthalene,leffingwell,leffingwell_goodscents
170.21,CC(=O)C1=CC2=CC=CC=C2C=C1,1-naphthalen-2-ylethanone,2-acetylnaphthalene,leffingwell,leffingwell_goodscents
178.23,COC1=C(C=C(C=C1)CC=C)OC,"1,2-dimethoxy-4-prop-2-enylbenzene",methyl eugenol,leffingwell,leffingwell_goodscents
172.22,CCOC1=CC2=CC=CC=C2C=C1,2-ethoxynaphthalene,2-ethoxynaphthalene,leffingwell,leffingwell_goodscents
185.26,CC(C)CC1=NC2=CC=CC=C2C=C1,2-(2-methylpropyl)quinoline,2-isobutylquinoline,leffingwell,leffingwell_goodscents
206.24,CC(=O)OC1=C(C=C(C=C1)CC=C)OC,(2-methoxy-4-prop-2-enylphenyl) acetate,eugenol acetate,leffingwell,leffingwell_goodscents
138.16,CC1=CC(=C(C=C1)O)OC,2-methoxy-4-methylphenol,2-methoxy-4-methylphenol,leffingwell,leffingwell_goodscents
134.17,CC(C=O)C1=CC=CC=C1,2-phenylpropanal,2-phenylpropanal,leffingwell,leffingwell_goodscents
136.19,CCC(C1=CC=CC=C1)O,1-phenylpropan-1-ol,1-phenyl-1-propanol,leffingwell,leffingwell_goodscents
134.17,CCC(=O)C1=CC=CC=C1,1-phenylpropan-1-one,propiophenone,leffingwell,leffingwell_goodscents
136.15,COC(=O)C1=CC=CC=C1,methyl benzoate,methyl benzoate,leffingwell,leffingwell_goodscents
137.14,COC(=O)C1=CN=CC=C1,methyl pyridine-3-carboxylate,methyl nicotinate,leffingwell,leffingwell_goodscents
150.17,CCOC(=O)C1=CC=CC=C1,ethyl benzoate,ethyl benzoate,leffingwell,leffingwell_goodscents
162.18,CC(=O)CC(=O)C1=CC=CC=C1,"1-phenylbutane-1,3-dione",benzoylacetone,leffingwell,leffingwell_goodscents
198.22,C1=CC=C(C=C1)C(=O)OC2=CC=CC=C2,phenyl benzoate,phenyl benzoate,leffingwell,leffingwell_goodscents
192.21,CCOC(=O)CC(=O)C1=CC=CC=C1,ethyl 3-oxo-3-phenylpropanoate,ethyl benzoylacetate,leffingwell,leffingwell_goodscents
180.2,CCCOC(=O)C1=CC=C(C=C1)O,propyl 4-hydroxybenzoate,propylparaben,leffingwell,leffingwell_goodscents
194.23,CCCCOC(=O)C1=CC=C(C=C1)O,butyl 4-hydroxybenzoate,butyl 4-hydroxybenzoate,leffingwell,leffingwell_goodscents
192.25,CC(C)CCOC(=O)C1=CC=CC=C1,3-methylbutyl benzoate,isoamyl benzoate,leffingwell,leffingwell_goodscents
226.27,C1=CC=C(C=C1)CCOC(=O)C2=CC=CC=C2,2-phenylethyl benzoate,phenethyl benzoate,leffingwell,leffingwell_goodscents
134.2,C1=CC=C2C(=C1)C=CS2,1-benzothiophene,benzo[b]thiophene,leffingwell,leffingwell_goodscents
135.19,C1=CC=C2C(=C1)N=CS2,"1,3-benzothiazole",benzothiazole,leffingwell,leffingwell_goodscents
131.17,CC1=CC2=CC=CC=C2N1,2-methyl-1H-indole,2-methylindole,leffingwell,leffingwell_goodscents
133.15,CC1=NC2=CC=CC=C2O1,"2-methyl-1,3-benzoxazole",2-methylbenzoxazole,leffingwell,leffingwell_goodscents
122.16,CC1=C(C=C(C=C1)O)C,"3,4-dimethylphenol","3,4-dimethylphenol",leffingwell,leffingwell_goodscents
122.16,CC1=CC(=C(C=C1)C)O,"2,5-dimethylphenol","2,5-dimethylphenol",leffingwell,leffingwell_goodscents
146.14,CCOC(=O)C(=O)OCC,diethyl oxalate,diethyl oxalate,leffingwell,leffingwell_goodscents
86.13,CCC(C)C=O,2-methylbutanal,2-methylbutyraldehyde,leffingwell,leffingwell_goodscents
86.13,CCC(=O)CC,pentan-3-one,3-pentanone,leffingwell,leffingwell_goodscents
86.09,COC(=O)C=C,methyl prop-2-enoate,methyl acrylate,leffingwell,leffingwell_goodscents
86.13,C1CCC(C1)O,cyclopentanol,cyclopentanol,leffingwell,leffingwell_goodscents
86.13,CC1CCCO1,2-methyloxolane,2-methyltetrahydrofuran,leffingwell,leffingwell_goodscents
86.09,C1CC(=O)OC1,oxolan-2-one,gamma-butyrolactone,leffingwell,leffingwell_goodscents
81.12,CN1C=CC=C1,1-methylpyrrole,1-methyl-1h-pyrrole,leffingwell,leffingwell_goodscents
194.27,CC1=CCC(CC1OC(=O)C)C(=C)C,(2-methyl-5-prop-1-en-2-ylcyclohex-2-en-1-yl) acetate,carvyl acetate,leffingwell,leffingwell_goodscents
208.3,CCC(=O)OC1CC(CC=C1C)C(=C)C,(2-methyl-5-prop-1-en-2-ylcyclohex-2-en-1-yl) propanoate,carvyl propionate,leffingwell,leffingwell_goodscents
116.16,CCCC(C)C(=O)O,2-methylpentanoic acid,2-methylpentanoic acid,leffingwell,leffingwell_goodscents
116.16,CCOC(=O)C(C)C,ethyl 2-methylpropanoate,ethyl isobutyrate,leffingwell,leffingwell_goodscents
114.14,CCOC(=O)C(=C)C,ethyl 2-methylprop-2-enoate,ethyl methacrylate,leffingwell,leffingwell_goodscents
118.13,CCOC(=O)C(C)O,ethyl 2-hydroxypropanoate,ethyl lactate,leffingwell,leffingwell_goodscents
144.21,CC(C)COC(=O)C(C)C,2-methylpropyl 2-methylpropanoate,isobutyl isobutyrate,leffingwell,leffingwell_goodscents
142.2,CC(C)COC(=O)C(=C)C,2-methylpropyl 2-methylprop-2-enoate,isobutyl methacrylate,leffingwell,leffingwell_goodscents
144.21,CCCCOC(=O)C(C)C,butyl 2-methylpropanoate,butyl isobutyrate,leffingwell,leffingwell_goodscents
142.2,CCCCOC(=O)C(=C)C,butyl 2-methylprop-2-enoate,butyl methacrylate,leffingwell,leffingwell_goodscents
102.17,CCC(CC)CO,2-ethylbutan-1-ol,2-ethyl-1-butanol,leffingwell,leffingwell_goodscents
100.16,CCC(CC)C=O,2-ethylbutanal,2-ethylbutanal,leffingwell,leffingwell_goodscents
102.13,C1CC(OC1)CO,oxolan-2-ylmethanol,tetrahydrofurfuryl alcohol,leffingwell,leffingwell_goodscents
96.08,C1=COC(=C1)C=O,furan-2-carbaldehyde,furfural,leffingwell,leffingwell_goodscents
114.17,C1=COC(=C1)CS,furan-2-ylmethanethiol,furfuryl mercaptan,leffingwell,leffingwell_goodscents
112.15,C1=CSC(=C1)C=O,thiophene-2-carbaldehyde,thiophene-2-carbaldehyde,leffingwell,leffingwell_goodscents
156.26,CC(C)(C)C1CCC(CC1)O,4-tert-butylcyclohexan-1-ol,4-tert-butylcyclohexanol,leffingwell,leffingwell_goodscents
154.25,CC(C)(C)C1CCC(=O)CC1,4-tert-butylcyclohexan-1-one,4-tert-butylcyclohexanone,leffingwell,leffingwell_goodscents
150.22,CC(C)(C)C1=CC=C(C=C1)O,4-tert-butylphenol,4-tert-butylphenol,leffingwell,leffingwell_goodscents
118.18,CC(=C)C1=CC=CC=C1,prop-1-en-2-ylbenzene,alpha-methylstyrene,leffingwell,leffingwell_goodscents
122.16,CC(C1=CC=CC=C1)O,1-phenylethanol,1-phenylethanol,leffingwell,leffingwell_goodscents
120.15,CC(=O)C1=CC=CC=C1,1-phenylethanone,acetophenone,leffingwell,leffingwell_goodscents
128.17,C1CCC(CC1)C(=O)O,cyclohexanecarboxylic acid,cyclohexanecarboxylic acid,leffingwell,leffingwell_goodscents
152.23,CC1=CCC(CC1O)C(=C)C,2-methyl-5-prop-1-en-2-ylcyclohex-2-en-1-ol,carveol,leffingwell,leffingwell_goodscents
150.17,CC1=CC=C(C=C1)C(=O)OC,methyl 4-methylbenzoate,methyl 4-methylbenzoate,leffingwell,leffingwell_goodscents
136.23,CC1=CCC(C=C1)C(C)C,"2-methyl-5-propan-2-ylcyclohexa-1,3-diene",alpha-phellandrene,leffingwell,leffingwell_goodscents
136.23,CC1=CCC(=CC1)C(C)C,"1-methyl-4-propan-2-ylcyclohexa-1,4-diene",gamma-terpinene,leffingwell,leffingwell_goodscents
136.23,CC1=CC=C(CC1)C(C)C,"1-methyl-4-propan-2-ylcyclohexa-1,3-diene",alpha-terpinene,leffingwell,leffingwell_goodscents
134.22,CC1=CC=C(C=C1)C(C)C,1-methyl-4-propan-2-ylbenzene,p-cymene,leffingwell,leffingwell_goodscents
136.19,CC(C)C1=CC=C(C=C1)O,4-propan-2-ylphenol,4-isopropylphenol,leffingwell,leffingwell_goodscents
136.15,CC(=O)C1=CC=C(C=C1)O,1-(4-hydroxyphenyl)ethanone,4'-hydroxyacetophenone,leffingwell,leffingwell_goodscents
150.17,CC(=O)C1=CC=C(C=C1)OC,1-(4-methoxyphenyl)ethanone,4'-methoxyacetophenone,leffingwell,leffingwell_goodscents
152.15,COC1=CC=C(C=C1)C(=O)O,4-methoxybenzoic acid,4-methoxybenzoic acid,leffingwell,leffingwell_goodscents
104.15,C=CC1=CC=CC=C1,styrene,styrene,leffingwell,leffingwell_goodscents
103.12,C1=CC=C(C=C1)C#N,benzonitrile,benzonitrile,leffingwell,leffingwell_goodscents
124.21,C1=CC=C(C=C1)CS,phenylmethanethiol,benzyl mercaptan,leffingwell,leffingwell_goodscents
108.14,COC1=CC=CC=C1,anisole,anisole,leffingwell,leffingwell_goodscents
124.21,CSC1=CC=CC=C1,methylsulfanylbenzene,thioanisole,leffingwell,leffingwell_goodscents
107.15,CCC1=CC=CC=N1,2-ethylpyridine,2-ethylpyridine,leffingwell,leffingwell_goodscents
132.16,CC1(OCC(O1)CO)C,"(2,2-dimethyl-1,3-dioxolan-4-yl)methanol",solketal,leffingwell,leffingwell_goodscents
122.16,CC1=CC(=CC=C1)OC,1-methoxy-3-methylbenzene,3-methylanisole,leffingwell,leffingwell_goodscents
150.22,CC(C)(CC1=CC=CC=C1)O,2-methyl-1-phenylpropan-2-ol,2-methyl-1-phenyl-2-propanol,leffingwell,leffingwell_goodscents
150.17,COC(=O)CC1=CC=CC=C1,methyl 2-phenylacetate,methyl phenylacetate,leffingwell,leffingwell_goodscents
164.2,C1COC(O1)CC2=CC=CC=C2,"2-benzyl-1,3-dioxolane","2-benzyl-1,3-dioxolane",leffingwell,leffingwell_goodscents
168.23,C1=CC=C(C=C1)CC2=CC=CC=C2,benzylbenzene,diphenylmethane,leffingwell,leffingwell_goodscents
170.21,C1=CC=C(C=C1)OC2=CC=CC=C2,phenoxybenzene,diphenyl ether,leffingwell,leffingwell_goodscents
164.2,CCOC(=O)CC1=CC=CC=C1,ethyl 2-phenylacetate,ethyl phenylacetate,leffingwell,leffingwell_goodscents
210.27,C1=CC=C(C=C1)CC(=O)CC2=CC=CC=C2,"1,3-diphenylpropan-2-one","1,3-diphenylacetone",leffingwell,leffingwell_goodscents
256.3,COC1=CC=C(C=C1)COC(=O)CC2=CC=CC=C2,(4-methoxyphenyl)methyl 2-phenylacetate,4-methoxybenzyl phenylacetate,leffingwell,leffingwell_goodscents
206.28,CC(C)CCOC(=O)CC1=CC=CC=C1,3-methylbutyl 2-phenylacetate,isoamyl phenylacetate,leffingwell,leffingwell_goodscents
240.3,C1=CC=C(C=C1)CCOC(=O)CC2=CC=CC=C2,2-phenylethyl 2-phenylacetate,phenethyl phenylacetate,leffingwell,leffingwell_goodscents
143.27,CCCN(CCC)CCC,"N,N-dipropylpropan-1-amine",tripropylamine,leffingwell,leffingwell_goodscents
185.35,CCCCN(CCCC)CCCC,"N,N-dibutylbutan-1-amine",tributylamine,leffingwell,leffingwell_goodscents
164.24,CC(C)(CCC1=CC=CC=C1)O,2-methyl-4-phenylbutan-2-ol,2-methyl-4-phenyl-2-butanol,leffingwell,leffingwell_goodscents
206.28,CC(=O)OC(C)(C)CCC1=CC=CC=C1,(2-methyl-4-phenylbutan-2-yl) acetate,103-07-1,leffingwell,leffingwell_goodscents
172.26,CCCCC(CC)COC(=O)C,2-ethylhexyl acetate,2-ethylhexyl acetate,leffingwell,leffingwell_goodscents
164.2,COC(=O)CCC1=CC=CC=C1,methyl 3-phenylpropanoate,methyl 3-phenylpropionate,leffingwell,leffingwell_goodscents
178.23,CC(C)C(=O)OCC1=CC=CC=C1,benzyl 2-methylpropanoate,benzyl isobutyrate,leffingwell,leffingwell_goodscents
178.23,CCCC(=O)OCC1=CC=CC=C1,benzyl butanoate,benzyl butyrate,leffingwell,leffingwell_goodscents
192.25,CC(C)CC(=O)OCC1=CC=CC=C1,benzyl 3-methylbutanoate,benzyl isovalerate,leffingwell,leffingwell_goodscents
164.2,CC(=O)OCCC1=CC=CC=C1,2-phenylethyl acetate,phenethyl acetate,leffingwell,leffingwell_goodscents
192.25,CC(C)C(=O)OCCC1=CC=CC=C1,2-phenylethyl 2-methylpropanoate,phenethyl isobutyrate,leffingwell,leffingwell_goodscents
198.26,C1=CC=C(C=C1)COCC2=CC=CC=C2,phenylmethoxymethylbenzene,dibenzyl ether,leffingwell,leffingwell_goodscents
192.25,CCCC(=O)OCCC1=CC=CC=C1,2-phenylethyl butanoate,phenethyl butyrate,leffingwell,leffingwell_goodscents
206.28,CC(C)C(=O)OCCCC1=CC=CC=C1,3-phenylpropyl 2-methylpropanoate,3-phenylpropyl isobutyrate,leffingwell,leffingwell_goodscents
122.16,CCOC1=CC=CC=C1,ethoxybenzene,phenetole,leffingwell,leffingwell_goodscents
134.17,CC(=O)CC1=CC=CC=C1,1-phenylpropan-2-one,phenylacetone,leffingwell,leffingwell_goodscents
178.23,CC1=CC=C(C=C1)OC(=O)C(C)C,(4-methylphenyl) 2-methylpropanoate,p-tolyl isobutyrate,leffingwell,leffingwell_goodscents
190.28,CC(C)C1=CC=C(C=C1)C(C)CC=O,3-(4-propan-2-ylphenyl)butanal,schembl1299325,leffingwell,leffingwell_goodscents
180.2,CC(=O)OCC1=CC=C(C=C1)OC,(4-methoxyphenyl)methyl acetate,4-methoxybenzyl acetate,leffingwell,leffingwell_goodscents
150.22,CCCC1=CC=C(C=C1)OC,1-methoxy-4-propylbenzene,4-propylanisole,leffingwell,leffingwell_goodscents
142.2,CCCCC1CCC(=O)O1,5-butyloxolan-2-one,gamma-octalactone,leffingwell,leffingwell_goodscents
134.17,C1=CC=C(C=C1)CCC=O,3-phenylpropanal,3-phenylpropanal,leffingwell,leffingwell_goodscents
136.15,C1=CC=C(C=C1)COC=O,benzyl formate,benzyl formate,leffingwell,leffingwell_goodscents
150.17,C1=CC=C(C=C1)CCOC=O,2-phenylethyl formate,2-phenylethyl formate,leffingwell,leffingwell_goodscents
130.23,CCCCC(CC)CO,2-ethylhexan-1-ol,2-ethylhexan-1-ol,leffingwell,leffingwell_goodscents
120.15,CC1=CC=C(C=C1)C=O,4-methylbenzaldehyde,p-tolualdehyde,leffingwell,leffingwell_goodscents
121.18,CCC1=CN=C(C=C1)C,5-ethyl-2-methylpyridine,5-ethyl-2-methylpyridine,leffingwell,leffingwell_goodscents
122.16,CC1=CC=C(C=C1)OC,1-methoxy-4-methylbenzene,4-methylanisole,leffingwell,leffingwell_goodscents
196.24,CC(C)COC(=O)CCC1=CC=CO1,2-methylpropyl 3-(furan-2-yl)propanoate,105-01-1,leffingwell,leffingwell_goodscents
138.16,COC1=CC=C(C=C1)CO,(4-methoxyphenyl)methanol,4-methoxybenzyl alcohol,leffingwell,leffingwell_goodscents
128.17,CCCC1CCC(=O)O1,5-propyloxolan-2-one,gamma-heptalactone,leffingwell,leffingwell_goodscents
102.17,CCCC(C)CO,2-methylpentan-1-ol,2-methyl-1-pentanol,leffingwell,leffingwell_goodscents
102.13,CCC(=O)OCC,ethyl propanoate,ethyl propionate,leffingwell,leffingwell_goodscents
116.16,CCC(C)CC(=O)O,3-methylpentanoic acid,3-methylvaleric acid,leffingwell,leffingwell_goodscents
116.11,CC(=O)CC(=O)OC,methyl 3-oxobutanoate,methyl acetoacetate,leffingwell,leffingwell_goodscents
116.16,CCC(C)OC(=O)C,butan-2-yl acetate,sec-butyl acetate,leffingwell,leffingwell_goodscents
160.17,CCOC(=O)CC(=O)OCC,diethyl propanedioate,diethyl malonate,leffingwell,leffingwell_goodscents
116.16,CCCC(=O)OCC,ethyl butanoate,ethyl butyrate,leffingwell,leffingwell_goodscents
118.17,CCOC(C)OCC,"1,1-diethoxyethane",acetal,leffingwell,leffingwell_goodscents
118.13,CCOC(=O)OCC,diethyl carbonate,diethyl carbonate,leffingwell,leffingwell_goodscents
113.16,C1CCC(=O)NCC1,azepan-2-one,azepan-2-one,leffingwell,leffingwell_goodscents
130.18,CCCC(=O)OCCC,propyl butanoate,propyl butyrate,leffingwell,leffingwell_goodscents
122.16,CC1=CC(=C(C=C1)O)C,"2,4-dimethylphenol","2,4-dimethylphenol",leffingwell,leffingwell_goodscents
144.21,CCC(=O)OCCC(C)C,3-methylbutyl propanoate,isoamyl propionate,leffingwell,leffingwell_goodscents
172.26,CCCCCC(=O)OCC(C)C,2-methylpropyl hexanoate,isobutyl hexanoate,leffingwell,leffingwell_goodscents
184.27,CC(CCC=C(C)C)CCOC=O,"3,7-dimethyloct-6-enyl formate",citronellyl formate,leffingwell,leffingwell_goodscents
212.33,CCC(=O)OCCC(C)CCCC(=C)C,"3,7-dimethyloct-7-enyl propanoate",rhodinyl propionate,leffingwell,leffingwell_goodscents
230.3,CCCOC(=O)CCCCC(=O)OCCC,dipropyl hexanedioate,dipropyl adipate,leffingwell,leffingwell_goodscents
158.28,CC(C)CCCC(C)CCO,"3,7-dimethyloctan-1-ol","3,7-dimethyloctan-1-ol",leffingwell,leffingwell_goodscents
156.26,C[C@@H](CCC=C(C)C)CCO,"(3S)-3,7-dimethyloct-6-en-1-ol",7540-51-4,leffingwell,leffingwell_goodscents
158.24,CCCC(=O)OCCC(C)C,3-methylbutyl butanoate,isoamyl butyrate,leffingwell,leffingwell_goodscents
158.24,CCCCCCC(=O)OCC,ethyl heptanoate,ethyl heptanoate,leffingwell,leffingwell_goodscents
172.26,CCCCCCCC(=O)OCC,ethyl octanoate,ethyl octanoate,leffingwell,leffingwell_goodscents
228.37,CCCCCCCCCCCC(=O)OCC,ethyl dodecanoate,ethyl dodecanoate,leffingwell,leffingwell_goodscents
114.19,CCCCC(=O)CC,heptan-3-one,3-heptanone,leffingwell,leffingwell_goodscents
116.16,CCCOC(=O)CC,propyl propanoate,propyl propionate,leffingwell,leffingwell_goodscents
146.14,COC(=O)CCC(=O)OC,dimethyl butanedioate,dimethyl succinate,leffingwell,leffingwell_goodscents
128.21,CCC(C)CC(=O)CC,5-methylheptan-3-one,5-methylheptan-3-one,leffingwell,leffingwell_goodscents
130.18,CCCCCC(=O)OC,methyl hexanoate,methyl hexanoate,leffingwell,leffingwell_goodscents
144.21,CCCCCCC(=O)OC,methyl heptanoate,methyl heptanoate,leffingwell,leffingwell_goodscents
230.3,COC(=O)CCCCCCCCC(=O)OC,dimethyl decanedioate,dimethyl sebacate,leffingwell,leffingwell_goodscents
56.06,C=CC=O,prop-2-enal,acrolein,leffingwell,leffingwell_goodscents
76.16,CCCS,propane-1-thiol,1-propanethiol,leffingwell,leffingwell_goodscents
59.11,CCCN,propan-1-amine,propylamine,leffingwell,leffingwell_goodscents
58.08,C=CCO,prop-2-en-1-ol,allyl alcohol,leffingwell,leffingwell_goodscents
58.04,C(=O)C=O,oxaldehyde,glyoxal,leffingwell,leffingwell_goodscents
60.05,COC=O,methyl formate,methyl formate,leffingwell,leffingwell_goodscents
172.26,CC(CCCC(C)(C)O)CC=O,"7-hydroxy-3,7-dimethyloctanal",hydroxycitronellal,leffingwell,leffingwell_goodscents
87.16,CC(C)CCN,3-methylbutan-1-amine,isoamylamine,leffingwell,leffingwell_goodscents
86.13,CCCC(=O)C,pentan-2-one,2-pentanone,leffingwell,leffingwell_goodscents
90.12,CC(COC)O,1-methoxypropan-2-ol,1-methoxy-2-propanol,leffingwell,leffingwell_goodscents
100.16,CC(C)CC(=O)C,4-methylpentan-2-one,4-methyl-2-pentanone,leffingwell,leffingwell_goodscents
102.17,CC(C)CC(C)O,4-methylpentan-2-ol,4-methyl-2-pentanol,leffingwell,leffingwell_goodscents
102.13,CC(C)OC(=O)C,propan-2-yl acetate,isopropyl acetate,leffingwell,leffingwell_goodscents
100.12,CC(=C)OC(=O)C,prop-1-en-2-yl acetate,isopropenyl acetate,leffingwell,leffingwell_goodscents
100.12,CC1CCC(=O)O1,5-methyloxolan-2-one,gamma-valerolactone,leffingwell,leffingwell_goodscents
107.15,CC1=CC(=NC=C1)C,"2,4-dimethylpyridine","2,4-lutidine",leffingwell,leffingwell_goodscents
107.15,CC1=NC(=CC=C1)C,"2,6-dimethylpyridine","2,6-dimethylpyridine",leffingwell,leffingwell_goodscents
108.14,CC1=CN=CC(=N1)C,"2,6-dimethylpyrazine","2,6-dimethylpyrazine",leffingwell,leffingwell_goodscents
132.11,COC(=O)CC(=O)OC,dimethyl propanedioate,dimethyl malonate,leffingwell,leffingwell_goodscents
130.18,CCOC(=O)CC(C)C,ethyl 3-methylbutanoate,ethyl isovalerate,leffingwell,leffingwell_goodscents
122.16,CC1=CC(=CC(=C1)O)C,"3,5-dimethylphenol","3,5-dimethylphenol",leffingwell,leffingwell_goodscents
121.18,CC1=CC(=NC(=C1)C)C,"2,4,6-trimethylpyridine","2,4,6-trimethylpyridine",leffingwell,leffingwell_goodscents
144.25,CC(C)CC(CC(C)C)O,"2,6-dimethylheptan-4-ol","2,6-dimethylheptan-4-ol",leffingwell,leffingwell_goodscents
142.24,CC(C)CC(=O)CC(C)C,"2,6-dimethylheptan-4-one","2,6-dimethyl-4-heptanone",leffingwell,leffingwell_goodscents
144.21,CC(C)CC(C)OC(=O)C,4-methylpentan-2-yl acetate,"1,3-dimethylbutyl acetate",leffingwell,leffingwell_goodscents
93.13,CC1=CC=NC=C1,4-methylpyridine,4-methylpyridine,leffingwell,leffingwell_goodscents
100.16,C1CCC(CC1)O,cyclohexanol,cyclohexanol,leffingwell,leffingwell_goodscents
98.14,C1CCC(=O)CC1,cyclohexanone,cyclohexanone,leffingwell,leffingwell_goodscents
110.18,C1=CC=C(C=C1)S,benzenethiol,benzenethiol,leffingwell,leffingwell_goodscents
93.13,CC1=CN=CC=C1,3-methylpyridine,3-methylpyridine,leffingwell,leffingwell_goodscents
99.17,CC1CCCCN1,2-methylpiperidine,2-methylpiperidine,leffingwell,leffingwell_goodscents
93.13,CC1=CC=CC=N1,2-methylpyridine,2-methylpyridine,leffingwell,leffingwell_goodscents
94.11,CC1=NC=CN=C1,2-methylpyrazine,2-methylpyrazine,leffingwell,leffingwell_goodscents
158.24,CCCCOC(=O)CC(C)C,butyl 3-methylbutanoate,butyl isovalerate,leffingwell,leffingwell_goodscents
144.21,CCCCOC(=O)CCC,butyl butanoate,butyl butyrate,leffingwell,leffingwell_goodscents
254.41,C1CCCCCCCC(=O)OCCCCCCC1,oxacycloheptadecan-2-one,16-hexadecanolide,leffingwell,leffingwell_goodscents
314.5,CCCCOC(=O)CCCCCCCCC(=O)OCCCC,dibutyl decanedioate,dibutyl sebacate,leffingwell,leffingwell_goodscents
98.14,CC(=O)CCC=C,hex-5-en-2-one,5-hexen-2-one,leffingwell,leffingwell_goodscents
102.13,CCCCC(=O)O,pentanoic acid,valeric acid,leffingwell,leffingwell_goodscents
102.13,CCCOC(=O)C,propyl acetate,propyl acetate,leffingwell,leffingwell_goodscents
73.14,CCCCN,butan-1-amine,butylamine,leffingwell,leffingwell_goodscents
90.19,CCCCS,butane-1-thiol,1-butanethiol,leffingwell,leffingwell_goodscents
108.23,C(CS)CS,"propane-1,3-dithiol","1,3-propanedithiol",leffingwell,leffingwell_goodscents
76.09,COCOC,dimethoxymethane,dimethoxymethane,leffingwell,leffingwell_goodscents
73.14,CCNCC,N-ethylethanamine,diethylamine,leffingwell,leffingwell_goodscents
74.08,CCOC=O,ethyl formate,ethyl formate,leffingwell,leffingwell_goodscents
75.07,CCON=O,ethyl nitrite,ethyl nitrite,leffingwell,leffingwell_goodscents
67.09,C1=CNC=C1,1H-pyrrole,pyrrole,leffingwell,leffingwell_goodscents
68.07,C1=COC=C1,furan,furan,leffingwell,leffingwell_goodscents
84.14,C1=CSC=C1,thiophene,thiophene,leffingwell,leffingwell_goodscents
114.19,CC(C)CCC(=O)C,5-methylhexan-2-one,5-methyl-2-hexanone,leffingwell,leffingwell_goodscents
114.14,CC(=O)CCC(=O)C,"hexane-2,5-dione","2,5-hexanedione",leffingwell,leffingwell_goodscents
116.16,CC(C)COC(=O)C,2-methylpropyl acetate,isobutyl acetate,leffingwell,leffingwell_goodscents
270.5,CCCCCCCCCCCCCC(=O)OC(C)C,propan-2-yl tetradecanoate,isopropyl myristate,leffingwell,leffingwell_goodscents
284.5,CCCCCCCCCCCCCC(=O)OCCCC,butyl tetradecanoate,butyl myristate,leffingwell,leffingwell_goodscents
200.32,CCCCCCCCCC(=O)OCC,ethyl decanoate,ethyl decanoate,leffingwell,leffingwell_goodscents
258.35,CCOC(=O)CCCCCCCCC(=O)OCC,diethyl decanedioate,diethyl decanedioate,leffingwell,leffingwell_goodscents
186.29,CCCCCCCCCC(=O)OC,methyl decanoate,methyl decanoate,leffingwell,leffingwell_goodscents
114.19,CCCCCC(=O)C,heptan-2-one,2-heptanone,leffingwell,leffingwell_goodscents
116.16,CC(C)CCOC=O,3-methylbutyl formate,isopentyl formate,leffingwell,leffingwell_goodscents
87.16,CCCCCN,pentan-1-amine,amylamine,leffingwell,leffingwell_goodscents
86.13,CCCCC=O,pentanal,pentanal,leffingwell,leffingwell_goodscents
104.22,CCCCCS,pentane-1-thiol,1-pentanethiol,leffingwell,leffingwell_goodscents
90.12,COCCOC,"1,2-dimethoxyethane","1,2-dimethoxyethane",leffingwell,leffingwell_goodscents
88.11,CCCOC=O,propyl formate,propyl formate,leffingwell,leffingwell_goodscents
106.19,CCSCCO,2-ethylsulfanylethanol,2-(ethylthio)ethanol,leffingwell,leffingwell_goodscents
122.3,CCSSCC,(ethyldisulfanyl)ethane,diethyl disulfide,leffingwell,leffingwell_goodscents
84.16,C1CCCCC1,cyclohexane,cyclohexane,leffingwell,leffingwell_goodscents
85.15,C1CCNCC1,piperidine,piperidine,leffingwell,leffingwell_goodscents
312.5,CCCCCCCCCCCCCCCC(=O)OCCCC,butyl hexadecanoate,butyl palmitate,leffingwell,leffingwell_goodscents
158.24,CCCCCCCC(=O)OC,methyl octanoate,methyl octanoate,leffingwell,leffingwell_goodscents
154.21,CCCCCC#CC(=O)OC,methyl oct-2-ynoate,methyl 2-octynoate,leffingwell,leffingwell_goodscents
128.21,CCCCCCC(=O)C,octan-2-one,2-octanone,leffingwell,leffingwell_goodscents
130.18,CCCCCCC(=O)O,heptanoic acid,heptanoic acid,leffingwell,leffingwell_goodscents
132.16,CCOCCOC(=O)C,2-ethoxyethyl acetate,2-ethoxyethyl acetate,leffingwell,leffingwell_goodscents
101.19,CCCCCCN,hexan-1-amine,hexylamine,leffingwell,leffingwell_goodscents
102.17,CCCCCCO,hexan-1-ol,1-hexanol,leffingwell,leffingwell_goodscents
118.24,CCCCCCS,hexane-1-thiol,1-hexanethiol,leffingwell,leffingwell_goodscents
102.13,C=CCOCCO,2-prop-2-enoxyethanol,2-allyloxyethanol,leffingwell,leffingwell_goodscents
118.24,CCCSCCC,1-propylsulfanylpropane,dipropyl sulfide,leffingwell,leffingwell_goodscents
146.14,CC(=O)OCCOC(=O)C,2-acetyloxyethyl acetate,ethylene glycol diacetate,leffingwell,leffingwell_goodscents
312.5,CCCCCCCCCCCCCCCCCC(=O)OCC,ethyl octadecanoate,ethyl stearate,leffingwell,leffingwell_goodscents
112.21,CCCCCCC=C,oct-1-ene,1-octene,leffingwell,leffingwell_goodscents
116.2,CCCCCCCO,heptan-1-ol,1-heptanol,leffingwell,leffingwell_goodscents
114.19,CCCCCCC=O,heptanal,heptanal,leffingwell,leffingwell_goodscents
118.17,CCCCOCCO,2-butoxyethanol,2-butoxyethanol,leffingwell,leffingwell_goodscents
168.23,CCCCCCC#CC(=O)OC,methyl non-2-ynoate,methyl 2-nonynoate,leffingwell,leffingwell_goodscents
198.3,COC(=O)CCCCCCCCC=C,methyl undec-10-enoate,methyl undec-10-enoate,leffingwell,leffingwell_goodscents
128.25,CCCCCCCCC,nonane,nonane,leffingwell,leffingwell_goodscents
146.3,CCCCCCCCS,octane-1-thiol,1-octanethiol,leffingwell,leffingwell_goodscents
158.24,CCCCCCCCC(=O)O,nonanoic acid,nonanoic acid,leffingwell,leffingwell_goodscents
158.24,CCCCCCCOC(=O)C,heptyl acetate,heptyl acetate,leffingwell,leffingwell_goodscents
160.21,CCCCOCCOC(=O)C,2-butoxyethyl acetate,2-butoxyethyl acetate,leffingwell,leffingwell_goodscents
170.29,CCCCCCCCCC(=O)C,undecan-2-one,2-undecanone,leffingwell,leffingwell_goodscents
172.26,CCCCCCCCOC(=O)C,octyl acetate,octyl acetate,leffingwell,leffingwell_goodscents
200.32,CCCCCCCCCCOC(=O)C,decyl acetate,decyl acetate,leffingwell,leffingwell_goodscents
144.21,CCCCCCCOC=O,heptyl formate,heptyl formate,leffingwell,leffingwell_goodscents
158.28,CCCCCCCCCCO,decan-1-ol,1-decanol,leffingwell,leffingwell_goodscents
156.26,CCCCCCCCCC=O,decanal,decanal,leffingwell,leffingwell_goodscents
158.24,CCCCCCCCOC=O,octyl formate,octyl formate,leffingwell,leffingwell_goodscents
186.29,CCCCCCCCCCC(=O)O,undecanoic acid,undecanoic acid,leffingwell,leffingwell_goodscents
270.5,CCCCCCCCCCCCCCCC(=O)OC,methyl hexadecanoate,methyl palmitate,leffingwell,leffingwell_goodscents
170.33,CCCCCCCCCCCC,dodecane,dodecane,leffingwell,leffingwell_goodscents
168.32,CCCCCCCCCCC=C,dodec-1-ene,1-dodecene,leffingwell,leffingwell_goodscents
172.31,CCCCCCCCCCCO,undecan-1-ol,1-undecanol,leffingwell,leffingwell_goodscents
170.29,C=CCCCCCCCCCO,undec-10-en-1-ol,10-undecen-1-ol,leffingwell,leffingwell_goodscents
170.29,CCCCCCCCCCC=O,undecanal,undecanal,leffingwell,leffingwell_goodscents
168.28,C=CCCCCCCCCC=O,undec-10-enal,10-undecenal,leffingwell,leffingwell_goodscents
206.4,CCCCCSSCCCCC,1-(pentyldisulfanyl)pentane,112-51-6,leffingwell,leffingwell_goodscents
186.33,CCCCCCCCCCCCO,dodecan-1-ol,1-dodecanol,leffingwell,leffingwell_goodscents
184.32,CCCCCCCCCCCC=O,dodecanal,dodecanal,leffingwell,leffingwell_goodscents
202.4,CCCCCCCCCCCCS,dodecane-1-thiol,1-dodecanethiol,leffingwell,leffingwell_goodscents
298.5,CCCCCCCCCCCCCCCCCC(=O)OC,methyl octadecanoate,methyl stearate,leffingwell,leffingwell_goodscents
228.37,CCCCCCCCCCCCOC(=O)C,dodecyl acetate,dodecyl acetate,leffingwell,leffingwell_goodscents
200.36,CCCCCCCCCCCCCO,tridecan-1-ol,1-tridecanol,leffingwell,leffingwell_goodscents
214.39,CCCCCCCCCCCCCCO,tetradecan-1-ol,1-tetradecanol,leffingwell,leffingwell_goodscents
270.5,CCCCCCCCCCCCCCCCCCO,octadecan-1-ol,stearyl alcohol,leffingwell,leffingwell_goodscents
282.5,CCCCCCCCCCCCCCCCCCCC,icosane,eicosane,leffingwell,leffingwell_goodscents
86.13,CC(C)(C=C)O,2-methylbut-3-en-2-ol,2-methyl-3-buten-2-ol,leffingwell,leffingwell_goodscents
196.29,CC(=CCCC(C)(C=C)OC(=O)C)C,"3,7-dimethylocta-1,6-dien-3-yl acetate",linalyl acetate,leffingwell,leffingwell_goodscents
142.24,CC1CC(CC(C1)(C)C)O,"3,3,5-trimethylcyclohexan-1-ol","3,3,5-trimethylcyclohexanol",leffingwell,leffingwell_goodscents
74.08,CC(=O)CO,1-hydroxypropan-2-one,hydroxyacetone,leffingwell,leffingwell_goodscents
102.13,CCC(C)C(=O)O,2-methylbutanoic acid,2-methylbutanoic acid,leffingwell,leffingwell_goodscents
262.4,CC1CC(C=C(C2C1CC(=C(C)C)C2)C)OC(=O)C,"(4,8-dimethyl-2-propan-2-ylidene-3,3a,4,5,6,8a-hexahydro-1H-azulen-6-yl) acetate",vetiveryl acetate,leffingwell,leffingwell_goodscents
214.22,C1=CC=C(C=C1)OC(=O)C2=CC=CC=C2O,phenyl 2-hydroxybenzoate,phenyl salicylate,leffingwell,leffingwell_goodscents
262.34,CC1CC(CC(C1)(C)C)OC(=O)C2=CC=CC=C2O,"(3,3,5-trimethylcyclohexyl) 2-hydroxybenzoate",homosalate,leffingwell,leffingwell_goodscents
228.24,C1=CC=C(C=C1)COC(=O)C2=CC=CC=C2O,benzyl 2-hydroxybenzoate,benzyl salicylate,leffingwell,leffingwell_goodscents
250.33,CCCCC(CC)COC(=O)C1=CC=CC=C1O,2-ethylhexyl 2-hydroxybenzoate,2-ethylhexyl salicylate,leffingwell,leffingwell_goodscents
166.17,CCOC(=O)C1=CC=CC=C1O,ethyl 2-hydroxybenzoate,ethyl salicylate,leffingwell,leffingwell_goodscents
126.11,CC1=C(C(=O)C=CO1)O,3-hydroxy-2-methylpyran-4-one,maltol,leffingwell,leffingwell_goodscents
136.15,CC(=O)C1=CC=CC=C1O,1-(2-hydroxyphenyl)ethanone,2'-hydroxyacetophenone,leffingwell,leffingwell_goodscents
212.24,C1=CC=C(C=C1)C(C(=O)C2=CC=CC=C2)O,"2-hydroxy-1,2-diphenylethanone",benzoin,leffingwell,leffingwell_goodscents
129.16,C1=CC=C2C=NC=CC2=C1,isoquinoline,isoquinoline,leffingwell,leffingwell_goodscents
166.17,COC1=C(C=C(C=C1)C=O)OC,"3,4-dimethoxybenzaldehyde","3,4-dimethoxybenzaldehyde",leffingwell,leffingwell_goodscents
178.23,CCC(=O)OC(C)C1=CC=CC=C1,1-phenylethyl propanoate,1-phenylethyl propionate,leffingwell,leffingwell_goodscents
150.13,C1OC2=C(O1)C=C(C=C2)C=O,"1,3-benzodioxole-5-carbaldehyde",piperonal,leffingwell,leffingwell_goodscents
149.21,CC1=NC2=CC=CC=C2S1,"2-methyl-1,3-benzothiazole",2-methylbenzothiazole,leffingwell,leffingwell_goodscents
84.12,C1CCC(=O)C1,cyclopentanone,cyclopentanone,leffingwell,leffingwell_goodscents
85.15,CN1CCCC1,1-methylpyrrolidine,1-methylpyrrolidine,leffingwell,leffingwell_goodscents
166.17,CCOC1=C(C=CC(=C1)C=O)O,3-ethoxy-4-hydroxybenzaldehyde,3-ethoxy-4-hydroxybenzaldehyde,leffingwell,leffingwell_goodscents
168.15,COC1=C(C=CC(=C1)C(=O)O)O,4-hydroxy-3-methoxybenzoic acid,vanillic acid,leffingwell,leffingwell_goodscents
192.21,CCOC(=O)C1C(O1)C2=CC=CC=C2,ethyl 3-phenyloxirane-2-carboxylate,ethyl 3-phenylglycidate,leffingwell,leffingwell_goodscents
101.19,CCN(CC)CC,"N,N-diethylethanamine",triethylamine,leffingwell,leffingwell_goodscents
166.17,COC1=CC=C(C=C1)C(=O)OC,methyl 4-methoxybenzoate,methyl 4-methoxybenzoate,leffingwell,leffingwell_goodscents
134.17,CC1=CC=C(C=C1)C(=O)C,1-(4-methylphenyl)ethanone,4'-methylacetophenone,leffingwell,leffingwell_goodscents
151.16,COC(=O)C1=CC=CC=C1N,methyl 2-aminobenzoate,methyl anthranilate,leffingwell,leffingwell_goodscents
182.17,COC1=CC(=CC(=C1O)OC)C=O,"4-hydroxy-3,5-dimethoxybenzaldehyde",syringaldehyde,leffingwell,leffingwell_goodscents
136.15,COC1=CC=CC=C1C=O,2-methoxybenzaldehyde,2-methoxybenzaldehyde,leffingwell,leffingwell_goodscents
144.21,CCCCC(CC)C(=O)O,2-ethylhexanoic acid,2-ethylhexanoic acid,leffingwell,leffingwell_goodscents
178.23,CCCCOC(=O)C1=CC=CC=C1,butyl benzoate,butyl benzoate,leffingwell,leffingwell_goodscents
124.21,CC1=CC=CC=C1S,2-methylbenzenethiol,2-methylbenzenethiol,leffingwell,leffingwell_goodscents
88.15,CCC(C)CO,2-methylbutan-1-ol,2-methyl-1-butanol,leffingwell,leffingwell_goodscents
146.18,CCCCOC(=O)C(C)O,butyl 2-hydroxypropanoate,butyl lactate,leffingwell,leffingwell_goodscents
154.25,CC(=C)C1CCC(CC1)(C)O,1-methyl-4-prop-1-en-2-ylcyclohexan-1-ol,beta-terpineol,leffingwell,leffingwell_goodscents
260.28,CCC(=O)OCC(COC(=O)CC)OC(=O)CC,"2,3-di(propanoyloxy)propyl propanoate",tripropionin,leffingwell,leffingwell_goodscents
274.4,CC(CCC=C(C)C)CCOC(=O)CC1=CC=CC=C1,"3,7-dimethyloct-6-enyl 2-phenylacetate",citronellyl phenylacetate,leffingwell,leffingwell_goodscents
138.12,C1=CC(=C(C=C1C=O)O)O,"3,4-dihydroxybenzaldehyde","3,4-dihydroxybenzaldehyde",leffingwell,leffingwell_goodscents
150.17,CC(=O)OCC1=CC=CC=C1,benzyl acetate,benzyl acetate,leffingwell,leffingwell_goodscents
290.4,CCCCCCCCCCCC(=O)OCC1=CC=CC=C1,benzyl dodecanoate,benzyl laurate,leffingwell,leffingwell_goodscents
206.28,CC(C)CC(=O)OCCC1=CC=CC=C1,2-phenylethyl 3-methylbutanoate,140-26-1,leffingwell,leffingwell_goodscents
150.17,CC1=CC=C(C=C1)OC(=O)C,(4-methylphenyl) acetate,p-tolyl acetate,leffingwell,leffingwell_goodscents
148.2,COC1=CC=C(C=C1)CC=C,1-methoxy-4-prop-2-enylbenzene,estragole,leffingwell,leffingwell_goodscents
100.12,CCOC(=O)C=C,ethyl prop-2-enoate,ethyl acrylate,leffingwell,leffingwell_goodscents
230.3,CCCCOC(=O)CCC(=O)OCCCC,dibutyl butanedioate,dibutyl succinate,leffingwell,leffingwell_goodscents
258.35,CC(C)COC(=O)CCCCC(=O)OCC(C)C,bis(2-methylpropyl) hexanedioate,diisobutyl adipate,leffingwell,leffingwell_goodscents
198.3,CC(CCCC(=C)C)CCOC(=O)C,"3,7-dimethyloct-7-enyl acetate",rhodinyl acetate,leffingwell,leffingwell_goodscents
212.33,CCC(=O)OCCC(C)CCC=C(C)C,"3,7-dimethyloct-6-enyl propanoate",citronellyl propionate,leffingwell,leffingwell_goodscents
226.35,CCCC(=O)OCCC(C)CCC=C(C)C,"3,7-dimethyloct-6-enyl butanoate",citronellyl butyrate,leffingwell,leffingwell_goodscents
202.25,CCOC(=O)CCCCC(=O)OCC,diethyl hexanedioate,diethyl adipate,leffingwell,leffingwell_goodscents
88.11,CCOC(=O)C,ethyl acetate,ethyl acetate,leffingwell,leffingwell_goodscents
98.14,CC(=CC(=O)C)C,4-methylpent-3-en-2-one,mesityl oxide,leffingwell,leffingwell_goodscents
218.33,CC(CCCC(C)(C)O)CC(OC)OC,"8,8-dimethoxy-2,6-dimethyloctan-2-ol","8,8-dimethoxy-2,6-dimethyloctan-2-ol",leffingwell,leffingwell_goodscents
130.14,CCOC(=O)CC(=O)C,ethyl 3-oxobutanoate,ethyl acetoacetate,leffingwell,leffingwell_goodscents
95.1,C1=CC(=O)NC=C1,1H-pyridin-2-one,2-hydroxypyridine,leffingwell,leffingwell_goodscents
170.25,CCCCCCC(=O)OCC=C,prop-2-enyl heptanoate,allyl heptanoate,leffingwell,leffingwell_goodscents
116.16,CCCCCC(=O)O,hexanoic acid,hexanoic acid,leffingwell,leffingwell_goodscents
298.5,CCCCCCCCCCCCCCCC(=O)OC(C)C,propan-2-yl hexadecanoate,isopropyl palmitate,leffingwell,leffingwell_goodscents
144.21,CCCCCCOC(=O)C,hexyl acetate,hexyl acetate,leffingwell,leffingwell_goodscents
130.23,CCCCOCCCC,1-butoxybutane,dibutyl ether,leffingwell,leffingwell_goodscents
144.25,CCCCCCCCCO,nonan-1-ol,1-nonanol,leffingwell,leffingwell_goodscents
186.29,CCCCCCCCCOC(=O)C,nonyl acetate,nonyl acetate,leffingwell,leffingwell_goodscents
152.15,COC1=CC=CC(=C1O)C=O,2-hydroxy-3-methoxybenzaldehyde,2-hydroxy-3-methoxybenzaldehyde,leffingwell,leffingwell_goodscents
124.14,COC1=CC=CC(=C1)O,3-methoxyphenol,3-methoxyphenol,leffingwell,leffingwell_goodscents
246.4,C1=CC=C(C=C1)CSSCC2=CC=CC=C2,(benzyldisulfanyl)methylbenzene,dibenzyl disulfide,leffingwell,leffingwell_goodscents
124.14,COC1=CC=C(C=C1)O,4-methoxyphenol,4-methoxyphenol,leffingwell,leffingwell_goodscents
138.16,COC1=CC=C(C=C1)OC,"1,4-dimethoxybenzene","1,4-dimethoxybenzene",leffingwell,leffingwell_goodscents
198.3,CC(CCC=C(C)C)CCOC(=O)C,"3,7-dimethyloct-6-enyl acetate",citronellyl acetate,leffingwell,leffingwell_goodscents
192.25,CC(=O)OC(C)(C)CC1=CC=CC=C1,(2-methyl-1-phenylpropan-2-yl) acetate,dimethylbenzylcarbinyl acetate,leffingwell,leffingwell_goodscents
138.16,COC1=CC(=CC=C1)OC,"1,3-dimethoxybenzene","1,3-dimethoxybenzene",leffingwell,leffingwell_goodscents
158.28,CCC(C)CCC(C)(CC)O,"3,6-dimethyloctan-3-ol","3,6-dimethyloctan-3-ol",leffingwell,leffingwell_goodscents
85.13,C1=CSC=N1,"1,3-thiazole",thiazole,leffingwell,leffingwell_goodscents
124.3,C1SCSS1,"1,2,4-trithiolane","1,2,4-trithiolane",leffingwell,leffingwell_goodscents
80.09,C1=CN=CC=N1,pyrazine,pyrazine,leffingwell,leffingwell_goodscents
194.18,CC(=O)OCC1=CC2=C(C=C1)OCO2,"1,3-benzodioxol-5-ylmethyl acetate",piperonyl acetate,leffingwell,leffingwell_goodscents
121.14,CC(=O)C1=CN=CC=C1,1-pyridin-3-ylethanone,3-acetylpyridine,leffingwell,leffingwell_goodscents
90.19,CCSCC,ethylsulfanylethane,diethyl sulfide,leffingwell,leffingwell_goodscents
126.2,CC(=CCCC(=O)C)C,6-methylhept-5-en-2-one,6-methyl-5-hepten-2-one,leffingwell,leffingwell_goodscents
60.12,C1CS1,thiirane,thiirane,leffingwell,leffingwell_goodscents
152.23,CC1=C(C(CCC1)(C)C)C=O,"2,6,6-trimethylcyclohexene-1-carbaldehyde",beta-cyclocitral,leffingwell,leffingwell_goodscents
104.15,CCOCOCC,ethoxymethoxyethane,diethoxymethane,leffingwell,leffingwell_goodscents
102.17,CC(C(C)(C)C)O,"3,3-dimethylbutan-2-ol","3,3-dimethyl-2-butanol",leffingwell,leffingwell_goodscents
154.25,CC(C)C12CCC(O1)(CC2)C,1-methyl-4-propan-2-yl-7-oxabicyclo[2.2.1]heptane,"1,4-cineole",leffingwell,leffingwell_goodscents
204.35,CC1=CC2C(CCC(=C2CC1)C)C(C)C,"4,7-dimethyl-1-propan-2-yl-1,2,3,5,6,8a-hexahydronaphthalene","cadina-1(10),4-diene",leffingwell,leffingwell_goodscents
208.25,COC1=CC(=CC(=C1OC)OC)CC=C,"1,2,3-trimethoxy-5-prop-2-enylbenzene",elemicin,leffingwell,leffingwell_goodscents
154.25,CC1=CC(C(CC1)C(C)C)O,3-methyl-6-propan-2-ylcyclohex-2-en-1-ol,p-menth-1-en-3-ol,leffingwell,leffingwell_goodscents
143.18,CC1=CC=NC2=CC=CC=C12,4-methylquinoline,lepidine,leffingwell,leffingwell_goodscents
150.17,CC(C1=CC=CC=C1)C(=O)O,2-phenylpropanoic acid,2-phenylpropionic acid,leffingwell,leffingwell_goodscents
148.2,CCCC(=O)C1=CC=CC=C1,1-phenylbutan-1-one,butyrophenone,leffingwell,leffingwell_goodscents
152.15,C1OC2=C(O1)C=C(C=C2)CO,"1,3-benzodioxol-5-ylmethanol",piperonyl alcohol,leffingwell,leffingwell_goodscents
120.15,C1COC2=CC=CC=C21,"2,3-dihydro-1-benzofuran","2,3-dihydrobenzofuran",leffingwell,leffingwell_goodscents
84.07,C1C=CC(=O)O1,2H-furan-5-one,2(5h)-furanone,leffingwell,leffingwell_goodscents
156.26,CC1CCC(CC1)C(C)(C)O,2-(4-methylcyclohexyl)propan-2-ol,dihydroterpineol,leffingwell,leffingwell_goodscents
154.25,CC1CCC(CC1=O)C(C)C,2-methyl-5-propan-2-ylcyclohexan-1-one,carvomenthone,leffingwell,leffingwell_goodscents
150.22,CC1=C(C=C(C=C1)C(C)C)O,2-methyl-5-propan-2-ylphenol,carvacrol,leffingwell,leffingwell_goodscents
138.16,C1=CC(=CC=C1CCO)O,4-(2-hydroxyethyl)phenol,2-(4-hydroxyphenyl)ethanol,leffingwell,leffingwell_goodscents
282.5,CCCCCCCCCCCCCCC1CCC(=O)O1,5-tetradecyloxolan-2-one,gamma-stearolactone,leffingwell,leffingwell_goodscents
112.17,C1CCCC(=O)CC1,cycloheptanone,cycloheptanone,leffingwell,leffingwell_goodscents
170.25,CC(CCC=C(C)C)CC(=O)O,"3,7-dimethyloct-6-enoic acid",citronellic acid,leffingwell,leffingwell_goodscents
142.24,CCCCC(=O)CCCC,nonan-5-one,5-nonanone,leffingwell,leffingwell_goodscents
268.5,CC(C)CCCC(C)CCCC(C)CCCC(=O)C,"6,10,14-trimethylpentadecan-2-one",502-69-2,leffingwell,leffingwell_goodscents
102.13,CC(C)CC(=O)O,3-methylbutanoic acid,isovaleric acid,leffingwell,leffingwell_goodscents
106.19,CSCCCO,3-methylsulfanylpropan-1-ol,methionol,leffingwell,leffingwell_goodscents
120.2,C1CSCCS1,"1,4-dithiane","1,4-dithiane",leffingwell,leffingwell_goodscents
296.5,CC(C)CCCC(C)CCCC(C)CCCC(C)(C=C)O,"3,7,11,15-tetramethylhexadec-1-en-3-ol",isophytol,leffingwell,leffingwell_goodscents
98.14,CCCC=CC=O,hex-2-enal,hexenal,leffingwell,leffingwell_goodscents
270.5,CCCCCCCCCCCCCCCCC(=O)O,heptadecanoic acid,heptadecanoic acid,leffingwell,leffingwell_goodscents
76.12,CC(=O)S,ethanethioic S-acid,thioacetic acid,leffingwell,leffingwell_goodscents
90.19,CC(C)CS,2-methylpropane-1-thiol,isobutyl mercaptan,leffingwell,leffingwell_goodscents
90.19,CCC(C)S,butane-2-thiol,2-butanethiol,leffingwell,leffingwell_goodscents
152.23,CC1(C2CC=C(C1C2)CO)C,"(6,6-dimethyl-2-bicyclo[3.1.1]hept-2-enyl)methanol",myrtenol,leffingwell,leffingwell_goodscents
204.35,CC(=C)C1CCC(C(C1)C(=C)C)(C)C=C,"1-ethenyl-1-methyl-2,4-bis(prop-1-en-2-yl)cyclohexane","1-ethenyl-1-methyl-2,4-bis(prop-1-en-2-yl)cyclohexane",leffingwell,leffingwell_goodscents
222.24,COC1=C2C(=C(C(=C1)CC=C)OC)OCO2,"4,7-dimethoxy-5-prop-2-enyl-1,3-benzodioxole",apiole,leffingwell,leffingwell_goodscents
122.16,CC1=C(C(=CC=C1)O)C,"2,3-dimethylphenol","2,3-dimethylphenol",leffingwell,leffingwell_goodscents
136.19,CC1=CC(=C(C(=C1)C)O)C,"2,4,6-trimethylphenol","2,4,6-trimethylphenol",leffingwell,leffingwell_goodscents
120.15,CC1=CC=CC=C1C=O,2-methylbenzaldehyde,2-methylbenzaldehyde,leffingwell,leffingwell_goodscents
184.19,COC1=CC(=CC(=C1O)OC)CO,"4-(hydroxymethyl)-2,6-dimethoxyphenol","4-hydroxy-3,5-dimethoxybenzyl alcohol",leffingwell,leffingwell_goodscents
198.17,COC1=CC(=CC(=C1O)OC)C(=O)O,"4-hydroxy-3,5-dimethoxybenzoic acid",syringic acid,leffingwell,leffingwell_goodscents
150.17,CC1=CC=CC=C1OC(=O)C,(2-methylphenyl) acetate,o-tolyl acetate,leffingwell,leffingwell_goodscents
90.12,CC(OC)OC,"1,1-dimethoxyethane","1,1-dimethoxyethane",leffingwell,leffingwell_goodscents
82.1,CC1=CC=CO1,2-methylfuran,2-methylfuran,leffingwell,leffingwell_goodscents
136.19,CC1=CC=C(C=C1)C(C)O,1-(4-methylphenyl)ethanol,1-(4-methylphenyl)ethanol,leffingwell,leffingwell_goodscents
152.23,CC(=C)C1CCC(=CC1)CO,(4-prop-1-en-2-ylcyclohexen-1-yl)methanol,perillyl alcohol,leffingwell,leffingwell_goodscents
107.15,CCC1=CC=NC=C1,4-ethylpyridine,4-ethylpyridine,leffingwell,leffingwell_goodscents
107.15,CCC1=CN=CC=C1,3-ethylpyridine,3-ethylpyridine,leffingwell,leffingwell_goodscents
122.16,COCC1=CC=CC=C1,methoxymethylbenzene,benzyl methyl ether,leffingwell,leffingwell_goodscents
136.19,CCOCC1=CC=CC=C1,ethoxymethylbenzene,(ethoxymethyl)benzene,leffingwell,leffingwell_goodscents
135.21,CCCCC1=CN=CC=C1,3-butylpyridine,3-butylpyridine,leffingwell,leffingwell_goodscents
130.18,CCCCC(=O)OCC,ethyl pentanoate,ethyl pentanoate,leffingwell,leffingwell_goodscents
144.17,CCOC(=O)CCC(=O)C,ethyl 4-oxopentanoate,ethyl levulinate,leffingwell,leffingwell_goodscents
144.21,CCCC(=O)OCC(C)C,2-methylpropyl butanoate,isobutyl butyrate,leffingwell,leffingwell_goodscents
186.29,CCCCCC(=O)OCCCCC,pentyl hexanoate,pentyl hexanoate,leffingwell,leffingwell_goodscents
130.18,CCC(=O)OCC(C)C,2-methylpropyl propanoate,isobutyl propionate,leffingwell,leffingwell_goodscents
94.2,C(CS)S,"ethane-1,2-dithiol","1,2-ethanedithiol",leffingwell,leffingwell_goodscents
104.22,CC(C)CCS,3-methylbutane-1-thiol,3-methyl-1-butanethiol,leffingwell,leffingwell_goodscents
100.12,CC(=CC(=O)O)C,3-methylbut-2-enoic acid,"3,3-dimethylacrylic acid",leffingwell,leffingwell_goodscents
113.18,CC1=CSC(=N1)C,"2,4-dimethyl-1,3-thiazole","2,4-dimethylthiazole",leffingwell,leffingwell_goodscents
238.41,CC1CCCCCCCCCCCCC(=O)C1,3-methylcyclopentadecan-1-one,muscone,leffingwell,leffingwell_goodscents
100.12,C1CCOC(=O)C1,oxan-2-one,delta-valerolactone,leffingwell,leffingwell_goodscents
102.13,CC(C)COC=O,2-methylpropyl formate,isobutyl formate,leffingwell,leffingwell_goodscents
87.15,CCN=C=S,isothiocyanatoethane,ethyl isothiocyanate,leffingwell,leffingwell_goodscents
154.25,CC(C)(CCCC(=C)C=C)O,2-methyl-6-methylideneoct-7-en-2-ol,myrcenol,leffingwell,leffingwell_goodscents
116.2,CCCCCC(C)O,heptan-2-ol,2-heptanol,leffingwell,leffingwell_goodscents
158.28,CC(C)CCOCCC(C)C,3-methyl-1-(3-methylbutoxy)butane,diisopentyl ether,leffingwell,leffingwell_goodscents
146.3,CCCCSCCCC,1-butylsulfanylbutane,dibutyl sulfide,leffingwell,leffingwell_goodscents
228.37,CCCCCCCCCCCCCC(=O)O,tetradecanoic acid,tetradecanoic acid,leffingwell,leffingwell_goodscents
226.44,CCCCCCCCCCCCCCCC,hexadecane,hexadecane,leffingwell,leffingwell_goodscents
152.23,CC1C2CC(C2(C)C)CC1=O,"2,6,6-trimethylbicyclo[3.1.1]heptan-3-one",3-pinanone,leffingwell,leffingwell_goodscents
102.13,CC(C)C(=O)OC,methyl 2-methylpropanoate,methyl isobutyrate,leffingwell,leffingwell_goodscents
135.16,CC(=O)C1=CC=CC=C1N,1-(2-aminophenyl)ethanone,2'-aminoacetophenone,leffingwell,leffingwell_goodscents
88.11,CCC(=O)OC,methyl propanoate,methyl propionate,leffingwell,leffingwell_goodscents
98.17,CC1=CC=CS1,2-methylthiophene,2-methylthiophene,leffingwell,leffingwell_goodscents
116.16,CC(C)CC(=O)OC,methyl 3-methylbutanoate,methyl isovalerate,leffingwell,leffingwell_goodscents
73.12,CN=C=S,methylimino(sulfanylidene)methane,methyl isothiocyanate,leffingwell,leffingwell_goodscents
86.13,CC(=CCO)C,3-methylbut-2-en-1-ol,3-methyl-2-buten-1-ol,leffingwell,leffingwell_goodscents
144.21,CCCOC(=O)CC(C)C,propyl 3-methylbutanoate,propyl isovalerate,leffingwell,leffingwell_goodscents
86.13,CCOCC=C,3-ethoxyprop-1-ene,allyl ethyl ether,leffingwell,leffingwell_goodscents
154.25,CC1=CCC(CC1)(C(C)C)O,4-methyl-1-propan-2-ylcyclohex-3-en-1-ol,4-carvomenthenol,leffingwell,leffingwell_goodscents
86.13,CC(C)C(=O)C,3-methylbutan-2-one,3-methyl-2-butanone,leffingwell,leffingwell_goodscents
102.17,CCC(C)C(C)O,3-methylpentan-2-ol,3-methyl-2-pentanol,leffingwell,leffingwell_goodscents
100.16,CCC(C)C(=O)C,3-methylpentan-2-one,3-methyl-2-pentanone,leffingwell,leffingwell_goodscents
100.16,CCC(=O)C(C)C,2-methylpentan-3-one,2-methyl-3-pentanone,leffingwell,leffingwell_goodscents
114.19,CC(C)C(=O)C(C)C,"2,4-dimethylpentan-3-one","2,4-dimethyl-3-pentanone",leffingwell,leffingwell_goodscents
122.16,CC1=C(C(=CC=C1)C)O,"2,6-dimethylphenol","2,6-dimethylphenol",leffingwell,leffingwell_goodscents
134.17,CC1=CC=CC=C1C(=O)C,1-(2-methylphenyl)ethanone,2'-methylacetophenone,leffingwell,leffingwell_goodscents
148.16,CC(=O)C(=O)C1=CC=CC=C1,"1-phenylpropane-1,2-dione","1-phenyl-1,2-propanedione",leffingwell,leffingwell_goodscents
152.15,COC1=CC=CC=C1C(=O)O,2-methoxybenzoic acid,2-methoxybenzoic acid,leffingwell,leffingwell_goodscents
162.18,C=CCOC(=O)C1=CC=CC=C1,prop-2-enyl benzoate,allyl benzoate,leffingwell,leffingwell_goodscents
168.19,CCCCOC(=O)C1=CC=CO1,butyl furan-2-carboxylate,butyl 2-furoate,leffingwell,leffingwell_goodscents
112.17,CC1CCCCC1=O,2-methylcyclohexan-1-one,2-methylcyclohexanone,leffingwell,leffingwell_goodscents
107.15,CC1=C(N=CC=C1)C,"2,3-dimethylpyridine","2,3-lutidine",leffingwell,leffingwell_goodscents
88.15,CCC(CC)O,pentan-3-ol,3-pentanol,leffingwell,leffingwell_goodscents
142.2,CCCCCC(=O)C(=O)C,"octane-2,3-dione","octane-2,3-dione",leffingwell,leffingwell_goodscents
150.22,CC(C)(C)C1=CC(=CC=C1)O,3-tert-butylphenol,3-tert-butylphenol,leffingwell,leffingwell_goodscents
136.23,CC1=CCC(=C(C)C)CC1,1-methyl-4-propan-2-ylidenecyclohexene,terpinolene,leffingwell,leffingwell_goodscents
154.25,CC(C)C1=CCC(CC1)(C)O,1-methyl-4-propan-2-ylcyclohex-3-en-1-ol,p-menth-3-en-1-ol,leffingwell,leffingwell_goodscents
122.16,CC1=CC=C(C=C1)CO,(4-methylphenyl)methanol,4-methylbenzyl alcohol,leffingwell,leffingwell_goodscents
100.2,CCCC(C)CC,3-methylhexane,3-methylhexane,leffingwell,leffingwell_goodscents
102.17,CCC(C)CCO,3-methylpentan-1-ol,3-methyl-1-pentanol,leffingwell,leffingwell_goodscents
100.16,CCCC(=O)CC,hexan-3-one,3-hexanone,leffingwell,leffingwell_goodscents
114.23,CCC(C)CC(C)C,"2,4-dimethylhexane","2,4-dimethylhexane",leffingwell,leffingwell_goodscents
116.2,CCCC(CCC)O,heptan-4-ol,4-heptanol,leffingwell,leffingwell_goodscents
158.24,CC(C)CC(=O)OCC(C)C,2-methylpropyl 3-methylbutanoate,isobutyl isovalerate,leffingwell,leffingwell_goodscents
200.32,CCCCCCCC(=O)OCCCC,butyl octanoate,butyl octanoate,leffingwell,leffingwell_goodscents
116.2,CCCCC(CC)O,heptan-3-ol,heptan-3-ol,leffingwell,leffingwell_goodscents
112.17,CC1CCC(=O)CC1,4-methylcyclohexan-1-one,4-methylcyclohexanone,leffingwell,leffingwell_goodscents
130.23,CCCCCC(CC)O,octan-3-ol,3-octanol,leffingwell,leffingwell_goodscents
130.18,CCCCOC(=O)CC,butyl propanoate,butyl propionate,leffingwell,leffingwell_goodscents
102.17,CCCC(C)(C)O,2-methylpentan-2-ol,2-methyl-2-pentanol,leffingwell,leffingwell_goodscents
114.23,CCCCC(C)(C)C,"2,2-dimethylhexane","2,2-dimethylhexane",leffingwell,leffingwell_goodscents
86.13,CC(C)CC=O,3-methylbutanal,3-methylbutanal,leffingwell,leffingwell_goodscents
98.1,CC1C=CC(=O)O1,2-methyl-2H-furan-5-one,591-11-7,leffingwell,leffingwell_goodscents
98.1,CC1=CCC(=O)O1,5-methyl-3H-furan-2-one,alpha-angelica lactone,leffingwell,leffingwell_goodscents
107.15,CC1=CC(=CN=C1)C,"3,5-dimethylpyridine","3,5-dimethylpyridine",leffingwell,leffingwell_goodscents
112.17,CC1CCCC(=O)C1,3-methylcyclohexan-1-one,3-methylcyclohexanone,leffingwell,leffingwell_goodscents
136.15,COC1=CC=CC(=C1)C=O,3-methoxybenzaldehyde,3-methoxybenzaldehyde,leffingwell,leffingwell_goodscents
158.19,CCCCOC(=O)CC(=O)C,butyl 3-oxobutanoate,butyl acetoacetate,leffingwell,leffingwell_goodscents
116.11,CC(=O)CCC(=O)O,4-oxopentanoic acid,levulinic acid,leffingwell,leffingwell_goodscents
100.16,CCCCC(=O)C,hexan-2-one,2-hexanone,leffingwell,leffingwell_goodscents
100.12,CC(=O)OCC=C,prop-2-enyl acetate,allyl acetate,leffingwell,leffingwell_goodscents
116.11,CC(=O)COC(=O)C,2-oxopropyl acetate,acetoxyacetone,leffingwell,leffingwell_goodscents
115.2,CCCCN=C=S,1-isothiocyanatobutane,butyl isothiocyanate,leffingwell,leffingwell_goodscents
102.13,CCCCOC=O,butyl formate,butyl formate,leffingwell,leffingwell_goodscents
114.21,C=CCSCC=C,3-prop-2-enylsulfanylprop-1-ene,diallyl sulfide,leffingwell,leffingwell_goodscents
198.34,CCCCCCCCCCCC(=O)C,tridecan-2-one,2-tridecanone,leffingwell,leffingwell_goodscents
254.5,CCCCCCCCCCCCCCCCCC,octadecane,octadecane,leffingwell,leffingwell_goodscents
72.11,CC(C=C)O,but-3-en-2-ol,3-buten-2-ol,leffingwell,leffingwell_goodscents
88.15,CC(C)C(C)O,3-methylbutan-2-ol,3-methyl-2-butanol,leffingwell,leffingwell_goodscents
100.12,CCC(=O)C(=O)C,"pentane-2,3-dione","2,3-pentanedione",leffingwell,leffingwell_goodscents
102.09,CC(=O)C(=O)OC,methyl 2-oxopropanoate,methyl pyruvate,leffingwell,leffingwell_goodscents
116.2,CC(C)C(C(C)C)O,"2,4-dimethylpentan-3-ol","2,4-dimethyl-3-pentanol",leffingwell,leffingwell_goodscents
180.2,CC(C)OC(=O)C1=CC=CC=C1O,propan-2-yl 2-hydroxybenzoate,isopropyl salicylate,leffingwell,leffingwell_goodscents
126.11,COC(=O)C1=CC=CO1,methyl furan-2-carboxylate,methyl 2-furoate,leffingwell,leffingwell_goodscents
150.17,CCOC1=CC=CC=C1C=O,2-ethoxybenzaldehyde,2-ethoxybenzaldehyde,leffingwell,leffingwell_goodscents
212.24,CC1=CC=C(C=C1)OC(=O)C2=CC=CC=C2,(4-methylphenyl) benzoate,p-tolyl benzoate,leffingwell,leffingwell_goodscents
140.14,CCOC(=O)C1=CC=CO1,ethyl furan-2-carboxylate,ethyl 2-furoate,leffingwell,leffingwell_goodscents
154.16,CCCOC(=O)C1=CC=CO1,propyl furan-2-carboxylate,propyl 2-furoate,leffingwell,leffingwell_goodscents
181.3,CSC1=NC2=CC=CC=C2S1,"2-methylsulfanyl-1,3-benzothiazole",2-(methylthio)benzothiazole,leffingwell,leffingwell_goodscents
86.13,CCC(C=C)O,pent-1-en-3-ol,1-penten-3-ol,leffingwell,leffingwell_goodscents
90.08,COC(=O)OC,dimethyl carbonate,dimethyl carbonate,leffingwell,leffingwell_goodscents
98.17,CC1=CSC=C1,3-methylthiophene,3-methylthiophene,leffingwell,leffingwell_goodscents
196.2,CCOC(=O)C1=CC(=C(C=C1)O)OC,ethyl 4-hydroxy-3-methoxybenzoate,ethyl vanillate,leffingwell,leffingwell_goodscents
116.2,CCCC(C(C)C)O,2-methylhexan-3-ol,2-methyl-3-hexanol,leffingwell,leffingwell_goodscents
116.11,CCOC(=O)C(=O)C,ethyl 2-oxopropanoate,ethyl pyruvate,leffingwell,leffingwell_goodscents
130.18,CC(C)C(=O)OC(C)C,propan-2-yl 2-methylpropanoate,isopropyl isobutyrate,leffingwell,leffingwell_goodscents
136.19,CC(C)(C1=CC=CC=C1)O,2-phenylpropan-2-ol,2-phenyl-2-propanol,leffingwell,leffingwell_goodscents
136.19,CC(C)C1=CC(=CC=C1)O,3-propan-2-ylphenol,3-isopropylphenol,leffingwell,leffingwell_goodscents
154.25,CC1CCC(CC1O)C(=C)C,2-methyl-5-prop-1-en-2-ylcyclohexan-1-ol,dihydrocarveol,leffingwell,leffingwell_goodscents
110.11,CC1=CC=C(O1)C=O,5-methylfuran-2-carbaldehyde,5-methylfurfural,leffingwell,leffingwell_goodscents
122.16,CCC1=CC(=CC=C1)O,3-ethylphenol,3-ethylphenol,leffingwell,leffingwell_goodscents
120.15,CC1=CC(=CC=C1)C=O,3-methylbenzaldehyde,3-methylbenzaldehyde,leffingwell,leffingwell_goodscents
152.15,COC1=C(C=C(C=C1)C=O)O,3-hydroxy-4-methoxybenzaldehyde,3-hydroxy-4-methoxybenzaldehyde,leffingwell,leffingwell_goodscents
142.2,CC(=O)OC1CCCCC1,cyclohexyl acetate,cyclohexyl acetate,leffingwell,leffingwell_goodscents
138.16,CCOC1=CC=C(C=C1)O,4-ethoxyphenol,4-ethoxyphenol,leffingwell,leffingwell_goodscents
140.14,CC(=O)OCC1=CC=CO1,furan-2-ylmethyl acetate,furfuryl acetate,leffingwell,leffingwell_goodscents
102.17,CCCC(CC)O,hexan-3-ol,3-hexanol,leffingwell,leffingwell_goodscents
102.13,CCCC(=O)OC,methyl butanoate,methyl butyrate,leffingwell,leffingwell_goodscents
120.17,CCOC(=O)CS,ethyl 2-sulfanylacetate,ethyl thioglycolate,leffingwell,leffingwell_goodscents
160.17,CC(COC(=O)C)OC(=O)C,2-acetyloxypropyl acetate,propylene glycol diacetate,leffingwell,leffingwell_goodscents
244.33,CCOC(=O)CCCCCCCC(=O)OCC,diethyl nonanedioate,diethyl azelate,leffingwell,leffingwell_goodscents
116.16,CCCCC(=O)OC,methyl pentanoate,methyl valerate,leffingwell,leffingwell_goodscents
130.18,CCC(C)COC(=O)C,2-methylbutyl acetate,2-methylbutyl acetate,leffingwell,leffingwell_goodscents
128.21,CCC(=O)CCC(C)C,6-methylheptan-3-one,2-methyl-5-heptanone,leffingwell,leffingwell_goodscents
144.25,CCCCCCC(CC)O,nonan-3-ol,3-nonanol,leffingwell,leffingwell_goodscents
144.21,CCCCCOC(=O)CC,pentyl propanoate,pentyl propionate,leffingwell,leffingwell_goodscents
76.16,CCSC,methylsulfanylethane,ethyl methyl sulfide,leffingwell,leffingwell_goodscents
94.2,CSSC,(methyldisulfanyl)methane,dimethyl disulfide,leffingwell,leffingwell_goodscents
130.18,CCC(C)(C)OC(=O)C,2-methylbutan-2-yl acetate,tert-amyl acetate,leffingwell,leffingwell_goodscents
88.11,CC(C)OC=O,propan-2-yl formate,isopropyl formate,leffingwell,leffingwell_goodscents
118.24,CC(C)SC(C)C,2-propan-2-ylsulfanylpropane,diisopropyl sulfide,leffingwell,leffingwell_goodscents
95.14,CC1=CC=C(N1)C,"2,5-dimethyl-1H-pyrrole","2,5-dimethyl-1h-pyrrole",leffingwell,leffingwell_goodscents
96.13,CC1=CC=C(O1)C,"2,5-dimethylfuran","2,5-dimethylfuran",leffingwell,leffingwell_goodscents
130.18,CCCC(C)OC(=O)C,pentan-2-yl acetate,pentan-2-yl acetate,leffingwell,leffingwell_goodscents
158.24,CCCCCC(=O)OCCC,propyl hexanoate,propyl hexanoate,leffingwell,leffingwell_goodscents
172.26,CCCCCC(=O)OCCCC,butyl hexanoate,butyl hexanoate,leffingwell,leffingwell_goodscents
102.17,CC(C)CCCO,4-methylpentan-1-ol,4-methyl-1-pentanol,leffingwell,leffingwell_goodscents
102.17,CCCCC(C)O,hexan-2-ol,2-hexanol,leffingwell,leffingwell_goodscents
214.34,CCCCCCCCCCC(=O)OCC,ethyl undecanoate,ethyl undecanoate,leffingwell,leffingwell_goodscents
174.19,COC(=O)CCCCC(=O)OC,dimethyl hexanedioate,dimethyl adipate,leffingwell,leffingwell_goodscents
116.2,CC(C)CCCCO,5-methylhexan-1-ol,5-methyl-1-hexanol,leffingwell,leffingwell_goodscents
104.22,CCCCSC,1-methylsulfanylbutane,butyl methyl sulfide,leffingwell,leffingwell_goodscents
130.18,CC(C)CCCC(=O)O,5-methylhexanoic acid,5-methylhexanoic acid,leffingwell,leffingwell_goodscents
130.18,CCCCCOC(=O)C,pentyl acetate,amyl acetate,leffingwell,leffingwell_goodscents
284.5,CCCCCCCCCCCCCCCC(=O)OCC,ethyl hexadecanoate,ethyl palmitate,leffingwell,leffingwell_goodscents
144.25,CCCCCCCC(C)O,nonan-2-ol,2-nonanol,leffingwell,leffingwell_goodscents
150.3,CCCSSCCC,1-(propyldisulfanyl)propane,dipropyl disulfide,leffingwell,leffingwell_goodscents
178.4,CCCCSSCCCC,1-(butyldisulfanyl)butane,dibutyl disulfide,leffingwell,leffingwell_goodscents
184.36,CCCCCCCCCCCCC,tridecane,tridecane,leffingwell,leffingwell_goodscents
198.39,CCCCCCCCCCCCCC,tetradecane,tetradecane,leffingwell,leffingwell_goodscents
212.41,CCCCCCCCCCCCCCC,pentadecane,pentadecane,leffingwell,leffingwell_goodscents
284.5,CCCCCCCCCCCCCCCCOC(=O)C,hexadecyl acetate,palmityl acetate,leffingwell,leffingwell_goodscents
228.41,CCCCCCCCCCCCCCCO,pentadecan-1-ol,1-pentadecanol,leffingwell,leffingwell_goodscents
240.5,CCCCCCCCCCCCCCCCC,heptadecane,heptadecane,leffingwell,leffingwell_goodscents
168.19,COC1=C(C(=CC=C1)OC)OC,"1,2,3-trimethoxybenzene","1,2,3-trimethoxybenzene",leffingwell,leffingwell_goodscents
150.17,CCC(=O)OC1=CC=CC=C1,phenyl propanoate,phenyl propionate,leffingwell,leffingwell_goodscents
144.17,CC(=O)OCC1CCCO1,oxolan-2-ylmethyl acetate,tetrahydrofurfuryl acetate,leffingwell,leffingwell_goodscents
134.17,COC1=CC=C(C=C1)C=C,1-ethenyl-4-methoxybenzene,4-methoxystyrene,leffingwell,leffingwell_goodscents
116.16,CCC(=O)OC(C)C,propan-2-yl propanoate,isopropyl propionate,leffingwell,leffingwell_goodscents
112.19,CC1=CC=C(S1)C,"2,5-dimethylthiophene","2,5-dimethylthiophene",leffingwell,leffingwell_goodscents
128.17,CCOC(=O)C=C(C)C,ethyl 3-methylbut-2-enoate,"ethyl 3,3-dimethylacrylate",leffingwell,leffingwell_goodscents
163.3,CC1NC(SC(S1)C)C,"2,4,6-trimethyl-1,3,5-dithiazinane",thialdine,leffingwell,leffingwell_goodscents
118.24,CCCCSCC,1-ethylsulfanylbutane,butyl ethyl sulfide,leffingwell,leffingwell_goodscents
116.16,CCCCCOC=O,pentyl formate,pentyl formate,leffingwell,leffingwell_goodscents
214.34,CCCCCCCCCCCCC(=O)O,tridecanoic acid,tridecanoic acid,leffingwell,leffingwell_goodscents
168.23,CC1=CC=C(C=C1)C2=CC=CC=C2,1-methyl-4-phenylbenzene,4-methylbiphenyl,leffingwell,leffingwell_goodscents
136.19,CCCC1=CC=CC=C1O,2-propylphenol,2-propylphenol,leffingwell,leffingwell_goodscents
130.18,CCCOC(=O)C(C)C,propyl 2-methylpropanoate,propyl isobutyrate,leffingwell,leffingwell_goodscents
162.23,CC(C)C1=CC=C(C=C1)C(=O)C,1-(4-propan-2-ylphenyl)ethanone,4'-isopropylacetophenone,leffingwell,leffingwell_goodscents
136.19,CCCC1=CC=C(C=C1)O,4-propylphenol,4-propylphenol,leffingwell,leffingwell_goodscents
116.16,CC(C)CCC(=O)O,4-methylpentanoic acid,4-methylpentanoic acid,leffingwell,leffingwell_goodscents
340.6,CCCCCCCCCCCCCCCCCC(=O)OCC(C)C,2-methylpropyl octadecanoate,isobutyl stearate,leffingwell,leffingwell_goodscents
172.26,CC(C)CCOC(=O)CC(C)C,3-methylbutyl 3-methylbutanoate,isoamyl isovalerate,leffingwell,leffingwell_goodscents
212.33,CCOC(=O)CCCCCCCCC=C,ethyl undec-10-enoate,ethyl 10-undecenoate,leffingwell,leffingwell_goodscents
156.26,CCCCCCCCC(=O)C,decan-2-one,2-decanone,leffingwell,leffingwell_goodscents
99.16,CC1=CSC=N1,"4-methyl-1,3-thiazole",4-methylthiazole,leffingwell,leffingwell_goodscents
114.14,CCC1CCC(=O)O1,5-ethyloxolan-2-one,gamma-caprolactone,leffingwell,leffingwell_goodscents
142.2,CCCC1CCCC(=O)O1,6-propyloxan-2-one,698-76-0,leffingwell,leffingwell_goodscents
170.3,CSSCC1=CC=CC=C1,(methyldisulfanyl)methylbenzene,benzyl methyl disulfide,leffingwell,leffingwell_goodscents
138.16,CC(=O)CCC1=CC=CO1,4-(furan-2-yl)butan-2-one,4-(2-furyl)butan-2-one,leffingwell,leffingwell_goodscents
170.25,CCCCCC1CCCC(=O)O1,6-pentyloxan-2-one,delta-decalactone,leffingwell,leffingwell_goodscents
170.25,CCCCCCC1CCC(=O)O1,5-hexyloxolan-2-one,gamma-decalactone,leffingwell,leffingwell_goodscents
198.3,CCCCCCCC1CCCC(=O)O1,6-heptyloxan-2-one,delta-dodecalactone,leffingwell,leffingwell_goodscents
86.13,CC(=C)CCO,3-methylbut-3-en-1-ol,3-methyl-3-buten-1-ol,leffingwell,leffingwell_goodscents
138.23,CSCC1=CC=CC=C1,methylsulfanylmethylbenzene,benzyl methyl sulfide,leffingwell,leffingwell_goodscents
84.12,CC(=C)C(=O)C,3-methylbut-3-en-2-one,3-methyl-3-buten-2-one,leffingwell,leffingwell_goodscents
188.22,CCOC(=O)CCCC(=O)OCC,diethyl pentanedioate,diethyl glutarate,leffingwell,leffingwell_goodscents
144.21,CCCC(=O)OC(C)CC,butan-2-yl butanoate,sec-butyl butyrate,leffingwell,leffingwell_goodscents
86.13,C=CCCCO,pent-4-en-1-ol,4-penten-1-ol,leffingwell,leffingwell_goodscents
142.24,CCCCCCCC(=O)C,nonan-2-one,2-nonanone,leffingwell,leffingwell_goodscents
114.14,CC1CCCC(=O)O1,6-methyloxan-2-one,delta-hexalactone,leffingwell,leffingwell_goodscents
222.4,CC1(SC(SC(S1)(C)C)(C)C)C,"2,2,4,4,6,6-hexamethyl-1,3,5-trithiane","2,2,4,4,6,6-hexamethyl-1,3,5-trithiane",leffingwell,leffingwell_goodscents
116.16,CCC(C)C(=O)OC,methyl 2-methylbutanoate,methyl 2-methylbutyrate,leffingwell,leffingwell_goodscents
74.15,C=CCS,prop-2-ene-1-thiol,allyl mercaptan,leffingwell,leffingwell_goodscents
174.35,CCCCCSCCCCC,1-pentylsulfanylpentane,diamyl sulfide,leffingwell,leffingwell_goodscents
112.19,CCC1=CC=CS1,2-ethylthiophene,2-ethylthiophene,leffingwell,leffingwell_goodscents
140.22,CC1CC(=O)CC(C1)(C)C,"3,3,5-trimethylcyclohexan-1-one","3,3,5-trimethylcyclohexanone",leffingwell,leffingwell_goodscents
218.3,C1=CC=C(C=C1)SSC2=CC=CC=C2,(phenyldisulfanyl)benzene,diphenyl disulfide,leffingwell,leffingwell_goodscents
114.14,CC(=CC(=O)OC)C,methyl 3-methylbut-2-enoate,924-50-5,leffingwell,leffingwell_goodscents
202.25,CCCOC(=O)CCC(=O)OCCC,dipropyl butanedioate,dipropyl succinate,leffingwell,leffingwell_goodscents
170.29,CCCCCC(=O)CCCCC,undecan-6-one,6-undecanone,leffingwell,leffingwell_goodscents
128.21,CC(C)CCCC(=O)C,6-methylheptan-2-one,6-methylheptan-2-one,leffingwell,leffingwell_goodscents
156.26,CCCCCCCC(=O)CC,decan-3-one,3-decanone,leffingwell,leffingwell_goodscents
96.13,C1CC=CC(=O)C1,cyclohex-2-en-1-one,2-cyclohexen-1-one,leffingwell,leffingwell_goodscents
148.2,CCC1=CC=C(C=C1)C(=O)C,1-(4-ethylphenyl)ethanone,4'-ethylacetophenone,leffingwell,leffingwell_goodscents
164.2,CC(C)OC(=O)C1=CC=CC=C1,propan-2-yl benzoate,isopropyl benzoate,leffingwell,leffingwell_goodscents
170.21,CC(=O)C1=CC=CC2=CC=CC=C21,1-naphthalen-1-ylethanone,1'-acetonaphthone,leffingwell,leffingwell_goodscents
176.25,CC(=O)C1=CC=C(C=C1)C(C)(C)C,1-(4-tert-butylphenyl)ethanone,4'-tert-butylacetophenone,leffingwell,leffingwell_goodscents
242.4,CCCCCCCCCCCCCCC(=O)O,pentadecanoic acid,pentadecanoic acid,leffingwell,leffingwell_goodscents
102.16,C1CC(=O)SC1,thiolan-2-one,4-butyrothiolactone,leffingwell,leffingwell_goodscents
95.1,C1=CNC(=C1)C=O,1H-pyrrole-2-carbaldehyde,1h-pyrrole-2-carbaldehyde,leffingwell,leffingwell_goodscents
100.16,CC1CCC(O1)C,"2,5-dimethyloxolane","2,5-dimethyltetrahydrofuran",leffingwell,leffingwell_goodscents
128.21,CCCCC1CCCO1,2-butyloxolane,2-butyltetrahydrofuran,leffingwell,leffingwell_goodscents
109.13,CC(=O)C1=CC=CN1,1-(1H-pyrrol-2-yl)ethanone,2-acetylpyrrole,leffingwell,leffingwell_goodscents
164.24,CC1=CC(=C(C=C1)C(C)C)OC,2-methoxy-4-methyl-1-propan-2-ylbenzene,thymol methyl ether,leffingwell,leffingwell_goodscents
228.37,CCCCCCCC(=O)OCCCCCC,hexyl octanoate,hexyl octanoate,leffingwell,leffingwell_goodscents
238.37,CC(C)CC(=O)OC(C=C)C(C)CC=C(C)C,"4,7-dimethylocta-1,6-dien-3-yl 3-methylbutanoate","isovaleric acid (4,7-dimethyl-1,6-octadien-3-yl) ester",leffingwell,leffingwell_goodscents
196.29,CC(=O)OC(C)(C)CCCC(=C)C=C,(2-methyl-6-methylideneoct-7-en-2-yl) acetate,myrcenyl acetate,leffingwell,leffingwell_goodscents
156.31,CCCCCCCCCCC,undecane,undecane,leffingwell,leffingwell_goodscents
110.15,CC1=C(C(=O)CC1)C,"2,3-dimethylcyclopent-2-en-1-one","2,3-dimethyl-2-cyclopenten-1-one",leffingwell,leffingwell_goodscents
121.14,CC(=O)C1=CC=CC=N1,1-pyridin-2-ylethanone,2-acetylpyridine,leffingwell,leffingwell_goodscents
136.19,CC(CO)C1=CC=CC=C1,2-phenylpropan-1-ol,2-phenyl-1-propanol,leffingwell,leffingwell_goodscents
136.19,CC1=C(N=C(C(=N1)C)C)C,"2,3,5,6-tetramethylpyrazine","2,3,5,6-tetramethylpyrazine",leffingwell,leffingwell_goodscents
180.2,CC(=O)C1=CC(=C(C=C1)OC)OC,"1-(3,4-dimethoxyphenyl)ethanone",1131-62-0,leffingwell,leffingwell_goodscents
220.35,CC1(CC2C1CCC3(C(O3)CCC2=C)C)C,"4,12,12-trimethyl-9-methylidene-5-oxatricyclo[8.2.0.04,6]dodecane",caryophyllene epoxide,leffingwell,leffingwell_goodscents
144.21,CCCCCC(C)C(=O)O,2-methylheptanoic acid,2-methylheptanoic acid,leffingwell,leffingwell_goodscents
128.17,CC(=CCOC(=O)C)C,3-methylbut-2-enyl acetate,prenyl acetate,leffingwell,leffingwell_goodscents
150.3,C(CCCS)CCS,"hexane-1,6-dithiol","1,6-hexanedithiol",leffingwell,leffingwell_goodscents
178.4,C(CCCCS)CCCS,"octane-1,8-dithiol","1,8-octanedithiol",leffingwell,leffingwell_goodscents
109.13,CN1C=CC=C1C=O,1-methylpyrrole-2-carbaldehyde,1192-58-1,leffingwell,leffingwell_goodscents
110.11,CC(=O)C1=CC=CO1,1-(furan-2-yl)ethanone,2-acetylfuran,leffingwell,leffingwell_goodscents
109.13,CC1=CC=C(N1)C=O,5-methyl-1H-pyrrole-2-carbaldehyde,5-methyl-1h-pyrrole-2-carbaldehyde,leffingwell,leffingwell_goodscents
110.15,CC1=CC(=O)CCC1,3-methylcyclohex-2-en-1-one,3-methyl-2-cyclohexen-1-one,leffingwell,leffingwell_goodscents
124.14,CC1=CC=C(O1)C(=O)C,1-(5-methylfuran-2-yl)ethanone,2-acetyl-5-methylfuran,leffingwell,leffingwell_goodscents
138.16,CC1=CC(=C(C=C1)OC)O,2-methoxy-5-methylphenol,2-methoxy-5-methylphenol,leffingwell,leffingwell_goodscents
152.23,CC1(C2CCC(C2)(C1=O)C)C,"1,3,3-trimethylbicyclo[2.2.1]heptan-2-one",(.+/-.)-fenchone,leffingwell,leffingwell_goodscents
150.22,CC1=CC=C(C=C1)C(C)(C)O,2-(4-methylphenyl)propan-2-ol,2-(4-methylphenyl)propan-2-ol,leffingwell,leffingwell_goodscents
159.18,COC1=CC2=C(C=C1)N=CC=C2,6-methoxyquinoline,6-methoxyquinoline,leffingwell,leffingwell_goodscents
342.6,CCCCCCCCCCCCCCCCCC(=O)OCC(C)O,2-hydroxypropyl octadecanoate,propylene glycol monostearate,leffingwell,leffingwell_goodscents
136.23,CC1(C2CCC(=C)C1C2)C,"6,6-dimethyl-2-methylidenebicyclo[3.1.1]heptane",beta-pinene,leffingwell,leffingwell_goodscents
430.6,CCCCCCCCCCCCCCCCCC(=O)OCC([C@@H]1[C@H]([C@@H](CO1)O)O)O,"[2-[(2R,3S,4R)-3,4-dihydroxyoxolan-2-yl]-2-hydroxyethyl] octadecanoate",sorbitan monostearate,leffingwell,leffingwell_goodscents
147.17,C1=CN(C=C1)CC2=CC=CO2,1-(furan-2-ylmethyl)pyrrole,1-furfurylpyrrole,leffingwell,leffingwell_goodscents
150.17,CC1=CC(=C(C=C1)O)C(=O)C,1-(2-hydroxy-5-methylphenyl)ethanone,1450-72-2,leffingwell,leffingwell_goodscents
256.5,CCCCCCCCCCCCCCCCCO,heptadecan-1-ol,1-heptadecanol,leffingwell,leffingwell_goodscents
118.13,CC(CC(=O)OC)O,methyl 3-hydroxybutanoate,methyl 3-hydroxybutyrate,leffingwell,leffingwell_goodscents
130.18,CCC(C)CCC(=O)O,4-methylhexanoic acid,4-methylhexanoic acid,leffingwell,leffingwell_goodscents
116.23,C1CCC(CC1)S,cyclohexanethiol,cyclohexanethiol,leffingwell,leffingwell_goodscents
130.14,CCC(=O)COC(=O)C,2-oxobutyl acetate,2-oxobutyl acetate,leffingwell,leffingwell_goodscents
158.24,CCCCCC1OCC(O1)C,"4-methyl-2-pentyl-1,3-dioxolane","4-methyl-2-pentyl-1,3-dioxolane",leffingwell,leffingwell_goodscents
108.23,CSCSC,bis(methylsulfanyl)methane,bis(methylthio)methane,leffingwell,leffingwell_goodscents
84.12,CCC(=O)C=C,pent-1-en-3-one,ethyl vinyl ketone,leffingwell,leffingwell_goodscents
98.14,CCCC(=O)C=C,hex-1-en-3-one,1-hexen-3-one,leffingwell,leffingwell_goodscents
88.15,CC(C)(C)OC,2-methoxy-2-methylpropane,tert-butyl methyl ether,leffingwell,leffingwell_goodscents
132.27,CCCCCCCS,heptane-1-thiol,1-heptanethiol,leffingwell,leffingwell_goodscents
172.31,CCCCCCCCCC(C)O,undecan-2-ol,2-undecanol,leffingwell,leffingwell_goodscents
102.2,C1CCC(C1)S,cyclopentanethiol,cyclopentanethiol,leffingwell,leffingwell_goodscents
104.22,CCC(C)(C)S,2-methylbutane-2-thiol,2-methyl-2-butanethiol,leffingwell,leffingwell_goodscents
158.19,CC(=O)CC(=O)OC(C)(C)C,tert-butyl 3-oxobutanoate,tert-butyl acetoacetate,leffingwell,leffingwell_goodscents
184.32,C1CCCCCC(CCCCC1)O,cyclododecanol,cyclododecanol,leffingwell,leffingwell_goodscents
142.28,CCCCCCCCCC,decane,decane,leffingwell,leffingwell_goodscents
214.34,CCCCCCCCCCCOC(=O)C,undecyl acetate,undecyl acetate,leffingwell,leffingwell_goodscents
172.26,CCCCCCCCC(=O)OC,methyl nonanoate,methyl nonanoate,leffingwell,leffingwell_goodscents
200.32,CCCCCCCCCCC(=O)OC,methyl undecanoate,methyl undecanoate,leffingwell,leffingwell_goodscents
228.37,CCCCCCCCCCCCC(=O)OC,methyl tridecanoate,methyl tridecanoate,leffingwell,leffingwell_goodscents
142.2,CC(C)OC(=O)C=C(C)C,propan-2-yl 3-methylbut-2-enoate,isopropyl 3-methyl-2-butenoate,leffingwell,leffingwell_goodscents
118.17,CC(C)C(OC)OC,"1,1-dimethoxy-2-methylpropane","1,1-dimethoxy-2-methylpropane",leffingwell,leffingwell_goodscents
102.2,CC1CCCS1,2-methylthiolane,2-methyltetrahydrothiophene,leffingwell,leffingwell_goodscents
176.21,C=CCOC(=O)CC1=CC=CC=C1,prop-2-enyl 2-phenylacetate,allyl phenylacetate,leffingwell,leffingwell_goodscents
104.22,CCC(C)CS,2-methylbutane-1-thiol,2-methyl-1-butanethiol,leffingwell,leffingwell_goodscents
268.5,CC(C)CCCC(C)CCCC(C)CCCC(C)C,"2,6,10,14-tetramethylpentadecane",pristane,leffingwell,leffingwell_goodscents
178.23,CCOC(=O)CCC1=CC=CC=C1,ethyl 3-phenylpropanoate,ethyl 3-phenylpropionate,leffingwell,leffingwell_goodscents
214.34,CCCCCCCC(=O)OCCC(C)C,3-methylbutyl octanoate,isopentyl octanoate,leffingwell,leffingwell_goodscents
192.25,CCCCCOC(=O)C1=CC=CC=C1,pentyl benzoate,pentyl benzoate,leffingwell,leffingwell_goodscents
208.25,CCCCCOC(=O)C1=CC=CC=C1O,pentyl 2-hydroxybenzoate,amyl salicylate,leffingwell,leffingwell_goodscents
178.3,C=CCSSSCC=C,3-(prop-2-enyltrisulfanyl)prop-1-ene,diallyl trisulfide,leffingwell,leffingwell_goodscents
128.17,CCCC(=O)OCC=C,prop-2-enyl butanoate,allyl butyrate,leffingwell,leffingwell_goodscents
172.22,CCCCOC(=O)CCC(=O)C,butyl 4-oxopentanoate,butyl levulinate,leffingwell,leffingwell_goodscents
84.12,C=CCCC=O,pent-4-enal,4-pentenal,leffingwell,leffingwell_goodscents
150.22,CC(=C)C1CCC(=CC1)C=O,4-prop-1-en-2-ylcyclohexene-1-carbaldehyde,perillaldehyde,leffingwell,leffingwell_goodscents
182.26,CC1=CCC(CC1)C(C)(C)OC=O,2-(4-methylcyclohex-3-en-1-yl)propan-2-yl formate,terpinyl formate,leffingwell,leffingwell_goodscents
200.28,CC(C)COC1=CC2=CC=CC=C2C=C1,2-(2-methylpropoxy)naphthalene,2-isobutoxynaphthalene,leffingwell,leffingwell_goodscents
146.3,C=CCSSCC=C,3-(prop-2-enyldisulfanyl)prop-1-ene,diallyl disulfide,leffingwell,leffingwell_goodscents
148.3,CCCSSCC=C,1-(prop-2-enyldisulfanyl)propane,allyl propyl disulfide,leffingwell,leffingwell_goodscents
122.3,CCCSSC,1-(methyldisulfanyl)propane,methyl propyl disulfide,leffingwell,leffingwell_goodscents
186.29,CCCCCC(=O)OCCC(C)C,3-methylbutyl hexanoate,isopentyl hexanoate,leffingwell,leffingwell_goodscents
156.26,C[C@@H]1CC[C@H]([C@@H](C1)O)C(C)C,"(1R,2S,5R)-5-methyl-2-propan-2-ylcyclohexan-1-ol",l-menthol,leffingwell,leffingwell_goodscents
158.2,COC1=CC=CC2=CC=CC=C21,1-methoxynaphthalene,1-methoxynaphthalene,leffingwell,leffingwell_goodscents
172.26,CCCCCCCOC(=O)CC,heptyl propanoate,heptyl propanoate,leffingwell,leffingwell_goodscents
163.24,C1=CC=C(C=C1)CCN=C=S,2-isothiocyanatoethylbenzene,2-phenylethyl isothiocyanate,leffingwell,leffingwell_goodscents
149.23,CCCCCC1=CC=CC=N1,2-pentylpyridine,2-pentylpyridine,leffingwell,leffingwell_goodscents
198.3,CCCCCCCCC1CCC(=O)O1,5-octyloxolan-2-one,gamma-dodecalactone,leffingwell,leffingwell_goodscents
158.24,CCCCCC(=O)OC(C)C,propan-2-yl hexanoate,isopropyl hexanoate,leffingwell,leffingwell_goodscents
214.34,CCCCCCCCCC(=O)OC(C)C,propan-2-yl decanoate,isopropyl decanoate,leffingwell,leffingwell_goodscents
164.2,CCCOC(=O)C1=CC=CC=C1,propyl benzoate,propyl benzoate,leffingwell,leffingwell_goodscents
101.17,CC1=NCCS1,"2-methyl-4,5-dihydro-1,3-thiazole",2-methyl-2-thiazoline,leffingwell,leffingwell_goodscents
172.26,CCCCCCOC(=O)C(C)C,hexyl 2-methylpropanoate,hexyl isobutyrate,leffingwell,leffingwell_goodscents
152.23,CCCCCC=CC=CC=O,"deca-2,4-dienal","deca-2,4-dienal",leffingwell,leffingwell_goodscents
106.15,COC(=O)CS,methyl 2-sulfanylacetate,methyl thioglycolate,leffingwell,leffingwell_goodscents
158.2,CC1=NC2=CC=CC=C2N=C1C,"2,3-dimethylquinoxaline","2,3-dimethylquinoxaline",leffingwell,leffingwell_goodscents
112.13,CCC1C=CC(=O)O1,2-ethyl-2H-furan-5-one,5-ethyl-2(5h)-furanone,leffingwell,leffingwell_goodscents
140.22,CC1CCCC(C1=O)(C)C,"2,2,6-trimethylcyclohexan-1-one","2,2,6-trimethylcyclohexanone",leffingwell,leffingwell_goodscents
130.18,CC(C)CCC(=O)OC,methyl 4-methylpentanoate,methyl 4-methylvalerate,leffingwell,leffingwell_goodscents
136.19,CC1=C(C(=C(C=C1)C)O)C,"2,3,6-trimethylphenol","2,3,6-trimethylphenol",leffingwell,leffingwell_goodscents
154.25,CC1=CCC(CC1)C(C)(C)O,2-(4-methylcyclohex-3-en-1-yl)propan-2-ol,alpha-terpineol,leffingwell,leffingwell_goodscents
170.25,CCCCCC(C=C)OC(=O)C,oct-1-en-3-yl acetate,1-octen-3-yl acetate,leffingwell,leffingwell_goodscents
172.26,CCC(C)COC(=O)C(C)CC,2-methylbutyl 2-methylbutanoate,2-methylbutyl 2-methylbutyrate,leffingwell,leffingwell_goodscents
140.22,CCCCCCC=CC=O,non-2-enal,nonenal,leffingwell,leffingwell_goodscents
196.2,CC(=O)C1=CC(=C(C(=C1)OC)O)OC,"1-(4-hydroxy-3,5-dimethoxyphenyl)ethanone",acetosyringone,leffingwell,leffingwell_goodscents
148.2,CC(=O)CCC1=CC=CC=C1,4-phenylbutan-2-one,benzylacetone,leffingwell,leffingwell_goodscents
230.4,C1CCC(CC1)SSC2CCCCC2,(cyclohexyldisulfanyl)cyclohexane,dicyclohexyl disulfide,leffingwell,leffingwell_goodscents
172.26,CCCCCCOC(=O)CCC,hexyl butanoate,hexyl butyrate,leffingwell,leffingwell_goodscents
102.17,CCC(C)OCC,2-ethoxybutane,sec-butyl ethyl ether,leffingwell,leffingwell_goodscents
196.29,C=CCOC(=O)CCC1CCCCC1,prop-2-enyl 3-cyclohexylpropanoate,2705-87-5,leffingwell,leffingwell_goodscents
193.2,CC(=O)NC1=CC=CC=C1C(=O)OC,methyl 2-acetamidobenzoate,methyl 2-acetamidobenzoate,leffingwell,leffingwell_goodscents
96.13,CC1=CC(=O)CC1,3-methylcyclopent-2-en-1-one,3-methyl-2-cyclopenten-1-one,leffingwell,leffingwell_goodscents
180.4,CC1SC(SC(S1)C)C,"2,4,6-trimethyl-1,3,5-trithiane","2,4,6-trimethyl-1,3,5-trithiane",leffingwell,leffingwell_goodscents
166.22,CCCC1=CC(=C(C=C1)O)OC,2-methoxy-4-propylphenol,2-methoxy-4-propylphenol,leffingwell,leffingwell_goodscents
142.2,CC(C)CC(=O)OCC=C,prop-2-enyl 3-methylbutanoate,allyl isovalerate,leffingwell,leffingwell_goodscents
124.14,CC1=NC=CN=C1OC,2-methoxy-3-methylpyrazine,2-methoxy-3-methylpyrazine,leffingwell,leffingwell_goodscents
258.5,CCCCCCCCCCCCCCCCS,hexadecane-1-thiol,1-hexadecanethiol,leffingwell,leffingwell_goodscents
254.5,CCCCCCCCCCCCCCCC(=O)C,heptadecan-2-one,heptadecan-2-one,leffingwell,leffingwell_goodscents
126.2,CSS(=O)(=O)C,methylsulfonylsulfanylmethane,s-methyl methanethiosulfonate,leffingwell,leffingwell_goodscents
130.23,CC(C)C(C)C(C)(C)O,"2,3,4-trimethylpentan-2-ol","2,3,4-trimethylpentan-2-ol",leffingwell,leffingwell_goodscents
110.11,COC1=NC=CN=C1,2-methoxypyrazine,2-methoxypyrazine,leffingwell,leffingwell_goodscents
100.12,CC1C(=O)CCO1,2-methyloxolan-3-one,2-methyltetrahydrofuran-3-one,leffingwell,leffingwell_goodscents
96.13,CCC1=CC=CO1,2-ethylfuran,2-ethylfuran,leffingwell,leffingwell_goodscents
104.17,CSCCC=O,3-methylsulfanylpropanal,3-(methylthio)propionaldehyde,leffingwell,leffingwell_goodscents
156.22,CCOC(=O)C1CCCCC1,ethyl cyclohexanecarboxylate,ethyl cyclohexanecarboxylate,leffingwell,leffingwell_goodscents
156.22,CCCCC1CCCC(=O)O1,6-butyloxan-2-one,delta-nonalactone,leffingwell,leffingwell_goodscents
136.23,CC(C)C12CCC(=C)C1C2,4-methylidene-1-propan-2-ylbicyclo[3.1.0]hexane,sabinene,leffingwell,leffingwell_goodscents
128.21,CCCCCC(C=C)O,oct-1-en-3-ol,1-octen-3-ol,leffingwell,leffingwell_goodscents
144.25,CC(CCO)CC(C)(C)C,"3,5,5-trimethylhexan-1-ol","3,5,5-trimethylhexan-1-ol",leffingwell,leffingwell_goodscents
136.19,COCCC1=CC=CC=C1,2-methoxyethylbenzene,(2-methoxyethyl)benzene,leffingwell,leffingwell_goodscents
206.24,CC(=O)CCC1=CC=C(C=C1)OC(=O)C,[4-(3-oxobutyl)phenyl] acetate,4-(3-oxobutyl)phenyl acetate,leffingwell,leffingwell_goodscents
152.15,C1=CC=C(C=C1)OCC(=O)O,2-phenoxyacetic acid,phenoxyacetic acid,leffingwell,leffingwell_goodscents
186.29,CC(CCCC(C)(C)OC)CC=O,"7-methoxy-3,7-dimethyloctanal","7-methoxy-3,7-dimethyloctanal",leffingwell,leffingwell_goodscents
156.26,C[C@@H]1CC[C@@H](C(C1)O)C(C)C,"(2R,5R)-5-methyl-2-propan-2-ylcyclohexan-1-ol",neomenthol,leffingwell,leffingwell_goodscents
128.13,CC1C(=O)C(=C(O1)C)O,"4-hydroxy-2,5-dimethylfuran-3-one",furaneol,leffingwell,leffingwell_goodscents
126.3,CSSSC,(methyltrisulfanyl)methane,dimethyl trisulfide,leffingwell,leffingwell_goodscents
126.2,CC(=O)CCCCC=C,oct-7-en-2-one,oct-7-en-2-one,leffingwell,leffingwell_goodscents
98.14,CC(=C)CC(=O)C,4-methylpent-4-en-2-one,4-methylpent-4-en-2-one,leffingwell,leffingwell_goodscents
138.21,CCCCCC1=CC=CO1,2-pentylfuran,2-pentylfuran,leffingwell,leffingwell_goodscents
166.26,CCCCCCCC1=CC=CO1,2-heptylfuran,2-heptylfuran,leffingwell,leffingwell_goodscents
194.31,CC(=CCCC(=CCCC(=O)C)C)C,"6,10-dimethylundeca-5,9-dien-2-one","6,10-dimethylundeca-5,9-dien-2-one",leffingwell,leffingwell_goodscents
160.25,CCOC(CC(C)C)OCC,"1,1-diethoxy-3-methylbutane","1,1-diethoxy-3-methylbutane",leffingwell,leffingwell_goodscents
114.14,CCCC(=O)C(=O)C,"hexane-2,3-dione","2,3-hexanedione",leffingwell,leffingwell_goodscents
90.19,CCCSC,1-methylsulfanylpropane,methyl propyl sulfide,leffingwell,leffingwell_goodscents
130.18,CCOC(=O)C(C)(C)C,"ethyl 2,2-dimethylpropanoate",ethyl trimethylacetate,leffingwell,leffingwell_goodscents
182.17,COC1=C(C=CC(=C1)C(=O)OC)O,methyl 4-hydroxy-3-methoxybenzoate,methyl vanillate,leffingwell,leffingwell_goodscents
135.21,CC(C)(C)C1=CC=NC=C1,4-tert-butylpyridine,4-tert-butylpyridine,leffingwell,leffingwell_goodscents
104.22,CCCSCC,1-ethylsulfanylpropane,ethyl propyl sulfide,leffingwell,leffingwell_goodscents
130.23,CCCCCCC(C)O,octan-2-ol,octan-2-ol,leffingwell,leffingwell_goodscents
114.14,CCC=CCC(=O)O,hex-3-enoic acid,hex-3-enoic acid,leffingwell,leffingwell_goodscents
184.27,CCCCCCCC(=O)OCC=C,prop-2-enyl octanoate,allyl octanoate,leffingwell,leffingwell_goodscents
132.16,CC1=CC2=CC=CC=C2O1,2-methyl-1-benzofuran,2-methylbenzofuran,leffingwell,leffingwell_goodscents
164.2,CCCC(=O)OC1=CC=CC=C1,phenyl butanoate,phenyl butyrate,leffingwell,leffingwell_goodscents
172.26,CCCCCCC1OCC(O1)C,"2-hexyl-4-methyl-1,3-dioxolane","2-hexyl-4-methyl-1,3-dioxolane",leffingwell,leffingwell_goodscents
128.17,C1CCC(CC1)OC=O,cyclohexyl formate,cyclohexyl formate,leffingwell,leffingwell_goodscents
154.21,C1CCC2C(C1)CCC(=O)O2,"3,4,4a,5,6,7,8,8a-octahydrochromen-2-one",octahydro-2h-chromen-2-one,leffingwell,leffingwell_goodscents
226.3,C1=COC(=C1)CSSCC2=CC=CO2,2-[(furan-2-ylmethyldisulfanyl)methyl]furan,difurfuryl disulfide,leffingwell,leffingwell_goodscents
128.21,C1CCC(CC1)CCO,2-cyclohexylethanol,2-cyclohexylethanol,leffingwell,leffingwell_goodscents
124.18,CCCCC1=CC=CO1,2-butylfuran,2-butylfuran,leffingwell,leffingwell_goodscents
152.23,CC1=CCC(C1(C)C)C(=O)C,"1-(2,2,3-trimethylcyclopent-3-en-1-yl)ethanone","1-(2,2,3-trimethylcyclopent-3-en-1-yl)ethanone",leffingwell,leffingwell_goodscents
142.24,CC(C)C1CCC(CC1)O,4-propan-2-ylcyclohexan-1-ol,4-isopropylcyclohexanol,leffingwell,leffingwell_goodscents
128.21,CC(CCC=C(C)C)O,6-methylhept-5-en-2-ol,6-methylhept-5-en-2-ol,leffingwell,leffingwell_goodscents
142.2,COC(=O)C1CCCCC1,methyl cyclohexanecarboxylate,methyl cyclohexanecarboxylate,leffingwell,leffingwell_goodscents
218.33,CC1CC(=O)C=C2C1(CC(CC2)C(=C)C)C,"4,4a-dimethyl-6-prop-1-en-2-yl-3,4,5,6,7,8-hexahydronaphthalen-2-one",nookatone,leffingwell,leffingwell_goodscents
132.2,CCC(OCC)OCC,"1,1-diethoxypropane",propionaldehyde diethyl acetal,leffingwell,leffingwell_goodscents
104.15,CCC(OC)OC,"1,1-dimethoxypropane","1,1-dimethoxypropane",leffingwell,leffingwell_goodscents
134.17,CCC1=CC=C(C=C1)C=O,4-ethylbenzaldehyde,4-ethylbenzaldehyde,leffingwell,leffingwell_goodscents
100.16,CCCC(C=C)O,hex-1-en-3-ol,1-hexen-3-ol,leffingwell,leffingwell_goodscents
154.27,CCCCCC1=CC=CS1,2-pentylthiophene,2-pentylthiophene,leffingwell,leffingwell_goodscents
152.23,C1CCC(C1)C2CCCC2=O,2-cyclopentylcyclopentan-1-one,2-cyclopentylcyclopentanone,leffingwell,leffingwell_goodscents
228.37,CCCCCCCCOC(=O)CCCCC,octyl hexanoate,octyl hexanoate,leffingwell,leffingwell_goodscents
114.19,CCCCC(C=C)O,hept-1-en-3-ol,1-hepten-3-ol,leffingwell,leffingwell_goodscents
140.14,CCC1=C(C(=O)C=CO1)O,2-ethyl-3-hydroxypyran-4-one,ethyl maltol,leffingwell,leffingwell_goodscents
140.22,CC(=O)CCCCCC=C,non-8-en-2-one,8-nonen-2-one,leffingwell,leffingwell_goodscents
190.24,CC(=CCOC(=O)C1=CC=CC=C1)C,3-methylbut-2-enyl benzoate,prenyl benzoate,leffingwell,leffingwell_goodscents
142.2,C1CCC(CC1)CC(=O)O,2-cyclohexylacetic acid,cyclohexylacetic acid,leffingwell,leffingwell_goodscents
230.39,CCCCCCOC(C)OCCCCCC,1-(1-hexoxyethoxy)hexane,5405-58-3,leffingwell,leffingwell_goodscents
142.24,CC(CC=O)CC(C)(C)C,"3,5,5-trimethylhexanal","3,5,5-trimethylhexanal",leffingwell,leffingwell_goodscents
186.29,CCCCCCC(=O)OCCCC,butyl heptanoate,butyl heptanoate,leffingwell,leffingwell_goodscents
186.29,CCCCCCCC(=O)OC(C)C,propan-2-yl octanoate,isopropyl octanoate,leffingwell,leffingwell_goodscents
134.2,CCOC(=O)CCS,ethyl 3-sulfanylpropanoate,ethyl 3-mercaptopropionate,leffingwell,leffingwell_goodscents
164.2,CC(=O)CCC1=CC=C(C=C1)O,4-(4-hydroxyphenyl)butan-2-one,4-(4-hydroxyphenyl)-2-butanone,leffingwell,leffingwell_goodscents
186.29,CCC(C)CCCCCCC(=O)O,8-methyldecanoic acid,8-methyldecanoic acid,leffingwell,leffingwell_goodscents
194.23,C1C(OC(O1)CC2=CC=CC=C2)CO,"(2-benzyl-1,3-dioxolan-4-yl)methanol",phenylacetaldehyde glyceryl acetal,leffingwell,leffingwell_goodscents
108.14,CC1=NC=CN=C1C,"2,3-dimethylpyrazine","2,3-dimethylpyrazine",leffingwell,leffingwell_goodscents
170.25,CC1(CCC(O1)C(C)(C)O)C=C,2-(5-ethenyl-5-methyloxolan-2-yl)propan-2-ol,60047-17-8,leffingwell,leffingwell_goodscents
136.23,CC1=CCC(CC1)C(=C)C,1-methyl-4-prop-1-en-2-ylcyclohexene,limonene,leffingwell,leffingwell_goodscents
182.4,CCCSSSCCC,1-(propyltrisulfanyl)propane,dipropyl trisulfide,leffingwell,leffingwell_goodscents
88.15,CCCC(C)O,pentan-2-ol,2-pentanol,leffingwell,leffingwell_goodscents
184.32,CCCCCCCCCCC(=O)C,dodecan-2-one,2-dodecanone,leffingwell,leffingwell_goodscents
180.2,CC(=O)OCCOC1=CC=CC=C1,2-phenoxyethyl acetate,2-phenoxyethyl acetate,leffingwell,leffingwell_goodscents
222.28,CCCCCCOC(=O)C1=CC=CC=C1O,hexyl 2-hydroxybenzoate,hexyl salicylate,leffingwell,leffingwell_goodscents
258.4,CCCCCCCCCCCCOC(=O)C(C)O,dodecyl 2-hydroxypropanoate,6283-92-7,leffingwell,leffingwell_goodscents
200.32,CCCCCCOC(=O)CCCCC,hexyl hexanoate,hexyl hexanoate,leffingwell,leffingwell_goodscents
122.3,CSCCSC,"1,2-bis(methylsulfanyl)ethane","2,5-dithiahexane",leffingwell,leffingwell_goodscents
138.21,CCCCC=CC=CC=O,"nona-2,4-dienal","nona-2,4-dienal",leffingwell,leffingwell_goodscents
206.28,CCCCCCOC(=O)C1=CC=CC=C1,hexyl benzoate,hexyl benzoate,leffingwell,leffingwell_goodscents
230.4,C1=CSC(=C1)SSC2=CC=CS2,2-(thiophen-2-yldisulfanyl)thiophene,2-thienyl disulfide,leffingwell,leffingwell_goodscents
206.28,CCCCCC(=O)OCC1=CC=CC=C1,benzyl hexanoate,benzyl hexanoate,leffingwell,leffingwell_goodscents
230.3,CC(C)OC(=O)CCCCC(=O)OC(C)C,dipropan-2-yl hexanedioate,diisopropyl adipate,leffingwell,leffingwell_goodscents
184.23,CC(=O)CC(=O)OC1CCCCC1,cyclohexyl 3-oxobutanoate,cyclohexyl acetoacetate,leffingwell,leffingwell_goodscents
256.42,CCCCCCCCCCCCCCC(=O)OC,methyl pentadecanoate,methyl pentadecanoate,leffingwell,leffingwell_goodscents
264.4,CCOC(C(C)CC1=CC=C(C=C1)C(C)C)OCC,"1-(3,3-diethoxy-2-methylpropyl)-4-propan-2-ylbenzene",7149-24-8,leffingwell,leffingwell_goodscents
273.37,CC(=CCCC(C)(C=C)OC(=O)C1=CC=CC=C1N)C,"3,7-dimethylocta-1,6-dien-3-yl 2-aminobenzoate",linalyl anthranilate,leffingwell,leffingwell_goodscents
140.2,COC1=CC=CC=C1S,2-methoxybenzenethiol,2-methoxybenzenethiol,leffingwell,leffingwell_goodscents
142.2,CCCCOC(=O)C=CC,butyl but-2-enoate,but-2-enoic acid butyl ester,leffingwell,leffingwell_goodscents
130.18,CCC(C)C(=O)OCC,ethyl 2-methylbutanoate,ethyl 2-methylbutyrate,leffingwell,leffingwell_goodscents
216.27,CCCCOC(=O)C(C)OC(=O)CCC,(1-butoxy-1-oxopropan-2-yl) butanoate,butyl butyryllactate,leffingwell,leffingwell_goodscents
114.14,CC(C)C(=O)C(=O)C,"4-methylpentane-2,3-dione",acetyl isobutyryl,leffingwell,leffingwell_goodscents
192.21,C=CCOC(=O)COC1=CC=CC=C1,prop-2-enyl 2-phenoxyacetate,allyl phenoxyacetate,leffingwell,leffingwell_goodscents
190.19,CCOC(=O)CC(C(=O)OCC)O,diethyl 2-hydroxybutanedioate,diethyl malate,leffingwell,leffingwell_goodscents
193.24,CCCCOC(=O)C1=CC=CC=C1N,butyl 2-aminobenzoate,butyl anthranilate,leffingwell,leffingwell_goodscents
152.23,CC1CCC(CC1=O)C(=C)C,2-methyl-5-prop-1-en-2-ylcyclohexan-1-one,dihydrocarvone,leffingwell,leffingwell_goodscents
219.28,C1CCC(CC1)OC(=O)C2=CC=CC=C2N,cyclohexyl 2-aminobenzoate,cyclohexyl anthranilate,leffingwell,leffingwell_goodscents
202.33,CCCCCCCCCC(OC)OC,"1,1-dimethoxydecane","1,1-dimethoxydecane",leffingwell,leffingwell_goodscents
193.24,CC(C)COC(=O)C1=CC=CC=C1N,2-methylpropyl 2-aminobenzoate,isobutyl anthranilate,leffingwell,leffingwell_goodscents
186.29,CCCCCCC(=O)OCC(C)C,2-methylpropyl heptanoate,isobutyl heptanoate,leffingwell,leffingwell_goodscents
142.24,CCCCCCC(C)C=O,2-methyloctanal,2-methyloctanal,leffingwell,leffingwell_goodscents
154.25,CC1CCC(C(C1)O)C(=C)C,5-methyl-2-prop-1-en-2-ylcyclohexan-1-ol,isopulegol,leffingwell,leffingwell_goodscents
176.25,CCOCCC(OCC)OCC,"1,1,3-triethoxypropane","1,1,3-triethoxypropane",leffingwell,leffingwell_goodscents
150.17,CCOC1=CC=C(C=C1)C=O,4-ethoxybenzaldehyde,4-ethoxybenzaldehyde,leffingwell,leffingwell_goodscents
192.21,COC1=C(C=CC(=C1)CC=C)OC=O,(2-methoxy-4-prop-2-enylphenyl) formate,eugenyl formate,leffingwell,leffingwell_goodscents
186.29,CCCCCCOC(=O)C(C)CC,hexyl 2-methylbutanoate,hexyl 2-methylbutanoate,leffingwell,leffingwell_goodscents
73.14,CCC(C)N,butan-2-amine,sec-butylamine,leffingwell,leffingwell_goodscents
220.31,CCCC(=O)OC(C)(C)CC1=CC=CC=C1,(2-methyl-1-phenylpropan-2-yl) butanoate,10094-34-5,leffingwell,leffingwell_goodscents
166.22,CCOC(=O)C1CC2CC1C=C2,ethyl bicyclo[2.2.1]hept-5-ene-2-carboxylate,10138-32-6,leffingwell,leffingwell_goodscents
186.33,CCCCCCCCCCC(C)O,dodecan-2-ol,2-dodecanol,leffingwell,leffingwell_goodscents
242.4,CCCCCCCCCCCC(=O)OC(C)C,propan-2-yl dodecanoate,isopropyl dodecanoate,leffingwell,leffingwell_goodscents
282.3,COC1=C(C=CC(=C1)CC=C)OC(=O)CC2=CC=CC=C2,(2-methoxy-4-prop-2-enylphenyl) 2-phenylacetate,eugenyl phenylacetate,leffingwell,leffingwell_goodscents
104.15,CCOC(C)OC,1-ethoxy-1-methoxyethane,1-ethoxy-1-methoxyethane,leffingwell,leffingwell_goodscents
198.34,CCCCCCCCCCCCC=O,tridecanal,tridecanal,leffingwell,leffingwell_goodscents
242.4,CCCCCCCCCCC(=O)OCCCC,butyl undecanoate,butyl undecanoate,leffingwell,leffingwell_goodscents
128.21,CCCCC(=O)C(C)C,2-methylheptan-3-one,2-methyl-3-heptanone,leffingwell,leffingwell_goodscents
156.26,C=CCCCCCCCCO,dec-9-en-1-ol,9-decen-1-ol,leffingwell,leffingwell_goodscents
136.19,CCC1=CN=C(C=N1)CC,"2,5-diethylpyrazine","2,5-diethylpyrazine",leffingwell,leffingwell_goodscents
122.17,CCC1=NC=C(N=C1)C,2-ethyl-5-methylpyrazine,2-ethyl-5-methylpyrazine,leffingwell,leffingwell_goodscents
136.19,CCC1=NC(=CN=C1C)C,"3-ethyl-2,5-dimethylpyrazine","3-ethyl-2,5-dimethylpyrazine",leffingwell,leffingwell_goodscents
136.23,CC1=CCC2C(C1)C2(C)C,"3,7,7-trimethylbicyclo[4.1.0]hept-3-ene",3-carene,leffingwell,leffingwell_goodscents
156.26,CC(C)(C)C1CCCCC1O,2-tert-butylcyclohexan-1-ol,2-tert-butylcyclohexanol,leffingwell,leffingwell_goodscents
128.17,CC(C)CC(=O)C(=O)C,"5-methylhexane-2,3-dione","5-methylhexane-2,3-dione",leffingwell,leffingwell_goodscents
108.14,CCC1=NC=CN=C1,2-ethylpyrazine,2-ethylpyrazine,leffingwell,leffingwell_goodscents
122.17,CCC1=NC(=CN=C1)C,2-ethyl-6-methylpyrazine,2-ethyl-6-methylpyrazine,leffingwell,leffingwell_goodscents
150.22,CC1=NC=CN=C1CC(C)C,2-methyl-3-(2-methylpropyl)pyrazine,2-isobutyl-3-methylpyrazine,leffingwell,leffingwell_goodscents
136.19,CCC1=NC=C(N=C1C)C,"2-ethyl-3,5-dimethylpyrazine","2-ethyl-3,5-dimethylpyrazine",leffingwell,leffingwell_goodscents
120.15,CC1=CN=C(C=N1)C=C,2-ethenyl-5-methylpyrazine,2-methyl-5-vinylpyrazine,leffingwell,leffingwell_goodscents
170.25,CC1(C(CCC(O1)(C)C=C)O)C,"6-ethenyl-2,2,6-trimethyloxan-3-ol",14049-11-7,leffingwell,leffingwell_goodscents
298.5,CCCCCCCCCCCCCCCCC(=O)OCC,ethyl heptadecanoate,ethyl heptadecanoate,leffingwell,leffingwell_goodscents
140.22,CCCCCC=CC(=O)C,non-3-en-2-one,nonenone,leffingwell,leffingwell_goodscents
122.17,CC1=CN=C(C(=N1)C)C,"2,3,5-trimethylpyrazine","2,3,5-trimethylpyrazine",leffingwell,leffingwell_goodscents
180.24,CC1(CCCC2(C1=CC(=O)O2)C)C,"4,4,7a-trimethyl-6,7-dihydro-5H-1-benzofuran-2-one",15356-74-8,leffingwell,leffingwell_goodscents
127.21,CCC1=NC(=CS1)C,"2-ethyl-4-methyl-1,3-thiazole",2-ethyl-4-methylthiazole,leffingwell,leffingwell_goodscents
122.17,CCC1=NC=CN=C1C,2-ethyl-3-methylpyrazine,2-ethyl-3-methylpyrazine,leffingwell,leffingwell_goodscents
136.19,CCC1=NC=CN=C1CC,"2,3-diethylpyrazine","2,3-diethylpyrazine",leffingwell,leffingwell_goodscents
136.19,CCC1=CN=C(C(=N1)C)C,"5-ethyl-2,3-dimethylpyrazine","5-ethyl-2,3-dimethylpyrazine",leffingwell,leffingwell_goodscents
154.25,CC1CCOC(C1)C=C(C)C,4-methyl-2-(2-methylprop-1-enyl)oxane,16409-43-1,leffingwell,leffingwell_goodscents
198.3,CC1CCC(C(C1)OC(=O)C)C(C)C,(5-methyl-2-propan-2-ylcyclohexyl) acetate,menthyl acetate,leffingwell,leffingwell_goodscents
240.38,CCC(C)C(=O)OC1CC(CCC1C(C)C)C,(5-methyl-2-propan-2-ylcyclohexyl) 2-methylbutanoate,2-(isopropyl)-5-methylcyclohexyl 2-methylbutyrate,leffingwell,leffingwell_goodscents
198.3,CCCCCC(C=C)OC(=O)CCC,oct-1-en-3-yl butanoate,1-octen-3-yl butyrate,leffingwell,leffingwell_goodscents
168.28,CCC(C)(C)C1CCC(=O)CC1,4-(2-methylbutan-2-yl)cyclohexan-1-one,16587-71-6,leffingwell,leffingwell_goodscents
150.22,CCC1=NC=C(N=C1CC)C,"2,3-diethyl-5-methylpyrazine","2,3-diethyl-5-methylpyrazine",leffingwell,leffingwell_goodscents
150.22,CCC1=CN=C(C(=N1)CC)C,"3,5-diethyl-2-methylpyrazine","3,5-diethyl-2-methylpyrazine",leffingwell,leffingwell_goodscents
326.6,CCCCCCCCCCCCCCCCCCC(=O)OCC,ethyl nonadecanoate,ethyl nonadecanoate,leffingwell,leffingwell_goodscents
156.26,CC(CCCC(C)(C)O)C=C,"2,6-dimethyloct-7-en-2-ol",dihydromyrcenol,leffingwell,leffingwell_goodscents
170.29,CCCCCCCCC(C)C=O,2-methyldecanal,2-methyldecanal,leffingwell,leffingwell_goodscents
139.19,CC1=C(OC(=N1)C(C)C)C,"4,5-dimethyl-2-propan-2-yl-1,3-oxazole","2-isopropyl-4,5-dimethyloxazole",leffingwell,leffingwell_goodscents
182.3,C[C@H]1CCC[C@@]2([C@@]1(CCCC2)O)C,"(4S,4aS,8aR)-4,8a-dimethyl-1,2,3,4,5,6,7,8-octahydronaphthalen-4a-ol",geosmin,leffingwell,leffingwell_goodscents
178.23,CCCCC(=O)OC1=CC=CC=C1,phenyl pentanoate,phenyl valerate,leffingwell,leffingwell_goodscents
154.21,CC1CC(=O)CC(C1=O)(C)C,"2,2,6-trimethylcyclohexane-1,4-dione",20547-99-3,leffingwell,leffingwell_goodscents
111.14,CC1=C(OC(=N1)C)C,"2,4,5-trimethyl-1,3-oxazole",fema 4394,leffingwell,leffingwell_goodscents
132.2,CCCOC(C)OCC,1-(1-ethoxyethoxy)propane,1-(1-ethoxyethoxy)propane,leffingwell,leffingwell_goodscents
196.29,CC(=CCC(COC(=O)C)C(=C)C)C,(5-methyl-2-prop-1-en-2-ylhex-4-enyl) acetate,25905-14-0,leffingwell,leffingwell_goodscents
196.29,CC1CCC(CC1OC(=O)C)C(=C)C,(2-methyl-5-prop-1-en-2-ylcyclohexyl) acetate,dihydrocarvyl acetate,leffingwell,leffingwell_goodscents
200.32,CC(C)CCCC(C)CCOC(=O)C,"3,7-dimethyloctyl acetate","3,7-dimethyloctyl acetate",leffingwell,leffingwell_goodscents
180.29,CCCCCCCC=CC=CC=O,"dodeca-2,4-dienal","dodeca-2,4-dienal",leffingwell,leffingwell_goodscents
170.25,CC(=O)OCCC1CCCCC1,2-cyclohexylethyl acetate,2-cyclohexylethyl acetate,leffingwell,leffingwell_goodscents
122.12,CC(=O)C1=NC=CN=C1,1-pyrazin-2-ylethanone,acetylpyrazine,leffingwell,leffingwell_goodscents
136.15,CC1=CN=C(C=N1)C(=O)C,1-(5-methylpyrazin-2-yl)ethanone,22047-27-4,leffingwell,leffingwell_goodscents
192.25,CCCCOC(=O)CC1=CC=CC=C1,butyl 2-phenylacetate,butyl phenylacetate,leffingwell,leffingwell_goodscents
194.23,CC(=O)CCC1=CC(=C(C=C1)O)OC,4-(4-hydroxy-3-methoxyphenyl)butan-2-one,zingerone,leffingwell,leffingwell_goodscents
148.2,CCOC(OCC)OCC,diethoxymethoxyethane,triethyl orthoformate,leffingwell,leffingwell_goodscents
164.2,CCC(=O)OCC1=CC=CC=C1,benzyl propanoate,benzyl propionate,leffingwell,leffingwell_goodscents
178.23,CCC(=O)OCCC1=CC=CC=C1,2-phenylethyl propanoate,2-phenylethyl propionate,leffingwell,leffingwell_goodscents
178.23,CC(=O)OCCCC1=CC=CC=C1,3-phenylpropyl acetate,3-phenylpropyl acetate,leffingwell,leffingwell_goodscents
136.15,CC(=O)OC1=CC=CC=C1,phenyl acetate,phenyl acetate,leffingwell,leffingwell_goodscents
164.2,CC(=O)CC1=CC=C(C=C1)OC,1-(4-methoxyphenyl)propan-2-one,4-methoxyphenylacetone,leffingwell,leffingwell_goodscents
136.19,C1=CC=C(C=C1)CCCO,3-phenylpropan-1-ol,3-phenyl-1-propanol,leffingwell,leffingwell_goodscents
138.16,C1=CC=C(C=C1)OCCO,2-phenoxyethanol,2-phenoxyethanol,leffingwell,leffingwell_goodscents
128.21,CCCCC(CC)C=O,2-ethylhexanal,2-ethylhexanal,leffingwell,leffingwell_goodscents
122.16,CCC1=CC=C(C=C1)O,4-ethylphenol,4-ethylphenol,leffingwell,leffingwell_goodscents
136.15,COC1=CC=C(C=C1)C=O,4-methoxybenzaldehyde,4-methoxybenzaldehyde,leffingwell,leffingwell_goodscents
100.16,CCCC(C)C=O,2-methylpentanal,2-methylpentanal,leffingwell,leffingwell_goodscents
114.19,CCCC(=O)CCC,heptan-4-one,4-heptanone,leffingwell,leffingwell_goodscents
174.19,CCOC(=O)CCC(=O)OCC,diethyl butanedioate,diethyl succinate,leffingwell,leffingwell_goodscents
186.29,CCCCCCCCC(=O)OCC,ethyl nonanoate,ethyl nonanoate,leffingwell,leffingwell_goodscents
108.14,CC1=CN=C(C=N1)C,"2,5-dimethylpyrazine","2,5-dimethylpyrazine",leffingwell,leffingwell_goodscents
116.16,CC(=O)CC(C)(C)O,4-hydroxy-4-methylpentan-2-one,diacetone alcohol,leffingwell,leffingwell_goodscents
88.15,CC(C)CCO,3-methylbutan-1-ol,isoamyl alcohol,leffingwell,leffingwell_goodscents
132.16,CC1OC(OC(O1)C)C,"2,4,6-trimethyl-1,3,5-trioxane",paraldehyde,leffingwell,leffingwell_goodscents
144.21,CCCCCC(=O)OCC,ethyl hexanoate,ethyl hexanoate,leffingwell,leffingwell_goodscents
156.22,CCCCCC(=O)OCC=C,prop-2-enyl hexanoate,allyl hexanoate,leffingwell,leffingwell_goodscents
370.6,CCCCCCCCOC(=O)CCCCC(=O)OCCCCCCCC,dioctyl hexanedioate,dioctyl adipate,leffingwell,leffingwell_goodscents
116.16,CCCCOC(=O)C,butyl acetate,butyl acetate,leffingwell,leffingwell_goodscents
130.18,CC(C)CCOC(=O)C,3-methylbutyl acetate,isoamyl acetate,leffingwell,leffingwell_goodscents
340.6,CCCCCCCCCCCCCCCCCC(=O)OCCCC,butyl octadecanoate,butyl stearate,leffingwell,leffingwell_goodscents
256.42,CCCCCCCCCCCCCC(=O)OCC,ethyl tetradecanoate,ethyl myristate,leffingwell,leffingwell_goodscents
242.4,CCCCCCCCCCCCCC(=O)OC,methyl tetradecanoate,methyl tetradecanoate,leffingwell,leffingwell_goodscents
126.24,CCCCCCCC=C,non-1-ene,1-nonene,leffingwell,leffingwell_goodscents
142.24,CCCCCCCCC=O,nonanal,nonanal,leffingwell,leffingwell_goodscents
212.37,CCCCCCCCCCCCCC=O,tetradecanal,tetradecanal,leffingwell,leffingwell_goodscents
258.35,CC(=CCCC(C)(C=C)OC(=O)C1=CC=CC=C1)C,"3,7-dimethylocta-1,6-dien-3-yl benzoate",linalyl benzoate,leffingwell,leffingwell_goodscents
166.26,CC1(C2CC=C(C1C2)CCO)C,"2-(6,6-dimethyl-2-bicyclo[3.1.1]hept-2-enyl)ethanol",nopol,leffingwell,leffingwell_goodscents
194.23,CCC(=O)OCCOC1=CC=CC=C1,2-phenoxyethyl propanoate,2-phenoxyethyl propionate,leffingwell,leffingwell_goodscents
152.3,CC1SC(SS1)C,"3,5-dimethyl-1,2,4-trithiolane","3,5-dimethyl-1,2,4-trithiolane",leffingwell,leffingwell_goodscents
136.15,CC1=NC=CN=C1C(=O)C,1-(3-methylpyrazin-2-yl)ethanone,2-acetyl-3-methylpyrazine,leffingwell,leffingwell_goodscents
103.19,CC1NCCS1,"2-methyl-1,3-thiazolidine",2-methylthiazolidine,leffingwell,leffingwell_goodscents
166.22,CC(C)CC1=NC=CN=C1OC,2-methoxy-3-(2-methylpropyl)pyrazine,2-isobutyl-3-methoxypyrazine,leffingwell,leffingwell_goodscents
186.29,CCCCCOC(=O)CCC(C)C,pentyl 4-methylpentanoate,pentyl 4-methylpentanoate,leffingwell,leffingwell_goodscents
147.13,C(CC(=O)O)[C@@H](C(=O)O)N,(2S)-2-aminopentanedioic acid,l-glutamic acid,leffingwell,leffingwell_goodscents
138.17,CCC1=NC=CN=C1OC,2-ethyl-3-methoxypyrazine,2-ethyl-3-methoxypyrazine,leffingwell,leffingwell_goodscents
152.19,CC(C)C1=NC=CN=C1OC,2-methoxy-3-propan-2-ylpyrazine,2-isopropyl-3-methoxypyrazine,leffingwell,leffingwell_goodscents
122.16,CC1=CC=CC=C1OC,1-methoxy-2-methylbenzene,2-methylanisole,leffingwell,leffingwell_goodscents
94.2,CC(S)S,"ethane-1,1-dithiol",ethanedithiol,leffingwell,leffingwell_goodscents
166.22,CCCCCC1=CC=CC(=O)O1,6-pentylpyran-2-one,6-pentyl-2h-pyran-2-one,leffingwell,leffingwell_goodscents
140.22,CCC=CCCC=CCO,"nona-2,6-dien-1-ol","nona-2,6-dien-1-ol",leffingwell,leffingwell_goodscents
114.17,CC1=C(C=CO1)S,2-methylfuran-3-thiol,2-methyl-3-furanthiol,leffingwell,leffingwell_goodscents
112.19,CC1=C(SC=C1)C,"2,3-dimethylthiophene","2,3-dimethylthiophene",leffingwell,leffingwell_goodscents
122.17,CC(C)C1=NC=CN=C1,2-propan-2-ylpyrazine,2-isopropylpyrazine,leffingwell,leffingwell_goodscents
152.23,CC1CCC(C(=O)C1)C(=C)C,5-methyl-2-prop-1-en-2-ylcyclohexan-1-one,isopulegone,leffingwell,leffingwell_goodscents
136.3,CCCSSCC,1-(ethyldisulfanyl)propane,ethyl propyl disulfide,leffingwell,leffingwell_goodscents
228.37,CCCCCCCCCC(=O)OCCCC,butyl decanoate,butyl decanoate,leffingwell,leffingwell_goodscents
194.31,CCC(=O)C1CC(CC=C1C)C(C)C,1-(2-methyl-5-propan-2-ylcyclohex-2-en-1-yl)propan-1-one,nerone,leffingwell,leffingwell_goodscents
194.31,CC1=CCCC(C1CCC(=O)C)(C)C,"4-(2,6,6-trimethylcyclohex-2-en-1-yl)butan-2-one",dihydro-alpha-ionone,leffingwell,leffingwell_goodscents
180.2,COC1=CC(=CC(=C1O)OC)C=C,"4-ethenyl-2,6-dimethoxyphenol",28343-22-8,leffingwell,leffingwell_goodscents
198.3,CC(=O)OC1CCC(CC1)C(C)(C)C,(4-tert-butylcyclohexyl) acetate,4-tert-butylcyclohexyl acetate,leffingwell,leffingwell_goodscents
141.24,CCC1=C(SC(=N1)C)C,"4-ethyl-2,5-dimethyl-1,3-thiazole","2,5-dimethyl-4-ethylthiazole",leffingwell,leffingwell_goodscents
150.22,CCC1=CN=C(C(=N1)C)CC,"2,5-diethyl-3-methylpyrazine","2,5-diethyl-3-methylpyrazine",leffingwell,leffingwell_goodscents
134.18,C1CCC2=NC=CN=C2C1,"5,6,7,8-tetrahydroquinoxaline","5,6,7,8-tetrahydroquinoxaline",leffingwell,leffingwell_goodscents
184.27,CCC=CCCOC(=O)CC(C)C,hex-3-enyl 3-methylbutanoate,hex-3-enyl 3-methylbutanoate,leffingwell,leffingwell_goodscents
314.5,CCCCCCCCCCCCCCCCOC(=O)C(C)O,hexadecyl 2-hydroxypropanoate,cetyl lactate,leffingwell,leffingwell_goodscents
104.17,CC(C(=O)C)S,3-sulfanylbutan-2-one,3-mercapto-2-butanone,leffingwell,leffingwell_goodscents
270.5,CCCCCCCCCCCCCCC(=O)OCC,ethyl pentadecanoate,ethyl pentadecanoate,leffingwell,leffingwell_goodscents
141.24,CCCC1=CSC(=N1)C,"2-methyl-4-propyl-1,3-thiazole",2-methyl-4-propylthiazole,leffingwell,leffingwell_goodscents
214.34,CCCCCCCCC(=O)OCCCC,butyl nonanoate,butyl nonanoate,leffingwell,leffingwell_goodscents
198.3,CC(=O)OCCCCCCCCC=C,dec-9-enyl acetate,9-decenyl acetate,leffingwell,leffingwell_goodscents
168.23,CCCCCC1CC=CC(=O)O1,"2-pentyl-2,3-dihydropyran-6-one",massoia lactone,leffingwell,leffingwell_goodscents
127.21,CCC1=C(N=CS1)C,"5-ethyl-4-methyl-1,3-thiazole",5-ethyl-4-methylthiazole,leffingwell,leffingwell_goodscents
155.26,CC1=C(SC(=N1)C(C)C)C,"4,5-dimethyl-2-propan-2-yl-1,3-thiazole",53498-30-9,leffingwell,leffingwell_goodscents
128.19,CC1=CC(=C(O1)C)S,"2,5-dimethylfuran-3-thiol","2,5-dimethylfuran-3-thiol",leffingwell,leffingwell_goodscents
212.31,CC1=CC(=C(O1)C)SC(=O)CC(C)C,"S-(2,5-dimethylfuran-3-yl) 3-methylbutanethioate","2,5-dimethyl-3-thioisovalerylfuran",leffingwell,leffingwell_goodscents
266.5,CCCCCCCCCCCCCCCC=CC=O,octadec-2-enal,octadec-2-enal,leffingwell,leffingwell_goodscents
124.22,CCCCCC=CC=C,"nona-1,3-diene",nonadiene,leffingwell,leffingwell_goodscents
186.29,CC(CCOC(=O)C)CC(C)(C)C,"3,5,5-trimethylhexyl acetate","3,5,5-trimethylhexyl acetate",leffingwell,leffingwell_goodscents
240.34,C[C@H]1CC[C@@H]([C@H](C1)OC(=O)CC(=O)C)C(C)C,"[(1S,2R,5S)-5-methyl-2-propan-2-ylcyclohexyl] 3-oxobutanoate",l-menthyl acetoacetate,leffingwell,leffingwell_goodscents
234.33,CCCCCCCC(=O)OC1=CC=C(C=C1)C,(4-methylphenyl) octanoate,p-tolyl octanoate,leffingwell,leffingwell_goodscents
158.24,CCCC(C)OC(=O)CCC,pentan-2-yl butanoate,2-pentyl butyrate,leffingwell,leffingwell_goodscents
188.3,CCCSSC1=C(OC=C1)C,2-methyl-3-(propyldisulfanyl)furan,61197-09-9,leffingwell,leffingwell_goodscents
160.3,CC1=C(C=CO1)SSC,2-methyl-3-(methyldisulfanyl)furan,methyl 2-methyl-3-furyl disulfide,leffingwell,leffingwell_goodscents
228.37,CCCC(=O)OCCC(C)CCCC(C)C,"3,7-dimethyloctyl butanoate",tetrahydrogeranyl butyrate,leffingwell,leffingwell_goodscents
172.26,CC(C)CCCC(C)OC(=O)C,6-methylheptan-2-yl acetate,"1,5-dimethylhexyl acetate",leffingwell,leffingwell_goodscents
206.24,CC(=CCOC(=O)C1=CC=CC=C1O)C,3-methylbut-2-enyl 2-hydroxybenzoate,prenyl salicylate,leffingwell,leffingwell_goodscents
156.22,CCCCC=CCC(=O)OC,methyl oct-3-enoate,3-octenoic acid methyl ester,leffingwell,leffingwell_goodscents
152.19,CCOC1=CC=CC=C1CO,(2-ethoxyphenyl)methanol,2-ethoxybenzyl alcohol,leffingwell,leffingwell_goodscents
169.29,CCCCC1=NC(=C(S1)C)C,"2-butyl-4,5-dimethyl-1,3-thiazole","2-butyl-4,5-dimethylthiazole",leffingwell,leffingwell_goodscents
99.13,CC1N=C(CO1)C,"2,4-dimethyl-2,5-dihydro-1,3-oxazole","2,4-dimethyl-3-oxazoline",leffingwell,leffingwell_goodscents
238.37,CC(C)CC(=O)OC1CC2CCC1(C2(C)C)C,"(1,7,7-trimethyl-2-bicyclo[2.2.1]heptanyl) 3-methylbutanoate",isobornyl isovalerate,leffingwell,leffingwell_goodscents
180.2,CCOC(=O)C1=CC=C(C=C1)OC,ethyl 4-methoxybenzoate,ethyl 4-methoxybenzoate,leffingwell,leffingwell_goodscents
128.17,CCCCC(=O)C(=O)C,"heptane-2,3-dione","2,3-heptanedione",leffingwell,leffingwell_goodscents
226.35,CC(C)C(=O)OCCC(C)CCC=C(C)C,"3,7-dimethyloct-6-enyl 2-methylpropanoate",citronellyl isobutyrate,leffingwell,leffingwell_goodscents
148.2,CC1=CC=C(C=C1)C(C)C=O,2-(4-methylphenyl)propanal,2-(4-methylphenyl)propanal,leffingwell,leffingwell_goodscents
166.22,COC(CC1=CC=CC=C1)OC,"2,2-dimethoxyethylbenzene",phenylacetaldehyde dimethyl acetal,leffingwell,leffingwell_goodscents
226.27,CC1=CC=C(C=C1)OC(=O)CC2=CC=CC=C2,(4-methylphenyl) 2-phenylacetate,p-tolyl phenylacetate,leffingwell,leffingwell_goodscents
192.25,CC(C)COC(=O)CC1=CC=CC=C1,2-methylpropyl 2-phenylacetate,isobutyl phenylacetate,leffingwell,leffingwell_goodscents
226.27,C1=CC=C(C=C1)CC(=O)OCC2=CC=CC=C2,benzyl 2-phenylacetate,benzyl phenylacetate,leffingwell,leffingwell_goodscents
208.25,CC(C)C(=O)OCCOC1=CC=CC=C1,2-phenoxyethyl 2-methylpropanoate,2-phenoxyethyl isobutyrate,leffingwell,leffingwell_goodscents
134.17,CC1=CC=C(C=C1)CC=O,2-(4-methylphenyl)acetaldehyde,104-09-6,leffingwell,leffingwell_goodscents
178.23,CC(=O)CCC1=CC=C(C=C1)OC,4-(4-methoxyphenyl)butan-2-one,4-(4-methoxyphenyl)-2-butanone,leffingwell,leffingwell_goodscents
164.2,C1=CC=C(C=C1)CCCOC=O,3-phenylpropyl formate,3-phenylpropyl formate,leffingwell,leffingwell_goodscents
270.36,C1CCCCCC(=O)OCCOC(=O)CCCCC1,"1,4-dioxacycloheptadecane-5,17-dione",ethylene brassylate,leffingwell,leffingwell_goodscents
256.42,CCCCCCCCCCCC(=O)OCCCC,butyl dodecanoate,butyl laurate,leffingwell,leffingwell_goodscents
140.22,CC(CCC=C(C)C)C=O,"2,6-dimethylhept-5-enal","2,6-dimethyl-5-heptenal",leffingwell,leffingwell_goodscents
84.12,CC(=CC=O)C,3-methylbut-2-enal,3-methyl-2-butenal,leffingwell,leffingwell_goodscents
200.32,CCCCCCCCOC(=O)C(C)C,octyl 2-methylpropanoate,octyl isobutyrate,leffingwell,leffingwell_goodscents
240.38,CCCCOC(=O)CCCCCCCCC=C,butyl undec-10-enoate,butyl undec-10-enoate,leffingwell,leffingwell_goodscents
200.32,CCCCCCCCOC(=O)CCC,octyl butanoate,octyl butyrate,leffingwell,leffingwell_goodscents
184.32,CCCCCCCCCC(C)C=O,2-methylundecanal,2-methylundecanal,leffingwell,leffingwell_goodscents
212.33,CC(=O)OCCCCCCCCCC=C,undec-10-enyl acetate,10-undecen-1-yl acetate,leffingwell,leffingwell_goodscents
182.26,CC(=CCCC(C)(C=C)OC=O)C,"3,7-dimethylocta-1,6-dien-3-yl formate",linalyl formate,leffingwell,leffingwell_goodscents
150.22,CC1=C(C(CC=C1)(C)C)C=O,"2,6,6-trimethylcyclohexa-1,3-diene-1-carbaldehyde",safranal,leffingwell,leffingwell_goodscents
138.23,CC1=C(C(=CC=C1)C)S,"2,6-dimethylbenzenethiol","2,6-dimethylthiophenol",leffingwell,leffingwell_goodscents
178.23,CC(C)COC(=O)C1=CC=CC=C1,2-methylpropyl benzoate,isobutyl benzoate,leffingwell,leffingwell_goodscents
248.36,CCCCCCCCOC(=O)CC1=CC=CC=C1,octyl 2-phenylacetate,octyl phenylacetate,leffingwell,leffingwell_goodscents
192.25,CCC(=O)OCCCC1=CC=CC=C1,3-phenylpropyl propanoate,3-phenylpropyl propanoate,leffingwell,leffingwell_goodscents
166.17,COC1=CC=C(C=C1)COC=O,(4-methoxyphenyl)methyl formate,4-methoxybenzyl formate,leffingwell,leffingwell_goodscents
154.25,C[C@@]12CC[C@H](C1(C)C)C[C@H]2O,"(1R,2R,4S)-1,7,7-trimethylbicyclo[2.2.1]heptan-2-ol",isoborneol,leffingwell,leffingwell_goodscents
226.35,CC(C)C(=O)OCCC(C)CCCC(=C)C,"3,7-dimethyloct-7-enyl 2-methylpropanoate",rhodinyl isobutyrate,leffingwell,leffingwell_goodscents
184.27,CC(CCCC(=C)C)CCOC=O,"3,7-dimethyloct-7-enyl formate",rhodinyl formate,leffingwell,leffingwell_goodscents
226.35,CCCC(=O)OCCC(C)CCCC(=C)C,"3,7-dimethyloct-7-enyl butanoate",rhodinyl butyrate,leffingwell,leffingwell_goodscents
186.29,CCCCCCCCOC(=O)CC,octyl propanoate,octyl propionate,leffingwell,leffingwell_goodscents
210.31,CCC(=O)OC(C)(CCC=C(C)C)C=C,"3,7-dimethylocta-1,6-dien-3-yl propanoate",linalyl propionate,leffingwell,leffingwell_goodscents
166.26,CC1=C(C(CCC1)(C)C)CC=O,"2-(2,6,6-trimethylcyclohexen-1-yl)acetaldehyde","2,6,6-trimethyl-1-cyclohexene-1-acetaldehyde",leffingwell,leffingwell_goodscents
222.37,CC1(CC2C1CCC3(CCCC2(C3)O)C)C,"4,4,8-trimethyltricyclo[6.3.1.02,5]dodecan-1-ol",beta-caryophyllene alcohol,leffingwell,leffingwell_goodscents
152.23,CC1=CC(C2CC1C2(C)C)O,"4,6,6-trimethylbicyclo[3.1.1]hept-3-en-2-ol",verbenol,leffingwell,leffingwell_goodscents
250.38,CC1(CCCC2(C1CCC3(C2CC(=O)O3)C)C)C,"3a,6,6,9a-tetramethyl-1,4,5,5a,7,8,9,9b-octahydrobenzo[e][1]benzofuran-2-one",norambreinolide,leffingwell,leffingwell_goodscents
150.22,CC1(C2CC=C(C1C2)C=O)C,"6,6-dimethylbicyclo[3.1.1]hept-2-ene-2-carbaldehyde",myrtenal,leffingwell,leffingwell_goodscents
164.24,CCCCOCC1=CC=CC=C1,butoxymethylbenzene,benzyl butyl ether,leffingwell,leffingwell_goodscents
158.24,CCCCC(=O)OCCCC,butyl pentanoate,butyl valerate,leffingwell,leffingwell_goodscents
100.12,C=CCCC(=O)O,pent-4-enoic acid,4-pentenoic acid,leffingwell,leffingwell_goodscents
166.17,COC1=CC=CC=C1C(=O)OC,methyl 2-methoxybenzoate,methyl 2-methoxybenzoate,leffingwell,leffingwell_goodscents
134.17,COC1=CC=CC=C1C=C,1-ethenyl-2-methoxybenzene,2-vinylanisole,leffingwell,leffingwell_goodscents
166.17,CC(=O)OC1=CC=CC=C1OC,(2-methoxyphenyl) acetate,2-methoxyphenyl acetate,leffingwell,leffingwell_goodscents
228.24,CC1=CC=CC=C1OC(=O)C2=CC=CC=C2O,(2-methylphenyl) 2-hydroxybenzoate,o-tolyl salicylate,leffingwell,leffingwell_goodscents
132.16,CC(C)OC(=O)C(C)O,propan-2-yl 2-hydroxypropanoate,isopropyl lactate,leffingwell,leffingwell_goodscents
154.16,CCC(=O)OCC1=CC=CO1,furan-2-ylmethyl propanoate,furfuryl propionate,leffingwell,leffingwell_goodscents
168.19,CCCC(=O)OCC1=CC=CO1,furan-2-ylmethyl butanoate,furfuryl butyrate,leffingwell,leffingwell_goodscents
104.17,CCSC(=O)C,S-ethyl ethanethioate,s-ethyl ethanethioate,leffingwell,leffingwell_goodscents
130.18,CCCCCCOC=O,hexyl formate,hexyl formate,leffingwell,leffingwell_goodscents
158.19,CCC(=O)OCC1CCCO1,oxolan-2-ylmethyl propanoate,tetrahydrofurfuryl propionate,leffingwell,leffingwell_goodscents
130.18,CCCC(=O)OC(C)C,propan-2-yl butanoate,isopropyl butyrate,leffingwell,leffingwell_goodscents
214.34,CCCCCCCC(=O)OCCCCC,pentyl octanoate,pentyl octanoate,leffingwell,leffingwell_goodscents
185.25,CC1=C(SC=N1)CCOC(=O)C,"2-(4-methyl-1,3-thiazol-5-yl)ethyl acetate",656-53-1,leffingwell,leffingwell_goodscents
142.15,CCC1C(=C(C(=O)O1)O)C,2-ethyl-4-hydroxy-3-methyl-2H-furan-5-one,698-10-2,leffingwell,leffingwell_goodscents
136.15,CC1=CC(=C(C=C1)C=O)O,2-hydroxy-4-methylbenzaldehyde,2-hydroxy-4-methylbenzaldehyde,leffingwell,leffingwell_goodscents
164.24,CCCC(CC1=CC=CC=C1)O,1-phenylpentan-2-ol,1-phenyl-2-pentanol,leffingwell,leffingwell_goodscents
184.27,CCCCCCC1CCCC(=O)O1,6-hexyloxan-2-one,delta-undecalactone,leffingwell,leffingwell_goodscents
112.13,CC1CCC(=O)C1=O,"3-methylcyclopentane-1,2-dione","3-methylcyclopentane-1,2-dione",leffingwell,leffingwell_goodscents
108.23,CC(CS)S,"propane-1,2-dithiol","1,2-propanedithiol",leffingwell,leffingwell_goodscents
194.18,CC(=O)OC1=C(C=C(C=C1)C=O)OC,(4-formyl-2-methoxyphenyl) acetate,vanillin acetate,leffingwell,leffingwell_goodscents
142.24,CCCCCCC(=O)CC,nonan-3-one,3-nonanone,leffingwell,leffingwell_goodscents
123.15,CC(=O)C1=CC=CN1C,1-(1-methylpyrrol-2-yl)ethanone,2-acetyl-1-methylpyrrole,leffingwell,leffingwell_goodscents
160.21,C=CC(CC=O)C1=CC=CC=C1,3-phenylpent-4-enal,3-phenylpent-4-enal,leffingwell,leffingwell_goodscents
102.16,C1CSCC1=O,thiolan-3-one,tetrahydrothiophen-3-one,leffingwell,leffingwell_goodscents
123.15,CCC(=O)C1=CC=CN1,1-(1H-pyrrol-2-yl)propan-1-one,2-propionylpyrrole,leffingwell,leffingwell_goodscents
140.2,CSC1=CC=CC=C1O,2-methylsulfanylphenol,2-(methylthio)phenol,leffingwell,leffingwell_goodscents
194.27,CC(=O)OCC1=CCC2CC1C2(C)C,"(6,6-dimethyl-2-bicyclo[3.1.1]hept-2-enyl)methyl acetate",myrtenyl acetate,leffingwell,leffingwell_goodscents
152.23,CC1=CCOC(C1)C=C(C)C,"4-methyl-2-(2-methylprop-1-enyl)-3,6-dihydro-2H-pyran",nerol oxide,leffingwell,leffingwell_goodscents
86.09,C=CCOC=O,prop-2-enyl formate,allyl formate,leffingwell,leffingwell_goodscents
156.25,CC(C)SCC1=CC=CO1,2-(propan-2-ylsulfanylmethyl)furan,furfuryl isopropyl sulfide,leffingwell,leffingwell_goodscents
154.25,CC1=CCC(C1(C)C)CCO,"2-(2,2,3-trimethylcyclopent-3-en-1-yl)ethanol",alpha-campholenol,leffingwell,leffingwell_goodscents
184.27,CC(CCC=C(C)C)CC(=O)OC,"methyl 3,7-dimethyloct-6-enoate",methyl citronellate,leffingwell,leffingwell_goodscents
160.21,CCCC(CC(=O)OCC)O,ethyl 3-hydroxyhexanoate,ethyl 3-hydroxyhexanoate,leffingwell,leffingwell_goodscents
256.42,CCCCCCCCOC(=O)CCCCCCC,octyl octanoate,octyl octanoate,leffingwell,leffingwell_goodscents
118.2,CCCSC(=O)C,S-propyl ethanethioate,s-propyl thioacetate,leffingwell,leffingwell_goodscents
172.22,CC(C)CCOC(=O)CC(=O)C,3-methylbutyl 3-oxobutanoate,isoamyl acetoacetate,leffingwell,leffingwell_goodscents
150.22,CC(CCC1=CC=CC=C1)O,4-phenylbutan-2-ol,4-phenyl-2-butanol,leffingwell,leffingwell_goodscents
226.4,CCCCCCCCCCCCCC(=O)C,pentadecan-2-one,pentadecan-2-one,leffingwell,leffingwell_goodscents
186.29,CCCCCCCOC(=O)C(C)C,heptyl 2-methylpropanoate,heptyl 2-methylpropanoate,leffingwell,leffingwell_goodscents
128.17,CCCC=CC(=O)OC,methyl hex-2-enoate,methyl hex-2-enoate,leffingwell,leffingwell_goodscents
114.14,CCC(=O)OCC=C,prop-2-enyl propanoate,allyl propionate,leffingwell,leffingwell_goodscents
142.15,CC1C(=O)C(=C(O1)C)OC,"4-methoxy-2,5-dimethylfuran-3-one",4077-47-8,leffingwell,leffingwell_goodscents
242.27,COC1=CC=CC=C1OC(=O)CC2=CC=CC=C2,(2-methoxyphenyl) 2-phenylacetate,guaiacyl phenylacetate,leffingwell,leffingwell_goodscents
170.16,CC1C(=O)C(=C(O1)C)OC(=O)C,"(2,5-dimethyl-4-oxofuran-3-yl) acetate",4166-20-5,leffingwell,leffingwell_goodscents
152.15,C=CCOC(=O)C1=CC=CO1,prop-2-enyl furan-2-carboxylate,allyl 2-furoate,leffingwell,leffingwell_goodscents
146.14,C1=CC=C2C(=C1)C=C(O2)C=O,1-benzofuran-2-carbaldehyde,4265-16-1,leffingwell,leffingwell_goodscents
242.4,CCCCCCCC(=O)OCCCCCCC,heptyl octanoate,heptyl octanoate,leffingwell,leffingwell_goodscents
126.2,CCCCCC(=O)C=C,oct-1-en-3-one,1-octen-3-one,leffingwell,leffingwell_goodscents
118.13,CCOCCC(=O)O,3-ethoxypropanoic acid,3-ethoxypropanoic acid,leffingwell,leffingwell_goodscents
162.23,CC(C)C1=CC=C(C=C1)CC=O,2-(4-propan-2-ylphenyl)acetaldehyde,4395-92-0,leffingwell,leffingwell_goodscents
190.24,CCCCC1C2=CC=CC=C2C(=O)O1,3-butyl-3H-2-benzofuran-1-one,butylphthalide,leffingwell,leffingwell_goodscents
152.23,CC1=CC(=O)[C@@H](CC1)C(C)C,(6S)-3-methyl-6-propan-2-ylcyclohex-2-en-1-one,d-piperitone,leffingwell,leffingwell_goodscents
156.22,CCC(=O)OC1CCCCC1,cyclohexyl propanoate,cyclohexyl propionate,leffingwell,leffingwell_goodscents
220.31,CCCCCC(=O)OCCC1=CC=CC=C1,2-phenylethyl hexanoate,2-phenylethyl hexanoate,leffingwell,leffingwell_goodscents
270.5,CCCCCCCCCCCC(=O)OCCC(C)C,3-methylbutyl dodecanoate,isoamyl laurate,leffingwell,leffingwell_goodscents
164.2,COC1=C(C=C(C=C1)C=C)OC,"4-ethenyl-1,2-dimethoxybenzene","3,4-dimethoxystyrene",leffingwell,leffingwell_goodscents
198.3,CC(CCC=C(C)C)CCOCC=O,"2-(3,7-dimethyloct-6-enoxy)acetaldehyde",citronellyloxyacetaldehyde,leffingwell,leffingwell_goodscents
204.26,CC(=C(C)C(=O)OCC1=CC=CC=C1)C,"benzyl 2,3-dimethylbut-2-enoate","benzyl 2,3-dimethylbut-2-enoate",leffingwell,leffingwell_goodscents
208.3,CCCOC(C)OCCC1=CC=CC=C1,2-(1-propoxyethoxy)ethylbenzene,(2-(1-propoxyethoxy)ethyl)benzene,leffingwell,leffingwell_goodscents
184.27,CCCCCCCCC(=O)C(=O)C,"undecane-2,3-dione","undecane-2,3-dione",leffingwell,leffingwell_goodscents
210.31,C=CCOC(=O)CCCC1CCCCC1,prop-2-enyl 4-cyclohexylbutanoate,allyl cyclohexanebutyrate,leffingwell,leffingwell_goodscents
238.37,C=CCOC(=O)CCCCCC1CCCCC1,prop-2-enyl 6-cyclohexylhexanoate,allyl cyclohexanehexanoate,leffingwell,leffingwell_goodscents
224.34,C=CCOC(=O)CCCCC1CCCCC1,prop-2-enyl 5-cyclohexylpentanoate,7493-68-7,leffingwell,leffingwell_goodscents
156.22,CCC(CC)C(=O)OCC=C,prop-2-enyl 2-ethylbutanoate,allyl 2-ethylbutyrate,leffingwell,leffingwell_goodscents
198.3,CCCCCCCCC(=O)OCC=C,prop-2-enyl nonanoate,allyl nonanoate,leffingwell,leffingwell_goodscents
224.34,C=CCCCCCCCCC(=O)OCC=C,prop-2-enyl undec-10-enoate,allyl undecylenate,leffingwell,leffingwell_goodscents
200.32,CCCCCCC(=O)OCCCCC,pentyl heptanoate,pentyl heptanoate,leffingwell,leffingwell_goodscents
240.38,CCCCC(=O)OCCC(C)CCC=C(C)C,"3,7-dimethyloct-6-enyl pentanoate",citronellyl valerate,leffingwell,leffingwell_goodscents
194.23,CCC(=O)OCC1=CC=C(C=C1)OC,(4-methoxyphenyl)methyl propanoate,anisyl propionate,leffingwell,leffingwell_goodscents
238.37,CCCCC(=O)O[C@@H]1CC2CCC1(C2(C)C)C,"[(2R)-1,7,7-trimethyl-2-bicyclo[2.2.1]heptanyl] pentanoate","[(2r)-1,7,7-trimethyl-2-bicyclo[2.2.1]heptanyl] pentanoate",leffingwell,leffingwell_goodscents
174.28,CCCCCCCC(OC)OC,"1,1-dimethoxyoctane","1,1-dimethoxyoctane",leffingwell,leffingwell_goodscents
290.4,CCCCCCCCCCCC(=O)OC1=CC=C(C=C1)C,(4-methylphenyl) dodecanoate,p-tolyl laurate,leffingwell,leffingwell_goodscents
280.4,CCCCCCCC(=O)OC(C)(CCC=C(C)C)C=C,"3,7-dimethylocta-1,6-dien-3-yl octanoate",linalyl octanoate,leffingwell,leffingwell_goodscents
234.33,CC(C)C(=O)OC(C)(C)CCC1=CC=CC=C1,(2-methyl-4-phenylbutan-2-yl) 2-methylpropanoate,10031-71-7,leffingwell,leffingwell_goodscents
206.28,CCCC(=O)OC(CC)C1=CC=CC=C1,1-phenylpropyl butanoate,1-phenylpropyl butyrate,leffingwell,leffingwell_goodscents
144.21,CCC(CC)COC(=O)C,2-ethylbutyl acetate,2-ethylbutyl acetate,leffingwell,leffingwell_goodscents
168.19,CCOC(=O)CCC1=CC=CO1,ethyl 3-(furan-2-yl)propanoate,10031-90-0,leffingwell,leffingwell_goodscents
182.26,CCCCCCC#CC(=O)OCC,ethyl non-2-ynoate,ethyl non-2-ynoate,leffingwell,leffingwell_goodscents
192.25,CCOC(=O)CCCC1=CC=CC=C1,ethyl 4-phenylbutanoate,ethyl 4-phenylbutanoate,leffingwell,leffingwell_goodscents
160.25,CCCCCCC(OC)OC,"1,1-dimethoxyheptane","1,1-dimethoxyheptane",leffingwell,leffingwell_goodscents
186.29,CCCCCCOC(=O)CC(C)C,hexyl 3-methylbutanoate,hexyl isovalerate,leffingwell,leffingwell_goodscents
214.3,CCCCCCC1CC(CO1)OC(=O)C,(5-hexyloxolan-3-yl) acetate,10039-39-1,leffingwell,leffingwell_goodscents
178.23,CC(C)(CC1=CC=CC=C1)OC=O,(2-methyl-1-phenylpropan-2-yl) formate,dmbc formate,leffingwell,leffingwell_goodscents
184.27,CCOC(=O)CCC1CCCCC1,ethyl 3-cyclohexylpropanoate,ethyl 3-cyclohexylpropanoate,leffingwell,leffingwell_goodscents
112.13,C1CC=C(C(=O)C1)O,2-hydroxycyclohex-2-en-1-one,"2-cyclohexen-1-one, 2-hydroxy-",leffingwell,leffingwell_goodscents
178.27,CCC(C)(CCC1=CC=CC=C1)O,3-methyl-1-phenylpentan-3-ol,3-methyl-1-phenyl-3-pentanol,leffingwell,leffingwell_goodscents
192.25,CC(CCC1=CC=CC=C1)OC(=O)C,4-phenylbutan-2-yl acetate,4-phenyl-2-butyl acetate,leffingwell,leffingwell_goodscents
274.4,CC(CCCC(=C)C)CCOC(=O)CC1=CC=CC=C1,"3,7-dimethyloct-7-enyl 2-phenylacetate","3,7-dimethyloct-7-en-1-yl 2-phenylacetate",leffingwell,leffingwell_goodscents
164.24,C1=CC=C(C=C1)CCCCCO,5-phenylpentan-1-ol,5-phenylpentan-1-ol,leffingwell,leffingwell_goodscents
196.29,CCCCCCCCC#CC(=O)OC,methyl undec-2-ynoate,methyl 2-undecynoate,leffingwell,leffingwell_goodscents
138.16,CC1=CC(=C(O1)C)C(=O)C,"1-(2,5-dimethylfuran-3-yl)ethanone","3-acetyl-2,5-dimethylfuran",leffingwell,leffingwell_goodscents
182.22,CCOCC1=CC(=C(C=C1)O)OC,4-(ethoxymethyl)-2-methoxyphenol,4-(ethoxymethyl)-2-methoxyphenol,leffingwell,leffingwell_goodscents
172.18,CCC(=O)CC(=O)C(=O)OCC,"ethyl 2,4-dioxohexanoate","ethyl 2,4-dioxohexanoate",leffingwell,leffingwell_goodscents
148.23,CCOC(=O)CCSC,ethyl 3-methylsulfanylpropanoate,13327-56-5,leffingwell,leffingwell_goodscents
126.15,CC1CC(=O)C(=O)C1C,"3,4-dimethylcyclopentane-1,2-dione",13494-06-9,leffingwell,leffingwell_goodscents
126.15,CC1CC(C(=O)C1=O)C,"3,5-dimethylcyclopentane-1,2-dione","3,5-dimethyl-1,2-cyclopentanedione",leffingwell,leffingwell_goodscents
134.2,COC(=O)CCSC,methyl 3-methylsulfanylpropanoate,methyl 3-(methylthio)propionate,leffingwell,leffingwell_goodscents
127.21,CC1=C(SC(=N1)C)C,"2,4,5-trimethyl-1,3-thiazole","2,4,5-trimethylthiazole",leffingwell,leffingwell_goodscents
118.2,CCC(=O)CSC,1-methylsulfanylbutan-2-one,1-(methylthio)-2-butanone,leffingwell,leffingwell_goodscents
128.19,CC1=CC=C(O1)SC,2-methyl-5-methylsulfanylfuran,2-methyl-5-(methylthio)furan,leffingwell,leffingwell_goodscents
182.22,CC(C)CC(=O)OCC1=CC=CO1,furan-2-ylmethyl 3-methylbutanoate,furfuryl isovalerate,leffingwell,leffingwell_goodscents
194.25,C1=COC(=C1)CSCC2=CC=CO2,2-(furan-2-ylmethylsulfanylmethyl)furan,difurfuryl sulfide,leffingwell,leffingwell_goodscents
156.2,CC(=O)SCC1=CC=CO1,S-(furan-2-ylmethyl) ethanethioate,furfuryl thioacetate,leffingwell,leffingwell_goodscents
112.13,COCC1=CC=CO1,2-(methoxymethyl)furan,2-(methoxymethyl)furan,leffingwell,leffingwell_goodscents
142.18,CSC(=O)C1=CC=CO1,S-methyl furan-2-carbothioate,methyl 2-thiofuroate,leffingwell,leffingwell_goodscents
126.18,CC1=CC=C(S1)C=O,5-methylthiophene-2-carbaldehyde,13679-70-4,leffingwell,leffingwell_goodscents
116.18,CC1C(=O)CCS1,2-methylthiolan-3-one,13679-85-1,leffingwell,leffingwell_goodscents
152.23,CC(=C)C1CCC(O1)(C)C=C,2-ethenyl-2-methyl-5-prop-1-en-2-yloxolane,13679-86-2,leffingwell,leffingwell_goodscents
144.17,CC1=C2C(=CC=C1)N=CC=N2,5-methylquinoxaline,5-methylquinoxaline,leffingwell,leffingwell_goodscents
196.29,CC(=O)OC1[C@]2(CC[C@H](C2)C1(C)C)C,"[(1S,4R)-1,3,3-trimethyl-2-bicyclo[2.2.1]heptanyl] acetate",(1r)-(+)-fenchyl acetate,leffingwell,leffingwell_goodscents
136.19,CC1=CN=C(C=N1)C(C)C,2-methyl-5-propan-2-ylpyrazine,2-isopropyl-5-methylpyrazine,leffingwell,leffingwell_goodscents
182.22,CCC1=CC(=C(C(=C1)OC)O)OC,"4-ethyl-2,6-dimethoxyphenol",4-ethylsyringol,leffingwell,leffingwell_goodscents
135.21,CC(C)CC1=CN=CC=C1,3-(2-methylpropyl)pyridine,3-isobutylpyridine,leffingwell,leffingwell_goodscents
166.22,CCCCCC(=O)C1=CC=CO1,1-(furan-2-yl)hexan-1-one,2-hexanoylfuran,leffingwell,leffingwell_goodscents
170.25,C=CCCCCCCCC(=O)O,dec-9-enoic acid,9-decenoic acid,leffingwell,leffingwell_goodscents
273.37,CC1=CCC(CC1)C(C)(C)OC(=O)C2=CC=CC=C2N,2-(4-methylcyclohex-3-en-1-yl)propan-2-yl 2-aminobenzoate,alpha-terpinyl anthranilate,leffingwell,leffingwell_goodscents
154.25,CCC(C)C1CCCCC1=O,2-butan-2-ylcyclohexan-1-one,2-sec-butylcyclohexanone,leffingwell,leffingwell_goodscents
194.27,CC(=C)C1CCC(=CC1)COC(=O)C,(4-prop-1-en-2-ylcyclohexen-1-yl)methyl acetate,perillyl acetate,leffingwell,leffingwell_goodscents
194.27,CC1=CCC(CC1)C(=C)COC(=O)C,2-(4-methylcyclohex-3-en-1-yl)prop-2-enyl acetate,limonen-10-yl acetate,leffingwell,leffingwell_goodscents
141.24,CC1=CSC(=N1)C(C)C,"4-methyl-2-propan-2-yl-1,3-thiazole",2-isopropyl-4-methylthiazole,leffingwell,leffingwell_goodscents
129.18,CCOC1=NC=CS1,"2-ethoxy-1,3-thiazole",2-ethoxythiazole,leffingwell,leffingwell_goodscents
158.24,CCCCOC(=O)C(C)CC,butyl 2-methylbutanoate,butyl 2-methylbutyrate,leffingwell,leffingwell_goodscents
134.17,CC1=CC(=C(C=C1)C=O)C,"2,4-dimethylbenzaldehyde","2,4-dimethylbenzaldehyde",leffingwell,leffingwell_goodscents
122.3,CCC(CS)S,"butane-1,2-dithiol","1,2-butanedithiol",leffingwell,leffingwell_goodscents
196.29,CCCCCCCC1CC=CC(=O)O1,"2-heptyl-2,3-dihydropyran-6-one","6-heptyl-5,6-dihydro-2h-pyran-2-one",leffingwell,leffingwell_goodscents
198.3,CCCCCCC1CCCCC(=O)O1,7-hexyloxepan-2-one,7-hexyloxepan-2-one,leffingwell,leffingwell_goodscents
118.2,CC(CC=O)SC,3-methylsulfanylbutanal,3-(methylthio)butanal,leffingwell,leffingwell_goodscents
154.25,CCCCCC=CCCC=O,dec-4-enal,"4-decenal, (4z)-",leffingwell,leffingwell_goodscents
152.19,CCC(C=O)C1=CC=C(O1)C,2-(5-methylfuran-2-yl)butanal,2-(5-methylfuran-2-yl)butanal,leffingwell,leffingwell_goodscents
144.21,CC(C)CC(=O)OC(C)C,propan-2-yl 3-methylbutanoate,isopropyl isovalerate,leffingwell,leffingwell_goodscents
150.18,CCC1=NC=CN=C1C(=O)C,1-(3-ethylpyrazin-2-yl)ethanone,2-acetyl-3-ethylpyrazine,leffingwell,leffingwell_goodscents
118.2,CC(=O)CCSC,4-methylsulfanylbutan-2-one,4-methylthio-2-butanone,leffingwell,leffingwell_goodscents
152.3,CSSSCC=C,3-(methyltrisulfanyl)prop-1-ene,allyl methyl trisulfide,leffingwell,leffingwell_goodscents
162.23,CC1=CC2=CC(=O)CCC2CC1,"7-methyl-4,4a,5,6-tetrahydro-3H-naphthalen-2-one",34545-88-5,leffingwell,leffingwell_goodscents
104.17,CC(=O)CCS,4-sulfanylbutan-2-one,4-mercapto-2-butanone,leffingwell,leffingwell_goodscents
166.22,CC(=C1CCC2(C(C1=O)O2)C)C,6-methyl-3-propan-2-ylidene-7-oxabicyclo[4.1.0]heptan-2-one,piperitenone oxide,leffingwell,leffingwell_goodscents
140.21,C1=CN=C(C=N1)CCS,2-pyrazin-2-ylethanethiol,pyrazineethanethiol,leffingwell,leffingwell_goodscents
152.22,CC1=NC=C2CSCC2=N1,"2-methyl-5,7-dihydrothieno[3,4-d]pyrimidine","2-methyl-5,7-dihydrothieno[3,4-d]pyrimidine",leffingwell,leffingwell_goodscents
194.31,CC1CCC2(O1)C(=CCCC2(C)C)C,"2,6,6,10-tetramethyl-1-oxaspiro[4.5]dec-9-ene",theaspirane,leffingwell,leffingwell_goodscents
178.23,CC1=CC=CC=C1OC(=O)C(C)C,(2-methylphenyl) 2-methylpropanoate,o-tolyl isobutyrate,leffingwell,leffingwell_goodscents
182.22,CCCCC(=O)OCC1=CC=CO1,furan-2-ylmethyl pentanoate,furfuryl pentanoate,leffingwell,leffingwell_goodscents
190.24,CC=C(C)C(=O)OCC1=CC=CC=C1,benzyl 2-methylbut-2-enoate,benzyl 2-methylbut-2-enoate,leffingwell,leffingwell_goodscents
129.18,CC1=NC=C(S1)OC,"5-methoxy-2-methyl-1,3-thiazole",5-methoxy-2-methylthiazole,leffingwell,leffingwell_goodscents
232.4,CC1C2(CCO1)SC3CCOC3(S2)C,"2',3a-dimethylspiro[6,6a-dihydro-5H-[1,3]dithiolo[4,5-b]furan-2,3'-oxolane]",38325-25-6,leffingwell,leffingwell_goodscents
193.24,CCNC1=CC=CC=C1C(=O)OCC,ethyl 2-(ethylamino)benzoate,ethyl 2-(ethylamino)benzoate,leffingwell,leffingwell_goodscents
186.32,CC1CCC(C(=O)C1)C(C)(C)S,5-methyl-2-(2-sulfanylpropan-2-yl)cyclohexan-1-one,p-mentha-8-thiol-3-one,leffingwell,leffingwell_goodscents
196.24,CCCCCCOC(=O)C1=CC=CO1,hexyl furan-2-carboxylate,hexyl 2-furoate,leffingwell,leffingwell_goodscents
224.3,CCCCCCCC(=O)OCC1=CC=CO1,furan-2-ylmethyl octanoate,furfuryl octanoate,leffingwell,leffingwell_goodscents
137.18,CCN1C=CC=C1C(=O)C,1-(1-ethylpyrrol-2-yl)ethanone,2-acetyl-1-ethylpyrrole,leffingwell,leffingwell_goodscents
174.26,CC(=O)CCSCCC(=O)C,4-(3-oxobutylsulfanyl)butan-2-one,"4,4'-thiobis-2-butanone",leffingwell,leffingwell_goodscents
198.3,CCCCCCCC1CC(OC1=O)C,3-heptyl-5-methyloxolan-2-one,3-heptyldihydro-5-methyl-2(3h)-furanone,leffingwell,leffingwell_goodscents
130.21,CCC(=O)SCC=C,S-prop-2-enyl propanethioate,allyl thiopropionate,leffingwell,leffingwell_goodscents
204.26,CC(=CC(=O)OCCC1=CC=CC=C1)C,2-phenylethyl 3-methylbut-2-enoate,phenethyl senecioate,leffingwell,leffingwell_goodscents
118.2,CSCCCC=O,4-methylsulfanylbutanal,4-(methylthio)butanal,leffingwell,leffingwell_goodscents
216.23,CCOC(=O)C1=C(OC=C1)C2=CC=CC=C2,ethyl 2-phenylfuran-3-carboxylate,2-phenyl-3-carbethoxyfuran,leffingwell,leffingwell_goodscents
184.23,CC(=O)C1(CCCCC1)OC(=O)C,(1-acetylcyclohexyl) acetate,1-acetylcyclohexyl acetate,leffingwell,leffingwell_goodscents
142.2,CCOC(=O)C(C)CC=C,ethyl 2-methylpent-4-enoate,ethyl 2-methyl-4-pentenoate,leffingwell,leffingwell_goodscents
125.17,CCC1=NC(=C(O1)C)C,"2-ethyl-4,5-dimethyl-1,3-oxazole","2-ethyl-4,5-dimethyloxazole",leffingwell,leffingwell_goodscents
106.19,CC(C(C)S)O,3-sulfanylbutan-2-ol,3-mercapto-2-butanol,leffingwell,leffingwell_goodscents
194.4,CC(C(C)SC(C)C(C)S)O,3-(3-sulfanylbutan-2-ylsulfanyl)butan-2-ol,3-((2-mercapto-1-methylpropyl)thio)-2-butanol,leffingwell,leffingwell_goodscents
192.25,CC1=CC=C(C=C1)OC(=O)CC(C)C,(4-methylphenyl) 3-methylbutanoate,55066-56-3,leffingwell,leffingwell_goodscents
152.23,C[C@@H]1CC[C@@H]([C@@H]1C=O)C(=C)C,"(1R,2R,5S)-2-methyl-5-prop-1-en-2-ylcyclopentane-1-carbaldehyde","cis,cis-photocitral a",leffingwell,leffingwell_goodscents
192.21,CC(=O)CCC1=CC2=C(C=C1)OCO2,"4-(1,3-benzodioxol-5-yl)butan-2-one",piperonyl acetone,leffingwell,leffingwell_goodscents
180.3,CC1(CSC(CS1)(C)O)O,"2,5-dimethyl-1,4-dithiane-2,5-diol","2,5-dimethyl-1,4-dithiane-2,5-diol",leffingwell,leffingwell_goodscents
168.23,CC(C)C1=CCC(CC1)C(=O)O,4-propan-2-ylcyclohex-3-ene-1-carboxylic acid,"1,2,5,6-tetrahydrocuminic acid",leffingwell,leffingwell_goodscents
194.31,CC1=C(C(CC=C1)(C)C)CCC(C)O,"4-(2,6,6-trimethylcyclohexa-1,3-dien-1-yl)butan-2-ol",dehydrodihydroionol,leffingwell,leffingwell_goodscents
264.4,CC(=O)OC12CCCC(C1)(CCC3C2CC3(C)C)C,"(4,4,8-trimethyl-1-tricyclo[6.3.1.02,5]dodecanyl) acetate",beta-caryophyllene alcohol acetate,leffingwell,leffingwell_goodscents
118.2,CC1C(CCO1)S,2-methyloxolane-3-thiol,57124-87-5,leffingwell,leffingwell_goodscents
160.3,CSSCC1=CC=CO1,2-[(methyldisulfanyl)methyl]furan,methyl furfuryl disulfide,leffingwell,leffingwell_goodscents
170.23,CCC(=O)SCC1=CC=CO1,S-(furan-2-ylmethyl) propanethioate,furfuryl thiopropionate,leffingwell,leffingwell_goodscents
142.18,C1=COC(=C1)CSC=O,S-(furan-2-ylmethyl) methanethioate,furfuryl thioformate,leffingwell,leffingwell_goodscents
126.18,C1=CN=C(C=N1)CS,pyrazin-2-ylmethanethiol,2-mercaptomethylpyrazine,leffingwell,leffingwell_goodscents
158.24,CCCCCC(CO)C(=O)C,3-(hydroxymethyl)octan-2-one,3-(hydroxymethyl)octan-2-one,leffingwell,leffingwell_goodscents
140.18,CCOC(=O)C(C)C=C=C,,"ethyl 2-methyl-3,4-pentadienoate",leffingwell,leffingwell_goodscents
254.39,CCCCC(=O)C(CCC)SC1=C(OC=C1)C,4-(2-methylfuran-3-yl)sulfanylnonan-5-one,61295-50-9,leffingwell,leffingwell_goodscents
254.39,CC1=C(C=CO1)SC(C(C)C)C(=O)CC(C)C,"2,6-dimethyl-3-(2-methylfuran-3-yl)sulfanylheptan-4-one",61295-51-0,leffingwell,leffingwell_goodscents
140.22,CCCCCC(=C)C(=O)C,3-methylideneoctan-2-one,2-pentyl-1-buten-3-one,leffingwell,leffingwell_goodscents
126.2,CC=CCCCCC=O,oct-6-enal,63826-25-5,leffingwell,leffingwell_goodscents
118.2,CCC(C(=O)C)S,3-sulfanylpentan-2-one,3-mercapto-2-pentanone,leffingwell,leffingwell_goodscents
224.34,CCCC(=O)OC(C)(CCC=C(C)C)C=C,"3,7-dimethylocta-1,6-dien-3-yl butanoate",linalyl butyrate,leffingwell,leffingwell_goodscents
106.15,CC(C(=O)O)S,2-sulfanylpropanoic acid,2-mercaptopropionic acid,leffingwell,leffingwell_goodscents
210.31,CCC(=O)OC(C)(C)C1CCC(=CC1)C,2-(4-methylcyclohex-3-en-1-yl)propan-2-yl propanoate,terpinyl propionate,leffingwell,leffingwell_goodscents
242.27,C1=CC=C(C=C1)CCOC(=O)C2=CC=CC=C2O,2-phenylethyl 2-hydroxybenzoate,phenethyl salicylate,leffingwell,leffingwell_goodscents
206.19,CCOC(=O)C(C(C(=O)OCC)O)O,"diethyl 2,3-dihydroxybutanedioate",diethyl tartrate,leffingwell,leffingwell_goodscents
198.3,CC(=O)OC1CCCCC1C(C)(C)C,(2-tert-butylcyclohexyl) acetate,2-tert-butylcyclohexyl acetate,leffingwell,leffingwell_goodscents
180.24,CC(C1=CC=CC=C1)C(OC)OC,"1,1-dimethoxypropan-2-ylbenzene",2-phenylpropionaldehyde dimethyl acetal,leffingwell,leffingwell_goodscents
154.16,COC1=C(C=CC(=C1)CO)O,4-(hydroxymethyl)-2-methoxyphenol,vanillyl alcohol,leffingwell,leffingwell_goodscents
170.25,CC1CCC(OC(=O)C1)C(C)C,4-methyl-7-propan-2-yloxepan-2-one,menthone lactone,leffingwell,leffingwell_goodscents
156.26,C[C@@H]1CC[C@H](C[C@H]1O)C(C)C,"(1R,2R,5R)-2-methyl-5-propan-2-ylcyclohexan-1-ol",carvomenthol,leffingwell,leffingwell_goodscents
147.3,CSCCCN=C=S,1-isothiocyanato-3-methylsulfanylpropane,505-79-3,leffingwell,leffingwell_goodscents
268.31,COC1=C(C=CC(=C1)CC=C)OC(=O)C2=CC=CC=C2,(2-methoxy-4-prop-2-enylphenyl) benzoate,eugenyl benzoate,leffingwell,leffingwell_goodscents
152.19,CC1=CC(=O)CC(C1=O)(C)C,"2,6,6-trimethylcyclohex-2-ene-1,4-dione",1125-21-9,leffingwell,leffingwell_goodscents
152.19,COC(C1=CC=CC=C1)OC,dimethoxymethylbenzene,benzaldehyde dimethyl acetal,leffingwell,leffingwell_goodscents
166.26,CCCCCC1=C(CCC1=O)C,3-methyl-2-pentylcyclopent-2-en-1-one,dihydrojasmone,leffingwell,leffingwell_goodscents
116.16,CC1COC(O1)(C)C,"2,2,4-trimethyl-1,3-dioxolane","2,2,4-trimethyl-1,3-dioxolane",leffingwell,leffingwell_goodscents
132.2,CC1=CC=C(C=C1)C(=C)C,1-methyl-4-prop-1-en-2-ylbenzene,1195-32-0,leffingwell,leffingwell_goodscents
182.26,CC1(C2CCC1([C@H](C2)OC=O)C)C,"[(2S)-1,7,7-trimethyl-2-bicyclo[2.2.1]heptanyl] formate",isobornyl formate,leffingwell,leffingwell_goodscents
104.22,CCCC(C)S,pentane-2-thiol,2-pentanethiol,leffingwell,leffingwell_goodscents
172.26,CCCCCOC(=O)CCCC,pentyl pentanoate,pentyl valerate,leffingwell,leffingwell_goodscents
120.2,CSSCC=C,3-(methyldisulfanyl)prop-1-ene,allyl methyl disulfide,leffingwell,leffingwell_goodscents
118.2,CCCC(=O)SC,S-methyl butanethioate,methyl thiobutyrate,leffingwell,leffingwell_goodscents
172.26,CCC(C)COC(=O)CC(C)C,2-methylbutyl 3-methylbutanoate,2-methylbutyl isovalerate,leffingwell,leffingwell_goodscents
168.28,CCCCCCCCC=CC=O,undec-2-enal,undecenal,leffingwell,leffingwell_goodscents
120.15,C=CC1=CC=C(C=C1)O,4-ethenylphenol,4-vinylphenol,leffingwell,leffingwell_goodscents
152.19,CCC1=CC(=C(C=C1)O)OC,4-ethyl-2-methoxyphenol,4-ethyl-2-methoxyphenol,leffingwell,leffingwell_goodscents
206.28,CCC(CC1=CC=CC=C1)C(=O)OCC,ethyl 2-benzylbutanoate,ethyl 2-benzylbutanoate,leffingwell,leffingwell_goodscents
130.18,CCOC(C=C)OCC,"3,3-diethoxyprop-1-ene",acrolein diethyl acetal,leffingwell,leffingwell_goodscents
102.13,CCC(C(=O)C)O,3-hydroxypentan-2-one,3-hydroxy-2-pentanone,leffingwell,leffingwell_goodscents
190.28,C1CC(OC1)CCCC2=CC=CC=C2,2-(3-phenylpropyl)oxolane,2-(3-phenylpropyl)tetrahydrofuran,leffingwell,leffingwell_goodscents
113.18,CC1=C(SC=N1)C,"4,5-dimethyl-1,3-thiazole","4,5-dimethylthiazole",leffingwell,leffingwell_goodscents
114.14,CCC(=O)C(=O)CC,"hexane-3,4-dione","3,4-hexanedione",leffingwell,leffingwell_goodscents
178.23,CC(C)OC(=O)CC1=CC=CC=C1,propan-2-yl 2-phenylacetate,isopropyl phenylacetate,leffingwell,leffingwell_goodscents
270.5,CCCCCCCCCCCC(=O)OCCCCC,pentyl dodecanoate,amyl laurate,leffingwell,leffingwell_goodscents
132.16,CCOC(=O)CC(C)O,ethyl 3-hydroxybutanoate,ethyl 3-hydroxybutyrate,leffingwell,leffingwell_goodscents
186.29,CCCCCCOC(=O)C(C)(C)C,"hexyl 2,2-dimethylpropanoate",hexyl pivalate,leffingwell,leffingwell_goodscents
220.31,CC(C)CC(=O)OCCCC1=CC=CC=C1,3-phenylpropyl 3-methylbutanoate,3-phenylpropyl isovalerate,leffingwell,leffingwell_goodscents
222.24,CC(C)C(=O)OCC1=CC2=C(C=C1)OCO2,"1,3-benzodioxol-5-ylmethyl 2-methylpropanoate",piperonyl isobutyrate,leffingwell,leffingwell_goodscents
170.25,CCCCC1CCCCC(=O)O1,7-butyloxepan-2-one,7-butyloxepan-2-one,leffingwell,leffingwell_goodscents
186.29,CCCCCCCOC(=O)CCC,heptyl butanoate,heptyl butyrate,leffingwell,leffingwell_goodscents
250.33,CCCCCCCCOC(=O)C1=CC=CC=C1O,octyl 2-hydroxybenzoate,octyl salicylate,leffingwell,leffingwell_goodscents
176.25,CC(C)C1=CC=C(C=C1)CCC=O,3-(4-propan-2-ylphenyl)propanal,7775-00-0,leffingwell,leffingwell_goodscents
178.27,CC(C)CC(CC1=CC=CC=C1)O,4-methyl-1-phenylpentan-2-ol,4-methyl-1-phenyl-2-pentanol,leffingwell,leffingwell_goodscents
141.24,CC(C)CC1=NC=CS1,"2-(2-methylpropyl)-1,3-thiazole",2-isobutylthiazole,leffingwell,leffingwell_goodscents
126.15,CCC1=C(C(=O)CC1)O,3-ethyl-2-hydroxycyclopent-2-en-1-one,21835-01-8,leffingwell,leffingwell_goodscents
128.13,CC1C(=C(C(=O)O1)O)C,"4-hydroxy-2,3-dimethyl-2H-furan-5-one",28664-35-9,leffingwell,leffingwell_goodscents
222.32,CCCCOC(C)OCCC1=CC=CC=C1,2-(1-butoxyethoxy)ethylbenzene,(2-(1-butoxyethoxy)ethyl)benzene,leffingwell,leffingwell_goodscents
120.15,CC(=C)C1=NC=CN=C1,2-prop-1-en-2-ylpyrazine,isopropenylpyrazine,leffingwell,leffingwell_goodscents
156.22,CCCCC1C(CC(=O)O1)C,5-butyl-4-methyloxolan-2-one,whiskey lactone,leffingwell,leffingwell_goodscents
224.3,CCCCCCCCOC(=O)C1=CC=CO1,octyl furan-2-carboxylate,octyl 2-furoate,leffingwell,leffingwell_goodscents
144.21,CCCC(C)C(=O)OCC,ethyl 2-methylpentanoate,ethyl 2-methylpentanoate,leffingwell,leffingwell_goodscents
146.18,CC(C)CC(C(=O)OC)O,methyl 2-hydroxy-4-methylpentanoate,methyl 2-hydroxy-4-methylpentanoate,leffingwell,leffingwell_goodscents
162.23,CC(CCC1=CC=CC=C1)C=O,2-methyl-4-phenylbutanal,2-methyl-4-phenylbutanal,leffingwell,leffingwell_goodscents
128.21,CCC1CCC(O1)CC,"2,5-diethyloxolane","2,5-diethyltetrahydrofuran",leffingwell,leffingwell_goodscents
154.25,CC1(C2CCC1(C(C2)O)C)C,"1,7,7-trimethylbicyclo[2.2.1]heptan-2-ol",borneol,leffingwell,leffingwell_goodscents
192.21,CC(CC1=CC2=C(C=C1)OCO2)C=O,"3-(1,3-benzodioxol-5-yl)-2-methylpropanal",1205-17-0,leffingwell,leffingwell_goodscents
141.19,CCC(=O)C1=NC=CS1,"1-(1,3-thiazol-2-yl)propan-1-one",2-propionylthiazole,leffingwell,leffingwell_goodscents
152.23,CC1=CCC(CC1)(C)C(=O)C,"1-(1,4-dimethylcyclohex-3-en-1-yl)ethanone","4-acetyl-1,4-dimethyl-1-cyclohexene",leffingwell,leffingwell_goodscents
152.3,CC1SCCSS1,"3-methyl-1,2,4-trithiane","3-methyl-1,2,4-trithiane",leffingwell,leffingwell_goodscents
148.27,CCCC(CCO)SC,3-methylsulfanylhexan-1-ol,3-(methylthio)-1-hexanol,leffingwell,leffingwell_goodscents
148.23,COC(=O)CCCSC,methyl 4-methylsulfanylbutanoate,methyl 4-(methylthio)butyrate,leffingwell,leffingwell_goodscents
140.18,CCC1CC(=C(C1=O)O)C,5-ethyl-2-hydroxy-3-methylcyclopent-2-en-1-one,5-ethyl-2-hydroxy-3-methylcyclopent-2-en-1-one,leffingwell,leffingwell_goodscents
222.37,C[C@@H]1CC[C@@H]2[C@]13CC[C@@]([C@H](C3)C2(C)C)(C)O,"(1S,2R,5S,7R,8R)-2,6,6,8-tetramethyltricyclo[5.3.1.01,5]undecan-8-ol",cedrol,leffingwell,leffingwell_goodscents
150.22,CC1=CC(=O)[C@@H]2C[C@H]1C2(C)C,"(1R,5R)-4,6,6-trimethylbicyclo[3.1.1]hept-3-en-2-one",(+)-verbenone,leffingwell,leffingwell_goodscents
216.27,CCC(CC)(C(=O)OCC)C(=O)OCC,"diethyl 2,2-diethylpropanedioate",diethyl diethylmalonate,leffingwell,leffingwell_goodscents
174.19,CC(C(C)OC(=O)C)OC(=O)C,3-acetyloxybutan-2-yl acetate,"butane-2,3-diyl diacetate",leffingwell,leffingwell_goodscents
88.17,CSCC=C,3-methylsulfanylprop-1-ene,allyl methyl sulfide,leffingwell,leffingwell_goodscents
158.24,CCCCC(=O)OCC(C)C,2-methylpropyl pentanoate,isobutyl valerate,leffingwell,leffingwell_goodscents
166.17,COC1=CC=CC(=C1OC)C=O,"2,3-dimethoxybenzaldehyde","2,3-dimethoxybenzaldehyde",leffingwell,leffingwell_goodscents
204.22,CCOC1=CC2=C(C=C1)C(=CC(=O)O2)C,7-ethoxy-4-methylchromen-2-one,7-ethoxy-4-methylcoumarin,leffingwell,leffingwell_goodscents
168.19,CCC(=O)OC1=C(CCC1=O)C,(2-methyl-5-oxocyclopenten-1-yl) propanoate,87-55-8,leffingwell,leffingwell_goodscents
147.22,CC1=CC2=C(C=C1)NCCC2,"6-methyl-1,2,3,4-tetrahydroquinoline","6-methyl-1,2,3,4-tetrahydroquinoline",leffingwell,leffingwell_goodscents
234.33,CCCCCCCCOC(=O)C1=CC=CC=C1,octyl benzoate,octyl benzoate,leffingwell,leffingwell_goodscents
166.26,CCCCCCC1=CCCC1=O,2-hexylcyclopent-2-en-1-one,dihydroisojasmone,leffingwell,leffingwell_goodscents
90.08,COC(=O)CO,methyl 2-hydroxyacetate,methyl glycolate,leffingwell,leffingwell_goodscents
146.23,CCCOC(C)OCCC,1-(1-propoxyethoxy)propane,"1,1-dipropoxyethane",leffingwell,leffingwell_goodscents
200.32,CCCCCCC(=O)OCCC(C)C,3-methylbutyl heptanoate,3-methylbutyl heptanoate,leffingwell,leffingwell_goodscents
312.5,CCCCCCCCCCCCCCCC(=O)OCC(C)C,2-methylpropyl hexadecanoate,isobutyl palmitate,leffingwell,leffingwell_goodscents
180.2,CCOC1=C(C=C(C=C1)C=O)OC,4-ethoxy-3-methoxybenzaldehyde,4-ethoxy-3-methoxybenzaldehyde,leffingwell,leffingwell_goodscents
226.27,CC1=CC(=CC=C1)OC(=O)CC2=CC=CC=C2,(3-methylphenyl) 2-phenylacetate,m-cresyl phenylacetate,leffingwell,leffingwell_goodscents
144.21,CCCCC(=O)OCCC,propyl pentanoate,propyl valerate,leffingwell,leffingwell_goodscents
188.4,C1SSCSSS1,"1,2,3,5,6-pentathiepane","1,2,3,5,6-pentathiepane",leffingwell,leffingwell_goodscents
174.28,CC1=CC2=C(C=C1)C(CCC2)(C)C,"4,4,7-trimethyl-2,3-dihydro-1H-naphthalene","1,1,6-trimethyltetralin",leffingwell,leffingwell_goodscents
204.35,CC1=CC[C@@H](CC1)C(=C)CCC=C(C)C,"(4R)-1-methyl-4-(6-methylhepta-1,5-dien-2-yl)cyclohexene",(r)-beta-bisabolene,leffingwell,leffingwell_goodscents
112.08,C1=COC(=O)C(=C1)O,3-hydroxypyran-2-one,3-hydroxy-2h-pyran-2-one,leffingwell,leffingwell_goodscents
112.15,C1=CSC=C1C=O,thiophene-3-carbaldehyde,3-thiophenecarboxaldehyde,leffingwell,leffingwell_goodscents
134.17,C=CCC1=CC=C(C=C1)O,4-prop-2-enylphenol,4-allylphenol,leffingwell,leffingwell_goodscents
192.25,CC1=CC(=C(C=C1)C(C)C)OC(=O)C,(5-methyl-2-propan-2-ylphenyl) acetate,thymol acetate,leffingwell,leffingwell_goodscents
138.12,C1OC2=C(O1)C=C(C=C2)O,"1,3-benzodioxol-5-ol",sesamol,leffingwell,leffingwell_goodscents
144.17,CC(C)OC(=O)CC(=O)C,propan-2-yl 3-oxobutanoate,isopropyl acetoacetate,leffingwell,leffingwell_goodscents
152.23,CC(=CC(=O)C(C)(C)C=C)C,"3,3,6-trimethylhepta-1,5-dien-4-one",artemisia ketone,leffingwell,leffingwell_goodscents
165.19,CC(C)OC(=O)C1=CN=CC=C1,propan-2-yl pyridine-3-carboxylate,isopropyl nicotinate,leffingwell,leffingwell_goodscents
159.18,CC(=O)N1C=CC2=CC=CC=C21,1-indol-1-ylethanone,1-acetylindole,leffingwell,leffingwell_goodscents
150.17,CC(=O)C1=CC=CC=C1OC,1-(2-methoxyphenyl)ethanone,2'-methoxyacetophenone,leffingwell,leffingwell_goodscents
241.24,C1=CC=C(C=C1)C(=O)NC2=CC=CC=C2C(=O)O,2-benzamidobenzoic acid,2-(benzoylamino)benzoic acid,leffingwell,leffingwell_goodscents
115.2,CC(C)CN=C=S,1-isothiocyanato-2-methylpropane,isobutyl isothiocyanate,leffingwell,leffingwell_goodscents
116.16,CC(C)(C)C(=O)OC,"methyl 2,2-dimethylpropanoate",methyl pivalate,leffingwell,leffingwell_goodscents
180.2,CCCOC(=O)C1=CC=CC=C1O,propyl 2-hydroxybenzoate,propyl salicylate,leffingwell,leffingwell_goodscents
138.16,COC1=CC=CC=C1CO,(2-methoxyphenyl)methanol,2-methoxybenzyl alcohol,leffingwell,leffingwell_goodscents
151.16,CCOC(=O)C1=CN=CC=C1,ethyl pyridine-3-carboxylate,ethyl nicotinate,leffingwell,leffingwell_goodscents
182.22,CC(C)CCOC(=O)C1=CC=CO1,3-methylbutyl furan-2-carboxylate,615-12-3,leffingwell,leffingwell_goodscents
104.22,CCC(CC)S,pentane-3-thiol,pentane-3-thiol,leffingwell,leffingwell_goodscents
109.13,COC1=CC=NC=C1,4-methoxypyridine,4-methoxypyridine,leffingwell,leffingwell_goodscents
121.18,CCCC1=CC=CC=N1,2-propylpyridine,2-propylpyridine,leffingwell,leffingwell_goodscents
186.25,CCCCCC(=O)CCCC(=O)O,5-oxodecanoic acid,5-oxodecanoic acid,leffingwell,leffingwell_goodscents
228.37,CCCCCCCOC(=O)CCCCCC,heptyl heptanoate,heptyl heptanoate,leffingwell,leffingwell_goodscents
186.29,CCCCCCCC(=O)OCCC,propyl octanoate,propyl octanoate,leffingwell,leffingwell_goodscents
130.14,CC(=O)CCC(=O)OC,methyl 4-oxopentanoate,methyl levulinate,leffingwell,leffingwell_goodscents
117.15,CC(C)CC[N+](=O)[O-],3-methyl-1-nitrobutane,3-methyl-1-nitrobutane,leffingwell,leffingwell_goodscents
174.19,CC(=O)OCCCCOC(=O)C,4-acetyloxybutyl acetate,"1,4-diacetoxybutane",leffingwell,leffingwell_goodscents
129.23,CCCCCN=C=S,1-isothiocyanatopentane,pentyl isothiocyanate,leffingwell,leffingwell_goodscents
114.17,C1=CSC(=C1)CO,thiophen-2-ylmethanol,2-thiophenemethanol,leffingwell,leffingwell_goodscents
121.18,CC(C)C1=CC=CC=N1,2-propan-2-ylpyridine,2-isopropylpyridine,leffingwell,leffingwell_goodscents
152.15,COC1=CC(=C(C=C1)C=O)O,2-hydroxy-4-methoxybenzaldehyde,2-hydroxy-4-methoxybenzaldehyde,leffingwell,leffingwell_goodscents
188.31,CCCCCCC(OCC)OCC,"1,1-diethoxyheptane","1,1-diethoxyheptane",leffingwell,leffingwell_goodscents
121.18,CC(C)C1=CC=NC=C1,4-propan-2-ylpyridine,4-isopropylpyridine,leffingwell,leffingwell_goodscents
156.22,C1CCC(CC1)CCC(=O)O,3-cyclohexylpropanoic acid,3-cyclohexylpropanoic acid,leffingwell,leffingwell_goodscents
180.24,CCOC(C1=CC=CC=C1)OCC,diethoxymethylbenzene,(diethoxymethyl)benzene,leffingwell,leffingwell_goodscents
114.14,CC(C(=O)C)C(=O)C,"3-methylpentane-2,4-dione","3-methyl-2,4-pentanedione",leffingwell,leffingwell_goodscents
130.18,CCC(CC)C(=O)OC,methyl 2-ethylbutanoate,methyl 2-ethylbutanoate,leffingwell,leffingwell_goodscents
142.2,CC(C)C(=O)OCC(=C)C,2-methylprop-2-enyl 2-methylpropanoate,2-methylallyl isobutyrate,leffingwell,leffingwell_goodscents
258.35,CC(C)CCOC(=O)CCC(=O)OCCC(C)C,bis(3-methylbutyl) butanedioate,diisopentyl succinate,leffingwell,leffingwell_goodscents
100.16,C=CCCCCO,hex-5-en-1-ol,5-hexen-1-ol,leffingwell,leffingwell_goodscents
312.5,CCCCCCCCCCCCCCCCCCOC(=O)C,octadecyl acetate,octadecyl acetate,leffingwell,leffingwell_goodscents
196.35,CCCCCCCCC1=CC=CS1,2-octylthiophene,2-n-octylthiophene,leffingwell,leffingwell_goodscents
128.17,CC(=O)OC1CCCC1,cyclopentyl acetate,cyclopentyl acetate,leffingwell,leffingwell_goodscents
162.23,CC(C)(C)C1=CC=C(C=C1)C=O,4-tert-butylbenzaldehyde,4-tert-butylbenzaldehyde,leffingwell,leffingwell_goodscents
162.23,CC(C)(CC1=CC=CC=C1)C=O,"2,2-dimethyl-3-phenylpropanal","2,2-dimethyl-3-phenylpropanal",leffingwell,leffingwell_goodscents
186.29,CCCCCCOC(=O)CCCC,hexyl pentanoate,hexyl valerate,leffingwell,leffingwell_goodscents
142.15,CC(=O)CC(=O)OCC=C,prop-2-enyl 3-oxobutanoate,allyl acetoacetate,leffingwell,leffingwell_goodscents
170.25,CC(C)C(=O)OC1CCCCC1,cyclohexyl 2-methylpropanoate,1129-47-1,leffingwell,leffingwell_goodscents
163.26,CCCCCCC1=CC=CC=N1,2-hexylpyridine,2-hexylpyridine,leffingwell,leffingwell_goodscents
154.16,CC1=C(C(=O)CC1)OC(=O)C,(2-methyl-5-oxocyclopenten-1-yl) acetate,cyclotene acetate,leffingwell,leffingwell_goodscents
152.15,CC1=CC=C(O1)C(=O)C(=O)C,"1-(5-methylfuran-2-yl)propane-1,2-dione","1-(5-methyl-2-furanyl)-1,2-propanedione",leffingwell,leffingwell_goodscents
250.38,CC(C)COC(CC1=CC=CC=C1)OCC(C)C,"2,2-bis(2-methylpropoxy)ethylbenzene",68345-22-2,leffingwell,leffingwell_goodscents
164.2,CCOC1=CC=C(C=C1)C(=O)C,1-(4-ethoxyphenyl)ethanone,4'-ethoxyacetophenone,leffingwell,leffingwell_goodscents
308.5,C[C@]12CCCC(C1CC[C@@]([C@@H]2CC[C@](C)(C=C)O)(C)O)(C)C,"(1R,2R,8aS)-1-[(3R)-3-hydroxy-3-methylpent-4-enyl]-2,5,5,8a-tetramethyl-3,4,4a,6,7,8-hexahydro-1H-naphthalen-2-ol",c20h36o2,leffingwell,leffingwell_goodscents
152.19,COCC1=CC=C(C=C1)OC,1-methoxy-4-(methoxymethyl)benzene,1-methoxy-4-(methoxymethyl)benzene,leffingwell,leffingwell_goodscents
136.19,CCC1=CC=C(C=C1)OC,1-ethyl-4-methoxybenzene,4-ethylanisole,leffingwell,leffingwell_goodscents
90.15,CC(=O)SC,S-methyl ethanethioate,s-methyl thioacetate,leffingwell,leffingwell_goodscents
126.22,CCCC1=CC=CS1,2-propylthiophene,2-propylthiophene,leffingwell,leffingwell_goodscents
184.27,CCCCC(=O)OC1CCCCC1,cyclohexyl pentanoate,cyclohexyl valerate,leffingwell,leffingwell_goodscents
140.25,CCCCC1=CC=CS1,2-butylthiophene,2-butylthiophene,leffingwell,leffingwell_goodscents
136.19,CCOC1=CC=C(C=C1)C,1-ethoxy-4-methylbenzene,4-methylphenetole,leffingwell,leffingwell_goodscents
182.22,CCCCCOC(=O)C1=CC=CO1,pentyl furan-2-carboxylate,amyl 2-furoate,leffingwell,leffingwell_goodscents
128.17,CC(=O)OCCCC=C,pent-4-enyl acetate,4-pentenyl acetate,leffingwell,leffingwell_goodscents
146.23,CCCCCC(OC)OC,"1,1-dimethoxyhexane","1,1-dimethoxyhexane",leffingwell,leffingwell_goodscents
142.2,CCC=C(C)C(=O)OCC,ethyl 2-methylpent-2-enoate,2-methyl-pentenoic acid ethyl ester,leffingwell,leffingwell_goodscents
109.13,COC1=CC=CC=N1,2-methoxypyridine,2-methoxypyridine,leffingwell,leffingwell_goodscents
118.24,CCCC(C)(C)S,2-methylpentane-2-thiol,2-methylpentane-2-thiol,leffingwell,leffingwell_goodscents
172.26,CCOC1(CCCCC1)OCC,"1,1-diethoxycyclohexane","1,1-diethoxycyclohexane",leffingwell,leffingwell_goodscents
110.15,CCC1=CC=C(O1)C,2-ethyl-5-methylfuran,2-ethyl-5-methylfuran,leffingwell,leffingwell_goodscents
184.23,CC1=CC=C(C=C1)OC2=CC=CC=C2,1-methyl-4-phenoxybenzene,1-methyl-4-phenoxybenzene,leffingwell,leffingwell_goodscents
188.26,CCCCCCC1OCC(CO1)O,"2-hexyl-1,3-dioxan-5-ol","2-hexyl-1,3-dioxan-5-ol",leffingwell,leffingwell_goodscents
144.17,CCCOC(=O)CC(=O)C,propyl 3-oxobutanoate,propyl acetoacetate,leffingwell,leffingwell_goodscents
90.15,CCC(=O)S,propanethioic S-acid,propanethioic acid,leffingwell,leffingwell_goodscents
128.17,CCOC(=O)CCC=C,ethyl pent-4-enoate,ethyl 4-pentenoate,leffingwell,leffingwell_goodscents
172.26,CCCCC(=O)OCCC(C)C,3-methylbutyl pentanoate,isoamyl valerate,leffingwell,leffingwell_goodscents
166.22,CCOC1=CC=CC=C1OCC,"1,2-diethoxybenzene","1,2-diethoxybenzene",leffingwell,leffingwell_goodscents
206.4,CC(C)CCSSCCC(C)C,3-methyl-1-(3-methylbutyldisulfanyl)butane,diisoamyl disulfide,leffingwell,leffingwell_goodscents
118.13,CC(C)(C(=O)OC)O,methyl 2-hydroxy-2-methylpropanoate,methyl 2-hydroxyisobutyrate,leffingwell,leffingwell_goodscents
136.15,C1=CC=C(C=C1)OCC=O,2-phenoxyacetaldehyde,2-phenoxyacetaldehyde,leffingwell,leffingwell_goodscents
182.22,COC1=CC=C(C=C1)C(OC)OC,1-(dimethoxymethyl)-4-methoxybenzene,2186-92-7,leffingwell,leffingwell_goodscents
164.2,CC1=CC=C(C=C1)COC(=O)C,(4-methylphenyl)methyl acetate,4-methylbenzyl acetate,leffingwell,leffingwell_goodscents
298.5,CCCCCCCCCCCCCCCC(=O)OCCC,propyl hexadecanoate,propyl palmitate,leffingwell,leffingwell_goodscents
101.17,CC(C)N=C=S,2-isothiocyanatopropane,isopropyl isothiocyanate,leffingwell,leffingwell_goodscents
284.5,CCCCCCCCCCOC(=O)CCCCCCC,decyl octanoate,decyl octanoate,leffingwell,leffingwell_goodscents
242.4,CCCCCCCCCC(=O)OCCC(C)C,3-methylbutyl decanoate,isoamyl decanoate,leffingwell,leffingwell_goodscents
284.5,CCCCCCCCCC(=O)OCCCCCCCC,octyl decanoate,octyl decanoate,leffingwell,leffingwell_goodscents
212.37,CCCCCCCCCCCCC(=O)C,tetradecan-2-one,2-tetradecanone,leffingwell,leffingwell_goodscents
154.25,C[C@H](CCC=C(C)C)CC=O,"(3R)-3,7-dimethyloct-6-enal",(r)-(+)-citronellal,leffingwell,leffingwell_goodscents
210.27,CCOC(C1=CC=C(C=C1)OC)OCC,1-(diethoxymethyl)-4-methoxybenzene,1-(diethoxymethyl)-4-methoxybenzene,leffingwell,leffingwell_goodscents
194.27,CCOC(C1=CC=C(C=C1)C)OCC,1-(diethoxymethyl)-4-methylbenzene,p-(diethoxymethyl)toluene,leffingwell,leffingwell_goodscents
204.26,C1CCC(CC1)OC(=O)C2=CC=CC=C2,cyclohexyl benzoate,cyclohexyl benzoate,leffingwell,leffingwell_goodscents
118.2,CCC(=O)SCC,S-ethyl propanethioate,s-ethyl thiopropionate,leffingwell,leffingwell_goodscents
210.4,C=CCSSSSCC=C,3-(prop-2-enyltetrasulfanyl)prop-1-ene,diallyl tetrasulfide,leffingwell,leffingwell_goodscents
158.24,CCCCCOC(=O)C(C)C,pentyl 2-methylpropanoate,amyl isobutyrate,leffingwell,leffingwell_goodscents
130.2,CC1=C(C=CS1)S,2-methylthiophene-3-thiol,2-methylthiophene-3-thiol,leffingwell,leffingwell_goodscents
214.34,CCCCCCCCCOC(=O)CCC,nonyl butanoate,nonyl butyrate,leffingwell,leffingwell_goodscents
140.21,CC1=NC=CN=C1SC,2-methyl-3-methylsulfanylpyrazine,2-methyl-3-(methylthio)pyrazine,leffingwell,leffingwell_goodscents
124.14,CC1=CN=C(C=N1)OC,2-methoxy-5-methylpyrazine,2-methoxy-5-methylpyrazine,leffingwell,leffingwell_goodscents
144.21,CCC(CC)C(=O)OCC,ethyl 2-ethylbutanoate,ethyl 2-ethylbutanoate,leffingwell,leffingwell_goodscents
124.14,CCC(=O)C1=CC=CO1,1-(furan-2-yl)propan-1-one,2-propionylfuran,leffingwell,leffingwell_goodscents
138.16,CC1=CC(=CC(=C1)OC)O,3-methoxy-5-methylphenol,3-methoxy-5-methylphenol,leffingwell,leffingwell_goodscents
150.22,C1=CC=C(C=C1)CCCCO,4-phenylbutan-1-ol,4-phenyl-1-butanol,leffingwell,leffingwell_goodscents
113.18,C=CCCN=C=S,4-isothiocyanatobut-1-ene,3-butenyl isothiocyanate,leffingwell,leffingwell_goodscents
178.23,CC(=O)OC(C)(C)C1=CC=CC=C1,2-phenylpropan-2-yl acetate,3425-72-7,leffingwell,leffingwell_goodscents
99.16,CC1=NC=CS1,"2-methyl-1,3-thiazole",2-methylthiazole,leffingwell,leffingwell_goodscents
154.3,CCSSSCC,(ethyltrisulfanyl)ethane,diethyl trisulfide,leffingwell,leffingwell_goodscents
210.36,C1CCCCCCC(=O)CCCCCC1,cyclotetradecanone,cyclotetradecanone,leffingwell,leffingwell_goodscents
160.25,CCCCC(OCC)OCC,"1,1-diethoxypentane","1,1-diethoxypentane",leffingwell,leffingwell_goodscents
174.28,CCCCCC(OCC)OCC,"1,1-diethoxyhexane","1,1-diethoxyhexane",leffingwell,leffingwell_goodscents
146.23,CCCC(OCC)OCC,"1,1-diethoxybutane","1,1-diethoxybutane",leffingwell,leffingwell_goodscents
242.4,CCCCCCCCCCCC(=O)OCCC,propyl dodecanoate,propyl dodecanoate,leffingwell,leffingwell_goodscents
160.32,CCCCCCCCSC,1-methylsulfanyloctane,methyl n-octyl sulfide,leffingwell,leffingwell_goodscents
172.22,CC(C)COC(=O)CCC(=O)C,2-methylpropyl 4-oxopentanoate,isobutyl 4-oxovalerate,leffingwell,leffingwell_goodscents
118.13,CCOC(=O)COC,ethyl 2-methoxyacetate,ethyl methoxyacetate,leffingwell,leffingwell_goodscents
246.4,CC1=CC=CC=C1SSC2=CC=CC=C2C,1-methyl-2-[(2-methylphenyl)disulfanyl]benzene,o-tolyl disulfide,leffingwell,leffingwell_goodscents
105.2,CSCCCN,3-methylsulfanylpropan-1-amine,3-(methylthio)propylamine,leffingwell,leffingwell_goodscents
76.12,C(C=O)S,2-sulfanylacetaldehyde,mercaptoacetaldehyde,leffingwell,leffingwell_goodscents
113.18,CC1=CN=C(S1)C,"2,5-dimethyl-1,3-thiazole","2,5-dimethylthiazole",leffingwell,leffingwell_goodscents
106.13,C=CC1=NC=CN=C1,2-ethenylpyrazine,2-vinylpyrazine,leffingwell,leffingwell_goodscents
180.29,CCCCCCCCC1=CC=CO1,2-octylfuran,2-octylfuran,leffingwell,leffingwell_goodscents
110.15,CCCC1=CC=CO1,2-propylfuran,2-propylfuran,leffingwell,leffingwell_goodscents
150.3,CC(C)SSC(C)C,2-(propan-2-yldisulfanyl)propane,diisopropyl disulfide,leffingwell,leffingwell_goodscents
143.25,CCCCCCN=C=S,1-isothiocyanatohexane,hexyl isothiocyanate,leffingwell,leffingwell_goodscents
138.23,C1=CC=C(C=C1)CCS,2-phenylethanethiol,2-phenylethanethiol,leffingwell,leffingwell_goodscents
115.2,CCC(C)N=C=S,2-isothiocyanatobutane,sec-butyl isothiocyanate,leffingwell,leffingwell_goodscents
161.3,CSCCCCN=C=S,1-isothiocyanato-4-methylsulfanylbutane,erucin,leffingwell,leffingwell_goodscents
134.2,CCOC(=O)CSC,ethyl 2-methylsulfanylacetate,ethyl (methylthio)acetate,leffingwell,leffingwell_goodscents
142.24,CCCCCC(=O)CCC,nonan-4-one,4-nonanone,leffingwell,leffingwell_goodscents
182.26,CCCCCC=CC=CC(=O)OC,"methyl deca-2,4-dienoate","methyl deca-2,4-dienoate",leffingwell,leffingwell_goodscents
138.23,CC1=CC=C(C=C1)CS,(4-methylphenyl)methanethiol,4498-99-1,leffingwell,leffingwell_goodscents
121.18,CCCC1=CN=CC=C1,3-propylpyridine,3-propylpyridine,leffingwell,leffingwell_goodscents
196.2,CC1=CC(=C(C(=C1C(=O)OC)O)C)O,"methyl 2,4-dihydroxy-3,6-dimethylbenzoate","methyl 2,4-dihydroxy-3,6-dimethylbenzoate",leffingwell,leffingwell_goodscents
116.2,CCCCCCOC,1-methoxyhexane,1-methoxyhexane,leffingwell,leffingwell_goodscents
135.21,CCCCC1=CC=CC=N1,2-butylpyridine,2-butylpyridine,leffingwell,leffingwell_goodscents
152.19,CCOC1=CC=C(C=C1)OC,1-ethoxy-4-methoxybenzene,p-ethoxyanisole,leffingwell,leffingwell_goodscents
128.17,CC(=C)CCOC(=O)C,3-methylbut-3-enyl acetate,3-methyl-3-butenyl acetate,leffingwell,leffingwell_goodscents
92.16,CSCCO,2-methylsulfanylethanol,2-(methylthio)ethanol,leffingwell,leffingwell_goodscents
240.38,CCCCC(=O)OC1CC(CCC1C(C)C)C,(5-methyl-2-propan-2-ylcyclohexyl) pentanoate,menthyl valerate,leffingwell,leffingwell_goodscents
168.23,CC1=C(C(=O)C(CC1)C(C)C)O,2-hydroxy-3-methyl-6-propan-2-ylcyclohex-2-en-1-one,diosphenol,leffingwell,leffingwell_goodscents
136.23,CC1(C2CC3C1(C3C2)C)C,"1,7,7-trimethyltricyclo[2.2.1.02,6]heptane",tricyclene,leffingwell,leffingwell_goodscents
102.13,CCC(C)OC=O,butan-2-yl formate,sec-butyl formate,leffingwell,leffingwell_goodscents
158.19,CCC(C(=O)C)C(=O)OCC,ethyl 2-ethyl-3-oxobutanoate,ethyl 2-ethylacetoacetate,leffingwell,leffingwell_goodscents
129.23,CC(C)CCN=C=S,1-isothiocyanato-3-methylbutane,3-methylbutyl isothiocyanate,leffingwell,leffingwell_goodscents
112.19,CC1=CSC=C1C,"3,4-dimethylthiophene","3,4-dimethylthiophene",leffingwell,leffingwell_goodscents
132.16,COC1CCC(O1)OC,"2,5-dimethoxyoxolane","2,5-dimethoxytetrahydrofuran",leffingwell,leffingwell_goodscents
174.28,CCCCOC(C)OCCCC,1-(1-butoxyethoxy)butane,1-(1-butoxyethoxy)butane,leffingwell,leffingwell_goodscents
122.3,C(CCS)CS,"butane-1,4-dithiol","1,4-butanedithiol",leffingwell,leffingwell_goodscents
270.5,CCCCCCCCC(=O)OCCCCCCCC,octyl nonanoate,octyl nonanoate,leffingwell,leffingwell_goodscents
224.25,CCCCOC(=O)C1=CC(=C(C=C1)O)OC,butyl 4-hydroxy-3-methoxybenzoate,butyl vanillate,leffingwell,leffingwell_goodscents
138.16,COCC1=CC=C(C=C1)O,4-(methoxymethyl)phenol,4-(methoxymethyl)phenol,leffingwell,leffingwell_goodscents
166.22,COC1=CC=C(C=C1)CCCO,3-(4-methoxyphenyl)propan-1-ol,3-(4-methoxyphenyl)propan-1-ol,leffingwell,leffingwell_goodscents
206.28,CC1(COC(OC1)(C)C2=CC=CC=C2)C,"2,5,5-trimethyl-2-phenyl-1,3-dioxane","2,5,5-trimethyl-2-phenyl-1,3-dioxane",leffingwell,leffingwell_goodscents
240.38,CC(C)COC(=O)CCCCCCCCC=C,2-methylpropyl undec-10-enoate,isobutyl 10-undecenoate,leffingwell,leffingwell_goodscents
208.25,CC(C)COC(=O)COC1=CC=CC=C1,2-methylpropyl 2-phenoxyacetate,isobutyl phenoxyacetate,leffingwell,leffingwell_goodscents
186.29,CCCCCCCCCCOC=O,decyl formate,decyl formate,leffingwell,leffingwell_goodscents
200.32,CCCCCCCOC(=O)CCCC,heptyl pentanoate,heptyl valerate,leffingwell,leffingwell_goodscents
220.31,CCCCC(=O)OCCCC1=CC=CC=C1,3-phenylpropyl pentanoate,3-phenylpropyl valerate,leffingwell,leffingwell_goodscents
234.33,CCCCCCC(=O)OCCC1=CC=CC=C1,2-phenylethyl heptanoate,phenylethyl heptanoate,leffingwell,leffingwell_goodscents
228.37,CCCCCCCCCCOC(=O)C(C)C,decyl 2-methylpropanoate,decyl isobutyrate,leffingwell,leffingwell_goodscents
242.4,CCCCCCCCCCCOC(=O)CCC,undecyl butanoate,undecyl butyrate,leffingwell,leffingwell_goodscents
200.32,CCCCCCCC(=O)OCC(C)C,2-methylpropyl octanoate,isobutyl octanoate,leffingwell,leffingwell_goodscents
210.23,CCC(=O)C1=CC(=C(C(=C1)OC)O)OC,"1-(4-hydroxy-3,5-dimethoxyphenyl)propan-1-one",5650-43-1,leffingwell,leffingwell_goodscents
168.19,COC1=CC=CC(=C1OC)CO,"(2,3-dimethoxyphenyl)methanol","2,3-dimethoxybenzyl alcohol",leffingwell,leffingwell_goodscents
174.28,CC(C)COC(C)OCC(C)C,2-methyl-1-[1-(2-methylpropoxy)ethoxy]propane,acetaldehyde di-isobutylacetal,leffingwell,leffingwell_goodscents
150.17,COC1=CC=C(C=C1)CC=O,2-(4-methoxyphenyl)acetaldehyde,2-(4-methoxyphenyl)acetaldehyde,leffingwell,leffingwell_goodscents
69.11,C1CC=NC1,"3,4-dihydro-2H-pyrrole",1-pyrroline,leffingwell,leffingwell_goodscents
178.23,CCCCOC1=CC=C(C=C1)C=O,4-butoxybenzaldehyde,4-butoxybenzaldehyde,leffingwell,leffingwell_goodscents
158.3,CSSSSC,(methyltetrasulfanyl)methane,dimethyl tetrasulfide,leffingwell,leffingwell_goodscents
126.18,CC1=C(SC=C1)C=O,3-methylthiophene-2-carbaldehyde,3-methyl-2-thiophenecarboxaldehyde,leffingwell,leffingwell_goodscents
158.24,CCCCCC(C)OC(=O)C,heptan-2-yl acetate,1-methylhexyl acetate,leffingwell,leffingwell_goodscents
152.22,CSC(=O)C1=CC=CC=C1,S-methyl benzenecarbothioate,s-methyl benzenecarbothioate,leffingwell,leffingwell_goodscents
182.4,CC(C)SSSC(C)C,2-(propan-2-yltrisulfanyl)propane,diisopropyl trisulfide,leffingwell,leffingwell_goodscents
178.4,CC(C)CSSCC(C)C,2-methyl-1-(2-methylpropyldisulfanyl)propane,diisobutyl disulfide,leffingwell,leffingwell_goodscents
152.19,CCOC1=CC=C(C=C1)CO,(4-ethoxyphenyl)methanol,4-ethoxybenzyl alcohol,leffingwell,leffingwell_goodscents
226.35,CC(=O)OC1CCCCCCCCCCC1,cyclododecyl acetate,cyclododecyl acetate,leffingwell,leffingwell_goodscents
242.4,CCCCCCCCCCCCOC(=O)CC,dodecyl propanoate,dodecyl propanoate,leffingwell,leffingwell_goodscents
198.3,CCCCCC(=O)OC1CCCCC1,cyclohexyl hexanoate,cyclohexyl hexanoate,leffingwell,leffingwell_goodscents
130.2,C1=CSC(=C1)CS,thiophen-2-ylmethanethiol,2-thenylmercaptan,leffingwell,leffingwell_goodscents
168.19,CC(C)C(=O)OCC1=CC=CO1,furan-2-ylmethyl 2-methylpropanoate,furfuryl isobutyrate,leffingwell,leffingwell_goodscents
126.15,CCOCC1=CC=CO1,2-(ethoxymethyl)furan,2-(ethoxymethyl)furan,leffingwell,leffingwell_goodscents
194.27,CCOC(CC1=CC=CC=C1)OCC,"2,2-diethoxyethylbenzene","(2,2-diethoxyethyl)benzene",leffingwell,leffingwell_goodscents
142.2,CCCCC(=O)OCC=C,prop-2-enyl pentanoate,allyl valerate,leffingwell,leffingwell_goodscents
164.24,CC1=C(C=C(C=C1)C(C)C)OC,2-methoxy-1-methyl-4-propan-2-ylbenzene,carvacrol methyl ether,leffingwell,leffingwell_goodscents
192.25,CC1=C(C=C(C=C1)C(C)C)OC(=O)C,(2-methyl-5-propan-2-ylphenyl) acetate,carvacryl acetate,leffingwell,leffingwell_goodscents
178.27,CCCCCOCC1=CC=CC=C1,pentoxymethylbenzene,"benzene, [(pentyloxy)methyl]-",leffingwell,leffingwell_goodscents
174.19,CCOC(=O)CC1(OCCO1)C,"ethyl 2-(2-methyl-1,3-dioxolan-2-yl)acetate","ethyl 2-(2-methyl-1,3-dioxolan-2-yl)acetate",leffingwell,leffingwell_goodscents
248.36,CCCCCCCCC(=O)OCC1=CC=CC=C1,benzyl nonanoate,benzyl nonanoate,leffingwell,leffingwell_goodscents
200.32,CCCCCCCCC(=O)OCCC,propyl nonanoate,propyl nonanoate,leffingwell,leffingwell_goodscents
242.4,CCCCCCCCC(=O)OCCCCCC,hexyl nonanoate,hexyl nonanoate,leffingwell,leffingwell_goodscents
236.31,CCCCCC(=O)OCC1=CC=C(C=C1)OC,(4-methoxyphenyl)methyl hexanoate,(4-methoxyphenyl)methyl hexanoate,leffingwell,leffingwell_goodscents
136.19,CC1=CC(=C(C=C1)OC)C,"1-methoxy-2,4-dimethylbenzene","2,4-dimethylanisole",leffingwell,leffingwell_goodscents
156.26,C[C@@H](CCCC(=C)C)CCO,"(3S)-3,7-dimethyloct-7-en-1-ol",rhodinol,leffingwell,leffingwell_goodscents
206.24,CC(=O)CCC(=O)OCC1=CC=CC=C1,benzyl 4-oxopentanoate,benzyl levulinate,leffingwell,leffingwell_goodscents
214.34,CCCCCCCOC(=O)CCCCC,heptyl hexanoate,heptyl hexanoate,leffingwell,leffingwell_goodscents
180.2,CCOC(=O)C1=CC=CC=C1OC,ethyl 2-methoxybenzoate,ethyl 2-methoxybenzoate,leffingwell,leffingwell_goodscents
184.27,CCCCCCCC=CC(=O)OC,methyl dec-2-enoate,dtxsid80862966,leffingwell,leffingwell_goodscents
206.28,CCCC(=O)OCCCC1=CC=CC=C1,3-phenylpropyl butanoate,3-phenylpropyl butyrate,leffingwell,leffingwell_goodscents
176.25,CC(=O)CC(C)(C)C1=CC=CC=C1,4-methyl-4-phenylpentan-2-one,4-methyl-4-phenylpentan-2-one,leffingwell,leffingwell_goodscents
206.28,CCCCC(=O)OCCC1=CC=CC=C1,2-phenylethyl pentanoate,phenethyl valerate,leffingwell,leffingwell_goodscents
116.2,C1=CSC=C1S,thiophene-3-thiol,thiophene-3-thiol,leffingwell,leffingwell_goodscents
152.23,C[C@@]12CC[C@@H](C1)C(C2=O)(C)C,"(1R,4S)-1,3,3-trimethylbicyclo[2.2.1]heptan-2-one", einecs 232-107-5,leffingwell,leffingwell_goodscents
179.22,CN(C)C1=CC=CC=C1C(=O)OC,methyl 2-(dimethylamino)benzoate,methyl 2-(dimethylamino)benzoate,leffingwell,leffingwell_goodscents
194.23,C1=CC=C(C=C1)CCOC(=O)CCO,2-phenylethyl 3-hydroxypropanoate,2-phenylethyl 3-hydroxypropanoate,leffingwell,leffingwell_goodscents
186.29,CC(C)CC(CC(C)C)OC(=O)C,"2,6-dimethylheptan-4-yl acetate","2,6-dimethylheptan-4-yl acetate",leffingwell,leffingwell_goodscents
234.33,CCCCCCCC(=O)OCC1=CC=CC=C1,benzyl octanoate,benzyl octanoate,leffingwell,leffingwell_goodscents
192.25,CCCCC(=O)OCC1=CC=CC=C1,benzyl pentanoate,benzyl valerate,leffingwell,leffingwell_goodscents
212.33,CCC(=O)OC1CCC(CC1)C(C)(C)C,(4-tert-butylcyclohexyl) propanoate,10411-93-5,leffingwell,leffingwell_goodscents
192.25,CCCCC(=O)OC1=CC=C(C=C1)C,(4-methylphenyl) pentanoate,4-methylphenyl valerate,leffingwell,leffingwell_goodscents
256.42,CCCCCCCCCC(=O)OCCCCCC,hexyl decanoate,hexyl decanoate,leffingwell,leffingwell_goodscents
286.41,CCOC(=O)CCCCCCCCCCC(=O)OCC,diethyl dodecanedioate,diethyl dodecanedioate,leffingwell,leffingwell_goodscents
200.28,CCCCOC1=CC2=CC=CC=C2C=C1,2-butoxynaphthalene,2-butoxynaphthalene,leffingwell,leffingwell_goodscents
138.16,CCC(=O)C1=CC=C(O1)C,1-(5-methylfuran-2-yl)propan-1-one,10599-69-6,leffingwell,leffingwell_goodscents
202.33,CCCCCOC(C)OCCCCC,1-(1-pentoxyethoxy)pentane,dipentoxyethane,leffingwell,leffingwell_goodscents
202.33,CC(C)CCOC(C)OCCC(C)C,3-methyl-1-[1-(3-methylbutoxy)ethoxy]butane,13002-09-0,leffingwell,leffingwell_goodscents
144.17,CC(C)COC(=O)C(=O)C,2-methylpropyl 2-oxopropanoate,isobutyl pyruvate,leffingwell,leffingwell_goodscents
144.25,CC(C)CCCC(C)(C)O,"2,6-dimethylheptan-2-ol","2,6-dimethyl-2-heptanol",leffingwell,leffingwell_goodscents
216.36,CC(C)CC(OCC(C)C)OCC(C)C,"3-methyl-1,1-bis(2-methylpropoxy)butane","1,1-di-isobutoxy-3-methylbutane",leffingwell,leffingwell_goodscents
160.25,CCOCCOCCC(C)C,1-(2-ethoxyethoxy)-3-methylbutane,acetaldehyde ethyl 3-methylbutyl acetal,leffingwell,leffingwell_goodscents
170.21,CCOC(C1=CC=CO1)OCC,2-(diethoxymethyl)furan,2-(diethoxymethyl)furan,leffingwell,leffingwell_goodscents
140.2,CC1=C(SC=C1)C(=O)C,1-(3-methylthiophen-2-yl)ethanone,2-acetyl-3-methylthiophene,leffingwell,leffingwell_goodscents
140.2,CC1=CC=C(S1)C(=O)C,1-(5-methylthiophen-2-yl)ethanone,2-acetyl-5-methylthiophene,leffingwell,leffingwell_goodscents
126.2,CCCC=CC(=O)CC,oct-4-en-3-one,oct-4-en-3-one,leffingwell,leffingwell_goodscents
156.3,CSSC1=CC=CC=C1,(methyldisulfanyl)benzene,methyl phenyl disulfide,leffingwell,leffingwell_goodscents
270.5,CCCCCCCCCCCCCC(=O)OCCC,propyl tetradecanoate,propyl tetradecanoate,leffingwell,leffingwell_goodscents
178.23,CCCC(=O)OC1=CC=C(C=C1)C,(4-methylphenyl) butanoate,p-tolyl butyrate,leffingwell,leffingwell_goodscents
230.39,CCCCCCCCCCCC(OC)OC,"1,1-dimethoxydodecane",dodecanal dimethyl acetal,leffingwell,leffingwell_goodscents
150.22,CC1=C(OC=C1)CC=C(C)C,3-methyl-2-(3-methylbut-2-enyl)furan,rosefuran,leffingwell,leffingwell_goodscents
113.18,CCC1=NC=CS1,"2-ethyl-1,3-thiazole",2-ethylthiazole,leffingwell,leffingwell_goodscents
128.17,CC(C)C(=O)OCC=C,prop-2-enyl 2-methylpropanoate,allyl isobutyrate,leffingwell,leffingwell_goodscents
141.24,CCC1=CN=C(S1)CC,"2,5-diethyl-1,3-thiazole","2,5-diethylthiazole",leffingwell,leffingwell_goodscents
136.19,CCCC1=NC=CN=C1C,2-methyl-3-propylpyrazine,2-methyl-3-propylpyrazine,leffingwell,leffingwell_goodscents
214.3,CCCCCCCCOC(=O)CC(=O)C,octyl 3-oxobutanoate,octyl 3-oxobutanoate,leffingwell,leffingwell_goodscents
148.23,CC(=O)OCCCSC,3-methylsulfanylpropyl acetate,3-(methylthio)propyl acetate,leffingwell,leffingwell_goodscents
176.28,CCCC(=O)OCCCSC,3-methylsulfanylpropyl butanoate,methionyl butyrate,leffingwell,leffingwell_goodscents
178.29,CCOC(CCSC)OCC,"1,1-diethoxy-3-methylsulfanylpropane",methional diethyl acetal,leffingwell,leffingwell_goodscents
120.17,COC(=O)CSC,methyl 2-methylsulfanylacetate,methyl (methylthio)acetate,leffingwell,leffingwell_goodscents
112.13,CC1C(=O)C=C(O1)C,"2,5-dimethylfuran-3-one",14400-67-0,leffingwell,leffingwell_goodscents
168.28,CC1=CCC(CC1)C(C)(C)OC,4-(2-methoxypropan-2-yl)-1-methylcyclohexene,14576-08-0,leffingwell,leffingwell_goodscents
208.3,CCOC(C(C)C1=CC=CC=C1)OCC,"1,1-diethoxypropan-2-ylbenzene","(2,2-diethoxy-1-methylethyl)benzene",leffingwell,leffingwell_goodscents
228.37,CCCCCC(=O)OCC(CC)CCCC,2-ethylhexyl hexanoate,2-ethylhexyl hexanoate,leffingwell,leffingwell_goodscents
134.2,CC(CC(=O)O)SC,3-methylsulfanylbutanoic acid,3-(methylthio)butyric acid,leffingwell,leffingwell_goodscents
128.21,CCCCCC(C)C=O,2-methylheptanal,2-methylheptanal,leffingwell,leffingwell_goodscents
180.29,CCC1(CC(=O)C(=C(C1C)C)C)C,"5-ethyl-2,3,4,5-tetramethylcyclohex-2-en-1-one",17369-60-7,leffingwell,leffingwell_goodscents
184.27,CCCCCCC=CC(=O)OCC,ethyl non-2-enoate,"nonenoic acid, ethyl ester",leffingwell,leffingwell_goodscents
206.28,CCC(=O)OC1CC2CC1C3C2C=CC3,"8-tricyclo[5.2.1.02,6]dec-3-enyl propanoate",tricyclodecenyl propionate,leffingwell,leffingwell_goodscents
152.23,CC1C2CC(C1=O)CC2(C)C,"3,5,5-trimethylbicyclo[2.2.1]heptan-2-one","3,5,5-trimethylbicyclo[2.2.1]heptan-2-one",leffingwell,leffingwell_goodscents
144.21,CC1COC(O1)CC(C)C,"4-methyl-2-(2-methylpropyl)-1,3-dioxolane","2-isobutyl-4-methyl-1,3-dioxolane",leffingwell,leffingwell_goodscents
146.18,CCC(C)OC(=O)C(C)O,butan-2-yl 2-hydroxypropanoate,2-butyl lactate,leffingwell,leffingwell_goodscents
156.26,CCC(C)(CCC=C(C)C)O,"3,7-dimethyloct-6-en-3-ol","3,7-dimethyloct-6-en-3-ol",leffingwell,leffingwell_goodscents
158.28,CCC(C)CCCC(C)(C)O,"2,6-dimethyloctan-2-ol","2,6-dimethyloctan-2-ol",leffingwell,leffingwell_goodscents
154.25,CC1=CCC(CC1)C(C)CO,2-(4-methylcyclohex-3-en-1-yl)propan-1-ol,p-menth-1-en-9-ol,leffingwell,leffingwell_goodscents
130.23,CCC(C)CC(CC)O,5-methylheptan-3-ol,5-methyl-3-heptanol,leffingwell,leffingwell_goodscents
130.23,CCC(CCC(C)C)O,6-methylheptan-3-ol,6-methylheptan-3-ol,leffingwell,leffingwell_goodscents
214.3,CCCCCC1COCCC1OC(=O)C,(3-pentyloxan-4-yl) acetate,18871-14-2,leffingwell,leffingwell_goodscents
178.18,COC(=O)C1C(O1)C2=CC=CC=C2,methyl 3-phenyloxirane-2-carboxylate,methyl 3-phenyloxirane-2-carboxylate,leffingwell,leffingwell_goodscents
160.21,CC(C)CCOC(=O)C(C)O,3-methylbutyl 2-hydroxypropanoate,isoamyl lactate,leffingwell,leffingwell_goodscents
164.2,CC1=CC(=CC=C1)COC(=O)C,(3-methylphenyl)methyl acetate,m-methylbenzyl acetate,leffingwell,leffingwell_goodscents
164.2,CC1=CC=CC=C1COC(=O)C,(2-methylphenyl)methyl acetate,o-methylbenzyl acetate,leffingwell,leffingwell_goodscents
152.19,CCOC1=CC=CC=C1OC,1-ethoxy-2-methoxybenzene,1-ethoxy-2-methoxybenzene,leffingwell,leffingwell_goodscents
127.21,CCCC1=NC=CS1,"2-propyl-1,3-thiazole",2-propylthiazole,leffingwell,leffingwell_goodscents
127.21,C=CCCCN=C=S,5-isothiocyanatopent-1-ene,4-pentenyl isothiocyanate,leffingwell,leffingwell_goodscents
122.17,CCCC1=NC=CN=C1,2-propylpyrazine,2-propylpyrazine,leffingwell,leffingwell_goodscents
144.21,CCCCC(=O)OC(C)C,propan-2-yl pentanoate,isopropyl valerate,leffingwell,leffingwell_goodscents
156.26,CCCCCCCC=CCO,dec-2-en-1-ol,2-decenol,leffingwell,leffingwell_goodscents
120.22,CCSCCCO,3-ethylsulfanylpropan-1-ol,3-(ethylthio)propanol,leffingwell,leffingwell_goodscents
168.3,CCCCCCC1=CC=CS1,2-hexylthiophene,2-hexylthiophene,leffingwell,leffingwell_goodscents
188.31,CCCCCCCCC(OC)OC,"1,1-dimethoxynonane","1,1-dimethoxynonane",leffingwell,leffingwell_goodscents
126.2,CCC=CCCC(=O)C,oct-5-en-2-one,oct-5-en-2-one,leffingwell,leffingwell_goodscents
170.25,CC(CCC=C(C)C)OC(=O)C,6-methylhept-5-en-2-yl acetate,6-methylhept-5-en-2-yl acetate,leffingwell,leffingwell_goodscents
132.23,CC(=O)CC(C)(C)S,4-methyl-4-sulfanylpentan-2-one,19872-52-7,leffingwell,leffingwell_goodscents
138.21,CC1=CCCC(C1=O)(C)C,"2,6,6-trimethylcyclohex-2-en-1-one","2,6,6-trimethyl-2-cyclohexen-1-one",leffingwell,leffingwell_goodscents
160.21,CCC(=O)C(OCC)OCC,"1,1-diethoxybutan-2-one","1,1-diethoxybutan-2-one",leffingwell,leffingwell_goodscents
186.25,CCCCCOC(=O)CCC(=O)C,pentyl 4-oxopentanoate,pentyl 4-oxovalerate,leffingwell,leffingwell_goodscents
158.24,CCCCCCOC(=O)CC,hexyl propanoate,hexyl propionate,leffingwell,leffingwell_goodscents
130.18,CCC(=O)OC(C)(C)C,tert-butyl propanoate,tert-butyl propionate,leffingwell,leffingwell_goodscents
128.17,CCC(=O)OCC(=C)C,2-methylprop-2-enyl propanoate,2-methylallyl propionate,leffingwell,leffingwell_goodscents
158.19,CC(C)OC(=O)CCC(=O)C,propan-2-yl 4-oxopentanoate,isopropyl 4-oxopentanoate,leffingwell,leffingwell_goodscents
200.32,CCCCCC(CC)OC(=O)CCC,octan-3-yl butanoate,3-octyl butyrate,leffingwell,leffingwell_goodscents
204.35,CC(C)C1=CC(C(CC1)(C)C=C)C(=C)C,4-ethenyl-4-methyl-1-propan-2-yl-3-prop-1-en-2-ylcyclohexene,"cyclohexene, 4-ethenyl-4-methyl-3-(1-methylethenyl)-1-(1-methylethyl)-, (3r-trans)-",leffingwell,leffingwell_goodscents
188.22,CCCC(CC(=O)OC)OC(=O)C,methyl 3-acetyloxyhexanoate,methyl 3-acetoxyhexanoate,leffingwell,leffingwell_goodscents
202.25,CCCC(CC(=O)OCC)OC(=O)C,ethyl 3-acetyloxyhexanoate,ethyl 3-acetoxyhexanoate,leffingwell,leffingwell_goodscents
154.21,CCCCCC1C=CC(=O)O1,2-pentyl-2H-furan-5-one,21963-26-8,leffingwell,leffingwell_goodscents
142.24,CCCCCCC(C=C)O,non-1-en-3-ol,1-nonen-3-ol,leffingwell,leffingwell_goodscents
160.17,CC(=O)CC(=O)OCCOC,2-methoxyethyl 3-oxobutanoate,2-methoxyethyl acetoacetate,leffingwell,leffingwell_goodscents
208.25,CCCC(=O)OCCOC1=CC=CC=C1,2-phenoxyethyl butanoate,2-phenoxyethyl butyrate,leffingwell,leffingwell_goodscents
242.31,CC(OCC1=CC=CC=C1)OCC2=CC=CC=C2,1-phenylmethoxyethoxymethylbenzene,acetaldehyde dibenzyl acetal,leffingwell,leffingwell_goodscents
138.16,CCC(=O)C1=C(C=CO1)C,1-(3-methylfuran-2-yl)propan-1-one,1-(3-methyl-2-furyl)propan-1-one,leffingwell,leffingwell_goodscents
132.23,CC(C)CC(=O)SC,S-methyl 3-methylbutanethioate,s-methyl 3-methylbutanethioate,leffingwell,leffingwell_goodscents
256.3,C1=CC=C(C=C1)CCCOC(=O)C2=CC=CC=C2O,3-phenylpropyl 2-hydroxybenzoate,3-phenylpropyl salicylate,leffingwell,leffingwell_goodscents
146.23,CCCCCC(CCO)O,"octane-1,3-diol","1,3-octanediol",leffingwell,leffingwell_goodscents
158.24,CC(CC(=O)O)CC(C)(C)C,"3,5,5-trimethylhexanoic acid","3,5,5-trimethylhexanoic acid",leffingwell,leffingwell_goodscents
180.3,CCOC(=O)C(C)SSC,ethyl 2-(methyldisulfanyl)propanoate,ethyl 2-(methyldithio)propionate,leffingwell,leffingwell_goodscents
170.32,CC1(C2CCC(C1C2)(C)S)C,"2,6,6-trimethylbicyclo[3.1.1]heptane-2-thiol",2-mercaptopinane,leffingwell,leffingwell_goodscents
200.27,CCCCCC(C(=O)C)C(=O)OCC,ethyl 2-acetylheptanoate,ethyl 2-acetylheptanoate,leffingwell,leffingwell_goodscents
242.35,CCCCCCCCC(C(=O)C)C(=O)OCC,ethyl 2-acetyldecanoate,ethyl 2-acetyldecanoate,leffingwell,leffingwell_goodscents
284.5,CCCCCCCCCCCCCC(=O)OCC(C)C,2-methylpropyl tetradecanoate,isobutyl myristate,leffingwell,leffingwell_goodscents
154.25,CC(=O)C1CCCC(C1)(C)C,"1-(3,3-dimethylcyclohexyl)ethanone",25304-14-7,leffingwell,leffingwell_goodscents
132.2,CCOC(C)OC(C)C,2-(1-ethoxyethoxy)propane,2-(1-ethoxyethoxy)propane,leffingwell,leffingwell_goodscents
152.23,CC(=C)C1CCC2(C(C1)O2)C,1-methyl-4-prop-1-en-2-yl-7-oxabicyclo[4.1.0]heptane,limonene oxide,leffingwell,leffingwell_goodscents
152.23,CC1(C2CC1C3(C(C2)O3)C)C,"2,7,7-trimethyl-3-oxatricyclo[4.1.1.02,4]octane",alpha-pinene oxide,leffingwell,leffingwell_goodscents
210.31,CC(C)(CCCC1=CCC(CC1)C=O)O,4-(4-hydroxy-4-methylpentyl)cyclohex-3-ene-1-carbaldehyde,lyral,leffingwell,leffingwell_goodscents
192.25,CCC(C)C(=O)OCC1=CC=CC=C1,benzyl 2-methylbutanoate,benzyl 2-methylbutyrate,leffingwell,leffingwell_goodscents
200.32,CCCCCCCOC(=O)CC(C)C,heptyl 3-methylbutanoate,heptyl isovalerate,leffingwell,leffingwell_goodscents
192.3,CC(C)CCOCCC1=CC=CC=C1,2-(3-methylbutoxy)ethylbenzene,isopentyl phenethyl ether,leffingwell,leffingwell_goodscents
152.23,CC(=CCC(C)(C=C)C=O)C,"2-ethenyl-2,5-dimethylhex-4-enal","2,5-dimethyl-2-vinylhex-4-enal",leffingwell,leffingwell_goodscents
136.19,CCC=CC=CC=CC=O,"nona-2,4,6-trienal","nona-2,4,6-trienal",leffingwell,leffingwell_goodscents
222.37,CC(=C)[C@@H]1C[C@@H](CC[C@@]1(C)C=C)C(C)(C)O,"2-[(1R,3S,4S)-4-ethenyl-4-methyl-3-prop-1-en-2-ylcyclohexyl]propan-2-ol",elemol,leffingwell,leffingwell_goodscents
116.16,CCC1OCC(O1)C,"2-ethyl-4-methyl-1,3-dioxolane","2-ethyl-4-methyl-1,3-dioxolane",leffingwell,leffingwell_goodscents
206.28,CC(C)CC(=O)OC(C)C1=CC=CC=C1,1-phenylethyl 3-methylbutanoate,1-phenylethyl 3-methylbutanoate,leffingwell,leffingwell_goodscents
218.36,CCCCC(CC)COC(=O)CCS,2-ethylhexyl 3-sulfanylpropanoate,50448-95-8,leffingwell,leffingwell_goodscents
132.16,CC(C)CC(C(=O)O)O,2-hydroxy-4-methylpentanoic acid,2-hydroxy-4-methylpentanoic acid,leffingwell,leffingwell_goodscents
138.21,CC(C)C1CCC(=O)C=C1,4-propan-2-ylcyclohex-2-en-1-one,4-isopropyl-2-cyclohexenone,leffingwell,leffingwell_goodscents
146.18,CC(C)COC(=O)C(C)O,2-methylpropyl 2-hydroxypropanoate,isobutyl lactate,leffingwell,leffingwell_goodscents
132.16,CCCOC(=O)C(C)O,propyl 2-hydroxypropanoate,propyl lactate,leffingwell,leffingwell_goodscents
390.34,CC(=O)OC[C@H]([C@H]([C@@H]([C@H](C=O)OC(=O)C)OC(=O)C)OC(=O)C)OC(=O)C,"[(2R,3R,4S,5R)-2,3,4,5-tetraacetyloxy-6-oxohexyl] acetate",3891-59-6,leffingwell,leffingwell_goodscents
196.29,CC(=O)O[C@@H]1C[C@@H]2CC[C@]1(C2(C)C)C,"[(1S,2R,4S)-1,7,7-trimethyl-2-bicyclo[2.2.1]heptanyl] acetate",(-)-bornyl acetate,leffingwell,leffingwell_goodscents
152.23,CC1(C2CCC3(C1C2)CO3)C,"6,6-dimethylspiro[bicyclo[3.1.1]heptane-2,2'-oxirane]","2,10-epoxypinane",leffingwell,leffingwell_goodscents
204.35,C[C@@H]1CC[C@H]([C@H]2[C@]13[C@@H]2C(=C)CC3)C(C)C,"(1R,5S,6R,7S,10R)-10-methyl-4-methylidene-7-propan-2-yltricyclo[4.4.0.01,5]decane",beta-cubebene,leffingwell,leffingwell_goodscents
142.15,CCC1=C(C(=O)C(O1)C)O,5-ethyl-4-hydroxy-2-methylfuran-3-one,27538-09-6,leffingwell,leffingwell_goodscents
192.3,CC(=CCCC1=CCC(CC1)C=O)C,4-(4-methylpent-3-enyl)cyclohex-3-ene-1-carbaldehyde,myrac aldehyde,leffingwell,leffingwell_goodscents
140.3,CSCSSC,(methyldisulfanyl)-methylsulfanylmethane,"2,3,5-trithiahexane",leffingwell,leffingwell_goodscents
138.21,CC1C=C(CCC1C=O)C,"2,4-dimethylcyclohex-3-ene-1-carbaldehyde",68039-49-6,leffingwell,leffingwell_goodscents
254.32,COC1=C(C=CC(=C1)CC=C)OCC2=CC=CC=C2,2-methoxy-1-phenylmethoxy-4-prop-2-enylbenzene,benzyl eugenol,leffingwell,leffingwell_goodscents
198.3,CCCCCC=CC(=O)OCCCC,butyl oct-2-enoate,butyl oct-2-enoate,leffingwell,leffingwell_goodscents
126.15,CCCC1C=CC(=O)O1,2-propyl-2H-furan-5-one,5-propylfuran-2(5h)-one,leffingwell,leffingwell_goodscents
152.19,CCOCC1=CC=C(C=C1)O,4-(ethoxymethyl)phenol,4-(ethoxymethyl)phenol,leffingwell,leffingwell_goodscents
212.33,CCCCCCCCCC(=O)OCC=C,prop-2-enyl decanoate,allyl decanoate,leffingwell,leffingwell_goodscents
254.36,CC1CCC2(O1)C(CCCC2(C)OC(=O)C)(C)C,"(2,6,10,10-tetramethyl-1-oxaspiro[4.5]decan-6-yl) acetate",6-acetoxydihydrotheaspirane,leffingwell,leffingwell_goodscents
156.22,CCCCCC1CC1C(=O)O,2-pentylcyclopropane-1-carboxylic acid,2-pentylcyclopropanecarboxylic acid,leffingwell,leffingwell_goodscents
262.4,CCCCCCCCC(=O)OCCC1=CC=CC=C1,2-phenylethyl nonanoate,phenethyl nonanoate,leffingwell,leffingwell_goodscents
178.23,CC1COC(O1)C2=CC=C(C=C2)C,"4-methyl-2-(4-methylphenyl)-1,3-dioxolane",58244-29-4,leffingwell,leffingwell_goodscents
224.34,CCCC(=O)OC1CC2(CC[C@@H]1C2(C)C)C,"[(1R)-4,7,7-trimethyl-2-bicyclo[2.2.1]heptanyl] butanoate",exo-bornyl butyrate,leffingwell,leffingwell_goodscents
152.23,CC1=CCCC(C1C=O)(C)C,"2,6,6-trimethylcyclohex-2-ene-1-carbaldehyde",alpha-cyclocitral,leffingwell,leffingwell_goodscents
204.35,CC(=CCCC1(C2CC3C1(C3C2)C)C)C,"1,7-dimethyl-7-(4-methylpent-3-enyl)tricyclo[2.2.1.02,6]heptane",santalene,leffingwell,leffingwell_goodscents
222.37,C[C@@H]1CC[C@H]2[C@@H]1C3[C@H](C3(C)C)CC[C@]2(C)O,"(1aR,4S,4aS,7R,7aS)-1,1,4,7-tetramethyl-2,3,4a,5,6,7,7a,7b-octahydro-1aH-cyclopropa[e]azulen-4-ol",schembl3452216,leffingwell,leffingwell_goodscents
118.13,CC(COC(=O)C)O,2-hydroxypropyl acetate,2-hydroxypropyl acetate,leffingwell,leffingwell_goodscents
131.17,CC[C@H](C)[C@H](C(=O)O)N,"(2R,3S)-2-amino-3-methylpentanoic acid",d-alloisoleucine,leffingwell,leffingwell_goodscents
170.25,CC(=C)C1CCC(C(C1)O)(C)O,"1-methyl-4-prop-1-en-2-ylcyclohexane-1,2-diol","p-menth-8-ene-1,2-diol",leffingwell,leffingwell_goodscents
170.25,CCCCCCCC=CC(=O)O,dec-2-enoic acid,"cis-2-decenoic acid,cda",leffingwell,leffingwell_goodscents
86.13,CC(CO)C=C,2-methylbut-3-en-1-ol,2-methyl-3-buten-1-ol,leffingwell,leffingwell_goodscents
234.33,CCCCC(CC)COC(=O)C1=CC=CC=C1,2-ethylhexyl benzoate,2-ethylhexyl benzoate,leffingwell,leffingwell_goodscents
328.5,CCCCCCCC(=O)OCC(C)OC(=O)CCCCCCC,2-octanoyloxypropyl octanoate,propylene glycol dicaprylate,leffingwell,leffingwell_goodscents
166.22,CC1CCC2=C(C(=O)OC2C1)C,"3,6-dimethyl-5,6,7,7a-tetrahydro-4H-1-benzofuran-2-one",isomintlactone,leffingwell,leffingwell_goodscents
278.4,CCCCCCCC(=O)CCC1=CC(=C(C=C1)O)OC,1-(4-hydroxy-3-methoxyphenyl)decan-3-one,paradol,leffingwell,leffingwell_goodscents
104.1,C[C@@H](C(=O)OC)O,methyl (2S)-2-hydroxypropanoate,27871-49-4,leffingwell,leffingwell_goodscents
284.5,CCCCCCCCCCCC(=O)OCCCCCC,hexyl dodecanoate,hexyl laurate,leffingwell,leffingwell_goodscents
196.29,C[C@@H]1CC[C@H]([C@@H](C1)OC(=O)C)C(=C)C,"[(1R,2S,5R)-5-methyl-2-prop-1-en-2-ylcyclohexyl] acetate",isopulegyl acetate,leffingwell,leffingwell_goodscents
178.23,CC1=CC(=C(C=C1)COC(=O)C)C,"(2,4-dimethylphenyl)methyl acetate","2,4-dimethylbenzyl acetate",leffingwell,leffingwell_goodscents
198.3,CCCC(=O)OC(C)C1CCCCC1,1-cyclohexylethyl butanoate,1-cyclohexylethyl butyrate,leffingwell,leffingwell_goodscents
186.29,CCCCCCC1OC(C(O1)C)C,"2-hexyl-4,5-dimethyl-1,3-dioxolane","2-hexyl-4,5-dimethyl-1,3-dioxolane",leffingwell,leffingwell_goodscents
202.25,CCCCOC(=O)COC(=O)CCC,(2-butoxy-2-oxoethyl) butanoate,2-butoxy-2-oxoethyl butyrate,leffingwell,leffingwell_goodscents
179.22,CCCOC(=O)C1=CC=CC=C1N,propyl 2-aminobenzoate,propyl anthranilate,leffingwell,leffingwell_goodscents
302.28,COC1=CC(=CC(=C1O)C2=C(C(=CC(=C2)C=O)OC)O)C=O,3-(5-formyl-2-hydroxy-3-methoxyphenyl)-4-hydroxy-5-methoxybenzaldehyde,dehydrodivanillin,leffingwell,leffingwell_goodscents
224.25,CCOC(C1=CC2=C(C=C1)OCO2)OCC,"5-(diethoxymethyl)-1,3-benzodioxole","1,3-benzodioxole, 5-(diethoxymethyl)-",leffingwell,leffingwell_goodscents
220.31,CC1CC(OC(O1)CC2=CC=CC=C2)(C)C,"2-benzyl-4,4,6-trimethyl-1,3-dioxane","2-benzyl-4,4,6-trimethyl-1,3-dioxane",leffingwell,leffingwell_goodscents
118.13,CC1OCC(O1)CO,"(2-methyl-1,3-dioxolan-4-yl)methanol","(2-methyl-1,3-dioxolan-4-yl)methanol",leffingwell,leffingwell_goodscents
130.18,CCCC(C)CC(=O)O,3-methylhexanoic acid,3-methylhexanoic acid,leffingwell,leffingwell_goodscents
246.3,CCCCOC(=O)CC(C(=O)OCCCC)O,dibutyl 2-hydroxybutanedioate,dibutyl malate,leffingwell,leffingwell_goodscents
188.22,CCOC(=O)CC1(OCC(O1)C)C,"ethyl 2-(2,4-dimethyl-1,3-dioxolan-2-yl)acetate",6290-17-1,leffingwell,leffingwell_goodscents
220.26,C1CC(OC1)COC(=O)CC2=CC=CC=C2,oxolan-2-ylmethyl 2-phenylacetate,5421-00-1,leffingwell,leffingwell_goodscents
214.34,CCCCCCCCCC1OCC(O1)C,"4-methyl-2-nonyl-1,3-dioxolane","4-methyl-2-nonyl-1,3-dioxolane",leffingwell,leffingwell_goodscents
186.29,CCCCC(CC)COC(=O)CC,2-ethylhexyl propanoate,2-ethylhexyl propionate,leffingwell,leffingwell_goodscents
186.25,CCCCC(C(=O)C)C(=O)OCC,ethyl 2-acetylhexanoate,ethyl 2-acetylhexanoate,leffingwell,leffingwell_goodscents
198.34,CC(C)CCCC(C)CCCC(=O)C,"6,10-dimethylundecan-2-one","6,10-dimethylundecan-2-one",leffingwell,leffingwell_goodscents
172.26,CCCCOC(=O)C(C)CCC,butyl 2-methylpentanoate,butyl 2-methylvalerate,leffingwell,leffingwell_goodscents
186.29,CCCCCOC(=O)C(C)CCC,pentyl 2-methylpentanoate,pentyl 2-methylpentanoate,leffingwell,leffingwell_goodscents
158.24,CCCCC(CC)COC=O,2-ethylhexyl formate,2-ethylhexyl formate,leffingwell,leffingwell_goodscents
200.32,CCCCCCCCC1OCC(O1)C,"4-methyl-2-octyl-1,3-dioxolane","4-methyl-2-octyl-1,3-dioxolane",leffingwell,leffingwell_goodscents
162.23,CC1=CC=C(C=C1)CC(C)C=O,2-methyl-3-(4-methylphenyl)propanal,41496-43-9,leffingwell,leffingwell_goodscents
116.16,CCC(C(=O)CC)O,4-hydroxyhexan-3-one,4-hydroxyhexan-3-one,leffingwell,leffingwell_goodscents
178.23,CC1COC(O1)CC2=CC=CC=C2,"2-benzyl-4-methyl-1,3-dioxolane","2-benzyl-4-methyl-1,3-dioxolane",leffingwell,leffingwell_goodscents
138.21,CC1CC=C(CC1C=O)C,"3,6-dimethylcyclohex-3-ene-1-carbaldehyde","3,6-dimethylcyclohex-3-ene-1-carbaldehyde",leffingwell,leffingwell_goodscents
298.5,CCCCCCCCCCCCCC(=O)OCCC(C)C,3-methylbutyl tetradecanoate,3-methylbutyl tetradecanoate,leffingwell,leffingwell_goodscents
172.26,CCCCCOC(=O)CC(C)C,pentyl 3-methylbutanoate,pentyl 3-methylbutanoate,leffingwell,leffingwell_goodscents
180.24,COC(CCC1=CC=CC=C1)OC,"3,3-dimethoxypropylbenzene","1,1-dimethoxy-3-phenylpropane",leffingwell,leffingwell_goodscents
198.3,CCCCCCCCCC=CC(=O)O,dodec-2-enoic acid,2-lauroleic acid,leffingwell,leffingwell_goodscents
218.29,C1CCC(CC1)OC(=O)CC2=CC=CC=C2,cyclohexyl 2-phenylacetate,cyclohexyl phenylacetate,leffingwell,leffingwell_goodscents
154.16,CC1COC(O1)C2=CC=CO2,"2-(furan-2-yl)-4-methyl-1,3-dioxolane",4359-54-0,leffingwell,leffingwell_goodscents
170.25,CCCCCC1C(CC(=O)O1)C,4-methyl-5-pentyloxolan-2-one,33673-62-0,leffingwell,leffingwell_goodscents
156.22,CCCCCCC=CC(=O)O,non-2-enoic acid,nonenoic acid,leffingwell,leffingwell_goodscents
254.41,CCCCCCCCCCCCC1CCC(=O)O1,5-dodecyloxolan-2-one,"2(3h)-furanone, 5-dodecyldihydro-",leffingwell,leffingwell_goodscents
178.23,CC(C1OCCO1)C2=CC=CC=C2,"2-(1-phenylethyl)-1,3-dioxolane","2-(1-phenylethyl)-1,3-dioxolane",leffingwell,leffingwell_goodscents
214.34,CCCCCC(C)OC(=O)CCCCC,heptan-2-yl hexanoate,"hexanoic acid, 1-methylhexyl ester",leffingwell,leffingwell_goodscents
158.24,CCC(C)COC(=O)C(C)C,2-methylbutyl 2-methylpropanoate,2-methylbutyl isobutyrate,leffingwell,leffingwell_goodscents
132.16,CCOC(C)OC(=O)C,1-ethoxyethyl acetate,1-ethoxyethyl acetate,leffingwell,leffingwell_goodscents
172.26,CCCCCCC(C)OC(=O)C,octan-2-yl acetate,1-methylheptyl acetate,leffingwell,leffingwell_goodscents
194.23,CC(COC(=O)CC1=CC=CC=C1)O,2-hydroxypropyl 2-phenylacetate,2-hydroxypropyl phenylacetate,leffingwell,leffingwell_goodscents
180.2,CC(C(=O)OCC1=CC=CC=C1)O,benzyl 2-hydroxypropanoate,benzyl lactate,leffingwell,leffingwell_goodscents
194.23,CC1COC(O1)C2=CC=C(C=C2)OC,"2-(4-methoxyphenyl)-4-methyl-1,3-dioxolane","2-(4-methoxyphenyl)-4-methyl-1,3-dioxolane",leffingwell,leffingwell_goodscents
130.18,CCC1(OCC(O1)C)C,"2-ethyl-2,4-dimethyl-1,3-dioxolane","2-ethyl-2,4-dimethyl-1,3-dioxolane",leffingwell,leffingwell_goodscents
305.4,CC(CCCC(C)(C)O)CC=NC1=CC=CC=C1C(=O)OC,"methyl 2-[(7-hydroxy-3,7-dimethyloctylidene)amino]benzoate",aurantiol,leffingwell,leffingwell_goodscents
130.18,CCCC1OCC(O1)C,"4-methyl-2-propyl-1,3-dioxolane","4-methyl-2-propyl-1,3-dioxolane",leffingwell,leffingwell_goodscents
161.22,C=CCSCC(C(=O)O)N,2-amino-3-prop-2-enylsulfanylpropanoic acid,l-deoxyalliin,leffingwell,leffingwell_goodscents
100.12,CC1CCOC1=O,3-methyloxolan-2-one,3-methyldihydrofuran-2(3h)-one,leffingwell,leffingwell_goodscents
152.2,C1C(SCC(S1)O)O,"1,4-dithiane-2,5-diol","1,4-dithiane-2,5-diol",leffingwell,leffingwell_goodscents
210.36,CC(CCCC(C)C=O)CCC=C(C)C,"2,6,10-trimethylundec-9-enal","2,6,10-trimethylundec-9-enal",leffingwell,leffingwell_goodscents
130.18,CC1COC(O1)C(C)C,"4-methyl-2-propan-2-yl-1,3-dioxolane","2-isopropyl-4-methyl-1,3-dioxolane",leffingwell,leffingwell_goodscents
126.15,CC(=O)C1CCCC1=O,2-acetylcyclopentan-1-one,2-acetylcyclopentanone,leffingwell,leffingwell_goodscents
192.25,CC(=O)OC1CC2CC1C3C2CC=C3,"8-tricyclo[5.2.1.02,6]dec-4-enyl acetate",2500-83-6,leffingwell,leffingwell_goodscents
206.28,CCCCCOC(=O)CC1=CC=CC=C1,pentyl 2-phenylacetate,amyl phenylacetate,leffingwell,leffingwell_goodscents
116.23,CCCSCC=C,1-prop-2-enylsulfanylpropane,allyl propyl sulfide,leffingwell,leffingwell_goodscents
152.15,C1=CC=C(C=C1)C(=O)C(O)O,"2,2-dihydroxy-1-phenylethanone",1075-06-5,leffingwell,leffingwell_goodscents
178.23,CCOC(=O)C(C)C1=CC=CC=C1,ethyl 2-phenylpropanoate,ethyl 2-phenylpropionate,leffingwell,leffingwell_goodscents
166.22,CC(=C)C1CC2C(O2)(C(=O)C1)C,1-methyl-4-prop-1-en-2-yl-7-oxabicyclo[4.1.0]heptan-2-one,carvone epoxide,leffingwell,leffingwell_goodscents
152.19,CCCOC1=NC(=CN=C1)C,2-methyl-6-propoxypyrazine,2-methyl-6-propoxypyrazine,leffingwell,leffingwell_goodscents
207.27,CCCCCOC(=O)C1=CC=CC=C1N,pentyl 2-aminobenzoate,pentyl anthranilate,leffingwell,leffingwell_goodscents
120.17,CC(C(=O)O)SC,2-methylsulfanylpropanoic acid,2-(methylthio)propanoic acid,leffingwell,leffingwell_goodscents
162.25,CC1COC(O1)CCSC,"4-methyl-2-(2-methylsulfanylethyl)-1,3-dioxolane","1,3-dioxolane, 4-methyl-2-[2-(methylthio)ethyl]-",leffingwell,leffingwell_goodscents
212.33,C1CCCCCC(CCCCC1)OC=O,cyclododecyl formate,cyclododecyl formate,leffingwell,leffingwell_goodscents
192.25,CC(C)C1=CC=C(C=C1)COC(=O)C,(4-propan-2-ylphenyl)methyl acetate,cuminyl acetate,leffingwell,leffingwell_goodscents
206.27,CC1=NC=CN=C1SCC2=CC=CO2,2-(furan-2-ylmethylsulfanyl)-3-methylpyrazine,2-furfurylthio-3-methylpyrazine,leffingwell,leffingwell_goodscents
206.27,CC1=CN=C(C=N1)SCC2=CC=CO2,2-(furan-2-ylmethylsulfanyl)-5-methylpyrazine,2-methyl-5-(furfurylthio)pyrazine,leffingwell,leffingwell_goodscents
206.27,CC1=CN=CC(=N1)SCC2=CC=CO2,2-(furan-2-ylmethylsulfanyl)-6-methylpyrazine,2-methyl-6-(furfurylthio)pyrazine,leffingwell,leffingwell_goodscents
160.28,CCCC1CCOC(S1)C,"2-methyl-4-propyl-1,3-oxathiane","2-methyl-4-propyl-1,3-oxathiane",leffingwell,leffingwell_goodscents
220.31,CC(C)C(=O)OC(C)(C)CC1=CC=CC=C1,(2-methyl-1-phenylpropan-2-yl) 2-methylpropanoate,59354-71-1,leffingwell,leffingwell_goodscents
160.21,CCCCC(=O)OCC(C)O,2-hydroxypropyl pentanoate,59569-67-4,leffingwell,leffingwell_goodscents
156.22,CC1(CCCC(C1=O)(C)O)C,"2-hydroxy-2,6,6-trimethylcyclohexan-1-one","2,6,6-trimethyl-2-hydroxycyclohexanone",leffingwell,leffingwell_goodscents
208.21,CC1COC(O1)C2=CC3=C(C=C2)OCO3,"5-(4-methyl-1,3-dioxolan-2-yl)-1,3-benzodioxole",61683-99-6,leffingwell,leffingwell_goodscents
160.21,CCCCCOC(=O)C(C)O,pentyl 2-hydroxypropanoate,amyl lactate,leffingwell,leffingwell_goodscents
180.16,C1OC2=C(O1)C=C(C=C2)COC=O,"1,3-benzodioxol-5-ylmethyl formate",85262-96-0,leffingwell,leffingwell_goodscents
220.26,C1CCC(CC1)OC(=O)C2=CC=CC=C2O,cyclohexyl 2-hydroxybenzoate,cyclohexyl salicylate,leffingwell,leffingwell_goodscents
256.42,CCCCCCCCCCCC(=O)OCC(C)C,2-methylpropyl dodecanoate,isobutyl laurate,leffingwell,leffingwell_goodscents
230.39,CCCCCCCCCC(OCC)OCC,"1,1-diethoxydecane","1,1-diethoxydecane",leffingwell,leffingwell_goodscents
202.33,CCCCCCCC(OCC)OCC,"1,1-diethoxyoctane","1,1-diethoxyoctane",leffingwell,leffingwell_goodscents
179.22,CCOC(=O)C1=CC=CC=C1NC,ethyl 2-(methylamino)benzoate,ethyl 2-(methylamino)benzoate,leffingwell,leffingwell_goodscents
146.18,CCC(C)(C(=O)OCC)O,ethyl 2-hydroxy-2-methylbutanoate,ethyl 2-hydroxy-2-methylbutanoate,leffingwell,leffingwell_goodscents
220.35,CC1CC(C=C(C2C1CC(=C(C)C)C2)C)O,"4,8-dimethyl-2-propan-2-ylidene-3,3a,4,5,6,8a-hexahydro-1H-azulen-6-ol",vetiverol,leffingwell,leffingwell_goodscents
270.4,CC(OCCC1=CC=CC=C1)OCCC2=CC=CC=C2,2-[1-(2-phenylethoxy)ethoxy]ethylbenzene,"1,1-bis(phenethyloxy)ethane",leffingwell,leffingwell_goodscents
208.3,CC(=O)OCCC1=CCC2CC1C2(C)C,"2-(6,6-dimethyl-2-bicyclo[3.1.1]hept-2-enyl)ethyl acetate",nopyl acetate,leffingwell,leffingwell_goodscents
156.26,C[C@H](CCC=C(C)C)CCO,"(3R)-3,7-dimethyloct-6-en-1-ol",d-citronellol,leffingwell,leffingwell_goodscents
194.27,CC1=CC[C@H](C[C@H]1OC(=O)C)C(=C)C,"[(1R,5R)-2-methyl-5-prop-1-en-2-ylcyclohex-2-en-1-yl] acetate",cis-carvyl acetate,leffingwell,leffingwell_goodscents
158.24,CCCCC(CC)C(=O)OC,methyl 2-ethylhexanoate,methyl 2-ethylhexanoate,leffingwell,leffingwell_goodscents
144.25,CCCCCCC(C)CO,2-methyloctan-1-ol,2-methyloctan-1-ol,leffingwell,leffingwell_goodscents
200.32,CC(CCC=C(C)C)CC(OC)OC,"8,8-dimethoxy-2,6-dimethyloct-2-ene","8,8-dimethoxy-2,6-dimethyloct-2-ene",leffingwell,leffingwell_goodscents
114.19,CCCCC(C)C=O,2-methylhexanal,2-methylhexanal,leffingwell,leffingwell_goodscents
126.15,CC1(CCC(=O)O1)C=C,5-ethenyl-5-methyloxolan-2-one,5-ethenyl-5-methyloxolan-2-one,leffingwell,leffingwell_goodscents
194.27,CC(=O)OC1CC2CC(C1=C)C2(C)C,"(6,6-dimethyl-2-methylidene-3-bicyclo[3.1.1]heptanyl) acetate",pinocarvyl acetate,leffingwell,leffingwell_goodscents
204.35,CC1(CCC=C2C13CCC(C3)C2(C)C)C,"2,2,7,7-tetramethyltricyclo[6.2.1.01,6]undec-5-ene","2h-2,4a-methanonaphthalene, 1,3,4,5,6,7-hexahydro-1,1,5,5-tetramethyl-, (2s)-",leffingwell,leffingwell_goodscents
274.4,CC1CCC(C(C1)OC(=O)CC2=CC=CC=C2)C(C)C,(5-methyl-2-propan-2-ylcyclohexyl) 2-phenylacetate,2-isopropyl-5-methylcyclohexyl phenylacetate,leffingwell,leffingwell_goodscents
196.29,CC1=CC(C(CC1)C(C)C)OC(=O)C,(3-methyl-6-propan-2-ylcyclohex-2-en-1-yl) acetate,1204-30-4,leffingwell,leffingwell_goodscents
196.33,CC(CCCC(=O)C)CCC=C(C)C,"6,10-dimethylundec-9-en-2-one","6,10-dimethylundec-9-en-2-one",leffingwell,leffingwell_goodscents
170.25,CC(=CCCC(C)(C1CO1)O)C,6-methyl-2-(oxiran-2-yl)hept-5-en-2-ol,1365-19-1,leffingwell,leffingwell_goodscents
170.29,CC1CCC(C(C1)OC)C(C)C,2-methoxy-4-methyl-1-propan-2-ylcyclohexane,1-menthyl methyl ether,leffingwell,leffingwell_goodscents
152.23,CC1(C2CC1C(=C)C(C2)O)C,"6,6-dimethyl-2-methylidenebicyclo[3.1.1]heptan-3-ol",pinocarveol,leffingwell,leffingwell_goodscents
152.23,CC1=CC(C(CC1)C=O)(C)C,"2,2,4-trimethylcyclohex-3-ene-1-carbaldehyde",pseudo-cyclocitral,leffingwell,leffingwell_goodscents
184.27,CC1CCC(C(C1)OC=O)C(C)C,(5-methyl-2-propan-2-ylcyclohexyl) formate,menthyl formate,leffingwell,leffingwell_goodscents
134.17,CC(C(C)(OC)OC)O,"3,3-dimethoxybutan-2-ol","3,3-dimethoxybutan-2-ol",leffingwell,leffingwell_goodscents
174.31,CCC(C)SC(=O)CC(C)C,S-butan-2-yl 3-methylbutanethioate,2432-91-9,leffingwell,leffingwell_goodscents
144.21,CCC(C)COC(=O)CC,2-methylbutyl propanoate,2-methylbutyl propionate,leffingwell,leffingwell_goodscents
158.24,CCC(C)C(=O)OCC(C)C,2-methylpropyl 2-methylbutanoate,iso-butyl-2-methylbutyrate,leffingwell,leffingwell_goodscents
168.23,CCCCCCC1C=CC(=O)O1,2-hexyl-2H-furan-5-one,5-hexylfuran-2(5h)-one,leffingwell,leffingwell_goodscents
154.25,CCC(=O)C(C)CC=C(C)C,"4,7-dimethyloct-6-en-3-one",2550-11-0,leffingwell,leffingwell_goodscents
114.19,CCCC(C)C(=O)C,3-methylhexan-2-one,3-methylhexan-2-one,leffingwell,leffingwell_goodscents
194.27,CCOC(C)OCCC1=CC=CC=C1,2-(1-ethoxyethoxy)ethylbenzene,2556-10-7,leffingwell,leffingwell_goodscents
186.29,CCCCCC(=O)OCC(C)CC,2-methylbutyl hexanoate,2-methylbutyl hexanoate,leffingwell,leffingwell_goodscents
226.31,CCCCCC1C(CCC1=O)CC(=O)OC,methyl 2-(3-oxo-2-pentylcyclopentyl)acetate,methyl dihydrojasmonate,leffingwell,leffingwell_goodscents
172.26,CCCCC(CC)C(=O)OCC,ethyl 2-ethylhexanoate,ethyl 2-ethylhexanoate,leffingwell,leffingwell_goodscents
116.16,CC1C(OC(O1)C)C,"2,4,5-trimethyl-1,3-dioxolane","2,4,5-trimethyl-1,3-dioxolane",leffingwell,leffingwell_goodscents
128.17,CCC1CCCC(=O)O1,6-ethyloxan-2-one,6-ethyltetrahydro-2h-pyran-2-one,leffingwell,leffingwell_goodscents
102.13,CC1COC(O1)C,"2,4-dimethyl-1,3-dioxolane","2,4-dimethyl-1,3-dioxolane",leffingwell,leffingwell_goodscents
220.31,CCCCCC(=O)OC(C)C1=CC=CC=C1,1-phenylethyl hexanoate,1-phenylethyl hexanoate,leffingwell,leffingwell_goodscents
149.23,C[C@H](C1=CC=CC=C1)N(C)C,"(1R)-N,N-dimethyl-1-phenylethanamine",19342-01-9,leffingwell,leffingwell_goodscents
200.32,CCC(=O)OCCCCCCC(C)C,7-methyloctyl propanoate,isononyl propionate,leffingwell,leffingwell_goodscents
208.34,CC1=CCCC(C1C(C)CCC=O)(C)C,"4-(2,6,6-trimethylcyclohex-2-en-1-yl)pentanal","cyclohexenebutanal, alpha,2,2,6-tetramethyl-",leffingwell,leffingwell_goodscents
138.17,CCOCC1=NC=CN=C1,2-(ethoxymethyl)pyrazine,"pyrazine, 2-ethoxymethyl-",leffingwell,leffingwell_goodscents
192.25,CCC(C)COC(=O)C1=CC=CC=C1,2-methylbutyl benzoate,2-methylbutyl benzoate,leffingwell,leffingwell_goodscents
206.24,CCOC(=O)C1C(O1)C2=CC=C(C=C2)C,ethyl 3-(4-methylphenyl)oxirane-2-carboxylate,ethyl 3-p-tolyloxirane-2-carboxylate,leffingwell,leffingwell_goodscents
118.2,CC(C(=O)C)SC,3-methylsulfanylbutan-2-one,3-methylthio-2-butanone,leffingwell,leffingwell_goodscents
220.35,CC1CC(C=C2C1(CC(CC2)C(=C)C)C)O,"4,4a-dimethyl-6-prop-1-en-2-yl-3,4,5,6,7,8-hexahydro-2H-naphthalen-2-ol",53643-07-5,leffingwell,leffingwell_goodscents
198.3,CC(CCCC(C)(C)OC(=O)C)C=C,"2,6-dimethyloct-7-en-2-yl acetate","2,6-dimethyloct-7-en-2-yl acetate",leffingwell,leffingwell_goodscents
120.17,CC(C(=O)OC)S,methyl 2-sulfanylpropanoate,methyl 2-mercaptopropionate,leffingwell,leffingwell_goodscents
256.42,CCCCCCCCCCOC(=O)CCCCC,decyl hexanoate,decyl hexanoate,leffingwell,leffingwell_goodscents
216.36,CCCCCCCCCCC(OC)OC,"1,1-dimethoxyundecane",undecanal dimethyl acetal,leffingwell,leffingwell_goodscents
138.17,CCOC1=NC(=CN=C1)C,2-ethoxy-6-methylpyrazine,2-ethoxy-6-methylpyrazine,leffingwell,leffingwell_goodscents
200.32,CCCCCCCCCOC(=O)CC,nonyl propanoate,nonyl propionate,leffingwell,leffingwell_goodscents
244.41,CCCCCCCCCCC(OCC)OCC,"1,1-diethoxyundecane","1,1-diethoxyundecane",leffingwell,leffingwell_goodscents
258.44,CCCCCCCCCCCC(OCC)OCC,"1,1-diethoxydodecane","1,1-diethoxydodecane",leffingwell,leffingwell_goodscents
172.26,CCCCCCCCOCC=O,2-octoxyacetaldehyde,"acetaldehyde, (octyloxy)-",leffingwell,leffingwell_goodscents
169.29,CC1=C(SC(=N1)CC(C)C)C,"4,5-dimethyl-2-(2-methylpropyl)-1,3-thiazole","2-isobutyl-4,5-dimethylthiazole",leffingwell,leffingwell_goodscents
139.19,CCCC1=NC(=C(O1)C)C,"4,5-dimethyl-2-propyl-1,3-oxazole","4,5-dimethyl-2-propyloxazole",leffingwell,leffingwell_goodscents
150.18,CC1=CN=C(C(=N1)C)C(=O)C,"1-(3,5-dimethylpyrazin-2-yl)ethanone","2-acetyl-3,5-dimethylpyrazine",leffingwell,leffingwell_goodscents
166.22,CCOCC1=CC=CC=C1OC,1-(ethoxymethyl)-2-methoxybenzene,o-(ethoxymethyl)anisole,leffingwell,leffingwell_goodscents
192.3,CC1=C(C(CCC1=O)(C)C)CCC=C,"3-but-3-enyl-2,4,4-trimethylcyclohex-2-en-1-one","5,8-megastigmadienone-4",leffingwell,leffingwell_goodscents
190.28,CCC1=CC=C(C=C1)CC(C)(C)C=O,"3-(4-ethylphenyl)-2,2-dimethylpropanal","3-(4-ethylphenyl)-2,2-dimethylpropanal",leffingwell,leffingwell_goodscents
206.28,CC(C)(C)C(=O)OCCC1=CC=CC=C1,"2-phenylethyl 2,2-dimethylpropanoate",2-phenylethyl pivalate,leffingwell,leffingwell_goodscents
206.28,CCC(=O)OC(C)(C)CC1=CC=CC=C1,(2-methyl-1-phenylpropan-2-yl) propanoate,benzylisopropyl propionate,leffingwell,leffingwell_goodscents
196.2,CCCC(=O)OC1=C(OC=CC1=O)C,(2-methyl-4-oxopyran-3-yl) butanoate,maltyl butyrate,leffingwell,leffingwell_goodscents
216.36,CCOC(CCCCCC(C)C)OCC,"1,1-diethoxy-7-methyloctane","isononane, 1,1-diethoxy-",leffingwell,leffingwell_goodscents
168.26,CC(C)C1=NC=CN=C1SC,2-methylsulfanyl-3-propan-2-ylpyrazine,67952-59-4,leffingwell,leffingwell_goodscents
150.3,CC(C)(C=O)SSC,2-methyl-2-(methyldisulfanyl)propanal,2-(methyldithio)isobutyraldehyde,leffingwell,leffingwell_goodscents
138.17,CCC1=CN=C(C=N1)OC,2-ethyl-5-methoxypyrazine,2-ethyl-5-methoxypyrazine,leffingwell,leffingwell_goodscents
290.42,CC(C)CCOC(=O)CC(C(=O)OCCC(C)C)S,bis(3-methylbutyl) 2-sulfanylbutanedioate,diisopentyl thiomalate,leffingwell,leffingwell_goodscents
172.26,CC(CCOC=O)CC(C)(C)C,"3,5,5-trimethylhexyl formate","3,5,5-trimethylhexyl formate",leffingwell,leffingwell_goodscents
186.25,CC(C)CCOCC(=O)OCC=C,prop-2-enyl 2-(3-methylbutoxy)acetate,allyl (3-methylbutoxy)acetate,leffingwell,leffingwell_goodscents
186.25,CCC(C)COCC(=O)OCC=C,prop-2-enyl 2-(2-methylbutoxy)acetate,allyl (2-methylbutoxy)acetate,leffingwell,leffingwell_goodscents
184.27,CCCCCCC1C(CC(=O)O1)C,5-hexyl-4-methyloxolan-2-one,5-hexyl-4-methyldihydrofuran-2(3h)-one,leffingwell,leffingwell_goodscents
186.29,CC(=CCC(C)(C)C(OC)OC)C,"6,6-dimethoxy-2,5,5-trimethylhex-2-ene","6,6-dimethoxy-2,5,5-trimethylhex-2-ene",leffingwell,leffingwell_goodscents
258.44,CCCCCCCCCC(C)C(OCC)OCC,"1,1-diethoxy-2-methylundecane","1,1-diethoxy-2-methylundecane",leffingwell,leffingwell_goodscents
388.5,CC(CCCC(C)(C)O)CC(N1C=CC2=CC=CC=C21)N3C=CC4=CC=CC=C43,"8,8-di(indol-1-yl)-2,6-dimethyloctan-2-ol",67801-36-9,leffingwell,leffingwell_goodscents
184.27,CC1CC(CC(C1)(C)C)OC(=O)C,"(3,3,5-trimethylcyclohexyl) acetate","3,3,5-trimethylcyclohexyl acetate",leffingwell,leffingwell_goodscents
182.3,CCC1(C(C2CCC1(C2)C)(C)C)O,"2-ethyl-1,3,3-trimethylbicyclo[2.2.1]heptan-2-ol",2-ethylfenchol,leffingwell,leffingwell_goodscents
172.26,CCCCCOC(=O)C(C)CC,pentyl 2-methylbutanoate,amyl-2-methylbutyrate,leffingwell,leffingwell_goodscents
246.4,CC1CCC2C13CC(C2(C)C)C(=C(C3)C(=O)C)C,"1-(2,6,6,8-tetramethyl-9-tricyclo[5.3.1.01,5]undec-8-enyl)ethanone",68039-35-0,leffingwell,leffingwell_goodscents
204.35,CC1CCC(CC2=C1CCC2C)C(=C)C,"1,4-dimethyl-7-prop-1-en-2-yl-1,2,3,4,5,6,7,8-octahydroazulene",alpha-guajene,leffingwell,leffingwell_goodscents
134.2,CC(CS)C(=O)OC,methyl 2-methyl-3-sulfanylpropanoate,methyl 2-methyl-3-sulfanylpropanoate,leffingwell,leffingwell_goodscents
206.28,CC1CC(OC(O1)C)(C)C2=CC=CC=C2,"2,4,6-trimethyl-4-phenyl-1,3-dioxane","2,4,6-trimethyl-4-phenyl-1,3-dioxane",leffingwell,leffingwell_goodscents
152.23,CC1=CC(=O)[C@H](CC1)C(C)C,(6R)-3-methyl-6-propan-2-ylcyclohex-2-en-1-one,l-piperitone,leffingwell,leffingwell_goodscents
174.28,CCCCCCOC(C)OCC,1-(1-ethoxyethoxy)hexane,1-(1-ethoxyethoxy)hexane,leffingwell,leffingwell_goodscents
264.4,CC(=C)C1C(C(CCC1(C)C=C)COC(=O)C)(C)C,"(4-ethenyl-2,2,4-trimethyl-3-prop-1-en-2-ylcyclohexyl)methyl acetate",60031-93-8,leffingwell,leffingwell_goodscents
115.2,CC1N=C(CS1)C,"2,4-dimethyl-2,5-dihydro-1,3-thiazole","2,4-dimethyl-3-thiazoline",leffingwell,leffingwell_goodscents
186.29,CCCCCCC(CC)OC(=O)C,nonan-3-yl acetate,nonan-3-yl acetate,leffingwell,leffingwell_goodscents
194.31,CCCCCCCCC=CC=CC=O,"trideca-2,4-dienal","2,4-tridecadienal",leffingwell,leffingwell_goodscents
216.36,CCCCCCCCC(OCC)OCC,"1,1-diethoxynonane","1,1-diethoxynonane",leffingwell,leffingwell_goodscents
170.23,CC1=CC(=C(O1)C)SC(=O)C,"S-(2,5-dimethylfuran-3-yl) ethanethioate",55764-22-2,leffingwell,leffingwell_goodscents
156.2,CC1=C(C=CO1)SC(=O)C,S-(2-methylfuran-3-yl) ethanethioate,55764-25-5,leffingwell,leffingwell_goodscents
268.3,C1=CC=C(C=C1)CCCOC(=O)CCC2=CC=CC=C2,3-phenylpropyl 3-phenylpropanoate,60045-27-4,leffingwell,leffingwell_goodscents
270.5,CCCCCCCCCC(=O)OCCCCCCC,heptyl decanoate,heptyl decanoate,leffingwell,leffingwell_goodscents
228.37,CCCCCCCCC(=O)OCCCCC,pentyl nonanoate,amyl nonanoate,leffingwell,leffingwell_goodscents
230.39,CCCCCCCCCC(C)C(OC)OC,"1,1-dimethoxy-2-methylundecane","1,1-dimethoxy-2-methylundecane",leffingwell,leffingwell_goodscents
186.29,CC(C)CCCC(C)CCOC=O,"3,7-dimethyloctyl formate","3,7-dimethyloctyl formate",leffingwell,leffingwell_goodscents
184.27,CC1COC(O1)(C)CCC=C(C)C,"2,4-dimethyl-2-(4-methylpent-3-enyl)-1,3-dioxolane",68258-95-7,leffingwell,leffingwell_goodscents
226.35,CC1CCC(C(C1)OC(=O)C(C)C)C(C)C,(5-methyl-2-propan-2-ylcyclohexyl) 2-methylpropanoate,(-)-menthyl isobutyrate,leffingwell,leffingwell_goodscents
170.32,CC1CCC2CC1SC2(C)C,"4,7,7-trimethyl-6-thiabicyclo[3.2.1]octane","2,8-epithio-p-menthane",leffingwell,leffingwell_goodscents
142.24,CC1CCC(C(C1)C)CO,"(2,4-dimethylcyclohexyl)methanol","(2,4-dimethylcyclohexyl)methanol",leffingwell,leffingwell_goodscents
210.23,CC1COC(O1)C2=CC(=C(C=C2)O)OC,"2-methoxy-4-(4-methyl-1,3-dioxolan-2-yl)phenol","2-methoxy-4-(4-methyl-1,3-dioxolan-2-yl)phenol",leffingwell,leffingwell_goodscents
224.25,CCOC1=C(C=CC(=C1)C2OCC(O2)C)O,"2-ethoxy-4-(4-methyl-1,3-dioxolan-2-yl)phenol",68527-76-4,leffingwell,leffingwell_goodscents
275.4,CC(CCC=C(C)C)CCOC(=O)C1=CC=CC=C1N,"3,7-dimethyloct-6-enyl 2-aminobenzoate",citronellyl anthranilate,leffingwell,leffingwell_goodscents
206.28,CCCCCC(=O)OC1=CC=C(C=C1)C,(4-methylphenyl) hexanoate,"hexanoic acid, 4-methylphenyl ester",leffingwell,leffingwell_goodscents
182.22,CCCC(=O)OC1=C(CCC1=O)C,(2-methyl-5-oxocyclopenten-1-yl) butanoate,68227-51-0,leffingwell,leffingwell_goodscents
114.14,CC(=CCOC=O)C,3-methylbut-2-enyl formate,prenyl formate,leffingwell,leffingwell_goodscents
182.17,CCC(=O)OC1=C(OC=CC1=O)C,(2-methyl-4-oxopyran-3-yl) propanoate,maltol propionate,leffingwell,leffingwell_goodscents
182.26,CC1(C2CCC(C2)(C1OC=O)C)C,"(1,3,3-trimethyl-2-bicyclo[2.2.1]heptanyl) formate",5460-46-8,leffingwell,leffingwell_goodscents
192.3,CC1=CC=C2C(CCCC2(O1)C)(C)C,"2,5,5,8a-tetramethyl-7,8-dihydro-6H-chromene",cycloionone,leffingwell,leffingwell_goodscents
144.21,CCCCC(C)OC(=O)C,hexan-2-yl acetate,1-methylpentyl acetate,leffingwell,leffingwell_goodscents
156.26,CC(C)CCCC(C)CC=O,"3,7-dimethyloctanal","3,7-dimethyloctanal",leffingwell,leffingwell_goodscents
226.35,CCCC(=O)OC1CC(CCC1C(C)C)C,(5-methyl-2-propan-2-ylcyclohexyl) butanoate,menthyl butyrate,leffingwell,leffingwell_goodscents
254.41,CCCCCC(=O)OC1CC(CCC1C(C)C)C,(5-methyl-2-propan-2-ylcyclohexyl) hexanoate,menthyl hexanoate,leffingwell,leffingwell_goodscents
170.32,CC1(C2CCC(C1C2)CS)C,"(6,6-dimethyl-2-bicyclo[3.1.1]heptanyl)methanethiol",10-mercaptopinane,leffingwell,leffingwell_goodscents
146.23,CCOC(C)OCC(C)C,1-(1-ethoxyethoxy)-2-methylpropane,1-(1-ethoxyethoxy)-2-methylpropane,leffingwell,leffingwell_goodscents
146.3,CCCCC(CC)CS,2-ethylhexane-1-thiol,2-ethyl-1-hexanethiol,leffingwell,leffingwell_goodscents
188.26,CCCCCC(CC(=O)OCC)O,ethyl 3-hydroxyoctanoate,ethyl 3-hydroxyoctanoate,leffingwell,leffingwell_goodscents
254.41,CCCCCCCCCCCC1CCCC(=O)O1,6-undecyloxan-2-one,6-undecyloxan-2-one,leffingwell,leffingwell_goodscents
212.33,CCCCCCCCC1CCCC(=O)O1,6-octyloxan-2-one,7370-92-5,leffingwell,leffingwell_goodscents
196.29,CC1=CCC(CC1)C(C)(C)OC(=O)C,2-(4-methylcyclohex-3-en-1-yl)propan-2-yl acetate,terpinyl acetate,leffingwell,leffingwell_goodscents
240.38,CC(C)CC(=O)OCCC(C)CCC=C(C)C,"3,7-dimethyloct-6-enyl 3-methylbutanoate",citronellyl isovalerate,leffingwell,leffingwell_goodscents
172.26,CC(C)CCCCCCC(=O)O,8-methylnonanoic acid,8-methylnonanoic acid,leffingwell,leffingwell_goodscents
88.11,CC(=O)CCO,4-hydroxybutan-2-one,4-hydroxy-2-butanone,leffingwell,leffingwell_goodscents
198.26,C=CCOC(=O)COC1CCCCC1,prop-2-enyl 2-cyclohexyloxyacetate,68901-15-5,leffingwell,leffingwell_goodscents
208.25,CC(C)CC(=O)OCC1=CC=C(C=C1)O,(4-hydroxyphenyl)methyl 3-methylbutanoate,(4-hydroxyphenyl)methyl isovalerate,leffingwell,leffingwell_goodscents
188.22,CCC(=O)OCC(C)OC(=O)CC,2-propanoyloxypropyl propanoate,propylene glycol dipropionate,leffingwell,leffingwell_goodscents
160.21,CCOC(=O)C(CC(C)C)O,ethyl 2-hydroxy-4-methylpentanoate,ethyl dl-leucate,leffingwell,leffingwell_goodscents
238.37,CCCCC(=O)OC(C)(CCC=C(C)C)C=C,"3,7-dimethylocta-1,6-dien-3-yl pentanoate",linalyl valerate,leffingwell,leffingwell_goodscents
200.32,CC(C)CCCCCCCOC(=O)C,8-methylnonyl acetate,"acetic acid, isodecyl ester",leffingwell,leffingwell_goodscents
202.33,CCOC(CCCCC(C)C)OCC,"1,1-diethoxy-6-methylheptane","isooctane, 1,1-diethoxy-",leffingwell,leffingwell_goodscents
206.28,CCC(C)COC(=O)CC1=CC=CC=C1,2-methylbutyl 2-phenylacetate,2-methylbutyl phenylacetate,leffingwell,leffingwell_goodscents
172.26,CC(CCCC(C)(C)OC)C=O,"6-methoxy-2,6-dimethylheptanal","6-methoxy-2,6-dimethylheptanal",leffingwell,leffingwell_goodscents
168.23,CCC=CCCC1CCC(=O)O1,5-hex-3-enyloxolan-2-one,7-decen-4-olide,leffingwell,leffingwell_goodscents
244.33,CCCCCCC(CCOC(=O)C)OC(=O)C,3-acetyloxynonyl acetate,"nonane-1,3-diyl diacetate",leffingwell,leffingwell_goodscents
276.4,CCCCCCCCCC(=O)OCCC1=CC=CC=C1,2-phenylethyl decanoate,phenethyl decanoate,leffingwell,leffingwell_goodscents
124.14,COCC1=NC=CN=C1,2-(methoxymethyl)pyrazine,"pyrazine, methoxymethyl-",leffingwell,leffingwell_goodscents
170.25,CCC(C)COC(=O)C=C(C)C,2-methylbutyl 3-methylbut-2-enoate,2-methylbutyl 3-methyl-2-butenoate,leffingwell,leffingwell_goodscents
176.25,CC1CC(CO1)(C)C2=CC=CC=C2,"2,4-dimethyl-4-phenyloxolane",rhubafuran,leffingwell,leffingwell_goodscents
254.41,CCCCCC(=O)OCCC(C)CCC=C(C)C,"3,7-dimethyloct-6-enyl hexanoate",citronellyl hexanoate,leffingwell,leffingwell_goodscents
168.28,CCCCCCC1CCCC1=O,2-hexylcyclopentan-1-one,2-hexylcyclopentanone,leffingwell,leffingwell_goodscents
160.25,CCCCCOC(C)OCC,1-(1-ethoxyethoxy)pentane,1-(1-ethoxyethoxy)pentane,leffingwell,leffingwell_goodscents
210.36,CCCCCCCCCCCC=CC=O,tetradec-2-enal,tetradec-2-enal,leffingwell,leffingwell_goodscents
208.25,CC(C)C(=O)OCC1=CC=C(C=C1)OC,(4-methoxyphenyl)methyl 2-methylpropanoate,p-anisyl 2-methylpropanoate,leffingwell,leffingwell_goodscents
132.16,CCC(=O)OCC(C)O,2-hydroxypropyl propanoate,2-hydroxypropyl propionate,leffingwell,leffingwell_goodscents
182.3,CCOC(C)(C)C1CCC(=CC1)C,4-(2-ethoxypropan-2-yl)-1-methylcyclohexene,27153-54-4,leffingwell,leffingwell_goodscents
144.21,CCOC(=O)CCC(C)C,ethyl 4-methylpentanoate,ethyl 4-methylvalerate,leffingwell,leffingwell_goodscents
152.23,CCCCCC1=CCCC1=O,2-pentylcyclopent-2-en-1-one,2-pentyl-2-cyclopenten-1-one,leffingwell,leffingwell_goodscents
207.23,CCC(=O)NC1=CC=CC=C1C(=O)OC,methyl 2-(propanoylamino)benzoate,25628-84-6,leffingwell,leffingwell_goodscents
132.2,CCCCC(OC)OC,"1,1-dimethoxypentane","1,1-dimethoxypentane",leffingwell,leffingwell_goodscents
194.27,CC1=CC(C2CC1C2(C)C)OC(=O)C,"(4,6,6-trimethyl-2-bicyclo[3.1.1]hept-3-enyl) acetate","4,6,6-trimethylbicyclo[3.1.1]hept-3-en-2-yl acetate",leffingwell,leffingwell_goodscents
176.25,CC(C)C1=CC=C(C=C1)C(C)C=O,2-(4-propan-2-ylphenyl)propanal,34291-99-1,leffingwell,leffingwell_goodscents
172.29,CCC(C)SC(=O)C=C(C)C,S-butan-2-yl 3-methylbut-2-enethioate,s-sec-butyl 3-methylbut-2-enethioate,leffingwell,leffingwell_goodscents
194.27,CCOC(=O)C1C(=CC=CC1(C)C)C,"ethyl 2,6,6-trimethylcyclohexa-2,4-diene-1-carboxylate",ethyl safranate,leffingwell,leffingwell_goodscents
116.16,CCC(C)COC=O,2-methylbutyl formate,2-methylbutyl formate,leffingwell,leffingwell_goodscents
230.3,CCCC(CCCC(=O)OCC)OC(=O)C,ethyl 5-acetyloxyoctanoate,ethyl 5-acetoxyoctanoate,leffingwell,leffingwell_goodscents
142.2,CCCC(C=C)OC(=O)C,hex-1-en-3-yl acetate,1-hexen-3-yl acetate,leffingwell,leffingwell_goodscents
286.5,CCCCCCOC(CCCCC)OCCCCCC,"1,1-dihexoxyhexane",hexanal dihexyl acetal,leffingwell,leffingwell_goodscents
160.28,CC(C)CC(=O)SC(C)C,S-propan-2-yl 3-methylbutanethioate,34322-06-0,leffingwell,leffingwell_goodscents
158.26,CC(C)SC(=O)C=C(C)C,S-propan-2-yl 3-methylbut-2-enethioate,s-isopropyl 3-methylbut-2-enethioate,leffingwell,leffingwell_goodscents
206.4,CCC(C)(C)SSC(C)(C)CC,2-methyl-2-(2-methylbutan-2-yldisulfanyl)butane,di-tert-pentyl disulphide,leffingwell,leffingwell_goodscents
154.25,CC(=O)CCCCCCC=C,dec-9-en-2-one,9-decen-2-one,leffingwell,leffingwell_goodscents
155.28,CC(C)CCN=CCC(C)C,3-methyl-N-(3-methylbutyl)butan-1-imine,"1-butanamine, 3-methyl-n-(3-methylbutylidene)-",leffingwell,leffingwell_goodscents
168.28,CC(=O)CCCCCCCC=C,undec-10-en-2-one,10-undecen-2-one,leffingwell,leffingwell_goodscents
220.35,CC1CCC2C13CC(C2(C)C)C(=C)C(C3)O,"2,6,6-trimethyl-8-methylidenetricyclo[5.3.1.01,5]undecan-9-ol",cedrenol,leffingwell,leffingwell_goodscents
144.12,CC1=C(C(=O)C(CO1)O)O,"3,5-dihydroxy-6-methyl-2,3-dihydropyran-4-one",28564-83-2,leffingwell,leffingwell_goodscents
196.29,CC(=O)OCC1CCC2CC1C2(C)C,"(6,6-dimethyl-2-bicyclo[3.1.1]heptanyl)methyl acetate",myrtanyl acetate,leffingwell,leffingwell_goodscents
200.32,CCCCCCCCC(=O)OC(C)C,propan-2-yl nonanoate,isopropyl nonanoate,leffingwell,leffingwell_goodscents
214.34,CCCCCCCCCCCCOC=O,dodecyl formate,dodecyl formate,leffingwell,leffingwell_goodscents
178.18,CC1=CC2=C(C=C1)OCC(=O)CO2,"7-methyl-1,5-benzodioxepin-3-one",28940-11-6,leffingwell,leffingwell_goodscents
208.21,CCO[C@H]1[C@@H]([C@H]([C@@H]([C@H](O1)CO)O)O)O,"(2R,3R,4S,5S,6R)-2-ethoxy-6-(hydroxymethyl)oxane-3,4,5-triol",ethyl beta-d-glucopyranoside,leffingwell,leffingwell_goodscents
172.27,CC1=CC2=C(C=C1)C(CC=C2)(C)C,"1,1,6-trimethyl-2H-naphthalene","1,1,6-trimethyl-1,2-dihydronaphthalene",leffingwell,leffingwell_goodscents
125.17,CCC1=C(OC(=N1)C)C,"4-ethyl-2,5-dimethyl-1,3-oxazole",fema 4395,leffingwell,leffingwell_goodscents
144.17,CCCC(=O)CC(=O)OC,methyl 3-oxohexanoate,methyl 3-oxohexanoate,leffingwell,leffingwell_goodscents
110.15,CC1CC(=O)C=C1C,"3,4-dimethylcyclopent-2-en-1-one","3,4-dimethylcyclopent-2-enone",leffingwell,leffingwell_goodscents
150.22,CC1(C2CC1C(=C)C(=O)C2)C,"6,6-dimethyl-2-methylidenebicyclo[3.1.1]heptan-3-one",pinocarvone,leffingwell,leffingwell_goodscents
94.15,CC1=CC=CCC1,"1-methylcyclohexa-1,3-diene","1-methyl-1,3-cyclohexadiene",leffingwell,leffingwell_goodscents
228.37,CCCCCCCCCC(=O)OCC(C)C,2-methylpropyl decanoate,isobutyl decanoate,leffingwell,leffingwell_goodscents
214.34,CCCCCCCCCC(=O)OCCC,propyl decanoate,propyl decanoate,leffingwell,leffingwell_goodscents
156.22,CC(=O)OC1(CCCCC1)C,(1-methylcyclohexyl) acetate,1-methylcyclohexyl acetate,leffingwell,leffingwell_goodscents
214.3,CCCCCCC(C(=O)C)C(=O)OCC,ethyl 2-acetyloctanoate,ethyl 2-acetyloctanoate,leffingwell,leffingwell_goodscents
180.24,CC1=CCC(CC1OC=O)C(=C)C,(2-methyl-5-prop-1-en-2-ylcyclohex-2-en-1-yl) formate,29239-07-4,leffingwell,leffingwell_goodscents
94.2,CSCS,methylsulfanylmethanethiol,methylsulfanylmethanethiol,leffingwell,leffingwell_goodscents
154.23,CCSC1=CC=CC=C1O,2-ethylsulfanylphenol,2-(ethylthio)phenol,leffingwell,leffingwell_goodscents
146.18,CCCC(=O)OCC(C)O,2-hydroxypropyl butanoate,2-hydroxypropyl butyrate,leffingwell,leffingwell_goodscents
154.25,CC(C)[C@H]1CC[C@@](C=C1)(C)O,"(1R,4R)-1-methyl-4-propan-2-ylcyclohex-2-en-1-ol",cis-4-(isopropyl)-1-methylcyclohex-2-en-1-ol,leffingwell,leffingwell_goodscents
148.24,CCC=CCC=CC=CC=C,"undeca-1,3,5,8-tetraene","undeca-1,3,5,8-tetraene",leffingwell,leffingwell_goodscents
138.17,CCOC1=NC=CN=C1C,2-ethoxy-3-methylpyrazine,2-ethoxy-3-methylpyrazine,leffingwell,leffingwell_goodscents
108.23,CCSSC,(methyldisulfanyl)ethane,ethyl methyl disulfide,leffingwell,leffingwell_goodscents
134.17,CCC1=CC=CC=C1C=O,2-ethylbenzaldehyde,2-ethylbenzaldehyde,leffingwell,leffingwell_goodscents
198.3,C=CCCCCCCCCCC(=O)O,dodec-11-enoic acid,11-dodecenoic acid,leffingwell,leffingwell_goodscents
100.12,C/C=C(\C)/C(=O)O,(E)-2-methylbut-2-enoic acid,tiglic acid,leffingwell,leffingwell_goodscents
128.21,CC(C1CCCCC1)O,1-cyclohexylethanol,1-cyclohexylethanol,leffingwell,leffingwell_goodscents
99.16,CC1=CN=CS1,"5-methyl-1,3-thiazole",5-methylthiazole,leffingwell,leffingwell_goodscents
146.23,CC(C)OC(C)OC(C)C,2-(1-propan-2-yloxyethoxy)propane,"2,4,6-trimethyl-3,5-dioxaheptane",leffingwell,leffingwell_goodscents
194.27,CCOC(C)(C1=CC=CC=C1)OCC,"1,1-diethoxyethylbenzene",acetophenone diethyl ketal,leffingwell,leffingwell_goodscents
118.17,CCCC(OC)OC,"1,1-dimethoxybutane","1,1-dimethoxybutane",leffingwell,leffingwell_goodscents
74.15,CCC=S,propanethial,propanethial,leffingwell,leffingwell_goodscents
144.21,CCCOC(=O)C(C)(C)C,"propyl 2,2-dimethylpropanoate",propyl pivalate,leffingwell,leffingwell_goodscents
158.24,CCCCOC(=O)C(C)(C)C,"butyl 2,2-dimethylpropanoate",n-butyl pivalate,leffingwell,leffingwell_goodscents
142.2,CCCC(=O)C(=O)CCC,"octane-4,5-dione","4,5-octanedione",leffingwell,leffingwell_goodscents
80.18,C(S)S,methanedithiol,methanedithiol,leffingwell,leffingwell_goodscents
150.3,CCSC(C)SCC,"1,1-bis(ethylsulfanyl)ethane","ethane, 1,1-bis(ethylthio)-",leffingwell,leffingwell_goodscents
114.19,CCCC(C)CC=O,3-methylhexanal,3-methylhexanal,leffingwell,leffingwell_goodscents
240.38,CC1CCCCCCCCCCCCC(=O)O1,15-methyl-oxacyclopentadecan-2-one,15-methyloxacyclopentadecan-2-one,leffingwell,leffingwell_goodscents
138.23,CC(C1=CC=CC=C1)S,1-phenylethanethiol,1-phenylethanethiol,leffingwell,leffingwell_goodscents
192.21,CC(=O)CC(=O)OCC1=CC=CC=C1,benzyl 3-oxobutanoate,benzyl acetoacetate,leffingwell,leffingwell_goodscents
88.17,CC=CSC,1-methylsulfanylprop-1-ene,10152-77-9,leffingwell,leffingwell_goodscents
132.2,CC(C)CC(OC)OC,"1,1-dimethoxy-3-methylbutane","1,1-dimethoxy-3-methylbutane",leffingwell,leffingwell_goodscents
142.22,CC1=CC(=C(O1)C)SC,"2,5-dimethyl-3-methylsulfanylfuran","2,5-dimethyl-3-(methylthio)furan",leffingwell,leffingwell_goodscents
102.2,CC(=CCS)C,3-methylbut-2-ene-1-thiol,5287-45-6,leffingwell,leffingwell_goodscents
131.24,CCCC1NCCS1,"2-propyl-1,3-thiazolidine",2-propylthiazolidine,leffingwell,leffingwell_goodscents
224.38,CCCCCCCCCCCCC=CC=O,pentadec-2-enal,dtxsid301025834,leffingwell,leffingwell_goodscents
132.16,CCCC(CC(=O)O)O,3-hydroxyhexanoic acid,3-hydroxyhexanoic acid,leffingwell,leffingwell_goodscents
254.41,CCCCCCCCCCCCCC=CC(=O)O,hexadec-2-enoic acid,hexadec-2-enoic acid,leffingwell,leffingwell_goodscents
120.17,CC(CS)C(=O)O,2-methyl-3-sulfanylpropanoic acid,26473-47-2,leffingwell,leffingwell_goodscents
168.23,CC(C=O)C1CCC(O1)(C)C=C,2-(5-ethenyl-5-methyloxolan-2-yl)propanal,lilac aldehyde,leffingwell,leffingwell_goodscents
152.23,CC(=C)C1CCC(C=C1)(C)O,1-methyl-4-prop-1-en-2-ylcyclohex-2-en-1-ol,"p-mentha-2,8-dien-1-ol",leffingwell,leffingwell_goodscents
236.4,CC(C)[C@@H]1CC[C@@]2([C@H]1[C@@H]3C(=C)CC[C@@H]2S3)C,"(1S,2R,5S,6S,7R)-2-methyl-8-methylidene-5-propan-2-yl-11-thiatricyclo[5.3.1.02,6]undecane","4,8-epithioazulene, decahydro-3a-methyl-7-methylene-1-(1-methylethyl)-, (1s-(1alpha,3aalpha,4alpha,8alpha,8aalpha))-",leffingwell,leffingwell_goodscents
144.21,CCCCC1OCC(O1)C,"2-butyl-4-methyl-1,3-dioxolane","2-butyl-4-methyl-1,3-dioxolane",leffingwell,leffingwell_goodscents
220.31,CCC(C)(CCC1=CC=CC=C1)OC(=O)C,(3-methyl-1-phenylpentan-3-yl) acetate,72007-81-9,leffingwell,leffingwell_goodscents
170.25,CCCCC=CCC(=O)OCC,ethyl oct-3-enoate,ethyl oct-3-enoate,leffingwell,leffingwell_goodscents
214.3,CCCCC1COCC(C1OC(=O)C)C,(3-butyl-5-methyloxan-4-yl) acetate,5-methyl-3-butyltetrahydropyran-4-yl acetate,leffingwell,leffingwell_goodscents
226.35,CCOC(C)OC(C)(CCC=C(C)C)C=C,"3-(1-ethoxyethoxy)-3,7-dimethylocta-1,6-diene",40910-49-4,leffingwell,leffingwell_goodscents
144.21,CCCOC(=O)C(C)CC,propyl 2-methylbutanoate,propyl 2-methylbutanoate,leffingwell,leffingwell_goodscents
154.25,C=CCCCCCCCC=O,dec-9-enal,9-decenal,leffingwell,leffingwell_goodscents
194.31,CC1(CCC=C2C1CCC(C2)(C)O)C,"2,5,5-trimethyl-1,3,4,4a,6,7-hexahydronaphthalen-2-ol",41199-19-3,leffingwell,leffingwell_goodscents
179.17,COC(=O)C1=CC=CC=C1NC=O,methyl 2-formamidobenzoate,methyl n-formylanthranilate,leffingwell,leffingwell_goodscents
208.25,CCC(C)COC(=O)C1=CC=CC=C1O,2-methylbutyl 2-hydroxybenzoate,2-methylbutyl salicylate,leffingwell,leffingwell_goodscents
158.24,CCCC(=O)OCC(C)CC,2-methylbutyl butanoate,2-methylbutyl butyrate,leffingwell,leffingwell_goodscents
182.3,CCC1(C2(CCCC1(CC2)C)C)O,"8-ethyl-1,5-dimethylbicyclo[3.2.1]octan-8-ol","8-ethyl-1,5-dimethylbicyclo[3.2.1]octan-8-ol",leffingwell,leffingwell_goodscents
200.32,CCCC(C)COC(=O)C(C)CCC,2-methylpentyl 2-methylpentanoate,2-methylpentyl 2-methylpentanoate,leffingwell,leffingwell_goodscents
132.16,CCC(C)C(C(=O)O)O,2-hydroxy-3-methylpentanoic acid,2-hydroxy-3-methylpentanoic acid,leffingwell,leffingwell_goodscents
189.3,CSCCCCCCN=C=S,1-isothiocyanato-6-methylsulfanylhexane,4430-39-1,leffingwell,leffingwell_goodscents
168.23,CC(=CCOC(=O)C=C(C)C)C,3-methylbut-2-enyl 3-methylbut-2-enoate,72779-06-7,leffingwell,leffingwell_goodscents
242.4,CCCCCCCCCCOC(=O)CC(C)C,decyl 3-methylbutanoate,decyl isovalerate,leffingwell,leffingwell_goodscents
129.18,CC(=O)C1=NCCS1,"1-(4,5-dihydro-1,3-thiazol-2-yl)ethanone",2-acetyl-2-thiazoline,leffingwell,leffingwell_goodscents
214.34,CCCCCCCCC(=O)OCC(C)C,2-methylpropyl nonanoate,isobutyl nonanoate,leffingwell,leffingwell_goodscents
142.24,CC(CCCC(=C)C)CO,"2,6-dimethylhept-6-en-1-ol","2,6-dimethyl-6-hepten-1-ol",leffingwell,leffingwell_goodscents
140.2,CCC1=CC=C(S1)C=O,5-ethylthiophene-2-carbaldehyde,5-ethylthiophene-2-carbaldehyde,leffingwell,leffingwell_goodscents
170.32,CC(=CCCC(C)(C=C)S)C,"3,7-dimethylocta-1,6-diene-3-thiol","3,7-dimethylocta-1,6-diene-3-thiol",leffingwell,leffingwell_goodscents
312.5,CCCCCCCCCCCCCC(=O)OCCCCCC,hexyl tetradecanoate,hexyl tetradecanoate,leffingwell,leffingwell_goodscents
216.27,CCCC(=O)OCC(C)OC(=O)CCC,2-butanoyloxypropyl butanoate,propylene glycol dibutyrate,leffingwell,leffingwell_goodscents
156.26,CCCCCCCC(C=C)O,dec-1-en-3-ol,1-decen-3-ol,leffingwell,leffingwell_goodscents
176.28,CCCCCC(=O)OCSC,methylsulfanylmethyl hexanoate,methylthiomethyl hexanoate,leffingwell,leffingwell_goodscents
184.27,CCCCCC(=O)OCC=C(C)C,3-methylbut-2-enyl hexanoate,prenyl caproate,leffingwell,leffingwell_goodscents
156.22,CC(C)C(=O)OCC=C(C)C,3-methylbut-2-enyl 2-methylpropanoate,prenyl isobutyrate,leffingwell,leffingwell_goodscents
224.34,CC(C)C(=O)O[C@@H]1C[C@H]2CC[C@@]1(C2(C)C)C,"[(1R,2R,4R)-1,7,7-trimethyl-2-bicyclo[2.2.1]heptanyl] 2-methylpropanoate",isobornyl isobutyrate,leffingwell,leffingwell_goodscents
170.32,CC1C2CC(C2(C)C)CC1S,"2,6,6-trimethylbicyclo[3.1.1]heptane-3-thiol",3-mercaptopinane,leffingwell,leffingwell_goodscents
166.22,CCOC1=NC=CN=C1C(C)C,2-ethoxy-3-propan-2-ylpyrazine,2-ethoxy-3-isopropylpyrazine,leffingwell,leffingwell_goodscents
182.3,CCOC(C)(CCC=C(C)C)C=C,"3-ethoxy-3,7-dimethylocta-1,6-diene",ethyl linalyl ether,leffingwell,leffingwell_goodscents
188.26,CCCCCCCOCC(=O)CO,1-heptoxy-3-hydroxypropan-2-one,"heptanal, cyclic acetal with 1,2,3-propanetriol",leffingwell,leffingwell_goodscents
154.24,CCC1=NC=CN=C1SC,2-ethyl-3-methylsulfanylpyrazine,2-ethyl-3-(methylthio)pyrazine,leffingwell,leffingwell_goodscents
290.4,CCCCCCCC(CCCC(=O)OCC(CO)O)O,"2,3-dihydroxypropyl 5-hydroxydodecanoate","2,3-dihydroxypropyl 5-hydroxydodecanoate",leffingwell,leffingwell_goodscents
228.35,CC1CC[C@H](C(=O)C1)C(C)(C)OC(=S)C,O-[2-[(1S)-4-methyl-2-oxocyclohexyl]propan-2-yl] ethanethioate,menthone-8-thioacetate,leffingwell,leffingwell_goodscents
140.22,CCCCCCC(=O)C=C,non-1-en-3-one,1-nonen-3-one,leffingwell,leffingwell_goodscents
124.18,CCC=CC=CC(=O)C,"octa-3,5-dien-2-one","octa-3,5-dien-2-one",leffingwell,leffingwell_goodscents
141.24,C=CCCCCN=C=S,6-isothiocyanatohex-1-ene,5-hexenyl isothiocyanate,leffingwell,leffingwell_goodscents
258.4,CC(C)CC1OC(OC(O1)CC(C)C)CC(C)C,"2,4,6-tris(2-methylpropyl)-1,3,5-trioxane","2,4,6-triisobutyl-1,3,5-trioxane",leffingwell,leffingwell_goodscents
175.3,CSCCCCCN=C=S,1-isothiocyanato-5-methylsulfanylpentane,berteroin,leffingwell,leffingwell_goodscents
170.25,CCCCCC(=O)OCC=CC,but-2-enyl hexanoate,buten-2-yl hexanoate,leffingwell,leffingwell_goodscents
258.44,CCCCCC(OCCC(C)C)OCCC(C)C,"1,1-bis(3-methylbutoxy)hexane","1,1-bis(3-methylbutoxy)hexane",leffingwell,leffingwell_goodscents
230.39,CCCCCC(OCCCC)OCCCC,"1,1-dibutoxyhexane","1,1-dibutoxyhexane",leffingwell,leffingwell_goodscents
148.2,CN1CCNC2=CC=CC=C21,"4-methyl-2,3-dihydro-1H-quinoxaline","1-methyl-1,2,3,4-tetrahydroquinoxaline",leffingwell,leffingwell_goodscents
236.35,CC1=CCC(CC1OC(=O)CC(C)C)C(=C)C,(2-methyl-5-prop-1-en-2-ylcyclohex-2-en-1-yl) 3-methylbutanoate,carvyl-3-methylbutyrate,leffingwell,leffingwell_goodscents
236.35,CCCCOC(C1=CC=CC=C1)OCCCC,dibutoxymethylbenzene,(dibutoxymethyl)benzene,leffingwell,leffingwell_goodscents
176.25,CC(C)CC(=O)CC1=CC=CC=C1,4-methyl-1-phenylpentan-2-one,4-methyl-1-phenylpentan-2-one,leffingwell,leffingwell_goodscents
144.21,CCCC(C(=O)CCC)O,5-hydroxyoctan-4-one,5-hydroxyoctan-4-one,leffingwell,leffingwell_goodscents
198.3,C[C@@H]1CC[C@H]([C@@H](C1)OC(=O)C)C(C)C,"[(1R,2S,5R)-5-methyl-2-propan-2-ylcyclohexyl] acetate",l-menthyl acetate,leffingwell,leffingwell_goodscents
158.19,CCCOC(=O)CCC(=O)C,propyl 4-oxopentanoate,propyl levulinate,leffingwell,leffingwell_goodscents
160.17,CCOC(=O)C(C)OC(=O)C,ethyl 2-acetyloxypropanoate,ethyl 2-acetyloxypropanoate,leffingwell,leffingwell_goodscents
156.22,C1CCC(CC1)CCOC=O,2-cyclohexylethyl formate,2-cyclohexylethyl formate,leffingwell,leffingwell_goodscents
234.33,CCCCCC(=O)OCCCC1=CC=CC=C1,3-phenylpropyl hexanoate,3-phenylpropyl hexanoate,leffingwell,leffingwell_goodscents
184.27,CCC(=O)OCCC1CCCCC1,2-cyclohexylethyl propanoate,60784-52-3,leffingwell,leffingwell_goodscents
212.33,CCC(=O)O[C@@H]1C[C@@H](CC[C@H]1C(C)C)C,"[(1R,2S,5R)-5-methyl-2-propan-2-ylcyclohexyl] propanoate",l-menthyl propionate,leffingwell,leffingwell_goodscents
178.23,CCCOC(=O)CC1=CC=CC=C1,propyl 2-phenylacetate,propyl phenylacetate,leffingwell,leffingwell_goodscents
194.23,CCOC1=CC=CC=C1C(=O)OCC,ethyl 2-ethoxybenzoate,ethyl 2-ethoxybenzoate,leffingwell,leffingwell_goodscents
208.25,CC1C(OC(O1)C2=CC=C(C=C2)OC)C,"2-(4-methoxyphenyl)-4,5-dimethyl-1,3-dioxolane","2-(4-methoxyphenyl)-4,5-dimethyl-1,3-dioxolane",leffingwell,leffingwell_goodscents
220.31,CCCCCCOC(=O)CC1=CC=CC=C1,hexyl 2-phenylacetate,hexyl phenylacetate,leffingwell,leffingwell_goodscents
188.22,CCCCOC(=O)C(C)OC(=O)C,butyl 2-acetyloxypropanoate,5422-69-5,leffingwell,leffingwell_goodscents
222.24,CC1C(OC(O1)C2=CC3=C(C=C2)OCO3)C,"5-(4,5-dimethyl-1,3-dioxolan-2-yl)-1,3-benzodioxole","heliotropine butane-2,3-diol acetal",leffingwell,leffingwell_goodscents
170.23,CC(=O)CSCC1=CC=CO1,1-(furan-2-ylmethylsulfanyl)propan-2-one,58066-86-7,leffingwell,leffingwell_goodscents
194.23,COC1=CC(=CC(=C1O)OC)CC=C,"2,6-dimethoxy-4-prop-2-enylphenol","4-allyl-2,6-dimethoxyphenol",leffingwell,leffingwell_goodscents
172.26,CCCC(C)C(=O)OCC(C)C,2-methylpropyl 2-methylpentanoate,isobutyl 2-methylvalerate,leffingwell,leffingwell_goodscents
186.29,CCCC(C)C(=O)OCCC(C)C,3-methylbutyl 2-methylpentanoate,"pentanoic acid, 2-methyl, 3-methylbutyl ester",leffingwell,leffingwell_goodscents
200.32,CCCCCCOC(=O)C(C)CCC,hexyl 2-methylpentanoate,5448-59-9,leffingwell,leffingwell_goodscents
206.28,CC(C)CCCOC(=O)C1=CC=CC=C1,4-methylpentyl benzoate,4-methylpentyl benzoate,leffingwell,leffingwell_goodscents
200.32,CCCCCCOC(=O)C(CC)CC,hexyl 2-ethylbutanoate,79868-50-1,leffingwell,leffingwell_goodscents
132.16,CC(=O)CC(OC)OC,"4,4-dimethoxybutan-2-one","4,4-dimethoxy-2-butanone",leffingwell,leffingwell_goodscents
124.14,CC(=O)CC1=CC=CO1,1-(furan-2-yl)propan-2-one,2-furylacetone,leffingwell,leffingwell_goodscents
138.16,CCCC(=O)C1=CC=CO1,1-(furan-2-yl)butan-1-one,1-(furan-2-yl)butan-1-one,leffingwell,leffingwell_goodscents
112.17,CC(=C)CCC(=O)C,5-methylhex-5-en-2-one,5-methyl-5-hexen-2-one,leffingwell,leffingwell_goodscents
172.26,CCCCCCCCCOC=O,nonyl formate,nonyl formate,leffingwell,leffingwell_goodscents
214.34,CCCCCCCCOC(=O)CC(C)C,octyl 3-methylbutanoate,octyl isovalerate,leffingwell,leffingwell_goodscents
204.31,CC(CC1=CC=C(C=C1)C(C)(C)C)C=O,3-(4-tert-butylphenyl)-2-methylpropanal,80-54-6,leffingwell,leffingwell_goodscents
228.37,CCCCCCCCCCC1OCC(O1)C,"2-decyl-4-methyl-1,3-dioxolane","2-decyl-4-methyl-1,3-dioxolane",leffingwell,leffingwell_goodscents
172.26,CCCCCCC(=O)OCCC,propyl heptanoate,propyl heptanoate,leffingwell,leffingwell_goodscents
214.34,CCCCCCCCCCOC(=O)CC,decyl propanoate,decyl propionate,leffingwell,leffingwell_goodscents
228.37,CCCCCCCCCCOC(=O)CCC,decyl butanoate,decyl butyrate,leffingwell,leffingwell_goodscents
248.36,CCCCCCCC(=O)OCCC1=CC=CC=C1,2-phenylethyl octanoate,phenethyl octanoate,leffingwell,leffingwell_goodscents
192.25,CC1C(OC(O1)CC2=CC=CC=C2)C,"2-benzyl-4,5-dimethyl-1,3-dioxolane","2-benzyl-4,5-dimethyl-1,3-dioxolane",leffingwell,leffingwell_goodscents
152.23,C[C@@]12CC[C@H](C1(C)C)CC2=O,"(1R,4S)-1,7,7-trimethylbicyclo[2.2.1]heptan-2-one",camphore,leffingwell,leffingwell_goodscents
152.19,CCCCC(=O)C1=CC=CO1,1-(furan-2-yl)pentan-1-one,2-pentanoylfuran,leffingwell,leffingwell_goodscents
240.38,C1CCCCCCCOC(=O)CCCCCC1,oxacyclohexadecan-2-one,oxacyclohexadecan-2-one,leffingwell,leffingwell_goodscents
192.25,CC1COC(O1)C(C)C2=CC=CC=C2,"4-methyl-2-(1-phenylethyl)-1,3-dioxolane","4-methyl-2-(1-phenylethyl)-1,3-dioxolane",leffingwell,leffingwell_goodscents
126.11,C1=C(OC(=C1)C=O)CO,5-(hydroxymethyl)furan-2-carbaldehyde,5-hydroxymethylfurfural,leffingwell,leffingwell_goodscents
149.23,CCCCCC1=CN=CC=C1,3-pentylpyridine,3-pentylpyridine,leffingwell,leffingwell_goodscents
158.19,CCCC(=O)CC(=O)OCC,ethyl 3-oxohexanoate,ethyl 3-oxohexanoate,leffingwell,leffingwell_goodscents
264.4,C[C@H]1CC[C@H](CC2=C1CC[C@@H]2C)C(C)(C)OC(=O)C,"2-[(3S,5R,8S)-3,8-dimethyl-1,2,3,4,5,6,7,8-octahydroazulen-5-yl]propan-2-yl acetate",guaiol acetate,leffingwell,leffingwell_goodscents
142.24,CC(CCC=C(C)C)CO,"2,6-dimethylhept-5-en-1-ol","2,6-dimethyl-5-hepten-1-ol",leffingwell,leffingwell_goodscents
168.19,CC1=CC(=C(C(=C1)OC)O)OC,"2,6-dimethoxy-4-methylphenol","2,6-dimethoxy-4-methylphenol",leffingwell,leffingwell_goodscents
172.26,CCCCC(C)OC(=O)CCC,hexan-2-yl butanoate,2-hexanol butanoate,leffingwell,leffingwell_goodscents
208.25,CCCC(=O)OCC1=CC=C(C=C1)OC,(4-methoxyphenyl)methyl butanoate,anisyl butyrate,leffingwell,leffingwell_goodscents
256.42,CCCCCCCCCCCCOC(=O)C(C)C,dodecyl 2-methylpropanoate,dodecyl isobutyrate,leffingwell,leffingwell_goodscents
170.25,CCCC(=O)OC1CCCCC1,cyclohexyl butanoate,cyclohexyl butyrate,leffingwell,leffingwell_goodscents
270.5,CCCCCCCCCCCCOC(=O)CC(C)C,dodecyl 3-methylbutanoate,dodecyl 3-methylbutanoate,leffingwell,leffingwell_goodscents
240.38,CCCC(=O)OCCCCCCCCCC=C,undec-10-enyl butanoate,10-undecenyl butyrate,leffingwell,leffingwell_goodscents
224.34,CCCC(=O)O[C@H]1C[C@H]2CC[C@]1(C2(C)C)C,"[(1S,2S,4R)-1,7,7-trimethyl-2-bicyclo[2.2.1]heptanyl] butanoate","(1s,2s,4r)-1,7,7-trimethylbicyclo[2.2.1]heptan-2-yl butyrate",leffingwell,leffingwell_goodscents
256.42,CCCCCCCCCCCCOC(=O)CCC,dodecyl butanoate,dodecyl butyrate,leffingwell,leffingwell_goodscents
128.21,CCCCCC(=O)CC,octan-3-one,3-octanone,leffingwell,leffingwell_goodscents
220.26,CCOC(=O)C(CC1=CC=CC=C1)C(=O)C,ethyl 2-benzyl-3-oxobutanoate,ethyl 2-benzylacetoacetate,leffingwell,leffingwell_goodscents
196.29,CC(=O)O[C@H]1C[C@H]2CC[C@]1(C2(C)C)C,"[(1S,2S,4R)-1,7,7-trimethyl-2-bicyclo[2.2.1]heptanyl] acetate",isobornyl acetate,leffingwell,leffingwell_goodscents
192.4,C(CCCCS)CCCCS,"nonane-1,9-dithiol","1,9-nonanedithiol",leffingwell,leffingwell_goodscents
174.28,CC(CCCC(C)(C)O)CCO,"3,7-dimethyloctane-1,7-diol",hydroxycitronellol,leffingwell,leffingwell_goodscents
190.24,C/C=C(\C)/C(=O)OCC1=CC=CC=C1,benzyl (E)-2-methylbut-2-enoate,benzyl tiglate,leffingwell,leffingwell_goodscents
198.3,CCCOC(=O)CCC1CCCCC1,propyl 3-cyclohexylpropanoate,propyl 3-cyclohexylpropanoate,leffingwell,leffingwell_goodscents
272.4,CC(=CCCC(C)(C=C)OC(=O)CC1=CC=CC=C1)C,"3,7-dimethylocta-1,6-dien-3-yl 2-phenylacetate",linalyl phenylacetate,leffingwell,leffingwell_goodscents
142.2,CCCC(=O)OCC(=C)C,2-methylprop-2-enyl butanoate,2-methylallyl butyrate,leffingwell,leffingwell_goodscents
216.23,C1=CC=C(C=C1)CCOC(=O)C2=CC=CO2,2-phenylethyl furan-2-carboxylate,phenethyl 2-furoate,leffingwell,leffingwell_goodscents
220.31,CCCCC(C1=CC=CC=C1)C(=O)OCC,ethyl 2-phenylhexanoate,2901-28-2,leffingwell,leffingwell_goodscents
125.19,C1=CC=NC(=C1)CS,pyridin-2-ylmethanethiol,2-pyridinemethanethiol,leffingwell,leffingwell_goodscents
178.18,C1=COC(=C1)COCC2=CC=CO2,2-(furan-2-ylmethoxymethyl)furan,difurfuryl ether,leffingwell,leffingwell_goodscents
207.23,CCOC(=O)C1=CC=CC=C1NC(=O)C,ethyl 2-acetamidobenzoate,ethyl 2-acetamidobenzoate,leffingwell,leffingwell_goodscents
158.19,CCCC(=O)CCCC(=O)O,5-oxooctanoic acid,5-oxooctanoic acid,leffingwell,leffingwell_goodscents
178.23,COC(=O)CCCC1=CC=CC=C1,methyl 4-phenylbutanoate,methyl 4-phenylbutanoate,leffingwell,leffingwell_goodscents
184.27,CCCCCCC1(CCC(=O)O1)C,5-hexyl-5-methyloxolan-2-one,7011-83-8,leffingwell,leffingwell_goodscents
184.27,CC(C)CC(=O)OC1CCCCC1,cyclohexyl 3-methylbutanoate,cyclohexyl isovalerate,leffingwell,leffingwell_goodscents
204.35,CC1CCC=C2C1(CC(CC2)C(=C)C)C,"4a,5-dimethyl-3-prop-1-en-2-yl-2,3,4,5,6,7-hexahydro-1H-naphthalene","4a,5-dimethyl-3-(prop-1-en-2-yl)-1,2,3,4,4a,5,6,7-octahydronaphthalene",leffingwell,leffingwell_goodscents
204.35,CC1(CCCC2(C3C1C(C2=C)CC3)C)C,"3,3,7-trimethyl-8-methylidenetricyclo[5.4.0.02,9]undecane",longifolene,leffingwell,leffingwell_goodscents
234.5,CCCC(C)(C)SSC(C)(C)CCC,2-methyl-2-(2-methylpentan-2-yldisulfanyl)pentane,di-tert-hexyl disulphide,leffingwell,leffingwell_goodscents
269.29,COC(=O)C1=CC=CC=C1NC(=O)CC2=CC=CC=C2,methyl 2-[(2-phenylacetyl)amino]benzoate,methyl 2-(2-phenylacetamido)benzoate,leffingwell,leffingwell_goodscents
204.35,CC(C)C1CCC2(C1C3C2CCC3=C)C,"1-methyl-5-methylidene-8-propan-2-yltricyclo[5.3.0.02,6]decane",.beta.-bourbonene,leffingwell,leffingwell_goodscents
152.23,CC1=CC[C@H](C[C@H]1O)C(=C)C,"(1R,5R)-2-methyl-5-prop-1-en-2-ylcyclohex-2-en-1-ol",(-)-cis-carveol,leffingwell,leffingwell_goodscents
133.21,CSCCCC(=O)N,4-methylsulfanylbutanamide,4-methylsulfanylbutanamide,leffingwell,leffingwell_goodscents
240.3,C1=CC=C(C=C1)CCCOC(=O)C2=CC=CC=C2,3-phenylpropyl benzoate,3-phenylpropyl benzoate,leffingwell,leffingwell_goodscents
150.17,CC(C1=CC=CC=C1)OC=O,1-phenylethyl formate,1-phenylethyl formate,leffingwell,leffingwell_goodscents
242.27,C1=CC=C(C=C1)C(=O)OCCOC2=CC=CC=C2,2-phenoxyethyl benzoate,2-phenoxyethyl benzoate,leffingwell,leffingwell_goodscents
220.35,CCCCCCCCOCC1=CC=CC=C1,octoxymethylbenzene,benzyl octyl ether,leffingwell,leffingwell_goodscents
164.2,COC1=CC=CC(=C1O)CC=C,2-methoxy-6-prop-2-enylphenol,2-allyl-6-methoxyphenol,leffingwell,leffingwell_goodscents
207.27,CC(C)CCOC(=O)C1=CC=CC=C1N,3-methylbutyl 2-aminobenzoate,3-methylbutyl 2-aminobenzoate,leffingwell,leffingwell_goodscents
198.3,CC(C)C(=O)OCCC1CCCCC1,2-cyclohexylethyl 2-methylpropanoate,nsc406573,leffingwell,leffingwell_goodscents
244.41,CCCCCCC(OCCCC)OCCCC,"1,1-dibutoxyheptane",92867-45-3,leffingwell,leffingwell_goodscents
272.38,CCCCCC(=O)OCC(C)OC(=O)CCCCC,2-hexanoyloxypropyl hexanoate,propylene glycol dihexanoate,leffingwell,leffingwell_goodscents
150.22,CC1=CC(=O)C(=C(C)C)CC1,3-methyl-6-propan-2-ylidenecyclohex-2-en-1-one,piperitenone,leffingwell,leffingwell_goodscents
114.14,CCOC(=O)/C=C/C,ethyl (E)-but-2-enoate,ethyl crotonate,leffingwell,leffingwell_goodscents
224.38,CC(CCC=C(C)CCC=C(C)C)CCO,"3,7,11-trimethyldodeca-6,10-dien-1-ol","6,10-dodecadien-1-ol, 3,7,11-trimethyl-",leffingwell,leffingwell_goodscents
136.23,CC1=CC[C@H](CC1)C(=C)C,(4S)-1-methyl-4-prop-1-en-2-ylcyclohexene,(-)-limonene,leffingwell,leffingwell_goodscents
156.26,C[C@@H]1CC[C@H]([C@H](C1)O)C(C)C,"(1S,2S,5R)-5-methyl-2-propan-2-ylcyclohexan-1-ol",(+)-neomenthol,leffingwell,leffingwell_goodscents
154.25,CC1(C2CCC1([C@H](C2)O)C)C,"(2S)-1,7,7-trimethylbicyclo[2.2.1]heptan-2-ol",d-borneol,leffingwell,leffingwell_goodscents
154.25,C[C@]12CC[C@H](C1)C([C@H]2O)(C)C,"(1S,2S,4R)-1,3,3-trimethylbicyclo[2.2.1]heptan-2-ol",alpha-fenchol,leffingwell,leffingwell_goodscents
154.25,CC(C)[C@]12CC[C@@]([C@@H]1C2)(C)O,"(1R,2R,5R)-2-methyl-5-propan-2-ylbicyclo[3.1.0]hexan-2-ol",sabinene hydrate,leffingwell,leffingwell_goodscents
136.23,CC1=CC[C@@H](CC1)C(=C)C,(4R)-1-methyl-4-prop-1-en-2-ylcyclohexene,d-limonene,leffingwell,leffingwell_goodscents
152.23,CC(=C)[C@@H]1CCC2(C(C1)O2)C,(4R)-1-methyl-4-prop-1-en-2-yl-7-oxabicyclo[4.1.0]heptane,203719-54-4,leffingwell,leffingwell_goodscents
156.22,CCCCC[C@H]1CCC(=O)O1,(5S)-5-pentyloxolan-2-one,(s)-4-nonanolide,leffingwell,leffingwell_goodscents
184.27,CCCCCCC[C@H]1CCC(=O)O1,(5S)-5-heptyloxolan-2-one,(s)-gamma-undecalactone,leffingwell,leffingwell_goodscents
222.37,CC1=CC[C@H](CC1)[C@](C)(CCC=C(C)C)O,(2S)-6-methyl-2-[(1S)-4-methylcyclohex-3-en-1-yl]hept-5-en-2-ol,levomenol,leffingwell,leffingwell_goodscents
204.35,C[C@@H]1CC[C@@H]2[C@]13CC=C(C(C3)C2(C)C)C,"(1S,2R,5S)-2,6,6,8-tetramethyltricyclo[5.3.1.01,5]undec-8-ene",alpha-cedrene,leffingwell,leffingwell_goodscents
204.35,CC1=CCC2C3C1[C@@]2(CCC3C(C)C)C,"(1R)-1,3-dimethyl-8-propan-2-yltricyclo[4.4.0.02,7]dec-3-ene",(-)-alpha-copaene,leffingwell,leffingwell_goodscents
222.37,C[C@H]1CCC2([C@@]3(C1CC(C2(C)C)CC3)C)O,"(6S,8S)-2,2,6,8-tetramethyltricyclo[5.3.1.03,8]undecan-3-ol",schembl180588,leffingwell,leffingwell_goodscents
204.35,CC1=CC[C@@]2(CCCC([C@]23[C@H]1C3)(C)C)C,"(1aS,4aS,8aS)-2,4a,8,8-tetramethyl-1,1a,4,5,6,7-hexahydrocyclopropa[j]naphthalene",thujopsene,leffingwell,leffingwell_goodscents
150.22,C[C@@H]1CCC2=C(C1)OC=C2C,"(6R)-3,6-dimethyl-4,5,6,7-tetrahydro-1-benzofuran",(+)-menthofuran,leffingwell,leffingwell_goodscents
136.23,CC1=CC[C@@H](C=C1)C(C)C,"(5R)-2-methyl-5-propan-2-ylcyclohexa-1,3-diene",(r)-(-)-alpha-phellandrene,leffingwell,leffingwell_goodscents
136.23,CC(C)[C@@H]1CCC(=C)C=C1,(6S)-3-methylidene-6-propan-2-ylcyclohexene,(+)-beta-phellandrene,leffingwell,leffingwell_goodscents
152.23,C[C@@H]1CCC(=C(C)C)C(=O)C1,(5R)-5-methyl-2-propan-2-ylidenecyclohexan-1-one,pulegone,leffingwell,leffingwell_goodscents
154.25,CC1=CC[C@@H](CC1)C(C)(C)O,2-[(1R)-4-methylcyclohex-3-en-1-yl]propan-2-ol,(+)-alpha-terpineol,leffingwell,leffingwell_goodscents
154.25,C[C@H]1CC[C@@H](C(=O)C1)C(C)C,"(2R,5S)-5-methyl-2-propan-2-ylcyclohexan-1-one",(+)-menthone,leffingwell,leffingwell_goodscents
154.25,C[C@@H]1CC[C@@H](C[C@H]1O)C(=C)C,"(1R,2R,5S)-2-methyl-5-prop-1-en-2-ylcyclohexan-1-ol",(-)-isodihydrocarveol,leffingwell,leffingwell_goodscents
174.11,C(/C(=C\C(=O)O)/C(=O)O)C(=O)O,"(E)-prop-1-ene-1,2,3-tricarboxylic acid",trans-aconitic acid,leffingwell,leffingwell_goodscents
116.07,C(=C\C(=O)O)\C(=O)O,(Z)-but-2-enedioic acid,maleic acid,leffingwell,leffingwell_goodscents
148.16,C1=CC=C(C=C1)/C=C/C(=O)O,(E)-3-phenylprop-2-enoic acid,cinnamic acid,leffingwell,leffingwell_goodscents
116.07,C(=C/C(=O)O)\C(=O)O,(E)-but-2-enedioic acid,fumaric acid,leffingwell,leffingwell_goodscents
222.37,CC(=CCC/C(=C/CC/C(=C/CO)/C)/C)C,"(2E,6E)-3,7,11-trimethyldodeca-2,6,10-trien-1-ol",farnesol,leffingwell,leffingwell_goodscents
70.09,C/C=C/C=O,(E)-but-2-enal,crotonaldehyde,leffingwell,leffingwell_goodscents
140.22,CCCCCC(=O)/C=C/C,(E)-non-2-en-4-one,(e)-2-nonen-4-one,leffingwell,leffingwell_goodscents
197.27,C1=CC=C(C=C1)CCCC2=CC=CC=N2,2-(3-phenylpropyl)pyridine,2-(3-phenylpropyl)pyridine,leffingwell,leffingwell_goodscents
185.26,CCCCC1=NC2=CC=CC=C2C=C1,2-butylquinoline,2-butylquinoline,leffingwell,leffingwell_goodscents
86.13,C/C=C/CCO,(E)-pent-3-en-1-ol,"3-penten-1-ol, (3e)-",leffingwell,leffingwell_goodscents
214.34,CCCCCCCCCOC(=O)C(C)C,nonyl 2-methylpropanoate,nonyl 2-methylpropanoate,leffingwell,leffingwell_goodscents
188.22,CCCOC(=O)CC(=O)OCCC,dipropyl propanedioate,dipropyl malonate,leffingwell,leffingwell_goodscents
214.34,CCCCCCC(=O)OCCCCCC,hexyl heptanoate,hexyl heptanoate,leffingwell,leffingwell_goodscents
182.26,CC1(C2CCC1(C(C2)OC=O)C)C,"(1,7,7-trimethyl-2-bicyclo[2.2.1]heptanyl) formate",bornyl formate,leffingwell,leffingwell_goodscents
176.28,CCCC(CCOC(=O)C)S,3-sulfanylhexyl acetate,3-mercaptohexyl acetate,leffingwell,leffingwell_goodscents
128.19,CSCC1=CC=CO1,2-(methylsulfanylmethyl)furan,furfuryl methyl sulfide,leffingwell,leffingwell_goodscents
142.2,CCCC=CC(=O)OCC,ethyl hex-2-enoate,hex-2-enoic acid ethyl ester,leffingwell,leffingwell_goodscents
158.28,CCCCCCCC(CC)O,decan-3-ol,3-decanol,leffingwell,leffingwell_goodscents
114.14,CCC=CC(=O)OC,methyl pent-2-enoate,methyl pent-2-enoate,leffingwell,leffingwell_goodscents
184.27,CCCCCCCCC=CC(=O)O,undec-2-enoic acid,hendecenoic acid,leffingwell,leffingwell_goodscents
194.31,CC1=C(C(CCC1)(C)C)CCC(=O)C,"4-(2,6,6-trimethylcyclohexen-1-yl)butan-2-one",dihydro-beta-ionone,leffingwell,leffingwell_goodscents
146.23,CCOC(C(C)C)OCC,"1,1-diethoxy-2-methylpropane",isobutyraldehyde diethyl acetal,leffingwell,leffingwell_goodscents
102.2,CCC=CSC,1-methylsulfanylbut-1-ene,32951-19-2,leffingwell,leffingwell_goodscents
141.24,CCC(C)C1=NC=CS1,"2-butan-2-yl-1,3-thiazole",18277-27-5,leffingwell,leffingwell_goodscents
134.2,CCOC(=O)C(C)S,ethyl 2-sulfanylpropanoate,ethyl 2-mercaptopropionate,leffingwell,leffingwell_goodscents
127.21,CCC1=CN=C(S1)C,"5-ethyl-2-methyl-1,3-thiazole",5-ethyl-2-methylthiazole,leffingwell,leffingwell_goodscents
142.22,CCSCC1=CC=CO1,2-(ethylsulfanylmethyl)furan,(furfurylthio)ethane,leffingwell,leffingwell_goodscents
164.2,CC(C)C(=O)OC1=CC=CC=C1,phenyl 2-methylpropanoate,phenyl isobutyrate,leffingwell,leffingwell_goodscents
174.24,CCCCCCOC(=O)C(C)O,hexyl 2-hydroxypropanoate,hexyl lactate,leffingwell,leffingwell_goodscents
158.24,CC(C)CCOC(=O)C(C)C,3-methylbutyl 2-methylpropanoate,isoamyl isobutyrate,leffingwell,leffingwell_goodscents
120.22,CSCCCCO,4-methylsulfanylbutan-1-ol,4-(methylthio)butanol,leffingwell,leffingwell_goodscents
104.22,CC(C)C(C)S,3-methylbutane-2-thiol,3-methyl-2-butanethiol,leffingwell,leffingwell_goodscents
130.18,CCCC(C)C(=O)OC,methyl 2-methylpentanoate,methyl 2-methylpentanoate,leffingwell,leffingwell_goodscents
126.18,CSC1=NC=CN=C1,2-methylsulfanylpyrazine,2-methylthiopyrazine,leffingwell,leffingwell_goodscents
166.22,CCC(C)C1=NC=CN=C1OC,2-butan-2-yl-3-methoxypyrazine,24168-70-5,leffingwell,leffingwell_goodscents
127.17,CC(=O)C1=NC=CS1,"1-(1,3-thiazol-2-yl)ethanone",2-acetylthiazole,leffingwell,leffingwell_goodscents
122.3,CC(CCS)S,"butane-1,3-dithiol","1,3-butanedithiol",leffingwell,leffingwell_goodscents
90.15,CC(=O)CS,1-sulfanylpropan-2-one,1-mercapto-2-propanone,leffingwell,leffingwell_goodscents
206.28,CCC(C)C(=O)OCCC1=CC=CC=C1,2-phenylethyl 2-methylbutanoate,24817-51-4,leffingwell,leffingwell_goodscents
154.23,CC1=CC(=C(S1)C)C(=O)C,"1-(2,5-dimethylthiophen-3-yl)ethanone","3-acetyl-2,5-dimethylthiophene",leffingwell,leffingwell_goodscents
125.17,CC(=O)C1=CCCCN1,"1-(1,2,3,4-tetrahydropyridin-6-yl)ethanone",25343-57-1,leffingwell,leffingwell_goodscents
160.32,CCCCCCC(C)(C)S,2-methyloctane-2-thiol,tert-nonanethiol,leffingwell,leffingwell_goodscents
226.35,CCCCCCCCCC1CCCC(=O)O1,6-nonyloxan-2-one,delta-tetradecalactone,leffingwell,leffingwell_goodscents
125.17,CC(=O)C1=NCCCC1,"1-(2,3,4,5-tetrahydropyridin-6-yl)ethanone",27300-27-2,leffingwell,leffingwell_goodscents
172.26,CCC(C)C(=O)OCCC(C)C,3-methylbutyl 2-methylbutanoate,27625-35-0,leffingwell,leffingwell_goodscents
124.14,CC1=CN=CC(=N1)OC,2-methoxy-6-methylpyrazine,2-methoxy-6-methylpyrazine,leffingwell,leffingwell_goodscents
140.21,CC1=CN=CC(=N1)SC,2-methyl-6-methylsulfanylpyrazine,2-methyl-6-(methylthio)pyrazine,leffingwell,leffingwell_goodscents
214.34,CCCCCCCCOC(=O)C(C)CC,octyl 2-methylbutanoate,octyl 2-methylbutyrate,leffingwell,leffingwell_goodscents
127.21,CCC1=CSC(=N1)C,"4-ethyl-2-methyl-1,3-thiazole",4-ethyl-2-methylthiazole,leffingwell,leffingwell_goodscents
170.25,CCCCCCC=COC(=O)C,oct-1-enyl acetate,octen-1-ol acetate,leffingwell,leffingwell_goodscents
100.12,CC1CC(=O)CO1,5-methyloxolan-3-one,5-methyloxolan-3-one,leffingwell,leffingwell_goodscents
120.22,CC(C)(CCO)S,3-methyl-3-sulfanylbutan-1-ol,3-mercapto-3-methyl-1-butanol,leffingwell,leffingwell_goodscents
155.22,CC1=C(SC(=N1)C)C(=O)C,"1-(2,4-dimethyl-1,3-thiazol-5-yl)ethanone","5-acetyl-2,4-dimethylthiazole",leffingwell,leffingwell_goodscents
112.13,CC1=CC=C(O1)CO,(5-methylfuran-2-yl)methanol,3857-25-8,leffingwell,leffingwell_goodscents
126.22,CCC1=CC=C(S1)C,2-ethyl-5-methylthiophene,2-ethyl-5-methylthiophene,leffingwell,leffingwell_goodscents
155.26,CCCC1=NC(=C(S1)C)C,"4,5-dimethyl-2-propyl-1,3-thiazole","4,5-dimethyl-2-propylthiazole",leffingwell,leffingwell_goodscents
172.26,CCCCCC(CC)OC(=O)C,octan-3-yl acetate,3-octyl acetate,leffingwell,leffingwell_goodscents
88.11,CCC(=O)CO,1-hydroxybutan-2-one,1-hydroxybutan-2-one,leffingwell,leffingwell_goodscents
154.25,CC1(C2CCC(C1C2)CO)C,"(6,6-dimethyl-2-bicyclo[3.1.1]heptanyl)methanol",myrtanol,leffingwell,leffingwell_goodscents
158.24,CC(C)COC(=O)C(C)(C)C,"2-methylpropyl 2,2-dimethylpropanoate","pivalic acid, 2-methylpropyl ester",leffingwell,leffingwell_goodscents
242.4,CCCCCCCCOC(=O)CCCCCC,octyl heptanoate,octyl heptanoate,leffingwell,leffingwell_goodscents
134.24,CCCC(CCO)S,3-sulfanylhexan-1-ol,3-mercapto-1-hexanol,leffingwell,leffingwell_goodscents
127.21,CCC1=C(SC=N1)C,"4-ethyl-5-methyl-1,3-thiazole",4-ethyl-5-methylthiazole,leffingwell,leffingwell_goodscents
168.3,CCCCC1=CC=C(S1)CC,2-butyl-5-ethylthiophene,2-butyl-5-ethylthiophene,leffingwell,leffingwell_goodscents
172.26,CCCCC(=O)OCC(C)CC,2-methylbutyl pentanoate,2-methylbutyl valerate,leffingwell,leffingwell_goodscents
136.3,CCCCSSC,1-(methyldisulfanyl)butane,butyl methyl disulfide,leffingwell,leffingwell_goodscents
132.27,CCCCCC(C)S,heptane-2-thiol,2-heptanethiol,leffingwell,leffingwell_goodscents
150.3,CCCCSSCC,1-(ethyldisulfanyl)butane,butyl ethyl disulfide,leffingwell,leffingwell_goodscents
102.13,CCCC(=O)CO,1-hydroxypentan-2-one,1-hydroxy-2-pentanone,leffingwell,leffingwell_goodscents
207.27,CC(C)COC(=O)C1=CC=CC=C1NC,2-methylpropyl 2-(methylamino)benzoate,isobutyl 2-(methylamino)benzoate,leffingwell,leffingwell_goodscents
144.21,CCC(C)C(=O)OC(C)C,propan-2-yl 2-methylbutanoate,isopropyl 2-methylbutyrate,leffingwell,leffingwell_goodscents
198.3,CCOC(=O)CCCCCCCC=C,ethyl dec-9-enoate,ethyl 9-decenoate,leffingwell,leffingwell_goodscents
136.3,CC(C)CSSC,2-methyl-1-(methyldisulfanyl)propane,methyl i-butyl disulfide,leffingwell,leffingwell_goodscents
136.15,CC(=O)CC1=NC=CN=C1,1-pyrazin-2-ylpropan-2-one,1-(pyrazin-2-yl)propan-2-one,leffingwell,leffingwell_goodscents
186.25,CC(C)CCOC(=O)CCC(=O)C,3-methylbutyl 4-oxopentanoate,isoamyl levulinate,leffingwell,leffingwell_goodscents
256.42,CCCCCCCCC(=O)OCCCCCCC,heptyl nonanoate,heptyl nonanoate,leffingwell,leffingwell_goodscents
164.3,CCCCSSCCC,1-(propyldisulfanyl)butane,butyl propyl disulfide,leffingwell,leffingwell_goodscents
150.3,CCCCCSSC,1-(methyldisulfanyl)pentane,amyl methyl disulfide,leffingwell,leffingwell_goodscents
116.2,C1=CSC(=C1)S,thiophene-2-thiol,thiophene-2-thiol,leffingwell,leffingwell_goodscents
228.37,CCCCCCCCC(=O)OCCC(C)C,3-methylbutyl nonanoate,3-methylbutyl nonanoate,leffingwell,leffingwell_goodscents
158.19,CC(C)COC(=O)CC(=O)C,2-methylpropyl 3-oxobutanoate,isobutyl acetoacetate,leffingwell,leffingwell_goodscents
227.26,C1=CC=C(C=C1)COC(=O)C2=CC=CC=C2N,benzyl 2-aminobenzoate,benzyl 2-aminobenzoate,leffingwell,leffingwell_goodscents
141.24,CCC1=NC(=C(S1)C)C,"2-ethyl-4,5-dimethyl-1,3-thiazole","2-ethyl-4,5-dimethylthiazole",leffingwell,leffingwell_goodscents
218.29,CCOC(=O)CCC(C)(OCC)OCC,"ethyl 4,4-diethoxypentanoate","ethyl 4,4-diethoxypentanoate",leffingwell,leffingwell_goodscents
130.14,CCCOC(=O)C(=O)C,propyl 2-oxopropanoate,propyl pyruvate,leffingwell,leffingwell_goodscents
148.3,CC(=O)C1CCSS1,1-(dithiolan-3-yl)ethanone,"3-acetyl-1,2-dithiolane",leffingwell,leffingwell_goodscents
244.33,CCCCCOC(=O)CC(=O)OCCCCC,dipentyl propanedioate,"propanedioic acid, dipentyl ester",leffingwell,leffingwell_goodscents
196.24,CCCC1=CC(=C(C(=C1)OC)O)OC,"2,6-dimethoxy-4-propylphenol","2,6-dimethoxy-4-propylphenol",leffingwell,leffingwell_goodscents
184.4,CSSSSCC=C,3-(methyltetrasulfanyl)prop-1-ene,allyl methyl tetrasulfide,leffingwell,leffingwell_goodscents
180.4,CCCSSSCC=C,1-(prop-2-enyltrisulfanyl)propane,allyl propyl trisulfide,leffingwell,leffingwell_goodscents
140.3,CCSSSC,(methyltrisulfanyl)ethane,methyl ethyl trisulfide,leffingwell,leffingwell_goodscents
108.23,CC(S)SC,1-methylsulfanylethanethiol,1-(methylthio)ethanethiol,leffingwell,leffingwell_goodscents
240.38,CCC(=O)OC1CCCCCCCCCCC1,cyclododecyl propanoate,"cyclododecanol, propanoate",leffingwell,leffingwell_goodscents
134.24,CC(C)(CCOC)S,4-methoxy-2-methylbutane-2-thiol,4-methoxy-2-methyl-2-butanethiol,leffingwell,leffingwell_goodscents
148.23,CC(C)(CCOC=O)S,(3-methyl-3-sulfanylbutyl) formate,3-mercapto-3-methylbutyl formate,leffingwell,leffingwell_goodscents
162.18,C1=COC(=C1)CCC2=CC=CO2,2-[2-(furan-2-yl)ethyl]furan,"2,2'-(1,2-ethylenediyl)bis(furan)",leffingwell,leffingwell_goodscents
226.3,CC1=C(C=CO1)SSCC2=CC=CO2,3-(furan-2-ylmethyldisulfanyl)-2-methylfuran,furfuryl 2-methyl-3-furyl disulfide,leffingwell,leffingwell_goodscents
226.3,CC1=C(C=CO1)SSC2=C(OC=C2)C,2-methyl-3-[(2-methylfuran-3-yl)disulfanyl]furan,bis(2-methyl-3-furyl)disulfide,leffingwell,leffingwell_goodscents
152.23,CC1=CCC(CC1)C(=C)CO,2-(4-methylcyclohex-3-en-1-yl)prop-2-en-1-ol,menthadienol,leffingwell,leffingwell_goodscents
178.27,CCOC1=C(C=CC(=C1)C(C)C)C,2-ethoxy-1-methyl-4-propan-2-ylbenzene,carvacryl ethyl ether,leffingwell,leffingwell_goodscents
282.5,CCCCCCCC(=O)OCCC(C)CCC=C(C)C,"3,7-dimethyloct-6-enyl octanoate",citronellyl octanoate,leffingwell,leffingwell_goodscents
118.2,CC(CC(=O)C)S,4-sulfanylpentan-2-one,4-mercapto-2-pentanone,leffingwell,leffingwell_goodscents
152.23,CC1=CCC(CC1)(C(=C)C)O,4-methyl-1-prop-1-en-2-ylcyclohex-3-en-1-ol,"p-mentha-1,8-dien-4-ol",leffingwell,leffingwell_goodscents
118.2,CCC(CS)C=O,2-(sulfanylmethyl)butanal,3-mercapto-2-ethylpropanal,leffingwell,leffingwell_goodscents
158.24,CC(C)CCC(=O)OC(C)C,propan-2-yl 4-methylpentanoate,"pentanoic acid, 4-methyl, 1-methylethyl ester",leffingwell,leffingwell_goodscents
158.24,CCCOC(=O)CCC(C)C,propyl 4-methylpentanoate,propyl 4-methylpentanoate,leffingwell,leffingwell_goodscents
186.29,CCCCCCC(CC)C(=O)OC,methyl 2-ethyloctanoate,"octanoic acid, 2-ethyl, methyl ester",leffingwell,leffingwell_goodscents
140.21,CC1=CN=C(C=N1)SC,2-methyl-5-methylsulfanylpyrazine,2-methyl-5-(methylthio)pyrazine,leffingwell,leffingwell_goodscents
194.27,CCCCCCC1=NC=CN=C1OC,2-hexyl-3-methoxypyrazine,"pyrazine, 2-hexyl-3-methoxy",leffingwell,leffingwell_goodscents
152.19,CCCC1=NC=CN=C1OC,2-methoxy-3-propylpyrazine,2-methoxy-3-propylpyrazine,leffingwell,leffingwell_goodscents
146.26,CC1NC(SC(N1)C)C,"2,4,6-trimethyl-1,3,5-thiadiazinane","2,4,6-trimethyl-1,3,5-thiadiazinane",leffingwell,leffingwell_goodscents
140.18,CCC1=C(C(=O)CC1C)O,3-ethyl-2-hydroxy-4-methylcyclopent-2-en-1-one,42348-12-9,leffingwell,leffingwell_goodscents
186.4,CCCSSSSC,1-(methyltetrasulfanyl)propane,methyl propyl tetrasulfide,leffingwell,leffingwell_goodscents
152.3,CC=CSSSC,1-(methyltrisulfanyl)prop-1-ene,33368-80-8,leffingwell,leffingwell_goodscents
208.4,CC(C)C1SC(SS1)C(C)C,"3,5-di(propan-2-yl)-1,2,4-trithiolane","3,5-diisopropyl-1,2,4-trithiolane",leffingwell,leffingwell_goodscents
205.4,CC1NC(SC(S1)CC(C)C)C,"4,6-dimethyl-2-(2-methylpropyl)-1,3,5-dithiazinane",101517-87-7,leffingwell,leffingwell_goodscents
230.3,CCCCCC(CC(=O)OCC)OC(=O)C,ethyl 3-acetyloxyoctanoate,ethyl 3-acetoxyoctanoate,leffingwell,leffingwell_goodscents
216.27,CCCCCC(CC(=O)OC)OC(=O)C,methyl 3-acetyloxyoctanoate,methyl 3-acetoxyoctanoate,leffingwell,leffingwell_goodscents
161.2,CC(=C)C1=CC(=NC=C1)C(=O)C,1-(4-prop-1-en-2-ylpyridin-2-yl)ethanone,142896-11-5,leffingwell,leffingwell_goodscents
161.2,CC(=C)C1=NC=CC(=C1)C(=O)C,1-(2-prop-1-en-2-ylpyridin-4-yl)ethanone,142896-12-6,leffingwell,leffingwell_goodscents
208.34,CC1(CC2C3CCCC(C2C1)(C3O)C)C,"1,4,4-trimethyltricyclo[5.3.1.02,6]undecan-11-ol","1,4,4-trimethyltricyclo[5.3.1.02,6]undecan-11-ol",leffingwell,leffingwell_goodscents
186.29,CCCCCC(C)OC(=O)CCC,heptan-2-yl butanoate,2-heptyl butyrate,leffingwell,leffingwell_goodscents
170.25,CCCC=CC(=O)OCC(C)C,2-methylpropyl hex-2-enoate,isobutyl (e)-hex-2-enoate,leffingwell,leffingwell_goodscents
118.2,CCC(=O)C(C)S,2-sulfanylpentan-3-one,2-mercapto-3-pentanone,leffingwell,leffingwell_goodscents
138.3,CC1CSSS1,4-methyltrithiolane,"4-methyl-1,2,3-trithiolane",leffingwell,leffingwell_goodscents
146.3,CC=CSSCC=C,1-(prop-2-enyldisulfanyl)prop-1-ene,schembl6130005,leffingwell,leffingwell_goodscents
156.18,CC(=O)CCC(=O)OCC=C,prop-2-enyl 4-oxopentanoate,allyl levulinate,leffingwell,leffingwell_goodscents
180.2,COC1=C(C=CC(=C1)CCC=O)O,3-(4-hydroxy-3-methoxyphenyl)propanal,80638-48-8,leffingwell,leffingwell_goodscents
200.32,CCCCCCOC(=O)CCC(C)C,hexyl 4-methylpentanoate,hexyl isohexanoate,leffingwell,leffingwell_goodscents
148.2,CC1CCC2=NC(=CN=C12)C,"3,7-dimethyl-6,7-dihydro-5H-cyclopenta[b]pyrazine",38917-61-2,leffingwell,leffingwell_goodscents
226.27,CC1=CC=CC=C1OC(=O)CC2=CC=CC=C2,(2-methylphenyl) 2-phenylacetate,"benzeneacetic acid,2-methylphenyl ester",leffingwell,leffingwell_goodscents
150.3,CC(C)CCSSC,3-methyl-1-(methyldisulfanyl)butane,methyl isopentyl disulfide,leffingwell,leffingwell_goodscents
189.3,CC(C)CC=NCCC1=CC=CC=C1,3-methyl-N-(2-phenylethyl)butan-1-imine,"benzeneethanamine, n-(3-methylbutylidene)-",leffingwell,leffingwell_goodscents
232.38,CCCCCC(=O)OCCC(CCC)S,3-sulfanylhexyl hexanoate,3-mercaptohexyl hexanoate,leffingwell,leffingwell_goodscents
142.2,CC(=O)OCCCCC=C,hex-5-enyl acetate,5-hexenyl acetate,leffingwell,leffingwell_goodscents
158.24,CCCCC(CC)OC(=O)C,heptan-3-yl acetate,heptan-3-yl acetate,leffingwell,leffingwell_goodscents
158.19,CC(C)CCOC(=O)C(=O)C,3-methylbutyl 2-oxopropanoate,isoamyl pyruvate,leffingwell,leffingwell_goodscents
204.33,CCCC(CCOC(=O)CCC)S,3-sulfanylhexyl butanoate,3-mercaptohexyl butyrate,leffingwell,leffingwell_goodscents
210.27,CC(C)CCOC(=O)CCC1=CC=CO1,3-methylbutyl 3-(furan-2-yl)propanoate,7779-67-1,leffingwell,leffingwell_goodscents
170.25,CCOC(=O)CCCCCC=C,ethyl oct-7-enoate,ethyl 7-octenoate,leffingwell,leffingwell_goodscents
144.17,CCC(C)C(=O)C(=O)OC,methyl 3-methyl-2-oxopentanoate,methyl 3-methyl-2-oxopentanoate,leffingwell,leffingwell_goodscents
202.33,CC(C)COC(C(C)C)OCC(C)C,"2-methyl-1,1-bis(2-methylpropoxy)propane","2-methyl-1,1-bis(2-methylpropoxy)propane",leffingwell,leffingwell_goodscents
214.34,CCCCCCCCOC(=O)C(C)(C)C,"octyl 2,2-dimethylpropanoate",octyl pivalate,leffingwell,leffingwell_goodscents
200.32,CCCCCCCOC(=O)C(C)CC,heptyl 2-methylbutanoate,heptyl 2-methylbutyrate,leffingwell,leffingwell_goodscents
122.3,CC(C(C)S)S,"butane-2,3-dithiol","2,3-butanedithiol",leffingwell,leffingwell_goodscents
190.31,CCCCCOC(=O)CCSC,pentyl 3-methylsulfanylpropanoate,pentyl 3-(methylthio)propionate,leffingwell,leffingwell_goodscents
202.29,CCCCCCCCC(C(=O)OC)O,methyl 2-hydroxydecanoate,methyl 2-hydroxydecanoate,leffingwell,leffingwell_goodscents
210.31,CC(C=C(C)CCC=C(C)C)OC(=O)C,"4,8-dimethylnona-3,7-dien-2-yl acetate","4,8-dimethyl-3,7-nonadien-2-ol acetate",leffingwell,leffingwell_goodscents
134.24,CCCCC(CS)O,1-sulfanylhexan-2-ol,1-sulfanyl-2-hexanol #,leffingwell,leffingwell_goodscents
146.18,CCCCC(C(=O)OC)O,methyl 2-hydroxyhexanoate,methyl 2-hydroxyhexanoate,leffingwell,leffingwell_goodscents
242.4,CCCCCCCCCC(=O)OCCCCC,pentyl decanoate,pentyl decanoate,leffingwell,leffingwell_goodscents
242.4,CCCCCCCCCC(=O)OC(C)CCC,pentan-2-yl decanoate,1-methylbutyl decanoate,leffingwell,leffingwell_goodscents
172.22,CCCC(=O)OCC1CCCO1,oxolan-2-ylmethyl butanoate,tetrahydrofurfuryl butyrate,leffingwell,leffingwell_goodscents
146.23,CCCCOC(C)OCC,1-(1-ethoxyethoxy)butane,1-butoxy-1-ethoxyethane,leffingwell,leffingwell_goodscents
116.23,CCCSC=CC,1-prop-1-enylsulfanylpropane,propyl propenyl sulfide,leffingwell,leffingwell_goodscents
126.11,C1=COC(=C1)COC=O,furan-2-ylmethyl formate,furfuryl formate,leffingwell,leffingwell_goodscents
214.28,CCOC(=O)CCSCC1=CC=CO1,ethyl 3-(furan-2-ylmethylsulfanyl)propanoate,ethyl 3-(furfurylthio)propionate,leffingwell,leffingwell_goodscents
172.26,CC1CCC(C(C1)O)C(C)(C)O,2-(2-hydroxypropan-2-yl)-5-methylcyclohexan-1-ol,"p-menthane-3,8-diol",leffingwell,leffingwell_goodscents
196.24,CCCCCC(=O)OCC1=CC=CO1,furan-2-ylmethyl hexanoate,furfuryl hexanoate,leffingwell,leffingwell_goodscents
210.27,CCCCCCC(=O)OCC1=CC=CO1,furan-2-ylmethyl heptanoate,furfuryl heptanoate,leffingwell,leffingwell_goodscents
186.29,CCCCCCCC1OCC(O1)C,"2-heptyl-4-methyl-1,3-dioxolane","2-heptyl-4-methyl-1,3-dioxolane",leffingwell,leffingwell_goodscents
144.21,CCC(C)CC(=O)OCC,ethyl 3-methylpentanoate,ethyl 3-methylpentanoate,leffingwell,leffingwell_goodscents
148.23,CCC(C(=O)OC)SC,methyl 2-methylsulfanylbutanoate,methyl 2-(methylthio)butyrate,leffingwell,leffingwell_goodscents
132.23,CCCCC(=S)OC,O-methyl pentanethioate,55283-58-4,leffingwell,leffingwell_goodscents
262.4,CCCCCCCCCC(=O)OCC1=CC=CC=C1,benzyl decanoate,benzyl decanoate,leffingwell,leffingwell_goodscents
160.21,C=CCC(C=O)C1=CC=CC=C1,2-phenylpent-4-enal,2-phenyl-4-pentenal,leffingwell,leffingwell_goodscents
262.4,CCCCCCCCCOC(=O)CC1=CC=CC=C1,nonyl 2-phenylacetate,nonyl phenylacetate,leffingwell,leffingwell_goodscents
252.39,CCCCCC(=O)OC(C)(CCC=C(C)C)C=C,"3,7-dimethylocta-1,6-dien-3-yl hexanoate",linalyl hexanoate,leffingwell,leffingwell_goodscents
240.38,CC1CCC(C(C1)OC(=O)CC(C)C)C(C)C,(5-methyl-2-propan-2-ylcyclohexyl) 3-methylbutanoate,menthyl isovalerate,leffingwell,leffingwell_goodscents
160.25,CCC(C)C(OCC)OCC,"1,1-diethoxy-2-methylbutane","1,1-diethoxy-2-methylbutane",leffingwell,leffingwell_goodscents
192.25,CCCC(=O)OC(C)C1=CC=CC=C1,1-phenylethyl butanoate,alpha-methylbenzyl butyrate,leffingwell,leffingwell_goodscents
193.24,CC(C)OC(=O)C1=CC=CC=C1NC,propan-2-yl 2-(methylamino)benzoate,99985-64-5,leffingwell,leffingwell_goodscents
220.31,CCCCCCC(=O)OC1=CC=C(C=C1)C,(4-methylphenyl) heptanoate,4-methylphenyl heptanoate,leffingwell,leffingwell_goodscents
168.26,CCCCC(=O)C1=CC=CS1,1-thiophen-2-ylpentan-1-one,53119-25-8,leffingwell,leffingwell_goodscents
155.26,CC1=CSC(=N1)CC(C)C,"4-methyl-2-(2-methylpropyl)-1,3-thiazole",2-isobutyl-4-methylthiazole,leffingwell,leffingwell_goodscents
170.25,CCCCOC(=O)C=CCCC,butyl hex-2-enoate,butyl hex-2-enoate,leffingwell,leffingwell_goodscents
242.4,CCCCCCCCCOC(=O)CCCCC,nonyl hexanoate,nonyl hexanoate,leffingwell,leffingwell_goodscents
192.3,CC1=C(C(CC=C1)(C)C)CCC(=O)C,"4-(2,6,6-trimethylcyclohexa-1,3-dien-1-yl)butan-2-one",dehydrodihydroionone,leffingwell,leffingwell_goodscents
166.24,CCOC(=S)C1=CC=CC=C1,O-ethyl benzenecarbothioate,ethyl thiobenzoate,leffingwell,leffingwell_goodscents
224.34,CCCC(=O)OC(C)(C)C1CCC(=CC1)C,2-(4-methylcyclohex-3-en-1-yl)propan-2-yl butanoate,2153-28-8,leffingwell,leffingwell_goodscents
164.25,CC1=CN=C(C(=N1)C)CC(C)C,"3,5-dimethyl-2-(2-methylpropyl)pyrazine","3,5-dimethyl-2-isobutylpyrazine",leffingwell,leffingwell_goodscents
196.33,CC1=C(C(CCC1)(C)C)CCC(C)O,"4-(2,6,6-trimethylcyclohexen-1-yl)butan-2-ol",dihydro-beta-ionol,leffingwell,leffingwell_goodscents
123.15,CCN1C=CC=C1C=O,1-ethylpyrrole-2-carbaldehyde,1-ethyl-1h-pyrrole-2-carbaldehyde,leffingwell,leffingwell_goodscents
138.16,CC1=CC(=C(O1)C(=O)C)C,"1-(3,5-dimethylfuran-2-yl)ethanone","1-(3,5-dimethylfuran-2-yl)ethanone",leffingwell,leffingwell_goodscents
214.34,CCCCCCCC(=O)OC(C)CCC,pentan-2-yl octanoate,1-methylbutyl octanoate,leffingwell,leffingwell_goodscents
238.37,CC1=CCC(CC1)C(C)(C)OC(=O)CC(C)C,2-(4-methylcyclohex-3-en-1-yl)propan-2-yl 3-methylbutanoate,alpha-terpinyl isovalerate,leffingwell,leffingwell_goodscents
270.5,CCCCCCCCCOC(=O)CCCCCCC,nonyl octanoate,nonyl octanoate,leffingwell,leffingwell_goodscents
156.3,C1CSSSS1,tetrathiane,tetrathiane,leffingwell,leffingwell_goodscents
164.2,CC1COC(O1)C2=CC=CC=C2,"4-methyl-2-phenyl-1,3-dioxolane","4-methyl-2-phenyl-1,3-dioxolane",leffingwell,leffingwell_goodscents
206.28,CC(C)(C)C1=CC=C(C=C1)CC(=O)OC,methyl 2-(4-tert-butylphenyl)acetate,3549-23-3,leffingwell,leffingwell_goodscents
138.21,CC/C=C/CC/C=C/C=O,"(2E,6E)-nona-2,6-dienal",17587-33-6,leffingwell,leffingwell_goodscents
86.09,C/C=C/C(=O)O,(E)-but-2-enoic acid,crotonic acid,leffingwell,leffingwell_goodscents
338.6,C[C@@H](CCC[C@@H](C)CCC/C(=C/COC(=O)C)/C)CCCC(C)C,"[(E,7R,11R)-3,7,11,15-tetramethylhexadec-2-enyl] acetate",10236-16-5,leffingwell,leffingwell_goodscents
132.16,C1=CC=C(C=C1)/C=C/C=O,(E)-3-phenylprop-2-enal,cinnamaldehyde,leffingwell,leffingwell_goodscents
282.5,CCCCCCCC/C=C/CCCCCCCC(=O)O,(E)-octadec-9-enoic acid,elaidic acid,leffingwell,leffingwell_goodscents
162.18,COC(=O)/C=C/C1=CC=CC=C1,methyl (E)-3-phenylprop-2-enoate,methyl cinnamate,leffingwell,leffingwell_goodscents
184.27,CCCCCCOC(=O)/C(=C/C)/C,hexyl (E)-2-methylbut-2-enoate,hexyl tiglate,leffingwell,leffingwell_goodscents
148.2,C/C=C/C1=CC=C(C=C1)OC,1-methoxy-4-[(E)-prop-1-enyl]benzene,anethole,leffingwell,leffingwell_goodscents
96.13,C/C=C/C=C/C=O,"(2E,4E)-hexa-2,4-dienal","2,4-hexadienal",leffingwell,leffingwell_goodscents
154.25,CC(=CCC/C(=C/CO)/C)C,"(2E)-3,7-dimethylocta-2,6-dien-1-ol",geraniol,leffingwell,leffingwell_goodscents
176.21,CCOC(=O)/C=C/C1=CC=CC=C1,ethyl (E)-3-phenylprop-2-enoate,ethyl cinnamate,leffingwell,leffingwell_goodscents
146.19,CC(=O)/C=C/C1=CC=CC=C1,(E)-4-phenylbut-3-en-2-one,benzylideneacetone,leffingwell,leffingwell_goodscents
178.23,C/C=C/C1=CC(=C(C=C1)OC)OC,"1,2-dimethoxy-4-[(E)-prop-1-enyl]benzene",methylisoeugenol,leffingwell,leffingwell_goodscents
152.23,CC(=CCC/C(=C/C=O)/C)C,"(2E)-3,7-dimethylocta-2,6-dienal",citral,leffingwell,leffingwell_goodscents
192.3,CC1=C(C(CCC1)(C)C)/C=C/C(=O)C,"(E)-4-(2,6,6-trimethylcyclohexen-1-yl)but-3-en-2-one",beta-ionone,leffingwell,leffingwell_goodscents
285.34,C1CCN(CC1)C(=O)/C=C/C=C/C2=CC3=C(C=C2)OCO3,"(2E,4E)-5-(1,3-benzodioxol-5-yl)-1-piperidin-1-ylpenta-2,4-dien-1-one",piperine,leffingwell,leffingwell_goodscents
100.12,CC/C=C/C(=O)O,(E)-pent-2-enoic acid,trans-2-pentenoic acid,leffingwell,leffingwell_goodscents
100.12,C/C=C/C(=O)OC,methyl (E)-but-2-enoate,methyl crotonate,leffingwell,leffingwell_goodscents
172.18,CCOC(=O)/C=C/C(=O)OCC,diethyl (E)-but-2-enedioate,diethyl fumarate,leffingwell,leffingwell_goodscents
112.21,CCCC/C=C/CC,(E)-oct-3-ene,trans-3-octene,leffingwell,leffingwell_goodscents
264.4,CC(=CCC/C(=C/CC/C(=C/COC(=O)C)/C)/C)C,"[(2E,6E)-3,7,11-trimethyldodeca-2,6,10-trienyl] acetate",farnesyl acetate,leffingwell,leffingwell_goodscents
87.16,CC[C@@H](C)CN,(2R)-2-methylbutan-1-amine,(r)-2-methylbutylamine,leffingwell,leffingwell_goodscents
100.16,C/C=C/CCCO,(E)-hex-4-en-1-ol,4-hexen-1-ol,leffingwell,leffingwell_goodscents
98.14,C/C=C/C=C/CO,"(2E,4E)-hexa-2,4-dien-1-ol","trans,trans-2,4-hexadien-1-ol",leffingwell,leffingwell_goodscents
162.18,COC1=CC=C(C=C1)/C=C/C=O,(E)-3-(4-methoxyphenyl)prop-2-enal,4-methoxycinnamaldehyde,leffingwell,leffingwell_goodscents
162.18,COC1=CC=CC=C1/C=C/C=O,(E)-3-(2-methoxyphenyl)prop-2-enal,2-methoxycinnamaldehyde,leffingwell,leffingwell_goodscents
188.22,C=CCOC(=O)/C=C/C1=CC=CC=C1,prop-2-enyl (E)-3-phenylprop-2-enoate,allyl cinnamate,leffingwell,leffingwell_goodscents
114.14,CC(C)/C=C/C(=O)O,(E)-4-methylpent-2-enoic acid,4-methyl-2-pentenoic acid,leffingwell,leffingwell_goodscents
254.4,CC1=CC(=C(O1)C)SSC2=C(OC(=C2)C)C,"3-[(2,5-dimethylfuran-3-yl)disulfanyl]-2,5-dimethylfuran",28588-73-0,leffingwell,leffingwell_goodscents
98.14,CC/C=C/CC=O,(E)-hex-3-enal,3-hexenal,leffingwell,leffingwell_goodscents
112.13,C/C=C/C=C/C(=O)O,"(2E,4E)-hexa-2,4-dienoic acid",sorbic acid,leffingwell,leffingwell_goodscents
138.21,CC/C=C\CC/C=C/C=O,"(2E,6Z)-nona-2,6-dienal","trans-2,cis-6-nonadienal",leffingwell,leffingwell_goodscents
152.23,CC(=CCC/C(=C\C=O)/C)C,"(2Z)-3,7-dimethylocta-2,6-dienal",neral,leffingwell,leffingwell_goodscents
72.11,C/C=C\CO,(Z)-but-2-en-1-ol,4088-60-2,leffingwell,leffingwell_goodscents
154.25,CC(=CCC/C(=C\CO)/C)C,"(2Z)-3,7-dimethylocta-2,6-dien-1-ol",nerol,leffingwell,leffingwell_goodscents
100.12,C/C=C(/C)\C(=O)O,(Z)-2-methylbut-2-enoic acid,angelic acid,leffingwell,leffingwell_goodscents
98.14,CC/C=C\CC=O,(Z)-hex-3-enal,cis-3-hexenal,leffingwell,leffingwell_goodscents
146.18,CCOC(=O)C(C)C(C)O,ethyl 3-hydroxy-2-methylbutanoate,ethyl 3-hydroxy-2-methylbutyrate,leffingwell,leffingwell_goodscents
167.3,C1=CC=C2C(=C1)NC(=S)S2,"3H-1,3-benzothiazole-2-thione",2-mercaptobenzothiazole,leffingwell,leffingwell_goodscents
166.17,CCOC(=O)/C=C/C1=CC=CO1,ethyl (E)-3-(furan-2-yl)prop-2-enoate,ethyl 3-(2-furyl)acrylate,leffingwell,leffingwell_goodscents
178.18,COC1=CC=CC=C1/C=C/C(=O)O,(E)-3-(2-methoxyphenyl)prop-2-enoic acid,2-methoxycinnamic acid,leffingwell,leffingwell_goodscents
136.15,CC(=O)/C=C/C1=CC=CO1,(E)-4-(furan-2-yl)but-3-en-2-one,4-(2-furyl)-3-buten-2-one,leffingwell,leffingwell_goodscents
198.17,COC1=C(C=CC(=C1)[C@@H](C(=O)O)O)O,(2S)-2-hydroxy-2-(4-hydroxy-3-methoxyphenyl)acetic acid,(+)-vanilmandelic acid,leffingwell,leffingwell_goodscents
176.21,CC(=O)/C=C/C1=CC=C(C=C1)OC,(E)-4-(4-methoxyphenyl)but-3-en-2-one,1-(p-methoxyphenyl)-1-buten-3-one,leffingwell,leffingwell_goodscents
204.26,CC(C)COC(=O)/C=C/C1=CC=CC=C1,2-methylpropyl (E)-3-phenylprop-2-enoate,isobutyl cinnamate,leffingwell,leffingwell_goodscents
206.24,C/C=C/C1=CC(=C(C=C1)OC(=O)C)OC,[2-methoxy-4-[(E)-prop-1-enyl]phenyl] acetate,acetylisoeugenol,leffingwell,leffingwell_goodscents
347.4,C1=CC=C2C=C(C=CC2=C1)NC(=O)CSCC3=NC4=CC=CC=C4N3,2-(1H-benzimidazol-2-ylmethylsulfanyl)-N-naphthalen-2-ylacetamide,2-[(1h-benzimidazol-2-ylmethyl)sulfanyl]-n-(naphthalen-2-yl)acetamide,leffingwell,leffingwell_goodscents
152.23,C[C@]12CC[C@H](C1)C(C2=O)(C)C,"(1S,4R)-1,3,3-trimethylbicyclo[2.2.1]heptan-2-one","(+)-1,3,3-trimethyl-2-norbornanone",leffingwell,leffingwell_goodscents
204.35,C[C@H]1CC[C@@H]2[C@]13CC=C([C@H](C3)C2(C)C)C,"(1S,2S,5S,7S)-2,6,6,8-tetramethyltricyclo[5.3.1.01,5]undec-8-ene",2-epi-alpha-cedrene,leffingwell,leffingwell_goodscents
160.21,CC/C(=C/C1=CC=CC=C1)/C=O,(2Z)-2-benzylidenebutanal,md8u7j2a25,leffingwell,leffingwell_goodscents
305.4,CC(C)/C=C/CCCCC(=O)NCC1=CC(=C(C=C1)O)OC,(E)-N-[(4-hydroxy-3-methoxyphenyl)methyl]-8-methylnon-6-enamide,capsaicin,leffingwell,leffingwell_goodscents
164.24,CC/C=C\CC1=C(CCC1=O)C,3-methyl-2-[(Z)-pent-2-enyl]cyclopent-2-en-1-one,cis-jasmone,leffingwell,leffingwell_goodscents
164.24,CC/C=C/CC1=C(CCC1=O)C,3-methyl-2-[(E)-pent-2-enyl]cyclopent-2-en-1-one,"jasmone, (e)-",leffingwell,leffingwell_goodscents
196.29,CC(=CCC/C(=C\COC(=O)C)/C)C,"[(2Z)-3,7-dimethylocta-2,6-dienyl] acetate",neryl acetate,leffingwell,leffingwell_goodscents
196.29,CC(=CCC/C(=C/COC(=O)C)/C)C,"[(2E)-3,7-dimethylocta-2,6-dienyl] acetate",geranyl acetate,leffingwell,leffingwell_goodscents
122.12,C1=COC(=C1)/C=C/C=O,(E)-3-(furan-2-yl)prop-2-enal,3-(2-furyl)acrolein,leffingwell,leffingwell_goodscents
194.31,CC(=CCC/C(=C/CCC(=O)C)/C)C,"(5E)-6,10-dimethylundeca-5,9-dien-2-one",geranylacetone,leffingwell,leffingwell_goodscents
140.18,CCOC(=O)/C=C/C=C/C,"ethyl (2E,4E)-hexa-2,4-dienoate",ethyl sorbate,leffingwell,leffingwell_goodscents
216.32,CCCCCC/C(=C\C1=CC=CC=C1)/C=O,(2E)-2-benzylideneoctanal,alpha-hexylcinnamaldehyde,leffingwell,leffingwell_goodscents
254.32,C/C=C\C1=CC(=C(C=C1)OCC2=CC=CC=C2)OC,2-methoxy-1-phenylmethoxy-4-[(Z)-prop-1-enyl]benzene,isoeugenol benzyl ether,leffingwell,leffingwell_goodscents
264.3,C1=CC=C(C=C1)/C=C/COC(=O)/C=C/C2=CC=CC=C2,[(E)-3-phenylprop-2-enyl] (E)-3-phenylprop-2-enoate,cinnamyl cinnamate,leffingwell,leffingwell_goodscents
149.23,CC(=CCC/C(=C/C#N)/C)C,"(2E)-3,7-dimethylocta-2,6-dienenitrile","3,7-dimethylocta-2,6-dienenitrile",leffingwell,leffingwell_goodscents
192.3,C/C=C\C(=O)C1=C(CCCC1(C)C)C,"(Z)-1-(2,6,6-trimethylcyclohexen-1-yl)but-2-en-1-one",23726-92-3,leffingwell,leffingwell_goodscents
262.4,CC(=CCC/C(=C/CC/C(=C/CCC(=O)C)/C)/C)C,"(5E,9E)-6,10,14-trimethylpentadeca-5,9,13-trien-2-one",1117-52-8,leffingwell,leffingwell_goodscents
202.29,CCCCC/C(=C/C1=CC=CC=C1)/C=O,(2Z)-2-benzylideneheptanal,2-benzylideneheptanal,leffingwell,leffingwell_goodscents
154.25,C[C@@H]1CCO[C@@H](C1)C=C(C)C,"(2S,4R)-4-methyl-2-(2-methylprop-1-enyl)oxane",3033-23-6,leffingwell,leffingwell_goodscents
192.3,CC(=CCC/C(=C/C=C/C(=O)C)/C)C,"(3E,5E)-6,10-dimethylundeca-3,5,9-trien-2-one",pseudoionone,leffingwell,leffingwell_goodscents
150.22,CC(=C)[C@H]1CCC(=CC1)C=O,(4S)-4-prop-1-en-2-ylcyclohexene-1-carbaldehyde,18031-40-8,leffingwell,leffingwell_goodscents
144.3,CC(C1=CC=CS1)S,1-thiophen-2-ylethanethiol,1-(2-thienyl)ethanethiol,leffingwell,leffingwell_goodscents
142.2,CCC/C=C/COC(=O)C,[(E)-hex-2-enyl] acetate,trans-2-hexenyl acetate,leffingwell,leffingwell_goodscents
146.19,CC1=C(OC2=CC=CC=C12)C,"2,3-dimethyl-1-benzofuran","2,3-dimethylbenzofuran",leffingwell,leffingwell_goodscents
298.5,CCCCCCCCCCOC(=O)CCCCCCCC,decyl nonanoate,decyl nonanoate,leffingwell,leffingwell_goodscents
212.33,CC1COC(O1)CC(C)CCC=C(C)C,"2-(2,6-dimethylhept-5-enyl)-4-methyl-1,3-dioxolane",74094-64-7,leffingwell,leffingwell_goodscents
285.4,CC1=CC(=C(C=C1)C)NC(=O)C(C)SC2=CC=CC=C2,"N-(2,5-dimethylphenyl)-2-phenylsulfanylpropanamide","n-(2,5-dimethylphenyl)-2-phenylsulfanylpropanamide",leffingwell,leffingwell_goodscents
142.2,CCOC(=O)CC=C(C)C,ethyl 4-methylpent-3-enoate,ethyl 4-methyl-3-pentenoate,leffingwell,leffingwell_goodscents
196.29,CC1=CCC(C1(C)C)C(C)OC(=O)C,"1-(2,2,3-trimethylcyclopent-3-en-1-yl)ethyl acetate",schembl3507584,leffingwell,leffingwell_goodscents
141.24,CCCCC1=NC=CS1,"2-butyl-1,3-thiazole",2-butylthiazole,leffingwell,leffingwell_goodscents
232.4,CC1C(=CCO1)SC2(CCOC2C)S,"2-methyl-3-[(2-methyl-2,5-dihydrofuran-3-yl)sulfanyl]oxolane-3-thiol",38325-24-5,leffingwell,leffingwell_goodscents
146.25,CCCC(CC=O)SC,3-methylsulfanylhexanal,3-(methylthio)hexanal,leffingwell,leffingwell_goodscents
148.23,CCOC(=O)C(C)SC,ethyl 2-methylsulfanylpropanoate,40800-76-8,leffingwell,leffingwell_goodscents
162.25,CCOC(=O)C(C)(C)SC,ethyl 2-methyl-2-methylsulfanylpropanoate,ethyl 2-methyl-2-(methylthio)propionate,leffingwell,leffingwell_goodscents
156.18,CCOC1=C(OC(C1=O)C)C,"4-ethoxy-2,5-dimethylfuran-3-one","2,5-dimethyl-4-ethoxy-3(2h)-furanone",leffingwell,leffingwell_goodscents
150.22,CC(COC)C1=CC=CC=C1,1-methoxypropan-2-ylbenzene,(2-methoxy-1-methylethyl)benzene,leffingwell,leffingwell_goodscents
131.2,CC(=O)C1NCCS1,"1-(1,3-thiazolidin-2-yl)ethanone",2-acetylthiazolidine,leffingwell,leffingwell_goodscents
186.29,CCOC(=O)CC(C)CC(C)(C)C,"ethyl 3,5,5-trimethylhexanoate","ethyl 3,5,5-trimethylhexanoate",leffingwell,leffingwell_goodscents
242.4,CCCCCCCCC=CC(OCC)OCC,"1,1-diethoxyundec-2-ene","1,1-diethoxyundec-2-ene",leffingwell,leffingwell_goodscents
228.37,CCOC(CC(C)CCC=C(C)C)OCC,"8,8-diethoxy-2,6-dimethyloct-2-ene","8,8-diethoxy-2,6-dimethyloct-2-ene",leffingwell,leffingwell_goodscents
170.29,CCCCCCCCC=COC,1-methoxydec-1-ene,79930-37-3,leffingwell,leffingwell_goodscents
263.37,CCCCCCCCCOC(=O)C1=CC=CC=C1N,nonyl 2-aminobenzoate,nonyl anthranilate,leffingwell,leffingwell_goodscents
272.5,CCCCCCCCCCCCC(OCC)OCC,"1,1-diethoxytridecane","1,1-diethoxytridecane",leffingwell,leffingwell_goodscents
172.31,CCCCCC(C)(CC(C)C)O,"2,4-dimethylnonan-4-ol","2,4-dimethylnonan-4-ol",leffingwell,leffingwell_goodscents
148.23,CCCC(=O)OCSC,methylsulfanylmethyl butanoate,methylthiomethyl butyrate,leffingwell,leffingwell_goodscents
188.31,CC(C)CCOC(C)OCC(C)C,3-methyl-1-[1-(2-methylpropoxy)ethoxy]butane,75048-15-6,leffingwell,leffingwell_goodscents
212.37,CC(C)CCCCCCCCCCC=O,12-methyltridecanal,12-methyltridecanal,leffingwell,leffingwell_goodscents
226.4,CCC(C)CCCCCCCCCCC=O,12-methyltetradecanal,12-methyltetradecanal,leffingwell,leffingwell_goodscents
164.2,CC1CCC2=C(C(=O)OC2=C1)C,"3,6-dimethyl-5,6-dihydro-4H-1-benzofuran-2-one",80417-97-6,leffingwell,leffingwell_goodscents
326.6,CCCCCCCCCCCCCCCC(=O)OCCC(C)C,3-methylbutyl hexadecanoate,3-methylbutyl hexadecanoate,leffingwell,leffingwell_goodscents
170.25,CCC(C)C(=O)OCCC(=C)C,3-methylbut-3-enyl 2-methylbutanoate,3-methylbut-3-enyl 2-methylbutyrate,leffingwell,leffingwell_goodscents
190.31,CC(C)CC(=O)OCCCSC,3-methylsulfanylpropyl 3-methylbutanoate,3-(methylthio)propyl isovalerate,leffingwell,leffingwell_goodscents
188.31,CCOC(CC(C)C)OCC(C)C,1-ethoxy-3-methyl-1-(2-methylpropoxy)butane,85136-40-9,leffingwell,leffingwell_goodscents
176.28,CCOC(=O)CC(C)SCC,ethyl 3-ethylsulfanylbutanoate,90201-28-8,leffingwell,leffingwell_goodscents
202.4,CC(C)(C)CC(C)(CC(C)(C)C)S,"2,2,4,6,6-pentamethylheptane-4-thiol","2,2,4,6,6-pentamethylheptane-4-thiol",leffingwell,leffingwell_goodscents
248.36,CCCCC(CC)C(=O)OCCC1=CC=CC=C1,2-phenylethyl 2-ethylhexanoate,2-phenylethyl 2-ethylhexanoate,leffingwell,leffingwell_goodscents
298.5,CCCCCCCCCCCCCC(=O)OCC(C)CC,2-methylbutyl tetradecanoate,2-methylbutyl tetradecanoate,leffingwell,leffingwell_goodscents
214.3,CCCCCC(=O)CCCC(=O)OCC,ethyl 5-oxodecanoate,ethyl 5-oxodecanoate,leffingwell,leffingwell_goodscents
198.3,CCCCCC(C=C)OC(=O)C(C)C,oct-1-en-3-yl 2-methylpropanoate,1-vinylhexyl isobutyrate,leffingwell,leffingwell_goodscents
142.2,CCC(C)C(=O)OCC=C,prop-2-enyl 2-methylbutanoate,allyl 2-methylbutyrate,leffingwell,leffingwell_goodscents
198.3,CCC=CCCOC(=O)C(CC)CC,hex-3-enyl 2-ethylbutanoate,233666-04-1,leffingwell,leffingwell_goodscents
213.3,CCCC(=O)OCCC1=C(N=CS1)C,"2-(4-methyl-1,3-thiazol-5-yl)ethyl butanoate",2-(4-methylthiazol-5-yl)ethyl butyrate,leffingwell,leffingwell_goodscents
241.35,CCCCCC(=O)OCCC1=C(N=CS1)C,"2-(4-methyl-1,3-thiazol-5-yl)ethyl hexanoate",2-(4-methylthiazol-5-yl)ethyl hexanoate,leffingwell,leffingwell_goodscents
212.33,CCCC(=O)OC1CC(CC(C1)(C)C)C,"(3,3,5-trimethylcyclohexyl) butanoate","3,3,5-trimethylcyclohexyl butyrate",leffingwell,leffingwell_goodscents
264.4,CC(C)CCOC(C1=CC=CC=C1)OCCC(C)C,bis(3-methylbutoxy)methylbenzene,(bis(3-methylbutoxy)methyl)benzene,leffingwell,leffingwell_goodscents
198.28,CC(CC(=O)C)SCC1=CC=CO1,4-(furan-2-ylmethylsulfanyl)pentan-2-one,180031-78-1,leffingwell,leffingwell_goodscents
126.2,CC/C(=C(/C)\C(=O)C)/C,"(Z)-3,4-dimethylhex-3-en-2-one","3-hexen-2-one, 3,4-dimethyl-, (z)-",leffingwell,leffingwell_goodscents
206.37,C[C@H]1CC[C@H]([C@H]2[C@H]1C=C[C@@H](C2)C)C(C)C,"(1S,4S,4aS,6R,8aR)-1,6-dimethyl-4-propan-2-yl-1,2,3,4,4a,5,6,8a-octahydronaphthalene","cadinene, (-)-",leffingwell,leffingwell_goodscents
204.35,CC1=CC/C(=C(/C)\CCC=C(C)C)/CC1,(4Z)-1-methyl-4-(6-methylhept-5-en-2-ylidene)cyclohexene,(z)-gamma-bisabolene,leffingwell,leffingwell_goodscents
138.21,CC1C=CCCC1(C)C=O,"1,2-dimethylcyclohex-3-ene-1-carbaldehyde",ivy carbaldehyde,leffingwell,leffingwell_goodscents
128.17,CC(=O)OC(C)(C)C=C,2-methylbut-3-en-2-yl acetate,"3-buten-2-ol, 2-methyl-, acetate",leffingwell,leffingwell_goodscents
326.6,CCCCCCCCCCCCCCCC(=O)OCCCCC,pentyl hexadecanoate,pentyl palmitate,leffingwell,leffingwell_goodscents
144.24,CC(=CCSC(=O)C)C,S-(3-methylbut-2-enyl) ethanethioate,prenyl thioacetate,leffingwell,leffingwell_goodscents
248.32,CC(C)CC(=O)OC1=C(C=C(C=C1)CC=C)OC,(2-methoxy-4-prop-2-enylphenyl) 3-methylbutanoate,eugenyl isovalerate,leffingwell,leffingwell_goodscents
198.34,CC(C)CCCCCCCCCC=O,11-methyldodecanal,11-methyldodecanal,leffingwell,leffingwell_goodscents
244.28,CCCC(=O)OC(C)(C(=O)C)OC(=O)CCC,(2-butanoyloxy-3-oxobutan-2-yl) butanoate,1-methyl-2-oxopropylidene butyrate,leffingwell,leffingwell_goodscents
151.19,CC1=C[N+](=CC(=N1)C)C(=O)C,"1-(3,5-dimethylpyrazin-1-ium-1-yl)ethanone",einecs 276-848-2,leffingwell,leffingwell_goodscents
152.19,CC1=NC=CN=C1OC(C)C,2-methyl-3-propan-2-yloxypyrazine,2-isopropoxy-3-methylpyrazine,leffingwell,leffingwell_goodscents
156.26,CCCCCCC(CC)C=O,2-ethyloctanal,2-ethyl-octanal,leffingwell,leffingwell_goodscents
126.15,CC1CCCC(=O)C1=O,"3-methylcyclohexane-1,2-dione","3-methylcyclohexane-1,2-dione",leffingwell,leffingwell_goodscents
196.2,CC1=C(C(=O)C=CO1)OC(=O)C(C)C,(2-methyl-4-oxopyran-3-yl) 2-methylpropanoate,maltol isobutyrate,leffingwell,leffingwell_goodscents
152.19,CCOCC1=CC=CC=C1O,2-(ethoxymethyl)phenol,2-(ethoxymethyl)phenol,leffingwell,leffingwell_goodscents
252.39,C1CCCCC=CCCCCC(=O)OCCCC1,1-oxacycloheptadec-7-en-2-one,1-oxacycloheptadec-7-en-2-one,leffingwell,leffingwell_goodscents
200.27,CCCCCCCC(=O)COC(=O)C,2-oxononyl acetate,2-oxononyl acetate,leffingwell,leffingwell_goodscents
138.23,CCC1=CC=CC=C1S,2-ethylbenzenethiol,2-ethylbenzenethiol,leffingwell,leffingwell_goodscents
152.23,CCCC1CC(=CC(=O)C1)C,3-methyl-5-propylcyclohex-2-en-1-one,3720-16-9,leffingwell,leffingwell_goodscents
194.23,CCOC(=O)COC1=CC=C(C=C1)C,ethyl 2-(4-methylphenoxy)acetate,ethyl (4-methylphenoxy)acetate,leffingwell,leffingwell_goodscents
128.17,CCC=C(C)C(=O)OC,methyl 2-methylpent-2-enoate,methyl 2-methyl-2-pentenoate,leffingwell,leffingwell_goodscents
171.31,CC1C(=NC(S1)CC(C)C)C,"4,5-dimethyl-2-(2-methylpropyl)-2,5-dihydro-1,3-thiazole",65894-83-9,leffingwell,leffingwell_goodscents
156.26,CCCCCCCC(C)C=O,2-methylnonanal,2-methylnonanal,leffingwell,leffingwell_goodscents
134.2,CC(=O)OCCSC,2-methylsulfanylethyl acetate,2-(methylthio)ethyl acetate,leffingwell,leffingwell_goodscents
114.1,CC1=C(C(=O)CO1)O,4-hydroxy-5-methylfuran-3-one,19322-27-1,leffingwell,leffingwell_goodscents
166.26,CCCCCC=C1CCCC1=O,2-hexylidenecyclopentan-1-one,2-hexylidenecyclopentan-1-one,leffingwell,leffingwell_goodscents
146.25,CC(=O)CC(C)(C)SC,4-methyl-4-methylsulfanylpentan-2-one,23550-40-5,leffingwell,leffingwell_goodscents
232.27,C1CC(OC1)COC(=O)C=CC2=CC=CC=C2,oxolan-2-ylmethyl 3-phenylprop-2-enoate,oxolan-2-ylmethyl 3-phenylprop-2-enoate,leffingwell,leffingwell_goodscents
210.27,CCCCOCC1=CC(=C(C=C1)O)OC,4-(butoxymethyl)-2-methoxyphenol,vanillyl butyl ether,leffingwell,leffingwell_goodscents
188.22,CCCCOC(=O)CC(=O)OCC,3-O-butyl 1-O-ethyl propanedioate,butyl ethyl malonate,leffingwell,leffingwell_goodscents
190.24,CCCOC(=O)/C=C/C1=CC=CC=C1,propyl (E)-3-phenylprop-2-enoate,propyl cinnamate,leffingwell,leffingwell_goodscents
172.18,CCOC(=O)/C=C\C(=O)OCC,diethyl (Z)-but-2-enedioate,diethyl maleate,leffingwell,leffingwell_goodscents
190.24,CC(C)OC(=O)/C=C/C1=CC=CC=C1,propan-2-yl (E)-3-phenylprop-2-enoate,isopropyl cinnamate,leffingwell,leffingwell_goodscents
204.26,CCCCOC(=O)/C=C/C1=CC=CC=C1,butyl (E)-3-phenylprop-2-enoate,butyl cinnamate,leffingwell,leffingwell_goodscents
218.29,CC(C)CCOC(=O)/C=C/C1=CC=CC=C1,3-methylbutyl (E)-3-phenylprop-2-enoate,isopentyl cinnamate,leffingwell,leffingwell_goodscents
238.28,C1=CC=C(C=C1)COC(=O)/C=C/C2=CC=CC=C2,benzyl (E)-3-phenylprop-2-enoate,benzyl cinnamate,leffingwell,leffingwell_goodscents
168.23,CC(=CCC/C(=C/C(=O)O)/C)C,"(2E)-3,7-dimethylocta-2,6-dienoic acid",geranic acid,leffingwell,leffingwell_goodscents
296.5,C[C@@H](CCC[C@@H](C)CCC/C(=C/CO)/C)CCCC(C)C,"(E,7R,11R)-3,7,11,15-tetramethylhexadec-2-en-1-ol",phytol,leffingwell,leffingwell_goodscents
280.4,CCCCC/C=C\C/C=C\CCCCCCCC(=O)O,"(9Z,12Z)-octadeca-9,12-dienoic acid",linoleic acid,leffingwell,leffingwell_goodscents
224.3,CC1=CC(=O)CC([C@]1(/C=C/[C@@H](C)O)O)(C)C,"(4S)-4-hydroxy-4-[(E,3R)-3-hydroxybut-1-enyl]-3,5,5-trimethylcyclohex-2-en-1-one",vomifoliol,leffingwell,leffingwell_goodscents
134.17,C1=CC=C(C=C1)/C=C\CO,(Z)-3-phenylprop-2-en-1-ol,(z)-3-phenyl-2-propen-1-ol,leffingwell,leffingwell_goodscents
178.18,COC1=C(C=CC(=C1)/C=C/C=O)O,(E)-3-(4-hydroxy-3-methoxyphenyl)prop-2-enal,coniferaldehyde,leffingwell,leffingwell_goodscents
220.35,CC(=CCC/C(=C/CC/C(=C/C=O)/C)/C)C,"(2E,6E)-3,7,11-trimethyldodeca-2,6,10-trienal",farnesal,leffingwell,leffingwell_goodscents
208.21,COC1=CC(=CC(=C1O)OC)/C=C/C=O,"(E)-3-(4-hydroxy-3,5-dimethoxyphenyl)prop-2-enal",sinapaldehyde,leffingwell,leffingwell_goodscents
196.29,CCCCC/C=C\C=C\C(=O)OCC,"ethyl (2E,4Z)-deca-2,4-dienoate",3025-30-7,leffingwell,leffingwell_goodscents
128.17,CCOC(=O)/C(=C/C)/C,ethyl (E)-2-methylbut-2-enoate,ethyl tiglate,leffingwell,leffingwell_goodscents
100.16,CC/C=C\CCO,(Z)-hex-3-en-1-ol,cis-3-hexen-1-ol,leffingwell,leffingwell_goodscents
98.14,CCC/C=C/C=O,(E)-hex-2-enal,trans-2-hexenal,leffingwell,leffingwell_goodscents
204.35,C/C/1=C\CCC(=C)[C@H]2CC([C@@H]2CC1)(C)C,"(1R,4E,9S)-4,11,11-trimethyl-8-methylidenebicyclo[7.2.0]undec-4-ene",beta-caryophyllene,leffingwell,leffingwell_goodscents
204.35,CC(=CCC/C(=C/C/C=C(\C)/C=C)/C)C,"(3E,6E)-3,7,11-trimethyldodeca-1,3,6,10-tetraene",alpha-farnesene,leffingwell,leffingwell_goodscents
204.35,CC(=CCC/C(=C/CCC(=C)C=C)/C)C,"(6E)-7,11-dimethyl-3-methylidenedodeca-1,6,10-triene",trans-beta-farnesene,leffingwell,leffingwell_goodscents
204.35,C/C/1=C\CC(/C=C/C/C(=C/CC1)/C)(C)C,"(1E,4E,8E)-2,6,6,9-tetramethylcycloundeca-1,4,8-triene",humulene,leffingwell,leffingwell_goodscents
206.32,C[C@@H]1CC=C([C@@H](C1(C)C)/C=C/C(=O)C)C,"(E)-4-[(1S,5R)-2,5,6,6-tetramethylcyclohex-2-en-1-yl]but-3-en-2-one",(+)-cis-alpha-irone,leffingwell,leffingwell_goodscents
204.35,C/C/1=C/CCC(=C)[C@H]2CC([C@@H]2CC1)(C)C,"(1R,4Z,9S)-4,11,11-trimethyl-8-methylidenebicyclo[7.2.0]undec-4-ene",isocaryophyllene,leffingwell,leffingwell_goodscents
220.35,C/C(=C/CCC1(C2CC3C1(C3C2)C)C)/CO,"(Z)-5-(2,3-dimethyl-3-tricyclo[2.2.1.02,6]heptanyl)-2-methylpent-2-en-1-ol",a-santalol,leffingwell,leffingwell_goodscents
220.35,C/C(=C/CCC1(C2CCC(C2)C1=C)C)/CO,(Z)-2-methyl-5-(2-methyl-3-methylidene-2-bicyclo[2.2.1]heptanyl)pent-2-en-1-ol,(z)-.beta.-santalol,leffingwell,leffingwell_goodscents
218.33,C/C(=C\C/C=C(\C)/C=C)/CC/C=C(\C)/C=O,"(2E,6E,9E)-2,6,10-trimethyldodeca-2,6,9,11-tetraenal",alpha-sinensal,leffingwell,leffingwell_goodscents
218.33,C/C(=C\CCC(=C)C=C)/CC/C=C(\C)/C=O,"(2E,6E)-2,6-dimethyl-10-methylidenedodeca-2,6,11-trienal",beta-sinensal,leffingwell,leffingwell_goodscents
136.23,CC(=CC/C=C(\C)/C=C)C,"(3E)-3,7-dimethylocta-1,3,6-triene",(e)-beta-ocimene,leffingwell,leffingwell_goodscents
192.3,CC1=CCCC(C1/C=C/C(=O)C)(C)C,"(E)-4-(2,6,6-trimethylcyclohex-2-en-1-yl)but-3-en-2-one",alpha-ionone,leffingwell,leffingwell_goodscents
182.26,CC(=CCC/C(=C/COC=O)/C)C,"[(2E)-3,7-dimethylocta-2,6-dienyl] formate",geranyl formate,leffingwell,leffingwell_goodscents
176.21,CC(=O)OC/C=C/C1=CC=CC=C1,[(E)-3-phenylprop-2-enyl] acetate,cinnamyl acetate,leffingwell,leffingwell_goodscents
308.5,CCCCC/C=C\C/C=C\CCCCCCCC(=O)OCC,"ethyl (9Z,12Z)-octadeca-9,12-dienoate",ethyl linoleate,leffingwell,leffingwell_goodscents
100.12,C/C=C/CC(=O)O,(E)-pent-3-enoic acid,3-pentenoic acid,leffingwell,leffingwell_goodscents
114.14,CCC/C=C/C(=O)O,(E)-hex-2-enoic acid,trans-2-hexenoic acid,leffingwell,leffingwell_goodscents
128.17,CCCC/C=C/C(=O)O,(E)-hept-2-enoic acid,2-heptenoic acid,leffingwell,leffingwell_goodscents
128.17,CCC/C=C/CC(=O)O,(E)-hept-3-enoic acid,3-heptenoic acid,leffingwell,leffingwell_goodscents
128.17,CC/C=C/CCC(=O)O,(E)-hept-4-enoic acid,(e)-hept-4-enoic acid,leffingwell,leffingwell_goodscents
142.2,CCCCC/C=C\C(=O)O,(Z)-oct-2-enoic acid,(z)-oct-2-enoic acid,leffingwell,leffingwell_goodscents
142.2,CCCCC/C=C/C(=O)O,(E)-oct-2-enoic acid,trans-2-octenoic acid,leffingwell,leffingwell_goodscents
142.2,CCCC/C=C/CC(=O)O,(E)-oct-3-enoic acid,3-octenoic acid,leffingwell,leffingwell_goodscents
142.2,CC/C=C\CCCC(=O)O,(Z)-oct-5-enoic acid,cis-5-octenoic acid,leffingwell,leffingwell_goodscents
156.22,CCCCCC/C=C\C(=O)O,(Z)-non-2-enoic acid,cis-2-nonenoic acid,leffingwell,leffingwell_goodscents
156.22,CCCCC/C=C/CC(=O)O,(E)-non-3-enoic acid,3-nonenoic acid,leffingwell,leffingwell_goodscents
170.25,CCCCCC/C=C/CC(=O)O,(E)-dec-3-enoic acid,53678-20-9,leffingwell,leffingwell_goodscents
170.25,CCCCC/C=C/CCC(=O)O,(E)-dec-4-enoic acid,57602-94-5,leffingwell,leffingwell_goodscents
198.3,CCCCCCCCC/C=C/C(=O)O,(E)-dodec-2-enoic acid,dodec-2-enoic acid,leffingwell,leffingwell_goodscents
198.3,CCCCCCC/C=C/CCC(=O)O,(E)-dodec-4-enoic acid,linderic acid,leffingwell,leffingwell_goodscents
212.33,CCCCCCCCCC/C=C/C(=O)O,(E)-tridec-2-enoic acid,2-tridecenoic acid,leffingwell,leffingwell_goodscents
278.4,CC/C=C/C/C=C/C/C=C/CCCCCCCC(=O)O,"(9E,12E,15E)-octadeca-9,12,15-trienoic acid",elaidolinolenic acid,leffingwell,leffingwell_goodscents
112.17,CCCC/C=C/C=O,(E)-hept-2-enal,trans-2-heptenal,leffingwell,leffingwell_goodscents
112.17,CC/C=C/CCC=O,(E)-hept-4-enal,4-heptenal,leffingwell,leffingwell_goodscents
126.2,CCCCC/C=C/C=O,(E)-oct-2-enal,trans-2-octenal,leffingwell,leffingwell_goodscents
126.2,C/C=C/CCCCC=O,(E)-oct-6-enal,6-octenal,leffingwell,leffingwell_goodscents
124.18,CCC/C=C/C=C/C=O,"(2E,4E)-octa-2,4-dienal","(2e,4e)-octa-2,4-dienal",leffingwell,leffingwell_goodscents
140.22,CCCCCC/C=C/C=O,(E)-non-2-enal,trans-2-nonenal,leffingwell,leffingwell_goodscents
140.22,CCCC/C=C/CCC=O,(E)-non-4-enal,trans-4-nonenal,leffingwell,leffingwell_goodscents
140.22,CC/C=C/CCCCC=O,(E)-non-6-enal,6-nonenal,leffingwell,leffingwell_goodscents
138.21,CCCC/C=C/C=C/C=O,"(2E,4E)-nona-2,4-dienal","trans,trans-2,4-nonadienal",leffingwell,leffingwell_goodscents
154.25,CCCCCCC/C=C/C=O,(E)-dec-2-enal,trans-2-decenal,leffingwell,leffingwell_goodscents
154.25,CCC/C=C/CCCCC=O,(E)-dec-6-enal,(e)-6-decenal,leffingwell,leffingwell_goodscents
152.23,CCCCC/C=C/C=C/C=O,"(2E,4E)-deca-2,4-dienal","(2e,4e)-deca-2,4-dienal",leffingwell,leffingwell_goodscents
168.28,CCCCCCCC/C=C/C=O,(E)-undec-2-enal,trans-2-undecenal,leffingwell,leffingwell_goodscents
166.26,CCCCC/C=C/C/C=C/C=O,"(2E,5E)-undeca-2,5-dienal","2,5-undecadienal",leffingwell,leffingwell_goodscents
182.3,CCCCCCCCC/C=C/C=O,(E)-dodec-2-enal,trans-2-dodecenal,leffingwell,leffingwell_goodscents
196.33,CCCCCCCCCC/C=C/C=O,(E)-tridec-2-enal,2-tridecenal,leffingwell,leffingwell_goodscents
210.36,CCCCCCCCCCC/C=C/C=O,(E)-tetradec-2-enal,2-tetradecenal,leffingwell,leffingwell_goodscents
266.5,CCCCCCCC/C=C/CCCCCCCC=O,(E)-octadec-9-enal,9-octadecenal,leffingwell,leffingwell_goodscents
356.5,CCCCCCCC/C=C\CCCCCCCC(=O)OCC(CO)O,"2,3-dihydroxypropyl (Z)-octadec-9-enoate",monoolein,leffingwell,leffingwell_goodscents
253.29,C1=CC=C(C=C1)/C=C/COC(=O)C2=CC=CC=C2N,[(E)-3-phenylprop-2-enyl] 2-aminobenzoate,cinnamyl anthranilate,leffingwell,leffingwell_goodscents
294.5,CCCCC/C=C\C/C=C\CCCCCCCC(=O)OC,"methyl (9Z,12Z)-octadeca-9,12-dienoate",methyl linoleate,leffingwell,leffingwell_goodscents
268.5,CCCCCCCC/C=C\CCCCCCCCO,(Z)-octadec-9-en-1-ol,oleyl alcohol,leffingwell,leffingwell_goodscents
100.16,CC/C=C/CCO,(E)-hex-3-en-1-ol,trans-3-hexen-1-ol,leffingwell,leffingwell_goodscents
222.37,CC(=CCC/C(=C/CCC(C)(C=C)O)/C)C,"(6E)-3,7,11-trimethyldodeca-1,6,10-trien-3-ol",nerolidol,leffingwell,leffingwell_goodscents
304.5,CCCCC/C=C/C/C=C/C/C=C/C/C=C/CCCC(=O)O,"(5E,8E,11E,14E)-icosa-5,8,11,14-tetraenoic acid","5,8,11,14-eicosatetraenoic acid",leffingwell,leffingwell_goodscents
156.22,CCCCCC/C=C/C(=O)O,(E)-non-2-enoic acid,2-nonenoic acid,leffingwell,leffingwell_goodscents
214.3,CCCCCCCCCCC(=O)C(=O)O,2-oxododecanoic acid,2-oxododecanoic acid,leffingwell,leffingwell_goodscents
204.35,CC1=CCC(CC1)/C(=C/CC=C(C)C)/C,"1-methyl-4-[(2E)-6-methylhepta-2,5-dien-2-yl]cyclohexene",(e)-alpha-bisabolene,leffingwell,leffingwell_goodscents
250.4,C1CCC/C=C\CCCCCCCC(=O)CCC1,(9Z)-cycloheptadec-9-en-1-one,civetone,leffingwell,leffingwell_goodscents
140.22,CCCCC/C=C/C(=O)C,(E)-non-3-en-2-one,3-nonen-2-one,leffingwell,leffingwell_goodscents
196.29,CCOC(=O)/C=C(\C)/CCC=C(C)C,"ethyl (2E)-3,7-dimethylocta-2,6-dienoate",ethyl geranate,leffingwell,leffingwell_goodscents
114.19,CCCC/C=C/CO,(E)-hept-2-en-1-ol,trans-2-hepten-1-ol,leffingwell,leffingwell_goodscents
114.19,CCC/C=C/CCO,(E)-hept-3-en-1-ol,3-hepten-1-ol,leffingwell,leffingwell_goodscents
100.16,CCC/C=C/CO,(E)-hex-2-en-1-ol,trans-2-hexen-1-ol,leffingwell,leffingwell_goodscents
223.35,CCCCC/C=C/C=C/C(=O)NCC(C)C,"(2E,4E)-N-(2-methylpropyl)deca-2,4-dienamide",pellitorine,leffingwell,leffingwell_goodscents
128.21,CCCCC/C=C/CO,(E)-oct-2-en-1-ol,trans-2-octen-1-ol,leffingwell,leffingwell_goodscents
154.25,CC(C)[C@H]1CC[C@](C=C1)(C)O,"(1S,4R)-1-methyl-4-propan-2-ylcyclohex-2-en-1-ol",cis-p-menth-2-en-1-ol,leffingwell,leffingwell_goodscents
194.31,CC(C)C(CCC(=O)C)/C=C/C(=C)C,"(6E)-8-methyl-5-propan-2-ylnona-6,8-dien-2-one","(e)-5-isopropyl-8-methylnona-6,8-dien-2-one",leffingwell,leffingwell_goodscents
292.5,CC/C=C\C/C=C\C/C=C\CCCCCCCC(=O)OC,"methyl (9Z,12Z,15Z)-octadeca-9,12,15-trienoate",methyl linolenate,leffingwell,leffingwell_goodscents
98.14,CC/C=C(\C)/C=O,(E)-2-methylpent-2-enal,2-methyl-2-pentenal,leffingwell,leffingwell_goodscents
154.3,CCCSSSC,1-(methyltrisulfanyl)propane,methyl propyl trisulfide,leffingwell,leffingwell_goodscents
236.35,CC(C)CC(=O)OCC1=CCC2CC1C2(C)C,"(6,6-dimethyl-2-bicyclo[3.1.1]hept-2-enyl)methyl 3-methylbutanoate",myrtenyl isovalerate,leffingwell,leffingwell_goodscents
136.23,CC(=CC/C=C(/C)\C=C)C,"(3Z)-3,7-dimethylocta-1,3,6-triene",(z)-beta-ocimene,leffingwell,leffingwell_goodscents
148.3,CCCSS/C=C/C,1-[[(E)-prop-1-enyl]disulfanyl]propane,trans-propenyl propyl disulfide,leffingwell,leffingwell_goodscents
208.3,CC1CCC2(O1)C(=CC(=O)CC2(C)C)C,"2,6,6,10-tetramethyl-1-oxaspiro[4.5]dec-9-en-8-one",theaspirone a,leffingwell,leffingwell_goodscents
84.12,C/C=C(\C)/C=O,(E)-2-methylbut-2-enal,tiglic aldehyde,leffingwell,leffingwell_goodscents
126.15,C/C=C/C=C/C(=O)OC,"methyl (2E,4E)-hexa-2,4-dienoate",methyl sorbate,leffingwell,leffingwell_goodscents
100.16,CCC/C=C\CO,(Z)-hex-2-en-1-ol,cis-2-hexen-1-ol,leffingwell,leffingwell_goodscents
84.16,C/C=C\C(C)C,(Z)-4-methylpent-2-ene,cis-4-methyl-2-pentene,leffingwell,leffingwell_goodscents
210.31,CC1COC(O1)/C=C(\C)/CCC=C(C)C,"2-[(1E)-2,6-dimethylhepta-1,5-dienyl]-4-methyl-1,3-dioxolane",citral propylene glycol acetal,leffingwell,leffingwell_goodscents
224.34,CCCC(=O)OC/C=C(/C)\CCC=C(C)C,"[(2Z)-3,7-dimethylocta-2,6-dienyl] butanoate",neryl butyrate,leffingwell,leffingwell_goodscents
226.35,CCCCCCCC(=O)OCC/C=C\CC,[(Z)-hex-3-enyl] octanoate,cis-3-hexenyl caprylate,leffingwell,leffingwell_goodscents
184.27,CCCCC/C=C\CCC(=O)OC,methyl (Z)-dec-4-enoate,methyl (z)-4-decenoate,leffingwell,leffingwell_goodscents
196.29,CCCCC/C=C\CC1CCC(=O)O1,5-[(Z)-oct-2-enyl]oxolan-2-one,18679-18-0,leffingwell,leffingwell_goodscents
198.3,CC(=CCC/C(=C/C(OC)OC)/C)C,"(2E)-1,1-dimethoxy-3,7-dimethylocta-2,6-diene",citral dimethyl acetal,leffingwell,leffingwell_goodscents
170.25,CCCC(=O)OCC/C=C\CC,[(Z)-hex-3-enyl] butanoate,cis-3-hexenyl butyrate,leffingwell,leffingwell_goodscents
156.22,CCCCOC(=O)/C(=C/C)/C,butyl (E)-2-methylbut-2-enoate,butyl tiglate,leffingwell,leffingwell_goodscents
184.27,CCC/C=C/COC(=O)C(C)CC,[(E)-hex-2-enyl] 2-methylbutanoate,trans-2-hexenyl 2-methylbutyrate,leffingwell,leffingwell_goodscents
184.27,CCC/C=C/COC(=O)CC(C)C,[(E)-hex-2-enyl] 3-methylbutanoate,trans-2-hexenyl isovalerate,leffingwell,leffingwell_goodscents
170.25,CCC/C=C/COC(=O)CCC,[(E)-hex-2-enyl] butanoate,trans-2-hexenyl butyrate,leffingwell,leffingwell_goodscents
156.22,CCC/C=C/COC(=O)CC,[(E)-hex-2-enyl] propanoate,53398-80-4,leffingwell,leffingwell_goodscents
208.3,CC(=O)/C=C/C12C(CCCC1(O2)C)(C)C,"(E)-4-(2,2,6-trimethyl-7-oxabicyclo[4.1.0]heptan-1-yl)but-3-en-2-one",beta-ionone epoxide,leffingwell,leffingwell_goodscents
170.25,CC/C=C\CCOC(=O)C(C)C,[(Z)-hex-3-enyl] 2-methylpropanoate,cis-3-hexenyl isobutyrate,leffingwell,leffingwell_goodscents
198.3,CCCCCC(=O)OCC/C=C\CC,[(Z)-hex-3-enyl] hexanoate,cis-3-hexenyl hexanoate,leffingwell,leffingwell_goodscents
142.2,CC/C=C/CCOC(=O)C,[(E)-hex-3-enyl] acetate,trans-3-hexenyl acetate,leffingwell,leffingwell_goodscents
182.3,CCCCC/C=C(\CCCC)/C=O,(E)-2-butyloct-2-enal,(e)-2-butyl-2-octenal,leffingwell,leffingwell_goodscents
170.25,CCC/C=C\CCC(=O)OCC,ethyl (Z)-oct-4-enoate,ethyl cis-4-octenoate,leffingwell,leffingwell_goodscents
168.23,CCOC(=O)CC/C=C/CC=C,"ethyl (4E)-octa-4,7-dienoate","ethyl 4,7-octadienoate",leffingwell,leffingwell_goodscents
170.25,CCC/C=C/CCC(=O)OCC,ethyl (E)-oct-4-enoate,ethyl trans-4-octenoate,leffingwell,leffingwell_goodscents
142.24,CCCCC/C=C/CCO,(E)-non-3-en-1-ol,(e)-3-nonen-1-ol,leffingwell,leffingwell_goodscents
156.22,CC/C=C/CC(C)OC(=O)C,[(E)-hept-4-en-2-yl] acetate,"4-hepten-2-ol, (e)-, acetate",leffingwell,leffingwell_goodscents
198.3,CCCCC/C=C\CCCOC(=O)C,[(Z)-dec-4-enyl] acetate,cis-4-decenyl acetate,leffingwell,leffingwell_goodscents
142.2,C/C=C\CCCOC(=O)C,[(Z)-hex-4-enyl] acetate,(4z)-4-hexenyl acetate,leffingwell,leffingwell_goodscents
128.21,CCC/C=C\CCCO,(Z)-oct-4-en-1-ol,(z)-4-octen-1-ol,leffingwell,leffingwell_goodscents
128.21,CC/C=C\CCCCO,(Z)-oct-5-en-1-ol,cis-5-octen-1-ol,leffingwell,leffingwell_goodscents
184.32,CCCCCCCCC/C=C/CO,(E)-dodec-2-en-1-ol,trans-2-dodecen-1-ol,leffingwell,leffingwell_goodscents
188.22,CCC/C=C/1\C2=CC=CC=C2C(=O)O1,(3E)-3-butylidene-2-benzofuran-1-one,3-butylidenephthalide,leffingwell,leffingwell_goodscents
128.17,CCC/C=C/COC=O,[(E)-hex-2-enyl] formate,trans-2-hexenyl formate,leffingwell,leffingwell_goodscents
198.3,CCCCCC(=O)OC/C=C/CCC,[(E)-hex-2-enyl] hexanoate,trans-2-hexenyl hexanoate,leffingwell,leffingwell_goodscents
184.27,CCCCC(=O)OC/C=C/CCC,[(E)-hex-2-enyl] pentanoate,trans-2-hexenyl valerate,leffingwell,leffingwell_goodscents
198.3,CCCCCC(=O)OCC/C=C/CC,[(E)-hex-3-enyl] hexanoate,hex-3-enyl hexanoate,leffingwell,leffingwell_goodscents
184.27,CCCCC(=O)OCC/C=C/CC,[(E)-hex-3-enyl] pentanoate,(e)-hex-3-enyl valerate,leffingwell,leffingwell_goodscents
258.35,CC(=CCC/C(=C/COC(=O)C1=CC=CC=C1)/C)C,"[(2E)-3,7-dimethylocta-2,6-dienyl] benzoate",geranyl benzoate,leffingwell,leffingwell_goodscents
192.21,CC(=O)/C=C/C1=CC(=C(C=C1)O)OC,(E)-4-(4-hydroxy-3-methoxyphenyl)but-3-en-2-one,dehydrozingerone,leffingwell,leffingwell_goodscents
126.2,CCC/C=C(\CC)/C=O,(E)-2-ethylhex-2-enal,2-ethyl-2-hexenal,leffingwell,leffingwell_goodscents
178.23,CCOC1=C(C=C(C=C1)/C=C/C)O,2-ethoxy-5-[(E)-prop-1-enyl]phenol,vanitrope,leffingwell,leffingwell_goodscents
190.24,C/C=C/C(=O)OCCC1=CC=CC=C1,2-phenylethyl (E)-but-2-enoate,phenethyl crotonate,leffingwell,leffingwell_goodscents
338.6,CCCCCCCC/C=C\CCCCCCCC(=O)OCCCC,butyl (Z)-octadec-9-enoate,butyl oleate,leffingwell,leffingwell_goodscents
128.17,C/C=C/C(=O)OC(C)C,propan-2-yl (E)-but-2-enoate,isopropyl crotonate,leffingwell,leffingwell_goodscents
126.15,C/C=C/C(=O)OCC=C,prop-2-enyl (E)-but-2-enoate,allyl crotonate,leffingwell,leffingwell_goodscents
140.22,CCCCCC/C=C\C=O,(Z)-non-2-enal,(z)-non-2-enal,leffingwell,leffingwell_goodscents
154.25,CCCCCCC/C=C\C=O,(Z)-dec-2-enal,(z)-2-decenal,leffingwell,leffingwell_goodscents
162.18,C1=CC=C(C=C1)/C=C/COC=O,[(E)-3-phenylprop-2-enyl] formate,cinnamyl formate,leffingwell,leffingwell_goodscents
146.19,C/C(=C/C1=CC=CC=C1)/C=O,(Z)-2-methyl-3-phenylprop-2-enal,alpha-methyl cinnamaldehyde,leffingwell,leffingwell_goodscents
176.21,C/C(=C/C1=CC=C(C=C1)OC)/C=O,(Z)-3-(4-methoxyphenyl)-2-methylprop-2-enal,(z)-3-(4-methoxyphenyl)-2-methylacrylaldehyde,leffingwell,leffingwell_goodscents
182.3,CCCCCCCCC/C=C\C=O,(Z)-dodec-2-enal,(z)-2-dodecenal,leffingwell,leffingwell_goodscents
98.14,CC(C)/C=C\C=O,(Z)-4-methylpent-2-enal,4-methyl-2-pentene-1-al,leffingwell,leffingwell_goodscents
114.14,CC/C=C\CC(=O)O,(Z)-hex-3-enoic acid,cis-3-hexenoic acid,leffingwell,leffingwell_goodscents
204.26,CCCC(=O)OC/C=C/C1=CC=CC=C1,[(E)-3-phenylprop-2-enyl] butanoate,cinnamyl butyrate,leffingwell,leffingwell_goodscents
252.39,C1CCC/C=C\CCCCCCOC(=O)CCC1,(10Z)-1-oxacycloheptadec-10-en-2-one,isoambrettolide,leffingwell,leffingwell_goodscents
154.21,CCCOC(=O)/C=C/C=C\C,"propyl (2E,4Z)-hexa-2,4-dienoate","propyl (2e,4z)-hexa-2,4-dienoate",leffingwell,leffingwell_goodscents
152.15,COC(=O)/C=C/C1=CC=CO1,methyl (E)-3-(furan-2-yl)prop-2-enoate,methyl furfuracrylate,leffingwell,leffingwell_goodscents
190.24,CCC(=O)OC/C=C/C1=CC=CC=C1,[(E)-3-phenylprop-2-enyl] propanoate,cinnamyl propionate,leffingwell,leffingwell_goodscents
204.26,CC(C)C(=O)OC/C=C/C1=CC=CC=C1,[(E)-3-phenylprop-2-enyl] 2-methylpropanoate,cinnamyl isobutyrate,leffingwell,leffingwell_goodscents
210.31,CCC(=O)OC/C=C(\C)/CCC=C(C)C,"[(2E)-3,7-dimethylocta-2,6-dienyl] propanoate",geranyl propionate,leffingwell,leffingwell_goodscents
218.29,CCCCCOC(=O)/C=C/C1=CC=CC=C1,pentyl (E)-3-phenylprop-2-enoate,pentyl cinnamate,leffingwell,leffingwell_goodscents
218.29,CC(C)CC(=O)OC/C=C/C1=CC=CC=C1,[(E)-3-phenylprop-2-enyl] 3-methylbutanoate,cinnamyl isovalerate,leffingwell,leffingwell_goodscents
224.34,CCCC(=O)OC/C=C(\C)/CCC=C(C)C,"[(2E)-3,7-dimethylocta-2,6-dienyl] butanoate",geranyl butyrate,leffingwell,leffingwell_goodscents
284.4,CC(=CCCC(C)(C=C)OC(=O)/C=C/C1=CC=CC=C1)C,"3,7-dimethylocta-1,6-dien-3-yl (E)-3-phenylprop-2-enoate",linalyl cinnamate,leffingwell,leffingwell_goodscents
160.21,C/C(=C/C1=CC=CC=C1)/C(=O)C,(Z)-3-methyl-4-phenylbut-3-en-2-one,"3-buten-2-one, 3-methyl-4-phenyl-",leffingwell,leffingwell_goodscents
206.28,CCOC(/C=C/C1=CC=CC=C1)OCC,"[(E)-3,3-diethoxyprop-1-enyl]benzene",7148-78-9,leffingwell,leffingwell_goodscents
156.22,CCCCCOC(=O)/C=C\C,pentyl (Z)-but-2-enoate,nsc53944,leffingwell,leffingwell_goodscents
176.21,C/C=C/C(=O)OCC1=CC=CC=C1,benzyl (E)-but-2-enoate,71338-71-1,leffingwell,leffingwell_goodscents
232.32,CCCCCC(=O)OC/C=C/C1=CC=CC=C1,[(E)-3-phenylprop-2-enyl] hexanoate,cinnamyl caproate,leffingwell,leffingwell_goodscents
114.14,C/C=C(/C)\C(=O)OC,methyl (Z)-2-methylbut-2-enoate,angelic acid methyl ester,leffingwell,leffingwell_goodscents
222.37,CC(=CCC/C(=C\CC[C@@](C)(C=C)O)/C)C,"(3S,6Z)-3,7,11-trimethyldodeca-1,6,10-trien-3-ol",d-nerolidol,leffingwell,leffingwell_goodscents
84.12,C/C=C\C(=O)C,(Z)-pent-3-en-2-one,(z)-pent-3-en-2-one,leffingwell,leffingwell_goodscents
170.25,CCCCCCC/C=C\C(=O)O,(Z)-dec-2-enoic acid,(z)-2-decenoic acid,leffingwell,leffingwell_goodscents
82.1,C=C/C=C\C=O,"(2Z)-penta-2,4-dienal","cis-2,4-pentadienal",leffingwell,leffingwell_goodscents
206.32,CC1=CCCC(C1/C=C(/C)\C(=O)C)(C)C,"(Z)-3-methyl-4-(2,6,6-trimethylcyclohex-2-en-1-yl)but-3-en-2-one","(z)-3-methyl-4-(2,6,6-trimethylcyclohex-2-en-1-yl)but-3-en-2-one",leffingwell,leffingwell_goodscents
206.32,CC1=C(C(CCC1)(C)C)/C=C(/C)\C(=O)C,"(Z)-3-methyl-4-(2,6,6-trimethylcyclohexen-1-yl)but-3-en-2-one","isomethyl-beta-ionone, (z)-",leffingwell,leffingwell_goodscents
112.21,CCCCC/C=C\C,(Z)-oct-2-ene,cis-2-octene,leffingwell,leffingwell_goodscents
198.3,CCCCCCCCOC(=O)/C=C\C,octyl (Z)-but-2-enoate,"crotonic acid, octyl ester",leffingwell,leffingwell_goodscents
170.25,CCCCCCOC(=O)/C=C\C,hexyl (Z)-but-2-enoate,hexyl crotonate,leffingwell,leffingwell_goodscents
218.25,CCOC(=O)/C(=C\C1=CC=CC=C1)/C(=O)C,ethyl (2Z)-2-benzylidene-3-oxobutanoate,(z)-ethyl 2-benzylidene-3-oxobutanoate,leffingwell,leffingwell_goodscents
204.26,C/C=C(\C)/C(=O)OCCC1=CC=CC=C1,2-phenylethyl (E)-2-methylbut-2-enoate,phenethyl tiglate,leffingwell,leffingwell_goodscents
230.3,C1CCC(CC1)OC(=O)/C=C/C2=CC=CC=C2,cyclohexyl (E)-3-phenylprop-2-enoate,cyclohexyl cinnamate,leffingwell,leffingwell_goodscents
292.5,CC(C)C(=O)OC(C)(CC/C=C(/C)\CCC=C(C)C)C=C,"[(6Z)-3,7,11-trimethyldodeca-1,6,10-trien-3-yl] 2-methylpropanoate",2639-68-1,leffingwell,leffingwell_goodscents
112.21,CCC/C=C/CCC,(E)-oct-4-ene,trans-4-octene,leffingwell,leffingwell_goodscents
170.25,CCCCCC/C=C\C(=O)OC,methyl (Z)-non-2-enoate,methyl (z)-2-nonenoate,leffingwell,leffingwell_goodscents
128.21,CCCC/C=C/C(C)O,(E)-oct-3-en-2-ol,3-octen-2-ol,leffingwell,leffingwell_goodscents
156.22,CCCC/C=C/C(=O)OCC,ethyl (E)-hept-2-enoate,ethyl (e)-hept-2-enoate,leffingwell,leffingwell_goodscents
98.14,CCC(=O)/C=C\C,(Z)-hex-4-en-3-one,"4-hexen-3-one, (4z)-",leffingwell,leffingwell_goodscents
144.21,CCCCC(CO)C(=O)C,3-(hydroxymethyl)heptan-2-one,3-(hydroxymethyl)heptan-2-one,leffingwell,leffingwell_goodscents
139.22,CC1=C(SC(=N1)C)C=C,"5-ethenyl-2,4-dimethyl-1,3-thiazole","2,4-dimethyl-5-vinylthiazole",leffingwell,leffingwell_goodscents
171.31,CCC(C)C1N=C(C(S1)C)C,"2-butan-2-yl-4,5-dimethyl-2,5-dihydro-1,3-thiazole",65894-82-8,leffingwell,leffingwell_goodscents
128.17,CC(C)/C=C(\C)/C(=O)O,"(E)-2,4-dimethylpent-2-enoic acid","(2e)-2,4-dimethyl-2-pentenoic acid",leffingwell,leffingwell_goodscents
136.15,CC1=NC=CC(=N1)C(=O)C,1-(2-methylpyrimidin-4-yl)ethanone,67860-38-2,leffingwell,leffingwell_goodscents
252.39,CCC(CC)C(=O)OC/C=C(\C)/CCC=C(C)C,"[(2E)-3,7-dimethylocta-2,6-dienyl] 2-ethylbutanoate","(2e)-3,7-dimethylocta-2,6-dienyl 2-ethylbutyrate",leffingwell,leffingwell_goodscents
140.22,CCCCC/C=C(\C)/C=O,(E)-2-methyloct-2-enal,2-methyl-2-octenal,leffingwell,leffingwell_goodscents
220.26,CCOC(=O)C1C(O1)(C)C2=CC=C(C=C2)C,ethyl 3-methyl-3-(4-methylphenyl)oxirane-2-carboxylate,ethyl methyl-p-tolylglycidate,leffingwell,leffingwell_goodscents
198.3,CCCCC/C=C/CCC(=O)OCC,ethyl (E)-dec-4-enoate,ethyl trans-4-decenoate,leffingwell,leffingwell_goodscents
143.25,CCC1N=C(C(S1)C)C,"2-ethyl-4,5-dimethyl-2,5-dihydro-1,3-thiazole",76788-46-0,leffingwell,leffingwell_goodscents
126.2,CCC(C)C(=O)/C=C/C,(E)-5-methylhept-2-en-4-one,5-methyl-2-hepten-4-one,leffingwell,leffingwell_goodscents
198.3,CCCCC/C=C/COC(=O)CCC,[(E)-oct-2-enyl] butanoate,84642-60-4,leffingwell,leffingwell_goodscents
210.31,CCCCC/C=C/C=C/C(=O)OCCC,"propyl (2E,4E)-deca-2,4-dienoate","propyl 2,4-decadienoate",leffingwell,leffingwell_goodscents
142.2,CC/C=C/CC(=O)OCC,ethyl (E)-hex-3-enoate,ethyl 3-hexenoate,leffingwell,leffingwell_goodscents
142.2,CC/C=C\CC(=O)OCC,ethyl (Z)-hex-3-enoate,ethyl (z)-hex-3-enoate,leffingwell,leffingwell_goodscents
154.25,CC(C)C/C=C(/C=O)\C(C)C,(E)-5-methyl-2-propan-2-ylhex-2-enal,2-isopropyl-5-methyl-2-hexenal,leffingwell,leffingwell_goodscents
154.25,CC/C=C\CCCCCC=O,(Z)-dec-7-enal,cis-7-decen-1-al,leffingwell,leffingwell_goodscents
154.25,CCCCC/C=C/C=C/CO,"(2E,4E)-deca-2,4-dien-1-ol","2,4-decadien-1-ol",leffingwell,leffingwell_goodscents
140.22,CC/C=C\CCCCC=O,(Z)-non-6-enal,cis-6-nonenal,leffingwell,leffingwell_goodscents
128.17,CC/C=C/CC(=O)OC,methyl (E)-hex-3-enoate,methyl hex-3-enoate,leffingwell,leffingwell_goodscents
142.24,CC/C=C\CCCCCO,(Z)-non-6-en-1-ol,cis-6-nonen-1-ol,leffingwell,leffingwell_goodscents
112.17,CC/C=C\CCC=O,(Z)-hept-4-enal,cis-4-heptenal,leffingwell,leffingwell_goodscents
156.22,CC/C=C/CCC(=O)OCC,ethyl (E)-hept-4-enoate,ethyl (e)-hept-4-enoate,leffingwell,leffingwell_goodscents
238.37,CC(C)CC(=O)OC/C=C(\C)/CCC=C(C)C,"[(2E)-3,7-dimethylocta-2,6-dienyl] 3-methylbutanoate",geranyl isovalerate,leffingwell,leffingwell_goodscents
140.22,CC/C=C\CC/C=C/CO,"(2E,6Z)-nona-2,6-dien-1-ol",28069-72-9,leffingwell,leffingwell_goodscents
152.23,CC(=C)C(C/C=C(\C)/C=C)O,"(5E)-2,6-dimethylocta-1,5,7-trien-3-ol","2,6-dimethylocta-1,5,7-trien-3-ol",leffingwell,leffingwell_goodscents
154.25,CC(=CC/C=C(/C)\CCO)C,"(3Z)-3,7-dimethylocta-3,6-dien-1-ol",isogeraniol,leffingwell,leffingwell_goodscents
98.14,CC/C(=C\C)/C=O,(E)-2-ethylbut-2-enal,2-ethylcrotonaldehyde,leffingwell,leffingwell_goodscents
182.26,CC/C=C\CC/C=C/COC(=O)C,"[(2E,6Z)-nona-2,6-dienyl] acetate",68555-65-7,leffingwell,leffingwell_goodscents
112.17,CC(C)/C=C/C(=O)C,(E)-5-methylhex-3-en-2-one,5-methyl-3-hexen-2-one,leffingwell,leffingwell_goodscents
156.22,CCCC/C=C/COC(=O)C,[(E)-hept-2-enyl] acetate,16939-73-4,leffingwell,leffingwell_goodscents
156.22,CCC/C=C/CCOC(=O)C,[(E)-hept-3-enyl] acetate,(e)-hept-3-enyl acetate,leffingwell,leffingwell_goodscents
198.3,CCCCCCC/C=C/COC(=O)C,[(E)-dec-2-enyl] acetate,2497-23-6,leffingwell,leffingwell_goodscents
126.2,CCCC/C=C/C(=O)C,(E)-oct-3-en-2-one,3-octen-2-one,leffingwell,leffingwell_goodscents
366.6,CCCCCCCC/C=C\CCCCCCCC(=O)OCCCCCC,hexyl (Z)-octadec-9-enoate,hexyl oleate,leffingwell,leffingwell_goodscents
140.22,CC(C)CC/C=C/C(=O)C,(E)-7-methyloct-3-en-2-one,7-methyl-3-octen-2-one,leffingwell,leffingwell_goodscents
154.25,CCCCCC/C=C/C(=O)C,(E)-dec-3-en-2-one,3-decen-2-one,leffingwell,leffingwell_goodscents
310.5,CCCCCCCC/C=C\CCCCCCCCOC(=O)C,[(Z)-octadec-9-enyl] acetate,oleyl acetate,leffingwell,leffingwell_goodscents
170.21,CC/C=C\CCOC(=O)C(=O)C,[(Z)-hex-3-enyl] 2-oxopropanoate,cis-3-hexenyl pyruvate,leffingwell,leffingwell_goodscents
142.2,CCC/C=C\COC(=O)C,[(Z)-hex-2-enyl] acetate,(z)-hex-2-enyl acetate,leffingwell,leffingwell_goodscents
142.2,CC/C=C\CCOC(=O)C,[(Z)-hex-3-enyl] acetate,cis-3-hexenyl acetate,leffingwell,leffingwell_goodscents
140.18,C/C=C/C=C/COC(=O)C,"[(2E,4E)-hexa-2,4-dienyl] acetate",sorbyl acetate,leffingwell,leffingwell_goodscents
154.25,C/C=C(\C)/C1CCC(O1)(C)C,"5-[(E)-but-2-en-2-yl]-2,2-dimethyloxolane",ocimene quintoxide,leffingwell,leffingwell_goodscents
140.22,CCC/C=C/CCC(=O)C,(E)-non-5-en-2-one,(5e)-5-nonen-2-one,leffingwell,leffingwell_goodscents
192.3,CC(=O)/C=C/C1C(=C)CCCC1(C)C,"(E)-4-(2,2-dimethyl-6-methylidenecyclohexyl)but-3-en-2-one",gamma-ionone,leffingwell,leffingwell_goodscents
194.31,CC1=CCCC(C1/C=C/C(C)O)(C)C,"(E)-4-(2,6,6-trimethylcyclohex-2-en-1-yl)but-3-en-2-ol",alpha-ionol,leffingwell,leffingwell_goodscents
172.22,CC/C=C\CCOC(=O)C(C)O,[(Z)-hex-3-enyl] 2-hydroxypropanoate,cis-3-hexenyl lactate,leffingwell,leffingwell_goodscents
172.26,CC/C=C\CC(OCC)OCC,"(Z)-1,1-diethoxyhex-3-ene",cis-3-hexenal diethyl acetal,leffingwell,leffingwell_goodscents
184.27,CCCCCC/C=C/C(=O)OCC,ethyl (E)-non-2-enoate,ethyl non-2-enoate,leffingwell,leffingwell_goodscents
170.25,CCCC/C=C/CC(=O)OCC,ethyl (E)-oct-3-enoate,ethyl (e)-oct-3-enoate,leffingwell,leffingwell_goodscents
170.25,CCCCC/C=C/C(=O)OCC,ethyl (E)-oct-2-enoate,ethyl trans-2-octenoate,leffingwell,leffingwell_goodscents
128.17,CCC/C=C/C(=O)OC,methyl (E)-hex-2-enoate,methyl 2-hexenoate,leffingwell,leffingwell_goodscents
310.5,CCCCCCCC/C=C/CCCCCCCC(=O)OCC,ethyl (E)-octadec-9-enoate,6114-18-7,leffingwell,leffingwell_goodscents
154.29,CCCCCCCC/C=C/C,(E)-undec-2-ene,"2-undecene, (e)-",leffingwell,leffingwell_goodscents
128.21,CCCC/C=C/CCO,(E)-oct-3-en-1-ol,oct-3-en-1-ol,leffingwell,leffingwell_goodscents
114.19,CCC/C=C\CCO,(Z)-hept-3-en-1-ol,cis-3-hepten-1-ol,leffingwell,leffingwell_goodscents
166.26,CC/C(=C/CC/C(=C/C=O)/C)/C,"(2E,6E)-3,7-dimethylnona-2,6-dienal",ethyl citral,leffingwell,leffingwell_goodscents
156.22,CCCCC/C=C/C(=O)OC,methyl (E)-oct-2-enoate,methyl trans-2-octenoate,leffingwell,leffingwell_goodscents
112.17,CCC/C=C/C(=O)C,(E)-hept-3-en-2-one,3-hepten-2-one,leffingwell,leffingwell_goodscents
140.22,CCCC/C=C/C=C/CO,"(2E,4E)-nona-2,4-dien-1-ol","2,4-nonadien-1-ol",leffingwell,leffingwell_goodscents
142.24,CCCCC/C=C\CCO,(Z)-non-3-en-1-ol,cis-3-nonen-1-ol,leffingwell,leffingwell_goodscents
140.18,C/C=C(\C)/C(=O)OCC=C,prop-2-enyl (E)-2-methylbut-2-enoate,allyl tiglate,leffingwell,leffingwell_goodscents
84.12,CC/C=C/C=O,(E)-pent-2-enal,trans-2-pentenal,leffingwell,leffingwell_goodscents
282.5,CCCCCC/C=C/CCCCCCCC(=O)OCC,ethyl (E)-hexadec-9-enoate,ethyl 9-hexadecenoate,leffingwell,leffingwell_goodscents
142.2,CCC/C=C/C(=O)OCC,ethyl (E)-hex-2-enoate,27829-72-7,leffingwell,leffingwell_goodscents
156.22,CCCCOC(=O)/C(=C\C)/C,butyl (Z)-2-methylbut-2-enoate,butyl angelate,leffingwell,leffingwell_goodscents
86.13,CC/C=C\CO,(Z)-pent-2-en-1-ol,cis-2-penten-1-ol,leffingwell,leffingwell_goodscents
86.13,CC/C=C/CO,(E)-pent-2-en-1-ol,trans-2-penten-1-ol,leffingwell,leffingwell_goodscents
142.24,CCCCCC/C=C/CO,(E)-non-2-en-1-ol,trans-2-nonen-1-ol,leffingwell,leffingwell_goodscents
198.34,CCCCCCCCCC/C=C/CO,(E)-tridec-2-en-1-ol,trans-2-tridecen-1-ol,leffingwell,leffingwell_goodscents
128.21,CCCCC/C=C\CO,(Z)-oct-2-en-1-ol,(z)-2-octen-1-ol,leffingwell,leffingwell_goodscents
170.29,CCCCCCCC/C=C/CO,(E)-undec-2-en-1-ol,trans-2-undecen-1-ol,leffingwell,leffingwell_goodscents
142.24,CCCCCC/C=C\CO,(Z)-non-2-en-1-ol,cis-2-nonen-1-ol,leffingwell,leffingwell_goodscents
156.22,CC/C=C\CCOC(=O)CC,[(Z)-hex-3-enyl] propanoate,cis-3-hexenyl propionate,leffingwell,leffingwell_goodscents
184.27,CC/C=C\CCOC(=O)C(C)CC,[(Z)-hex-3-enyl] 2-methylbutanoate,cis-3-hexenyl 2-methylbutanoate,leffingwell,leffingwell_goodscents
226.35,CCCCCCCC(=O)OC/C=C/CCC,[(E)-hex-2-enyl] octanoate,(e)-2-hexenyl octanoate,leffingwell,leffingwell_goodscents
172.26,CCC/C=C/C(OCC)OCC,"(E)-1,1-diethoxyhex-2-ene",67746-30-9,leffingwell,leffingwell_goodscents
128.17,CC/C=C\CCOC=O,[(Z)-hex-3-enyl] formate,cis-3-hexenyl formate,leffingwell,leffingwell_goodscents
100.16,C/C=C\CCCO,(Z)-hex-4-en-1-ol,cis-4-hexen-1-ol,leffingwell,leffingwell_goodscents
252.39,C1CCCCOC(=O)CCCCC/C=C\CCC1,(8Z)-1-oxacycloheptadec-8-en-2-one,ambrettolid,leffingwell,leffingwell_goodscents
140.22,CC/C=C/C/C=C/CCO,"(3E,6E)-nona-3,6-dien-1-ol","3,6-nonadien-1-ol",leffingwell,leffingwell_goodscents
226.35,CCOC(/C=C(\C)/CCC=C(C)C)OCC,"(2E)-1,1-diethoxy-3,7-dimethylocta-2,6-diene",citral diethyl acetal,leffingwell,leffingwell_goodscents
168.28,CC(/C=C(\C)/CCC=C(C)C)O,"(3E)-4,8-dimethylnona-3,7-dien-2-ol","4,8-dimethylnona-3,7-dien-2-ol",leffingwell,leffingwell_goodscents
128.17,CCCOC(=O)/C=C/C,propyl (E)-but-2-enoate,propyl crotonate,leffingwell,leffingwell_goodscents
182.3,CCOC/C=C(\C)/CCC=C(C)C,"(2E)-1-ethoxy-3,7-dimethylocta-2,6-diene",ethyl geranyl ether,leffingwell,leffingwell_goodscents
238.37,CCCCC(=O)OC/C=C(\C)/CCC=C(C)C,"[(2E)-3,7-dimethylocta-2,6-dienyl] pentanoate",geranyl valerate,leffingwell,leffingwell_goodscents
290.5,CC(=CCC/C(=C/CC/C(=C/CCC(C)(C=C)O)/C)/C)C,"(6E,10E)-3,7,11,15-tetramethylhexadeca-1,6,10,14-tetraen-3-ol",geranyllinalool,leffingwell,leffingwell_goodscents
126.2,CCCCC(=O)/C=C/C,(E)-oct-2-en-4-one,2-octen-4-one,leffingwell,leffingwell_goodscents
114.14,CC/C=C(\C)/C(=O)O,(E)-2-methylpent-2-enoic acid,2-methyl-2-pentenoic acid,leffingwell,leffingwell_goodscents
182.26,CC(=CCC/C(=C/C(=O)OC)/C)C,"methyl (2E)-3,7-dimethylocta-2,6-dienoate",methyl geranate,leffingwell,leffingwell_goodscents
192.3,C/C=C/C(=O)C1C(C=CCC1(C)C)C,"(E)-1-(2,6,6-trimethylcyclohex-3-en-1-yl)but-2-en-1-one",delta-damascone,leffingwell,leffingwell_goodscents
232.36,CC1=CCCC(C1/C=C/C(=O)CCC=C)(C)C,"(1E)-1-(2,6,6-trimethylcyclohex-2-en-1-yl)hepta-1,6-dien-3-one",allyl alpha-ionone,leffingwell,leffingwell_goodscents
210.31,CCC(=O)OC/C=C(/C)\CCC=C(C)C,"[(2Z)-3,7-dimethylocta-2,6-dienyl] propanoate",neryl propionate,leffingwell,leffingwell_goodscents
224.34,CC(C)C(=O)OC/C=C(/C)\CCC=C(C)C,"[(2Z)-3,7-dimethylocta-2,6-dienyl] 2-methylpropanoate",neryl isobutyrate,leffingwell,leffingwell_goodscents
252.39,CCCCCC(=O)OC/C=C(\C)/CCC=C(C)C,"[(2E)-3,7-dimethylocta-2,6-dienyl] hexanoate",geranyl caproate,leffingwell,leffingwell_goodscents
170.25,CCCCCCOC(=O)/C=C/C,hexyl (E)-but-2-enoate,hexyl crotonate,leffingwell,leffingwell_goodscents
272.4,CC(=CCC/C(=C/COC(=O)CC1=CC=CC=C1)/C)C,"[(2E)-3,7-dimethylocta-2,6-dienyl] 2-phenylacetate",geranyl phenylacetate,leffingwell,leffingwell_goodscents
224.34,C/C=C/C(=O)OC1CC(CCC1C(C)C)C,(5-methyl-2-propan-2-ylcyclohexyl) (E)-but-2-enoate,menthol crotonate,leffingwell,leffingwell_goodscents
190.28,C/C=C/C(=O)C1=C(C=CCC1(C)C)C,"(E)-1-(2,6,6-trimethylcyclohexa-1,3-dien-1-yl)but-2-en-1-one",damascenone,leffingwell,leffingwell_goodscents
192.3,C/C=C/C(=O)C1C(=CCCC1(C)C)C,"(E)-1-(2,6,6-trimethylcyclohex-2-en-1-yl)but-2-en-1-one",alpha-damascone,leffingwell,leffingwell_goodscents
170.25,C/C=C(/C)\C(=O)OCCC(C)C,3-methylbutyl (Z)-2-methylbut-2-enoate,10482-55-0,leffingwell,leffingwell_goodscents
128.21,CCCCC(/C=C/C)O,(E)-oct-2-en-4-ol,2-octen-4-ol,leffingwell,leffingwell_goodscents
152.23,CC(=C)/C=C/CC(C)(C=C)O,"(5E)-3,7-dimethylocta-1,5,7-trien-3-ol",hotrienol,leffingwell,leffingwell_goodscents
172.26,CCC/C=C/COC(C)OCC,(E)-1-(1-ethoxyethoxy)hex-2-ene,54484-66-1,leffingwell,leffingwell_goodscents
120.2,C/C=C/SSC,(E)-1-(methyldisulfanyl)prop-1-ene,methyl propenyl disulfide,leffingwell,leffingwell_goodscents
170.25,CCCCC/C=C/CC(=O)OC,methyl (E)-non-3-enoate,methyl 3-nonenoate,leffingwell,leffingwell_goodscents
156.22,CCC/C=C/CCC(=O)OC,methyl (E)-oct-4-enoate,methyl 4z-octenoate,leffingwell,leffingwell_goodscents
112.17,CC/C=C/C=C/CO,"(2E,4E)-hepta-2,4-dien-1-ol","hepta-2,4-dien-1-ol",leffingwell,leffingwell_goodscents
150.26,CCCCC/C=C/C=C/C=C,"(3E,5E)-undeca-1,3,5-triene","1,3,5-undecatriene",leffingwell,leffingwell_goodscents
180.29,CCCCCCC/C=C/C=C/C=O,"(2E,4E)-dodeca-2,4-dienal",21662-16-8,leffingwell,leffingwell_goodscents
166.26,CCCCCC/C=C/C=C/C=O,"(2E,4E)-undeca-2,4-dienal","2,4-undecadienal",leffingwell,leffingwell_goodscents
114.19,CC/C=C\CCCO,(Z)-hept-4-en-1-ol,cis-4-hepten-1-ol,leffingwell,leffingwell_goodscents
184.27,CC/C=C\CCOC(=O)CC(C)C,[(Z)-hex-3-enyl] 3-methylbutanoate,cis-3-hexenyl isovalerate,leffingwell,leffingwell_goodscents
218.29,CC/C=C\CCOC(=O)CC1=CC=CC=C1,[(Z)-hex-3-enyl] 2-phenylacetate,cis-3-hexenyl phenylacetate,leffingwell,leffingwell_goodscents
204.26,CC/C=C\CCOC(=O)C1=CC=CC=C1,[(Z)-hex-3-enyl] benzoate,cis-3-hexenyl benzoate,leffingwell,leffingwell_goodscents
224.3,CC/C=C/CC1C(CCC1=O)CC(=O)OC,methyl 2-[3-oxo-2-[(E)-pent-2-enyl]cyclopentyl]acetate,methyl 2-(3-oxo-2-(pent-2-en-1-yl)cyclopentyl)acetate,leffingwell,leffingwell_goodscents
128.17,CC/C=C/C(=O)OCC,ethyl (E)-pent-2-enoate,24410-84-2,leffingwell,leffingwell_goodscents
142.2,CCCOC(=O)/C(=C/C)/C,propyl (E)-2-methylbut-2-enoate,propyl tiglate,leffingwell,leffingwell_goodscents
216.27,C/C=C(\C)/C(=O)OC/C=C/C1=CC=CC=C1,[(E)-3-phenylprop-2-enyl] (E)-2-methylbut-2-enoate,cinnamyl 2-methylcrotonate,leffingwell,leffingwell_goodscents
226.35,CC/C=C\CCOC(OCC/C=C\CC)C,(Z)-1-[1-[(Z)-hex-3-enoxy]ethoxy]hex-3-ene,63449-64-9,leffingwell,leffingwell_goodscents
236.35,C/C=C(\C)/C(=O)OC/C=C(\C)/CCC=C(C)C,"[(2E)-3,7-dimethylocta-2,6-dienyl] (E)-2-methylbut-2-enoate",geranyl tiglate,leffingwell,leffingwell_goodscents
156.22,C/C=C(\C)/C(=O)OCC(C)C,2-methylpropyl (E)-2-methylbut-2-enoate,isobutyl tiglate,leffingwell,leffingwell_goodscents
156.22,C/C=C(/C)\C(=O)OCC(C)C,2-methylpropyl (Z)-2-methylbut-2-enoate,isobutyl angelate,leffingwell,leffingwell_goodscents
194.31,CCCCC/C=C/CC1CCCC1=O,2-[(E)-oct-2-enyl]cyclopentan-1-one,(e)-2-(2-octenyl)cyclopentanone,leffingwell,leffingwell_goodscents
218.29,CCCCC(=O)OC/C=C/C1=CC=CC=C1,[(E)-3-phenylprop-2-enyl] pentanoate,cinnamyl valerate,leffingwell,leffingwell_goodscents
184.27,CCCCCCC/C=C/C(=O)OC,methyl (E)-dec-2-enoate,methyl 2-decenoate,leffingwell,leffingwell_goodscents
218.29,CCC/C=C/COC(=O)CC1=CC=CC=C1,[(E)-hex-2-enyl] 2-phenylacetate,68133-78-8,leffingwell,leffingwell_goodscents
204.31,CCCCC/C(=C\C1=CC=CC=C1)/CO,(2E)-2-benzylideneheptan-1-ol,2-benzylidene-1-heptanol,leffingwell,leffingwell_goodscents
154.25,C/C(=C\CCC(C)(C)O)/C=C,"(5E)-2,6-dimethylocta-5,7-dien-2-ol",ocimenol,leffingwell,leffingwell_goodscents
136.23,C/C=C(\C)/C=C/C=C(C)C,"(4E,6E)-2,6-dimethylocta-2,4,6-triene",alloocimene,leffingwell,leffingwell_goodscents
154.21,C/C=C/C=C/C(=O)OC(C)C,"propan-2-yl (2E,4E)-hexa-2,4-dienoate",isopropyl sorbate,leffingwell,leffingwell_goodscents
170.25,CCOC(/C=C/C=C/C)OCC,"(2E,4E)-1,1-diethoxyhexa-2,4-diene","2,4-hexadiene, 1,1-diethoxy-",leffingwell,leffingwell_goodscents
126.2,CCC/C=C/C(=O)CC,(E)-oct-4-en-3-one,4-octen-3-one,leffingwell,leffingwell_goodscents
168.23,CCCCOC(=O)/C=C/C=C/C,"butyl (2E,4E)-hexa-2,4-dienoate",butyl sorbate,leffingwell,leffingwell_goodscents
186.29,CC/C=C\CCC(OCC)OCC,"(Z)-7,7-diethoxyhept-3-ene",18492-65-4,leffingwell,leffingwell_goodscents
252.31,C1=CC=C(C=C1)CCOC(=O)/C=C/C2=CC=CC=C2,2-phenylethyl (E)-3-phenylprop-2-enoate,phenethyl cinnamate,leffingwell,leffingwell_goodscents
148.2,CC(/C=C/C1=CC=CC=C1)O,(E)-4-phenylbut-3-en-2-ol,4-phenyl-3-buten-2-ol,leffingwell,leffingwell_goodscents
124.18,CC(=C/C=C/C(=O)C)C,"(3E)-6-methylhepta-3,5-dien-2-one","6-methyl-3,5-heptadien-2-one",leffingwell,leffingwell_goodscents
156.22,CCC/C=C/C1OCC(O1)C,"4-methyl-2-[(E)-pent-1-enyl]-1,3-dioxolane",94089-21-1,leffingwell,leffingwell_goodscents
114.21,C/C=C/S/C=C/C,(E)-1-[(E)-prop-1-enyl]sulfanylprop-1-ene,di-1-propenyl sulfide,leffingwell,leffingwell_goodscents
252.31,C1=CC=C(C=C1)CC(=O)OC/C=C/C2=CC=CC=C2,[(E)-3-phenylprop-2-enyl] 2-phenylacetate,cinnamyl phenylacetate,leffingwell,leffingwell_goodscents
188.26,CC(C)C/C=C(/C=O)\C1=CC=CC=C1,(E)-5-methyl-2-phenylhex-2-enal,5-methyl-2-phenyl-2-hexenal,leffingwell,leffingwell_goodscents
206.32,CCC(=O)/C=C/C1C(=CCCC1(C)C)C,"(E)-1-(2,6,6-trimethylcyclohex-2-en-1-yl)pent-1-en-3-one",7779-30-8,leffingwell,leffingwell_goodscents
146.19,CC1=CC=C(C=C1)/C=C/C=O,(E)-3-(4-methylphenyl)prop-2-enal,(e)-3-(p-tolyl)acrylaldehyde,leffingwell,leffingwell_goodscents
219.28,CC/C=C\CCOC(=O)C1=CC=CC=C1N,[(Z)-hex-3-enyl] 2-aminobenzoate,cis-3-hexenyl anthranilate,leffingwell,leffingwell_goodscents
174.2,CC/C=C\1/C2=CC=CC=C2C(=O)O1,(3Z)-3-propylidene-2-benzofuran-1-one,17369-59-4,leffingwell,leffingwell_goodscents
194.31,CC1=C(C(CCC1)(C)C)/C=C/C(C)O,"(E)-4-(2,6,6-trimethylcyclohexen-1-yl)but-3-en-2-ol",beta-ionol,leffingwell,leffingwell_goodscents
192.3,C/C=C/C(=O)C1=C(CCCC1(C)C)C,"(E)-1-(2,6,6-trimethylcyclohexen-1-yl)but-2-en-1-one",23726-91-2,leffingwell,leffingwell_goodscents
206.32,CC1CCC(=C(C1(C)C)/C=C/C(=O)C)C,"(E)-4-(2,5,6,6-tetramethylcyclohexen-1-yl)but-3-en-2-one",beta-irone,leffingwell,leffingwell_goodscents
206.32,CCC(=O)/C=C/C1=C(CCCC1(C)C)C,"(E)-1-(2,6,6-trimethylcyclohexen-1-yl)pent-1-en-3-one",beta-methylionone,leffingwell,leffingwell_goodscents
192.25,CCOC1=C(C=C(C=C1)/C=C/C)OC,1-ethoxy-2-methoxy-4-[(E)-prop-1-enyl]benzene,ethyl isoeugenol,leffingwell,leffingwell_goodscents
154.21,CCC(=O)OC/C=C\C=C\C,"[(2Z,4E)-hexa-2,4-dienyl] propanoate","2,4-hexadienol monopropionate",leffingwell,leffingwell_goodscents
168.23,C/C=C/C=C\COC(=O)C(C)C,"[(2Z,4E)-hexa-2,4-dienyl] 2-methylpropanoate","propanoic acid, 2,4-hexadienyl ester",leffingwell,leffingwell_goodscents
188.26,CCCC/C(=C\C1=CC=CC=C1)/C=O,(2E)-2-benzylidenehexanal,alpha-butylcinnamaldehyde,leffingwell,leffingwell_goodscents
126.2,CC(C)C/C=C/C(=O)C,(E)-6-methylhept-3-en-2-one,(e)-6-methylhept-3-en-2-one,leffingwell,leffingwell_goodscents
156.22,C/C=C/C(=O)OCCC(C)C,3-methylbutyl (E)-but-2-enoate,"2-butenoic acid, 3-methylbutyl ester, (2e)-",leffingwell,leffingwell_goodscents
178.23,COC(/C=C/C1=CC=CC=C1)OC,"[(E)-3,3-dimethoxyprop-1-enyl]benzene",cinnamaldehyde dimethyl acetal,leffingwell,leffingwell_goodscents
112.17,CCCC(=O)/C=C/C,(E)-hept-2-en-4-one,2-hepten-4-one,leffingwell,leffingwell_goodscents
198.3,CCCCC/C=C\CCC(=O)OCC,ethyl (Z)-dec-4-enoate,ethyl (z)-4-decenoate,leffingwell,leffingwell_goodscents
170.25,C/C=C(\C)/C(=O)OCCC(C)C,3-methylbutyl (E)-2-methylbut-2-enoate,isoamyl tiglate,leffingwell,leffingwell_goodscents
192.24,CCC(=O)OC(C)C(=O)OSC,methylsulfanyl 2-propanoyloxypropanoate,schembl18339188,leffingwell,leffingwell_goodscents
180.2,C1=CC=C(C=C1)/C=C(/C(CO)O)\O,"(Z)-4-phenylbut-3-ene-1,2,3-triol","(z)-4-phenylbut-3-ene-1,2,3-triol",leffingwell,leffingwell_goodscents
142.2,CCOC(=O)C(C)/C=C/C,ethyl (E)-2-methylpent-3-enoate,ethyl (e)-2-methylpent-3-enoate,leffingwell,leffingwell_goodscents
170.25,CCCCC/C=C/COC(=O)C,[(E)-oct-2-enyl] acetate,trans-2-octen-1-yl acetate,leffingwell,leffingwell_goodscents
198.3,CCCCCCC/C=C/C(=O)OCC,ethyl (E)-dec-2-enoate,ethyl trans-2-decenoate,leffingwell,leffingwell_goodscents
204.31,CCCC(=O)C(CC)CC1=CC=CC=C1,3-benzylheptan-4-one,3-benzyl-4-heptanone,leffingwell,leffingwell_goodscents
226.35,CCCCCCC/C=C/C(=O)OCCCC,butyl (E)-dec-2-enoate,butyl 2-decenoate,leffingwell,leffingwell_goodscents
162.23,CC1=CC=C(C=C1)CCC(=O)C,4-(4-methylphenyl)butan-2-one,7774-79-0,leffingwell,leffingwell_goodscents
192.21,C/C=C/C1=CC(=C(C=C1)OC=O)OC,[2-methoxy-4-[(E)-prop-1-enyl]phenyl] formate,(e)-isoeugenyl formate,leffingwell,leffingwell_goodscents
156.26,CCC(C)CCCC(C)C=O,"2,6-dimethyloctanal","2,6-dimethyloctanal",leffingwell,leffingwell_goodscents
246.39,CCOC(CC(C)CCCC(C)(C)O)OCC,"8,8-diethoxy-2,6-dimethyloctan-2-ol",hydroxycitronellal diethyl acetal,leffingwell,leffingwell_goodscents
228.37,CCCCCCCCCOC(=O)CC(C)C,nonyl 3-methylbutanoate,nonyl isovalerate,leffingwell,leffingwell_goodscents
180.29,CCCCC/C=C/CC/C=C/C=O,"(2E,6E)-dodeca-2,6-dienal","2,6-dodecadienal",leffingwell,leffingwell_goodscents
114.19,CCOCC=C(C)C,1-ethoxy-3-methylbut-2-ene,1-ethoxy-3-methyl-2-butene,leffingwell,leffingwell_goodscents
262.34,CCCCCC(CCCC(=O)OCC(CO)O)O,"2,3-dihydroxypropyl 5-hydroxydecanoate",glyceryl 5-hydroxydecanoate,leffingwell,leffingwell_goodscents
172.26,CC/C=C/CCOC(C)OCC,(E)-1-(1-ethoxyethoxy)hex-3-ene,(e)-1-(1-ethoxyethoxy)hex-3-ene,leffingwell,leffingwell_goodscents
154.25,CC(=CC[C@@H](CO)C(=C)C)C,(2R)-5-methyl-2-prop-1-en-2-ylhex-4-en-1-ol,lavandulol,leffingwell,leffingwell_goodscents
156.26,CCCCC/C=C/CCCO,(E)-dec-4-en-1-ol,dec-4-en-1-ol,leffingwell,leffingwell_goodscents
154.25,CCCCC/C=C/CCC=O,(E)-dec-4-enal,trans-4-decen-1-al,leffingwell,leffingwell_goodscents
238.28,C1=CC=C(C=C1)/C=C/COC(=O)C2=CC=CC=C2,[(E)-3-phenylprop-2-enyl] benzoate,cinnamyl benzoate,leffingwell,leffingwell_goodscents
144.19,CC1C(=O)C(=C(S1)C)O,"4-hydroxy-2,5-dimethylthiophen-3-one","4-hydroxy-2,5-dimethylthiophen-3(2h)-one",leffingwell,leffingwell_goodscents
230.3,CC/C=C/CCOC(=O)/C=C/C1=CC=CC=C1,[(E)-hex-3-enyl] (E)-3-phenylprop-2-enoate,cis-3-hexenyl cinnamate,leffingwell,leffingwell_goodscents
236.35,CC1=C(C(CCC1)(C)C)/C=C/C(C)OC(=O)C,"[(E)-4-(2,6,6-trimethylcyclohexen-1-yl)but-3-en-2-yl] acetate",beta-ionyl acetate,leffingwell,leffingwell_goodscents
190.24,CCC(=O)/C=C/C1=CC=C(C=C1)OC,(E)-1-(4-methoxyphenyl)pent-1-en-3-one,104-27-8,leffingwell,leffingwell_goodscents
262.4,C/C/1=C/CC2C(CC2(C)C)C(=C)CCC1OC(=O)C,"[(3Z)-4,11,11-trimethyl-8-methylidene-5-bicyclo[7.2.0]undec-3-enyl] acetate",32214-91-8,leffingwell,leffingwell_goodscents
276.4,CCCCC/C(=C\C1=CC=CC=C1)/C(OCC)OCC,[(E)-2-(diethoxymethyl)hept-1-enyl]benzene,60763-41-9,leffingwell,leffingwell_goodscents
170.25,CCCCC(CC)/C=C/C(=O)O,(E)-4-ethyloct-2-enoic acid,4-ethyl-2-octenoic acid,leffingwell,leffingwell_goodscents
238.32,CC(=CCC/C(=C/COC(=O)CC(=O)C)/C)C,"[(2E)-3,7-dimethylocta-2,6-dienyl] 3-oxobutanoate",geranyl acetoacetate,leffingwell,leffingwell_goodscents
222.32,C/C=C/C(=O)OC/C=C(\C)/CCC=C(C)C,"[(2E)-3,7-dimethylocta-2,6-dienyl] (E)-but-2-enoate",geranyl crotonate,leffingwell,leffingwell_goodscents
248.36,CCCCC/C(=C\C1=CC=CC=C1)/C(OC)OC,[(E)-2-(dimethoxymethyl)hept-1-enyl]benzene,91-87-2,leffingwell,leffingwell_goodscents
212.33,CCCCCC(CC)OC(=O)/C(=C/C)/C,octan-3-yl (E)-2-methylbut-2-enoate,1-ethylhexyl tiglate,leffingwell,leffingwell_goodscents
190.24,CC1COC(O1)/C=C/C2=CC=CC=C2,"4-methyl-2-[(E)-2-phenylethenyl]-1,3-dioxolane",4353-01-9,leffingwell,leffingwell_goodscents
168.23,CC/C=C\CCC1CCC(=O)O1,5-[(Z)-hex-3-enyl]oxolan-2-one,63095-33-0,leffingwell,leffingwell_goodscents
220.26,CC/C=C/CCOC(=O)C1=CC=CC=C1O,[(E)-hex-3-enyl] 2-hydroxybenzoate,3-hexenyl salicylate,leffingwell,leffingwell_goodscents
224.34,CC(C)C(=O)OC/C=C(\C)/CCC=C(C)C,"[(2E)-3,7-dimethylocta-2,6-dienyl] 2-methylpropanoate",geranyl isobutyrate,leffingwell,leffingwell_goodscents
196.29,C/C(=C\CCC(C)(C)OC(=O)C)/C=C,"[(5E)-2,6-dimethylocta-5,7-dien-2-yl] acetate",72214-23-4,leffingwell,leffingwell_goodscents
282.3,C/C=C/C1=CC(=C(C=C1)OC(=O)CC2=CC=CC=C2)OC,[2-methoxy-4-[(E)-prop-1-enyl]phenyl] 2-phenylacetate,isoeugenyl phenylacetate,leffingwell,leffingwell_goodscents
144.21,CCOC(/C=C/C)OCC,"(E)-1,1-diethoxybut-2-ene",trans-2-butenal diethyl acetal,leffingwell,leffingwell_goodscents
176.21,C1COC(O1)/C=C/C2=CC=CC=C2,"2-[(E)-2-phenylethenyl]-1,3-dioxolane",cinncloval,leffingwell,leffingwell_goodscents
128.17,CC/C=C/CCOC=O,[(E)-hex-3-enyl] formate,"3-hexen-1-ol, formate",leffingwell,leffingwell_goodscents
202.16,CCOC(=O)C/C(=C/C(=O)O)/C(=O)O,(Z)-2-(2-ethoxy-2-oxoethyl)but-2-enedioic acid,schembl3504490,leffingwell,leffingwell_goodscents
184.27,CCCCCC/C=C/COC(=O)C,[(E)-non-2-enyl] acetate,30418-89-4,leffingwell,leffingwell_goodscents
280.4,CCCCCCCC(=O)OC/C=C(\C)/CCC=C(C)C,"[(2E)-3,7-dimethylocta-2,6-dienyl] octanoate",geranyl octanoate,leffingwell,leffingwell_goodscents
184.27,CC/C=C/CCCCCOC(=O)C,[(E)-non-6-enyl] acetate,6e-nonenyl acetate,leffingwell,leffingwell_goodscents
124.18,C/C=C/CC/C=C/C=O,"(2E,6E)-octa-2,6-dienal","(2e,6e)-2,6-octadienal",leffingwell,leffingwell_goodscents
194.27,CC/C=C/C/C=C/C=C/C(=O)OCC,"ethyl (2E,4E,7E)-deca-2,4,7-trienoate","ethyl 2,4,7-decatrienoate",leffingwell,leffingwell_goodscents
184.23,CC/C=C/CCOC(=O)CC(=O)C,[(E)-hex-3-enyl] 3-oxobutanoate,hex-3-enyl acetoacetate,leffingwell,leffingwell_goodscents
198.3,CCCCCCOC(=O)C(C)/C=C/C,hexyl (E)-2-methylpent-3-enoate,hexyl 2-methyl-3-pentenoate,leffingwell,leffingwell_goodscents
254.41,CCCCCCCCCC(=O)OCC/C=C/CC,[(E)-hex-3-enyl] decanoate,schembl11650258,leffingwell,leffingwell_goodscents
198.26,CC/C=C/CCOC(=O)CCC(=O)C,[(E)-hex-3-enyl] 4-oxopentanoate,[(E)-hex-3-enyl] 4-oxopentanoate,leffingwell,leffingwell_goodscents
172.22,CCC/C=C/COC(=O)C(C)O,[(E)-hex-2-enyl] 2-hydroxypropanoate,85554-71-8,leffingwell,leffingwell_goodscents
184.27,CCCC/C=C/CCOC(=O)CC,[(E)-oct-3-enyl] propanoate,oct-3-enyl propionate,leffingwell,leffingwell_goodscents
306.5,CC/C=C/C/C=C/C/C=C/CCCCCCCC(=O)OCC,"ethyl (9E,12E,15E)-octadeca-9,12,15-trienoate",ethyl linolenate,leffingwell,leffingwell_goodscents
238.37,C/C=C(\C)/C(=O)OCCC(C)CCC=C(C)C,"3,7-dimethyloct-6-enyl (E)-2-methylbut-2-enoate",citronellyl tiglate,leffingwell,leffingwell_goodscents
192.3,CCCCC/C=C\C/C=C\C=C\C=O,"(2E,4Z,7Z)-trideca-2,4,7-trienal","(e,z,z)-trideca-2,4,7-trienal",leffingwell,leffingwell_goodscents
166.26,CCCCC/C=C/C=C/C(=O)C,"(3E,5E)-undeca-3,5-dien-2-one","3,5-undecadien-2-one",leffingwell,leffingwell_goodscents
222.28,CCCCC(=O)OCC1=CC=C(C=C1)OC,(4-methoxyphenyl)methyl pentanoate,anisyl n-valerate,leffingwell,leffingwell_goodscents
152.23,CC(=C)[C@@H]1CCC(=C)[C@H](C1)O,"(1S,5R)-2-methylidene-5-prop-1-en-2-ylcyclohexan-1-ol","trans-1(7),8-p-menthadien-2-ol",leffingwell,leffingwell_goodscents
108.23,CCC(S)S,"propane-1,1-dithiol",propanedithiol,leffingwell,leffingwell_goodscents
98.14,CCC/C=C\C=O,(Z)-hex-2-enal,cis-2-hexenal,leffingwell,leffingwell_goodscents
148.2,CC1=C(N=C2CCCC2=N1)C,"2,3-dimethyl-6,7-dihydro-5H-cyclopenta[b]pyrazine","6,7-dihydro-2,3-dimethyl-5h-cyclopentapyrazine",leffingwell,leffingwell_goodscents
190.3,CSCC/C=C(\CSC)/C=O,(Z)-5-methylsulfanyl-2-(methylsulfanylmethyl)pent-2-enal,59902-01-1,leffingwell,leffingwell_goodscents
248.32,C/C=C/C1=CC(=C(C=C1)OC(=O)CC(C)C)OC,[2-methoxy-4-[(E)-prop-1-enyl]phenyl] 3-methylbutanoate,isoeugenyl isovalerate,leffingwell,leffingwell_goodscents
143.21,CCC(=O)C1=NCCS1,"1-(4,5-dihydro-1,3-thiazol-2-yl)propan-1-one",2-propionyl-2-thiazoline,leffingwell,leffingwell_goodscents
192.3,CSSSCC1=CC=CO1,2-[(methyltrisulfanyl)methyl]furan,2-[(methyltrithio)methyl]furan,leffingwell,leffingwell_goodscents
180.24,CC1(C2CC=C(C1C2)COC=O)C,"(6,6-dimethyl-2-bicyclo[3.1.1]hept-2-enyl)methyl formate",myrtenyl formate,leffingwell,leffingwell_goodscents
98.1,CC1C(=O)C=CO1,2-methylfuran-3-one,2-methyl-3(2h)-furanone,leffingwell,leffingwell_goodscents
182.26,CC/C=C/C/C=C/CCOC(=O)C,"[(3E,6E)-nona-3,6-dienyl] acetate","(2e,6z)-3,6-nonadien-1-ol acetate",leffingwell,leffingwell_goodscents
146.19,C/C=C(/C=O)\C1=CC=CC=C1,(E)-2-phenylbut-2-enal,2-phenyl-2-butenal,leffingwell,leffingwell_goodscents
192.25,CCOC1=C(C=C(C=C1)CC=C)OC,1-ethoxy-2-methoxy-4-prop-2-enylbenzene,ethyleugenol,leffingwell,leffingwell_goodscents
194.23,CCOC(=O)C(C)(C1=CC=CC=C1)O,ethyl 2-hydroxy-2-phenylpropanoate,2-hydroxy-2-phenyl-propionic acid ethyl ester,leffingwell,leffingwell_goodscents
140.25,CCC1=C(SC=C1)CC,"2,3-diethylthiophene","thiophene, 2,3-diethyl",leffingwell,leffingwell_goodscents
182.3,CCCCCCC/C=C/CCC=O,(E)-dodec-4-enal,dodec-4-en-1-al,leffingwell,leffingwell_goodscents
182.3,CCCCC/C=C/CCCCC=O,(E)-dodec-6-enal,(e)-6-dodecenal,leffingwell,leffingwell_goodscents
182.3,CCC/C=C/CCCCCCC=O,(E)-dodec-8-enal,(e)-8-dodecenal,leffingwell,leffingwell_goodscents
182.3,CCCCCCC/C=C\CCC=O,(Z)-dodec-4-enal,(z)-4-dodecenal,leffingwell,leffingwell_goodscents
210.36,CCCCC/C=C\CCCCCCC=O,(Z)-tetradec-8-enal,(z)-8-tetradecenal,leffingwell,leffingwell_goodscents
170.25,CCCCCOC(=O)/C(=C\C)/C,pentyl (Z)-2-methylbut-2-enoate,pentyl 2-methylisocrotonate,leffingwell,leffingwell_goodscents
170.25,CCCCCOC(=O)/C(=C/C)/C,pentyl (E)-2-methylbut-2-enoate,pentyl 2-methylcrotonate,leffingwell,leffingwell_goodscents
120.22,CC(CO)C(C)S,2-methyl-3-sulfanylbutan-1-ol,2-methyl-3-sulfanylbutan-1-ol,leffingwell,leffingwell_goodscents
140.22,CCCCC/C=C\CC=O,(Z)-non-3-enal,(z)-non-3-enal,leffingwell,leffingwell_goodscents
168.28,C/C=C/CCCCCCCC=O,(E)-undec-9-enal,9-undecenal,leffingwell,leffingwell_goodscents
188.26,CCCC(CCCC(=O)OCC)O,ethyl 5-hydroxyoctanoate,ethyl 5-hydroxyoctanoate,leffingwell,leffingwell_goodscents
238.37,CC(C)CC(=O)OCC/C(=C/CC=C(C)C)/C,"[(3E)-3,7-dimethylocta-3,6-dienyl] 3-methylbutanoate",schembl1532503,leffingwell,leffingwell_goodscents
180.24,CCCC/C=C/1\C(=C(C(=O)O1)C)C,"(5E)-3,4-dimethyl-5-pentylidenefuran-2-one",bovolide,leffingwell,leffingwell_goodscents
182.26,CC(=CCC/C(=C/C(C=O)O)/C)C,"(3E)-2-hydroxy-4,8-dimethylnona-3,7-dienal",schembl891162,leffingwell,leffingwell_goodscents
86.13,C/C=C(\C)/CO,(E)-2-methylbut-2-en-1-ol,2-methyl-2-buten-1-ol,leffingwell,leffingwell_goodscents
246.34,CCCCCC(/C=C/C1=CC=CC=C1)OC(=O)C,[(E)-1-phenyloct-1-en-3-yl] acetate,amyl cinnamyl acetate,leffingwell,leffingwell_goodscents
142.2,CCC/C=C/CCC(=O)O,(E)-oct-4-enoic acid,(e)-4-octenoic acid,leffingwell,leffingwell_goodscents
154.25,CCC/C=C/C=C/CCCO,"(4E,6E)-deca-4,6-dien-1-ol",schembl1092747,leffingwell,leffingwell_goodscents
128.17,CCC/C=C\CC(=O)O,(Z)-hept-3-enoic acid,hept-3-enoic acid,leffingwell,leffingwell_goodscents
264.4,CC(=CCC/C(=C\CC[C@@](C)(C=C)OC(=O)C)/C)C,"[(3S,6Z)-3,7,11-trimethyldodeca-1,6,10-trien-3-yl] acetate","1,6,10-dodecatrien-3-ol, 3,7,11-trimethyl-, acetate, (3s,6z)-",leffingwell,leffingwell_goodscents
140.22,CC/C=C\C/C=C\CCO,"(3Z,6Z)-nona-3,6-dien-1-ol",53046-97-2,leffingwell,leffingwell_goodscents
212.33,CCCCCCC(=O)OCC/C=C/CC,[(E)-hex-3-enyl] heptanoate,schembl14157060,leffingwell,leffingwell_goodscents
210.31,CC/C(=C/CCC(C)(C=C)OC(=O)C)/C,"[(6E)-3,7-dimethylnona-1,6-dien-3-yl] acetate",ethyl linalyl acetate,leffingwell,leffingwell_goodscents
182.26,CC/C=C/CCOC(=O)/C(=C\C)/C,[(E)-hex-3-enyl] (Z)-2-methylbut-2-enoate,(e)-(z)-hex-3-en-1-yl 2-methylbut-2-enoate,leffingwell,leffingwell_goodscents
204.26,CC(C)C(=O)/C=C\C1=CC=C(C=C1)OC,(Z)-1-(4-methoxyphenyl)-4-methylpent-1-en-3-one,103-13-9,leffingwell,leffingwell_goodscents
266.3,C1=CC=C(C=C1)CCCOC(=O)/C=C\C2=CC=CC=C2,3-phenylpropyl (Z)-3-phenylprop-2-enoate,hydrocinnamyl cinnamate,leffingwell,leffingwell_goodscents
142.2,C/C=C\C(=O)OCC(C)C,2-methylpropyl (Z)-but-2-enoate,"crotonic acid, isobutyl ester",leffingwell,leffingwell_goodscents
180.2,CCCOC(=O)/C=C\C1=CC=CO1,propyl (Z)-3-(furan-2-yl)prop-2-enoate,propyl 2-furanacrylate,leffingwell,leffingwell_goodscents
150.17,CC/C(=C\C1=CC=CO1)/C=O,(2E)-2-(furan-2-ylmethylidene)butanal,770-27-4,leffingwell,leffingwell_goodscents
136.15,C/C(=C/C1=CC=CO1)/C=O,(Z)-3-(furan-2-yl)-2-methylprop-2-enal,2-methyl-3(2-furyl)acrolein,leffingwell,leffingwell_goodscents
152.19,C/C=C/C=C/C(=O)OCC=C,"prop-2-enyl (2E,4E)-hexa-2,4-dienoate",allyl sorbate,leffingwell,leffingwell_goodscents
232.32,CCCCC/C(=C/C1=CC=CC=C1)/COC=O,[(2Z)-2-benzylideneheptyl] formate,alpha-amylcinnamyl formate,leffingwell,leffingwell_goodscents
288.4,CCCCC/C(=C/C1=CC=CC=C1)/COC(=O)CC(C)C,[(2Z)-2-benzylideneheptyl] 3-methylbutanoate,alpha-amylcinnamyl isovalerate,leffingwell,leffingwell_goodscents
284.4,CC1=CCC(CC1)C(C)(C)OC(=O)/C=C/C2=CC=CC=C2,2-(4-methylcyclohex-3-en-1-yl)propan-2-yl (E)-3-phenylprop-2-enoate,alpha-terpinyl cinnamate,leffingwell,leffingwell_goodscents
140.22,CCCC/C=C(\CC)/C=O,(E)-2-ethylhept-2-enal,2-ethyl-2-heptenal,leffingwell,leffingwell_goodscents
246.34,CCCCCCCOC(=O)/C=C/C1=CC=CC=C1,heptyl (E)-3-phenylprop-2-enoate,heptyl cinnamate,leffingwell,leffingwell_goodscents
164.24,CC/C=C/CC1=C(C(=O)CC1)C,2-methyl-3-[(E)-pent-2-enyl]cyclopent-2-en-1-one,isojasmone,leffingwell,leffingwell_goodscents
198.3,CCCCCCOC(=O)/C=C/CCC,hexyl (E)-hex-2-enoate,hexyl trans-2-hexenoate,leffingwell,leffingwell_goodscents
114.14,C/C=C/C(C)C(=O)O,(E)-2-methylpent-3-enoic acid,2-methyl-3-pentenoic acid,leffingwell,leffingwell_goodscents
170.32,CC(=CCC/C(=C\CS)/C)C,"(2Z)-3,7-dimethylocta-2,6-diene-1-thiol","(z)-3,7-dimethylocta-2,6-diene-1-thiol",leffingwell,leffingwell_goodscents
126.2,CC/C=C\CCCC=O,(Z)-oct-5-enal,(z)-oct-5-enal,leffingwell,leffingwell_goodscents
196.29,CC/C=C\CCOC(=O)C/C=C\CC,[(Z)-hex-3-enyl] (Z)-hex-3-enoate,cis-3-hexenyl cis-3-hexenoate,leffingwell,leffingwell_goodscents
198.3,C/C=C/CCCCCCCC(=O)OC,methyl (E)-undec-9-enoate,methyl 9-undecenoate,leffingwell,leffingwell_goodscents
174.24,CC(C)/C=C(/C=O)\C1=CC=CC=C1,(E)-4-methyl-2-phenylpent-2-enal,"4-methyl-2-phenyl-2-pentenal, (e)+(z)",leffingwell,leffingwell_goodscents
130.21,C/C=C(\CSC)/C=O,(Z)-2-(methylsulfanylmethyl)but-2-enal,2-((methylthio)methyl)-2-butenal,leffingwell,leffingwell_goodscents
142.2,CC/C=C(\C)/C(=O)OCC,ethyl (E)-2-methylpent-2-enoate,ethyl (e)-2-methylpent-2-enoate,leffingwell,leffingwell_goodscents
182.26,CCCCC/C=C\C=C\C(=O)OC,"methyl (2E,4Z)-deca-2,4-dienoate","methyl (2e,4z)-2,4-decadienoate",leffingwell,leffingwell_goodscents
156.22,CCC/C=C/C(=O)OCCC,propyl (E)-hex-2-enoate,propyl (e)-hex-2-enoate,leffingwell,leffingwell_goodscents
272.4,CC(=CCC/C(=C\COC(=O)CC1=CC=CC=C1)/C)C,"[(2Z)-3,7-dimethylocta-2,6-dienyl] 2-phenylacetate","(z)-3,7-dimethylocta-2,6-dienyl phenylacetate",leffingwell,leffingwell_goodscents
182.26,CC/C=C/CCC1(CCC(=O)O1)C,5-[(E)-hex-3-enyl]-5-methyloxolan-2-one,(e)-3-hexenyldihydro-5-methylfuran-2(3h)-one,leffingwell,leffingwell_goodscents
144.21,CCC/C=C/C(OC)OC,"(E)-1,1-dimethoxyhex-2-ene",trans-2-hexenal dimethyl acetal,leffingwell,leffingwell_goodscents
126.2,CCC/C=C/C=C/CO,"(2E,4E)-octa-2,4-dien-1-ol","(2e,4e)-octa-2,4-dien-1-ol",leffingwell,leffingwell_goodscents
182.3,CCCCCCC/C=C/C=C/CO,"(2E,4E)-dodeca-2,4-dien-1-ol",18485-38-6,leffingwell,leffingwell_goodscents
128.17,C/C=C(\C)/COC(=O)C,[(E)-2-methylbut-2-enyl] acetate,19248-94-3,leffingwell,leffingwell_goodscents
204.35,C/C/1=C\CCC(=C)/C=C/C(CC1)C(C)C,"(1E,6E)-1-methyl-5-methylidene-8-propan-2-ylcyclodeca-1,6-diene",germacren d,leffingwell,leffingwell_goodscents
198.3,CCCCCC(=O)OC/C=C\CCC,[(Z)-hex-2-enyl] hexanoate,(z)-hex-2-enyl hexanoate,leffingwell,leffingwell_goodscents
198.3,CCCCC/C=C\C(=O)OCCCC,butyl (Z)-oct-2-enoate,butyl oct-2-enoate,leffingwell,leffingwell_goodscents
206.32,CC1=CCCC(C1/C=C\C(C)C=O)(C)C,"(Z)-2-methyl-4-(2,6,6-trimethylcyclohex-2-en-1-yl)but-3-enal",einecs 261-121-4,leffingwell,leffingwell_goodscents
168.28,CCCCCC/C=C\C=C/CO,"(2Z,4Z)-undeca-2,4-dien-1-ol","undeca-2,4-dienol",leffingwell,leffingwell_goodscents
196.29,CC(=CCC/C(=C/COCC=O)/C)C,"2-[(2E)-3,7-dimethylocta-2,6-dienoxy]acetaldehyde","{[(2e)-3,7-dimethylocta-2,6-dien-1-yl]oxy}acetaldehyde",leffingwell,leffingwell_goodscents
168.23,CC/C=C/CCOC(=O)/C=C/C,[(E)-hex-3-enyl] (E)-but-2-enoate,(e)-3-hexenyl crotonate,leffingwell,leffingwell_goodscents
152.23,CC/C=C/CC1CCCC1=O,2-[(E)-pent-2-enyl]cyclopentan-1-one,2-(trans-2-pentenyl)cyclopentanone,leffingwell,leffingwell_goodscents
158.19,CC/C=C/CCOC(=O)OC,[(E)-hex-3-enyl] methyl carbonate,3-cis-hexenyl methyl carbonate,leffingwell,leffingwell_goodscents
212.33,CC/C=C/CC/C=C/C(OCC)OCC,"(2E,6E)-1,1-diethoxynona-2,6-diene",106950-34-9,leffingwell,leffingwell_goodscents
184.27,CCC/C=C/CCOC(=O)C(C)C,[(E)-hept-3-enyl] 2-methylpropanoate,hept-3-enyl isobutyrate,leffingwell,leffingwell_goodscents
273.37,CC(=CCC/C(=C/COC(=O)C1=CC=CC=C1N)/C)C,"[(2E)-3,7-dimethylocta-2,6-dienyl] 2-aminobenzoate",geranyl anthranilate,leffingwell,leffingwell_goodscents
208.34,CC1=CCC(C1(C)C)/C=C\C(C)C(C)O,"(Z)-3-methyl-5-(2,2,3-trimethylcyclopent-3-en-1-yl)pent-4-en-2-ol",67801-20-1,leffingwell,leffingwell_goodscents
238.37,C/C=C(\C)/C(=O)OC1CC(CCC1C(C)C)C,(5-methyl-2-propan-2-ylcyclohexyl) (E)-2-methylbut-2-enoate,2-isopropyl-5-methylcyclohexyl 2-methylbut-2-enoate,leffingwell,leffingwell_goodscents
218.29,CCC(C)COC(=O)/C=C/C1=CC=CC=C1,2-methylbutyl (E)-3-phenylprop-2-enoate,2-methylbutyl cinnamate,leffingwell,leffingwell_goodscents
232.32,CCCCCCOC(=O)/C=C/C1=CC=CC=C1,hexyl (E)-3-phenylprop-2-enoate,hexyl cinnamate,leffingwell,leffingwell_goodscents
326.5,CCCCCC[C@H](C/C=C\CCCCCCCC(=O)OCC)O,"ethyl (Z,12R)-12-hydroxyoctadec-9-enoate",ethyl ricinoleate,leffingwell,leffingwell_goodscents
220.35,CC(=CCC/C(=C/CC1CCCC1=O)/C)C,"2-[(2E)-3,7-dimethylocta-2,6-dienyl]cyclopentan-1-one",apritone,leffingwell,leffingwell_goodscents
252.39,CC1CC(OC(O1)/C=C(\C)/CCC=C(C)C)(C)C,"2-[(1E)-2,6-dimethylhepta-1,5-dienyl]-4,4,6-trimethyl-1,3-dioxane","2-(2,6-dimethyl-1,5-heptadienyl)-4,4,6-trimethyl-1,3-dioxane",leffingwell,leffingwell_goodscents
250.38,CC1=CCCC(C1/C=C(\C)/C(C)OC(=O)C)(C)C,"[(E)-3-methyl-4-(2,6,6-trimethylcyclohex-2-en-1-yl)but-3-en-2-yl] acetate",methyl alpha-ionylacetate,leffingwell,leffingwell_goodscents
220.26,CCC/C=C/COC(=O)C1=CC=CC=C1O,[(E)-hex-2-enyl] 2-hydroxybenzoate,trans-2-hexenyl salicylate,leffingwell,leffingwell_goodscents
226.31,CC(=CCC/C(=C/C1OCC(O1)CO)/C)C,"[2-[(1E)-2,6-dimethylhepta-1,5-dienyl]-1,3-dioxolan-4-yl]methanol",citral glyceryl acetal,leffingwell,leffingwell_goodscents
190.28,C/C=C/C=C/1\C(=CC(=O)CC1(C)C)C,"(4Z)-4-[(E)-but-2-enylidene]-3,5,5-trimethylcyclohex-2-en-1-one",megastigmatrienone a,leffingwell,leffingwell_goodscents
238.37,CCC(C)C(=O)OC/C=C(\C)/CCC=C(C)C,"[(2E)-3,7-dimethylocta-2,6-dienyl] 2-methylbutanoate",geranyl 2-methylbutyrate,leffingwell,leffingwell_goodscents
234.33,CCCCCOC1=C(C=C(C=C1)/C=C/C)OC,2-methoxy-1-pentoxy-4-[(E)-prop-1-enyl]benzene,amyl isoeugenol,leffingwell,leffingwell_goodscents
254.41,CCCC/C=C/CCCCC(=O)OCCC(C)C,3-methylbutyl (E)-undec-6-enoate,12262-03-2,leffingwell,leffingwell_goodscents
192.3,C/C=C/C(=O)C1CCC(C=C1C)(C)C,"(E)-1-(2,4,4-trimethylcyclohex-2-en-1-yl)but-2-en-1-one",39872-57-6,leffingwell,leffingwell_goodscents
168.23,CC/C=C/CC1CCCC(=O)O1,6-[(E)-pent-2-enyl]oxan-2-one,6-[(e)-pent-2-enyl]oxan-2-one,leffingwell,leffingwell_goodscents
210.31,CCCCC/C=C\C=C\C(=O)OCCC,"propyl (2E,4Z)-deca-2,4-dienoate","propyl (2e,4z)-2,4-decadienoate",leffingwell,leffingwell_goodscents
224.34,CCCCC/C=C\C=C\C(=O)OCCCC,"butyl (2E,4Z)-deca-2,4-dienoate","butyl (2e,4z)-2,4-decadienoate",leffingwell,leffingwell_goodscents
168.23,C/C=C/CCC1CCCC(=O)O1,6-[(E)-pent-3-enyl]oxan-2-one,32764-98-0,leffingwell,leffingwell_goodscents
226.35,CCCCCCCCC/C=C/COC(=O)C,[(E)-dodec-2-enyl] acetate,trans-2-dodecenyl acetate,leffingwell,leffingwell_goodscents
150.22,CC/C=C\C/C=C/C=C/C=O,"(2E,4E,7Z)-deca-2,4,7-trienal","(2e,4e,7z)-2,4,7-decatrienal",leffingwell,leffingwell_goodscents
160.21,CC/C=C(/C=O)\C1=CC=CC=C1,(E)-2-phenylpent-2-enal,2-phenyl-2-pentenal,leffingwell,leffingwell_goodscents
184.27,CCCCCC(=O)OC/C=C/CC,[(E)-pent-2-enyl] hexanoate,e-2-pentenyl hexanoate,leffingwell,leffingwell_goodscents
192.3,CC1CCC2(O1)C(=C)C=CCC2(C)C,"2,6,6-trimethyl-10-methylidene-1-oxaspiro[4.5]dec-8-ene",vitispirane,leffingwell,leffingwell_goodscents
198.3,CCC(C)(CCC=C(C)C)OC(=O)C,"3,7-dimethyloct-6-en-3-yl acetate",50373-60-9,leffingwell,leffingwell_goodscents
186.25,CCCCCCC1COC(=O)CO1,"5-hexyl-1,4-dioxan-2-one","5-hexyl-1,4-dioxan-2-one",leffingwell,leffingwell_goodscents
180.24,CCOC(C)OCC1=CC=CC=C1,1-ethoxyethoxymethylbenzene,66222-24-0,leffingwell,leffingwell_goodscents
194.31,CCCCCCCC/C=C/C=C/C=O,"(2E,4E)-trideca-2,4-dienal","2,4-tridecadienal",leffingwell,leffingwell_goodscents
166.26,CC(=CCC/C(=C/C(=O)C)/C)C,"(3E)-4,8-dimethylnona-3,7-dien-2-one",817-88-9,leffingwell,leffingwell_goodscents
168.23,CCCC(=O)OC/C=C/C=C/C,"[(2E,4E)-hexa-2,4-dienyl] butanoate","2,4-hexadienyl butyrate",leffingwell,leffingwell_goodscents
208.34,CC(CC/C=C(\C)/CCC=C(C)C)C=O,"(5E)-2,6,10-trimethylundeca-5,9-dienal","2,6,10-trimethyl-5,9-undecadienal",leffingwell,leffingwell_goodscents
126.2,CCCC/C(=C/C)/C=O,(2Z)-2-ethylidenehexanal,2-ethylidenehexanal,leffingwell,leffingwell_goodscents
156.22,CC/C=C\CCCC(=O)OC,methyl (Z)-oct-5-enoate,"5-octenoic acid, methyl ester, (5z)-",leffingwell,leffingwell_goodscents
160.28,CCC[C@@H]1CCO[C@H](S1)C,"(2R,4R)-2-methyl-4-propyl-1,3-oxathiane","trans-2-methyl-4-propyl-1,3-oxathiane",leffingwell,leffingwell_goodscents
206.28,C[C@H](COC(=O)C(C)C)C1=CC=CC=C1,[(2S)-2-phenylpropyl] 2-methylpropanoate,2-phenyl propyl isobutyrate,leffingwell,leffingwell_goodscents
128.21,CCCCC[C@H](C=C)O,(3R)-oct-1-en-3-ol,(3r)-oct-1-en-3-ol,leffingwell,leffingwell_goodscents
158.24,CCCC[C@@H](C)CCC(=O)O,(4R)-4-methyloctanoic acid,"octanoic acid, 4-methyl-, (4r)-",leffingwell,leffingwell_goodscents
172.26,CCCCC[C@@H](C)CCC(=O)O,(4R)-4-methylnonanoic acid,(r)-4-methylnonanoic acid,leffingwell,leffingwell_goodscents
172.26,CCCC[C@@H](CC)CCC(=O)O,(4R)-4-ethyloctanoic acid,(r)-4-ethyloctanoic acid,leffingwell,leffingwell_goodscents
113.16,C[C@H]1C(=N[C@H](O1)C)C,"(2R,5S)-2,4,5-trimethyl-2,5-dihydro-1,3-oxazole",schembl3504091,leffingwell,leffingwell_goodscents
130.18,CCCC[C@@H](C)C(=O)O,(2R)-2-methylhexanoic acid,(2r)-2-methylhexanoic acid,leffingwell,leffingwell_goodscents
144.21,CCCCC[C@@H](C)C(=O)O,(2R)-2-methylheptanoic acid,(r)-2-methylheptanoic acid,leffingwell,leffingwell_goodscents
206.28,CCCC(=O)OC[C@@H](C)C1=CC=CC=C1,[(2S)-2-phenylpropyl] butanoate,2-phenyl propyl butyrate,leffingwell,leffingwell_goodscents
114.14,C[C@@H](CC=C)C(=O)O,(2S)-2-methylpent-4-enoic acid,(s)-2-methyl-4-pentenoic acid,leffingwell,leffingwell_goodscents
154.21,C[C@@H]1CC(CC(=O)C1=O)(C)C,"(3R)-3,5,5-trimethylcyclohexane-1,2-dione",schembl3503955,leffingwell,leffingwell_goodscents
136.19,C[C@@H]1CCC2=C1N=CCN2,"(5R)-5-methyl-2,5,6,7-tetrahydro-1H-cyclopenta[b]pyrazine",schembl1531963,leffingwell,leffingwell_goodscents
178.4,CC[C@@H](C)SS[C@@H](C)CC,(2S)-2-[[(2R)-butan-2-yl]disulfanyl]butane,zinc14860240,leffingwell,leffingwell_goodscents
200.32,CCCCCCC(=O)OC(C)CCC,pentan-2-yl heptanoate,2-pentanol 2-pentylacetate,leffingwell,leffingwell_goodscents
274.5,C=CCSSSSSSCC=C,3-(prop-2-enylhexasulfanyl)prop-1-ene,diallyl hexasulfide,leffingwell,leffingwell_goodscents
242.5,C=CCSSSSSCC=C,3-(prop-2-enylpentasulfanyl)prop-1-ene,allyl pentasulfide,leffingwell,leffingwell_goodscents
256.34,CC1CCC(C(C1)OC(=O)CCC(=O)O)C(C)C,4-(5-methyl-2-propan-2-ylcyclohexyl)oxy-4-oxobutanoic acid,monomenthyl succinate,leffingwell,leffingwell_goodscents
148.27,CCCCCCC(O)S,1-sulfanylheptan-1-ol,mercaptoheptanol,leffingwell,leffingwell_goodscents
132.23,CCCC(=S)OCC,O-ethyl butanethioate,ethyl thiobutyrate,leffingwell,leffingwell_goodscents
198.3,CCCCC1(CCC(=O)O1)CCCC,"5,5-dibutyloxolan-2-one","5,5-dibutyloxolan-2-one",leffingwell,leffingwell_goodscents
128.13,C1COC(=O)C1CC=O,2-(2-oxooxolan-3-yl)acetaldehyde,2-(2-oxooxolan-3-yl)acetaldehyde,leffingwell,leffingwell_goodscents
207.27,CCCCNC1=CC=CC=C1C(=O)OC,methyl 2-(butylamino)benzoate,methyl 2-(butylamino)benzoate,leffingwell,leffingwell_goodscents
150.24,CCOC(CS)OCC,"2,2-diethoxyethanethiol","2,2-diethoxyethanethiol",leffingwell,leffingwell_goodscents
168.23,CCCCCCC1=CCC(=O)O1,5-hexyl-3H-furan-2-one,3-decen-4-olide,leffingwell,leffingwell_goodscents
166.22,CC(=C)[C@@H]1C[C@H]2[C@](O2)(C(=O)C1)C,"(1S,4R,6S)-1-methyl-4-prop-1-en-2-yl-7-oxabicyclo[4.1.0]heptan-2-one",18383-49-8,leffingwell,leffingwell_goodscents
125.17,CCC(=O)N1CCC=C1,"1-(2,3-dihydropyrrol-1-yl)propan-1-one","1-(2,3-dihydropyrrol-1-yl)propan-1-one",leffingwell,leffingwell_goodscents
204.35,C[C@@H]1CC[C@@H]2[C@]13CCC(=C)[C@H](C3)C2(C)C,"(1S,2R,5S,7S)-2,6,6-trimethyl-8-methylidenetricyclo[5.3.1.01,5]undecane",beta-cedrene,leffingwell,leffingwell_goodscents
254.5,CC(C)CCCCCCCCCCCCCC=O,15-methylhexadecanal,15-methylhexadecanal,leffingwell,leffingwell_goodscents
188.22,CCCCC(C(=O)OC)OC(=O)C,methyl 2-acetyloxyhexanoate,methyl 2-(acetyloxy)hexanoate,leffingwell,leffingwell_goodscents
146.25,CCC(C)(CC(=O)C)S,4-methyl-4-sulfanylhexan-2-one,4-methyl-4-sulfanylhexan-2-one,leffingwell,leffingwell_goodscents
184.27,CCCCC/C=C\CCCC(=O)O,(Z)-undec-5-enoic acid,5z-undecenoic acid,leffingwell,leffingwell_goodscents
146.25,CCC(=O)CC(C)(C)S,5-methyl-5-sulfanylhexan-3-one,"3-hexanone, 5-mercapto-5-methyl-",leffingwell,leffingwell_goodscents
142.2,CC(C)(C)C(=O)OCC=C,"prop-2-enyl 2,2-dimethylpropanoate",15784-26-6,leffingwell,leffingwell_goodscents
136.19,C=CC1=C(CCCC1)C=O,2-ethenylcyclohexene-1-carbaldehyde,"1-cyclohexene-1-carboxaldehyde, 2-ethenyl-",leffingwell,leffingwell_goodscents
174.31,CCCCCCCC(=S)OC,O-methyl octanethioate,methyl thiooctanoate,leffingwell,leffingwell_goodscents
190.31,CC(=O)OCCCCCCCS,7-sulfanylheptyl acetate,schembl3248981,leffingwell,leffingwell_goodscents
202.36,CCCCCCCCCC(=S)OC,O-methyl decanethioate,schembl4300390,leffingwell,leffingwell_goodscents
226.4,CCCCCCCCCCCCC(C)C=O,2-methyltetradecanal,2-methyltetradecanal,leffingwell,leffingwell_goodscents
206.28,CC(C)C(=O)OC(C)(C)C1=CC=CC=C1,2-phenylpropan-2-yl 2-methylpropanoate,2-phenylpropan-2-yl 2-methylpropanoate,leffingwell,leffingwell_goodscents
166.26,C/C(=C\C=O)/CCC1CC1(C)C,"(E)-5-(2,2-dimethylcyclopropyl)-3-methylpent-2-enal","5-(2,2-dimethylcyclopropyl)-3-methyl-2-pentenal",leffingwell,leffingwell_goodscents
154.25,CC1[C@H]2C[C@@]2(C[C@H]1O)C(C)C,"(1R,3R,5R)-4-methyl-1-propan-2-ylbicyclo[3.1.0]hexan-3-ol",schembl1245770,leffingwell,leffingwell_goodscents
182.26,CC/C=C/CCC1CCCC(=O)O1,6-[(E)-hex-3-enyl]oxan-2-one,jasmolactone,leffingwell,leffingwell_goodscents
198.3,CC(CCC=C(C)C)CC1OCCO1,"2-(2,6-dimethylhept-5-enyl)-1,3-dioxolane",66512-92-3,leffingwell,leffingwell_goodscents
146.18,CC1COC(O1)(C)C(C)O,"1-(2,4-dimethyl-1,3-dioxolan-2-yl)ethanol",acetoin propyleneglycol ketal,leffingwell,leffingwell_goodscents
162.3,CCCC[C@@H](CCOC)S,(3S)-1-methoxyheptane-3-thiol,"1-methoxy-3-heptanethiol, (3s)-",leffingwell,leffingwell_goodscents
160.28,CCCCCC(C=O)SC,2-methylsulfanylheptanal,2-methylsulfanylheptanal,leffingwell,leffingwell_goodscents
162.23,CC(C)C(C=O)C1=CC=CC=C1,3-methyl-2-phenylbutanal,3-methyl-2-phenylbutanal,leffingwell,leffingwell_goodscents
172.26,CCCCCC(=O)OC(C)CC,butan-2-yl hexanoate,sec-butyl hexanoate,leffingwell,leffingwell_goodscents
210.4,CCCCSSSCCCC,1-(butyltrisulfanyl)butane,dibutyl trisulfide,leffingwell,leffingwell_goodscents
146.23,CCCCCOC(C)OC,1-(1-methoxyethoxy)pentane,1-(1-methoxyethoxy)pentane,leffingwell,leffingwell_goodscents
132.2,CCCCOC(C)OC,1-(1-methoxyethoxy)butane,xi-1-butoxy-1-methoxyethane,leffingwell,leffingwell_goodscents
98.1,CC1=CC(=O)CO1,5-methylfuran-3-one,5-methylfuran-3(2h)-one,leffingwell,leffingwell_goodscents
188.31,CCCOC(CC(C)C)OCCC,"3-methyl-1,1-dipropoxybutane",isovaleraldehyde dipropyl acetal,leffingwell,leffingwell_goodscents
310.5,CCCCCCCCCC(=O)OC1CC(CCC1C(C)C)C,(5-methyl-2-propan-2-ylcyclohexyl) decanoate,menthol decanoate,leffingwell,leffingwell_goodscents
208.34,CCCCCCCCCCC1=CC=CO1,2-decylfuran,2-decylfuran,leffingwell,leffingwell_goodscents
270.41,CCCCCCCCCCC(C(=O)C)C(=O)OCC,ethyl 2-acetyldodecanoate,ethyl 2-acetyldodecanoate,leffingwell,leffingwell_goodscents
144.3,CSCC1=CC=CS1,2-(methylsulfanylmethyl)thiophene,22906-17-8,leffingwell,leffingwell_goodscents
166.22,CCOC(C1=CC=CC=C1)OC,[ethoxy(methoxy)methyl]benzene,(ethoxy-methoxymethyl)benzene,leffingwell,leffingwell_goodscents
128.19,CC1=C(OC=C1)CS,(3-methylfuran-2-yl)methanethiol,(3-methylfuran-2-yl)methanethiol,leffingwell,leffingwell_goodscents
192.3,C/C=C/C(=O)[C@@H]1[C@H](C=CCC1(C)C)C,"(E)-1-[(1R,2S)-2,6,6-trimethylcyclohex-3-en-1-yl]but-2-en-1-one",71048-82-3,leffingwell,leffingwell_goodscents
184.26,CC1=C(C=CO1)SC(C)C(=O)C,3-(2-methylfuran-3-yl)sulfanylbutan-2-one,61295-44-1,leffingwell,leffingwell_goodscents
179.22,CCNC1=CC=CC=C1C(=O)OC,methyl 2-(ethylamino)benzoate,methyl 2-(ethylamino)benzoate,leffingwell,leffingwell_goodscents
188.22,CCC(COC(=O)C)C(=O)OCC,ethyl 2-(acetyloxymethyl)butanoate,88226-63-5,leffingwell,leffingwell_goodscents
216.32,CCCCCCCCC(C(=O)OCC)O,ethyl 2-hydroxydecanoate,hydroxydecanoic acid ethyl ester,leffingwell,leffingwell_goodscents
148.23,CCC(C(=O)OCC)S,ethyl 2-sulfanylbutanoate,ethyl 2-sulfanylbutanoate,leffingwell,leffingwell_goodscents
164.2,CCC(=O)C(C1=CC=CC=C1)O,1-hydroxy-1-phenylbutan-2-one,1-hydroxy-1-phenylbutan-2-one,leffingwell,leffingwell_goodscents
182.26,CCCCCC1C(=C(C(=O)O1)C)C,"3,4-dimethyl-2-pentyl-2H-furan-5-one",dihydrobovolide,leffingwell,leffingwell_goodscents
204.26,CCOC(=O)CC(C)(OCC)OCC,"ethyl 3,3-diethoxybutanoate","ethyl 3,3-diethoxybutanoate",leffingwell,leffingwell_goodscents
126.2,CCC/C=C/CC(=O)C,(E)-oct-4-en-2-one,oct-4-en-2-one,leffingwell,leffingwell_goodscents
180.2,CCOC(=O)C1=CC=CC=C1CO,ethyl 2-(hydroxymethyl)benzoate,ethyl 2-(hydroxymethyl)benzoate,leffingwell,leffingwell_goodscents
192.21,CC1=CC=C(C=C1)C2C(O2)C(=O)OC,methyl 3-(4-methylphenyl)oxirane-2-carboxylate,methyl 3-(4-methylphenyl)oxirane-2-carboxylate,leffingwell,leffingwell_goodscents
120.22,CC(CS)C(C)O,3-methyl-4-sulfanylbutan-2-ol,4-mercapto-3-methyl-2-butanol,leffingwell,leffingwell_goodscents
216.36,CCCCOC(CC(C)C)OCCCC,"1,1-dibutoxy-3-methylbutane","1,1-dibutoxy-3-methylbutane",leffingwell,leffingwell_goodscents
143.21,CC(=O)C1=CNCCS1,"1-(3,4-dihydro-2H-1,4-thiazin-6-yl)ethanone",101417-25-8,leffingwell,leffingwell_goodscents
160.17,CCC(C(=O)OC)OC(=O)C,methyl 2-acetyloxybutanoate,104555-62-6,leffingwell,leffingwell_goodscents
170.25,CCCCCCC(=O)C(=O)CC,"decane-3,4-dione",schembl1171469,leffingwell,leffingwell_goodscents
130.18,CCCCC(=O)CCO,1-hydroxyheptan-3-one,1-hydroxy-3-heptanone,leffingwell,leffingwell_goodscents
142.2,CCCCCC1C(O1)C=O,3-pentyloxirane-2-carbaldehyde,"2,3-epoxyoctanal",leffingwell,leffingwell_goodscents
118.2,CC(C)C(=S)OC,O-methyl 2-methylpropanethioate,methyl thioisobutyrate,leffingwell,leffingwell_goodscents
126.2,CCCC/C=C\CC=O,(Z)-oct-3-enal,cis-3-octenal,leffingwell,leffingwell_goodscents
154.25,CCCC/C=C\CCCC=O,(Z)-dec-5-enal,(z)-5-decenal,leffingwell,leffingwell_goodscents
198.34,CC[C@@H](C)CCCCCCCCC=O,(10R)-10-methyldodecanal,(r)-(-)-10-methyldodecanal,leffingwell,leffingwell_goodscents
132.23,CCC(C)C(=S)OC,O-methyl 2-methylbutanethioate,schembl18339372,leffingwell,leffingwell_goodscents
162.25,CCCCOC(=O)C(C)S,butyl 2-sulfanylpropanoate,schembl2134226,leffingwell,leffingwell_goodscents
134.2,CCC(C(=O)OC)S,methyl 2-sulfanylbutanoate,methyl 2-sulfanylbutanoate,leffingwell,leffingwell_goodscents
174.19,CCC(=O)C(C)(C(=O)OCC)O,ethyl 2-hydroxy-2-methyl-3-oxopentanoate,ethyl 2-hydroxy-2-methyl-3-oxopentanoate,leffingwell,leffingwell_goodscents
188.22,CCCC(=O)C(C)(C(=O)OCC)O,ethyl 2-hydroxy-2-methyl-3-oxohexanoate,schembl20268624,leffingwell,leffingwell_goodscents
142.24,CCC(C)CCCCC=O,6-methyloctanal,6-methyloctanal,leffingwell,leffingwell_goodscents
150.22,C/C(=C\CCC(=C)C=C)/C=O,"(2E)-2-methyl-6-methylideneocta-2,7-dienal","2,7-octadienal, 2-methyl-6-methylene-, (e)-",leffingwell,leffingwell_goodscents
184.32,CC(CCC=C(C)C)CC(C)(C)O,"2,4,8-trimethylnon-7-en-2-ol","2,4,8-trimethyl-7-nonen-2-ol",leffingwell,leffingwell_goodscents
143.25,CC(C)CC1N=CCS1,"2-(2-methylpropyl)-2,5-dihydro-1,3-thiazole",39800-92-5,leffingwell,leffingwell_goodscents
200.27,CCCCCCOC(=O)CCC(=O)C,hexyl 4-oxopentanoate,hexyl levulinate,leffingwell,leffingwell_goodscents
128.13,CC(=O)C(=O)OCC=C,prop-2-enyl 2-oxopropanoate,allyl pyruvate,leffingwell,leffingwell_goodscents
272.38,CCCCCCCCCCC(C(=O)OC)OC(=O)C,methyl 2-acetyloxydodecanoate,2-(acetyloxy)dodecanoic acid methyl ester,leffingwell,leffingwell_goodscents
164.2,CC(C)(C1=CC=CC=C1)OC=O,2-phenylpropan-2-yl formate,schembl135668,leffingwell,leffingwell_goodscents
148.23,CC(=O)OCCCCS,4-sulfanylbutyl acetate,89534-39-4,leffingwell,leffingwell_goodscents
200.26,COC(=O)CCSCC1=CC=CO1,methyl 3-(furan-2-ylmethylsulfanyl)propanoate,94278-26-9,leffingwell,leffingwell_goodscents
148.23,CCOC(=O)C(C)CS,ethyl 2-methyl-3-sulfanylpropanoate,ethyl 3-mercapto-2-methylpropanoate,leffingwell,leffingwell_goodscents
186.23,CCOC(=O)SCC1=CC=CO1,ethyl furan-2-ylmethylsulfanylformate,o-ethyl s-(2-furylmethyl)thiocarbonate,leffingwell,leffingwell_goodscents
199.25,C1=CC=C(C=C1)CCC(=O)C2=CC=CN2,3-phenyl-1-(1H-pyrrol-2-yl)propan-1-one,dihydrocinnamoylpyrrol,leffingwell,leffingwell_goodscents
238.5,CC(C)CCSSSCCC(C)C,3-methyl-1-(3-methylbutyltrisulfanyl)butane,diisoamyl trisulfide,leffingwell,leffingwell_goodscents
188.3,CCCSSCC1=CC=CO1,2-[(propyldisulfanyl)methyl]furan,furfuryl propyl disulfide,leffingwell,leffingwell_goodscents
192.28,CSC/C(=C/C1=CC=CC=C1)/C=O,(E)-2-(methylsulfanylmethyl)-3-phenylprop-2-enal,(2e)-2-(methylthiomethyl)-3-phenyl-2-propenal,leffingwell,leffingwell_goodscents
240.38,CC(C)CC(=O)OCCC(C)CCCC(=C)C,"3,7-dimethyloct-7-enyl 3-methylbutanoate",rhodinyl isovalerate,leffingwell,leffingwell_goodscents
176.26,C1CCC(CC1)CC2=NC=CN=C2,2-(cyclohexylmethyl)pyrazine,(cyclohexylmethyl)pyrazine,leffingwell,leffingwell_goodscents
218.29,C/C=C/C(=O)OC(C)(C)CC1=CC=CC=C1,(2-methyl-1-phenylpropan-2-yl) (E)-but-2-enoate,dimethylbenzyl carbinyl crotonate,leffingwell,leffingwell_goodscents
210.23,CCCC(=O)OC1=C(OC=CC1=O)CC,(2-ethyl-4-oxopyran-3-yl) butanoate,2-ethyl-4-oxo-4h-pyran-3-yl butyrate,leffingwell,leffingwell_goodscents
422.7,CCCCCCCCCCCCCCCCCC(=O)OC1CC(CCC1C(C)C)C,(5-methyl-2-propan-2-ylcyclohexyl) octadecanoate,2-isopropyl-5-methylcyclohexyl stearate,leffingwell,leffingwell_goodscents
222.32,CCCC(=O)OC1CC(CC=C1C)C(=C)C,(2-methyl-5-prop-1-en-2-ylcyclohex-2-en-1-yl) butanoate,93919-04-1,leffingwell,leffingwell_goodscents
184.4,CC1(CSSSS1)C,"5,5-dimethyltetrathiane","5,5-dimethyltetrathiane",leffingwell,leffingwell_goodscents
132.23,CCCC(=O)CSC,1-methylsulfanylpentan-2-one,schembl8215438,leffingwell,leffingwell_goodscents
162.18,CC1C2=C(C=CC=C2OC1=O)C,"3,4-dimethyl-3H-1-benzofuran-2-one",dimethyl benzo-furanone,leffingwell,leffingwell_goodscents
138.3,CCCOS(=S)C,methyl-propoxy-sulfanylidene-lambda4-sulfane,propyl methanethiosulfinate,leffingwell,leffingwell_goodscents
166.17,CC(=O)OC(C1=CC=CC=C1)O,[hydroxy(phenyl)methyl] acetate,hydroxybenzyl acetate,leffingwell,leffingwell_goodscents
146.25,CC1OCCC(S1)(C)C,"2,4,4-trimethyl-1,3-oxathiane","2,4,4-trimethyl-1,3-oxathiane",leffingwell,leffingwell_goodscents
132.23,CC1(CCOCS1)C,"4,4-dimethyl-1,3-oxathiane","4,4-dimethyl-1,3-oxathiane",leffingwell,leffingwell_goodscents
156.22,CC(C)CCC(=O)OCC=C,prop-2-enyl 4-methylpentanoate,allyl 4-methylpentanoate,leffingwell,leffingwell_goodscents
274.35,CCC(C)COC(=O)CC(C(=O)OCC(C)CC)O,bis(2-methylbutyl) 2-hydroxybutanedioate,di-(2-methylbutyl)-dl-malate,leffingwell,leffingwell_goodscents
174.24,CCC(C)C(=O)OCCCCO,4-hydroxybutyl 2-methylbutanoate,schembl2532470,leffingwell,leffingwell_goodscents
186.29,CC(C)CCCCOC(=O)C(C)C,5-methylhexyl 2-methylpropanoate,isoheptyl isobutyrate,leffingwell,leffingwell_goodscents
160.21,CCCC(=O)OCCCCO,4-hydroxybutyl butanoate,4-hydroxybutyl butanoate,leffingwell,leffingwell_goodscents
154.16,CCCC(=O)OC1=CC=CO1,furan-2-yl butanoate,furan-2-yl butanoate,leffingwell,leffingwell_goodscents
162.25,CCC(CS)C(=O)OCC,ethyl 2-(sulfanylmethyl)butanoate,schembl6739813,leffingwell,leffingwell_goodscents
118.2,CCC(C)C(=O)S,2-methylbutanethioic S-acid,schembl877977,leffingwell,leffingwell_goodscents
206.28,CCCC(=O)OC(C)CC1=CC=CC=C1,1-phenylpropan-2-yl butanoate,1-phenyl-2-propyl butyrate,leffingwell,leffingwell_goodscents
128.17,CCCCC1C(O1)C=O,3-butyloxirane-2-carbaldehyde,3-butyloxirane-2-carbaldehyde,leffingwell,leffingwell_goodscents
188.31,CCC(OCC(C)C)OCC(C)C,2-methyl-1-[1-(2-methylpropoxy)propoxy]propane,13002-11-4,leffingwell,leffingwell_goodscents
160.25,CCC(OCC)OCC(C)C,1-(1-ethoxypropoxy)-2-methylpropane,1-isobutoxy-1-ethoxypropane,leffingwell,leffingwell_goodscents
118.17,CCC(OC)OCC,1-ethoxy-1-methoxypropane,1-ethoxy-1-methoxypropane,leffingwell,leffingwell_goodscents
120.22,CCCCC(O)S,1-sulfanylpentan-1-ol,thiopentol,leffingwell,leffingwell_goodscents
170.29,CCC(C)CCCCCCC=O,8-methyldecanal,8-methyldecanal,leffingwell,leffingwell_goodscents
240.41,CC1=C(C(CCC1)(C)C)C(=O)CC(C)SC,"3-methylsulfanyl-1-(2,6,6-trimethylcyclohexen-1-yl)butan-1-one",fema no. 4569,leffingwell,leffingwell_goodscents
132.23,CC1CC(C(O1)C)S,"2,5-dimethyloxolane-3-thiol","2,5-dimethyltetrahydrofuran-3-thiol",leffingwell,leffingwell_goodscents
182.22,CCC(C)C(=O)OCC1=CC=CO1,furan-2-ylmethyl 2-methylbutanoate,13678-61-0,leffingwell,leffingwell_goodscents
138.25,CCCCCCC=CC=C,"deca-1,3-diene","deca-1,3-diene",leffingwell,leffingwell_goodscents
150.18,CCC1=CN=C(C=N1)C(=O)C,1-(5-ethylpyrazin-2-yl)ethanone,43108-58-3,leffingwell,leffingwell_goodscents
338.6,CCCCCCCCCCCC(=O)OCCC(C)CCC=C(C)C,"3,7-dimethyloct-6-enyl dodecanoate",citronellyl laurate,leffingwell,leffingwell_goodscents
155.26,CC1=NC(=CS1)CC(C)C,"2-methyl-4-(2-methylpropyl)-1,3-thiazole",schembl8250998,leffingwell,leffingwell_goodscents
154.3,CCCCSSS,1-(trisulfanyl)butane,trithiaheptane,leffingwell,leffingwell_goodscents
142.22,CC(C1=CC=CO1)SC,2-(1-methylsulfanylethyl)furan,schembl21687966,leffingwell,leffingwell_goodscents
146.25,CCC(C)C(=S)OCC,O-ethyl 2-methylbutanethioate,schembl11670296,leffingwell,leffingwell_goodscents
236.5,CC(C)CC1SC(SS1)CC(C)C,"3,5-bis(2-methylpropyl)-1,2,4-trithiolane","3,5-diisobutyl-1,2,4-trithiolane",leffingwell,leffingwell_goodscents
154.25,CC(=C(C)C1CCCCO1)C,2-(3-methylbut-2-en-2-yl)oxane,2-(3-methylbut-2-en-2-yl)oxane,leffingwell,leffingwell_goodscents
168.23,C=CCCCC1CCCC(=O)O1,6-pent-4-enyloxan-2-one,9-decen-5-olide,leffingwell,leffingwell_goodscents
198.3,CCCCC1(CCCCC1)OC(=O)C,(1-butylcyclohexyl) acetate,butylcyclohexyl acetate,leffingwell,leffingwell_goodscents
170.3,CC1=CC=CC=C1SSC,1-methyl-2-(methyldisulfanyl)benzene,methyl 2-methylphenyl disulfide,leffingwell,leffingwell_goodscents
182.3,CC(=CCC/C(=C/C(C)(C)O)/C)C,"(3E)-2,4,8-trimethylnona-3,7-dien-2-ol",479547-57-4,leffingwell,leffingwell_goodscents
172.29,CC(C)C/C=C(/CSC)\C=O,(E)-5-methyl-2-(methylsulfanylmethyl)hex-2-enal,5-methyl-2-(methylthiomethyl)-2-hexenal,leffingwell,leffingwell_goodscents
216.36,CCCCC(OCCCC)OCCCC,"1,1-dibutoxypentane",valeraldehyde dibutyl acetal,leffingwell,leffingwell_goodscents
258.44,CCCCCC(OCCCCC)OCCCCC,"1,1-dipentoxyhexane",hexanal dipentyl acetal,leffingwell,leffingwell_goodscents
182.26,C=CCOC(=O)CC1CCCCC1,prop-2-enyl 2-cyclohexylacetate,allyl cyclohexaneacetate,leffingwell,leffingwell_goodscents
196.29,CCCCCCOC(=O)/C=C/C=C/C,"hexyl (2E,4E)-hexa-2,4-dienoate",hexane sorbate,leffingwell,leffingwell_goodscents
155.26,CCCCCC1=NC=CS1,"2-pentyl-1,3-thiazole",2-pentylthiazole,leffingwell,leffingwell_goodscents
186.29,CCCC(=O)OCCCCC(C)C,5-methylhexyl butanoate,schembl332926,leffingwell,leffingwell_goodscents
242.35,CCC(C(=O)OC1CC(CCC1C(C)C)C)O,(5-methyl-2-propan-2-ylcyclohexyl) 2-hydroxybutanoate,athylglykolsaurementhylester,leffingwell,leffingwell_goodscents
158.24,CC(C)CCCCOC(=O)C,5-methylhexyl acetate,5-methylhexyl acetate,leffingwell,leffingwell_goodscents
148.23,CCCOC(=O)C(C)S,propyl 2-sulfanylpropanoate,propyl 2-mercaptopropionate,leffingwell,leffingwell_goodscents
204.33,CCCCCCOC(=O)C(CC)S,hexyl 2-sulfanylbutanoate,schembl150498,leffingwell,leffingwell_goodscents
182.3,CCCOS(=O)(=S)CCC,oxo-propoxy-propyl-sulfanylidene-lambda6-sulfane,propylpropanthiosulfonat,leffingwell,leffingwell_goodscents
123.15,CC(=O)CC1=CC=CN1,1-(1H-pyrrol-2-yl)propan-2-one,125281-94-9,leffingwell,leffingwell_goodscents
158.24,CCCCCC(CC)OC=O,octan-3-yl formate,octan-3-yl formate,leffingwell,leffingwell_goodscents
130.14,CCC1(COC(=O)O1)C,"4-ethyl-4-methyl-1,3-dioxolan-2-one",ethyl methyl ethylene carbonate,leffingwell,leffingwell_goodscents
136.2,CC(=O)CSSC,1-(methyldisulfanyl)propan-2-one,1-methyldithio-2-propanone,leffingwell,leffingwell_goodscents
220.31,CC(C)CCOC(=O)C(C)C1=CC=CC=C1,3-methylbutyl 2-phenylpropanoate,2-phenylpropanoic acid isopentyl ester,leffingwell,leffingwell_goodscents
151.21,CC(C)C=NCC1=CC=CO1,N-(furan-2-ylmethyl)-2-methylpropan-1-imine,isobutylidene furfurylamine,leffingwell,leffingwell_goodscents
186.32,CC(C)C1CCC(CC1=O)(C)S,5-methyl-2-propan-2-yl-5-sulfanylcyclohexan-1-one,cis- and trans-l-mercapto-p-menthan-3-one,leffingwell,leffingwell_goodscents
169.29,CCCCC1=C(N=C(S1)C)C,"5-butyl-2,4-dimethyl-1,3-thiazole",schembl10284723,leffingwell,leffingwell_goodscents
148.2,CC1CC(C2=NC=CN=C12)C,"5,7-dimethyl-6,7-dihydro-5H-cyclopenta[b]pyrazine",41330-21-6,leffingwell,leffingwell_goodscents
186.25,CCCC(=O)CCCC(=O)OCC,ethyl 5-oxooctanoate,ethyl 5-oxooctanoate,leffingwell,leffingwell_goodscents
290.5,CC1=C(C=CO1)SSSSC2=C(OC=C2)C,2-methyl-3-[(2-methylfuran-3-yl)tetrasulfanyl]furan,28588-76-3,leffingwell,leffingwell_goodscents
222.32,C/C=C/C(=O)OC/C=C(/C)\CCC=C(C)C,"[(2Z)-3,7-dimethylocta-2,6-dienyl] (E)-but-2-enoate",71648-17-4,leffingwell,leffingwell_goodscents
218.32,CC(=O)OCCCCCCSC(=O)C,6-acetylsulfanylhexyl acetate,6-acetylsulfanylhexyl acetate,leffingwell,leffingwell_goodscents
182.26,C/C=C/C=C/C(=O)OCCC(C)C,"3-methylbutyl (2E,4E)-hexa-2,4-dienoate",sorbic acid isoamyl ester,leffingwell,leffingwell_goodscents
140.22,CC/C=C\C/C=C/CCO,"(3E,6Z)-nona-3,6-dien-1-ol","(3e,6z)-3,6-nonadien-1-ol",leffingwell,leffingwell_goodscents
174.3,CC1=CC=C(O1)CSSC,2-methyl-5-[(methyldisulfanyl)methyl]furan,78818-78-7,leffingwell,leffingwell_goodscents
155.22,CC(=O)CCC1=NC=CS1,"4-(1,3-thiazol-2-yl)butan-2-one",933740-86-4,leffingwell,leffingwell_goodscents
160.28,CCCC1OCCC(S1)C,"4-methyl-2-propyl-1,3-oxathiane","4-methyl-2-propyl-1,3-oxathiane",leffingwell,leffingwell_goodscents
204.33,CCCCCC(=O)OCCCSC,3-methylsulfanylpropyl hexanoate,3-methylsulfanylpropyl hexanoate,leffingwell,leffingwell_goodscents
180.3,CSCCCOC(=O)CS,3-methylsulfanylpropyl 2-sulfanylacetate,852997-30-9,leffingwell,leffingwell_goodscents
289.5,CC(C)CC1NC(SC(S1)CC(C)C)CC(C)C,"2,4,6-tris(2-methylpropyl)-1,3,5-dithiazinane",74595-94-1,leffingwell,leffingwell_goodscents
255.31,CNC1=CC=CC=C1C(=O)OCCC2=CC=CC=C2,2-phenylethyl 2-(methylamino)benzoate,2-phenylethyl 2-(methylamino)benzoate,leffingwell,leffingwell_goodscents
226.35,CCCCCCCCCC=CC(=O)OCC,ethyl dodec-2-enoate,ethyl dodec-2-enoate,leffingwell,leffingwell_goodscents
216.36,CCCCC(OCC(C)C)OCC(C)C,"1,1-bis(2-methylpropoxy)pentane","1,1-bis(2-methylpropoxy)pentane",leffingwell,leffingwell_goodscents
174.28,CCC(OCC)OCCC(C)C,1-(1-ethoxypropoxy)-3-methylbutane,1-(1-ethoxypropoxy)-3-methylbutane,leffingwell,leffingwell_goodscents
188.31,CCCCCOC(CCC)OCC,1-(1-ethoxybutoxy)pentane,1-(1-ethoxybutoxy)pentane,leffingwell,leffingwell_goodscents
160.25,CCCOC(C(C)C)OCC,1-ethoxy-2-methyl-1-propoxypropane,1-ethoxy-2-methyl-1-propoxypropane,leffingwell,leffingwell_goodscents
216.36,CCCCCCOC(C)OCCC(C)C,1-[1-(3-methylbutoxy)ethoxy]hexane,acetaldehyde hexyl isoamyl acetal,leffingwell,leffingwell_goodscents
150.18,CC1=NC=C(N=C1C)C(=O)C,"1-(5,6-dimethylpyrazin-2-yl)ethanone","1-(5,6-dimethylpyrazin-2-yl)ethanone",leffingwell,leffingwell_goodscents
150.18,CCC1=CN=CC(=N1)C(=O)C,1-(6-ethylpyrazin-2-yl)ethanone,34413-34-8,leffingwell,leffingwell_goodscents
238.41,CCCCCCCC=C(CCCCCC)C=O,2-hexyldec-2-enal,2-hexyldec-2-enal,leffingwell,leffingwell_goodscents
166.17,CC=CC(=O)OCC1=CC=CO1,furan-2-ylmethyl but-2-enoate,(furan-2-yl)methyl but-2-enoate,leffingwell,leffingwell_goodscents
168.4,CCCSSSCC,1-(ethyltrisulfanyl)propane,1-(ethyltrisulfanyl)propane,leffingwell,leffingwell_goodscents
204.33,CC(C)CC(=O)OCCC(C)(C)S,(3-methyl-3-sulfanylbutyl) 3-methylbutanoate,612071-27-9,leffingwell,leffingwell_goodscents
160.25,CCC(C)COC(C)OCC,1-(1-ethoxyethoxy)-2-methylbutane,1-(1-ethoxyethoxy)-2-methylbutane,leffingwell,leffingwell_goodscents
202.33,CCC(C)COC(C)OCCC(C)C,2-methyl-1-[1-(3-methylbutoxy)ethoxy]butane,2-methyl-1-[1-(3-methylbutoxy)ethoxy]butane,leffingwell,leffingwell_goodscents
188.31,CCCCOC(C)OCCC(C)C,1-(1-butoxyethoxy)-3-methylbutane,1-(1-butoxyethoxy)-3-methylbutane,leffingwell,leffingwell_goodscents
188.31,CCOC(C(C)C)OCCC(C)C,1-(1-ethoxy-2-methylpropoxy)-3-methylbutane,253679-74-2,leffingwell,leffingwell_goodscents
202.33,CCCCCOC(C)OCCC(C)C,1-[1-(3-methylbutoxy)ethoxy]pentane,1-[1-(3-methylbutoxy)ethoxy]pentane,leffingwell,leffingwell_goodscents
174.28,CCCOC(C)OCCC(C)C,3-methyl-1-(1-propoxyethoxy)butane,3-methyl-1-(1-propoxyethoxy)butane,leffingwell,leffingwell_goodscents
254.5,CCC(C)CCCCCCCCCCCCC=O,14-methylhexadecanal,14-methylhexadecanal,leffingwell,leffingwell_goodscents
226.35,CCCCCCOC(=O)C=CCCCCC,hexyl oct-2-enoate,dtxsid40234741,leffingwell,leffingwell_goodscents
114.21,CC(=C)C=CSC,"3-methyl-1-methylsulfanylbuta-1,3-diene","3-methyl-1-methylsulfanylbuta-1,3-diene",leffingwell,leffingwell_goodscents
86.13,CCCC=CO,pent-1-en-1-ol,hydroxypentene,leffingwell,leffingwell_goodscents
128.21,CCCCCC=C(C)O,oct-2-en-2-ol,oct-2-en-2-ol,leffingwell,leffingwell_goodscents
164.3,CC(C)C(=O)SCSC,S-(methylsulfanylmethyl) 2-methylpropanethioate,s-(methylthiomethyl) 2-methylpropanethioate,leffingwell,leffingwell_goodscents
204.26,CCCCC=COC(=O)C1=CC=CC=C1,hex-1-enyl benzoate,hex-1-enyl benzoate,leffingwell,leffingwell_goodscents
196.29,CCCCC=COC(=O)C=CCCC,hex-1-enyl hex-2-enoate,83247-41-0,leffingwell,leffingwell_goodscents
154.25,CCCC=CCCCCC=O,dec-6-enal,dec-6-enal,leffingwell,leffingwell_goodscents
154.21,C1CCCOC(=O)C=CCC1,"2,3,4,5,6,7-hexahydrooxecin-10-one","2,3,4,5,6,7-hexahydrooxecin-10-one",leffingwell,leffingwell_goodscents
150.22,CCCC=CC=CC=CC=O,"deca-2,4,6-trienal","deca-2,4,6-trienal",leffingwell,leffingwell_goodscents
156.2,C1=CSC(=C1)C(=O)CCO,3-hydroxy-1-thiophen-2-ylpropan-1-one,3-hydroxy-1-(thiophen-2-yl)propan-1-one,leffingwell,leffingwell_goodscents
146.25,CCCCCC(=S)OC,O-methyl hexanethioate,methyl thiohexanoate,leffingwell,leffingwell_goodscents
148.24,CCCC=CC=CC=CC=C,"undeca-1,3,5,7-tetraene","1,3,5,7-undecatetraene",leffingwell,leffingwell_goodscents
198.22,C1=CC=C(C=C1)C=C(C=O)C2=CC=CO2,2-(furan-2-yl)-3-phenylprop-2-enal,schembl6709707,leffingwell,leffingwell_goodscents
256.42,CCCCCCCCCCC(=O)OCCC(C)C,3-methylbutyl undecanoate,isoamyl undecanoate,leffingwell,leffingwell_goodscents
184.27,CCCCCCC=COC(=O)CC,oct-1-enyl propanoate,octenol propionate,leffingwell,leffingwell_goodscents
220.35,CCCCCCCCC=CC=CC=CC=O,"pentadeca-2,4,6-trienal","pentadeca-2,4,6-trienal",leffingwell,leffingwell_goodscents
170.25,CCCCC=COC(=O)CCC,hex-1-enyl butanoate,hexenyl butanoate,leffingwell,leffingwell_goodscents
142.2,CCC=CC(=O)OC(C)C,propan-2-yl pent-2-enoate,propan-2-yl pent-2-enoate,leffingwell,leffingwell_goodscents
206.32,CCCCCCCC=CC=CC=CC=O,"tetradeca-2,4,6-trienal",tetradecatrienal,leffingwell,leffingwell_goodscents
114.14,CCC=C(C)OC=O,pent-2-en-2-yl formate,pent-2-en-2-yl formate,leffingwell,leffingwell_goodscents
234.38,CCCCCCCCCC=CC=CC=CC=O,"hexadeca-2,4,6-trienal",hexadecatrienal,leffingwell,leffingwell_goodscents
170.32,CC1=CC(C(CC1)C(C)C)S,3-methyl-6-propan-2-ylcyclohex-2-ene-1-thiol,menthenethiol,leffingwell,leffingwell_goodscents
180.4,CCC1(CSSS1)CC,"4,4-diethyltrithiolane",schembl4946273,leffingwell,leffingwell_goodscents
170.25,CCCCC=COC(=O)C(C)C,hex-1-enyl 2-methylpropanoate,1-hexenyl isobutyrate,leffingwell,leffingwell_goodscents
232.36,CCCCCCCC=CC=CC=CC=CC=O,"hexadeca-2,4,6,8-tetraenal","hexadeca-2,4,6,8-tetraenal",leffingwell,leffingwell_goodscents
212.33,CCCCCCCCCC=CC(=O)OC,methyl dodec-2-enoate,methyl dodec-2-enoate,leffingwell,leffingwell_goodscents
176.12,C([C@H]([C@@H]1C(=C(C(=O)O1)O)O)O)O,"(2R)-2-[(1R)-1,2-dihydroxyethyl]-3,4-dihydroxy-2H-furan-5-one",erythorbic acid,leffingwell,leffingwell_goodscents
176.12,C(C(C1C(=C(C(=O)O1)O)O)O)O,"2-(1,2-dihydroxyethyl)-3,4-dihydroxy-2H-furan-5-one",62624-30-0,leffingwell,leffingwell_goodscents
170.25,CCCCCCCC1C(O1)C=O,3-heptyloxirane-2-carbaldehyde,"2,3-epoxydecanal",leffingwell,leffingwell_goodscents
169.29,CCCCCC1=NC(=CS1)C,"4-methyl-2-pentyl-1,3-thiazole",4-methyl-2-pentylthiazole,leffingwell,leffingwell_goodscents
162.23,COC1=CC=CC=C1CC2CC2,1-(cyclopropylmethyl)-2-methoxybenzene,schembl23886286,leffingwell,leffingwell_goodscents
185.33,CCC1C(=NC(S1)CC(C)C)C,"5-ethyl-4-methyl-2-(2-methylpropyl)-2,5-dihydro-1,3-thiazole",83418-53-5,leffingwell,leffingwell_goodscents
155.26,CCC1=C(SC(=N1)C)CC,"4,5-diethyl-2-methyl-1,3-thiazole",schembl12827565,leffingwell,leffingwell_goodscents
230.39,CC(C)CCOC(C(C)C)OCCC(C)C,3-methyl-1-[2-methyl-1-(3-methylbutoxy)propoxy]butane,13112-63-5,leffingwell,leffingwell_goodscents
244.41,CC(C)CCOC(CC(C)C)OCCC(C)C,"3-methyl-1,1-bis(3-methylbutoxy)butane",diisopentyl acetal,leffingwell,leffingwell_goodscents
166.17,CC(=CC(=O)C=C1COC1=O)C,3-(4-methyl-2-oxopent-3-enylidene)oxetan-2-one,3-(4-methyl-2-oxopent-3-enylidene)oxetan-2-one,leffingwell,leffingwell_goodscents
310.5,CCCCCCCCCC(=O)OCCC(C)CCC=C(C)C,"3,7-dimethyloct-6-enyl decanoate","3,7-dimethyloct-6-en-1-yl decanoate",leffingwell,leffingwell_goodscents
272.5,CCCCCCOC(CCCCC)OCCC(C)C,1-hexoxy-1-(3-methylbutoxy)hexane,1-hexoxy-1-isopentyloxy-hexane,leffingwell,leffingwell_goodscents
182.26,CCCCC=CC1C(CC(=O)O1)C,5-hex-1-enyl-4-methyloxolan-2-one,188442-41-3,leffingwell,leffingwell_goodscents
172.29,CCCCCC(=S)OCC=C,O-prop-2-enyl hexanethioate,s-prop-2-en-1-yl butanethioate,leffingwell,leffingwell_goodscents
200.32,CCCCCC(C)OC(=O)CC(C)C,heptan-2-yl 3-methylbutanoate,heptan-2-yl 3-methylbutanoate,leffingwell,leffingwell_goodscents
214.34,CCCCCCCOC(=O)CCC(C)C,heptyl 4-methylpentanoate,schembl6439025,leffingwell,leffingwell_goodscents
176.28,CCOC(=O)CCCCSC,ethyl 5-methylsulfanylpentanoate,ethyl 5-(methylthio)valerate,leffingwell,leffingwell_goodscents
256.42,CCCCCCCCCCOC(=O)CCC(C)C,decyl 4-methylpentanoate,schembl889133,leffingwell,leffingwell_goodscents
129.23,CCC1N=C(CS1)C,"2-ethyl-4-methyl-2,5-dihydro-1,3-thiazole","3-thiazoline, 2-ethyl-4-methyl-",leffingwell,leffingwell_goodscents
162.25,CCOC(=O)C(C)CSC,ethyl 2-methyl-3-methylsulfanylpropanoate,schembl12707546,leffingwell,leffingwell_goodscents
228.37,CCCCCCCCOC(=O)CCC(C)C,octyl 4-methylpentanoate,octyl 4-methylpentanoate,leffingwell,leffingwell_goodscents
174.31,CCCCCCC(=O)CSC,1-methylsulfanyloctan-2-one,akos011987087,leffingwell,leffingwell_goodscents
188.33,CCCCCC(=O)CSCCC,1-propylsulfanylheptan-2-one,akos014463228,leffingwell,leffingwell_goodscents
184.27,CCCCCCCC1(CC1)C(=O)O,1-heptylcyclopropane-1-carboxylic acid,schembl3493870,leffingwell,leffingwell_goodscents
188.26,CC(=C)C(=O)C(C)(C)C1=CC=CC=C1,"2,4-dimethyl-4-phenylpent-1-en-3-one",schembl1171328,leffingwell,leffingwell_goodscents
192.3,CC1C(C=C2C1(C=CCC2(C)C)C)O,"1,4,4,7a-tetramethyl-2,5-dihydro-1H-inden-2-ol","2,4,5,7alpha-tetrahydro-1,4,4,7a-tetramethyl-1h-inden-2-ol",leffingwell,leffingwell_goodscents
394.7,CCCCCCCCCCCCCCCC(=O)OC1CC(CCC1C(C)C)C,(5-methyl-2-propan-2-ylcyclohexyl) hexadecanoate,menthol hexadecanoate,leffingwell,leffingwell_goodscents
344.5,CCCCCCCCCCCCCC(=O)OCC=CC1=CC=CC=C1,3-phenylprop-2-enyl tetradecanoate,3-phenylprop-2-enyl tetradecanoate,leffingwell,leffingwell_goodscents
282.5,CCCCCCCC(=O)OC1CC(CCC1C(C)C)C,(5-methyl-2-propan-2-ylcyclohexyl) octanoate,menthol octanoate,leffingwell,leffingwell_goodscents
206.24,CC(=O)OC(C=CC1=CC=CC=C1)OC,(1-methoxy-3-phenylprop-2-enyl) acetate,(1-methoxy-3-phenylprop-2-enyl) acetate,leffingwell,leffingwell_goodscents
184.27,CC(C)C1(CCCCC1)OC(=O)C,(1-propan-2-ylcyclohexyl) acetate,schembl9609263,leffingwell,leffingwell_goodscents
153.22,CC1=C(OC(=N1)C)CC(C)C,"2,4-dimethyl-5-(2-methylpropyl)-1,3-oxazole",schembl10086280,leffingwell,leffingwell_goodscents
196.29,C1CCCCC=CC(=O)OCCCC1,1-oxacyclotridec-3-en-2-one,1-oxacyclotridec-3-en-2-one,leffingwell,leffingwell_goodscents
224.3,CC(C)CCOC(=O)CCCC1=CC=CO1,3-methylbutyl 4-(furan-2-yl)butanoate,isoamyl 4-(2-furan)butyrate,leffingwell,leffingwell_goodscents
210.27,CC(OC)OC(C)OCC1=CC=CC=C1,1-(1-methoxyethoxy)ethoxymethylbenzene,schembl4236137,leffingwell,leffingwell_goodscents
230.39,CCCCCC(OCC(C)C)OCC(C)C,"1,1-bis(2-methylpropoxy)hexane",schembl14778484,leffingwell,leffingwell_goodscents
114.19,CCCCCC=CO,hept-1-en-1-ol,heptenol,leffingwell,leffingwell_goodscents
154.25,CCCCC=CC(=O)C(C)C,2-methylnon-4-en-3-one,2-methylnon-4-en-3-one,leffingwell,leffingwell_goodscents
174.26,CCCC(CC=O)SC(=O)C,S-(1-oxohexan-3-yl) ethanethioate,s-(1-oxohexan-3-yl) ethanethioate,leffingwell,leffingwell_goodscents
270.5,CCCCCCCCCCCC(=O)OC(C)CCC,pentan-2-yl dodecanoate,pentan-2-yl dodecanoate,leffingwell,leffingwell_goodscents
126.2,CCCCC=CC=CO,"octa-1,3-dien-1-ol",octadienol,leffingwell,leffingwell_goodscents
168.28,CCCCCCCC=CC=CO,"undeca-1,3-dien-1-ol","undeca-1,3-dien-1-ol",leffingwell,leffingwell_goodscents
152.19,CCOC(C)C1=NC=CN=C1,2-(1-ethoxyethyl)pyrazine,2-(1-ethoxyethyl)pyrazine,leffingwell,leffingwell_goodscents
198.3,CCCCCCC=CCC(=O)OCC,ethyl dec-3-enoate,ethyl dec-3-enoate,leffingwell,leffingwell_goodscents
244.33,CCCCCC(CCCC(=O)OCC)OC=O,ethyl 5-formyloxydecanoate,ethyl 5-formyloxydecanoate,leffingwell,leffingwell_goodscents
184.27,CCCCC/C=C\CCOC(=O)C,[(Z)-non-3-enyl] acetate,(z)-3-nonenyl acetate,leffingwell,leffingwell_goodscents
252.35,CCCCCCCCCC(=O)OCC1=CC=CO1,furan-2-ylmethyl decanoate,furfuryl decanoate,leffingwell,leffingwell_goodscents
158.26,CC(C)/C=C(/CSC)\C=O,(E)-4-methyl-2-(methylsulfanylmethyl)pent-2-enal,4-methyl-2-(methylthiomethyl)-2-pentenal,leffingwell,leffingwell_goodscents
182.26,CC/C=C\C/C=C\CCOC(=O)C,"[(3Z,6Z)-nona-3,6-dienyl] acetate","(z,z)-3,6-nonadienyl acetate",leffingwell,leffingwell_goodscents
190.26,CC(C(=O)OCC1CCCO1)S,oxolan-2-ylmethyl 2-sulfanylpropanoate,fema no. 4535,leffingwell,leffingwell_goodscents
172.29,CCC(C)/C=C(/CSC)\C=O,(E)-4-methyl-2-(methylsulfanylmethyl)hex-2-enal,fema no. 4566,leffingwell,leffingwell_goodscents
189.3,C[C@H]1N2CCC[C@H]2S[C@H](S1)C,"(2S,4S,8aR)-2,4-dimethyl-6,7,8,8a-tetrahydro-4H-pyrrolo[2,1-d][1,3,5]dithiazine",116505-60-3,leffingwell,leffingwell_goodscents
302.41,CCCCCC(CCCC(=O)OCC1COC(O1)(C)C)O,"(2,2-dimethyl-1,3-dioxolan-4-yl)methyl 5-hydroxydecanoate","(2,2-dimethyl-1,3-dioxolan-4-yl)methyl 5-hydroxydecanoate",leffingwell,leffingwell_goodscents
182.26,CC/C=C\C/C=C/CCOC(=O)C,"[(3E,6Z)-nona-3,6-dienyl] acetate",211323-05-6,leffingwell,leffingwell_goodscents
230.4,CC1C(CCO1)SSC2=C(OC=C2)C,2-methyl-3-[(2-methyloxolan-3-yl)disulfanyl]furan,fema no. 4545,leffingwell,leffingwell_goodscents
206.4,CC1=C(C=CO1)SSCSC,2-methyl-3-(methylsulfanylmethyldisulfanyl)furan,2-methyl-3-(methylsulfanylmethyldisulfanyl)furan,leffingwell,leffingwell_goodscents
186.29,CC(C)CCCOC(=O)CC(C)C,4-methylpentyl 3-methylbutanoate,4-methylpentyl isovalerate,leffingwell,leffingwell_goodscents
185.33,CCC1C(=NC(S1)C(C)CC)C,"2-butan-2-yl-5-ethyl-4-methyl-2,5-dihydro-1,3-thiazole","5-ethyl-2,5-dihydro-4-methyl-2-(1-methylpropyl)-thiazole",leffingwell,leffingwell_goodscents
226.35,CCCCCCCC=CC(=O)OCCCC,butyl dec-2-enoate,dtxsid10864074,leffingwell,leffingwell_goodscents
230.3,CCCCC=COC(=O)C=CC1=CC=CC=C1,hex-1-enyl 3-phenylprop-2-enoate,hex-1-enyl 3-phenylprop-2-enoate,leffingwell,leffingwell_goodscents
116.23,CCC=C(C)SC,2-methylsulfanylpent-2-ene,2-methylsulfanylpent-2-ene,leffingwell,leffingwell_goodscents
220.31,CCCCOC1=C(C=C(C=C1)C=CC)OC,1-butoxy-2-methoxy-4-prop-1-enylbenzene,115422-59-8,leffingwell,leffingwell_goodscents
238.37,CC(=CCCC(=CCCC(C)(C1CO1)O)C)C,"6,10-dimethyl-2-(oxiran-2-yl)undeca-5,9-dien-2-ol",schembl6275006,leffingwell,leffingwell_goodscents
148.2,CCC1CCC2=NC=CN=C12,"5-ethyl-6,7-dihydro-5H-cyclopenta[b]pyrazine",52517-53-0,leffingwell,leffingwell_goodscents
174.19,CCC(C(=O)OCC)OC(=O)C,ethyl 2-acetyloxybutanoate,schembl6685614,leffingwell,leffingwell_goodscents
196.29,CCC=CCCCC1CCCC(=O)O1,6-hept-4-enyloxan-2-one,9-dodecen-5-olide,leffingwell,leffingwell_goodscents
160.21,CCCC(CO)C(=O)OCC,ethyl 2-(hydroxymethyl)pentanoate,ethyl 2-(hydroxymethyl)pentanoate,leffingwell,leffingwell_goodscents
188.22,CC(=C)C=COC(=O)C1=CC=CC=C1,"3-methylbuta-1,3-dienyl benzoate",isoprenyl benzoate,leffingwell,leffingwell_goodscents
130.21,CCOC(=S)C=CC,O-ethyl but-2-enethioate,O-ethyl but-2-enethioate,leffingwell,leffingwell_goodscents
234.29,CCCCC=COC(=O)C1=CC=C(C=C1)OC,hex-1-enyl 4-methoxybenzoate,hex-1-enyl 4-methoxybenzoate,leffingwell,leffingwell_goodscents
188.26,CCCC=C(CC1=CC=CC=C1)C=O,2-benzylhex-2-enal,2-benzylhex-2-enal,leffingwell,leffingwell_goodscents
142.24,CCCCCCCC=CO,non-1-en-1-ol,nonenol,leffingwell,leffingwell_goodscents
190.28,CC1C(=O)C=C2C1(C=CCC2(C)C)C,"1,4,4,7a-tetramethyl-1,5-dihydroinden-2-one","2,2,6,7-tetramethylbicyclo[4.3.0]nona-1(9),4-dien-8-one",leffingwell,leffingwell_goodscents
160.28,CCCCCCC(C=O)S,2-sulfanyloctanal,2-sulfanyloctanal,leffingwell,leffingwell_goodscents
184.27,CCCCCC=CC(=O)OCCC,propyl oct-2-enoate,propyl oct-2-enoate,leffingwell,leffingwell_goodscents
230.3,CCCCCCC(C(=O)OCC)OC(=O)C,ethyl 2-acetyloxyoctanoate,ethyl 2-acetyloxyoctanoate,leffingwell,leffingwell_goodscents
160.21,CCCC(C)OC(=O)C(C)O,pentan-2-yl 2-hydroxypropanoate,schembl4530794,leffingwell,leffingwell_goodscents
146.25,CCCCC(=S)OCC,O-ethyl pentanethioate,pentanethioic acid o-ethyl ester,leffingwell,leffingwell_goodscents
230.39,CC(C)CCOC(CC(C)C)OCC(C)C,3-methyl-1-(3-methylbutoxy)-1-(2-methylpropoxy)butane,1-isobutoxy-1-isopentyloxy-3-methylbutane,leffingwell,leffingwell_goodscents
163.22,CC(C)C1=C(C=CC=N1)C(=O)C,1-(2-propan-2-ylpyridin-3-yl)ethanone,1-(2-isopropylpyridin-3-yl)ethanone,leffingwell,leffingwell_goodscents
170.25,CCCCOC(=O)C/C=C/CC,butyl (E)-hex-3-enoate,118869-62-8,leffingwell,leffingwell_goodscents
130.21,CCOC(=S)C(=C)C,O-ethyl 2-methylprop-2-enethioate,schembl4829391,leffingwell,leffingwell_goodscents
103.19,CS1=CNCC1,"1-methyl-4,5-dihydro-3H-1,3-thiazole",schembl5145576,leffingwell,leffingwell_goodscents
158.26,CCCCOC(=S)C(=C)C,O-butyl 2-methylprop-2-enethioate,schembl6392989,leffingwell,leffingwell_goodscents
166.26,CC1=CC(C(CC1)C(C)C)C=O,3-methyl-6-propan-2-ylcyclohex-2-ene-1-carbaldehyde,1-p-menthen-al,leffingwell,leffingwell_goodscents
158.19,CCO/C(=C\C)/C(=O)OCC,ethyl (Z)-2-ethoxybut-2-enoate,schembl7101348,leffingwell,leffingwell_goodscents
200.32,CC(C)CCCOC(=O)CCC(C)C,4-methylpentyl 4-methylpentanoate,4-methylpentyl 4-methylpentanoate,leffingwell,leffingwell_goodscents
134.24,CCCC(O)SCC,1-ethylsulfanylbutan-1-ol,schembl8586793,leffingwell,leffingwell_goodscents
202.25,CCCC(=O)OC(CC)COC(=O)C,1-acetyloxybutan-2-yl butanoate,schembl10168220,leffingwell,leffingwell_goodscents
174.26,CCC(C(=O)C)C(=S)OCC,O-ethyl 2-ethyl-3-oxobutanethioate,schembl11016179,leffingwell,leffingwell_goodscents
169.29,CCCCCC1=CSC(=N1)C,"2-methyl-4-pentyl-1,3-thiazole",schembl15004516,leffingwell,leffingwell_goodscents
228.24,C1=COC(=C1)CC2=C(OC=C2)CC3=CC=CO3,"2,3-bis(furan-2-ylmethyl)furan",schembl15366561,leffingwell,leffingwell_goodscents
188.31,CCCCOC(C)OCC(C)CC,1-(1-butoxyethoxy)-2-methylbutane,77249-20-8,leffingwell,leffingwell_goodscents
198.3,CCCCCC=COC(=O)CC(C)C,hept-1-enyl 3-methylbutanoate,hept-1-enyl 3-methylbutanoate,leffingwell,leffingwell_goodscents
162.25,CCCC(CS)OC(=O)C,1-sulfanylpentan-2-yl acetate,1-mercaptopentyl-2-acetate,leffingwell,leffingwell_goodscents
206.28,CC(CCCOC(=O)C)C1=CC=CC=C1,4-phenylpentyl acetate,acetic acid 4-phenylpentyl ester,leffingwell,leffingwell_goodscents
212.33,CCCCC(=O)OCCC1CCCCC1,2-cyclohexylethyl pentanoate,pentanoic acid 2-cyclohexylethyl ester,leffingwell,leffingwell_goodscents
188.31,CCCCCOC(C)OCCCC,1-(1-butoxyethoxy)pentane,acetaldehyde butylpentyl acetal,leffingwell,leffingwell_goodscents
216.36,CCCCCC(OCC)OCCC(C)C,1-ethoxy-1-(3-methylbutoxy)hexane,hexanal ethyl(3-methylbutyl)acetal,leffingwell,leffingwell_goodscents
186.29,CCC(C)CC(=O)OCCC(C)C,3-methylbutyl 3-methylpentanoate,isopentyl 3-methylpentanoate,leffingwell,leffingwell_goodscents
212.33,CC(C)CC(=O)OCCC1CCCCC1,2-cyclohexylethyl 3-methylbutanoate,3-methylbutanoic acid 2-cyclohexylethyl ester,leffingwell,leffingwell_goodscents
258.35,CCCCCCCCC(C(=O)OCC)OC(=O)C,ethyl 2-acetyloxydecanoate,2-acetoxydecanoic acid ethyl ester,leffingwell,leffingwell_goodscents
230.39,CCCCCCOC(CCCCC)OCC,1-ethoxy-1-hexoxyhexane,hexanal ethylhexyl acetal,leffingwell,leffingwell_goodscents
236.35,CCCCCCOC(C)OCC1=CC=CC=C1,1-hexoxyethoxymethylbenzene,acetaldehyde benzylhexyl acetal,leffingwell,leffingwell_goodscents
272.5,CCCCCCOC(CCCC)OCCCCCC,1-(1-hexoxypentoxy)hexane,pentanal dihexyl acetal,leffingwell,leffingwell_goodscents
302.5,CCCCOC(CC(C)CCCC(C)(C)O)OCCCC,"8,8-dibutoxy-2,6-dimethyloctan-2-ol",hydroxycitronellal dibutyl acetal,leffingwell,leffingwell_goodscents
290.4,CCCCCCCCCC(=O)OCCCC1=CC=CC=C1,3-phenylpropyl decanoate,decanoic acid 3-phenylpropyl ester,leffingwell,leffingwell_goodscents
138.17,CC1=NC=C(N=C1C)OC,"5-methoxy-2,3-dimethylpyrazine","2,3-dimethyl-5-methoxypyrazine",leffingwell,leffingwell_goodscents
148.3,CC1(CSSC1=O)C,"4,4-dimethyldithiolan-3-one",schembl23033041,leffingwell,leffingwell_goodscents
172.29,CC(C)C(=S)OCC=C(C)C,O-(3-methylbut-2-enyl) 2-methylpropanethioate,schembl17941533,leffingwell,leffingwell_goodscents
202.36,CCCCCCCC(CC=O)SC,3-methylsulfanyldecanal,3-(methylthio)decanal,leffingwell,leffingwell_goodscents
160.28,CCCCCC(=O)CCS,1-sulfanyloctan-3-one,schembl18220858,leffingwell,leffingwell_goodscents
184.26,CCC(C)(C=O)SC1=CC=CO1,2-(furan-2-ylsulfanyl)-2-methylbutanal,methylfurylthiobutanal,leffingwell,leffingwell_goodscents
226.35,CCCCCCCC=CC(=O)OCC(C)C,2-methylpropyl dec-2-enoate,isobutyl decenoate,leffingwell,leffingwell_goodscents
178.21,CC(C(=O)OSC)OC(=O)C,methylsulfanyl 2-acetyloxypropanoate,schembl18339295,leffingwell,leffingwell_goodscents
170.23,COC(=S)CCC1=CC=CO1,O-methyl 3-(furan-2-yl)propanethioate,schembl18640589,leffingwell,leffingwell_goodscents
194.23,CC=CC1=C(C(=C(C=C1)O)OC)OC,"2,3-dimethoxy-4-prop-1-enylphenol",propenyldimethoxyphenol,leffingwell,leffingwell_goodscents
192.21,CC1C(O1)(C2=CC=CC=C2)C(=O)OC,methyl 3-methyl-2-phenyloxirane-2-carboxylate,methyl 3-methyl-2-phenyloxirane-2-carboxylate,leffingwell,leffingwell_goodscents
166.26,CCCCCC=CC=CC=CO,"undeca-1,3,5-trien-1-ol",undeca-trienol,leffingwell,leffingwell_goodscents
194.27,CC1=CC(=C(CC1)C(C)C)OC(=O)C,"(5-methyl-2-propan-2-ylcyclohexa-1,5-dien-1-yl) acetate",p-menthadienol acetate,leffingwell,leffingwell_goodscents
182.26,CCCCCC(=O)OC=CC(=C)C,"3-methylbuta-1,3-dienyl hexanoate","3-methylbuta-1,3-dienyl hexanoate",leffingwell,leffingwell_goodscents
164.24,CC1=CC(=C(CC1)C(C)C)C=O,"5-methyl-2-propan-2-ylcyclohexa-1,5-diene-1-carbaldehyde",menthadien carboxaldehyde,leffingwell,leffingwell_goodscents
214.3,CC(CCC=C(C)C)CC(O)OC(=O)C,"(1-hydroxy-3,7-dimethyloct-6-enyl) acetate",dihydro citronellol acetate,leffingwell,leffingwell_goodscents
160.24,CC1C(CCO1)SC(=O)C,S-(2-methyloxolan-3-yl) ethanethioate,252736-41-7,leffingwell,leffingwell_goodscents
186.25,C1=CC=C(C=C1)CCCC2=CC=NN2,5-(3-phenylpropyl)-1H-pyrazole,schembl21436163,leffingwell,leffingwell_goodscents
144.24,CC(C)C(=S)OCC=C,O-prop-2-enyl 2-methylpropanethioate,O-prop-2-enyl 2-methylpropanethioate,leffingwell,leffingwell_goodscents
284.5,CCCCCCOC(C=CCCC)OCCCCCC,"1,1-dihexoxyhex-2-ene","1,1-dihexoxyhex-2-ene",leffingwell,leffingwell_goodscents
216.36,CCCCCCOC(C)OCCCCC,1-(1-pentoxyethoxy)hexane,1-(1-pentoxyethoxy)hexane,leffingwell,leffingwell_goodscents
202.33,CCCCCCOC(C)OCCCC,1-(1-butoxyethoxy)hexane,1-(1-butoxyethoxy)hexane,leffingwell,leffingwell_goodscents
234.29,CCCCOC(=O)C1(C(O1)C)C2=CC=CC=C2,butyl 3-methyl-2-phenyloxirane-2-carboxylate,butyl 3-methyl-2-phenyloxirane-2-carboxylate,leffingwell,leffingwell_goodscents
258.35,CCCCCCCOC(=O)C(C)(C(=O)CCC)O,heptyl 2-hydroxy-2-methyl-3-oxohexanoate,heptyl 2-hydroxy-2-methyl-3-oxohexanoate,leffingwell,leffingwell_goodscents
258.35,CCCCCC(=O)OC(CCCC)C(=O)OCC,ethyl 2-hexanoyloxyhexanoate,ethyl 2-hexanoyloxyhexanoate,leffingwell,leffingwell_goodscents
272.5,CCCCCCOC(CC(C)C)OCCCCCC,1-(1-hexoxy-3-methylbutoxy)hexane,1-(1-hexoxy-3-methylbutoxy)hexane,leffingwell,leffingwell_goodscents
244.41,CCCCCC(OCCCC)OCCC(C)C,1-butoxy-1-(3-methylbutoxy)hexane,1-butoxy-1-(3-methylbutoxy)hexane,leffingwell,leffingwell_goodscents
370.7,CCCCCCCCCCCC(OCCCCCC)OCCCCCC,"1,1-dihexoxydodecane","1,1-dihexoxydodecane",leffingwell,leffingwell_goodscents
186.32,CC(C)CC(=S)OCC=C(C)C,O-(3-methylbut-2-enyl) 3-methylbutanethioate,O-(3-methylbut-2-enyl) 3-methylbutanethioate,leffingwell,leffingwell_goodscents
166.24,CC1=CC=CC=C1OC(=S)C,O-(2-methylphenyl) ethanethioate,methylphenyl thioacetate,leffingwell,leffingwell_goodscents
116.18,C1C=COC1CS,"2,3-dihydrofuran-2-ylmethanethiol","2,3-dihydrofuran-2-ylmethanethiol",leffingwell,leffingwell_goodscents
174.19,CCC(COC(=O)C)C(=O)OC,methyl 2-(acetyloxymethyl)butanoate,methyl 2-(acetyloxymethyl)butanoate,leffingwell,leffingwell_goodscents
216.36,CC(C)CCOC(C(C)C)OCC(C)C,3-methyl-1-[2-methyl-1-(2-methylpropoxy)propoxy]butane,dtxsid901020870,leffingwell,leffingwell_goodscents
174.28,CCOC(C(C)C)OCC(C)C,1-ethoxy-2-methyl-1-(2-methylpropoxy)propane,u6q3x367bh,leffingwell,leffingwell_goodscents
202.33,CCOC(CC(C)C)OCCC(C)C,1-ethoxy-3-methyl-1-(3-methylbutoxy)butane,1-ethoxy-1-(3-methylbutoxy)-3-methylbutane,leffingwell,leffingwell_goodscents
158.19,CCCCC1C(=O)OCCO1,"3-butyl-1,4-dioxan-2-one","3-butyl-1,4-dioxan-2-one",leffingwell,leffingwell_goodscents
154.21,CCCC(=O)OC=CC(=C)C,"3-methylbuta-1,3-dienyl butanoate","3-methylbuta-1,3-dienyl butanoate",leffingwell,leffingwell_goodscents
254.41,CCCCCCCCCC(=O)OC=CCCCC,hex-1-enyl decanoate,hex-1-enyl decanoate,leffingwell,leffingwell_goodscents
172.22,CCCCCC1C(=O)OCCO1,"3-pentyl-1,4-dioxan-2-one","3-pentyl-1,4-dioxan-2-one",leffingwell,leffingwell_goodscents
183.32,CCCC1=NC(=C(S1)CC)CC,"4,5-diethyl-2-propyl-1,3-thiazole","4,5-diethyl-2-propyl-1,3-thiazole",leffingwell,leffingwell_goodscents
146.25,CCCC(C)C(=S)OC,O-methyl 2-methylpentanethioate,O-methyl 2-methylpentanethioate,leffingwell,leffingwell_goodscents
238.3,CC(OCC1=CC=CO1)SCC2=CC=CO2,2-[1-(furan-2-ylmethoxy)ethylsulfanylmethyl]furan,2-[1-(furan-2-ylmethoxy)ethylsulfanylmethyl]furan,leffingwell,leffingwell_goodscents
258.44,CCCCCCOC(CCCCC)OCCCC,1-butoxy-1-hexoxyhexane,1-butoxy-1-hexoxyhexane,leffingwell,leffingwell_goodscents
234.29,CCC1(C(O1)(C2=CC=CC=C2)C(=O)OCC)C,ethyl 3-ethyl-3-methyl-2-phenyloxirane-2-carboxylate,ethyl 3-ethyl-3-methyl-2-phenyloxirane-2-carboxylate,leffingwell,leffingwell_goodscents
160.28,CCCCOC(=S)C(C)C,O-butyl 2-methylpropanethioate,O-butyl 2-methylpropanethioate,leffingwell,leffingwell_goodscents
222.4,CCC1CSSSC1(CC)CC,"4,4,5-triethyltrithiane","4,4,5-triethyltrithiane",leffingwell,leffingwell_goodscents
126.3,CC(S)SS,1-(disulfanyl)ethanethiol,schembl22694105,leffingwell,leffingwell_goodscents
174.31,CCC(C)C(=S)OCC(C)C,O-(2-methylpropyl) 2-methylbutanethioate,O-(2-methylpropyl) 2-methylbutanethioate,leffingwell,leffingwell_goodscents
212.33,CCCCCCCC=COC(=O)CCC,non-1-enyl butanoate,non-1-enyl butanoate,leffingwell,leffingwell_goodscents
246.5,C(CSCCC(S)S)C(S)S,"3-[3,3-bis(sulfanyl)propylsulfanyl]propane-1,1-dithiol","3-[3,3-bis(sulfanyl)propylsulfanyl]propane-1,1-dithiol",leffingwell,leffingwell_goodscents
116.11,CC(C)C(=O)C(=O)O,3-methyl-2-oxobutanoic acid,3-methyl-2-oxobutanoic acid,goodscents,leffingwell_goodscents
146.1,C(CC(=O)O)C(=O)C(=O)O,2-oxopentanedioic acid,2-ketoglutaric acid,goodscents,leffingwell_goodscents
130.14,CC(C)CC(=O)C(=O)O,4-methyl-2-oxopentanoic acid,4-methyl-2-oxopentanoic acid,goodscents,leffingwell_goodscents
154.12,C1=CC(=C(C=C1C(=O)O)O)O,"3,4-dihydroxybenzoic acid","3,4-dihydroxybenzoic acid",goodscents,leffingwell_goodscents
103.12,C(CC(=O)O)CN,4-aminobutanoic acid,4-aminobutyric acid,goodscents,leffingwell_goodscents
59.07,CC(=O)N,acetamide,acetamide,goodscents,leffingwell_goodscents
17.031,N,azane,ammonia,goodscents,leffingwell_goodscents
150.13,C1C(C(C(C(O1)O)O)O)O,"oxane-2,3,4,5-tetrol",pentopyranose,goodscents,leffingwell_goodscents
89.09,C(CN)C(=O)O,3-aminopropanoic acid,beta-alanine,goodscents,leffingwell_goodscents
90.12,CC(C(C)O)O,"butane-2,3-diol","2,3-butanediol",goodscents,leffingwell_goodscents
44.009,C(=O)=O,,carbon dioxide,goodscents,leffingwell_goodscents
132.16,C1=CC=C(C=C1)C=CC=O,3-phenylprop-2-enal,3-phenylprop-2-enal,goodscents,leffingwell_goodscents
134.17,C1=CC=C(C=C1)C=CCO,3-phenylprop-2-en-1-ol,trans-cinnamic alcohol,goodscents,leffingwell_goodscents
174.11,C(C(=CC(=O)O)C(=O)O)C(=O)O,"prop-1-ene-1,2,3-tricarboxylic acid",aconitic acid,goodscents,leffingwell_goodscents
146.14,C1=CC=C2C(=C1)C=CC(=O)O2,chromen-2-one,coumarin,goodscents,leffingwell_goodscents
138.12,C1=CC=C(C(=C1)C(=O)O)O,2-hydroxybenzoic acid,salicylic acid,goodscents,leffingwell_goodscents
34.08,S,sulfane,hydrogen sulfide,goodscents,leffingwell_goodscents
133.1,C(C(C(=O)O)N)C(=O)O,2-aminobutanedioic acid,dl-aspartic acid,goodscents,leffingwell_goodscents
89.09,CC(C(=O)O)N,2-aminopropanoic acid,dl-alanine,goodscents,leffingwell_goodscents
78.14,CS(=O)C,methylsulfinylmethane,dimethyl sulfoxide,goodscents,leffingwell_goodscents
116.07,C(=CC(=O)O)C(=O)O,but-2-enedioic acid,butenedioic acid,goodscents,leffingwell_goodscents
132.11,C(CC(=O)O)CC(=O)O,pentanedioic acid,glutaric acid,goodscents,leffingwell_goodscents
75.07,C(C(=O)O)N,2-aminoacetic acid,glycine,goodscents,leffingwell_goodscents
92.09,C(C(CO)O)O,"propane-1,2,3-triol",glycerol,goodscents,leffingwell_goodscents
131.17,CCC(C)C(C(=O)O)N,2-amino-3-methylpentanoic acid,dl-isoleucine,goodscents,leffingwell_goodscents
146.19,C(CCN)CC(C(=O)O)N,"2,6-diaminohexanoic acid",dl-lysine,goodscents,leffingwell_goodscents
32.042,CO,methanol,methanol,goodscents,leffingwell_goodscents
44.013,[N-]=[N+]=O,nitrous oxide,nitrous oxide,goodscents,leffingwell_goodscents
18.015,O,oxidane,water,goodscents,leffingwell_goodscents
90.03,C(=O)(C(=O)O)O,oxalic acid,oxalic acid,goodscents,leffingwell_goodscents
97.995,OP(=O)(O)O,phosphoric acid,phosphoric acid,goodscents,leffingwell_goodscents
88.15,C(CCN)CN,"butane-1,4-diamine",putrescine,goodscents,leffingwell_goodscents
89.09,CNCC(=O)O,2-(methylamino)acetic acid,sarcosine,goodscents,leffingwell_goodscents
125.15,C(CS(=O)(=O)O)N,2-aminoethanesulfonic acid,taurine,goodscents,leffingwell_goodscents
92.14,CC1=CC=CC=C1,toluene,toluene,goodscents,leffingwell_goodscents
182.3,CC1CCCC2(C1(CCCC2)O)C,"4,8a-dimethyl-1,2,3,4,5,6,7,8-octahydronaphthalen-4a-ol","octahydro-4,8a-dimethyl-4a(2h)-naphthol",goodscents,leffingwell_goodscents
278.34,CCCCOC(=O)C1=CC=CC=C1C(=O)OCCCC,"dibutyl benzene-1,2-dicarboxylate",dibutyl phthalate,goodscents,leffingwell_goodscents
74.12,CCOCC,ethoxyethane,diethyl ether,goodscents,leffingwell_goodscents
222.37,CC(=CCCC(=CCCC(=CCO)C)C)C,"3,7,11-trimethyldodeca-2,6,10-trien-1-ol",farnesol,goodscents,leffingwell_goodscents
274.27,C1=CC(=CC=C1CCC(=O)C2=C(C=C(C=C2O)O)O)O,"3-(4-hydroxyphenyl)-1-(2,4,6-trihydroxyphenyl)propan-1-one",phloretin,goodscents,leffingwell_goodscents
74.55,[Cl-].[K+],potassium;chloride,potassium chloride,goodscents,leffingwell_goodscents
178.27,CC(C)C1=C(C(=CC=C1)C(C)C)O,"2,6-di(propan-2-yl)phenol",propofol,goodscents,leffingwell_goodscents
250.38,CC(C)(C)CC(C)(C)C1=CC=C(C=C1)OCCO,"2-[4-(2,4,4-trimethylpentan-2-yl)phenoxy]ethanol",triton x-100,goodscents,leffingwell_goodscents
182.17,C([C@H]([C@H]([C@@H]([C@H](CO)O)O)O)O)O,"(2R,3R,4R,5S)-hexane-1,2,3,4,5,6-hexol",d-sorbitol,goodscents,leffingwell_goodscents
121.16,C([C@@H](C(=O)O)N)S,(2R)-2-amino-3-sulfanylpropanoic acid,l-cysteine,goodscents,leffingwell_goodscents
133.1,C([C@@H](C(=O)O)N)C(=O)O,(2S)-2-aminobutanedioic acid,l-aspartic acid,goodscents,leffingwell_goodscents
146.19,C(CCN)C[C@@H](C(=O)O)N,"(2S)-2,6-diaminohexanoic acid",l-lysine,goodscents,leffingwell_goodscents
97.1,NS(=O)(=O)O,sulfamic acid,sulfamic acid,goodscents,leffingwell_goodscents
386.7,C[C@H](CCCC(C)C)[C@H]1CC[C@@H]2[C@@]1(CC[C@H]3[C@H]2CC=C4[C@@]3(CC[C@@H](C4)O)C)C,"(3S,8S,9S,10R,13R,14S,17R)-10,13-dimethyl-17-[(2R)-6-methylheptan-2-yl]-2,3,4,7,8,9,11,12,14,15,16,17-dodecahydro-1H-cyclopenta[a]phenanthren-3-ol",cholesterol,goodscents,leffingwell_goodscents
150.13,C1[C@H]([C@@H]([C@H]([C@H](O1)O)O)O)O,"(2S,3R,4S,5R)-oxane-2,3,4,5-tetrol",alpha-d-xylopyranose,goodscents,leffingwell_goodscents
197.19,C1=CC(=C(C=C1C[C@@H](C(=O)O)N)O)O,"(2S)-2-amino-3-(3,4-dihydroxyphenyl)propanoic acid",levodopa,goodscents,leffingwell_goodscents
181.19,C1=CC(=CC=C1C[C@@H](C(=O)O)N)O,(2S)-2-amino-3-(4-hydroxyphenyl)propanoic acid,l-tyrosine,goodscents,leffingwell_goodscents
131.17,CC(C)C[C@@H](C(=O)O)N,(2S)-2-amino-4-methylpentanoic acid,l-leucine,goodscents,leffingwell_goodscents
374.27,C(CN(CC(=O)[O-])CC(=O)[O-])N(CC(=O)[O-])CC(=O)[O-].[Na+].[Na+].[Ca+2],calcium;disodium;2-[2-[bis(carboxylatomethyl)amino]ethyl-(carboxylatomethyl)amino]acetate,edetate calcium disodium,goodscents,leffingwell_goodscents
158.17,CC(=O)[O-].CC(=O)[O-].[Ca+2],calcium;diacetate,calcium acetate,goodscents,leffingwell_goodscents
337.3,CC1=C(SC=[N+]1CC2=CN=C(N=C2N)C)CCO.Cl.[Cl-],"2-[3-[(4-amino-2-methylpyrimidin-5-yl)methyl]-4-methyl-1,3-thiazol-3-ium-5-yl]ethanol;chloride;hydrochloride",thiamine hydrochloride,goodscents,leffingwell_goodscents
94.14,CS(=O)(=O)C,methylsulfonylmethane,dimethyl sulfone,goodscents,leffingwell_goodscents
258.07,C(C(=O)[O-])C(CC(=O)[O-])(C(=O)[O-])O.[Na+].[Na+].[Na+],"trisodium;2-hydroxypropane-1,2,3-tricarboxylate",sodium citrate,goodscents,leffingwell_goodscents
182.17,C([C@H]([C@H]([C@@H]([C@@H](CO)O)O)O)O)O,"(2R,3R,4R,5R)-hexane-1,2,3,4,5,6-hexol",d-mannitol,goodscents,leffingwell_goodscents
132.12,C([C@@H](C(=O)O)N)C(=O)N,"(2S)-2,4-diamino-4-oxobutanoic acid",l-asparagine,goodscents,leffingwell_goodscents
155.15,C1=C(NC=N1)C[C@@H](C(=O)O)N,(2S)-2-amino-3-(1H-imidazol-5-yl)propanoic acid,l-histidine,goodscents,leffingwell_goodscents
117.15,CC(C)[C@@H](C(=O)O)N,(2S)-2-amino-3-methylbutanoic acid,l-valine,goodscents,leffingwell_goodscents
119.12,C[C@H]([C@@H](C(=O)O)N)O,"(2S,3R)-2-amino-3-hydroxybutanoic acid",l-threonine,goodscents,leffingwell_goodscents
174.2,C(C[C@@H](C(=O)O)N)CN=C(N)N,(2S)-2-amino-5-(diaminomethylideneamino)pentanoic acid,l-arginine,goodscents,leffingwell_goodscents
58.08,CC1CO1,2-methyloxirane,propylene oxide,goodscents,leffingwell_goodscents
318.32,CCOC(=O)CC(CC(=O)OCC)(C(=O)OCC)OC(=O)C,"triethyl 2-acetyloxypropane-1,2,3-tricarboxylate",77-89-4,goodscents,leffingwell_goodscents
182.15,CCOP(=O)(OCC)OCC,triethyl phosphate,triethyl phosphate,goodscents,leffingwell_goodscents
72.15,CCC(C)C,2-methylbutane,2-methylbutane,goodscents,leffingwell_goodscents
70.09,CC(=C)C=O,2-methylprop-2-enal,methacrolein,goodscents,leffingwell_goodscents
426.7,CC(CCC=C(C)C)[C@H]1CC[C@@]2([C@@]1(CCC3=C2CC[C@@H]4[C@@]3(CC[C@@H](C4(C)C)O)C)C)C,"(3S,5R,10S,13R,14R,17R)-4,4,10,13,14-pentamethyl-17-(6-methylhept-5-en-2-yl)-2,3,5,6,7,11,12,15,16,17-decahydro-1H-cyclopenta[a]phenanthren-3-ol","(3S,5R,10S,13R,14R,17R)-4,4,10,13,14-pentamethyl-17-(6-methylhept-5-en-2-yl)-2,3,5,6,7,11,12,15,16,17-decahydro-1H-cyclopenta[a]phenanthren-3-ol",goodscents,leffingwell_goodscents
228.29,CC(C)(C1=CC=C(C=C1)O)C2=CC=C(C=C2)O,4-[2-(4-hydroxyphenyl)propan-2-yl]phenol,bisphenol a,goodscents,leffingwell_goodscents
196.29,CC1CCC(C=C1)(C(C)C)OC(=O)C,(4-methyl-1-propan-2-ylcyclohex-2-en-1-yl) acetate,schembl754806,goodscents,leffingwell_goodscents
204.31,CC(CC=O)C1=CC=C(C=C1)C(C)(C)C,3-(4-tert-butylphenyl)butanal,3-(4-tert-butylphenyl)butanal,goodscents,leffingwell_goodscents
112.13,CC1=C(C(=O)CC1)O,2-hydroxy-3-methylcyclopent-2-en-1-one,80-71-7,goodscents,leffingwell_goodscents
294.3,CC1=C(C(=C(C(=C1[N+](=O)[O-])C(C)(C)C)[N+](=O)[O-])C)C(=O)C,"1-(4-tert-butyl-2,6-dimethyl-3,5-dinitrophenyl)ethanone",musk ketone,goodscents,leffingwell_goodscents
330.4,C1CCC(CC1)OC(=O)C2=CC=CC=C2C(=O)OC3CCCCC3,"dicyclohexyl benzene-1,2-dicarboxylate",dicyclohexyl phthalate,goodscents,leffingwell_goodscents
222.24,CCOC(=O)C1=CC=CC=C1C(=O)OCC,"diethyl benzene-1,2-dicarboxylate",diethyl phthalate,goodscents,leffingwell_goodscents
363.22,C1=NC2=C(N1[C@H]3[C@@H]([C@@H]([C@H](O3)COP(=O)(O)O)O)O)NC(=NC2=O)N,"[(2R,3S,4R,5R)-5-(2-amino-6-oxo-3H-purin-9-yl)-3,4-dihydroxyoxolan-2-yl]methyl dihydrogen phosphate","[(2R,3S,4R,5R)-5-(2-amino-6-oxo-3H-purin-9-yl)-3,4-dihydroxyoxolan-2-yl]methyl dihydrogen phosphate",goodscents,leffingwell_goodscents
336.4,CCCCOC(=O)COC(=O)C1=CC=CC=C1C(=O)OCCCC,"2-O-(2-butoxy-2-oxoethyl) 1-O-butyl benzene-1,2-dicarboxylate",butyl phthalyl butyl glycolate,goodscents,leffingwell_goodscents
184.23,COC1=CC=CC=C1C2=CC=CC=C2,1-methoxy-2-phenylbenzene,2-methoxybiphenyl,goodscents,leffingwell_goodscents
152.15,C([C@H](C([C@H](CO)O)O)O)O,"(2S,4R)-pentane-1,2,3,4,5-pentol",xylitol,goodscents,leffingwell_goodscents
126.18,CC(=O)C1=CC=CS1,1-thiophen-2-ylethanone,2-acetylthiophene,goodscents,leffingwell_goodscents
258.4,CCC1=CC2=C(C=C1C(=O)C)C(CCC2(C)C)(C)C,"1-(3-ethyl-5,5,8,8-tetramethyl-6,7-dihydronaphthalen-2-yl)ethanone",versalide,goodscents,leffingwell_goodscents
154.25,CC1CCC(C(=O)C1)C(C)C,5-methyl-2-propan-2-ylcyclohexan-1-one,10458-14-7,goodscents,leffingwell_goodscents
152.23,CC1CCC(=C(C)C)C(=O)C1,5-methyl-2-propan-2-ylidenecyclohexan-1-one,pulegone,goodscents,leffingwell_goodscents
267.5,CC(=O)OC(C1=CC=CC=C1)C(Cl)(Cl)Cl,"(2,2,2-trichloro-1-phenylethyl) acetate","2,2,2-trichloro-1-phenylethyl acetate",goodscents,leffingwell_goodscents
180.29,C1CCC(CC1)C2CCCCC2=O,2-cyclohexylcyclohexan-1-one,2-cyclohexylcyclohexanone,goodscents,leffingwell_goodscents
178.14,C([C@@H]1[C@H]([C@@H]([C@H](C(=O)O1)O)O)O)O,"(3R,4S,5S,6R)-3,4,5-trihydroxy-6-(hydroxymethyl)oxan-2-one",gluconolactone,goodscents,leffingwell_goodscents
184.23,C1=CC=C(C=C1)C(C2=CC=CC=C2)O,diphenylmethanol,diphenylmethanol,goodscents,leffingwell_goodscents
178.23,CC=CC1=CC(=C(C=C1)OC)OC,"1,2-dimethoxy-4-prop-1-enylbenzene",methyl isoeugenol,goodscents,leffingwell_goodscents
206.24,CC=CC1=CC(=C(C=C1)OC(=O)C)OC,(2-methoxy-4-prop-1-enylphenyl) acetate,isoeugenol acetate,goodscents,leffingwell_goodscents
242.23,C1=CC=C(C=C1)C(=O)OOC(=O)C2=CC=CC=C2,benzoyl benzenecarboperoxoate,benzoyl peroxide,goodscents,leffingwell_goodscents
164.2,CCCC1=CC2=C(C=C1)OCO2,"5-propyl-1,3-benzodioxole",dihydrosafrole,goodscents,leffingwell_goodscents
146.23,CCCC(C(CC)CO)O,"2-ethylhexane-1,3-diol","2-ethyl-1,3-hexanediol",goodscents,leffingwell_goodscents
106.16,CC1=CC=CC=C1C,"1,2-xylene",o-xylene,goodscents,leffingwell_goodscents
168.23,CC1C(O1)C2CCC3(C(C2)O3)C,1-methyl-4-(3-methyloxiran-2-yl)-7-oxabicyclo[4.1.0]heptane,1-methyl-4-(3-methyloxiran-2-yl)-7-oxabicyclo[4.1.0]heptane,goodscents,leffingwell_goodscents
87.16,CCC(C)CN,2-methylbutan-1-amine,2-methylbutylamine,goodscents,leffingwell_goodscents
271.4,CCCCCCCCCCCC(=O)N(C)CC(=O)O,2-[dodecanoyl(methyl)amino]acetic acid,n-lauroylsarcosine,goodscents,leffingwell_goodscents
98.1,C1=COC(=C1)CO,furan-2-ylmethanol,furfuryl alcohol,goodscents,leffingwell_goodscents
166.22,CC(C)(C)C1=CC(=C(C=C1)O)O,"4-tert-butylbenzene-1,2-diol",4-tert-butylcatechol,goodscents,leffingwell_goodscents
129.11,C1CC(=O)N[C@@H]1C(=O)O,(2S)-5-oxopyrrolidine-2-carboxylic acid,l-pyroglutamic acid,goodscents,leffingwell_goodscents
150.22,CC1=CCC(CC1=O)C(=C)C,2-methyl-5-prop-1-en-2-ylcyclohex-2-en-1-one,carvone,goodscents,leffingwell_goodscents
152.15,COC(=O)C1=CC=C(C=C1)O,methyl 4-hydroxybenzoate,methyl 4-hydroxybenzoate,goodscents,leffingwell_goodscents
140.27,CC1CCC(CC1)C(C)C,1-methyl-4-propan-2-ylcyclohexane,p-menthane,goodscents,leffingwell_goodscents
154.59,CC(=O)C1=CC=C(C=C1)Cl,1-(4-chlorophenyl)ethanone,4'-chloroacetophenone,goodscents,leffingwell_goodscents
146.19,CC(=CC1=CC=CC=C1)C=O,2-methyl-3-phenylprop-2-enal,101-39-3,goodscents,leffingwell_goodscents
216.32,CCCCCCC(=CC1=CC=CC=C1)C=O,2-benzylideneoctanal,2-benzylideneoctanal,goodscents,leffingwell_goodscents
162.18,COC(=O)C=CC1=CC=CC=C1,methyl 3-phenylprop-2-enoate,methyl 3-phenylprop-2-enoate,goodscents,leffingwell_goodscents
176.21,CCOC(=O)C=CC1=CC=CC=C1,ethyl 3-phenylprop-2-enoate,ethyl 3-phenylprop-2-enoate,goodscents,leffingwell_goodscents
176.21,CC(=O)OCC=CC1=CC=CC=C1,3-phenylprop-2-enyl acetate,3-phenylprop-2-en-1-yl acetate,goodscents,leffingwell_goodscents
190.24,CCC(=O)OCC=CC1=CC=CC=C1,3-phenylprop-2-enyl propanoate,3-phenylprop-2-en-1-yl propanoate,goodscents,leffingwell_goodscents
204.26,CCCC(=O)OCC=CC1=CC=CC=C1,3-phenylprop-2-enyl butanoate,"butanoic acid, 3-phenyl-2-propenyl ester",goodscents,leffingwell_goodscents
183.04,C1=CC=C(C=C1)C=CBr,2-bromoethenylbenzene,"benzene, bromoethenyl-",goodscents,leffingwell_goodscents
156.22,CCCCCC1CCC(=O)O1,5-pentyloxolan-2-one,104-61-0,goodscents,leffingwell_goodscents
162.18,C1=CC=C(C=C1)C=CCOC=O,3-phenylprop-2-enyl formate,"2-propen-1-ol, 3-phenyl-, 1-formate",goodscents,leffingwell_goodscents
184.27,CCCCCCCC1CCC(=O)O1,5-heptyloxolan-2-one,gamma-undecalactone,goodscents,leffingwell_goodscents
372.6,CCCCCCCCCCCCCCCCCC(=O)OCCOCCO,2-(2-hydroxyethoxy)ethyl octadecanoate,106-11-6,goodscents,leffingwell_goodscents
154.25,CC(CCC=C(C)C)CC=O,"3,7-dimethyloct-6-enal",citronellal,goodscents,leffingwell_goodscents
158.19,CCCC(=O)OC(=O)CCC,butanoyl butanoate,butyric anhydride,goodscents,leffingwell_goodscents
56.06,C#CCO,prop-2-yn-1-ol,propargyl alcohol,goodscents,leffingwell_goodscents
118.17,CC(CC(C)(C)O)O,"2-methylpentane-2,4-diol",hexylene glycol,goodscents,leffingwell_goodscents
90.12,CC(CCO)O,"butane-1,3-diol","1,3-butanediol",goodscents,leffingwell_goodscents
102.09,CC(=O)OC(=O)C,acetyl acetate,acetic anhydride,goodscents,leffingwell_goodscents
102.09,CC1COC(=O)O1,"4-methyl-1,3-dioxolan-2-one",propylene carbonate,goodscents,leffingwell_goodscents
106.16,CC1=CC(=CC=C1)C,"1,3-xylene",m-xylene,goodscents,leffingwell_goodscents
133.19,CC(CNCC(C)O)O,1-(2-hydroxypropylamino)propan-2-ol,diisopropanolamine,goodscents,leffingwell_goodscents
134.17,CC(COCC(C)O)O,1-(2-hydroxypropoxy)propan-2-ol,110-98-5,goodscents,leffingwell_goodscents
98.14,CC=CC=CCO,"hexa-2,4-dien-1-ol","hexa-2,4-dien-1-ol",goodscents,leffingwell_goodscents
104.15,C(CNCCO)N,2-(2-aminoethylamino)ethanol,2-(2-aminoethylamino)ethanol,goodscents,leffingwell_goodscents
105.14,C(CO)NCCO,2-(2-hydroxyethylamino)ethanol,diethanolamine,goodscents,leffingwell_goodscents
106.12,C(COCCO)O,2-(2-hydroxyethoxy)ethanol,diethylene glycol,goodscents,leffingwell_goodscents
120.15,COCCOCCO,2-(2-methoxyethoxy)ethanol,2-(2-methoxyethoxy)ethanol,goodscents,leffingwell_goodscents
170.25,CCCCCCC=CC(=O)OC,methyl non-2-enoate,"nonenoic acid, methyl ester",goodscents,leffingwell_goodscents
214.34,CCCCCCCCCCCC(=O)OC,methyl dodecanoate,methyl laurate,goodscents,leffingwell_goodscents
134.17,CCOCCOCCO,2-(2-ethoxyethoxy)ethanol,diethylene glycol monoethyl ether,goodscents,leffingwell_goodscents
320.0,CCCCCCCCCCCCCCCC[N+](C)(C)C.[Cl-],hexadecyl(trimethyl)azanium;chloride,112-02-7,goodscents,leffingwell_goodscents
46.07,COC,methoxymethane,dimethyl ether,goodscents,leffingwell_goodscents
166.17,CCOC(=O)C1=CC=C(C=C1)O,ethyl 4-hydroxybenzoate,ethylparaben,goodscents,leffingwell_goodscents
162.18,CC=CC1=CC2=C(C=C1)OCO2,"5-prop-1-enyl-1,3-benzodioxole",dsstox_cid_767,goodscents,leffingwell_goodscents
194.18,COC(=O)C1=CC=CC=C1C(=O)OC,"dimethyl benzene-1,2-dicarboxylate",dimethyl phthalate,goodscents,leffingwell_goodscents
241.28,C1=CC=C(C=C1)CCOC(=O)C2=CC=CC=C2N,2-phenylethyl 2-aminobenzoate,phenethyl anthranilate,goodscents,leffingwell_goodscents
275.4,CC1CCC(C(C1)OC(=O)C2=CC=CC=C2N)C(C)C,(5-methyl-2-propan-2-ylcyclohexyl) 2-aminobenzoate,menthyl anthranilate,goodscents,leffingwell_goodscents
182.3,CCCCCCCC1CCCC1=O,2-heptylcyclopentan-1-one,2-heptylcyclopentanone,goodscents,leffingwell_goodscents
476.5,CC(C)(CO)C(C(=O)NCCC(=O)[O-])O.CC(C)(CO)C(C(=O)NCCC(=O)[O-])O.[Ca+2],"calcium;3-[(2,4-dihydroxy-3,3-dimethylbutanoyl)amino]propanoate",6381-63-1,goodscents,leffingwell_goodscents
178.05,C(C(C(=O)[O-])O)C(=O)[O-].[Na+].[Na+],disodium;2-hydroxybutanedioate,sodium malate,goodscents,leffingwell_goodscents
336.21,C(CN(CC(=O)O)CC(=O)[O-])N(CC(=O)O)CC(=O)[O-].[Na+].[Na+],disodium;2-[2-[carboxylatomethyl(carboxymethyl)amino]ethyl-(carboxymethyl)amino]acetate,edetate disodium,goodscents,leffingwell_goodscents
148.16,C1=CC=C(C=C1)C=CC(=O)O,3-phenylprop-2-enoic acid,"2-propenoic acid, 3-phenyl-",goodscents,leffingwell_goodscents
156.26,CC(CCC=C(C)C)CCO,"3,7-dimethyloct-6-en-1-ol",citronellol,goodscents,leffingwell_goodscents
152.23,CC(=CCCC(=CC=O)C)C,"3,7-dimethylocta-2,6-dienal","3,7-dimethyl-2,6-octadienal",goodscents,leffingwell_goodscents
222.37,CC(=CCCC(=CCCC(C)(C=C)O)C)C,"3,7,11-trimethyldodeca-1,6,10-trien-3-ol",stirrup,goodscents,leffingwell_goodscents
86.13,C1CCOCC1,oxane,tetrahydropyran,goodscents,leffingwell_goodscents
100.2,CCCCCCC,heptane,heptane,goodscents,leffingwell_goodscents
96.13,CC=CC=CC=O,"hexa-2,4-dienal","(e,e)-2,4-hexadienal",goodscents,leffingwell_goodscents
232.28,C1CNCCN1.C(CCC(=O)O)CC(=O)O,hexanedioic acid;piperazine,piperazine adipate,goodscents,leffingwell_goodscents
162.05,C(CC(=O)[O-])C(=O)[O-].[Na+].[Na+],disodium;butanedioate,disodium succinate,goodscents,leffingwell_goodscents
70.13,C1CCCC1,cyclopentane,cyclopentane,goodscents,leffingwell_goodscents
430.37,C([C@H]([C@H]([C@@H]([C@H](C(=O)[O-])O)O)O)O)O.C([C@H]([C@H]([C@@H]([C@H](C(=O)[O-])O)O)O)O)O.[Ca+2],"calcium;(2R,3S,4R,5R)-2,3,4,5,6-pentahydroxyhexanoate",calcium gluconate,goodscents,leffingwell_goodscents
292.5,CCC=CCC=CCC=CCCCCCCCC(=O)OC,"methyl octadeca-9,12,15-trienoate","methyl octadeca-9,12,15-trienoate",goodscents,leffingwell_goodscents
178.18,COC1=C(C=CC(=C1)C=CC=O)O,3-(4-hydroxy-3-methoxyphenyl)prop-2-enal,"2-propenal, 3-(4-hydroxy-3-methoxyphenyl)-",goodscents,leffingwell_goodscents
168.23,CC(=CCCC(=CC(=O)O)C)C,"3,7-dimethylocta-2,6-dienoic acid","3,7-dimethyl-2,6-octadienoic acid",goodscents,leffingwell_goodscents
198.34,CCCCCCC(=O)CCCCCC,tridecan-7-one,7-tridecanone,goodscents,leffingwell_goodscents
154.25,C[C@]12CC[C@@H](C1(C)C)C[C@H]2O,"(1S,2R,4R)-1,7,7-trimethylbicyclo[2.2.1]heptan-2-ol",borneol,goodscents,leffingwell_goodscents
152.23,C[C@]12CCC(C1(C)C)CC2=O,"(1S)-1,7,7-trimethylbicyclo[2.2.1]heptan-2-one","camphor, (1s,4s)-(-)-",goodscents,leffingwell_goodscents
204.35,C[C@@H]1CC[C@@H]2C13CC=C(C(C3)C2(C)C)C,"(2R,5S)-2,6,6,8-tetramethyltricyclo[5.3.1.01,5]undec-8-ene","(2r,5s)-2,6,6,8-tetramethyltricyclo[5.3.1.01,5]undec-8-ene",goodscents,leffingwell_goodscents
100.09,C(=O)([O-])[O-].[Ca+2],calcium;carbonate,aragonite,goodscents,leffingwell_goodscents
204.35,CC1=CCCC2(C1CC(CC2)C(=C)C)C,"5,8a-dimethyl-3-prop-1-en-2-yl-2,3,4,4a,7,8-hexahydro-1H-naphthalene","4a,8-dimethyl-2-(prop-1-en-2-yl)-1,2,3,4,4a,5,6,8a-octahydronaphthalene",goodscents,leffingwell_goodscents
138.25,CC1CCC2CC1C2(C)C,"2,6,6-trimethylbicyclo[3.1.1]heptane",pinane,goodscents,leffingwell_goodscents
204.35,C[C@]12CCCC(C3[C@@H]1CCC3C2=C)(C)C,"(1S,7S)-3,3,7-trimethyl-8-methylidenetricyclo[5.4.0.02,9]undecane","(1S,7S)-3,3,7-trimethyl-8-methylidenetricyclo[5.4.0.02,9]undecane",goodscents,leffingwell_goodscents
202.33,CC1CCC(C2=C1C=CC(=C2)C)C(C)C,"1,6-dimethyl-4-propan-2-yl-1,2,3,4-tetrahydronaphthalene","1,6-dimethyl-4-isopropyltetralin",goodscents,leffingwell_goodscents
244.28,CC(=CCC1=C(C=CC2=C1OC(=O)C=C2)OC)C,7-methoxy-8-(3-methylbut-2-enyl)chromen-2-one,osthole,goodscents,leffingwell_goodscents
222.24,COC1=C(C2=C(C=C1CC=C)OCO2)OC,"4,5-dimethoxy-6-prop-2-enyl-1,3-benzodioxole",dillapiole,goodscents,leffingwell_goodscents
136.19,CC1=CC(=C(C=C1C)O)C,"2,4,5-trimethylphenol","2,4,5-trimethylphenol",goodscents,leffingwell_goodscents
84.12,CC=C(C)C=O,2-methylbut-2-enal,2-methylbut-2-enal,goodscents,leffingwell_goodscents
105.988,C(=O)([O-])[O-].[Na+].[Na+],disodium;carbonate,sodium carbonate,goodscents,leffingwell_goodscents
152.23,CC1CCC(=CC1=O)C(C)C,6-methyl-3-propan-2-ylcyclohex-2-en-1-one,p-menth-3-en-2-one,goodscents,leffingwell_goodscents
224.38,C1CCCCCCCC(=O)CCCCCC1,cyclopentadecanone,cyclopentadecanone,goodscents,leffingwell_goodscents
120.2,C1CSCSC1,"1,3-dithiane","1,3-dithiane",goodscents,leffingwell_goodscents
204.35,CC(=CCCC1(C2CCC(C2)C1=C)C)C,2-methyl-3-methylidene-2-(4-methylpent-3-enyl)bicyclo[2.2.1]heptane,"bicyclo[2.2.1]heptane, 2-methyl-3-methylene-2-(4-methyl-3-pentenyl)-, (1s-exo)-",goodscents,leffingwell_goodscents
302.5,CC(C)C1=CC2=CC[C@@H]3[C@@]([C@H]2CC1)(CCC[C@@]3(C)C(=O)O)C,"(1R,4aR,4bR,10aR)-1,4a-dimethyl-7-propan-2-yl-2,3,4,4b,5,6,10,10a-octahydrophenanthrene-1-carboxylic acid",abietic acid,goodscents,leffingwell_goodscents
168.15,CC1=CC(=O)C(=C(O1)O)C(=O)C,3-acetyl-2-hydroxy-6-methylpyran-4-one,3-acetyl-2-hydroxy-6-methylpyran-4-one,goodscents,leffingwell_goodscents
204.35,CC1=CC[C@@H]2[C@@H](C1)[C@@H](CC=C2C)C(C)C,"(1S,4aR,8aS)-4,7-dimethyl-1-propan-2-yl-1,2,4a,5,8,8a-hexahydronaphthalene",beta-cadinene,goodscents,leffingwell_goodscents
224.21,COC1=CC(=CC(=C1O)OC)C=CC(=O)O,"3-(4-hydroxy-3,5-dimethoxyphenyl)prop-2-enoic acid","4-hydroxy-3,5-dimethoxycinnamic acid",goodscents,leffingwell_goodscents
176.17,COC1=CC2=C(C=C1)C=CC(=O)O2,7-methoxychromen-2-one,7-methoxycoumarin,goodscents,leffingwell_goodscents
470.7,CCCCCCCC(=O)OCC(COC(=O)CCCCCCC)OC(=O)CCCCCCC,"2,3-di(octanoyloxy)propyl octanoate",tricaprylin,goodscents,leffingwell_goodscents
158.24,CCCCCOC(=O)CCC,pentyl butanoate,pentyl butyrate,goodscents,leffingwell_goodscents
444.92,C[Si]1(O[Si](O[Si](O[Si](O[Si](O[Si](O1)(C)C)(C)C)(C)C)(C)C)(C)C)C,"2,2,4,4,6,6,8,8,10,10,12,12-dodecamethyl-1,3,5,7,9,11-hexaoxa-2,4,6,8,10,12-hexasilacyclododecane",dodecamethylcyclohexasiloxane,goodscents,leffingwell_goodscents
87.12,CCCC(=O)N,butanamide,butyramide,goodscents,leffingwell_goodscents
100.16,CCC=CCCO,hex-3-en-1-ol,hex-3-en-1-ol,goodscents,leffingwell_goodscents
152.23,CC1C2CC2(CC1=O)C(C)C,4-methyl-1-propan-2-ylbicyclo[3.1.0]hexan-3-one,3-thujanone,goodscents,leffingwell_goodscents
84.31,C(=O)([O-])[O-].[Mg+2],magnesium;carbonate,magnesium carbonate,goodscents,leffingwell_goodscents
422.5,COC1=CC2=C(C=CN=C2C=C1)C(C3CC4CCN3CC4C=C)O.OS(=O)(=O)O,(5-ethenyl-1-azabicyclo[2.2.2]octan-2-yl)-(6-methoxyquinolin-4-yl)methanol;sulfuric acid,quinora,goodscents,leffingwell_goodscents
288.25,C1C(OC2=CC(=CC(=C2C1=O)O)O)C3=CC(=C(C=C3)O)O,"2-(3,4-dihydroxyphenyl)-5,7-dihydroxy-2,3-dihydrochromen-4-one",(+/-)-eriodictyol,goodscents,leffingwell_goodscents
136.23,CC(C)C1CCC(=C)C=C1,3-methylidene-6-propan-2-ylcyclohexene,beta-phellandrene,goodscents,leffingwell_goodscents
73.12,CSC#N,methyl thiocyanate,methyl thiocyanate,goodscents,leffingwell_goodscents
138.21,CCC=CCCC=CC=O,"nona-2,6-dienal","2,6-nonadienal",goodscents,leffingwell_goodscents
114.19,CC1CCCCC1O,2-methylcyclohexan-1-ol,2-methylcyclohexanol,goodscents,leffingwell_goodscents
138.205,C(=O)([O-])[O-].[K+].[K+],dipotassium;carbonate,potassium carbonate,goodscents,leffingwell_goodscents
154.25,CC(=C1CCC(CC1)(C)O)C,1-methyl-4-propan-2-ylidenecyclohexan-1-ol,gamma-terpineol,goodscents,leffingwell_goodscents
169.22,C1=CC=C(C=C1)NC2=CC=CC=C2,N-phenylaniline,diphenylamine,goodscents,leffingwell_goodscents
112.21,CC1CCC(CC1)C,"1,4-dimethylcyclohexane","cis-1,4-dimethylcyclohexane",goodscents,leffingwell_goodscents
114.19,CC1CCCC(C1)O,3-methylcyclohexan-1-ol,3-methylcyclohexanol,goodscents,leffingwell_goodscents
96.17,CC1CCC=CC1,4-methylcyclohexene,4-methylcyclohexene,goodscents,leffingwell_goodscents
96.17,CC1CCCC=C1,3-methylcyclohexene,3-methylcyclohexene,goodscents,leffingwell_goodscents
96.17,CC1=CCCCC1,1-methylcyclohexene,1-methyl-1-cyclohexene,goodscents,leffingwell_goodscents
89.14,CC(C)(CO)N,2-amino-2-methylpropan-1-ol,2-amino-2-methyl-1-propanol,goodscents,leffingwell_goodscents
152.19,C1=CC=C(C=C1)COCCO,2-phenylmethoxyethanol,2-(benzyloxy)ethanol,goodscents,leffingwell_goodscents
122.12,C1=COC(=C1)C=CC=O,3-(furan-2-yl)prop-2-enal,3-(2-furyl)acrylaldehyde,goodscents,leffingwell_goodscents
98.14,CCC=C(C)C=O,2-methylpent-2-enal,2-methylpent-2-enal,goodscents,leffingwell_goodscents
114.14,CCOC(=O)C=CC,ethyl but-2-enoate,ethyl but-2-enoate,goodscents,leffingwell_goodscents
86.13,CC(CC=C)O,pent-4-en-2-ol,4-penten-2-ol,goodscents,leffingwell_goodscents
84.12,CC=CC(=O)C,pent-3-en-2-one,pent-3-en-2-one,goodscents,leffingwell_goodscents
100.12,CCC=CC(=O)O,pent-2-enoic acid,pent-2-enoic acid,goodscents,leffingwell_goodscents
86.16,C=CSC=C,ethenylsulfanylethene,divinyl sulfide,goodscents,leffingwell_goodscents
136.19,C(CCCC#N)CCC#N,octanedinitrile,"1,6-dicyanohexane",goodscents,leffingwell_goodscents
268.5,CCCCCCCCCCCCCCCCCCC,nonadecane,nonadecane,goodscents,leffingwell_goodscents
296.6,CCCCCCCCCCCCCCCCCCCCC,henicosane,heneicosane,goodscents,leffingwell_goodscents
310.6,CCCCCCCCCCCCCCCCCCCCCC,docosane,docosane,goodscents,leffingwell_goodscents
256.42,CCCCCCCCCCCCCCOC(=O)C,tetradecyl acetate,tetradecyl acetate,goodscents,leffingwell_goodscents
268.5,CCCCCCCCCCCCCCCCCC=O,octadecanal,octadecanal,goodscents,leffingwell_goodscents
324.6,CCCCCCCCCCCCCCCCCCCCCCC,tricosane,tricosane,goodscents,leffingwell_goodscents
131.17,C1=CC=C(C=C1)CCC#N,3-phenylpropanenitrile,3-phenylpropionitrile,goodscents,leffingwell_goodscents
136.23,CC=C(C)C=CC=C(C)C,"2,6-dimethylocta-2,4,6-triene",dtxsid4027288,goodscents,leffingwell_goodscents
124.14,CC1=CC(=O)OC(=C1)C,"4,6-dimethylpyran-2-one","4,6-dimethyl-2h-pyran-2-one",goodscents,leffingwell_goodscents
136.19,CC1=CC(=C(C(=C1)O)C)C,"2,3,5-trimethylphenol","2,3,5-trimethylphenol",goodscents,leffingwell_goodscents
84.12,CCC=CC=O,pent-2-enal,pent-2-enal,goodscents,leffingwell_goodscents
184.32,CCCCCCCCCCOC=C,1-ethenoxydecane,decyl vinyl ether,goodscents,leffingwell_goodscents
112.13,C1CCC(=O)C(=O)C1,"cyclohexane-1,2-dione","1,2-cyclohexanedione",goodscents,leffingwell_goodscents
498.4,C(C(=O)[O-])C(CC(=O)[O-])(C(=O)[O-])O.C(C(=O)[O-])C(CC(=O)[O-])(C(=O)[O-])O.[Ca+2].[Ca+2].[Ca+2],"tricalcium;2-hydroxypropane-1,2,3-tricarboxylate",calcium citrate,goodscents,leffingwell_goodscents
218.22,CC(C(=O)[O-])O.CC(C(=O)[O-])O.[Ca+2],calcium;2-hydroxypropanoate,calcium lactate,goodscents,leffingwell_goodscents
306.39,C(C(=O)[O-])C(CC(=O)[O-])(C(=O)[O-])O.[K+].[K+].[K+],"tripotassium;2-hydroxypropane-1,2,3-tricarboxylate",potassium citrate,goodscents,leffingwell_goodscents
194.05,C(C(C(=O)[O-])O)(C(=O)[O-])O.[Na+].[Na+],"disodium;2,3-dihydroxybutanedioate",sodium tartrate,goodscents,leffingwell_goodscents
100.16,CCCC=CCO,hex-2-en-1-ol,2-ahexen-a1-aol,goodscents,leffingwell_goodscents
79.056,C(=O)(O)[O-].[NH4+],azanium;hydrogen carbonate,ammonium bicarbonate,goodscents,leffingwell_goodscents
112.17,CCCC=CC(=O)C,hept-3-en-2-one,heptenone,goodscents,leffingwell_goodscents
150.22,CCCCOC1=CC=CC=C1,butoxybenzene,butoxybenzene,goodscents,leffingwell_goodscents
338.4,CCCCCCCCCCCCOC(=O)C1=CC(=C(C(=C1)O)O)O,"dodecyl 3,4,5-trihydroxybenzoate",dodecyl gallate,goodscents,leffingwell_goodscents
261.98,C(C(=O)[O-])C(CC(=O)[O-])(C(=O)[O-])O.N.[Fe+3],"azane;2-hydroxypropane-1,2,3-tricarboxylate;iron(3+)",ferric ammonium citrate,goodscents,leffingwell_goodscents
479.86,C(CO)C(CCO)OP(=O)([O-])[O-].C(C(COP(=O)([O-])[O-])O)O.[Fe+2].[Fe+2],"1,5-dihydroxypentan-3-yl phosphate;2,3-dihydroxypropyl phosphate;iron(2+)",unii-mul7onl3z6,goodscents,leffingwell_goodscents
56.08,O=[Ca],oxocalcium,calcium oxide,goodscents,leffingwell_goodscents
40.305,O=[Mg],oxomagnesium,oxomagnesium,goodscents,leffingwell_goodscents
81.4,O=[Zn],oxozinc,1314-13-2,goodscents,leffingwell_goodscents
181.88,O=[V](=O)O[V](=O)=O,dioxovanadiooxy(dioxo)vanadium,vanadium pentoxide,goodscents,leffingwell_goodscents
79.55,O=[Cu],oxocopper,copper(ii) oxide,goodscents,leffingwell_goodscents
156.26,CC(C)CCCCCCC=O,8-methylnonanal,8-methylnonanal,goodscents,leffingwell_goodscents
126.11,COC(=O)C1=COC=C1,methyl furan-3-carboxylate,methyl furan-3-carboxylate,goodscents,leffingwell_goodscents
172.24,[O-][Si]([O-])([O-])[O-].[Ca+2].[Ca+2],dicalcium;silicate,"silicic acid, calcium salt",goodscents,leffingwell_goodscents
822.9,C[C@]12CC[C@](C[C@H]1C3=CC(=O)[C@@H]4[C@]5(CC[C@@H](C([C@@H]5CC[C@]4([C@@]3(CC2)C)C)(C)C)O[C@@H]6[C@@H]([C@H]([C@@H]([C@H](O6)C(=O)O)O)O)O[C@H]7[C@@H]([C@H]([C@@H]([C@H](O7)C(=O)O)O)O)O)C)(C)C(=O)O,"(2S,3S,4S,5R,6R)-6-[(2S,3R,4S,5S,6S)-2-[[(3S,4aR,6aR,6bS,8aS,11S,12aR,14aR,14bS)-11-carboxy-4,4,6a,6b,8a,11,14b-heptamethyl-14-oxo-2,3,4a,5,6,7,8,9,10,12,12a,14a-dodecahydro-1H-picen-3-yl]oxy]-6-carboxy-4,5-dihydroxyoxan-3-yl]oxy-3,4,5-trihydroxyoxane-2-carboxylic acid",glycyrrhizic acid,goodscents,leffingwell_goodscents
430.7,CC1=C(C2=C(CC[C@@](O2)(C)CCC[C@H](C)CCC[C@H](C)CCCC(C)C)C(=C1O)C)C,"(2R)-2,5,7,8-tetramethyl-2-[(4R,8R)-4,8,12-trimethyltridecyl]-3,4-dihydrochromen-6-ol",vitamin e,goodscents,leffingwell_goodscents
162.18,COC1=CC=CC=C1C=CC=O,3-(2-methoxyphenyl)prop-2-enal,2'-methoxycinnamaldehyde,goodscents,leffingwell_goodscents
140.18,CC=CC=CCOC(=O)C,"hexa-2,4-dienyl acetate","2,4-hexadien-1-ol, 1-acetate",goodscents,leffingwell_goodscents
86.13,CC=CC(C)O,pent-3-en-2-ol,pent-3-en-2-ol,goodscents,leffingwell_goodscents
86.13,CCC=CCO,pent-2-en-1-ol,pent-2-en-1-ol,goodscents,leffingwell_goodscents
142.2,CCCCC=CCC(=O)O,oct-3-enoic acid,oct-3-enoic acid,goodscents,leffingwell_goodscents
154.25,CC1(C2CCC(C2)(C1O)C)C,"1,3,3-trimethylbicyclo[2.2.1]heptan-2-ol",fenchol,goodscents,leffingwell_goodscents
160.17,CC(=O)C1=CC2=CC=CC=C2O1,1-(1-benzofuran-2-yl)ethanone,2-acetylbenzofuran,goodscents,leffingwell_goodscents
126.2,CCCCC=CC(=O)C,oct-3-en-2-one,oct-3-en-2-one,goodscents,leffingwell_goodscents
188.26,CCCCCCC1OCC(O1)CO,"(2-hexyl-1,3-dioxolan-4-yl)methanol","2-hexyl-1,3-dioxolane-4-methanol",goodscents,leffingwell_goodscents
142.2,CCC=CCCOC(=O)C,hex-3-enyl acetate,hex-3-enyl acetate,goodscents,leffingwell_goodscents
125.19,CC1=C(SC=N1)C=C,"5-ethenyl-4-methyl-1,3-thiazole",4-methyl-5-vinylthiazole,goodscents,leffingwell_goodscents
530.4,CCCCCCCCCCCCCCCC[N+](C)(C)CCCCCCCCCCCCCCCC.[Cl-],dihexadecyl(dimethyl)azanium;chloride,dihexadecyl dimethyl ammonium chloride,goodscents,leffingwell_goodscents
188.22,C=CCOC(=O)C=CC1=CC=CC=C1,prop-2-enyl 3-phenylprop-2-enoate,prop-2-enyl 3-phenylprop-2-enoate,goodscents,leffingwell_goodscents
146.19,CC(=O)C=CC1=CC=CC=C1,4-phenylbut-3-en-2-one,trans-benzylideneacetone;benzalacetone,goodscents,leffingwell_goodscents
194.23,CCCCOC(=O)C1=CC=CC=C1O,butyl 2-hydroxybenzoate,butyl salicylate,goodscents,leffingwell_goodscents
286.5,CCCCCCCCCCCCCCCCOCCO,2-hexadecoxyethanol,2-(hexadecyloxy)ethanol,goodscents,leffingwell_goodscents
164.24,CC1=C(C(=CC=C1)C(C)(C)C)O,2-tert-butyl-6-methylphenol,2-tert-butyl-6-methylphenol,goodscents,leffingwell_goodscents
162.23,CC(=O)CCCC1=CC=CC=C1,5-phenylpentan-2-one,5-phenylpentan-2-one,goodscents,leffingwell_goodscents
150.22,CC1=CC[C@@H](CC1=O)C(=C)C,(5S)-2-methyl-5-prop-1-en-2-ylcyclohex-2-en-1-one,d-carvone,goodscents,leffingwell_goodscents
126.2,CCCCCC=CC=O,oct-2-enal,2-octenal,goodscents,leffingwell_goodscents
130.23,CCCCC(C)(C)CO,"2,2-dimethylhexan-1-ol","2,2-dimethyl-1-hexanol",goodscents,leffingwell_goodscents
168.28,CC1(C2CCC1(C(C2)(C)O)C)C,"1,2,7,7-tetramethylbicyclo[2.2.1]heptan-2-ol",2-methylisoborneol,goodscents,leffingwell_goodscents
164.24,CC1=CC(=C(C=C1)O)C(C)(C)C,2-tert-butyl-4-methylphenol,2-tert-butyl-4-methylphenol,goodscents,leffingwell_goodscents
266.5,CCCCCCCCC=CCCCCCCCC=O,octadec-9-enal,9-octadecen-1-al,goodscents,leffingwell_goodscents
138.25,CC(CCC=C(C)C)C=C,"3,7-dimethylocta-1,6-diene","3,7-dimethylocta-1,6-diene",goodscents,leffingwell_goodscents
181.32,CCCCCCCCCCCC#N,dodecanenitrile,dodecanenitrile,goodscents,leffingwell_goodscents
160.17,CC1=CC2=C(C=C1)C=CC(=O)O2,7-methylchromen-2-one,7-methylcoumarin,goodscents,leffingwell_goodscents
112.17,CCCCC=CC=O,hept-2-enal,2-hepten-1-al,goodscents,leffingwell_goodscents
142.2,CCCC=CCOC(=O)C,hex-2-enyl acetate,hex-2-enyl acetate,goodscents,leffingwell_goodscents
98.14,CCC(=O)C=CC,hex-4-en-3-one,2-hexen4-one,goodscents,leffingwell_goodscents
180.2,CCOC(=O)COC1=CC=CC=C1,ethyl 2-phenoxyacetate,ethyl phenoxyacetate,goodscents,leffingwell_goodscents
210.31,CCC(=O)OC1CC2(CCC1C2(C)C)C,"(4,7,7-trimethyl-2-bicyclo[2.2.1]heptanyl) propanoate",schembl759346,goodscents,leffingwell_goodscents
226.4,CCCCCCCCCCCCCCC=O,pentadecanal,pentadecanal,goodscents,leffingwell_goodscents
136.23,CC1=CCC2(C1C2)C(C)C,2-methyl-5-propan-2-ylbicyclo[3.1.0]hex-2-ene,alpha-thujene,goodscents,leffingwell_goodscents
126.24,CC1CCCC(C1)(C)C,"1,1,3-trimethylcyclohexane","1,1,3-trimethylcyclohexane",goodscents,leffingwell_goodscents
114.14,CCC=C(C)C(=O)O,2-methylpent-2-enoic acid,3142-72-1,goodscents,leffingwell_goodscents
265.26,C(C[C@@H](C(=O)O)N)C[NH3+].C([C@@H](C(=O)[O-])N)C(=O)O,[(4S)-4-amino-4-carboxybutyl]azanium;(2S)-2-amino-4-hydroxy-4-oxobutanoate,hepamerz,goodscents,leffingwell_goodscents
424.7,CCCCCCCCCCCCCCOC(=O)CCCCCCCCCCCCC,tetradecyl tetradecanoate,myristyl myristate,goodscents,leffingwell_goodscents
136.23,CC(=CCC=C(C)C=C)C,"3,7-dimethylocta-1,3,6-triene",beta-ocimene,goodscents,leffingwell_goodscents
256.38,C1CCCCC(=O)OCCCCCOCCCC1,"1,7-dioxacycloheptadecan-8-one","1,7-dioxacycloheptadecan-8-one",goodscents,leffingwell_goodscents
126.11,CC(=O)C1=C(C=CO1)O,1-(3-hydroxyfuran-2-yl)ethanone,isomaltol,goodscents,leffingwell_goodscents
322.42,CCCCCCCCCCCCCCCCOP(=O)(O)O,hexadecyl dihydrogen phosphate,hexadecyl dihydrogen phosphate,goodscents,leffingwell_goodscents
184.23,CC1=CC(=CC=C1)OC2=CC=CC=C2,1-methyl-3-phenoxybenzene,3-phenoxytoluene,goodscents,leffingwell_goodscents
164.16,C[C@@H]([C@@H]([C@H]([C@H](C=O)O)O)O)O,"(2R,3R,4S,5S)-2,3,4,5-tetrahydroxyhexanal",3615-41-6,goodscents,leffingwell_goodscents
156.26,C[C@@H]1CC[C@@H]([C@@H](C1)O)C(C)C,"(1R,2R,5R)-5-methyl-2-propan-2-ylcyclohexan-1-ol",neoisomenthol,goodscents,leffingwell_goodscents
86.09,CC=CC(=O)O,but-2-enoic acid,2-butenoic acid,goodscents,leffingwell_goodscents
446.6,CC[N+](CC)(CC1=CC=CC=C1)CC(=O)NC2=C(C=CC=C2C)C.C1=CC=C(C=C1)C(=O)[O-],"benzyl-[2-(2,6-dimethylanilino)-2-oxoethyl]-diethylazanium;benzoate",denatonium benzoate,goodscents,leffingwell_goodscents
204.35,CC1=CCC2C3C1C2(CCC3C(C)C)C,"1,3-dimethyl-8-propan-2-yltricyclo[4.4.0.02,7]dec-3-ene",copaene,goodscents,leffingwell_goodscents
154.25,CCCCCCCC=CC=O,dec-2-enal,2-decenal,goodscents,leffingwell_goodscents
186.22,CCC(=O)[O-].CCC(=O)[O-].[Ca+2],calcium;propanoate,calcium propionate,goodscents,leffingwell_goodscents
154.25,CC1C(CCC1(C)O)C(=C)C,"1,2-dimethyl-3-prop-1-en-2-ylcyclopentan-1-ol",72402-00-7,goodscents,leffingwell_goodscents
110.15,CCC=CC=CC=O,"hepta-2,4-dienal","hepta-2,4-dienal",goodscents,leffingwell_goodscents
140.18,CC1=CCC(CC1)C(=O)O,4-methylcyclohex-3-ene-1-carboxylic acid,4-methylcyclohex-3-ene-1-carboxylic acid,goodscents,leffingwell_goodscents
178.23,COC(C=CC1=CC=CC=C1)OC,"3,3-dimethoxyprop-1-enylbenzene","3,3-dimethoxyprop-1-enylbenzene",goodscents,leffingwell_goodscents
146.19,CC=C(C=O)C1=CC=CC=C1,2-phenylbut-2-enal,4411-89-6,goodscents,leffingwell_goodscents
130.18,CCCCC(C)C(=O)O,2-methylhexanoic acid,2-methylhexanoic acid,goodscents,leffingwell_goodscents
112.17,CCCC(=O)C=CC,hept-2-en-4-one,propenyl propyl ketone,goodscents,leffingwell_goodscents
86.13,CC=C(C)CO,2-methylbut-2-en-1-ol,4675-87-0,goodscents,leffingwell_goodscents
392.17,C1=NC(=O)C2=C(N1)N(C=N2)[C@H]3[C@@H]([C@@H]([C@H](O3)COP(=O)([O-])[O-])O)O.[Na+].[Na+],"disodium;[(2R,3S,4R,5R)-3,4-dihydroxy-5-(6-oxo-3H-purin-9-yl)oxolan-2-yl]methyl phosphate","disodium;[(2R,3S,4R,5R)-3,4-dihydroxy-5-(6-oxo-3H-purin-9-yl)oxolan-2-yl]methyl phosphate",goodscents,leffingwell_goodscents
154.25,CCCCCC1CCCC1=O,2-pentylcyclopentan-1-one,2-pentylcyclopentanone,goodscents,leffingwell_goodscents
182.3,CCCCCCCCCC=CC=O,dodec-2-enal,2-adodecenal,goodscents,leffingwell_goodscents
106.21,C1CSCS1,"1,3-dithiolane","1,3-dithiolane",goodscents,leffingwell_goodscents
140.27,CC(C)CCCC(C)C=C,"3,7-dimethyloct-1-ene","3,7-dimethyl-1-octene",goodscents,leffingwell_goodscents
112.17,CC(C)C=CC(=O)C,5-methylhex-3-en-2-one,isobutylidenaceton,goodscents,leffingwell_goodscents
98.14,CC(C)C=CC=O,4-methylpent-2-enal,4-methylpent-2-enal,goodscents,leffingwell_goodscents
170.25,CCOC(=O)CC1CCCCC1,ethyl 2-cyclohexylacetate,ethyl cyclohexylacetate,goodscents,leffingwell_goodscents
149.23,CC(=CCCC(=CC#N)C)C,"3,7-dimethylocta-2,6-dienenitrile",citronitrile,goodscents,leffingwell_goodscents
120.2,CC1SCCS1,"2-methyl-1,3-dithiolane","2-methyl-1,3-dithiolane",goodscents,leffingwell_goodscents
284.5,CC(C)CCCCCCCCCCCCCCC(=O)O,16-methylheptadecanoic acid,isostearic acid,goodscents,leffingwell_goodscents
152.23,C[C@@H]1CC[C@H](CC1=O)C(=C)C,"(2R,5R)-2-methyl-5-prop-1-en-2-ylcyclohexan-1-one",5524-05-0,goodscents,leffingwell_goodscents
134.3,CC1SCCCS1,"2-methyl-1,3-dithiane","2-methyl-1,3-dithiane",goodscents,leffingwell_goodscents
422.5,C1=CC=C2C(=C1)C(=NS2(=O)=O)[O-].C1=CC=C2C(=C1)C(=NS2(=O)=O)[O-].O.[Ca+2],"calcium;1,1-dioxo-1,2-benzothiazol-3-olate;hydrate",calcium saccharin hydrate,goodscents,leffingwell_goodscents
256.38,C1CCCCCOCCCCOC(=O)CCCC1,"1,6-dioxacycloheptadecan-7-one","1,6-dioxacycloheptadecan-7-one",goodscents,leffingwell_goodscents
98.14,CCC=CCC=O,hex-3-enal,hex-3-enal,goodscents,leffingwell_goodscents
175.64,C([C@@H](C(=O)O)N)S.O.Cl,(2R)-2-amino-3-sulfanylpropanoic acid;hydrate;hydrochloride,l-cysteine hydrochloride monohydrate,goodscents,leffingwell_goodscents
144.17,CC1=NC2=CC=CC=C2N=C1,2-methylquinoxaline,2-methylquinoxaline,goodscents,leffingwell_goodscents
172.31,CCCCCCCCCCOC,1-methoxydecane,1-methoxydecane,goodscents,leffingwell_goodscents
170.25,CCCCCC=CC(=O)OCC,ethyl oct-2-enoate,"2-octenoic acid, ethyl ester",goodscents,leffingwell_goodscents
256.42,CCCCC(CC)COC(=O)C(CC)CCCC,2-ethylhexyl 2-ethylhexanoate,2-ethylhexyl 2-ethylhexanoate,goodscents,leffingwell_goodscents
4.0026,[He],helium,7440-59-7,goodscents,leffingwell_goodscents
65.4,[Zn],zinc,7440-66-6,goodscents,leffingwell_goodscents
120.37,[O-]S(=O)(=O)[O-].[Mg+2],magnesium;sulfate,magnesium sulfate,goodscents,leffingwell_goodscents
226.35,CCOC(C=C(C)CCC=C(C)C)OCC,"1,1-diethoxy-3,7-dimethylocta-2,6-diene","1,1-diethoxy-3,7-dimethyl-2,6-octadiene",goodscents,leffingwell_goodscents
177.2,C=CCOC(=O)C1=CC=CC=C1N,prop-2-enyl 2-aminobenzoate,allyl anthranilate,goodscents,leffingwell_goodscents
164.2,CCC(=O)OC1=CC=C(C=C1)C,(4-methylphenyl) propanoate,"propanoic acid, 4-methylphenyl ester",goodscents,leffingwell_goodscents
198.3,CC(=CCCC(=CC(OC)OC)C)C,"1,1-dimethoxy-3,7-dimethylocta-2,6-diene","2,6-octadiene, 1,1-dimethoxy-3,7-dimethyl-",goodscents,leffingwell_goodscents
164.16,C(CC(=O)[O-])C(C(=O)O)N.[NH4+],azanium;4-amino-5-hydroxy-5-oxopentanoate,l-glutamic acid ammonium salt,goodscents,leffingwell_goodscents
141.959,OP(=O)([O-])[O-].[Na+].[Na+],disodium;hydrogen phosphate,7558-79-4,goodscents,leffingwell_goodscents
1135.0,C([C@@H]1[C@@H]2[C@@H]([C@H]([C@H](O1)O[C@@H]3[C@H](O[C@@H]([C@@H]([C@H]3O)O)O[C@@H]4[C@H](O[C@@H]([C@@H]([C@H]4O)O)O[C@@H]5[C@H](O[C@@H]([C@@H]([C@H]5O)O)O[C@@H]6[C@H](O[C@@H]([C@@H](C6O)O)O[C@@H]7[C@H](O[C@@H]([C@@H]([C@H]7O)O)O[C@@H]8[C@H](O[C@H](O2)[C@@H]([C@H]8O)O)CO)CO)CO)CO)CO)CO)O)O)O,"(1S,3R,5R,6S,8R,10R,11S,13R,15R,16S,18R,20R,21S,23R,25R,26S,28R,30R,31S,33R,35R,37R,38R,39R,40R,41R,42R,43R,44R,45R,46R,47R,48R,49R)-5,10,15,20,25,30,35-heptakis(hydroxymethyl)-2,4,7,9,12,14,17,19,22,24,27,29,32,34-tetradecaoxaoctacyclo[31.2.2.23,6.28,11.213,16.218,21.223,26.228,31]nonatetracontane-36,37,38,39,40,41,42,43,44,45,46,47,48,49-tetradecol",7585-39-9,goodscents,leffingwell_goodscents
163.941,[O-]P(=O)([O-])[O-].[Na+].[Na+].[Na+],trisodium;phosphate,trisodium phosphate,goodscents,leffingwell_goodscents
60.084,O=[Si]=O,dioxosilane,silicon dioxide,goodscents,leffingwell_goodscents
84.995,[N+](=O)([O-])[O-].[Na+],sodium;nitrate,sodium nitrate,goodscents,leffingwell_goodscents
151.91,[O-]S(=O)(=O)[O-].[Fe+2],iron(2+);sulfate,ferrous salt,goodscents,leffingwell_goodscents
265.9,[O-]P(=O)([O-])OP(=O)([O-])[O-].[Na+].[Na+].[Na+].[Na+],tetrasodium;phosphonato phosphate,sodium pyrophosphate,goodscents,leffingwell_goodscents
101.103,[N+](=O)([O-])[O-].[K+],potassium;nitrate,potassium nitrate,goodscents,leffingwell_goodscents
262.86,[O-]P(=O)([O-])[O-].[O-]P(=O)([O-])[O-].[Mg+2].[Mg+2].[Mg+2],trimagnesium;diphosphate,magnesium phosphate,goodscents,leffingwell_goodscents
310.18,[O-]P(=O)([O-])[O-].[O-]P(=O)([O-])[O-].[Ca+2].[Ca+2].[Ca+2],tricalcium;diphosphate,calcium phosphate,goodscents,leffingwell_goodscents
136.14,[O-]S(=O)(=O)[O-].[Ca+2],calcium;sulfate,calcium sulfate,goodscents,leffingwell_goodscents
132.14,N.N.OS(=O)(=O)O,azane;sulfuric acid,"ammonium sulfate, ar",goodscents,leffingwell_goodscents
389.88,[O-]I(=O)=O.[O-]I(=O)=O.[Ca+2],calcium;diiodate,calcium iodate,goodscents,leffingwell_goodscents
254.1,[O-]P(=O)([O-])OP(=O)([O-])[O-].[Ca+2].[Ca+2],dicalcium;phosphonato phosphate,calcium pyrophosphate,goodscents,leffingwell_goodscents
237.93,O.O.O.O.O.O.[Cl-].[Cl-].[Co+2],cobalt(2+);dichloride;hexahydrate,cobalt chloride hexahydrate,goodscents,leffingwell_goodscents
360.5,CC(C)(C)C1=C(C=CC(=C1)O)OC.CC(C)(C)C1=C(C=CC(=C1)OC)O,2-tert-butyl-4-methoxyphenol;3-tert-butyl-4-methoxyphenol,butylhydroxyanisole,goodscents,leffingwell_goodscents
192.3,CC1=CCCC(C1C=CC(=O)C)(C)C,"4-(2,6,6-trimethylcyclohex-2-en-1-yl)but-3-en-2-one",.alpha.-ionone,goodscents,leffingwell_goodscents
358.6,CCCCCCCCCCCCCCCCCC(=O)OCC(CO)O,"2,3-dihydroxypropyl octadecanoate",glyceryl monostearate,goodscents,leffingwell_goodscents
528.6,COC1=CC=CC(=C1O)CC(CS(=O)(=O)[O-])OC2=C(C=C(C=C2)CCCS(=O)(=O)[O-])OC.[Ca+2],calcium;3-(2-hydroxy-3-methoxyphenyl)-2-[2-methoxy-4-(3-sulfonatopropyl)phenoxy]propane-1-sulfonate,8061-52-7,goodscents,leffingwell_goodscents
240.21,CC(=O)O.C(C(C(C(C(C=O)O)O)O)O)O,"acetic acid;2,3,4,5,6-pentahydroxyhexanal",croscarmellose,goodscents,leffingwell_goodscents
230.39,CCCCCCCCCCCCOCCO,2-dodecoxyethanol,2-(dodecyloxy)ethanol,goodscents,leffingwell_goodscents
190.28,CCCCOCC(C)OCC(C)O,1-(1-butoxypropan-2-yloxy)propan-2-ol,29911-28-2,goodscents,leffingwell_goodscents
328.5,CCCCCCCCCCCCCCCCCC(=O)OCCO,2-hydroxyethyl octadecanoate,2-hydroxyethyl stearate,goodscents,leffingwell_goodscents
972.8,C(C1[C@@H]2C(C([C@H](O1)O[C@@H]3C(O[C@@H](C(C3O)O)O[C@@H]4C(O[C@@H](C(C4O)O)O[C@@H]5C(O[C@@H](C(C5O)O)O[C@@H]6C(O[C@@H](C(C6O)O)O[C@@H]7C(O[C@H](O2)C(C7O)O)CO)CO)CO)CO)CO)O)O)O,"(1S,3R,6S,8R,11S,13R,16S,18R,21S,23R,26S,28R)-5,10,15,20,25,30-hexakis(hydroxymethyl)-2,4,7,9,12,14,17,19,22,24,27,29-dodecaoxaheptacyclo[26.2.2.23,6.28,11.213,16.218,21.223,26]dotetracontane-31,32,33,34,35,36,37,38,39,40,41,42-dodecol",chembl2373320,goodscents,leffingwell_goodscents
342.2,[O-]S(=O)(=O)[O-].[O-]S(=O)(=O)[O-].[O-]S(=O)(=O)[O-].[Al+3].[Al+3],dialuminum;trisulfate,aluminum sulfate,goodscents,leffingwell_goodscents
172.17,O.O.[O-]S(=O)(=O)[O-].[Ca+2],calcium;sulfate;dihydrate,calcium sulfate dihydrate,goodscents,leffingwell_goodscents
158.26,[O-]S(=O)[O-].[K+].[K+],dipotassium;sulfite,potassium sulfite,goodscents,leffingwell_goodscents
287.31,C1=CC=C(C(=C1)C(=O)O)O.C(CO)N(CCO)CCO,2-[bis(2-hydroxyethyl)amino]ethanol;2-hydroxybenzoic acid,triethanolamine salicylate,goodscents,leffingwell_goodscents
178.23,CC(COC(=O)C)C1=CC=CC=C1,2-phenylpropyl acetate,2-phenylpropyl acetate,goodscents,leffingwell_goodscents
196.29,CC(=O)OC1CCC2CCCCC2C1,"1,2,3,4,4a,5,6,7,8,8a-decahydronaphthalen-2-yl acetate",decahydro-2-naphthyl acetate,goodscents,leffingwell_goodscents
182.26,C1CCC2CC(CCC2C1)OC=O,"1,2,3,4,4a,5,6,7,8,8a-decahydronaphthalen-2-yl formate",decahydro-2-naphthyl formate,goodscents,leffingwell_goodscents
51.11,[NH4+].[SH-],azanium;sulfanide,ammonium bisulfide,goodscents,leffingwell_goodscents
53.49,[NH4+].[Cl-],azanium;chloride,ammonium chloride,goodscents,leffingwell_goodscents
68.15,[NH4+].[NH4+].[S-2],diazanium;sulfide,diammonium sulfide,goodscents,leffingwell_goodscents
182.3,CCCCCC=C(CCCC)C=O,2-butyloct-2-enal,butyloctenal,goodscents,leffingwell_goodscents
184.27,CCCCCCC#CC(OC)OC,"1,1-dimethoxynon-2-yne","1,1-dimethoxynon-2-yne",goodscents,leffingwell_goodscents
79.866,O=[Ti]=O,dioxotitanium,titanium dioxide,goodscents,leffingwell_goodscents
140.2,CCC(=O)C1=CC=CS1,1-thiophen-2-ylpropan-1-one,1-(2-thienyl)-1-propanone,goodscents,leffingwell_goodscents
145.2,CC(C)C1=CC=C(C=C1)C#N,4-propan-2-ylbenzonitrile,4-isopropylbenzonitrile,goodscents,leffingwell_goodscents
154.25,C[C@@H]1CC[C@H](C(=O)C1)C(C)C,"(2S,5R)-5-methyl-2-propan-2-ylcyclohexan-1-one",(-)-menthone,goodscents,leffingwell_goodscents
379.27,O[Si](=O)[O-].O[Si](=O)[O-].[O-][Si](=O)[O-].[O-][Si](=O)[O-].[Mg+2].[Mg+2].[Mg+2],trimagnesium;dioxido(oxo)silane;hydroxy-oxido-oxosilane,mussolinite,goodscents,leffingwell_goodscents
192.3,CC1=C(C(CCC1)(C)C)C=CC(=O)C,"4-(2,6,6-trimethylcyclohexen-1-yl)but-3-en-2-one","4-(2,6,6-trimethyl-cyclohex-1-enyl)-but-3-en-2-one",goodscents,leffingwell_goodscents
222.37,CC1=CCC(CC1)(C(C)CCC=C(C)C)O,4-methyl-1-(6-methylhept-5-en-2-yl)cyclohex-3-en-1-ol,beta-bisabolol,goodscents,leffingwell_goodscents
124.18,CC(=CC=CC(=O)C)C,"6-methylhepta-3,5-dien-2-one","2-methyl-2,4-heptadien-6-one",goodscents,leffingwell_goodscents
184.27,CCCCCCOC(=O)C(=CC)C,hexyl 2-methylbut-2-enoate,hexyl 2-methylbut-2-enoate,goodscents,leffingwell_goodscents
204.35,CC(=C)[C@H]1CC[C@@]2(CCCC(=C)[C@H]2C1)C,"(3S,4aR,8aS)-8a-methyl-5-methylidene-3-prop-1-en-2-yl-1,2,3,4,4a,6,7,8-octahydronaphthalene",(-)-beta-selinene,goodscents,leffingwell_goodscents
136.23,CC1(C2CCC1C(=C)C2)C,"7,7-dimethyl-2-methylidenebicyclo[2.2.1]heptane",alpha-fenchene,goodscents,leffingwell_goodscents
150.22,CC1=CC(=O)C2CC1C2(C)C,"4,6,6-trimethylbicyclo[3.1.1]hept-3-en-2-one",verbenone,goodscents,leffingwell_goodscents
128.21,CCCCCC=CCO,oct-2-en-1-ol,oct-2-en-1-ol,goodscents,leffingwell_goodscents
240.42,CCCCCCCCCCCCCCC(=O)C,hexadecan-2-one,2-hexadecanone,goodscents,leffingwell_goodscents
128.17,CCCCC=CC(=O)O,hept-2-enoic acid,heptenoic acid,goodscents,leffingwell_goodscents
612.6,C[C@H]1[C@@H]([C@H]([C@H]([C@@H](O1)O[C@@H]2[C@H]([C@@H]([C@H](O[C@H]2OC3=CC(=C(C(=C3)O)C(=O)CCC4=CC(=C(C=C4)OC)O)O)CO)O)O)O)O)O,"1-[4-[(2S,3R,4S,5S,6R)-4,5-dihydroxy-6-(hydroxymethyl)-3-[(2S,3R,4R,5R,6S)-3,4,5-trihydroxy-6-methyloxan-2-yl]oxyoxan-2-yl]oxy-2,6-dihydroxyphenyl]-3-(3-hydroxy-4-methoxyphenyl)propan-1-one",neohesperidin dihydrochalcone,goodscents,leffingwell_goodscents
424.1,CCCCCCCCCCCCCCCCCC[N+](C)(C)CC1=CC=CC=C1.[Cl-],benzyl-dimethyl-octadecylazanium;chloride,122-19-0,goodscents,leffingwell_goodscents
202.29,CCCCCC(=CC1=CC=CC=C1)C=O,2-benzylideneheptanal,122-40-7,goodscents,leffingwell_goodscents
178.27,CC(C)CCOCC1=CC=CC=C1,3-methylbutoxymethylbenzene,benzyl isoamyl ether,goodscents,leffingwell_goodscents
340.0,CCCCCCCCCCCCCCCC[N+]1=CC=CC=C1.[Cl-],1-hexadecylpyridin-1-ium;chloride,cetylpyridinium chloride,goodscents,leffingwell_goodscents
514.8,CCCCCCCCCCCCOC(=O)CCSCCC(=O)OCCCCCCCCCCCC,dodecyl 3-(3-dodecoxy-3-oxopropyl)sulfanylpropanoate,dilauryl thiodipropionate,goodscents,leffingwell_goodscents
136.23,CC(=CCCC(=C)C=C)C,"7-methyl-3-methylideneocta-1,6-diene",myrcene,goodscents,leffingwell_goodscents
130.14,CCC(=O)OC(=O)CC,propanoyl propanoate,propionic anhydride,goodscents,leffingwell_goodscents
71.12,C1CCNC1,pyrrolidine,pyrrolidine,goodscents,leffingwell_goodscents
125.21,CCCCCCCC#N,octanenitrile,octanenitrile,goodscents,leffingwell_goodscents
411.7,C1=CC(=CC=C1O)S(=O)(=O)[O-].C1=CC(=CC=C1O)S(=O)(=O)[O-].[Zn+2],zinc;4-hydroxybenzenesulfonate,zinc phenolsulfonate,goodscents,leffingwell_goodscents
220.35,CC1=CC(=C(C(=C1)C(C)(C)C)O)C(C)(C)C,"2,6-ditert-butyl-4-methylphenol","2,6-di-tert-butyl-4-methylphenol",goodscents,leffingwell_goodscents
192.3,CC=CC(=O)C1=C(CCCC1(C)C)C,"1-(2,6,6-trimethylcyclohexen-1-yl)but-2-en-1-one",35044-68-9,goodscents,leffingwell_goodscents
134.17,C(CO)COCCCO,3-(3-hydroxypropoxy)propan-1-ol,2396-61-4,goodscents,leffingwell_goodscents
150.17,CC1=CC=CC=C1C(=O)OC,methyl 2-methylbenzoate,methyl o-toluate,goodscents,leffingwell_goodscents
426.7,CC(C)CCCCCCCOC(=O)CCCCC(=O)OCCCCCCCC(C)C,bis(8-methylnonyl) hexanedioate,diisodecyl adipate,goodscents,leffingwell_goodscents
126.24,CCCCCCC=CC,non-2-ene,2-nonene,goodscents,leffingwell_goodscents
142.15,CCC1C(=O)C(=C(O1)C)O,2-ethyl-4-hydroxy-5-methylfuran-3-one,27538-10-9,goodscents,leffingwell_goodscents
136.19,CC(C)CC1=NC=CN=C1,2-(2-methylpropyl)pyrazine,2-isobutylpyrazine,goodscents,leffingwell_goodscents
134.18,CCC1=CN=CC(=N1)C=C,2-ethenyl-6-ethylpyrazine,2-ethyl-6-vinylpyrazine,goodscents,leffingwell_goodscents
182.3,CCOCC=C(C)CCC=C(C)C,"1-ethoxy-3,7-dimethylocta-2,6-diene","1-ethoxy-3,7-dimethylocta-2,6-diene",goodscents,leffingwell_goodscents
120.2,CC1CSCS1,"4-methyl-1,3-dithiolane","4-methyl-1,3-dithiolane",goodscents,leffingwell_goodscents
256.34,C1CCCCCC(=O)OCCOC(=O)CCCC1,"1,4-dioxacyclohexadecane-5,16-dione","1,4-dioxacyclohexadecane-5,16-dione",goodscents,leffingwell_goodscents
156.22,CCCC[C@@H]1[C@@H](CC(=O)O1)C,"(4R,5R)-5-butyl-4-methyloxolan-2-one",cis-whiskey lactone,goodscents,leffingwell_goodscents
180.29,C1CCC(CC1)C2CCC(=O)CC2,4-cyclohexylcyclohexan-1-one,4-cyclohexylcyclohexanone,goodscents,leffingwell_goodscents
140.22,CCC=CCC=CCCO,"nona-3,6-dien-1-ol","3,6-nonadien-1-ol",goodscents,leffingwell_goodscents
192.3,CC=CC(=O)C1C(C=CCC1(C)C)C,"1-(2,6,6-trimethylcyclohex-3-en-1-yl)but-2-en-1-one","2-buten-1-one, 1-[(1r,2s)-2,6,6-trimethyl-3-cyclohexen-1-yl]-, (2e)-rel-",goodscents,leffingwell_goodscents
128.21,CCCCC=CC(C)O,oct-3-en-2-ol,oct-3-en-2-ol,goodscents,leffingwell_goodscents
164.2,CC(=CCC(=O)C1=COC=C1)C,1-(furan-3-yl)-4-methylpent-3-en-1-one,egomaketone,goodscents,leffingwell_goodscents
226.34,CCCC(=O)C(CC)SC1=C(OC=C1)C,3-(2-methylfuran-3-yl)sulfanylheptan-4-one,61295-41-8,goodscents,leffingwell_goodscents
178.27,CC1=CC2C(C2(C)C)CC1C(=O)C,"1-(4,7,7-trimethyl-3-bicyclo[4.1.0]hept-4-enyl)ethanone",3608-11-5,goodscents,leffingwell_goodscents
156.26,C[C@@H]1CC[C@@H]([C@H](C1)O)C(C)C,"(1S,2R,5R)-5-methyl-2-propan-2-ylcyclohexan-1-ol",(+)-isomenthol,goodscents,leffingwell_goodscents
244.37,CC1C(C2=C(C1(C)C)C=C(C(=C2)C)C(=O)C)(C)C,"1-(1,1,2,3,3,6-hexamethyl-2H-inden-5-yl)ethanone",phantolide,goodscents,leffingwell_goodscents
184.32,CCOCCC(C)CCC=C(C)C,"8-ethoxy-2,6-dimethyloct-2-ene","8-ethoxy-2,6-dimethyloct-2-ene",goodscents,leffingwell_goodscents
198.3,CC(CC(=O)OCC=C)CC(C)(C)C,"prop-2-enyl 3,5,5-trimethylhexanoate","allyl 3,5,5-trimethylhexanoate",goodscents,leffingwell_goodscents
112.17,CCCC=CCC=O,hept-3-enal,hept-3-enal,goodscents,leffingwell_goodscents
157.62,C([C@@H](C(=O)O)N)S.Cl,(2R)-2-amino-3-sulfanylpropanoic acid;hydrochloride,l-cysteine hydrochloride,goodscents,leffingwell_goodscents
178.23,CCOC1=C(C=C(C=C1)C=CC)O,2-ethoxy-5-prop-1-enylphenol,"phenol, 2-ethoxy-5-(1-propenyl)-",goodscents,leffingwell_goodscents
272.4,CC(=CCCC(=CCOC(=O)CC1=CC=CC=C1)C)C,"3,7-dimethylocta-2,6-dienyl 2-phenylacetate","benzeneacetic acid, (2e)-3,7-dimethyl-2,6-octadienyl ester",goodscents,leffingwell_goodscents
254.32,CC=CC1=CC(=C(C=C1)OCC2=CC=CC=C2)OC,2-methoxy-1-phenylmethoxy-4-prop-1-enylbenzene,2-methoxy-1-phenylmethoxy-4-prop-1-enylbenzene,goodscents,leffingwell_goodscents
196.29,CC(=O)O[C@@H]1C[C@@H]2CC[C@@]1(C2(C)C)C,"[(1R,2R,4S)-1,7,7-trimethyl-2-bicyclo[2.2.1]heptanyl] acetate",isobomyl acetate,goodscents,leffingwell_goodscents
206.32,CCC(=O)C=CC1C(=CCCC1(C)C)C,"1-(2,6,6-trimethylcyclohex-2-en-1-yl)pent-1-en-3-one",127-42-4,goodscents,leffingwell_goodscents
206.32,CCC(=O)C=CC1=C(CCCC1(C)C)C,"1-(2,6,6-trimethylcyclohexen-1-yl)pent-1-en-3-one",dtxsid6051643,goodscents,leffingwell_goodscents
264.4,CC1CCC(CC2=C1CCC2C)C(C)(C)OC(=O)C,"2-(3,8-dimethyl-1,2,3,4,5,6,7,8-octahydroazulen-5-yl)propan-2-yl acetate","guaijol, acetate",goodscents,leffingwell_goodscents
218.29,CC(C)CC(=O)OCC=CC1=CC=CC=C1,3-phenylprop-2-enyl 3-methylbutanoate,isovaleric acid cinnamyl ester,goodscents,leffingwell_goodscents
168.28,CC=CCCCCCCCC=O,undec-9-enal,undec-9-enal,goodscents,leffingwell_goodscents
150.22,CC1=CCCC(=C(C)C)C1=O,2-methyl-6-propan-2-ylidenecyclohex-2-en-1-one,824975-86-2,goodscents,leffingwell_goodscents
142.2,CC=CC(=O)OCC(C)C,2-methylpropyl but-2-enoate,2-methylpropyl but-2-enoate,goodscents,leffingwell_goodscents
404.4,C1=CC=C(C=C1)C(=O)OCC(COC(=O)C2=CC=CC=C2)OC(=O)C3=CC=CC=C3,"2,3-dibenzoyloxypropyl benzoate",glyceryl tribenzoate,goodscents,leffingwell_goodscents
262.4,CC(=CCCC(=CCCC(=CCCC(=O)C)C)C)C,"6,10,14-trimethylpentadeca-5,9,13-trien-2-one",762-29-8,goodscents,leffingwell_goodscents
82.1,C=CC=CC=O,"penta-2,4-dienal","penta-2,4-dienal",goodscents,leffingwell_goodscents
196.29,CC1=CCC(C1(C)C)CCOC(=O)C,"2-(2,2,3-trimethylcyclopent-3-en-1-yl)ethyl acetate",alpha-campholene acetate,goodscents,leffingwell_goodscents
142.2,CCC=CCC(=O)OCC,ethyl hex-3-enoate,ethyl-3-hexanoate,goodscents,leffingwell_goodscents
156.22,CCCCCC=CC(=O)OC,methyl oct-2-enoate,dtxsid7062378,goodscents,leffingwell_goodscents
782.9,COC1=CC2=C(C=CN=C2C=C1)[C@H]([C@@H]3CC4CCN3C[C@@H]4C=C)O.COC1=CC2=C(C=CN=C2C=C1)[C@H]([C@@H]3CC4CCN3C[C@@H]4C=C)O.O.O.OS(=O)(=O)O,"(R)-[(2S,5R)-5-ethenyl-1-azabicyclo[2.2.2]octan-2-yl]-(6-methoxyquinolin-4-yl)methanol;sulfuric acid;dihydrate",quinine sulfate dihydrate,goodscents,leffingwell_goodscents
100.16,CC=CCCCO,hex-4-en-1-ol,hex-4-en-1-ol,goodscents,leffingwell_goodscents
234.33,CCCCCCOC(=O)CCC1=CC=CC=C1,hexyl 3-phenylpropanoate,"benzenepropanoic acid, hexyl ester",goodscents,leffingwell_goodscents
135.21,CC(C)CC1=CC=CC=N1,2-(2-methylpropyl)pyridine,2-isobutylpyridine,goodscents,leffingwell_goodscents
119.16,CC(C)CC(=O)O.N,azane;3-methylbutanoic acid,ammonium isovalerate,goodscents,leffingwell_goodscents
344.6,CCCCCCCCCCCCCCCCO.CC1CO1.C1CO1,hexadecan-1-ol;2-methyloxirane;oxirane,propylene oxide ethylene oxide polymer hexadecyl ether,goodscents,leffingwell_goodscents
184.27,CCC=CCCOC(=O)C(C)CC,hex-3-enyl 2-methylbutanoate,3-hexenyl 2-methylbutyrate,goodscents,leffingwell_goodscents
166.26,CCCCCCC=CC=CC=O,"undeca-2,4-dienal",undecadienal,goodscents,leffingwell_goodscents
244.37,CC(=O)C1=C2CCC(C2=CC(=C1)C(C)(C)C)(C)C,"1-(6-tert-butyl-1,1-dimethyl-2,3-dihydroinden-4-yl)ethanone",celestolide,goodscents,leffingwell_goodscents
170.25,CCCCCC=CCC(=O)OC,methyl non-3-enoate,methyl 3-nonenoate,goodscents,leffingwell_goodscents
100.39,[O-][Si](=O)[O-].[Mg+2],magnesium;dioxido(oxo)silane,florisil,goodscents,leffingwell_goodscents
150.26,CCCCCC=CC=CC=C,"undeca-1,3,5-triene",undecatriene,goodscents,leffingwell_goodscents
172.26,CCCCC(CC)CCC(=O)O,4-ethyloctanoic acid,4-ethyloctanoic acid,goodscents,leffingwell_goodscents
124.18,CCCC=CC=CC=O,"octa-2,4-dienal","2,a4-aoctadienal",goodscents,leffingwell_goodscents
142.24,CCCCCCC=CCO,non-2-en-1-ol,2-nonen-1-ol,goodscents,leffingwell_goodscents
114.19,CCC(C)C(C)C=O,"2,3-dimethylpentanal","2,3-dimethylpentanal",goodscents,leffingwell_goodscents
170.29,CCCCCCCCC=CCO,undec-2-en-1-ol,undec-2-enol,goodscents,leffingwell_goodscents
114.14,CC=CC(C)C(=O)O,2-methylpent-3-enoic acid,"3-pentenoic acid, 2-methyl-",goodscents,leffingwell_goodscents
192.3,CC=CC(=O)C1C(=CCCC1(C)C)C,"1-(2,6,6-trimethylcyclohex-2-en-1-yl)but-2-en-1-one","2-buten-1-one, 1-(2,6,6-trimethyl-2-cyclohexen-1-yl)-, (2e)-",goodscents,leffingwell_goodscents
172.26,CCCCCC(C)CCC(=O)O,4-methylnonanoic acid,4-methylnonanoic acid,goodscents,leffingwell_goodscents
190.31,CCCC(CCOC(=O)C)SC,3-methylsulfanylhexyl acetate,3-(methylthio)hexyl acetate,goodscents,leffingwell_goodscents
158.24,CCCCC(C)CCC(=O)O,4-methyloctanoic acid,4-methyloctanoic acid,goodscents,leffingwell_goodscents
222.26,CC1=CC(=C(O1)C)SC(=O)C2=CC=CO2,"S-(2,5-dimethylfuran-3-yl) furan-2-carbothioate","s-(2,5-dimethyl-3-furanyl) 2-furancarbothioate",goodscents,leffingwell_goodscents
458.7,CCCCCCCCCCCCCCCCCC(=O)NCCCN(C)C.CC(C(=O)O)O,N-[3-(dimethylamino)propyl]octadecanamide;2-hydroxypropanoic acid,stearamidopropyl dimethylamine lactate,goodscents,leffingwell_goodscents
368.6,CCCCCCCCCCCCCCCCCC(=O)NCCCN(C)C,N-[3-(dimethylamino)propyl]octadecanamide,7651-02-7,goodscents,leffingwell_goodscents
228.33,C[C@@H]1CC[C@H]([C@@H](C1)OC(=O)C(C)O)C(C)C,"[(1R,2S,5R)-5-methyl-2-propan-2-ylcyclohexyl] 2-hydroxypropanoate",(-)-menthyl lactate,goodscents,leffingwell_goodscents
263.29,C1=CC=C2C=C(C=CC2=C1)OC(=O)C3=CC=CC=C3N,naphthalen-2-yl 2-aminobenzoate,naphthalen-2-yl 2-aminobenzoate,goodscents,leffingwell_goodscents
512.9,CCCCCCCCCCCCCCCCCCO.CCCCCCCCCCCCCCCCO,hexadecan-1-ol;octadecan-1-ol,cetearyl alcohol,goodscents,leffingwell_goodscents
212.33,CCC(C)(C)C1CCCCC1OC(=O)C,[2-(2-methylbutan-2-yl)cyclohexyl] acetate,coniferan,goodscents,leffingwell_goodscents
236.39,C[C@@H]1CC[C@@H]2C13CC[C@@]([C@H](C3)C2(C)C)(C)OC,"(2R,5S,7R,8R)-8-methoxy-2,6,6,8-tetramethyltricyclo[5.3.1.01,5]undecane","(2r,5s,7r,8r)-8-methoxy-2,6,6,8-tetramethyltricyclo[5.3.1.01,5]undecane",goodscents,leffingwell_goodscents
370.39,CO[C@H]1C(C(C([C@H](O1)COCCO)OCCO)OCCO)OCCO,"2-[[(2R,6R)-3,4,5-tris(2-hydroxyethoxy)-6-methoxyoxan-2-yl]methoxy]ethanol",methyl gluceth,goodscents,leffingwell_goodscents
297.26,CC1=C(C(=C(C(=C1[N+](=O)[O-])C(C)(C)C)[N+](=O)[O-])C)[N+](=O)[O-],"1-tert-butyl-3,5-dimethyl-2,4,6-trinitrobenzene",musk xylene,goodscents,leffingwell_goodscents
164.2,CC(C1=CC=CC=C1)OC(=O)C,1-phenylethyl acetate,1-phenylethyl acetate,goodscents,leffingwell_goodscents
150.22,CC1CCC2=C(C1)C(=CO2)C,"3,5-dimethyl-4,5,6,7-tetrahydro-1-benzofuran",51605-49-3,goodscents,leffingwell_goodscents
204.35,CC1=CCC(=C(C)CCC=C(C)C)CC1,1-methyl-4-(6-methylhept-5-en-2-ylidene)cyclohexene,495-62-5,goodscents,leffingwell_goodscents
154.25,CC(C)C12CCC(C1C2)(C)O,2-methyl-5-propan-2-ylbicyclo[3.1.0]hexan-2-ol,sabinene hydrate,goodscents,leffingwell_goodscents
188.22,CCCC=C1C2=CC=CC=C2C(=O)O1,3-butylidene-2-benzofuran-1-one,3-butylidenephthalide,goodscents,leffingwell_goodscents
224.3,CCC=CCC1C(CCC1=O)CC(=O)OC,methyl 2-(3-oxo-2-pent-2-enylcyclopentyl)acetate,methyl jasmonate,goodscents,leffingwell_goodscents
204.35,CC(C)[C@@H]1CC[C@@]2([C@H]1[C@@H]3[C@H]2CCC3=C)C,"(1S,2R,6S,7R,8S)-1-methyl-5-methylidene-8-propan-2-yltricyclo[5.3.0.02,6]decane",beta-bourbonene,goodscents,leffingwell_goodscents
404.4,C1=CC=C2C(=C1)C(=NS2(=O)=O)[O-].C1=CC=C2C(=C1)C(=NS2(=O)=O)[O-].[Ca+2],"calcium;1,1-dioxo-1,2-benzothiazol-3-olate",calcium saccharin,goodscents,leffingwell_goodscents
196.33,CCCCCCCCCCC=CC=O,tridec-2-enal,tridec-2-enal,goodscents,leffingwell_goodscents
212.266,[O-]P(=O)([O-])[O-].[K+].[K+].[K+],tripotassium;phosphate,potassium phosphate,goodscents,leffingwell_goodscents
218.29,CC(C)CCOC(=O)C=CC1=CC=CC=C1,3-methylbutyl 3-phenylprop-2-enoate,3-methylbutyl cinnamate,goodscents,leffingwell_goodscents
328.6,CCCCCCCCCCCCCCCCCCOCC(C)O,1-octadecoxypropan-2-ol,1-octadecoxypropan-2-ol,goodscents,leffingwell_goodscents
152.23,CC(=CCCC(C)(C#C)O)C,"3,7-dimethyloct-6-en-1-yn-3-ol","3,7-dimethyloct-6-en-1-yn-3-ol",goodscents,leffingwell_goodscents
211.34,CCNC(=O)C1CC(CCC1C(C)C)C,N-ethyl-5-methyl-2-propan-2-ylcyclohexane-1-carboxamide,39711-79-0,goodscents,leffingwell_goodscents
130.21,CC=C(CSC)C=O,2-(methylsulfanylmethyl)but-2-enal,2-[(methylsulfanyl)methyl]but-2-enal,goodscents,leffingwell_goodscents
209.37,CCCCCCCCCCCCCC#N,tetradecanenitrile,tetradecanenitrile,goodscents,leffingwell_goodscents
331.43,C[C@H](C(=O)NC1C(SC1(C)C)(C)C)NC(=O)[C@H](CC(=O)O)N,"(3S)-3-amino-4-oxo-4-[[(2R)-1-oxo-1-[(2,2,4,4-tetramethylthietan-3-yl)amino]propan-2-yl]amino]butanoic acid",alitame,goodscents,leffingwell_goodscents
337.5,CC(CC1=CC=C(C=C1)C(C)(C)C)C=NC2=CC=CC=C2C(=O)OC,methyl 2-[[3-(4-tert-butylphenyl)-2-methylpropylidene]amino]benzoate,verdantiol,goodscents,leffingwell_goodscents
148.2,CC1=CC=C(C=C1)CCC=O,3-(4-methylphenyl)propanal,5406-12-2,goodscents,leffingwell_goodscents
178.23,CC(CC1=CC=C(C=C1)OC)C=O,3-(4-methoxyphenyl)-2-methylpropanal,3-(4-methoxyphenyl)-2-methylpropanal,goodscents,leffingwell_goodscents
190.28,CC(C)(C)C1=CC=C(C=C1)CCC=O,3-(4-tert-butylphenyl)propanal,3-(4-tert-butylphenyl)propanal,goodscents,leffingwell_goodscents
132.23,CCC(C)C(=O)SC,S-methyl 2-methylbutanethioate,s-methyl 2-methylbutanethioate,goodscents,leffingwell_goodscents
171.28,CC(C)C(C)(C(C)C)C(=O)NC,"N,2,3-trimethyl-2-propan-2-ylbutanamide",51115-67-4,goodscents,leffingwell_goodscents
212.33,CC1CCC2(O1)C(CCCC2(C)O)(C)C,"2,6,10,10-tetramethyl-1-oxaspiro[4.5]decan-6-ol",6-hydroxydihydrotheaspirane,goodscents,leffingwell_goodscents
176.17,CC(=O)OCC(CO)OC(=O)C,(2-acetyloxy-3-hydroxypropyl) acetate,"3-hydroxypropane-1,2-diyl diacetate",goodscents,leffingwell_goodscents
162.23,CCCCC(=O)C1=CC=CC=C1,1-phenylpentan-1-one,valerophenone,goodscents,leffingwell_goodscents
197.27,C1CCC(=C(C#N)C2=CC=CC=C2)CC1,2-cyclohexylidene-2-phenylacetonitrile,2-cyclohexylidene-2-phenylacetonitrile,goodscents,leffingwell_goodscents
178.18,C=CCOC(=O)C1=CC=CC=C1O,prop-2-enyl 2-hydroxybenzoate,allyl salicylate,goodscents,leffingwell_goodscents
164.24,CCCCOC1=CC=C(C=C1)C,1-butoxy-4-methylbenzene,p-butoxytoluene,goodscents,leffingwell_goodscents
168.23,CCCCCC#CC(=O)OCC,ethyl oct-2-ynoate,ethyl 2-octynoate,goodscents,leffingwell_goodscents
186.33,CCCCCCCCCC(C)CO,2-methylundecan-1-ol,2-methyl-1-undecanol,goodscents,leffingwell_goodscents
168.15,CC(=O)OCC1=CC=C(O1)C=O,(5-formylfuran-2-yl)methyl acetate,5-acetoxymethyl-2-furaldehyde,goodscents,leffingwell_goodscents
278.3,CC1=C(C=C2C(=C1[N+](=O)[O-])C(CC2(C)C)(C)C)[N+](=O)[O-],"1,1,3,3,5-pentamethyl-4,6-dinitro-2H-indene",moskene,goodscents,leffingwell_goodscents
164.2,CCC(=O)C1=CC=C(C=C1)OC,1-(4-methoxyphenyl)propan-1-one,4'-methoxypropiophenone,goodscents,leffingwell_goodscents
254.32,C1=CC=C(C=C1)CCCOC(=O)CC2=CC=CC=C2,3-phenylpropyl 2-phenylacetate,3-phenylpropyl phenylacetate,goodscents,leffingwell_goodscents
154.25,CC(=CCC[C@@](C)(C=C)O)C,"(3S)-3,7-dimethylocta-1,6-dien-3-ol",126-90-9,goodscents,leffingwell_goodscents
171.24,CC(C)C1=CC2=C(C=C1)N=CC=C2,6-propan-2-ylquinoline,6-isopropylquinoline,goodscents,leffingwell_goodscents
266.29,CC1=C(C(=C(C(=C1C)[N+](=O)[O-])C(C)(C)C)[N+](=O)[O-])C,"1-tert-butyl-3,4,5-trimethyl-2,6-dinitrobenzene",musk tibetene,goodscents,leffingwell_goodscents
150.17,CC1=CC(=CC=C1)OC(=O)C,(3-methylphenyl) acetate,m-tolyl acetate,goodscents,leffingwell_goodscents
220.35,CC(=CCCC(=CCCC(=CC=O)C)C)C,"3,7,11-trimethyldodeca-2,6,10-trienal","3,7,11-trimethyl-dodeca-2,6,10-trienal",goodscents,leffingwell_goodscents
150.22,CC(=CCCC1=COC=C1)C,3-(4-methylpent-3-enyl)furan,perillene,goodscents,leffingwell_goodscents
242.35,CCOCC(=O)O[C@@H]1C[C@@H](CC[C@H]1C(C)C)C,"[(1R,2S,5R)-5-methyl-2-propan-2-ylcyclohexyl] 2-ethoxyacetate",menglytate,goodscents,leffingwell_goodscents
136.19,CCCC1=CC(=CC=C1)O,3-propylphenol,3-n-propylphenol,goodscents,leffingwell_goodscents
133.19,C1CC2=CC=CC=C2NC1,"1,2,3,4-tetrahydroquinoline","1,2,3,4-tetrahydroquinoline",goodscents,leffingwell_goodscents
232.28,C1=CC=C(C=C1)C(=O)C2=CC3=CC=CC=C3C=C2,naphthalen-2-yl(phenyl)methanone,2-naphthyl phenyl ketone,goodscents,leffingwell_goodscents
152.19,C1CCC2=C(C1)CCC(=O)O2,"3,4,5,6,7,8-hexahydrochromen-2-one",hexahydrocoumarin,goodscents,leffingwell_goodscents
184.27,CC1(COC2(CCCCC2)OC1)C,"3,3-dimethyl-1,5-dioxaspiro[5.5]undecane",707-29-9,goodscents,leffingwell_goodscents
174.24,CC(=O)C1=CC2=C(CCCC2)C=C1,"1-(5,6,7,8-tetrahydronaphthalen-2-yl)ethanone",774-55-0,goodscents,leffingwell_goodscents
133.15,COC1=CC=C(C=C1)C#N,4-methoxybenzonitrile,4-methoxybenzonitrile,goodscents,leffingwell_goodscents
112.17,COC1=CCCCC1,1-methoxycyclohexene,1-methoxycyclohexene,goodscents,leffingwell_goodscents
228.37,COC1(CCCCCCCCCCC1)OC,"1,1-dimethoxycyclododecane","1,1-dimethoxycyclododecane",goodscents,leffingwell_goodscents
199.33,CCCCCCCC(=O)N(CC)CC,"N,N-diethyloctanamide","n,n-diethyloctanamide",goodscents,leffingwell_goodscents
148.2,COC1CCC2=CC=CC=C12,"1-methoxy-2,3-dihydro-1H-indene",1-methoxyindan,goodscents,leffingwell_goodscents
150.17,C=CCC1=CC(=C(C=C1)O)O,"4-prop-2-enylbenzene-1,2-diol",4-allylpyrocatechol,goodscents,leffingwell_goodscents
170.25,C1CCC(CC1)CCCOC=O,3-cyclohexylpropyl formate,3-cyclohexylpropyl formate,goodscents,leffingwell_goodscents
154.25,C[C@@H]1CC[C@@H](C(=O)C1)C(C)C,"(2R,5R)-5-methyl-2-propan-2-ylcyclohexan-1-one",(+)-isomenthone,goodscents,leffingwell_goodscents
148.16,C1=COC(=C1)CC2=CC=CO2,2-(furan-2-ylmethyl)furan,"furan, 2,2'-methylenebis-",goodscents,leffingwell_goodscents
89.09,C[C@H](C(=O)O)N,(2R)-2-aminopropanoic acid,d-alanine,goodscents,leffingwell_goodscents
294.1,C(C(=O)[O-])C(CC(=O)[O-])(C(=O)[O-])O.O.O.[Na+].[Na+].[Na+],"trisodium;2-hydroxypropane-1,2,3-tricarboxylate;dihydrate",trisodium citrate dihydrate,goodscents,leffingwell_goodscents
266.3,C=CCC1=CC(=C(C=C1)O)C2=C(C=CC(=C2)CC=C)O,2-(2-hydroxy-5-prop-2-enylphenyl)-4-prop-2-enylphenol,magnolol,goodscents,leffingwell_goodscents
177.29,CCCCCCCC1=CC=CC=N1,2-heptylpyridine,2-heptylpyridine,goodscents,leffingwell_goodscents
230.3,C=C1CC[C@@H]2[C@@H]([C@@H]3[C@H]1CCC3=C)OC(=O)C2=C,"(3aS,6aR,9aR,9bS)-3,6,9-trimethylidene-3a,4,5,6a,7,8,9a,9b-octahydroazuleno[4,5-b]furan-2-one",dehydrocostus lactone,goodscents,leffingwell_goodscents
58.32,[OH-].[OH-].[Mg+2],magnesium;dihydroxide,milk of magnesia,goodscents,leffingwell_goodscents
171.24,CC(C)C1=CC=NC2=CC=CC=C12,4-propan-2-ylquinoline,4-propan-2-ylquinoline,goodscents,leffingwell_goodscents
185.26,CC(C)CC1=CC=NC2=CC=CC=C12,4-(2-methylpropyl)quinoline,4-isobutylquinoline,goodscents,leffingwell_goodscents
162.23,CC(C)C1=CC=CC(=C1)CC=O,2-(3-propan-2-ylphenyl)acetaldehyde,ar-isopropylphenylacetaldehyde,goodscents,leffingwell_goodscents
234.2,COC(=O)CC(CC(=O)OC)(C(=O)OC)O,"trimethyl 2-hydroxypropane-1,2,3-tricarboxylate",trimethyl citrate,goodscents,leffingwell_goodscents
158.24,CCCCCCC1OCCO1,"2-hexyl-1,3-dioxolane","2-hexyl-1,3-dioxolane",goodscents,leffingwell_goodscents
256.38,C1CCCCOCCCCCCOC(=O)CCC1,"1,8-dioxacycloheptadecan-9-one","1,8-dioxacycloheptadecan-9-one",goodscents,leffingwell_goodscents
136.19,CC1=CC(=CC=C1)CCO,2-(3-methylphenyl)ethanol,1875-89-4,goodscents,leffingwell_goodscents
129.16,C1=CC=C(C=C1)C=CC#N,3-phenylprop-2-enenitrile,3-phenylprop-2-enenitrile,goodscents,leffingwell_goodscents
153.26,CCCCCCCCCC#N,decanenitrile,decanenitrile,goodscents,leffingwell_goodscents
204.31,CC1=CC(=CC(=C1C(=O)C)C)C(C)(C)C,"1-(4-tert-butyl-2,6-dimethylphenyl)ethanone","4'-tert-butyl-2',6'-dimethylacetophenone",goodscents,leffingwell_goodscents
192.25,CC(C)(C)C(=O)OCC1=CC=CC=C1,"benzyl 2,2-dimethylpropanoate","benzyl 2,2-dimethylpropanoate",goodscents,leffingwell_goodscents
314.5,CCCCCCCCCCCCCCCCCCOCCO,2-octadecoxyethanol,2-(octadecyloxy)ethanol,goodscents,leffingwell_goodscents
546.8,CCCCCCCCCCCCCCCCOP(=O)(O)OCCCCCCCCCCCCCCCC,dihexadecyl hydrogen phosphate,dihexadecyl hydrogen phosphate,goodscents,leffingwell_goodscents
162.18,CC(=O)OC(=C)C1=CC=CC=C1,1-phenylethenyl acetate,1-phenylethenyl acetate,goodscents,leffingwell_goodscents
146.25,CCCCCC(=O)SC,S-methyl hexanethioate,s-methyl hexanethioate,goodscents,leffingwell_goodscents
238.41,C1CCCCCCCC(=O)CCCCCCC1,cyclohexadecanone,cyclohexadecanone,goodscents,leffingwell_goodscents
152.19,CCOC1=C(C=CC(=C1)C)O,2-ethoxy-4-methylphenol,2-ethoxy-4-methylphenol,goodscents,leffingwell_goodscents
198.34,COC1CCCCCCCCCCC1,methoxycyclododecane,"cyclododecane, methoxy-",goodscents,leffingwell_goodscents
168.62,C(C[C@@H](C(=O)O)N)CN.Cl,"(2S)-2,5-diaminopentanoic acid;hydrochloride",3184-13-2,goodscents,leffingwell_goodscents
238.37,CC(CCC=C(C)CCC=C(C)C)OC(=O)C,"6,10-dimethylundeca-5,9-dien-2-yl acetate","6,10-dimethylundeca-5,9-dien-2-yl acetate",goodscents,leffingwell_goodscents
252.4,C1CCCCCCCCC(=O)CCCCCCC1,cycloheptadecanone,cycloheptadecanone,goodscents,leffingwell_goodscents
182.17,CCOC(=O)C1=CC(=C(C=C1)O)O,"ethyl 3,4-dihydroxybenzoate","ethyl 3,4-dihydroxybenzoate",goodscents,leffingwell_goodscents
184.23,CC1=CC=CC=C1OC2=CC=CC=C2,1-methyl-2-phenoxybenzene,o-phenoxytoluene,goodscents,leffingwell_goodscents
144.21,CCCC[C@@H](CC)C(=O)O,(2R)-2-ethylhexanoic acid,(r)-2-ethylhexanoic acid,goodscents,leffingwell_goodscents
172.26,CCCCCCCC1OCCO1,"2-heptyl-1,3-dioxolane","2-heptyl-1,3-dioxolane",goodscents,leffingwell_goodscents
194.23,C1C(COC(O1)CC2=CC=CC=C2)O,"2-benzyl-1,3-dioxan-5-ol","2-benzyl-1,3-dioxan-5-ol",goodscents,leffingwell_goodscents
124.22,C=CCCCCCC=C,"nona-1,8-diene","1,8-nonadiene",goodscents,leffingwell_goodscents
190.28,CCC(=O)CC(C)(C)C1=CC=CC=C1,5-methyl-5-phenylhexan-3-one,5-methyl-5-phenylhexan-3-one,goodscents,leffingwell_goodscents
182.3,CC(=O)CC(C)(C)C1CCCCC1,4-cyclohexyl-4-methylpentan-2-one,4-cyclohexyl-4-methylpentan-2-one,goodscents,leffingwell_goodscents
207.7,CC(=C)C(=O)OCC[N+](C)(C)C.[Cl-],trimethyl-[2-(2-methylprop-2-enoyloxy)ethyl]azanium;chloride,5039-78-1,goodscents,leffingwell_goodscents
166.22,CC(=O)OC1(CCCCC1)C#C,(1-ethynylcyclohexyl) acetate,1-ethynylcyclohexyl acetate,goodscents,leffingwell_goodscents
138.16,C1C2CC(C1C=C2)C(=O)O,bicyclo[2.2.1]hept-5-ene-2-carboxylic acid,120-74-1,goodscents,leffingwell_goodscents
150.22,CC1=CC(=O)C(CC1)C(=C)C,3-methyl-6-prop-1-en-2-ylcyclohex-2-en-1-one,isopiperitenone,goodscents,leffingwell_goodscents
302.4,CCCCCCCCCCCCCC(=O)OCC(CO)O,"2,3-dihydroxypropyl tetradecanoate",monomyristin,goodscents,leffingwell_goodscents
390.34,CC(=O)OCC1C(C(C(C(O1)OC(=O)C)OC(=O)C)OC(=O)C)OC(=O)C,"(3,4,5,6-tetraacetyloxyoxan-2-yl)methyl acetate",peracetylated d-glucose,goodscents,leffingwell_goodscents
178.27,CCCCOCCC1=CC=CC=C1,2-butoxyethylbenzene,2-butoxyethylbenzene,goodscents,leffingwell_goodscents
154.23,CCCC(=O)C1=CC=CS1,1-thiophen-2-ylbutan-1-one,5333-83-5,goodscents,leffingwell_goodscents
142.24,CC(CO)C1CCCCC1,2-cyclohexylpropan-1-ol,2-cyclohexylpropan-1-ol,goodscents,leffingwell_goodscents
248.36,CCCCCCCCCOC(=O)C1=CC=CC=C1,nonyl benzoate,nonyl benzoate,goodscents,leffingwell_goodscents
220.31,CCCCCCC(=O)OCC1=CC=CC=C1,benzyl heptanoate,benzyl heptanoate,goodscents,leffingwell_goodscents
166.22,CCC1=CC(=C(C=C1)OC)OC,"4-ethyl-1,2-dimethoxybenzene","4-ethyl-1,2-dimethoxybenzene",goodscents,leffingwell_goodscents
130.23,CCCCCC[C@@H](C)O,(2R)-octan-2-ol,(r)-(-)-2-octanol,goodscents,leffingwell_goodscents
151.16,C1=CC=C(C=C1)CC[N+](=O)[O-],2-nitroethylbenzene,(2-nitroethyl)benzene,goodscents,leffingwell_goodscents
154.23,COC1=CC=C(C=C1)CS,(4-methoxyphenyl)methanethiol,6258-60-2,goodscents,leffingwell_goodscents
184.27,CCCCOC(=O)C1CCCCC1,butyl cyclohexanecarboxylate,butyl cyclohexanecarboxylate,goodscents,leffingwell_goodscents
194.23,CC1=CC=C(C=C1)OCCOC(=O)C,2-(4-methylphenoxy)ethyl acetate,4-(2-acetoxyethoxy)toluene,goodscents,leffingwell_goodscents
188.22,CC(=O)OCCCCCOC(=O)C,5-acetyloxypentyl acetate,"1,5-diacetoxypentane",goodscents,leffingwell_goodscents
410.6,CC(=CCCC(=CCOC(CC1=CC=CC=C1)OCC=C(C)CCC=C(C)C)C)C,"2,2-bis(3,7-dimethylocta-2,6-dienoxy)ethylbenzene","[2,2-bis[(3,7-dimethyl-2,6-octadienyl)oxy]ethyl]benzene",goodscents,leffingwell_goodscents
278.4,CCC(=O)OC(C)(CCC=C(C)CCC=C(C)C)C=C,"3,7,11-trimethyldodeca-1,6,10-trien-3-yl propanoate",nerolidyl propionate,goodscents,leffingwell_goodscents
220.31,CCCCCCCOC(=O)C1=CC=CC=C1,heptyl benzoate,heptyl benzoate,goodscents,leffingwell_goodscents
134.2,CCSCCC(=O)O,3-ethylsulfanylpropanoic acid,3-(ethylthio)propanoic acid,goodscents,leffingwell_goodscents
190.24,CC(=O)OCCC(=C)C1=CC=CC=C1,3-phenylbut-3-enyl acetate,3-phenylbut-3-enyl acetate,goodscents,leffingwell_goodscents
136.23,CC1=CC[C@@H]2C[C@H]1C2(C)C,"(1R,5R)-2,6,6-trimethylbicyclo[3.1.1]hept-2-ene",(+)-alpha-pinene,goodscents,leffingwell_goodscents
98.1,C1CC(=O)C(=C1)O,2-hydroxycyclopent-2-en-1-one,2-hydroxycyclopent-2-en-1-one,goodscents,leffingwell_goodscents
210.31,CCCCCCCCC#CC(=O)OCC,ethyl undec-2-ynoate,ethyl undec-2-ynoate,goodscents,leffingwell_goodscents
164.24,CC(C)(CC1=CC=CC=C1)CO,"2,2-dimethyl-3-phenylpropan-1-ol",13351-61-6,goodscents,leffingwell_goodscents
154.19,CC(=O)C(=O)C1=CC=CS1,"1-thiophen-2-ylpropane-1,2-dione","1-(2-thienyl)propane-1,2-dione",goodscents,leffingwell_goodscents
156.26,CC(C)C1CCC(CC1)CO,(4-propan-2-ylcyclohexyl)methanol,4-(1-methylethyl)cyclohexanemethanol,goodscents,leffingwell_goodscents
162.23,C=CCOCCC1=CC=CC=C1,2-prop-2-enoxyethylbenzene,allyl phenethyl ether,goodscents,leffingwell_goodscents
446.5,CCCCCCCCCCCC1=NCC[N+]1(CCOCC(=O)[O-])CC(=O)[O-].[OH-].[Na+].[Na+],"disodium;2-[1-[2-(carboxylatomethoxy)ethyl]-2-undecyl-4,5-dihydroimidazol-1-ium-1-yl]acetate;hydroxide",14350-97-1,goodscents,leffingwell_goodscents
174.28,CC=CC1=C(C=CC(=C1)C(C)C)C,1-methyl-4-propan-2-yl-2-prop-1-enylbenzene,2-prop-1-enyl-p-cymene,goodscents,leffingwell_goodscents
170.29,CCCCCCCC(=O)CCC,undecan-4-one,4-undecanone,goodscents,leffingwell_goodscents
269.29,COC1=CC=C(C=C1)C=NC2=CC=CC=C2C(=O)OC,methyl 2-[(4-methoxyphenyl)methylideneamino]benzoate,14735-72-9,goodscents,leffingwell_goodscents
74.12,CC[C@@H](C)O,(2R)-butan-2-ol,(r)-(-)-2-butanol,goodscents,leffingwell_goodscents
152.19,CC1=CC=C(C=C1)OCCO,2-(4-methylphenoxy)ethanol,2-(p-tolyloxy)ethanol,goodscents,leffingwell_goodscents
150.22,CCCCC1=NC=CN=C1C,2-butyl-3-methylpyrazine,2-butyl-3-methylpyrazine,goodscents,leffingwell_goodscents
154.25,CC1=C[C@@H]([C@@H](CC1)C(C)C)O,"(1R,6S)-3-methyl-6-propan-2-ylcyclohex-2-en-1-ol",cis-piperitol,goodscents,leffingwell_goodscents
154.25,CC1=C[C@@H]([C@H](CC1)C(C)C)O,"(1R,6R)-3-methyl-6-propan-2-ylcyclohex-2-en-1-ol",trans-piperitol,goodscents,leffingwell_goodscents
328.5,CCCCCCCCOC(=O)CC(=O)OCCCCCCCC,dioctyl propanedioate,dioctyl malonate,goodscents,leffingwell_goodscents
580.5,CC1C(C(C(C(O1)OCC2C(C(C(C(O2)OC3=CC(=C4C(=O)CC(OC4=C3)C5=CC=C(C=C5)O)O)O)O)O)O)O)O,"5-hydroxy-2-(4-hydroxyphenyl)-7-[3,4,5-trihydroxy-6-[(3,4,5-trihydroxy-6-methyloxan-2-yl)oxymethyl]oxan-2-yl]oxy-2,3-dihydrochromen-4-one",naringenin 7-rutinoside,goodscents,leffingwell_goodscents
194.27,CC(=O)OC1CC2CC1C3C2CCC3,"8-tricyclo[5.2.1.02,6]decanyl acetate",64001-15-6,goodscents,leffingwell_goodscents
238.37,CCCCC(=O)OC(C)(C)C1CCC(=CC1)C,2-(4-methylcyclohex-3-en-1-yl)propan-2-yl pentanoate,terpinyl valerate,goodscents,leffingwell_goodscents
154.21,CCOC(=O)C1CCC=CC1,ethyl cyclohex-3-ene-1-carboxylate,15111-56-5,goodscents,leffingwell_goodscents
149.23,CC1=CCC(C1(C)C)CC#N,"2-(2,2,3-trimethylcyclopent-3-en-1-yl)acetonitrile",15373-31-6,goodscents,leffingwell_goodscents
168.28,CC1=CCC(CC1)C(C)CCO,3-(4-methylcyclohex-3-en-1-yl)butan-1-ol,3-(4-methylcyclohex-3-en-1-yl)butan-1-ol,goodscents,leffingwell_goodscents
148.2,CC(CC=O)C1=CC=CC=C1,3-phenylbutanal,3-phenylbutyraldehyde,goodscents,leffingwell_goodscents
168.23,CC=CC=CCOC(=O)C(C)C,"hexa-2,4-dienyl 2-methylpropanoate","hexa-2,4-dienyl isobutyrate",goodscents,leffingwell_goodscents
154.21,CCC(=O)OCC=CC=CC,"hexa-2,4-dienyl propanoate","2,4-hexadien-1-ol, propanoate",goodscents,leffingwell_goodscents
168.23,CCCC(=O)OCC=CC=CC,"hexa-2,4-dienyl butanoate","hexa-2,4-dienyl butanoate",goodscents,leffingwell_goodscents
198.26,CCCC1CC(=C(O1)C)C(=O)OCC,"ethyl 5-methyl-2-propyl-2,3-dihydrofuran-4-carboxylate",109176-12-7,goodscents,leffingwell_goodscents
192.3,CC1=C(C2(CC1CC2CO)C(=C)C)C,"(5,6-dimethyl-1-prop-1-en-2-yl-2-bicyclo[2.2.1]hept-5-enyl)methanol",110458-85-0,goodscents,leffingwell_goodscents
188.26,CC(CC=O)C1=CC(=CC=C1)C(=C)C,3-(3-prop-1-en-2-ylphenyl)butanal,125109-84-4,goodscents,leffingwell_goodscents
190.28,CC(C)C1=CC(=CC=C1)C(C)CC=O,3-(3-propan-2-ylphenyl)butanal,isopropylphenylbutanal,goodscents,leffingwell_goodscents
180.29,CCC1(C(C(=CC(=O)C1C)C)C)C,"5-ethyl-3,4,5,6-tetramethylcyclohex-2-en-1-one","5-ethyl-3,4,5,6-tetramethyl-2-cyclohexen-1-one",goodscents,leffingwell_goodscents
1297.1,C(C1C2C(C(C(O1)OC3C(OC(C(C3O)O)OC4C(OC(C(C4O)O)OC5C(OC(C(C5O)O)OC6C(OC(C(C6O)O)OC7C(OC(C(C7O)O)OC8C(OC(C(C8O)O)OC9C(OC(O2)C(C9O)O)CO)CO)CO)CO)CO)CO)CO)O)O)O,"5,10,15,20,25,30,35,40-octakis(hydroxymethyl)-2,4,7,9,12,14,17,19,22,24,27,29,32,34,37,39-hexadecaoxanonacyclo[36.2.2.23,6.28,11.213,16.218,21.223,26.228,31.233,36]hexapentacontane-41,42,43,44,45,46,47,48,49,50,51,52,53,54,55,56-hexadecol",.gama.-cyclodextrin,goodscents,leffingwell_goodscents
204.35,CC1=CCC(CC1)C(=CCC=C(C)C)C,"1-methyl-4-(6-methylhepta-2,5-dien-2-yl)cyclohexene",alpha-bisabolene,goodscents,leffingwell_goodscents
204.35,CC1CCC(C2C13C2C(=CC3)C)C(C)C,"4,10-dimethyl-7-propan-2-yltricyclo[4.4.0.01,5]dec-3-ene",alpha-cubebene,goodscents,leffingwell_goodscents
170.25,CCCCCCC1CCOC1=O,3-hexyloxolan-2-one,alpha-hexyl-gamma-butyrolactone,goodscents,leffingwell_goodscents
156.26,CC(C)CCCC(C)(C=C)O,"3,7-dimethyloct-1-en-3-ol","3,7-dimethyl-1-octen-3-ol",goodscents,leffingwell_goodscents
154.25,CCC(C)(C=CC=C(C)C)O,"3,7-dimethylocta-4,6-dien-3-ol","4,6-octadien-3-ol, 3,7-dimethyl-",goodscents,leffingwell_goodscents
182.3,CCOC1CC2CCC1(C2(C)C)C,"2-ethoxy-1,7,7-trimethylbicyclo[2.2.1]heptane",ethoxybornane,goodscents,leffingwell_goodscents
270.5,CC(C)C1=CC2=C(C=C1)C3(CCCC(C3CC2)(C)C)C,"1,1,4a-trimethyl-7-propan-2-yl-2,3,4,9,10,10a-hexahydrophenanthrene","7-isopropyl-1,1,4a-trimethyl-1,2,3,4,4a,9,10,10a-octahydrophenanthrene",goodscents,leffingwell_goodscents
190.28,CCCCCCOCC(OC)OC,"1-(2,2-dimethoxyethoxy)hexane","1-(2,2-dimethoxyethoxy)hexane",goodscents,leffingwell_goodscents
176.21,C1C2COCOC2C3=CC=CC=C31,"4,4a,5,9b-tetrahydroindeno[1,2-d][1,3]dioxine",18096-62-3,goodscents,leffingwell_goodscents
179.22,CC(C)OC(=O)C1=CC=CC=C1N,propan-2-yl 2-aminobenzoate,isopropyl anthranilate,goodscents,leffingwell_goodscents
277.4,CCCCCCCCCCOC(=O)C1=CC=CC=C1N,decyl 2-aminobenzoate,decyl anthranilate,goodscents,leffingwell_goodscents
154.25,CCCCCC=CC=CCO,"deca-2,4-dien-1-ol","deca-2,4-dien-1-ol",goodscents,leffingwell_goodscents
150.22,CCCC1=NC(=CN=C1C)C,"2,5-dimethyl-3-propylpyrazine","2,5-dimethyl-3-propylpyrazine",goodscents,leffingwell_goodscents
185.19,C(CC(=O)[O-])[C@@H](C(=O)[O-])N.[Ca+2],calcium;(2S)-2-aminopentanedioate,calcium l-glutamate,goodscents,leffingwell_goodscents
136.19,CC1=CC=CC=C1CCO,2-(2-methylphenyl)ethanol,2-methylphenethyl alcohol,goodscents,leffingwell_goodscents
236.39,C[C@@H]1CC[C@@H]2[C@]13CC[C@]([C@H](C3)C2(C)C)(C)OC,"(1S,2R,5S,7R,8S)-8-methoxy-2,6,6,8-tetramethyltricyclo[5.3.1.01,5]undecane",19870-74-7,goodscents,leffingwell_goodscents
152.23,CC1([C@H]2CC=C([C@@H]1C2)CO)C,"[(1R,5S)-6,6-dimethyl-2-bicyclo[3.1.1]hept-2-enyl]methanol",(-)-myrtenol,goodscents,leffingwell_goodscents
198.3,CC(=O)O[C@@H]1CCCC[C@@H]1C(C)(C)C,"[(1R,2R)-2-tert-butylcyclohexyl] acetate",cis-2-tert-butylcyclohexyl acetate,goodscents,leffingwell_goodscents
168.28,CC(C)(C)C1CCC(CC1)C=O,4-tert-butylcyclohexane-1-carbaldehyde,4-tert-butylcyclohexanecarbaldehyde,goodscents,leffingwell_goodscents
164.24,CC1=CC=C(C=C1)CC(C)(C)O,2-methyl-1-(4-methylphenyl)propan-2-ol,20834-59-7,goodscents,leffingwell_goodscents
194.27,CC(C)(C)C1=C(C=CC(=C1)OC)OC,"2-tert-butyl-1,4-dimethoxybenzene",21112-37-8,goodscents,leffingwell_goodscents
230.34,CCCCCCCC(=CC1=CC=CC=C1)C=O,2-benzylidenenonanal,alpha-heptylcinnamaldehyde,goodscents,leffingwell_goodscents
238.37,CC(CCC=C(C)C)CCOC(=O)C=C(C)C,"3,7-dimethyloct-6-enyl 3-methylbut-2-enoate",20770-40-5,goodscents,leffingwell_goodscents
200.32,CCC(C)(CCCC(C)C)OC(=O)C,"3,7-dimethyloctan-3-yl acetate","3,7-dimethyloctan-3-yl acetate",goodscents,leffingwell_goodscents
156.26,CC(C)C1CCC(CC1)(C)O,1-methyl-4-propan-2-ylcyclohexan-1-ol,"cyclohexanol, 1-methyl-4-(1-methylethyl)-",goodscents,leffingwell_goodscents
258.4,CC1CC(C2=C(C1(C)C)C=C(C(=C2)C(=O)C)C)(C)C,"1-(3,5,5,6,8,8-hexamethyl-6,7-dihydronaphthalen-2-yl)ethanone",tonalide,goodscents,leffingwell_goodscents
222.32,CC1(CCCC23C1CC(CC2)(C(=O)O3)C)C,"5,5,8-trimethyl-10-oxatricyclo[6.2.2.01,6]dodecan-9-one",lactoscatone,goodscents,leffingwell_goodscents
126.15,CC1CC(=O)C(=C1C)O,"2-hydroxy-3,4-dimethylcyclopent-2-en-1-one",21835-00-7,goodscents,leffingwell_goodscents
169.26,CC(CCC=C(C)C)CC=NO,"N-(3,7-dimethyloct-6-enylidene)hydroxylamine","6-octenal, 3,7-dimethyl-, oxime",goodscents,leffingwell_goodscents
152.23,CC(=O)C1=CC(CCC1)(C)C,"1-(3,3-dimethylcyclohexen-1-yl)ethanone",22463-19-0,goodscents,leffingwell_goodscents
166.17,CC1=CC(=C(C=C1)O)C(=O)OC,methyl 2-hydroxy-5-methylbenzoate,methyl 5-methylsalicylate,goodscents,leffingwell_goodscents
170.29,CCO[C@@H]1C[C@@H](CC(C1)(C)C)C,"(3R,5R)-3-ethoxy-1,1,5-trimethylcyclohexane","(3r,5r)-3-ethoxy-1,1,5-trimethylcyclohexane",goodscents,leffingwell_goodscents
236.35,CC1=C(C(CCC1)(C)C)C=CC(C)OC(=O)C,"4-(2,6,6-trimethylcyclohexen-1-yl)but-3-en-2-yl acetate",22030-19-9,goodscents,leffingwell_goodscents
184.32,CCCCCCCCCC=CCO,dodec-2-en-1-ol,2-dodecen-1-ol,goodscents,leffingwell_goodscents
154.25,CC(CC(C)(C)C)C(=C)C=O,"3,5,5-trimethyl-2-methylidenehexanal","2-methylene-3,5,5-trimethylhexanal",goodscents,leffingwell_goodscents
166.26,CC(CCC=C(C)C)C(=C)C=O,"3,7-dimethyl-2-methylideneoct-6-enal",22418-66-2,goodscents,leffingwell_goodscents
222.37,CC1CCC2=C(CCC(CC12)C(C)(C)O)C,"2-(3,8-dimethyl-1,2,3,3a,4,5,6,7-octahydroazulen-5-yl)propan-2-ol",bulnesol,goodscents,leffingwell_goodscents
143.23,CCC(C)CC(=NO)CC,N-(5-methylheptan-3-ylidene)hydroxylamine,5-methylheptan-3-one oxime,goodscents,leffingwell_goodscents
172.26,CC(CCC(C(=C)C)O)CCO,"3,7-dimethyloct-7-ene-1,6-diol","3,7-dimethyloct-7-ene-1,6-diol",goodscents,leffingwell_goodscents
193.33,CCCCCCCCCCC=CC#N,tridec-2-enenitrile,tridec-2-enenitrile,goodscents,leffingwell_goodscents
186.33,CCOCCC(C)CCCC(C)C,"1-ethoxy-3,7-dimethyloctane","octane, 1-ethoxy-3,7-dimethyl-",goodscents,leffingwell_goodscents
198.3,CCCCCCCCOC(=O)C=CC,octyl but-2-enoate,octyl but-2-enoate,goodscents,leffingwell_goodscents
176.21,CC1C(OC(C(O1)(C)O)C)(C)O,"2,3,5,6-tetramethyl-1,4-dioxane-2,5-diol",23147-57-1,goodscents,leffingwell_goodscents
208.3,CC(=O)C=CC12C(CCCC1(O2)C)(C)C,"4-(2,2,6-trimethyl-7-oxabicyclo[4.1.0]heptan-1-yl)but-3-en-2-one","3-buten-2-one, 4-(2,2,6-trimethyl-7-oxabicyclo[4.1.0]hept-1-yl)-",goodscents,leffingwell_goodscents
220.35,CC1(CCC(=O)C2C13CCC(C3)C2(C)C)C,"2,2,8,8-tetramethyl-octahydro-1H-2,4a-methanonapthalen-10-one",isolongifolone,goodscents,leffingwell_goodscents
210.36,CC(CCC=C(C)CCC=C(C)C)CO,"2,6,10-trimethylundeca-5,9-dien-1-ol","5,9-undecadien-1-ol, 2,6,10-trimethyl-",goodscents,leffingwell_goodscents
168.28,CCCCC1C=C(CC(O1)C)C,"6-butyl-2,4-dimethyl-3,6-dihydro-2H-pyran","6-butyl-3,6-dihydro-2,4-dimethyl-2h-pyran",goodscents,leffingwell_goodscents
150.22,CC1=CC(=O)C2(C1C2)C(C)C,4-methyl-1-propan-2-ylbicyclo[3.1.0]hex-3-en-2-one,umbellulon,goodscents,leffingwell_goodscents
224.34,CC(C)C(=O)OC1CC2CCC1(C2(C)C)C,"(1,7,7-trimethyl-2-bicyclo[2.2.1]heptanyl) 2-methylpropanoate",bornyl isobutyrate,goodscents,leffingwell_goodscents
184.27,CC(C1CCCC(C1)(C)C)OC=O,"1-(3,3-dimethylcyclohexyl)ethyl formate",25225-08-5,goodscents,leffingwell_goodscents
156.26,CC(C1CCCC(C1)(C)C)O,"1-(3,3-dimethylcyclohexyl)ethanol","1-(3,3-dimethylcyclohexyl)ethanol",goodscents,leffingwell_goodscents
198.3,CC(C1CCCC(C1)(C)C)OC(=O)C,"1-(3,3-dimethylcyclohexyl)ethyl acetate","1-(3,3-dimethylcyclohexyl)ethyl acetate",goodscents,leffingwell_goodscents
206.28,CCOC(C=CC1=CC=CC=C1)OCC,"3,3-diethoxyprop-1-enylbenzene",cinnamaldehyde diethylacetal,goodscents,leffingwell_goodscents
508.9,CCCCCCCCCCCCCCCCCC(=O)OCCCCCCCCCCCCCC(C)C,14-methylpentadecyl octadecanoate,isocetyl stearate,goodscents,leffingwell_goodscents
152.23,C[C@H]1[C@H]2C[C@]2(CC1=O)C(C)C,"(1S,4S,5R)-4-methyl-1-propan-2-ylbicyclo[3.1.0]hexan-3-one",(+)-isothujone,goodscents,leffingwell_goodscents
222.37,C[C@]12CCCC(=C)[C@@H]1C[C@@H](CC2)C(C)(C)O,"2-[(2R,4aR,8aS)-4a-methyl-8-methylidene-1,2,3,4,5,6,7,8a-octahydronaphthalen-2-yl]propan-2-ol",beta-eudesmol,goodscents,leffingwell_goodscents
258.4,CC1COCC2=CC3=C(C=C12)C(C(C3(C)C)C)(C)C,"4,6,6,7,8,8-hexamethyl-1,3,4,7-tetrahydrocyclopenta[g]isochromene",galaxolide,goodscents,leffingwell_goodscents
258.4,CC1C(C2=C(C1(C)C)C=C(C(=C2)C(=O)C)C)C(C)C,"1-(1,1,2,6-tetramethyl-3-propan-2-yl-2,3-dihydroinden-5-yl)ethanone",traseolide,goodscents,leffingwell_goodscents
154.25,CC=C(C)C1CCC(O1)(C)C,"5-but-2-en-2-yl-2,2-dimethyloxolane","5-but-2-en-2-yl-2,2-dimethyloxolane",goodscents,leffingwell_goodscents
138.25,CC1(C2CCC1(CC2)C)C,"1,7,7-trimethylbicyclo[2.2.1]heptane",camphane,goodscents,leffingwell_goodscents
202.33,CC1=CC=C(C=C1)C(C)CCC=C(C)C,1-methyl-4-(6-methylhept-5-en-2-yl)benzene,alpha-curcumene,goodscents,leffingwell_goodscents
136.23,CC1([C@@H]2CC[C@@H](C2)C1=C)C,"(1R,4S)-2,2-dimethyl-3-methylidenebicyclo[2.2.1]heptane",(+)-camphene,goodscents,leffingwell_goodscents
220.35,C[C@@]1(CC[C@@H]2[C@@H]1[C@H]3[C@H](C3(C)C)CCC2=C)O,"(1aR,4aR,7S,7aR,7bR)-1,1,7-trimethyl-4-methylidene-1a,2,3,4a,5,6,7a,7b-octahydrocyclopropa[h]azulen-7-ol",spathulenol,goodscents,leffingwell_goodscents
176.12,C(=O)[C@@H]([C@@H]1[C@@H]([C@@H](C(=O)O1)O)O)O,"(2R)-2-[(2S,3R,4S)-3,4-dihydroxy-5-oxooxolan-2-yl]-2-hydroxyacetaldehyde","d-glucurono-3,6-lactone",goodscents,leffingwell_goodscents
206.32,CC1C(C2=C(C1(C)C)C(=O)CCC2)(C)C,"1,1,2,3,3-pentamethyl-2,5,6,7-tetrahydroinden-4-one",cashmeran,goodscents,leffingwell_goodscents
152.23,CC(=C[C@H](CC(=C)C=C)O)C,"(4S)-2-methyl-6-methylideneocta-2,7-dien-4-ol",ipsdienol,goodscents,leffingwell_goodscents
204.35,CC1=C[C@H]2[C@H](CC1)C(=C)CC[C@@H]2C(C)C,"(1R,4aS,8aS)-7-methyl-4-methylidene-1-propan-2-yl-2,3,4a,5,6,8a-hexahydro-1H-naphthalene",(-)-gamma-cadinene,goodscents,leffingwell_goodscents
164.24,CC(CC1=CC=CC=C1)C(C)O,3-methyl-4-phenylbutan-2-ol,3-methyl-4-phenylbutan-2-ol,goodscents,leffingwell_goodscents
198.3,CCCCCC(=O)OCC=CCCC,hex-2-enyl hexanoate,trans-2-hexenyl caproate (hexanoate),goodscents,leffingwell_goodscents
192.3,CC1(CCC=C(C1)C(=O)CCC=C)C,"1-(5,5-dimethylcyclohexen-1-yl)pent-4-en-1-one","1-(5,5-dimethyl-1-cyclohexen-1-yl)-4-penten-1-one",goodscents,leffingwell_goodscents
204.35,CC1=CC[C@@H](C=C1)[C@@H](C)CCC=C(C)C,"(5R)-2-methyl-5-[(2S)-6-methylhept-5-en-2-yl]cyclohexa-1,3-diene",zingiberene,goodscents,leffingwell_goodscents
150.22,CCC(CC1=CC=CC=C1)O,1-phenylbutan-2-ol,1-phenylbutan-2-ol,goodscents,leffingwell_goodscents
290.5,CC(=CCCC(=CCCC(=CCCC(C)(C=C)O)C)C)C,"3,7,11,15-tetramethylhexadeca-1,6,10,14-tetraen-3-ol",68931-30-6,goodscents,leffingwell_goodscents
150.22,CC1=CC(=O)[C@H]2C[C@@H]1C2(C)C,"(1S,5S)-4,6,6-trimethylbicyclo[3.1.1]hept-3-en-2-one",(-)-verbenone,goodscents,leffingwell_goodscents
376.6,CCCCCCCCCCCCCCCCCC(=O)O.C(C(CO)O)O,"octadecanoic acid;propane-1,2,3-triol",stearine,goodscents,leffingwell_goodscents
138.21,CC1(C2CCC(C2)C1=O)C,"3,3-dimethylbicyclo[2.2.1]heptan-2-one","3,3-dimethylbicyclo[2.2.1]heptan-2-one",goodscents,leffingwell_goodscents
410.5,CCCCCCCCC=CCCCCCCCCOCCO.OP(=O)(O)O,2-octadec-9-enoxyethanol;phosphoric acid,oleyl triethoxy mono diphosphate,goodscents,leffingwell_goodscents
129.23,CSCCCCC#N,5-methylsulfanylpentanenitrile,5-(methylsulfanyl)pentanenitrile,goodscents,leffingwell_goodscents
172.26,CCCC=CC(OCC)OCC,"1,1-diethoxyhex-2-ene","1,1-diethoxyhex-2-ene",goodscents,leffingwell_goodscents
696.9,CC(C)(C)C1=CC(=CC(=C1O)C(C)(C)C)CCC(=O)OCCNC(=O)C(=O)NCCOC(=O)CCC2=CC(=C(C(=C2)C(C)(C)C)O)C(C)(C)C,"2-[[2-[2-[3-(3,5-ditert-butyl-4-hydroxyphenyl)propanoyloxy]ethylamino]-2-oxoacetyl]amino]ethyl 3-(3,5-ditert-butyl-4-hydroxyphenyl)propanoate",70331-94-1,goodscents,leffingwell_goodscents
155.26,CCCCC1=C(SC=N1)C,"4-butyl-5-methyl-1,3-thiazole",4-butyl-5-methylthiazole,goodscents,leffingwell_goodscents
278.4,CC1(CCCC2(C1CCC34C2CCC(O3)(OC4)C)C)C,"5,5,9,13-tetramethyl-14,16-dioxatetracyclo[11.2.1.01,10.04,9]hexadecane",57345-19-4,goodscents,leffingwell_goodscents
170.25,CCCCCC=CCCC(=O)O,dec-4-enoic acid,26303-90-2,goodscents,leffingwell_goodscents
250.38,CC1(CC2C1CCC3(CCCC2(C3)OC=O)C)C,"(4,4,8-trimethyl-1-tricyclo[6.3.1.02,5]dodecanyl) formate",caryophyllene formate,goodscents,leffingwell_goodscents
168.28,CCC=CCCCCCCC=O,undec-8-enal,8-undecenal,goodscents,leffingwell_goodscents
166.26,CC1(C2CCC(C2)C1=CCO)C,"2-(3,3-dimethyl-2-bicyclo[2.2.1]heptanylidene)ethanol",2226-05-3,goodscents,leffingwell_goodscents
154.25,CC(=CCC(CO)C(=C)C)C,5-methyl-2-prop-1-en-2-ylhex-4-en-1-ol,58461-27-1,goodscents,leffingwell_goodscents
242.4,CCOCOC1CCCCCCCCCCC1,ethoxymethoxycyclododecane,(ethoxymethoxy)cyclododecane,goodscents,leffingwell_goodscents
194.31,CC(C)CC(=CCCC(=CC=O)C)C,"3,7,9-trimethyldeca-2,6-dienal","3,7,9-trimethyl-2,6-decadien-1-al",goodscents,leffingwell_goodscents
152.23,CC1([C@H]2C[C@@H]1C(=C)C(C2)O)C,"(1S,5S)-6,6-dimethyl-2-methylidenebicyclo[3.1.1]heptan-3-ol",akos006272829,goodscents,leffingwell_goodscents
198.26,C1=CC=C(C=C1)CC(C2=CC=CC=C2)O,"1,2-diphenylethanol","1,2-diphenylethanol",goodscents,leffingwell_goodscents
136.19,CC(CC1=CC=CC=C1)O,1-phenylpropan-2-ol,1-phenyl-2-propanol,goodscents,leffingwell_goodscents
264.4,CC(=CCCC(=CCCC(=CCOC(=O)C)C)C)C,"3,7,11-trimethyldodeca-2,6,10-trienyl acetate",farnesyl acetate,goodscents,leffingwell_goodscents
204.31,CC1C2(O1)CC3CC2C4C3CC=C(C4)C,"3,4'-dimethylspiro[oxirane-2,10'-tricyclo[6.2.1.02,7]undec-4-ene]",41816-03-9,goodscents,leffingwell_goodscents
186.29,CCCCC1OC(CC(O1)(C)C)C,"2-butyl-4,4,6-trimethyl-1,3-dioxane","2-butyl-4,4,6-trimethyl-1,3-dioxane",goodscents,leffingwell_goodscents
326.6,CC(C)CCCCCCCCCCCCCCC(=O)OC(C)C,propan-2-yl 16-methylheptadecanoate,isopropyl isostearate,goodscents,leffingwell_goodscents
152.23,CC(=CCC1C(O1)(C)C)C=C,"2,2-dimethyl-3-(3-methylpenta-2,4-dienyl)oxirane","2,2-dimethyl-3-(3-methylpenta-2,4-dienyl)oxirane",goodscents,leffingwell_goodscents
216.23,C1=CC=C(C=C1)CC(=O)OCC2=CC=CO2,furan-2-ylmethyl 2-phenylacetate,furfuryl phenylacetate,goodscents,leffingwell_goodscents
222.24,CC(=O)OCC(C1=CC=CC=C1)OC(=O)C,(2-acetyloxy-2-phenylethyl) acetate,phenylglycol diacetate,goodscents,leffingwell_goodscents
192.21,COC1=CC2=C(C=C1CC=C)OCO2,"5-methoxy-6-prop-2-enyl-1,3-benzodioxole",sarisan,goodscents,leffingwell_goodscents
136.19,CC1=CC=C(C=C1)CCO,2-(4-methylphenyl)ethanol,699-02-5,goodscents,leffingwell_goodscents
186.29,CCCCCCC1OCCC(O1)C,"2-hexyl-4-methyl-1,3-dioxane","2-hexyl-4-methyl-1,3-dioxane",goodscents,leffingwell_goodscents
166.22,CCOC(C)OC1=CC=CC=C1,1-ethoxyethoxybenzene,"benzene, (1-ethoxyethoxy)-",goodscents,leffingwell_goodscents
140.22,CC(C=O)C1CCCCC1,2-cyclohexylpropanal,2-cyclohexylpropanal,goodscents,leffingwell_goodscents
174.24,CC(C)C1=CC=C(C=C1)C=CC=O,3-(4-propan-2-ylphenyl)prop-2-enal,p-isopropylcinnamaldehyde,goodscents,leffingwell_goodscents
206.32,CC(=CCCC1=CCC(CC1)(C)C=O)C,1-methyl-4-(4-methylpent-3-enyl)cyclohex-3-ene-1-carbaldehyde,52475-86-2,goodscents,leffingwell_goodscents
206.28,CC1CC(OC(O1)C2=CC=CC=C2)(C)C,"4,4,6-trimethyl-2-phenyl-1,3-dioxane","4,4,6-trimethyl-2-phenyl-1,3-dioxane",goodscents,leffingwell_goodscents
166.22,CC1=CC(=C(C=C1O)C(C)C)O,"2-methyl-5-propan-2-ylbenzene-1,4-diol",thymohydroquinone,goodscents,leffingwell_goodscents
158.24,CC(C)C1C(COCO1)(C)C,"5,5-dimethyl-4-propan-2-yl-1,3-dioxane","4-isopropyl-5,5-dimethyl-1,3-dioxane",goodscents,leffingwell_goodscents
173.25,CCCCC(C#N)C1=CC=CC=C1,2-phenylhexanenitrile,2-phenylhexanenitrile,goodscents,leffingwell_goodscents
170.25,CC1CCOC2(O1)CCCCC2,"4-methyl-1,5-dioxaspiro[5.5]undecane","2-methyl-1,5-dioxaspiro[5.5]undecane",goodscents,leffingwell_goodscents
138.21,CC1CC(CC(=C1)C)C=O,"3,5-dimethylcyclohex-3-ene-1-carbaldehyde",68039-48-5,goodscents,leffingwell_goodscents
176.21,CC=CC(=O)OCC1=CC=CC=C1,benzyl but-2-enoate,"2-butenoic acid, phenylmethyl ester",goodscents,leffingwell_goodscents
224.34,CCCC(=O)OC1CC2CCC1(C2(C)C)C,"(1,7,7-trimethyl-2-bicyclo[2.2.1]heptanyl) butanoate",bornyl butyrate,goodscents,leffingwell_goodscents
274.35,CC1(C2CCC1(C(C2)OC(=O)C3=CC=CC=C3O)C)C,"(1,7,7-trimethyl-2-bicyclo[2.2.1]heptanyl) 2-hydroxybenzoate",bornyl salicylate,goodscents,leffingwell_goodscents
166.26,C1CC2CC1C3C2CC(C3)CO,"4-tricyclo[5.2.1.02,6]decanylmethanol",64644-36-6,goodscents,leffingwell_goodscents
116.2,CCC(C)CCCO,4-methylhexan-1-ol,4-methyl-1-hexanol,goodscents,leffingwell_goodscents
390.34,CC(=O)OC[C@@H]1[C@H](C([C@H]([C@@H](O1)OC(=O)C)OC(=O)C)OC(=O)C)OC(=O)C,"[(2R,3R,5R,6S)-3,4,5,6-tetraacetyloxyoxan-2-yl]methyl acetate","[(2R,3R,5R,6S)-3,4,5,6-tetraacetyloxyoxan-2-yl]methyl acetate",goodscents,leffingwell_goodscents
194.23,CCOC(=O)CC(C1=CC=CC=C1)O,ethyl 3-hydroxy-3-phenylpropanoate,ethyl 3-hydroxy-3-phenylpropanoate,goodscents,leffingwell_goodscents
178.27,CC(CC(C)(C)C1=CC=CC=C1)O,4-methyl-4-phenylpentan-2-ol,4-methyl-4-phenylpentan-2-ol,goodscents,leffingwell_goodscents
154.25,CC(=CC(C(C)(C)C=C)O)C,"3,3,6-trimethylhepta-1,5-dien-4-ol","3,3,6-trimethylhepta-1,5-dien-4-ol",goodscents,leffingwell_goodscents
140.21,CSCC1=NC=CN=C1,2-(methylsulfanylmethyl)pyrazine,59021-03-3,goodscents,leffingwell_goodscents
276.4,CC(=O)OCC1CCC(C23C14C2CC(C3)C4(C)C)(C)C,"(5,5,11,11-tetramethyl-2-tetracyclo[6.2.1.01,6.06,10]undecanyl)methyl acetate",einecs 261-579-5,goodscents,leffingwell_goodscents
234.38,CC1(CCC(C23C14C2CC(C4)C3(C)C)CO)C,"(5,5,11,11-tetramethyl-2-tetracyclo[6.2.1.01,6.06,10]undecanyl)methanol",59056-64-3,goodscents,leffingwell_goodscents
262.4,CC1(CCC(C23C14C2CC(C4)C3(C)C)COC=O)C,"(5,5,11,11-tetramethyl-2-tetracyclo[6.2.1.01,6.06,10]undecanyl)methyl formate",59056-70-1,goodscents,leffingwell_goodscents
252.35,CCCCCC1CC(=O)C=C(C1C(=O)OCC)C,ethyl 2-methyl-4-oxo-6-pentylcyclohex-2-ene-1-carboxylate,59151-19-8,goodscents,leffingwell_goodscents
340.6,CC(C)CCCCCCCCCCOC(=O)CC(C)CC(C)(C)C,"11-methyldodecyl 3,5,5-trimethylhexanoate",isotridecyl isononanoate,goodscents,leffingwell_goodscents
270.5,CCCCCCCCC(=O)OCC(CC)CCCC,2-ethylhexyl nonanoate,2-ethylhexyl nonanoate,goodscents,leffingwell_goodscents
234.33,CCCCCCCOC(=O)CC1=CC=CC=C1,heptyl 2-phenylacetate,heptyl phenylacetate,goodscents,leffingwell_goodscents
160.21,C=CCCC(=O)C1=CC=CC=C1,1-phenylpent-4-en-1-one,1-phenylpent-4-en-1-one,goodscents,leffingwell_goodscents
323.4,CC(C)C1=CC=C(C=C1)CC(C)C=NC2=CC=CC=C2C(=O)OC,methyl 2-[[2-methyl-3-(4-propan-2-ylphenyl)propylidene]amino]benzoate,91-50-9,goodscents,leffingwell_goodscents
290.5,CC(C)C1CCC2C(=C1)CCC3C2(CCCC3(C)CO)C,"(1,4a-dimethyl-7-propan-2-yl-2,3,4,4b,5,6,7,9,10,10a-decahydrophenanthren-1-yl)methanol",dihydroabietyl alcohol,goodscents,leffingwell_goodscents
222.37,CC1=CCC2(CC[C@@H](C2(CC1)O)C(C)C)C,"(3R)-6,8a-dimethyl-3-propan-2-yl-1,2,3,4,5,8-hexahydroazulen-3a-ol","(3r)-6,8a-dimethyl-3-propan-2-yl-1,2,3,4,5,8-hexahydroazulen-3a-ol",goodscents,leffingwell_goodscents
154.25,CC1(C2CCC(C2)C1(C)O)C,"2,3,3-trimethylbicyclo[2.2.1]heptan-2-ol",camphene hydrate,goodscents,leffingwell_goodscents
194.31,CC1=CCCC(C1C=CC(C)O)(C)C,"4-(2,6,6-trimethylcyclohex-2-en-1-yl)but-3-en-2-ol","3-buten-2-ol, 4-(2,6,6-trimethyl-2-cyclohexen-1-yl)-",goodscents,leffingwell_goodscents
222.37,CC1CCC2C1C3C(C3(C)C)CCC2(C)O,"1,1,4,7-tetramethyl-2,3,4a,5,6,7,7a,7b-octahydro-1aH-cyclopropa[e]azulen-4-ol",globulol,goodscents,leffingwell_goodscents
272.5,CC(=CCCC1=CCC(CC1)C(=C)CCC=C(C)C)C,"4-(6-methylhepta-1,5-dien-2-yl)-1-(4-methylpent-3-enyl)cyclohexene",alpha-camphorene,goodscents,leffingwell_goodscents
142.24,C[C@@H]1C[C@@H](CC(C1)(C)C)O,"(1S,5S)-3,3,5-trimethylcyclohexan-1-ol","cis-3,3,5-trimethylcyclohexanol",goodscents,leffingwell_goodscents
274.4,C[C@]12CC[C@H]3[C@H]([C@@H]1CC=C2)CC[C@@H]4[C@@]3(CC[C@H](C4)O)C,"(3R,5S,8R,9S,10S,13R,14S)-10,13-dimethyl-2,3,4,5,6,7,8,9,11,12,14,15-dodecahydro-1H-cyclopenta[a]phenanthren-3-ol",androstenol,goodscents,leffingwell_goodscents
262.4,C[C@@H]1CC[C@@H]2[C@]13CC=C([C@H](C3)C2(C)C)COC(=O)C,"[(1S,2R,5S,7R)-2,6,6-trimethyl-8-tricyclo[5.3.1.01,5]undec-8-enyl]methyl acetate",cedrenyl acetate,goodscents,leffingwell_goodscents
170.25,CCCCCC=CCOC(=O)C,oct-2-enyl acetate,oct-2-enyl acetate,goodscents,leffingwell_goodscents
222.37,CC1CCC2C(O2)(CCC3C1CC3(C)C)C,"4,9,12,12-tetramethyl-5-oxatricyclo[8.2.0.04,6]dodecane",1209-61-6,goodscents,leffingwell_goodscents
258.4,CC1COCC2=CC3=C(C=C12)C(CCC3(C)C)(C)C,"4,6,6,9,9-pentamethyl-3,4,7,8-tetrahydro-1H-benzo[g]isochromene",1922-67-4,goodscents,leffingwell_goodscents
140.22,CC1CC(CCC1=O)(C)C,"2,4,4-trimethylcyclohexan-1-one","2,4,4-trimethylcyclohexanone",goodscents,leffingwell_goodscents
190.28,C=CCOC1CC2CC1C3C2CC=C3,"9-prop-2-enoxytricyclo[5.2.1.02,6]dec-3-ene",2279-18-7,goodscents,leffingwell_goodscents
170.29,CCCCCCCC1CCCO1,2-heptyloxolane,2-heptyltetrahydrofuran,goodscents,leffingwell_goodscents
152.23,CC(=CCC1CCCC1=O)C,2-(3-methylbut-2-enyl)cyclopentan-1-one,2-(3-methyl-2-butenyl)cyclopentanone,goodscents,leffingwell_goodscents
200.32,CCCCCCCCC(CC)C(=O)O,2-ethyldecanoic acid,2-ethyldecanoic acid,goodscents,leffingwell_goodscents
236.39,CC1C2CC(C1(C)C)CC2C3CCCC(C3)O,"3-(5,5,6-trimethyl-2-bicyclo[2.2.1]heptanyl)cyclohexan-1-ol",3407-42-9,goodscents,leffingwell_goodscents
210.36,CC1=CCC(C1(C)C)CCC(C)C(C)O,"3-methyl-5-(2,2,3-trimethylcyclopent-3-en-1-yl)pentan-2-ol",sandalore,goodscents,leffingwell_goodscents
236.35,CC1CCC2(C(=CCCC2(C1OC=O)C)C)C,"(2,4a,5,8a-tetramethyl-1,2,3,4,7,8-hexahydronaphthalen-1-yl) formate",65405-72-3,goodscents,leffingwell_goodscents
196.29,CC(=CCCC(=CCOCC=O)C)C,"2-(3,7-dimethylocta-2,6-dienoxy)acetaldehyde","2-[(3,7-dimethyl-2,6-octadien-1-yl)oxy]acetaldehyde",goodscents,leffingwell_goodscents
185.26,CCC(C)C1=CC2=C(C=C1)N=CC=C2,6-butan-2-ylquinoline,6-sec-butylquinoline,goodscents,leffingwell_goodscents
196.33,CCCCCC1(CCC(C1=O)(C)C)C,"2,2,5-trimethyl-5-pentylcyclopentan-1-one",65443-14-3,goodscents,leffingwell_goodscents
208.34,CC1=C(C(CCC1)(C)C)C=C(C)C(C)O,"3-methyl-4-(2,6,6-trimethylcyclohexen-1-yl)but-3-en-2-ol",51595-91-6,goodscents,leffingwell_goodscents
236.35,CC1=CCCC(C1C=CC(C)OC(=O)C)(C)C,"4-(2,6,6-trimethylcyclohex-2-en-1-yl)but-3-en-2-yl acetate",alpha-ionyl acetate,goodscents,leffingwell_goodscents
206.32,CC(=CCCC1=CCCC(C1)(C)C=O)C,1-methyl-3-(4-methylpent-3-enyl)cyclohex-3-ene-1-carbaldehyde,precyclemone b,goodscents,leffingwell_goodscents
192.3,CC(=CCCC1=CCCC(C1)C=O)C,3-(4-methylpent-3-enyl)cyclohex-3-ene-1-carbaldehyde,myrac aldehyde 1,goodscents,leffingwell_goodscents
252.31,CC1CC(OC(O1)C2=CC(=C(C=C2)O)OC)(C)C,"2-methoxy-4-(4,4,6-trimethyl-1,3-dioxan-2-yl)phenol","2-methoxy-4-(4,4,6-trimethyl-1,3-dioxan-2-yl)phenol",goodscents,leffingwell_goodscents
266.33,CCOC1=C(C=CC(=C1)C2OC(CC(O2)(C)C)C)O,"2-ethoxy-4-(4,4,6-trimethyl-1,3-dioxan-2-yl)phenol",52514-67-7,goodscents,leffingwell_goodscents
182.26,CC1(CC2CC(C1C2)C(=O)OC)C,"methyl 6,6-dimethylbicyclo[2.2.1]heptane-2-carboxylate","bicyclo(2.2.1)heptane-2-carboxylic acid, 3,3-dimethyl-, methyl ester",goodscents,leffingwell_goodscents
164.24,COC1CC2CC1C3C2CC=C3,"9-methoxytricyclo[5.2.1.02,6]dec-3-ene",53018-24-9,goodscents,leffingwell_goodscents
152.23,CC(=C)C=CCC(C)(C=C)O,"3,7-dimethylocta-1,5,7-trien-3-ol",cid 103850,goodscents,leffingwell_goodscents
173.25,CC(CCC1=CC=CC=C1)CC#N,3-methyl-5-phenylpentanenitrile,3-methyl-5-phenylpentanenitrile,goodscents,leffingwell_goodscents
128.21,CC(C)CCCCC=O,6-methylheptanal,6-methylheptanal,goodscents,leffingwell_goodscents
171.24,CC(=CC#N)CCC1=CC=CC=C1,3-methyl-5-phenylpent-2-enenitrile,"2-pentenenitrile, 3-methyl-5-phenyl-, (2z)-",goodscents,leffingwell_goodscents
184.27,CC(C)CCC1(OCC=CCO1)C,"2-methyl-2-(3-methylbutyl)-4,7-dihydro-1,3-dioxepine",53338-05-9,goodscents,leffingwell_goodscents
210.23,CC(=O)OCC1=CC(=C(C=C1)OC)OC,"(3,4-dimethoxyphenyl)methyl acetate",veratryl acetate,goodscents,leffingwell_goodscents
150.18,CC1=CN=C(C(=N1)C(=O)C)C,"1-(3,6-dimethylpyrazin-2-yl)ethanone","1-(3,6-dimethylpyrazin-2-yl)ethanone",goodscents,leffingwell_goodscents
136.23,CC1=CCC2[C@H](C1)C2(C)C,"(1S)-3,7,7-trimethylbicyclo[4.1.0]hept-3-ene",(1s)-(+)-3-carene,goodscents,leffingwell_goodscents
253.29,COC(=O)C1=CC=CC=C1N=CCC2=CC=CC=C2,methyl 2-(2-phenylethylideneamino)benzoate,methyl 2-((2-phenylethylidene)amino)benzoate,goodscents,leffingwell_goodscents
261.36,CCCCCCCC=NC1=CC=CC=C1C(=O)OC,methyl 2-(octylideneamino)benzoate,methyl 2-(octylideneamino)benzoate,goodscents,leffingwell_goodscents
228.33,CCOC(=O)OC1CCCCC1C(C)(C)C,(2-tert-butylcyclohexyl) ethyl carbonate,2-tert-butylcyclohexyl ethyl carbonate,goodscents,leffingwell_goodscents
138.17,CCOC1=NC=C(N=C1)C,2-ethoxy-5-methylpyrazine,2-ethoxy-5-methylpyrazine,goodscents,leffingwell_goodscents
150.17,CC1=CC=C(C=C1)OCC=O,2-(4-methylphenoxy)acetaldehyde,(4-methylphenoxy)acetaldehyde,goodscents,leffingwell_goodscents
289.4,CCCCCCCCCC=NC1=CC=CC=C1C(=O)OC,methyl 2-(decylideneamino)benzoate,methyl 2-(decylideneamino)benzoate,goodscents,leffingwell_goodscents
537.0,CC(C)CCCCCCCCCCOC(CC(C)CCC=C(C)C)OCCCCCCCCCCC(C)C,"1-[3,7-dimethyl-1-(11-methyldodecoxy)oct-6-enoxy]-11-methyldodecane",67923-82-4,goodscents,leffingwell_goodscents
164.24,CC(C)OCCC1=CC=CC=C1,2-propan-2-yloxyethylbenzene,(2-isopropoxyethyl)benzene,goodscents,leffingwell_goodscents
182.3,CCCCCCCCC=CCC=O,dodec-3-enal,dodec-3-en-1-al,goodscents,leffingwell_goodscents
168.28,CC(C1C2CCC(C2)C1(C)C)O,"1-(3,3-dimethyl-2-bicyclo[2.2.1]heptanyl)ethanol",66062-78-0,goodscents,leffingwell_goodscents
236.39,CC1C2CC(C1(C)C)CC2C3CCC(CC3)O,"4-(5,5,6-trimethyl-2-bicyclo[2.2.1]heptanyl)cyclohexan-1-ol",66068-84-6,goodscents,leffingwell_goodscents
236.39,CC1(C2CCC1(C(C2)C3CCC(CC3)O)C)C,"4-(1,7,7-trimethyl-2-bicyclo[2.2.1]heptanyl)cyclohexan-1-ol","4-((1r,2r,4r)-born-2-yl)cyclohexanol",goodscents,leffingwell_goodscents
208.34,CC(C)CCCC1=CCC(CC1)(C)C=O,1-methyl-4-(4-methylpentyl)cyclohex-3-ene-1-carbaldehyde,vernaldehyde,goodscents,leffingwell_goodscents
135.21,CC1CC(CC(=C1)C)C#N,"3,5-dimethylcyclohex-3-ene-1-carbonitrile","3,5-dimethylcyclohex-3-ene-1-carbonitrile",goodscents,leffingwell_goodscents
222.32,CC(C)C12CCC(C=C1)(C(C2)C(=O)OC)C,methyl 1-methyl-4-propan-2-ylbicyclo[2.2.2]oct-5-ene-2-carboxylate,67392-15-8,goodscents,leffingwell_goodscents
170.29,CCOC1CC(CC(C1)(C)C)C,"3-ethoxy-1,1,5-trimethylcyclohexane","3-ethoxy-1,1,5-trimethylcyclohexane",goodscents,leffingwell_goodscents
236.35,CCOC(C1CC2CC1C3C2CC=C3)OCC,"9-(diethoxymethyl)tricyclo[5.2.1.02,6]dec-3-ene",67633-92-5,goodscents,leffingwell_goodscents
152.23,CC1C=C(CC(C1C)C=O)C,"3,5,6-trimethylcyclohex-3-ene-1-carbaldehyde","3,5,6-trimethylcyclohex-3-ene-1-carbaldehyde",goodscents,leffingwell_goodscents
170.29,CC1CCC(C(C1)C(C)(C)C)O,2-tert-butyl-4-methylcyclohexan-1-ol,67634-11-1,goodscents,leffingwell_goodscents
343.5,CC(C)(CCCC1=CCC(CC1)C=NC2=CC=CC=C2C(=O)OC)O,methyl 2-[[4-(4-hydroxy-4-methylpentyl)cyclohex-3-en-1-yl]methylideneamino]benzoate,67634-12-2,goodscents,leffingwell_goodscents
140.22,CC1C=C(CCC1CO)C,"(2,4-dimethylcyclohex-3-en-1-yl)methanol","3-cyclohexene-1-methanol, 2,4-dimethyl-",goodscents,leffingwell_goodscents
220.31,CC(C)C(=O)OC1CC2CC1C3C2CC=C3,"8-tricyclo[5.2.1.02,6]dec-4-enyl 2-methylpropanoate",67634-20-2,goodscents,leffingwell_goodscents
184.27,CC1CCC(C(C1)C)COC(=O)C,"(2,4-dimethylcyclohexyl)methyl acetate","(2,4-dimethylcyclohexyl)methyl acetate",goodscents,leffingwell_goodscents
182.26,CC1CC(CC(=C1)C)COC(=O)C,"(3,5-dimethylcyclohex-3-en-1-yl)methyl acetate","3,5-dimethylcyclohex-3-ene-1-methyl acetate",goodscents,leffingwell_goodscents
212.28,CC(=O)OC(C)(C)C1CCC(O1)(C)C=C,2-(5-ethenyl-5-methyloxolan-2-yl)propan-2-yl acetate,67689-50-3,goodscents,leffingwell_goodscents
184.27,CCCCC1(CCC(=O)OC1)CC,5-butyl-5-ethyloxan-2-one,67770-79-0,goodscents,leffingwell_goodscents
172.26,CCCCCCC(CO)C(=O)C,3-(hydroxymethyl)nonan-2-one,"2-nonanone, 3-(hydroxymethyl)-",goodscents,leffingwell_goodscents
268.33,CC(=O)C1(CC(=O)C(O1)(C)SCC2=CC=CO2)C,"5-acetyl-2-(furan-2-ylmethylsulfanyl)-2,5-dimethyloxolan-3-one",67828-71-1,goodscents,leffingwell_goodscents
192.3,CC1=CC2CC(C1CC2C(C)C)C=O,6-methyl-8-propan-2-ylbicyclo[2.2.2]oct-5-ene-2-carbaldehyde,67845-30-1,goodscents,leffingwell_goodscents
287.4,CC(CCC=C(C)C)CC=NC1=CC=CC=C1C(=O)OC,"methyl 2-(3,7-dimethyloct-6-enylideneamino)benzoate",citronellal methylanthranilate,goodscents,leffingwell_goodscents
276.4,CC(C)CCCC(C)CCOC(=O)CC1=CC=CC=C1,"3,7-dimethyloctyl 2-phenylacetate","3,7-dimethyloctyl phenylacetate",goodscents,leffingwell_goodscents
224.34,CC(C)C(=O)OC1CCC2CCCCC2C1,"1,2,3,4,4a,5,6,7,8,8a-decahydronaphthalen-2-yl 2-methylpropanoate",decahydro-2-naphthyl isobutyrate,goodscents,leffingwell_goodscents
220.35,CC12CCCC3(C1(CCC4C3(O4)C)C)CC2,"2,7,8-trimethyl-3-oxatetracyclo[6.3.2.01,7.02,4]tridecane",67919-67-9,goodscents,leffingwell_goodscents
555.0,CC(C)CCCCCCCCCCOC(CC(C)CCCC(C)(C)O)OCCCCCCCCCCC(C)C,"2,6-dimethyl-8,8-bis(11-methyldodecoxy)octan-2-ol",67923-85-7,goodscents,leffingwell_goodscents
220.35,CC1(CCC2C3(C14CCC(C4)C3(C)C)O2)C,"2,2,8,8-tetramethyl-6-oxatetracyclo[7.2.1.01,7.05,7]dodecane",isolongifolene oxide,goodscents,leffingwell_goodscents
214.34,CC(CCC=C(C)C)CCOC(C)OC,"8-(1-methoxyethoxy)-2,6-dimethyloct-2-ene","8-(1-methoxyethoxy)-2,6-dimethyloct-2-ene",goodscents,leffingwell_goodscents
220.31,CC(C)C(=O)OC1CC2CC1C3C2C=CC3,"8-tricyclo[5.2.1.02,6]dec-3-enyl 2-methylpropanoate",68039-39-4,goodscents,leffingwell_goodscents
234.33,CC(C)(C)C(=O)OC1CC2CC1C3C2C=CC3,"8-tricyclo[5.2.1.02,6]dec-3-enyl 2,2-dimethylpropanoate",68039-44-1,goodscents,leffingwell_goodscents
220.31,CC(CC(C)(C)C1=CC=CC=C1)OC(=O)C,(4-methyl-4-phenylpentan-2-yl) acetate,68083-58-9,goodscents,leffingwell_goodscents
189.3,CC(=CCCC1=CCCC(C1)C#N)C,3-(4-methylpent-3-enyl)cyclohex-3-ene-1-carbonitrile,68084-04-8,goodscents,leffingwell_goodscents
200.32,CC(C)C1C(COC(O1)C(C)C)(C)C,"5,5-dimethyl-2,4-di(propan-2-yl)-1,3-dioxane","2,4-diisopropyl-5,5-dimethyl-1,3-dioxane",goodscents,leffingwell_goodscents
236.39,CC1(CCCC2(C1CCC3(C2CCO3)C)C)C,"3a,6,6,9a-tetramethyl-2,4,5,5a,7,8,9,9b-octahydro-1H-benzo[e][1]benzofuran",ambrox dl,goodscents,leffingwell_goodscents
196.29,CC(=O)OC1C(C2CCC1(C2)C)(C)C,"(1,3,3-trimethyl-2-bicyclo[2.2.1]heptanyl) acetate",fenchyl acetate,goodscents,leffingwell_goodscents
172.26,CCCCC(CC)C1OCCO1,"2-heptan-3-yl-1,3-dioxolane","1,3-dioxolane, 2-(1-ethylpentyl)-",goodscents,leffingwell_goodscents
198.34,CC1CCCC(C1CCC(C)O)(C)C,"4-(2,2,6-trimethylcyclohexyl)butan-2-ol",tetrahydroionol,goodscents,leffingwell_goodscents
230.34,CC1C(C2=C(C1(C)C)C=C(C=C2)C(=O)C)(C)C,"1-(1,1,2,3,3-pentamethyl-2H-inden-5-yl)ethanone",4755-83-3,goodscents,leffingwell_goodscents
190.28,CC=CC=C1C(=CC(=O)CC1(C)C)C,"4-but-2-enylidene-3,5,5-trimethylcyclohex-2-en-1-one",13215-88-8,goodscents,leffingwell_goodscents
90.08,C[C@@H](C(=O)O)O,(2S)-2-hydroxypropanoic acid,l-lactic acid,goodscents,leffingwell_goodscents
160.25,CCCCCCOC(C)OC,1-(1-methoxyethoxy)hexane,1-(1-methoxyethoxy)hexane,goodscents,leffingwell_goodscents
234.38,CC1CC2=C(CC1(C)C(=O)C)C(CCC2)(C)C,"1-(2,3,8,8-tetramethyl-1,3,4,5,6,7-hexahydronaphthalen-2-yl)ethanone",54464-57-2,goodscents,leffingwell_goodscents
178.27,CC(CCC1=CC=CC=C1)CCO,3-methyl-5-phenylpentan-1-ol,3-methyl-5-phenylpentan-1-ol,goodscents,leffingwell_goodscents
176.25,CC(CCC1=CC=CC=C1)CC=O,3-methyl-5-phenylpentanal,3-methyl-5-phenylpentanal,goodscents,leffingwell_goodscents
440.6,CCCCCCCCC=CCCCCCCCC(=O)OCC(COC(=O)C)OC(=O)C,"2,3-diacetyloxypropyl octadec-9-enoate",28060-90-4,goodscents,leffingwell_goodscents
156.22,CC1CCOC(O1)C=C(C)C,"4-methyl-2-(2-methylprop-1-enyl)-1,3-dioxane","1,3-dioxane, 4-methyl-2-(2-methyl-1-propenyl)-",goodscents,leffingwell_goodscents
238.37,CC(C)CC(=O)OC1C(C2CCC1(C2)C)(C)C,"(1,3,3-trimethyl-2-bicyclo[2.2.1]heptanyl) 3-methylbutanoate",59672-05-8,goodscents,leffingwell_goodscents
212.37,CCC(CCC1C(CCCC1(C)C)C)O,"1-(2,2,6-trimethylcyclohexyl)pentan-3-ol",60241-52-3,goodscents,leffingwell_goodscents
212.37,CC1CCCC(C1CC(C)C(C)O)(C)C,"3-methyl-4-(2,2,6-trimethylcyclohexyl)butan-2-ol",iso-methyl tetrahydroionol,goodscents,leffingwell_goodscents
254.41,CC1CCCC(C1CC(C)C(C)OC(=O)C)(C)C,"[3-methyl-4-(2,2,6-trimethylcyclohexyl)butan-2-yl] acetate",60241-55-6,goodscents,leffingwell_goodscents
174.24,CC1=CCOC(C1)C2=CC=CC=C2,"4-methyl-2-phenyl-3,6-dihydro-2H-pyran",rosyrane,goodscents,leffingwell_goodscents
222.37,CC1=C(C2(CCC1(C(C2(C)O)(C)C)C)C)C,"1,2,3,3,4,5,6-heptamethylbicyclo[2.2.2]oct-5-en-2-ol",60362-71-2,goodscents,leffingwell_goodscents
276.4,CCCCCC(=CC1=CC=CC=C1)C(OCC)OCC,2-(diethoxymethyl)hept-1-enylbenzene,2-diethoxymethyl-1-phenylhept-1-ene,goodscents,leffingwell_goodscents
200.32,CCC(C)CCC(C)(CC)OC(=O)C,"3,6-dimethyloctan-3-yl acetate","3,6-dimethyloctan-3-yl acetate",goodscents,leffingwell_goodscents
168.28,CC(=CCCC(C)(C=C)OC)C,"3-methoxy-3,7-dimethylocta-1,6-diene","3-methoxy-3,7-dimethylocta-1,6-diene",goodscents,leffingwell_goodscents
256.34,CCOC(=O)C(=O)OCCC(C)CCC=C(C)C,"2-O-(3,7-dimethyloct-6-enyl) 1-O-ethyl oxalate",citronellyl ethyl oxalate,goodscents,leffingwell_goodscents
192.25,CC(=O)OC1=CCC2C1C3CCC2C3,"3-tricyclo[5.2.1.02,6]dec-3-enyl acetate","4,7-methano-1h-indenol, 3a,4,5,6,7,7a-hexahydro-, acetate",goodscents,leffingwell_goodscents
152.23,CC(=CCCC(=C)CC=O)C,7-methyl-3-methylideneoct-6-enal,"6-octenal, 7-methyl-3-methylene-",goodscents,leffingwell_goodscents
184.27,CC(=O)OCCCC1CCCCC1,3-cyclohexylpropyl acetate,cyclohexylpropyl acetate,goodscents,leffingwell_goodscents
186.25,COC(=O)OC1CCCCCCC1,cyclooctyl methyl carbonate,cyclooctyl methyl carbonate,goodscents,leffingwell_goodscents
185.26,CC(C)(C)C1=C2C=CC=NC2=CC=C1,5-tert-butylquinoline,5-tert-butylquinoline,goodscents,leffingwell_goodscents
267.36,CC1CCC(C(C1)OC(=O)C2CCC(=O)N2)C(C)C,(5-methyl-2-propan-2-ylcyclohexyl) 5-oxopyrrolidine-2-carboxylate,questice liquid,goodscents,leffingwell_goodscents
202.33,CC(C)CCCC(C)CC(OC)OC,"1,1-dimethoxy-3,7-dimethyloctane",68141-23-1,goodscents,leffingwell_goodscents
166.26,CC1CC2(CCCCC2)OC=C1,4-methyl-1-oxaspiro[5.5]undec-2-ene,4-methyl-1-oxaspiro(5.5)undecene,goodscents,leffingwell_goodscents
287.4,CCOC(=O)C1=CC=CC=C1NCC2CCC(=CC2C)C,"ethyl 2-[(2,4-dimethylcyclohex-3-en-1-yl)methylamino]benzoate",68228-09-1,goodscents,leffingwell_goodscents
192.3,CC1=C2CC(C(C1)C(C2)C(C)C)C=O,5-methyl-7-propan-2-ylbicyclo[2.2.2]oct-4-ene-2-carbaldehyde,68259-31-4,goodscents,leffingwell_goodscents
206.32,CC1=C2CC(C(C1)C(C2)C(=O)C)C(C)C,1-(5-methyl-7-propan-2-yl-2-bicyclo[2.2.2]oct-4-enyl)ethanone,68259-33-6,goodscents,leffingwell_goodscents
189.3,CC1=CC2C(CC1CC2C(C)C)C#N,5-methyl-7-propan-2-ylbicyclo[2.2.2]oct-5-ene-2-carbonitrile,68311-05-7,goodscents,leffingwell_goodscents
156.26,CC(CC(C)(C)C)C(C)C=O,"2,3,5,5-tetramethylhexanal","2,3,5,5-tetramethylhexanal",goodscents,leffingwell_goodscents
200.32,CCC(C)CCCC(C)(C)OC(=O)C,"2,6-dimethyloctan-2-yl acetate","2-octanol, 2,6-dimethyl-, 2-acetate",goodscents,leffingwell_goodscents
192.3,C1CC2C(C1)C3CC2CC34CCCO4,"spiro[oxolane-2,8'-tricyclo[5.2.1.02,6]decane]",68480-11-5,goodscents,leffingwell_goodscents
166.26,CC1C=C(CC(C1C)C(=O)C)C,"1-(3,5,6-trimethylcyclohex-3-en-1-yl)ethanone","1-(3,5,6-trimethyl-3-cyclohexen-1-yl)ethanone",goodscents,leffingwell_goodscents
154.25,CC1CC(=CC(C1CO)C)C,"(2,4,6-trimethylcyclohex-3-en-1-yl)methanol",isocyclogeraniol,goodscents,leffingwell_goodscents
278.4,CC(C)CCOC(CC1=CC=CC=C1)OCCC(C)C,"2,2-bis(3-methylbutoxy)ethylbenzene",phenylacetaldehyde diisoamyl acetal,goodscents,leffingwell_goodscents
240.38,CC1CCCC(C1CCC(C)OC(=O)C)(C)C,"4-(2,2,6-trimethylcyclohexyl)butan-2-yl acetate",tetrahydroionyl acetate,goodscents,leffingwell_goodscents
392.6,CCCCCCCCCC(=O)O.CCCCCCCC(=O)O.CC(CO)O,"decanoic acid;octanoic acid;propane-1,2-diol",68583-51-7,goodscents,leffingwell_goodscents
198.3,CCC(C)(C)CCCC(=O)OCC=C,"prop-2-enyl 5,5-dimethylheptanoate",allyl trimethylhexanoate,goodscents,leffingwell_goodscents
185.26,CC(C)CC1=CC2=C(C=C1)N=CC=C2,6-(2-methylpropyl)quinoline,6-isobutylquinoline,goodscents,leffingwell_goodscents
342.6,CC(C)CCCCCCCCCCCCCCC(=O)OCC(C)O,2-hydroxypropyl 16-methylheptadecanoate,2-hydroxypropyl 16-methylheptadecanoate,goodscents,leffingwell_goodscents
452.6,CCCCCCCCCC(=O)O.CCCCCCCC(=O)O.C(C(CO)(CO)CO)O,"2,2-bis(hydroxymethyl)propane-1,3-diol;decanoic acid;octanoic acid",68441-68-9,goodscents,leffingwell_goodscents
212.33,CCC(=O)OCCCCCCCCC=C,dec-9-enyl propanoate,9-decenyl propionate,goodscents,leffingwell_goodscents
933.6,CCC(COC(=O)CCCCCCCCCCCCCCC(C)C)(COC(=O)CCCCCCCCCCCCCCC(C)C)COC(=O)CCCCCCCCCCCCCCC(C)C,"2,2-bis(16-methylheptadecanoyloxymethyl)butyl 16-methylheptadecanoate",trimethylolpropane triisostearate,goodscents,leffingwell_goodscents
210.31,CCCCCC#CC(=O)OCCC(C)C,3-methylbutyl oct-2-ynoate,isoamyl 2-octynoate,goodscents,leffingwell_goodscents
192.25,CC(=O)OC1CC2CC1C3C2C=CC3,"8-tricyclo[5.2.1.02,6]dec-3-enyl acetate",5413-60-5,goodscents,leffingwell_goodscents
154.21,CC1(CCC=CC1)C(=O)OC,methyl 1-methylcyclohex-3-ene-1-carboxylate,methyl 1-methylcyclohex-3-ene-1-carboxylate,goodscents,leffingwell_goodscents
204.31,CC(C)CC1=CC=C(C=C1)CC(C)C=O,2-methyl-3-[4-(2-methylpropyl)phenyl]propanal,6658-48-6,goodscents,leffingwell_goodscents
166.26,CC1=CCC(CC1)C(C)CC=O,3-(4-methylcyclohex-3-en-1-yl)butanal,3-(4-methylcyclohex-3-en-1-yl)butanal,goodscents,leffingwell_goodscents
470.7,CCCCC(CC)C(=O)OCC(COC(=O)C(CC)CCCC)OC(=O)C(CC)CCCC,"2,3-bis(2-ethylhexanoyloxy)propyl 2-ethylhexanoate",triethylhexanoin,goodscents,leffingwell_goodscents
182.3,C[C@H]1CCC[C@@]2([C@]1(CCCC2)O)C,"(4S,4aR,8aR)-4,8a-dimethyl-1,2,3,4,5,6,7,8-octahydronaphthalen-4a-ol",5173-70-6,goodscents,leffingwell_goodscents
194.27,CC(C)CC1C2CCCC=C2C(=O)O1,"3-(2-methylpropyl)-3a,4,5,6-tetrahydro-3H-2-benzofuran-1-one","3-(2-methylpropyl)-3a,4,5,6-tetrahydro-2-benzofuran-1(3h)-one",goodscents,leffingwell_goodscents
198.3,C[C@]12CC[C@H](C1(C)C)C[C@@H]2OCCO,"2-[[(1S,2S,4S)-1,7,7-trimethyl-2-bicyclo[2.2.1]heptanyl]oxy]ethanol",beta-hydroxyethyl isobornyl ether,goodscents,leffingwell_goodscents
152.23,CC(=C)[C@@H]1CC[C@@](C=C1)(C)O,"(1R,4R)-1-methyl-4-prop-1-en-2-ylcyclohex-2-en-1-ol",52154-82-2,goodscents,leffingwell_goodscents
220.31,CC1=C(C2CC(C1(C2)C)C(=O)OC)C(=C)C,"methyl 1,6-dimethyl-5-prop-1-en-2-ylbicyclo[2.2.1]hept-5-ene-2-carboxylate",68698-57-7,goodscents,leffingwell_goodscents
169.26,CC(CCCC(C)(C)O)CC#N,"7-hydroxy-3,7-dimethyloctanenitrile","7-hydroxy-3,7-dimethyloctanenitrile",goodscents,leffingwell_goodscents
222.37,CCOC1(CCC2C(=C)C1CCC2(C)C)C,"2-ethoxy-2,6,6-trimethyl-9-methylidenebicyclo[3.3.1]nonane",68845-00-1,goodscents,leffingwell_goodscents
271.35,CC1C=C(CCC1C=NC2=CC=CC=C2C(=O)OC)C,"methyl 2-[(2,4-dimethylcyclohex-3-en-1-yl)methylideneamino]benzoate",68845-02-3,goodscents,leffingwell_goodscents
180.29,CCC1C(CC(=O)C(=C1CC)C)C,"3,4-diethyl-2,5-dimethylcyclohex-2-en-1-one",diethyldimethylcyclohex-2-en-1-one,goodscents,leffingwell_goodscents
236.39,CC1(C2CCC(C1(C2)C)C3CCC(CC3)O)C,"4-(1,6,6-trimethyl-2-bicyclo[3.1.1]heptanyl)cyclohexan-1-ol",bornylcyclohexanol,goodscents,leffingwell_goodscents
220.35,CC1CCC2C13CC(C2(C)C)C(C(=O)C3)C,"2,6,6,8-tetramethyltricyclo[5.3.1.01,5]undecan-9-one",cedranone,goodscents,leffingwell_goodscents
248.4,CC1CC(CCC1=O)CC2C3CCC(C3)C2(C)C,"4-[(3,3-dimethyl-2-bicyclo[2.2.1]heptanyl)methyl]-2-methylcyclohexan-1-one",68901-22-4,goodscents,leffingwell_goodscents
236.35,CC1=CC2CC(C1CC2C(C)C)C3OCCO3,"2-(6-methyl-8-propan-2-yl-2-bicyclo[2.2.2]oct-5-enyl)-1,3-dioxolane",68901-32-6,goodscents,leffingwell_goodscents
220.35,CC1CCC2C3(C1(C4C(C4(C)C)CC3)C)O2,"6,7,9,9-tetramethyl-2-oxatetracyclo[5.5.0.01,3.08,10]dodecane",calarene epoxide,goodscents,leffingwell_goodscents
194.27,CC(C)C1=CCC(=CC1)CCOC=O,"2-(4-propan-2-ylcyclohexa-1,4-dien-1-yl)ethyl formate",4-(isopropyl)cyclohexadiene-1-ethyl formate,goodscents,leffingwell_goodscents
166.26,CCCCCC=CC=CC(=O)C,"undeca-3,5-dien-2-one",undecadien-2-one,goodscents,leffingwell_goodscents
260.4,CC(CCC=C(C)C)CCOC(=O)C1=CC=CC=C1,"3,7-dimethyloct-6-enyl benzoate",citronellyl benzoate,goodscents,leffingwell_goodscents
260.4,CC(CCCC(=C)C)CCOC(=O)C1=CC=CC=C1,"3,7-dimethyloct-7-enyl benzoate","(-)-3,7-dimethyloct-7-enyl benzoate",goodscents,leffingwell_goodscents
248.36,CC1CC(C=C(C2C1CC(=C(C)C)C2)C)OC=O,"(4,8-dimethyl-2-propan-2-ylidene-3,3a,4,5,6,8a-hexahydro-1H-azulen-6-yl) formate",10486-25-6,goodscents,leffingwell_goodscents
276.4,CCC(=O)OC1CC(C2CC(=C(C)C)CC2C(=C1)C)C,"(4,8-dimethyl-2-propan-2-ylidene-3,3a,4,5,6,8a-hexahydro-1H-azulen-6-yl) propanoate",10486-26-7,goodscents,leffingwell_goodscents
222.37,CC1(C2CCC1C(C2)C3CCCCC3O)C,"2-(7,7-dimethyl-2-bicyclo[2.2.1]heptanyl)cyclohexan-1-ol","cyclohexanol, 2(3 or 4)-(7,7-dimethylbicyclo(2.2.1)hept-2-yl)-",goodscents,leffingwell_goodscents
140.18,CC1CC(=C(C1=O)OC)C,"2-methoxy-3,5-dimethylcyclopent-2-en-1-one","2-methoxy-3,5-dimethylcyclopent-2-en-1-one",goodscents,leffingwell_goodscents
194.31,CC1C=C(CCC1C(=O)C(C)(C)C)C,"1-(2,4-dimethylcyclohex-3-en-1-yl)-2,2-dimethylpropan-1-one",69929-17-5,goodscents,leffingwell_goodscents
192.3,CC1(CCCC2=C1CC(CC2)C=O)C,"8,8-dimethyl-2,3,4,5,6,7-hexahydro-1H-naphthalene-2-carbaldehyde",68991-97-9,goodscents,leffingwell_goodscents
447.6,CC(C)(C1=CC=CC=C1)C2=CC(=C(C(=C2)N3N=C4C=CC=CC4=N3)O)C(C)(C)C5=CC=CC=C5,"2-(benzotriazol-2-yl)-4,6-bis(2-phenylpropan-2-yl)phenol",70321-86-7,goodscents,leffingwell_goodscents
163.26,CCC(=CCCC(=CC#N)C)C,"3,7-dimethylnona-2,6-dienenitrile","3,7-dimethylnona-2,6-dienenitrile",goodscents,leffingwell_goodscents
186.29,CC(C)C1C(COC(O1)(C)C)(C)C,"2,2,5,5-tetramethyl-4-propan-2-yl-1,3-dioxane","4-isopropyl-2,2,5,5-tetramethyl-1,3-dioxane",goodscents,leffingwell_goodscents
140.22,CCCCC=CC=CCO,"nona-2,4-dien-1-ol","nona-2,4-dien-1-ol",goodscents,leffingwell_goodscents
168.28,C1CCCC2(CCC1)CCCO2,1-oxaspiro[4.7]dodecane,1-oxaspiro[4.7]dodecane,goodscents,leffingwell_goodscents
223.35,C=CCCCCCCCCCOCCC#N,3-undec-10-enoxypropanenitrile,"propanenitrile, 3-(10-undecenyloxy)-",goodscents,leffingwell_goodscents
202.25,CCOC(=O)CCCCCOC(=O)C,ethyl 6-acetyloxyhexanoate,ethyl 6-acetyloxyhexanoate,goodscents,leffingwell_goodscents
170.29,CC(C)C1CCC(CC1)C(C)O,1-(4-propan-2-ylcyclohexyl)ethanol,63767-86-2,goodscents,leffingwell_goodscents
272.5,CCCCCCCCCCCCCCOCCCO,3-tetradecoxypropan-1-ol,3-(tetradecyloxy)propan-1-ol,goodscents,leffingwell_goodscents
182.26,CC1CCC(C(C1)OC=O)C(=C)C,(5-methyl-2-prop-1-en-2-ylcyclohexyl) formate,isopulegyl formate,goodscents,leffingwell_goodscents
168.28,CCCCCC1C(CCC1=O)C,3-methyl-2-pentylcyclopentan-1-one,tetrahydrojasmone,goodscents,leffingwell_goodscents
156.26,CC1CCOC(C1)CC(C)C,4-methyl-2-(2-methylpropyl)oxane,13477-62-8,goodscents,leffingwell_goodscents
126.15,CCC1CCC(=O)C1=O,"3-ethylcyclopentane-1,2-dione","3-ethylcyclopentane-1,2-dione",goodscents,leffingwell_goodscents
194.31,CC(=O)CCC1C(=C)CCCC1(C)C,"4-(2,2-dimethyl-6-methylidenecyclohexyl)butan-2-one","4-(2,2-dimethyl-6-methylenecyclohexyl)butan-2-one",goodscents,leffingwell_goodscents
210.31,CCCCCC=CC(CC=C)OC(=O)C,"undeca-1,5-dien-4-yl acetate",64677-48-1,goodscents,leffingwell_goodscents
182.26,CCC1OCC2(CCC=CC2)CO1,"3-ethyl-2,4-dioxaspiro[5.5]undec-9-ene",64165-57-7,goodscents,leffingwell_goodscents
226.4,CCCC(CCC1C(CCCC1(C)C)C)O,"1-(2,2,6-trimethylcyclohexyl)hexan-3-ol",70788-30-6,goodscents,leffingwell_goodscents
180.29,CC(CCC=C(C)CCC=O)C=C,"4,8-dimethyldeca-4,9-dienal","4,9-decadienal, 4,8-dimethyl-",goodscents,leffingwell_goodscents
192.3,CC1CC=C(C2(C1C)C=CC(O2)C)C,"2,6,9,10-tetramethyl-1-oxaspiro[4.5]deca-3,6-diene",isospirene,goodscents,leffingwell_goodscents
170.29,CCC(=CCC(C)CCO)CC,6-ethyl-3-methyloct-5-en-1-ol,6-ethyl-3-methyloct-5-en-1-ol,goodscents,leffingwell_goodscents
258.35,CC1(C2CCC1(C(C2)OC(=O)C3=CC=CC=C3)C)C,"(1,7,7-trimethyl-2-bicyclo[2.2.1]heptanyl) benzoate",isobornyl benzoate,goodscents,leffingwell_goodscents
206.19,CCOC(=O)[C@H]([C@@H](C(=O)OCC)O)O,"diethyl (2S,3S)-2,3-dihydroxybutanedioate",13811-71-7,goodscents,leffingwell_goodscents
398.6,CCCCCCCCCCCCCCCCOP(=O)([O-])[O-].[K+].[K+],dipotassium;hexadecyl phosphate,dipotassium hexadecyl phosphate,goodscents,leffingwell_goodscents
166.26,CCCCCC1=CC(=O)CCC1,3-pentylcyclohex-2-en-1-one,3-pentyl-2-cyclohexen-1-one,goodscents,leffingwell_goodscents
178.27,CC1=CC(=CC=C1)CCCCCO,5-(3-methylphenyl)pentan-1-ol,schembl3504070,goodscents,leffingwell_goodscents
178.27,CC1(C2CC=C(C1C2)CCC=O)C,"3-(6,6-dimethyl-2-bicyclo[3.1.1]hept-2-enyl)propanal",33885-51-7,goodscents,leffingwell_goodscents
164.2,CC1OCC(O1)C2=CC=CC=C2,"2-methyl-4-phenyl-1,3-dioxolane","2-methyl-4-phenyl-1,3-dioxolane",goodscents,leffingwell_goodscents
194.31,CC(C)C1CCC2CC(=O)CCC2C1,"6-propan-2-yl-3,4,4a,5,6,7,8,8a-octahydro-1H-naphthalen-2-one",decatone,goodscents,leffingwell_goodscents
194.27,CCOC(=O)C1=C(C=CCC1(C)C)C,"ethyl 2,6,6-trimethylcyclohexa-1,3-diene-1-carboxylate",35044-59-8,goodscents,leffingwell_goodscents
224.34,CCOC(=C)C1C(CC(=O)CC1(C)C)(C)C,"4-(1-ethoxyethenyl)-3,3,5,5-tetramethylcyclohexan-1-one",kephalis,goodscents,leffingwell_goodscents
112.17,CCC=CC=CCO,"hepta-2,4-dien-1-ol","2,4-heptadienol",goodscents,leffingwell_goodscents
182.17,CC1=C(C=CC(=C1O)C(=O)OC)O,"methyl 2,4-dihydroxy-3-methylbenzoate","methyl 2,4-dihydroxy-3-methylbenzoate",goodscents,leffingwell_goodscents
204.26,CC1C2CC3=CC=CC=C3C2OC(O1)C,"2,4-dimethyl-4,4a,5,9b-tetrahydroindeno[1,2-d][1,3]dioxine",27606-09-3,goodscents,leffingwell_goodscents
182.26,CC1=CCCC(C1C(=O)OC)(C)C,"methyl 2,6,6-trimethylcyclohex-2-ene-1-carboxylate","methyl 2,6,6-trimethylcyclohex-2-ene-1-carboxylate",goodscents,leffingwell_goodscents
152.23,CC(=C)C(CC=C(C)C=C)O,"2,6-dimethylocta-1,5,7-trien-3-ol",schembl2458094,goodscents,leffingwell_goodscents
222.32,CC(C)C(=O)OCC1=CCC2CC1C2(C)C,"(6,6-dimethyl-2-bicyclo[3.1.1]hept-2-enyl)methyl 2-methylpropanoate",2-pinen-10-yl isobutyrate,goodscents,leffingwell_goodscents
210.31,CCCCCC=CC=CC(=O)OCCC,"propyl deca-2,4-dienoate","propyl deca-2,4-dienoate",goodscents,leffingwell_goodscents
168.28,C[C@@]12CC[C@H](C1)C([C@]2(C)O)(C)C,"(1R,2R,4R)-1,2,3,3-tetramethylbicyclo[2.2.1]heptan-2-ol",28462-85-3,goodscents,leffingwell_goodscents
168.15,CC1=C(C(=O)C=CO1)OC(=O)C,(2-methyl-4-oxopyran-3-yl) acetate,maltol acetate,goodscents,leffingwell_goodscents
166.26,C1CC2CC1C3C2C(CC3)CO,"3-tricyclo[5.2.1.02,6]decanylmethanol","octahydro-4,7-methano-1h-indenemethanol",goodscents,leffingwell_goodscents
188.26,CC1CC(=C)CC(O1)C2=CC=CC=C2,2-methyl-4-methylidene-6-phenyloxane,30310-41-9,goodscents,leffingwell_goodscents
220.35,CC1CCC2C13CC(C2(C)C)C4(C(C3)O4)C,"2,6,6,8-tetramethyl-9-oxatetracyclo[5.4.1.01,5.08,10]dodecane",alpha-cedrene epoxide,goodscents,leffingwell_goodscents
246.4,CC(=O)C1=C2CC3(CCC2(CC3)C(CC1)(C)C)C,"1-(2,2,8-trimethyl-5-tricyclo[6.2.2.01,6]dodec-5-enyl)ethanone","ethanone, 1-(1,3,4,4a,5,6,7-hexahydro-2,5,5-trimethyl-2h-2,4a-ethanonaphthalen-8-yl)-",goodscents,leffingwell_goodscents
150.22,CCCC1=NC=C(N=C1C)C,"3,5-dimethyl-2-propylpyrazine","3,5-dimethyl-2-propylpyrazine",goodscents,leffingwell_goodscents
136.19,CC(C)(C)C1=NC=CN=C1,2-tert-butylpyrazine,2-tert-butylpyrazine,goodscents,leffingwell_goodscents
168.23,CC=CCCC1CCCC(=O)O1,6-pent-3-enyloxan-2-one,6-pent-3-enyloxan-2-one,goodscents,leffingwell_goodscents
217.22,C[C@@H](C(=O)N[C@@H](CCC(=O)N)C(=O)O)N,(2S)-5-amino-2-[[(2S)-2-aminopropanoyl]amino]-5-oxopentanoic acid,l-alanyl-l-glutamine,goodscents,leffingwell_goodscents
120.28,OP(=O)([O-])[O-].[Mg+2],magnesium;hydrogen phosphate,magnesium hydrogen phosphate,goodscents,leffingwell_goodscents
152.23,C[C@@H]1CO[C@@H]2[C@H]1CCC(=C2)C,"(3S,3aS,7aR)-3,6-dimethyl-2,3,3a,4,5,7a-hexahydro-1-benzofuran",anethofuran,goodscents,leffingwell_goodscents
313.2,C([C@@H](C(=O)O)N)SSCC(C(=O)O)N.Cl.Cl,2-amino-3-[[(2R)-2-amino-2-carboxyethyl]disulfanyl]propanoic acid;dihydrochloride,l-(-)-cystine dihydrochloride,goodscents,leffingwell_goodscents
144.21,CCCC[C@H](CC)C(=O)O,(2S)-2-ethylhexanoic acid,(s)-2-ethylhexanoic acid,goodscents,leffingwell_goodscents
150.22,CC1=CC=CC(CC1=O)(C)C,"2,6,6-trimethylcyclohepta-2,4-dien-1-one",eucarvone,goodscents,leffingwell_goodscents
120.2,C1CCSSC1,dithiane,"1,2-dithiane",goodscents,leffingwell_goodscents
228.24,COC1=CC=C(C=C1)OC(=O)C2=CC=CC=C2,(4-methoxyphenyl) benzoate,4-methoxyphenyl benzoate,goodscents,leffingwell_goodscents
126.2,CC(C)CC=CC(=O)C,6-methylhept-3-en-2-one,isoamylidenaceton,goodscents,leffingwell_goodscents
154.3,CSC(SC)SC,tris(methylsulfanyl)methane,tris(methylthio)methane,goodscents,leffingwell_goodscents
156.22,COC(=O)CC1CCCCC1,methyl 2-cyclohexylacetate,methyl 2-cyclohexylacetate,goodscents,leffingwell_goodscents
156.22,CCCCOC(=O)CC=CC,butyl pent-3-enoate,butyl pent-3-enoate,goodscents,leffingwell_goodscents
124.22,CCCCCC#CCC,non-3-yne,3-nonyne,goodscents,leffingwell_goodscents
296.5,CC(C)CCCC(C)CCCC(C)CCCC(=CCO)C,"3,7,11,15-tetramethylhexadec-2-en-1-ol",phytol,goodscents,leffingwell_goodscents
115.13,C1C[C@H](NC1)C(=O)O,(2S)-pyrrolidine-2-carboxylic acid,l-proline,goodscents,leffingwell_goodscents
207.25,C1=CC=C(C=C1)C2=[O+]C3=CC=CC=C3C=C2,2-phenylchromenylium,flavylium,goodscents,leffingwell_goodscents
166.17,COC1=C(C=CC(=C1)CC=O)O,2-(4-hydroxy-3-methoxyphenyl)acetaldehyde,homovanillin,goodscents,leffingwell_goodscents
418.3,C1=CC=NC(=C1)C(=O)[O-].C1=CC=NC(=C1)C(=O)[O-].C1=CC=NC(=C1)C(=O)[O-].[Cr+3],chromium(3+);pyridine-2-carboxylate,chromium picolinate,goodscents,leffingwell_goodscents
192.3,C1=CC=C(C=C1)CCCCCCCO,7-phenylheptan-1-ol,7-phenylheptan-1-ol,goodscents,leffingwell_goodscents
208.21,CCOC1=C(C=CC(=C1)C=O)OC(=O)C,(2-ethoxy-4-formylphenyl) acetate,2-ethoxy-4-formylphenyl acetate,goodscents,leffingwell_goodscents
187.28,CC(CC(C)(C)C#N)C1=CC=CC=C1,"2,2-dimethyl-4-phenylpentanenitrile",75490-39-0,goodscents,leffingwell_goodscents
328.5,CCCCCCCCCCCCCCOCCCOC(=O)CC,3-tetradecoxypropyl propanoate,3-tetradecoxypropyl propanoate,goodscents,leffingwell_goodscents
208.3,CCOC(=O)[C@@]12CCC[C@@H]1[C@@H]3CC[C@H]2C3,"ethyl (1S,2R,6R,7R)-tricyclo[5.2.1.02,6]decane-2-carboxylate",80657-64-3,goodscents,leffingwell_goodscents
264.4,CCC(=O)OCC(C)(C)CC1=C(CCC1C(=C)C)C,"[2,2-dimethyl-3-(2-methyl-5-prop-1-en-2-ylcyclopenten-1-yl)propyl] propanoate",cyclopentenyl propionate musk,goodscents,leffingwell_goodscents
152.23,C[C@@]12CC[C@@H](C1(C)C)CC2=O,"(1R,4R)-1,7,7-trimethylbicyclo[2.2.1]heptan-2-one",d-camphor,goodscents,leffingwell_goodscents
270.5,CCCCC(CC)COC(=O)CCCCCC(C)C,2-ethylhexyl 7-methyloctanoate,2-ethylhexyl isononanoate,goodscents,leffingwell_goodscents
196.29,C1CC2C3CC(C2C1CO)CC3CO,"[8-(hydroxymethyl)-3-tricyclo[5.2.1.02,6]decanyl]methanol",tricyclodecanedimethanol,goodscents,leffingwell_goodscents
184.27,CCOC(=O)C(C)C1CCCCC1,ethyl 2-cyclohexylpropanoate,ethyl 2-cyclohexylpropionate,goodscents,leffingwell_goodscents
222.37,CC1=C[C@H]2[C@@H](CC[C@]([C@@H]2CC1)(C)O)C(C)C,"(1S,4S,4aR,8aR)-1,6-dimethyl-4-propan-2-yl-3,4,4a,7,8,8a-hexahydro-2H-naphthalen-1-ol",cedrelanol,goodscents,leffingwell_goodscents
222.37,C[C@H]1CCC=C(C12CC[C@H](C2)C(C)(C)O)C,"2-[(3R,6S)-6,10-dimethylspiro[4.5]dec-9-en-3-yl]propan-2-ol",hinesol,goodscents,leffingwell_goodscents
208.3,CC(=O)OCC1CCC2C1C3CCC2C3,"3-tricyclo[5.2.1.02,6]decanylmethyl acetate","octahydro-4,7-methano-1h-indenemethyl acetate",goodscents,leffingwell_goodscents
164.24,C1CC2CC1C3C2C(CC3)C=O,"tricyclo[5.2.1.02,6]decane-3-carbaldehyde","octahydro-4,7-methano-1h-indenecarbaldehyde",goodscents,leffingwell_goodscents
218.33,C[C@@H]1CC[C@@H]2C13C[C@H](C2(C)C)C(=CC3=O)C,"(2R,5S,7S)-2,6,6,8-tetramethyltricyclo[5.3.1.01,5]undec-8-en-10-one",cedr-8-en-10-one,goodscents,leffingwell_goodscents
222.32,CCC(C)C1CCCCC1(C#C)OC(=O)C,(2-butan-2-yl-1-ethynylcyclohexyl) acetate,37172-05-7,goodscents,leffingwell_goodscents
212.37,CC1(CCCCCCCCCCC1)OC,1-methoxy-1-methylcyclododecane,1-methoxy-1-methylcyclododecane,goodscents,leffingwell_goodscents
164.24,CCCC1C2CC(C1C=O)C=C2,3-propylbicyclo[2.2.1]hept-5-ene-2-carbaldehyde,39067-39-5,goodscents,leffingwell_goodscents
250.38,C[C@@H]1CC[C@@H]2[C@]13CC[C@@]([C@H](C3)C2(C)C)(C)OC=O,"[(1S,2R,5S,7R,8R)-2,6,6,8-tetramethyl-8-tricyclo[5.3.1.01,5]undecanyl] formate",cedrol formate,goodscents,leffingwell_goodscents
210.31,CCCCCC1C(CCC1=O)CC(=O)C,3-(2-oxopropyl)-2-pentylcyclopentan-1-one,3-(2-oxopropyl)-2-pentylcyclopentanone,goodscents,leffingwell_goodscents
537.0,CC(C)CCCCCCCCCCCCCCCOC(=O)CCCCCCCCCCCCCCC(C)C,16-methylheptadecyl 16-methylheptadecanoate,isostearyl isostearate,goodscents,leffingwell_goodscents
188.31,CC(CCCC(C)(C)OC)C(C)O,"7-methoxy-3,7-dimethyloctan-2-ol","7-methoxy-3,7-dimethyloctan-2-ol",goodscents,leffingwell_goodscents
228.37,COCOC1CCCCCCCCCCC1,methoxymethoxycyclododecane,(methoxymethoxy)cyclododecane,goodscents,leffingwell_goodscents
228.33,CC1CCC(C2(C1)OCC(O2)CO)C(C)C,"(9-methyl-6-propan-2-yl-1,4-dioxaspiro[4.5]decan-3-yl)methanol",63187-91-7,goodscents,leffingwell_goodscents
224.34,CCC(C)C1CCCCC1(C=C)OC(=O)C,(2-butan-2-yl-1-ethenylcyclohexyl) acetate,37172-02-4,goodscents,leffingwell_goodscents
226.31,CCCCCCC1C(CCC1=O)C(=O)OC,methyl 2-hexyl-3-oxocyclopentane-1-carboxylate,37172-53-5,goodscents,leffingwell_goodscents
239.27,COC(=O)C1=CC=CC=C1N=CC2=CC=CC=C2,methyl 2-(benzylideneamino)benzoate,methyl 2-[(phenylmethylene)amino]benzoate,goodscents,leffingwell_goodscents
141.19,CC1=C(SC=N1)C(=O)C,"1-(4-methyl-1,3-thiazol-5-yl)ethanone",1-(4-methylthiazol-5-yl)ethanone,goodscents,leffingwell_goodscents
141.24,CCC1=C(N=C(S1)C)C,"5-ethyl-2,4-dimethyl-1,3-thiazole","5-ethyl-2,4-dimethylthiazole",goodscents,leffingwell_goodscents
207.31,C1CCCCCC2=C(CCCC1)N=CO2,"4,5,6,7,8,9,10,11,12,13-decahydrocyclododeca[d][1,3]oxazole",38303-23-0,goodscents,leffingwell_goodscents
140.18,COC(=O)C=C1CCCC1,methyl 2-cyclopentylideneacetate,40203-73-4,goodscents,leffingwell_goodscents
186.29,CC(C)CCCCCCOC(=O)C,7-methyloctyl acetate,isononyl acetate,goodscents,leffingwell_goodscents
170.29,CC(CCC=C(C)C)CC(C)O,"4,8-dimethylnon-7-en-2-ol","4,8-dimethylnon-7-en-2-ol",goodscents,leffingwell_goodscents
212.28,CC(=O)OC(C)(CCC1C(O1)(C)C)C=C,"[5-(3,3-dimethyloxiran-2-yl)-3-methylpent-1-en-3-yl] acetate",41610-76-8,goodscents,leffingwell_goodscents
156.26,CC(C)CCCC(C)C(=C)O,"3,7-dimethyloct-1-en-2-ol","3,7-dimethyloct-1-en-2-ol",goodscents,leffingwell_goodscents
178.27,CC1CC2C3CCC(C3)C2CC1=O,"5-methyltricyclo[6.2.1.02,7]undecan-4-one",41724-19-0,goodscents,leffingwell_goodscents
164.2,C1=CC=C(C=C1)CCOCC=O,2-(2-phenylethoxy)acetaldehyde,(2-phenylethoxy)acetaldehyde,goodscents,leffingwell_goodscents
166.26,CC(=O)C1C2CCC(C2)C1(C)C,"1-(3,3-dimethyl-2-bicyclo[2.2.1]heptanyl)ethanone",42370-07-0,goodscents,leffingwell_goodscents
140.22,CCCCCC=C(C)C=O,2-methyloct-2-enal,2-methyl-2-octenal,goodscents,leffingwell_goodscents
233.31,CCCC(C)C=NC1=CC=CC=C1C(=O)OC,methyl 2-(2-methylpentylideneamino)benzoate,50607-64-2,goodscents,leffingwell_goodscents
303.4,CC1=CNC2=CC=CC=C12.CC(CCCC(C)(C)O)CC=O,"7-hydroxy-3,7-dimethyloctanal;3-methyl-1H-indole",68585-09-1,goodscents,leffingwell_goodscents
264.4,CCC(=O)CCC1C(=CCCC1(C)C)C.C#CCO,"prop-2-yn-1-ol;1-(2,6,6-trimethylcyclohex-2-en-1-yl)pentan-3-one",synthetic amber,goodscents,leffingwell_goodscents
244.33,CCCCCCCC(COC(=O)C)OC(=O)C,2-acetyloxynonyl acetate,mono((acetyloxy)methyl)octanol acetate,goodscents,leffingwell_goodscents
308.5,C[C@]12CCCC([C@@H]1CC[C@@]([C@@H]2CC[C@](C)(C=C)O)(C)O)(C)C,"(1R,2R,4aS,8aS)-1-[(3R)-3-hydroxy-3-methylpent-4-enyl]-2,5,5,8a-tetramethyl-3,4,4a,6,7,8-hexahydro-1H-naphthalen-2-ol",sclareol,goodscents,leffingwell_goodscents
289.4,CC(CCCC(C)(C)O)CC=O.C1=CC=C2C(=C1)C=CN2,"7-hydroxy-3,7-dimethyloctanal;1H-indole",68908-82-7,goodscents,leffingwell_goodscents
228.37,CCOC(C)OC(C)(CCCC(C)C)C=C,"3-(1-ethoxyethoxy)-3,7-dimethyloct-1-ene",84029-93-6,goodscents,leffingwell_goodscents
191.27,CCC(C)C(=O)N(C)C1=CC=CC=C1,"N,2-dimethyl-N-phenylbutanamide","n,2-dimethyl-n-phenylbutanamide",goodscents,leffingwell_goodscents
194.27,COC1CC2CC1C3C2CC(C3)C=O,"8-methoxytricyclo[5.2.1.02,6]decane-4-carbaldehyde",scentenal,goodscents,leffingwell_goodscents
182.26,CC1OCC2(CC3CCC2C3)CO1,"2-methylspiro[1,3-dioxane-5,2'-bicyclo[2.2.1]heptane]",87641-24-5,goodscents,leffingwell_goodscents
214.3,CCOC(=O)OC1C(CCC(C1C)C)C,"ethyl (2,3,6-trimethylcyclohexyl) carbonate","carbonic acid, ethyl 2,3,6-trimethylcyclohexyl ester",goodscents,leffingwell_goodscents
187.28,CCC1=CC=C(C=C1)CC(C)(C)C#N,"3-(4-ethylphenyl)-2,2-dimethylpropanenitrile",134123-93-6,goodscents,leffingwell_goodscents
228.37,CCC(COC1CCCCC1C(C)(C)C)O,1-(2-tert-butylcyclohexyl)oxybutan-2-ol,"2-butanol, 1-[[2-(1,1-dimethylethyl)cyclohexyl]oxy]-",goodscents,leffingwell_goodscents
321.33,C(C[C@@H](C(=O)O)N)CN=C(N)N.C(CC(=O)O)[C@@H](C(=O)O)N,(2S)-2-amino-5-(diaminomethylideneamino)pentanoic acid;(2S)-2-aminopentanedioic acid,4320-30-3,goodscents,leffingwell_goodscents
209.63,C1=C(NC=N1)C[C@@H](C(=O)O)N.O.Cl,(2S)-2-amino-3-(1H-imidazol-5-yl)propanoic acid;hydrate;hydrochloride,5934-29-2,goodscents,leffingwell_goodscents
156.26,C[C@H]1CC[C@@H]([C@H](C1)O)C(C)C,"(1S,2R,5S)-5-methyl-2-propan-2-ylcyclohexan-1-ol",(+)-menthol,goodscents,leffingwell_goodscents
300.5,CCCCCCCCCCCCCCCCOCCCO,3-hexadecoxypropan-1-ol,3-(hexadecyloxy)propan-1-ol,goodscents,leffingwell_goodscents
196.33,CC1=CCC(C1(C)C)CCC(C)CO,"2-methyl-4-(2,2,3-trimethylcyclopent-3-en-1-yl)butan-1-ol",72089-08-8,goodscents,leffingwell_goodscents
208.25,CC1(C(O1)C(=O)OC)C2CC3CC2C=C3,methyl 3-(2-bicyclo[2.2.1]hept-5-enyl)-3-methyloxirane-2-carboxylate,72175-33-8,goodscents,leffingwell_goodscents
200.32,CCCCCCCCCCOCC=O,2-decoxyacetaldehyde,"acetaldehyde, (decyloxy)-",goodscents,leffingwell_goodscents
275.4,CCCCCCCCC=NC1=CC=CC=C1C(=O)OC,methyl 2-(nonylideneamino)benzoate,methyl 2-(nonylideneamino)benzoate,goodscents,leffingwell_goodscents
189.3,CC1(CCCC2=C1CC(CC2)C#N)C,"8,8-dimethyl-2,3,4,5,6,7-hexahydro-1H-naphthalene-2-carbonitrile",72928-51-9,goodscents,leffingwell_goodscents
167.25,CC12CCCC(C1=NO)(CC2)C,"N-(1,5-dimethyl-8-bicyclo[3.2.1]octanylidene)hydroxylamine","1,5-dimethylbicyclo[3.2.1]octan-8-one oxime",goodscents,leffingwell_goodscents
210.31,CCOC(=O)C1C(=C(CCC1(C)C)C)C,"ethyl 2,3,6,6-tetramethylcyclohex-2-ene-1-carboxylate","ethyl 2,3,6,6-tetramethylcyclohex-2-ene-1-carboxylate",goodscents,leffingwell_goodscents
184.27,CCCCC1COC2(O1)CCCC2,"3-butyl-1,4-dioxaspiro[4.4]nonane","2-butyl-1,4-dioxaspiro[4.4]nonane",goodscents,leffingwell_goodscents
224.25,CC(C)OCCOC(=O)C1=CC=CC=C1O,2-propan-2-yloxyethyl 2-hydroxybenzoate,2-isopropoxyethyl salicylate,goodscents,leffingwell_goodscents
214.34,CCCC(C)C1OCC(CO1)(C)CCC,"5-methyl-2-pentan-2-yl-5-propyl-1,3-dioxane",80480-24-6,goodscents,leffingwell_goodscents
204.31,C1CCC(CC1)OCCC2=CC=CC=C2,2-cyclohexyloxyethylbenzene,80858-47-5,goodscents,leffingwell_goodscents
410.4,CCCCCCCCC(CCC)OC(=O)C(CC(=O)[O-])S(=O)(=O)[O-].[Na+].[Na+],disodium;4-dodecan-4-yloxy-4-oxo-3-sulfonatobutanoate,schembl2727544,goodscents,leffingwell_goodscents
234.33,C[C@H]1CC[C@@H]2[C@]13CC(=C(C)C)[C@](O3)(C=C2C)O,"(1S,2S,5S,8R)-2,6-dimethyl-9-propan-2-ylidene-11-oxatricyclo[6.2.1.01,5]undec-6-en-8-ol",curcumenol,goodscents,leffingwell_goodscents
891.5,CC(C)CCCCCCCCCCCCCCC(=O)OCC(COC(=O)CCCCCCCCCCCCCCC(C)C)OC(=O)CCCCCCCCCCCCCCC(C)C,"2,3-bis(16-methylheptadecanoyloxy)propyl 16-methylheptadecanoate",triisostearin,goodscents,leffingwell_goodscents
164.24,CC1(C2CC=C(C1C2)CC=O)C,"2-(6,6-dimethyl-2-bicyclo[3.1.1]hept-2-enyl)acetaldehyde",30897-75-7,goodscents,leffingwell_goodscents
172.26,CC(C)CCCCCOC(=O)C,6-methylheptyl acetate,isooctyl acetate,goodscents,leffingwell_goodscents
153.26,CC(C)CCCC(C)CC#N,"3,7-dimethyloctanenitrile","3,7-dimethyloctanenitrile",goodscents,leffingwell_goodscents
150.13,C([C@@H](C(=O)O)N)C(=O)N.O,"(2S)-2,4-diamino-4-oxobutanoic acid;hydrate",l-asparagine monohydrate,goodscents,leffingwell_goodscents
210.36,C1CCCCCC2COCC2CCCC1,"1,3,3a,4,5,6,7,8,9,10,11,12,13,13a-tetradecahydrocyclododeca[c]furan",tetradecahydrocyclododeca[c]furan,goodscents,leffingwell_goodscents
154.25,C[C@@H]1CC[C@H]([C@@H](C1)O)C(=C)C,"(1R,2S,5R)-5-methyl-2-prop-1-en-2-ylcyclohexan-1-ol",(-)-isopulegol,goodscents,leffingwell_goodscents
172.31,CC(C)CC(C)CCCC(C)O,"6,8-dimethylnonan-2-ol","6,8-dimethylnonan-2-ol",goodscents,leffingwell_goodscents
142.2,CC1CC(CC(=O)O1)(C)C,"4,4,6-trimethyloxan-2-one","4,4,6-trimethyloxan-2-one",goodscents,leffingwell_goodscents
210.31,CCC1OCC2(CC(=CCC2C)C)CO1,"3-ethyl-8,11-dimethyl-2,4-dioxaspiro[5.5]undec-8-ene",71566-53-5,goodscents,leffingwell_goodscents
452.6,CC(C)CCCCCCCCCCCCCCC(=O)O.C([C@@H]([C@H]([C@@H](C(O)O)O)O)O)O,"16-methylheptadecanoic acid;(2S,3R,4S)-pentane-1,1,2,3,4,5-hexol","sorbitan, isooctadecanoate",goodscents,leffingwell_goodscents
208.34,CCCCC(=O)C1=C(CCCC1(C)C)C,"1-(2,6,6-trimethylcyclohexen-1-yl)pentan-1-one",76649-24-6,goodscents,leffingwell_goodscents
192.25,CCCCC1C2=C(C=CCC2)C(=O)O1,"3-butyl-4,5-dihydro-3H-2-benzofuran-1-one",62006-39-7,goodscents,leffingwell_goodscents
1202.0,CC(C)CCCCCCCCCCCCCCC(=O)OCC(COC(=O)CCCCCCCCCCCCCCC(C)C)(COC(=O)CCCCCCCCCCCCCCC(C)C)COC(=O)CCCCCCCCCCCCCCC(C)C,"[3-(16-methylheptadecanoyloxy)-2,2-bis(16-methylheptadecanoyloxymethyl)propyl] 16-methylheptadecanoate",pentaerythritol tetraisostearate,goodscents,leffingwell_goodscents
178.27,CC1C2C3CC(C2C=C1C)C(C3)O,"3,4-dimethyltricyclo[5.2.1.02,6]dec-4-en-8-ol","4,7-methano-1h-inden-5-ol, 3a,4,5,6,7,7a-hexahydrodimethyl-",goodscents,leffingwell_goodscents
260.4,CC1=CC2=C(C(=C1C=O)OC)C(CCC2(C)C)(C)C,"1-methoxy-3,5,5,8,8-pentamethyl-6,7-dihydronaphthalene-2-carbaldehyde","2-naphthalenecarboxaldehyde, 5,6,7,8-tetrahydro-1-methoxy-3,5,5,8,8-pentamethyl-",goodscents,leffingwell_goodscents
222.37,CCC12CCC(C1)C(C2)C3(CCCCC3)O,1-(4-ethyl-2-bicyclo[2.2.1]heptanyl)cyclohexan-1-ol,92046-48-5,goodscents,leffingwell_goodscents
212.28,CC(=O)OC1CC2CCC1(OC2(C)C)C,"(1,3,3-trimethyl-2-oxabicyclo[2.2.2]octan-6-yl) acetate","2-acetoxy-1,8-cineole",goodscents,leffingwell_goodscents
192.25,C1C=CC2C1C3CC2CC3OCC=O,"2-(8-tricyclo[5.2.1.02,6]dec-3-enyloxy)acetaldehyde",72927-85-6,goodscents,leffingwell_goodscents
292.5,CCCC(=O)OC(C)(C)[C@@H]1CC[C@@H](C2=C(C1)[C@H](CC2)C)C,"2-[(3S,5R,8S)-3,8-dimethyl-1,2,3,4,5,6,7,8-octahydroazulen-5-yl]propan-2-yl butanoate",guaiyl butyrate,goodscents,leffingwell_goodscents
248.4,C[C@@H]1CC[C@@H]2C13CC[C@]([C@H](C3)C2(C)C)(C)C(=O)C,"1-[(2R,5S,7R,8S)-2,6,6,8-tetramethyl-8-tricyclo[5.3.1.01,5]undecanyl]ethanone",73398-84-2,goodscents,leffingwell_goodscents
182.26,CC(C)OC(=O)CC1=CCCCC1,propan-2-yl 2-(cyclohexen-1-yl)acetate,93952-58-0,goodscents,leffingwell_goodscents
168.23,CC1CCC2(CC1)CCC(=O)O2,8-methyl-1-oxaspiro[4.5]decan-2-one,8-methyl-1-oxaspiro[4.5]decan-2-one,goodscents,leffingwell_goodscents
224.34,CCC1=C(C(CCC1C)(C)C)C(=O)OCC,"ethyl 2-ethyl-3,6,6-trimethylcyclohexene-1-carboxylate",94333-50-3,goodscents,leffingwell_goodscents
192.3,CC1(CC(C2=CCCCC21)(C)C=O)C,"1,3,3-trimethyl-3a,4,5,6-tetrahydro-2H-indene-1-carbaldehyde",94406-15-2,goodscents,leffingwell_goodscents
220.35,CC1=CCC(CC1)C(C)CC2CCCC2=O,2-[2-(4-methylcyclohex-3-en-1-yl)propyl]cyclopentan-1-one,nectaryl,goodscents,leffingwell_goodscents
178.27,CC1=CC(=CC=C1)CC(C)(C)CO,"2,2-dimethyl-3-(3-methylphenyl)propan-1-ol",103694-68-4,goodscents,leffingwell_goodscents
194.23,CC=CC1=CC(=C(C(=C1)OC)O)OC,"2,6-dimethoxy-4-prop-1-enylphenol","phenol, 2,6-dimethoxy-4-(1-propenyl)-",goodscents,leffingwell_goodscents
134.22,CC1=CC=C(CC1)C(=C)C,"1-methyl-4-prop-1-en-2-ylcyclohexa-1,3-diene","p-mentha-1,3,8-triene",goodscents,leffingwell_goodscents
136.19,C[C@@H](CO)C1=CC=CC=C1,(2R)-2-phenylpropan-1-ol,19141-40-3,goodscents,leffingwell_goodscents
196.29,CCOC(=O)[C@@H]1[C@H](C1(C)C)C=C(C)C,"ethyl (1R,3R)-2,2-dimethyl-3-(2-methylprop-1-enyl)cyclopropane-1-carboxylate",ethyl trans-chrysanthemate,goodscents,leffingwell_goodscents
178.27,CC1C2CC3CC1C(C(C2)C3=C)O,4-methyl-8-methylideneadamantan-2-ol,4-methyl-8-methylideneadamantan-2-ol,goodscents,leffingwell_goodscents
124.18,CCC=CCC(=O)C=C,"octa-1,5-dien-3-one","1,5-octadien-3-one, (5z)-",goodscents,leffingwell_goodscents
170.25,CCCCCC[C@@H]1CCC(=O)O1,(5R)-5-hexyloxolan-2-one,(r)-gamma-decalactone,goodscents,leffingwell_goodscents
210.36,CC1(CCCCC(C1(CC=C)O)(C)C)C,"2,2,7,7-tetramethyl-1-prop-2-enylcycloheptan-1-ol",105463-44-3,goodscents,leffingwell_goodscents
210.18,COC1=CC=C(C=C1)C(=O)OCC(=O)O,2-(4-methoxybenzoyl)oxyacetic acid,10414-68-3,goodscents,leffingwell_goodscents
258.27,CC(=O)C1(CC2(C(O1)(OC(O2)(C)C(=O)C)C)O)C,"1-(2-acetyl-6a-hydroxy-2,3a,5-trimethyl-6H-furo[2,3-d][1,3]dioxol-5-yl)ethanone",diacetyl trimer,goodscents,leffingwell_goodscents
222.37,CC1(CCCC2(C1CCC3C2CCO3)C)C,"6,6,9a-trimethyl-1,2,3a,4,5,5a,7,8,9,9b-decahydrobenzo[e][1]benzofuran",65588-69-4,goodscents,leffingwell_goodscents
161.3,CC1N=C(SC(S1)C)C,"2,4,6-trimethyl-4H-1,3,5-dithiazine","dihydro-2,4,6-trimethyl-1,3,5-(4h)dithiazine",goodscents,leffingwell_goodscents
169.42,C(CC(=O)[O-])[C@@H](C(=O)[O-])N.[Mg+2],magnesium;(2S)-2-aminopentanedioate,magnesium glutamate,goodscents,leffingwell_goodscents
126.2,CCC=CCC(C=C)O,"octa-1,5-dien-3-ol","octa-1,5-dien-3-ol",goodscents,leffingwell_goodscents
136.15,CC(=O)C=CC1=CC=CO1,4-(furan-2-yl)but-3-en-2-one,furfural acetone,goodscents,leffingwell_goodscents
120.2,CC1CSSC1,4-methyldithiolane,"1,2-dithiolane, 4-methyl",goodscents,leffingwell_goodscents
678.6,CC(=O)OCC1C(C(C(C(O1)OC2(C(C(C(O2)COC(=O)C)OC(=O)C)OC(=O)C)COC(=O)C)OC(=O)C)OC(=O)C)OC(=O)C,"[3,4,5-triacetyloxy-6-[3,4-diacetyloxy-2,5-bis(acetyloxymethyl)oxolan-2-yl]oxyoxan-2-yl]methyl acetate",octaacetyl sucrose,goodscents,leffingwell_goodscents
168.28,C[C@]12CC[C@@H](C1(C)C)C[C@@H]2OC,"(1S,2S,4R)-2-methoxy-1,7,7-trimethylbicyclo[2.2.1]heptane",isobornyl methyl ether,goodscents,leffingwell_goodscents
360.6,CCCCCCCCCCCCCCCCCC(=O)O.CC(CO)O,"octadecanoic acid;propane-1,2-diol","octadecanoic acid;propane-1,2-diol",goodscents,leffingwell_goodscents
202.25,CCOC(=O)CCC1(OCC(O1)C)C,"ethyl 3-(2,4-dimethyl-1,3-dioxolan-2-yl)propanoate",5413-49-0,goodscents,leffingwell_goodscents
200.32,CCC1(OCC(C(O1)C(C)C)(C)C)C,"2-ethyl-2,5,5-trimethyl-4-propan-2-yl-1,3-dioxane",6290-33-1,goodscents,leffingwell_goodscents
122.12,C([C@H]([C@H](CO)O)O)O,"(2S,3R)-butane-1,2,3,4-tetrol",erythritol,goodscents,leffingwell_goodscents
134.09,C([C@@H](C(=O)O)O)C(=O)O,(2S)-2-hydroxybutanedioic acid,97-67-6,goodscents,leffingwell_goodscents
222.37,C[C@H]1CC[C@H](CC2=C1CC[C@@H]2C)C(C)(C)O,"2-[(3S,5R,8S)-3,8-dimethyl-1,2,3,4,5,6,7,8-octahydroazulen-5-yl]propan-2-ol",guaiol,goodscents,leffingwell_goodscents
212.33,CCCCCCC(=O)OC1CCCCC1,cyclohexyl heptanoate,cyclohexyl heptanoate,goodscents,leffingwell_goodscents
162.18,COC1=CC=C(C=C1)C=CC=O,3-(4-methoxyphenyl)prop-2-enal,3-(4-methoxyphenyl)prop-2-enal,goodscents,leffingwell_goodscents
200.32,CCCCCCCC1(OCC(O1)C)C,"2-heptyl-2,4-dimethyl-1,3-dioxolane",2-nonanone propyleneglycol acetal,goodscents,leffingwell_goodscents
218.25,CCOC(=O)C(=CC1=CC=CC=C1)C(=O)C,ethyl 2-benzylidene-3-oxobutanoate,ethyl 2-benzylideneacetoacetate,goodscents,leffingwell_goodscents
228.28,CCOC(=O)C1CCC(CC1)C(=O)OCC,"diethyl cyclohexane-1,4-dicarboxylate",19145-96-1,goodscents,leffingwell_goodscents
192.21,CCOC(=O)[C@@H]1[C@H](O1)C2=CC=CC=C2,"ethyl (2S,3R)-3-phenyloxirane-2-carboxylate",2272-55-1,goodscents,leffingwell_goodscents
152.23,C[C@@H]1[C@H]2C[C@]2(CC1=O)C(C)C,"(1S,4R,5R)-4-methyl-1-propan-2-ylbicyclo[3.1.0]hexan-3-one",alpha-thujone,goodscents,leffingwell_goodscents
188.22,CCOC(=O)C(C)C(C)OC(=O)C,ethyl 3-acetyloxy-2-methylbutanoate,ethyl 3-acetoxy-2-methylbutanoate,goodscents,leffingwell_goodscents
238.32,CC(=CCCC(=CCOC(=O)CC(=O)C)C)C,"3,7-dimethylocta-2,6-dienyl 3-oxobutanoate",61759-64-6,goodscents,leffingwell_goodscents
112.13,CCC1=CCC(=O)O1,5-ethyl-3H-furan-2-one,"2(3h)-furanone, 5-ethyl-",goodscents,leffingwell_goodscents
162.23,CC(=O)C(C)(C)C1=CC=CC=C1,3-methyl-3-phenylbutan-2-one,3-methyl-3-phenylbutan-2-one,goodscents,leffingwell_goodscents
134.3,CC1CCSCS1,"4-methyl-1,3-dithiane","4-methyl-1,3-dithiane",goodscents,leffingwell_goodscents
162.3,CC1CC(SC(S1)C)C,"2,4,6-trimethyl-1,3-dithiane",53538-27-5,goodscents,leffingwell_goodscents
238.28,C1=CC=C(C=C1)C=CCOC(=O)C2=CC=CC=C2,3-phenylprop-2-enyl benzoate,3-phenylprop-2-en-1-yl benzoate,goodscents,leffingwell_goodscents
220.37,CCCCCCCCCCOS(=O)C,decyl methanesulfinate,decyl methanesulfinate,goodscents,leffingwell_goodscents
232.32,CC1CCCC2(C1=CC3C(C2)OC(=O)C3=C)C,"5,8a-dimethyl-3-methylidene-5,6,7,8,9,9a-hexahydro-3aH-benzo[f][1]benzofuran-2-one",bohlmann k2631,goodscents,leffingwell_goodscents
166.17,C1=CC=C(C=C1)OCCOC=O,2-phenoxyethyl formate,nsc404475,goodscents,leffingwell_goodscents
180.2,CCC(=O)OC1=CC=CC=C1OC,(2-methoxyphenyl) propanoate,guaiacol propionate,goodscents,leffingwell_goodscents
132.16,CCOC(=O)CCCO,ethyl 4-hydroxybutanoate,ethyl 4-hydroxybutanoate,goodscents,leffingwell_goodscents
154.3,CSCSCSC,methylsulfanyl(methylsulfanylmethylsulfanyl)methane,"2,4,6-trithiaheptane",goodscents,leffingwell_goodscents
226.23,C1=C(NC=N1)C[C@@H](C(=O)O)NC(=O)CCN,(2S)-2-(3-aminopropanoylamino)-3-(1H-imidazol-5-yl)propanoic acid,l-carnosine,goodscents,leffingwell_goodscents
88.11,C[C@H](C(=O)C)O,(3R)-3-hydroxybutan-2-one,(r)-acetoin,goodscents,leffingwell_goodscents
130.14,CC1(COC(=O)[C@@H]1O)C,"(3R)-3-hydroxy-4,4-dimethyloxolan-2-one",d-(-)-pantolactone,goodscents,leffingwell_goodscents
150.22,CC1=CC[C@H](CC1=O)C(=C)C,(5R)-2-methyl-5-prop-1-en-2-ylcyclohex-2-en-1-one,(-)-carvone,goodscents,leffingwell_goodscents
150.09,[C@H]([C@@H](C(=O)O)O)(C(=O)O)O,"(2S,3S)-2,3-dihydroxybutanedioic acid",d-tartaric acid,goodscents,leffingwell_goodscents
224.3,CC1=CC(=O)CC(C1(C=CC(C)O)O)(C)C,"4-hydroxy-4-(3-hydroxybut-1-enyl)-3,5,5-trimethylcyclohex-2-en-1-one",corchoionol c,goodscents,leffingwell_goodscents
136.23,CC1([C@H]2CC[C@H](C2)C1=C)C,"(1S,4R)-2,2-dimethyl-3-methylidenebicyclo[2.2.1]heptane",(-)-camphene,goodscents,leffingwell_goodscents
136.23,CC1([C@H]2CCC(=C)[C@@H]1C2)C,"(1S,5S)-6,6-dimethyl-2-methylidenebicyclo[3.1.1]heptane",(-)-beta-pinene,goodscents,leffingwell_goodscents
136.23,CC1=CC[C@H]2C[C@@H]1C2(C)C,"(1S,5S)-2,6,6-trimethylbicyclo[3.1.1]hept-2-ene",(-)-alpha-pinene,goodscents,leffingwell_goodscents
168.23,C[C@H](C=O)[C@@H]1CC[C@@](O1)(C)C=C,"(2S)-2-[(2S,5S)-5-ethenyl-5-methyloxolan-2-yl]propanal",unii-pg9rxh5sua,goodscents,leffingwell_goodscents
222.37,C[C@H]1CCC[C@]2([C@@]13C[C@@]3(CC2)C(C)(C)O)C,"2-[(1aR,3aR,7S,7aR)-3a,7-dimethyl-2,3,4,5,6,7-hexahydro-1H-cyclopropa[i]inden-1a-yl]propan-2-ol",cycloeudesmol,goodscents,leffingwell_goodscents
204.35,CC(=CCCC(=CCC=C(C)C=C)C)C,"3,7,11-trimethyldodeca-1,3,6,10-tetraene",25037-13-0,goodscents,leffingwell_goodscents
196.29,CC(=CCC[C@](C)(C=C)OC(=O)C)C,"[(3R)-3,7-dimethylocta-1,6-dien-3-yl] acetate",(r)-linalyl acetate,goodscents,leffingwell_goodscents
196.29,CC(=O)O[C@H]1CC2CCC1(C2(C)C)C,"[(2S)-1,7,7-trimethyl-2-bicyclo[2.2.1]heptanyl] acetate","(1r,2s,4r)-(+)-bornyl acetate",goodscents,leffingwell_goodscents
122.16,C[C@@H](C1=CC=CC=C1)O,(1S)-1-phenylethanol,(s)-1-phenylethanol,goodscents,leffingwell_goodscents
154.25,C[C@@H](CCC=C(C)C)CC=O,"(3S)-3,7-dimethyloct-6-enal",(-)-citronellal,goodscents,leffingwell_goodscents
154.25,CC(=CCC[C@](C)(C=C)O)C,"(3R)-3,7-dimethylocta-1,6-dien-3-ol",(-)-linalool,goodscents,leffingwell_goodscents
136.23,CC1=CC[C@H](C=C1)C(C)C,"(5S)-2-methyl-5-propan-2-ylcyclohexa-1,3-diene",(+)-alpha-phellandrene,goodscents,leffingwell_goodscents
154.25,CC1=CC[C@H](CC1)C(C)(C)O,2-[(1S)-4-methylcyclohex-3-en-1-yl]propan-2-ol,(-)-alpha-terpineol,goodscents,leffingwell_goodscents
152.23,C[C@H]1CC[C@H](CC1=O)C(=C)C,"(2S,5R)-2-methyl-5-prop-1-en-2-ylcyclohexan-1-one",(+)-isodihydrocarvone,goodscents,leffingwell_goodscents
152.23,CC1=CC[C@@H](C[C@H]1O)C(=C)C,"(1R,5S)-2-methyl-5-prop-1-en-2-ylcyclohex-2-en-1-ol",(+)-trans-carveol,goodscents,leffingwell_goodscents
150.09,[C@@H]([C@H](C(=O)O)O)(C(=O)O)O,"(2R,3R)-2,3-dihydroxybutanedioic acid",(+)-l-tartaric acid,goodscents,leffingwell_goodscents
74.12,CC[C@H](C)O,(2S)-butan-2-ol,(s)-(+)-2-butanol,goodscents,leffingwell_goodscents
282.5,CCCCCCCC/C=C\CCCCCCCC(=O)O,(Z)-octadec-9-enoic acid,oleic acid,goodscents,leffingwell_goodscents
141.24,CC[C@H](C)C1=NC=CS1,"2-[(2S)-butan-2-yl]-1,3-thiazole",zinc3581248,goodscents,leffingwell_goodscents
536.9,CC(=CCC/C(=C/C=C/C(=C/C=C/C(=C/C=C/C=C(/C=C/C=C(/C=C/C=C(/CCC=C(C)C)\C)\C)\C)/C)/C)/C)C,"(6E,8E,10E,12E,14E,16E,18E,20E,22E,24E,26E)-2,6,10,14,19,23,27,31-octamethyldotriaconta-2,6,8,10,12,14,16,18,20,22,24,26,30-tridecaene",lycopene,goodscents,leffingwell_goodscents
136.19,C[C@H](CO)C1=CC=CC=C1,(2S)-2-phenylpropan-1-ol,37778-99-7,goodscents,leffingwell_goodscents
88.11,C[C@@H](C(=O)C)O,(3S)-3-hydroxybutan-2-one,(s)-acetoin,goodscents,leffingwell_goodscents
102.13,CC[C@H](C)C(=O)O,(2S)-2-methylbutanoic acid,(s)-2-methylbutanoic acid,goodscents,leffingwell_goodscents
152.23,CC(=C)[C@@H]1CC[C@]2([C@@H](C1)O2)C,"(1S,4R,6R)-1-methyl-4-prop-1-en-2-yl-7-oxabicyclo[4.1.0]heptane",(+)-trans-limonene oxide,goodscents,leffingwell_goodscents
196.29,CC1CCC(C(C1)OC(=O)C)C(=C)C,(5-methyl-2-prop-1-en-2-ylcyclohexyl) acetate,isopulegol acetate,goodscents,leffingwell_goodscents
100.115,C(=O)(O)[O-].[K+],potassium;hydrogen carbonate,potassium bicarbonate,goodscents,leffingwell_goodscents
136.086,OP(=O)(O)[O-].[K+],potassium;dihydrogen phosphate,potassium dihydrogen phosphate,goodscents,leffingwell_goodscents
98.14,CC(=O)[O-].[K+],potassium;acetate,potassium acetate,goodscents,leffingwell_goodscents
82.03,CC(=O)[O-].[Na+],sodium;acetate,sodium acetate,goodscents,leffingwell_goodscents
144.1,C1=CC=C(C=C1)C(=O)[O-].[Na+],sodium;benzoate,sodium benzoate,goodscents,leffingwell_goodscents
151.99,O=[Cr]O[Cr]=O,oxo(oxochromiooxy)chromium,chromium(iii) oxide,goodscents,leffingwell_goodscents
241.2,C1=CC=C2C(=C1)C(=O)[N-]S2(=O)=O.O.O.[Na+],"sodium;1,1-dioxo-1,2-benzothiazol-2-id-3-one;dihydrate",sodium saccharin dihydrate,goodscents,leffingwell_goodscents
284.31,CC(COC(=O)C1=CC=CC=C1)OC(=O)C2=CC=CC=C2,2-benzoyloxypropyl benzoate,19224-26-1,goodscents,leffingwell_goodscents
126.2,CCC(C)C(=O)C=CC,5-methylhept-2-en-4-one,"2-hepten-4-one, 5-methyl-",goodscents,leffingwell_goodscents
190.28,CC(C)C1=CC=C(C=C1)CC(C)C=O,2-methyl-3-(4-propan-2-ylphenyl)propanal,103-95-7,goodscents,leffingwell_goodscents
282.5,CCCCCCCCCCCCCC1CCCC(=O)O1,6-tridecyloxan-2-one,6-tridecyloxan-2-one,goodscents,leffingwell_goodscents
146.21,CCOC(=O)C=CSC,ethyl 3-methylsulfanylprop-2-enoate,"2-propenoic acid, 3-(methylthio)-, ethyl ester, (e)-",goodscents,leffingwell_goodscents
155.26,CCC1=C(N=C(S1)CC)C,"2,5-diethyl-4-methyl-1,3-thiazole","2,5-diethyl-4-methylthiazole",goodscents,leffingwell_goodscents
100.12,C/C=C(\C(=O)C)/O,(E)-3-hydroxypent-3-en-2-one,(E)-3-hydroxypent-3-en-2-one,goodscents,leffingwell_goodscents
324.6,CCCCCCCCCCCCCCCCCCCCC(C)C,2-methyldocosane,2-methyldocosane,goodscents,leffingwell_goodscents
136.19,CC1=NC=CN=C1C(C)C,2-methyl-3-propan-2-ylpyrazine,2-isopropyl-3-methylpyrazine,goodscents,leffingwell_goodscents
178.27,CC1=CN=C(C(=N1)CCC(C)C)C,"2,5-dimethyl-3-(3-methylbutyl)pyrazine",18433-98-2,goodscents,leffingwell_goodscents
204.35,CC(CCC=C(C)C)C1CCC(=C)C=C1,3-(6-methylhept-5-en-2-yl)-6-methylidenecyclohexene,sesquiphellandrene,goodscents,leffingwell_goodscents
146.18,CCCC(CC(=O)OC)O,methyl 3-hydroxyhexanoate,methyl 3-hydroxyhexanoate,goodscents,leffingwell_goodscents
222.37,CC1CCC(C2C1(CCC(=C2)C)O)C(C)C,"4,7-dimethyl-1-propan-2-yl-2,3,4,5,6,8a-hexahydro-1H-naphthalen-4a-ol",cubenol,goodscents,leffingwell_goodscents
194.31,CC1=C(C(CCC1)(C)C)C=CC(C)O,"4-(2,6,6-trimethylcyclohexen-1-yl)but-3-en-2-ol",dtxsid30865028,goodscents,leffingwell_goodscents
146.18,CCOC(=O)C(C(C)C)O,ethyl 2-hydroxy-3-methylbutanoate,ethyl 2-hydroxy-3-methylbutanoate,goodscents,leffingwell_goodscents
112.17,CCCCC(=O)C=C,hept-1-en-3-one,1-hepten-3-one,goodscents,leffingwell_goodscents
152.23,CC1=CCC(CC1)C(C)C=O,2-(4-methylcyclohex-3-en-1-yl)propanal,p-menth-1-en-9-al,goodscents,leffingwell_goodscents
164.25,CCC(C)C1=CN=C(C(=N1)C)C,"5-butan-2-yl-2,3-dimethylpyrazine","5-(sec-butyl)-2,3-dimethylpyrazine",goodscents,leffingwell_goodscents
152.19,CCC1=NC=CN=C1OCC,2-ethoxy-3-ethylpyrazine,2-ethoxy-3-ethylpyrazine,goodscents,leffingwell_goodscents
180.4,CCC1SC(SS1)CC,"3,5-diethyl-1,2,4-trithiolane","3,5-diethyl-1,2,4-trithiolane",goodscents,leffingwell_goodscents
146.18,CCC(C)C(C(=O)OC)O,methyl 2-hydroxy-3-methylpentanoate,methyl 2-hydroxy-3-methylpentanoate,goodscents,leffingwell_goodscents
222.37,CC1(CC2C(C1)C3(CCCC2(C3O)C)C)C,"1,4,4,7-tetramethyltricyclo[5.3.1.02,6]undecan-11-ol",alpha-caryophyllene alcohol,goodscents,leffingwell_goodscents
130.14,CC(C(=O)C)OC(=O)C,3-oxobutan-2-yl acetate,3-oxobutan-2-yl acetate,goodscents,leffingwell_goodscents
152.23,CC1=CCC(CC1=O)C(C)C,2-methyl-5-propan-2-ylcyclohex-2-en-1-one,43205-82-9,goodscents,leffingwell_goodscents
204.35,CC(=C1CCC2(CCCC(=C)C2C1)C)C,"8a-methyl-4-methylidene-6-propan-2-ylidene-2,3,4a,5,7,8-hexahydro-1H-naphthalene",gamma-selinene,goodscents,leffingwell_goodscents
102.13,CCC(=O)C(C)O,2-hydroxypentan-3-one,2-hydroxy-3-pentanone,goodscents,leffingwell_goodscents
104.17,CCC(=O)SC,S-methyl propanethioate,s-methyl propanethioate,goodscents,leffingwell_goodscents
128.19,CC1=CC=C(O1)CS,(5-methylfuran-2-yl)methanethiol,(5-methylfuran-2-yl)methanethiol,goodscents,leffingwell_goodscents
222.37,CC1CCC2(C(C3CCC2(C1C3)C)(C)C)O,"2,2,6,8-tetramethyltricyclo[5.3.1.03,8]undecan-3-ol",patchoulialcohol,goodscents,leffingwell_goodscents
154.25,CC1(CCCC(O1)(C)C=C)C,"2-ethenyl-2,6,6-trimethyloxane",7392-19-0,goodscents,leffingwell_goodscents
252.31,C1=CC=C(C=C1)CC(=O)OCC=CC2=CC=CC=C2,3-phenylprop-2-enyl 2-phenylacetate,dtxsid70864075,goodscents,leffingwell_goodscents
224.34,CC1=CCC(CC1)C(C)(C)OC(=O)C(C)C,2-(4-methylcyclohex-3-en-1-yl)propan-2-yl 2-methylpropanoate,terpinyl isobutyrate,goodscents,leffingwell_goodscents
284.5,CCCCCCCCCOC(=O)CCCCCCCC,nonyl nonanoate,nonyl nonanoate,goodscents,leffingwell_goodscents
152.23,CC1(C2CCC(O1)(C=C2)C)C,"1,3,3-trimethyl-2-oxabicyclo[2.2.2]oct-5-ene","2,3-dehydro-1,8-cineole",goodscents,leffingwell_goodscents
194.27,CC(=C)C1CCC(=C)C(C1)OC(=O)C,(2-methylidene-5-prop-1-en-2-ylcyclohexyl) acetate,menthadienyl acetate,goodscents,leffingwell_goodscents
148.3,CC1CCSC(S1)C,"2,4-dimethyl-1,3-dithiane","2,4-dimethyl-1,3-dithiane",goodscents,leffingwell_goodscents
120.2,CC1CCSS1,3-methyldithiolane,"3-methyl-1,2-dithiolane",goodscents,leffingwell_goodscents
188.22,CC(CCCC(=O)OC)OC(=O)C,methyl 5-acetyloxyhexanoate,methyl 5-acetoxyhexanoate,goodscents,leffingwell_goodscents
116.18,CC1=C(CCO1)S,"5-methyl-2,3-dihydrofuran-4-thiol",26486-13-5,goodscents,leffingwell_goodscents
149.19,CC(=O)C1=CC=C2N1CCC2,"1-(6,7-dihydro-5H-pyrrolizin-3-yl)ethanone","5-acetyl-2,3-dihydro-1h-pyrrolizine",goodscents,leffingwell_goodscents
128.19,CC1=C(C=CO1)SC,2-methyl-3-methylsulfanylfuran,2-methyl-3-(methylthio)furan,goodscents,leffingwell_goodscents
154.25,CC(C)C1CCC(C=C1)(C)O,1-methyl-4-propan-2-ylcyclohex-2-en-1-ol,2-p-menthen-1-ol,goodscents,leffingwell_goodscents
101.17,CC1=NCSC1,"4-methyl-2,5-dihydro-1,3-thiazole",4-methyl-3-thiazoline,goodscents,leffingwell_goodscents
150.22,CC(C)C1=CC=C(CC1)C=O,"4-propan-2-ylcyclohexa-1,3-diene-1-carbaldehyde","1,3-p-menthadien-7-al",goodscents,leffingwell_goodscents
143.21,CC(=O)C1=CSCCN1,"1-(3,4-dihydro-2H-1,4-thiazin-5-yl)ethanone","1-(3,4-dihydro-2h-1,4-thiazin-5-yl)ethanone",goodscents,leffingwell_goodscents
140.2,CC1=C2C(=CO1)CCS2,"6-methyl-2,3-dihydrothieno[2,3-c]furan",kahweofuran,goodscents,leffingwell_goodscents
228.37,CCCCCC1CCOC(O1)CCCCC,"2,4-dipentyl-1,3-dioxane","2,4-dipentyl-1,3-dioxane",goodscents,leffingwell_goodscents
152.23,CC(=C)C1CCC(CC1)C=O,4-prop-1-en-2-ylcyclohexane-1-carbaldehyde,"1,2-dihydroperillaldehyde",goodscents,leffingwell_goodscents
196.29,CC1=CCC(CC1)C(C)COC(=O)C,2-(4-methylcyclohex-3-en-1-yl)propyl acetate,p-menth-1-en-9-yl acetate,goodscents,leffingwell_goodscents
154.21,CCCCC1C(O1)C=CC=O,3-(3-butyloxiran-2-yl)prop-2-enal,3-(3-butyloxiran-2-yl)prop-2-enal,goodscents,leffingwell_goodscents
134.22,CC1=CCC(C=C1)C(=C)C,"2-methyl-5-prop-1-en-2-ylcyclohexa-1,3-diene","1,5,8-p-menthatriene",goodscents,leffingwell_goodscents
132.23,CCC(C(C)C=O)S,2-methyl-3-sulfanylpentanal,3-mercapto-2-methylpentanal,goodscents,leffingwell_goodscents
118.2,CC(C)(CC=O)S,3-methyl-3-sulfanylbutanal,3-mercapto-3-methylbutanal,goodscents,leffingwell_goodscents
160.28,CCCCCC(CC=O)S,3-sulfanyloctanal,3-mercaptooctanal,goodscents,leffingwell_goodscents
132.23,CCCC(CC=O)S,3-sulfanylhexanal,3-mercaptohexanal,goodscents,leffingwell_goodscents
136.15,CC1=CN=CC(=N1)C(=O)C,1-(6-methylpyrazin-2-yl)ethanone,1-(6-methylpyrazin-2-yl)ethanone,goodscents,leffingwell_goodscents
164.25,CC1=NC=C(N=C1C)CC(C)C,"2,3-dimethyl-5-(2-methylpropyl)pyrazine","5-isobutyl-2,3-dimethylpyrazine",goodscents,leffingwell_goodscents
164.25,CCCCC1=NC=C(N=C1C)C,"2-butyl-3,5-dimethylpyrazine","2-butyl-3,5-dimethylpyrazine",goodscents,leffingwell_goodscents
180.25,CC1=NC(=CN=C1OC)CC(C)C,2-methoxy-3-methyl-5-(2-methylpropyl)pyrazine,5-isobutyl-3-methyl-2-methoxypyrazine,goodscents,leffingwell_goodscents
140.18,CC1=C(C(=O)C(C1)(C)C)O,"2-hydroxy-3,5,5-trimethylcyclopent-2-en-1-one","2-hydroxy-3,5,5-trimethyl-2-cyclopenten-1-one",goodscents,leffingwell_goodscents
140.18,CCC1CC(=O)C(=C1C)O,4-ethyl-2-hydroxy-3-methylcyclopent-2-en-1-one,"2-cyclopenten-1-one, 4-ethyl-2-hydroxy-3-methyl",goodscents,leffingwell_goodscents
140.18,CC1C(C(=O)C(=C1C)O)C,"2-hydroxy-3,4,5-trimethylcyclopent-2-en-1-one",109682-87-3,goodscents,leffingwell_goodscents
200.32,CC1=CCC(C2=C1C=CC(=C2)C)C(C)C,"4,7-dimethyl-1-propan-2-yl-1,2-dihydronaphthalene","3,4-dihydrocadalene",goodscents,leffingwell_goodscents
174.31,CCCCCC(=O)CCSC,1-methylsulfanyloctan-3-one,"3-octanone, 1-methylthio",goodscents,leffingwell_goodscents
191.4,CC1NC(SC(S1)C)C(C)C,"2,4-dimethyl-6-propan-2-yl-1,3,5-dithiazinane",104691-41-0,goodscents,leffingwell_goodscents
189.3,CC1N2CCCC2SC(S1)C,"2,4-dimethyl-6,7,8,8a-tetrahydro-4H-pyrrolo[2,1-d][1,3,5]dithiazine","pyrrolidino[1,2-e]-4h-1,3,5-dithiazine, 2,4-dimethyl",goodscents,leffingwell_goodscents
125.17,CCC(=O)C1=NCCC1,"1-(3,4-dihydro-2H-pyrrol-5-yl)propan-1-one",133447-37-7,goodscents,leffingwell_goodscents
158.19,CCCC(=O)OC(C)C(=O)C,3-oxobutan-2-yl butanoate,1-methyl-2-oxopropyl butyrate,goodscents,leffingwell_goodscents
163.22,CC(C)C1=CC(=NC=C1)C(=O)C,1-(4-propan-2-ylpyridin-2-yl)ethanone,142896-09-1,goodscents,leffingwell_goodscents
147.22,CCC1=NC=CC(=C1)C(=C)C,2-ethyl-4-prop-1-en-2-ylpyridine,2-ethyl-4-prop-1-en-2-ylpyridine,goodscents,leffingwell_goodscents
212.4,CCC1SC(SSS1)CC,"4,6-diethyl-1,2,3,5-tetrathiane","4,6-diethyl-1,2,3,5-tetrathiane",goodscents,leffingwell_goodscents
138.3,CC1SCSS1,"3-methyl-1,2,4-trithiolane","3-methyl-1,2,4-trithiolane",goodscents,leffingwell_goodscents
182.3,CCCSS(=O)(=O)CCC,1-propylsulfonylsulfanylpropane,1113-13-9,goodscents,leffingwell_goodscents
170.25,CCCCCC(=O)C(C)C(=O)C,"3-methylnonane-2,4-dione","3-methylnonane-2,4-dione",goodscents,leffingwell_goodscents
172.26,CCCC(C)OC(=O)CC(C)C,pentan-2-yl 3-methylbutanoate,pentan-2-yl 3-methylbutanoate,goodscents,leffingwell_goodscents
134.3,CC1CSC(S1)C,"2,4-dimethyl-1,3-dithiolane","2,4-dimethyl-1,3-dithiolane",goodscents,leffingwell_goodscents
148.3,CCCSSC=CC,1-(prop-1-enyldisulfanyl)propane,propenyl propyl disulfide,goodscents,leffingwell_goodscents
194.23,CC(C)C(=O)OC1=CC=C(C=C1)OC,(4-methoxyphenyl) 2-methylpropanoate,4-methoxyphenyl 2-methylpropanoate,goodscents,leffingwell_goodscents
222.37,CC1(CCCC2(C13CCC(C3)C2(C)C)O)C,"2,2,8,8-tetramethyl-octahydro-1H-2,4a-methanonapthalen-9-ol",88644-30-8,goodscents,leffingwell_goodscents
140.22,COCC=CCCCC=C,"8-methoxyocta-1,6-diene","methoxy-2,7-octadiene",goodscents,leffingwell_goodscents
122.19,CCCS(=O)OC,methyl propane-1-sulfinate,41892-32-4,goodscents,leffingwell_goodscents
200.32,CC(C)C(CCC(C)O)CCC(=O)C,8-hydroxy-5-propan-2-ylnonan-2-one,5-(1-methylethyl)-8-hydroxynonan-2-one,goodscents,leffingwell_goodscents
118.2,CC(C)C(=O)SC,S-methyl 2-methylpropanethioate,s-methyl 2-methylpropanethioate,goodscents,leffingwell_goodscents
222.24,CC(C)C(=O)OC1=C(C=C(C=C1)C=O)OC,(4-formyl-2-methoxyphenyl) 2-methylpropanoate,vanillin isobutyrate,goodscents,leffingwell_goodscents
114.14,COC(=O)CCC=C,methyl pent-4-enoate,methyl pent-4-enoate,goodscents,leffingwell_goodscents
128.17,CC1CCC(=O)OC1C,"5,6-dimethyloxan-2-one","5,6-dimethyloxan-2-one",goodscents,leffingwell_goodscents
200.36,CCCCCCCOCCCCCC,1-hexoxyheptane,7289-40-9,goodscents,leffingwell_goodscents
184.27,CCCCCC(C=C)OC(=O)CC,oct-1-en-3-yl propanoate,1-octen-3-yl propionate,goodscents,leffingwell_goodscents
205.4,CCC1NC(SC(S1)CC)CC,"2,4,6-triethyl-1,3,5-dithiazinane","2,4,6-triethyl-1,3,5-dithiazinane",goodscents,leffingwell_goodscents
148.23,CC(CC(=O)OC)SC,methyl 3-methylsulfanylbutanoate,methyl 3-(methylthio)butanoate,goodscents,leffingwell_goodscents
222.37,CC(=C)C1CC(CCC1(C)C=C)C(C)(C)O,2-(4-ethenyl-4-methyl-3-prop-1-en-2-ylcyclohexyl)propan-2-ol,2-(4-ethenyl-4-methyl-3-prop-1-en-2-ylcyclohexyl)propan-2-ol,goodscents,leffingwell_goodscents
146.25,CC1CCOC(S1)(C)C,"2,2,4-trimethyl-1,3-oxathiane","2,2,4-trimethyl-1,3-oxathiane",goodscents,leffingwell_goodscents
114.14,CC(CC=C)C(=O)O,2-methylpent-4-enoic acid,2-methyl-4-pentenoic acid,goodscents,leffingwell_goodscents
166.26,CC(=CCCC(=CC(=O)C)C)C,"4,8-dimethylnona-3,7-dien-2-one","4,8-dimethylnona-3,7-dien-2-one",goodscents,leffingwell_goodscents
198.3,CCOC(=O)CC(C)CCC=C(C)C,"ethyl 3,7-dimethyloct-6-enoate","ethyl 3,7-dimethyloct-6-enoate",goodscents,leffingwell_goodscents
214.34,CCCCC(CC)C(=O)OCC(C)CC,2-methylbutyl 2-ethylhexanoate,2-methylbutyl 2-ethylhexanoate,goodscents,leffingwell_goodscents
154.21,CC1=C(C(=O)CC(C1)(C)C)O,"2-hydroxy-3,5,5-trimethylcyclohex-2-en-1-one",4883-60-7,goodscents,leffingwell_goodscents
222.24,CCOC(=O)CC(=O)OCC1=CC=CC=C1,3-O-benzyl 1-O-ethyl propanedioate,benzyl ethyl malonate,goodscents,leffingwell_goodscents
141.24,CCCCC1=CSC=N1,"4-butyl-1,3-thiazole",4-butylthiazole,goodscents,leffingwell_goodscents
234.29,CCC1(C(O1)(C)C2=CC=CC=C2)C(=O)OCC,ethyl 2-ethyl-3-methyl-3-phenyloxirane-2-carboxylate,56630-76-3,goodscents,leffingwell_goodscents
192.25,CC(C)C(=O)OC(C)C1=CC=CC=C1,1-phenylethyl 2-methylpropanoate,1-phenylethyl isobutyrate,goodscents,leffingwell_goodscents
258.35,CC(C)(C1CCC(=C)CC1)OC(=O)C2=CC=CC=C2,2-(4-methylidenecyclohexyl)propan-2-yl benzoate,trans-.beta.-terpinyl benzoate,goodscents,leffingwell_goodscents
153.22,CC1=C(OC(=N1)CC(C)C)C,"4,5-dimethyl-2-(2-methylpropyl)-1,3-oxazole","2-isobutyl-4,5-dimethyloxazole",goodscents,leffingwell_goodscents
155.26,CC1=CN=C(S1)CC(C)C,"5-methyl-2-(2-methylpropyl)-1,3-thiazole",2-isobutyl-5-methylthiazole,goodscents,leffingwell_goodscents
115.16,COC1=NC=CS1,"2-methoxy-1,3-thiazole",2-methoxythiazole,goodscents,leffingwell_goodscents
146.19,CC1=CC=C(C=C1)C=CC=O,3-(4-methylphenyl)prop-2-enal,3-(4-methylphenyl)prop-2-enal,goodscents,leffingwell_goodscents
152.23,CC1COC2C1CCC(=C2)C,"3,6-dimethyl-2,3,3a,4,5,7a-hexahydro-1-benzofuran",anethofuran,goodscents,leffingwell_goodscents
138.17,CC1=CN=C(C(=N1)OC)C,"3-methoxy-2,5-dimethylpyrazine","3-methoxy-2,5-dimethylpyrazine",goodscents,leffingwell_goodscents
164.2,COC1=C(C=C(C=C1)CC=C)O,2-methoxy-5-prop-2-enylphenol,chavibetol,goodscents,leffingwell_goodscents
180.2,CC1=CC=C(C=C1)OCC(=O)OC,methyl 2-(4-methylphenoxy)acetate,methyl (p-tolyloxy)acetate,goodscents,leffingwell_goodscents
122.16,C[C@H](C1=CC=CC=C1)O,(1R)-1-phenylethanol,(r)-1-phenylethanol,goodscents,leffingwell_goodscents
164.16,C1=CC(=CC=C1/C=C/C(=O)O)O,(E)-3-(4-hydroxyphenyl)prop-2-enoic acid,4-hydroxycinnamic acid,goodscents,leffingwell_goodscents
88.15,CC[C@@H](C)CO,(2R)-2-methylbutan-1-ol,(r)-2-methylbutanol,goodscents,leffingwell_goodscents
134.17,C[C@@H](C=O)C1=CC=CC=C1,(2R)-2-phenylpropanal,(r)-2-phenylpropanal,goodscents,leffingwell_goodscents
208.25,C1=CC=C(C=C1)/C=C/C(=O)C2=CC=CC=C2,"(E)-1,3-diphenylprop-2-en-1-one",chalcone,goodscents,leffingwell_goodscents
88.17,C/C=C/SC,(E)-1-methylsulfanylprop-1-ene,"1-propene, 1-(methylthio)-, (e)-",goodscents,leffingwell_goodscents
152.23,C[C@H]1CCC(=C(C)C)C(=O)C1,(5S)-5-methyl-2-propan-2-ylidenecyclohexan-1-one,(-)-pulegone,goodscents,leffingwell_goodscents
410.7,CC(=CCC/C(=C/CC/C(=C/CC/C=C(/CC/C=C(/CCC=C(C)C)\C)\C)/C)/C)C,"(6E,10E,14E,18E)-2,6,10,15,19,23-hexamethyltetracosa-2,6,10,14,18,22-hexaene",squalene,goodscents,leffingwell_goodscents
102.17,CCCC[C@H](C)O,(2S)-hexan-2-ol,(s)-(+)-2-hexanol,goodscents,leffingwell_goodscents
136.19,CC[C@H](C1=CC=CC=C1)O,(1R)-1-phenylpropan-1-ol,(r)-(+)-1-phenyl-1-propanol,goodscents,leffingwell_goodscents
130.18,CCC[C@H](C)C(=O)OC,methyl (2S)-2-methylpentanoate,methyl (2s)-2-methylpentanoate,goodscents,leffingwell_goodscents
106.19,C[C@H]([C@H](C)S)O,"(2R,3S)-3-sulfanylbutan-2-ol",37887-04-0,goodscents,leffingwell_goodscents
116.16,CCC[C@H](C)C(=O)O,(2S)-2-methylpentanoic acid,(s)-2-methylvaleric acid,goodscents,leffingwell_goodscents
136.19,CC1=C(C(=O)CC1)CC=C,3-methyl-2-prop-2-enylcyclopent-2-en-1-one,2-allyl-3-methylcyclopent-2-en-1-one,goodscents,leffingwell_goodscents
100.12,C[C@@H]1CCC(=O)O1,(5R)-5-methyloxolan-2-one,(r)-gamma-valerolactone,goodscents,leffingwell_goodscents
168.23,CCCCC[C@@H]1CC=CC(=O)O1,"(2R)-2-pentyl-2,3-dihydropyran-6-one",51154-96-2,goodscents,leffingwell_goodscents
162.18,C[C@H]1C2=C(C=C(C=C2)C)OC1=O,"(3S)-3,6-dimethyl-3H-1-benzofuran-2-one",zinc100827440,goodscents,leffingwell_goodscents
116.16,CC[C@H](C)C(=O)OC,methyl (2S)-2-methylbutanoate,10307-60-5,goodscents,leffingwell_goodscents
126.2,CC[C@@H](C)C(=O)/C=C/C,"(E,5R)-5-methylhept-2-en-4-one",unii-f91628pi7j,goodscents,leffingwell_goodscents
152.19,CC1=CC=C(O1)[C@@H](C)CC=O,(3S)-3-(5-methylfuran-2-yl)butanal,zinc5226073,goodscents,leffingwell_goodscents
118.2,C[C@@H](CC=O)SC,(3S)-3-methylsulfanylbutanal,zinc1850593,goodscents,leffingwell_goodscents
290.5,C/C(=C/C[C@@H]1[C@]2(CCCC([C@@H]2CC[C@@]1(C)O)(C)C)C)/C=C,"(1R,2R,4aS,8aS)-2,5,5,8a-tetramethyl-1-[(2Z)-3-methylpenta-2,4-dienyl]-3,4,4a,6,7,8-hexahydro-1H-naphthalen-2-ol",(z)-abienol,goodscents,leffingwell_goodscents
174.11,C(/C(=C/C(=O)O)/C(=O)O)C(=O)O,"(Z)-prop-1-ene-1,2,3-tricarboxylic acid",cis-aconitic acid,goodscents,leffingwell_goodscents
116.16,CC[C@@H](C)C(=O)OC,methyl (2R)-2-methylbutanoate,methyl (r)-2-methylbutanoate,goodscents,leffingwell_goodscents
208.3,CCC(=O)O[C@@H]1C[C@H](CC=C1C)C(=C)C,"[(1R,5S)-2-methyl-5-prop-1-en-2-ylcyclohex-2-en-1-yl] propanoate",trans-carvyl propionate,goodscents,leffingwell_goodscents
220.26,CCOC(=O)[C@@H](CC1=CC=CC=C1)C(=O)C,ethyl (2S)-2-benzyl-3-oxobutanoate,zinc163858,goodscents,leffingwell_goodscents
115.2,CC[C@H](C)N=C=S,(2S)-2-isothiocyanatobutane,"[s,(+)]-2-isothiocyanatobutane",goodscents,leffingwell_goodscents
254.32,C/C=C/C1=CC(=C(C=C1)OCC2=CC=CC=C2)OC,2-methoxy-1-phenylmethoxy-4-[(E)-prop-1-enyl]benzene,120-11-6,goodscents,leffingwell_goodscents
192.21,C[C@@H](CC1=CC2=C(C=C1)OCO2)C=O,"(2S)-3-(1,3-benzodioxol-5-yl)-2-methylpropanal",2-piperonyl propanal,goodscents,leffingwell_goodscents
194.23,CC(C)C(=O)OC1=CC=CC=C1OC,(2-methoxyphenyl) 2-methylpropanoate,guaiacol isobutyrate,goodscents,leffingwell_goodscents
164.2,C/C=C/C1=CC(=C(C=C1)O)OC,2-methoxy-4-[(E)-prop-1-enyl]phenol,isoeugenol,goodscents,leffingwell_goodscents
250.38,C[C@]12CCCC([C@@H]1CC[C@@]3([C@@H]2CC(=O)O3)C)(C)C,"(3aR,5aS,9aS,9bR)-3a,6,6,9a-tetramethyl-1,4,5,5a,7,8,9,9b-octahydrobenzo[e][1]benzofuran-2-one",sclareolide,goodscents,leffingwell_goodscents
371.4,COC1=C(C=C(C=C1)CCNC(=O)C=CC2=CC(=C(C=C2)OC)OC)OC,"3-(3,4-dimethoxyphenyl)-N-[2-(3,4-dimethoxyphenyl)ethyl]prop-2-enamide",dtxsid101019796,goodscents,leffingwell_goodscents
371.4,COC1=C(C=C(C=C1)CCNC(=O)/C=C/C2=CC(=C(C=C2)OC)OC)OC,"(E)-3-(3,4-dimethoxyphenyl)-N-[2-(3,4-dimethoxyphenyl)ethyl]prop-2-enamide",rubemamine,goodscents,leffingwell_goodscents
152.23,CC1=CC[C@@H](C1(C)C)CC=O,"2-[(1R)-2,2,3-trimethylcyclopent-3-en-1-yl]acetaldehyde",alpha-campholenal,goodscents,leffingwell_goodscents
218.33,C[C@@H]1CC(=O)C=C2[C@]1(C[C@@H](CC2)C(=C)C)C,"(4R,4aS,6R)-4,4a-dimethyl-6-prop-1-en-2-yl-3,4,5,6,7,8-hexahydronaphthalen-2-one",nootkatone,goodscents,leffingwell_goodscents
171.24,C/C(=C/C#N)/CCC1=CC=CC=C1,(Z)-3-methyl-5-phenylpent-2-enenitrile,53243-59-7,goodscents,leffingwell_goodscents
148.2,C/C=C\C1=CC=C(C=C1)OC,1-methoxy-4-[(Z)-prop-1-enyl]benzene,cis-anethole,goodscents,leffingwell_goodscents
164.2,C/C=C\C1=CC(=C(C=C1)O)OC,2-methoxy-4-[(Z)-prop-1-enyl]phenol,cis-isoeugenol,goodscents,leffingwell_goodscents
178.23,C/C=C\C1=CC(=C(C=C1)OC)OC,"1,2-dimethoxy-4-[(Z)-prop-1-enyl]benzene",cis-methylisoeugenol,goodscents,leffingwell_goodscents
204.31,C[C@H](CC1=CC=C(C=C1)C(C)(C)C)C=O,(2R)-3-(4-tert-butylphenyl)-2-methylpropanal,unii-14x71k3amt,goodscents,leffingwell_goodscents
222.37,CC1=CC[C@@H](CC1)[C@@](C)(CCC=C(C)C)O,(2R)-6-methyl-2-[(1R)-4-methylcyclohex-3-en-1-yl]hept-5-en-2-ol,alpha-bisabolol,goodscents,leffingwell_goodscents
172.26,C[C@H](CCCC(C)(C)O)CC=O,"(3R)-7-hydroxy-3,7-dimethyloctanal",(+)-hydroxycitronellal,goodscents,leffingwell_goodscents
112.16,C1=CNC(=S)N=C1,1H-pyrimidine-2-thione,2-mercaptopyrimidine,goodscents,leffingwell_goodscents
154.25,CC(C)CC(=O)/C=C\C(C)C,"(Z)-2,7-dimethyloct-5-en-4-one",nsc29896,goodscents,leffingwell_goodscents
129.16,C1=CC=C(C=C1)/C=C/C#N,(E)-3-phenylprop-2-enenitrile,cinnamonitrile,goodscents,leffingwell_goodscents
149.23,CC(=CCC/C(=C\C#N)/C)C,"(2Z)-3,7-dimethylocta-2,6-dienenitrile",31983-27-4,goodscents,leffingwell_goodscents
160.21,CC/C(=C\C1=CC=CC=C1)/C=O,(2E)-2-benzylidenebutanal,alpha-ethylcinnamaldehyde,goodscents,leffingwell_goodscents
171.24,C/C(=C\C#N)/CCC1=CC=CC=C1,(E)-3-methyl-5-phenylpent-2-enenitrile,3-methyl-5-phenylpent-2-enenitrile,goodscents,leffingwell_goodscents
196.29,CC(=CCC/C(=C/C1OCCO1)/C)C,"2-[(1E)-2,6-dimethylhepta-1,5-dienyl]-1,3-dioxolane",citral ethylene glycol acetal,goodscents,leffingwell_goodscents
202.29,CCCCC/C(=C\C1=CC=CC=C1)/C=O,(2E)-2-benzylideneheptanal,amylcinnamaldehyde,goodscents,leffingwell_goodscents
194.31,CC(=CCC/C(=C\CCC(=O)C)/C)C,"(5Z)-6,10-dimethylundeca-5,9-dien-2-one",nerylacetone,goodscents,leffingwell_goodscents
198.3,CCCCCCC[C@@H]1CCCC(=O)O1,(6R)-6-heptyloxan-2-one,(6r)-6-heptyloxan-2-one,goodscents,leffingwell_goodscents
170.25,CCCCC[C@@H]1CCCC(=O)O1,(6R)-6-pentyloxan-2-one,(r)-delta-decalactone,goodscents,leffingwell_goodscents
128.21,CC[C@H](C)CC(=O)CC,(5S)-5-methylheptan-3-one,unii-q4yd7ae57c,goodscents,leffingwell_goodscents
250.33,CCCC[C@H](CC)COC(=O)C1=CC=CC=C1O,[(2S)-2-ethylhexyl] 2-hydroxybenzoate,bidd:er0020,goodscents,leffingwell_goodscents
172.26,C[C@@H](CCCC(C)(C)O)CC=O,"(3S)-7-hydroxy-3,7-dimethyloctanal",(?)-hydroxycitronellal,goodscents,leffingwell_goodscents
204.31,C[C@@H](CC1=CC=C(C=C1)C(C)(C)C)C=O,(2S)-3-(4-tert-butylphenyl)-2-methylpropanal,unii-wp1ppc4r9g,goodscents,leffingwell_goodscents
226.31,CCCCC[C@H]1[C@H](CCC1=O)CC(=O)OC,"methyl 2-[(1R,2S)-3-oxo-2-pentylcyclopentyl]acetate",unii-gud0935n0r,goodscents,leffingwell_goodscents
168.28,CCCCCC[C@H]1CCCC1=O,(2S)-2-hexylcyclopentan-1-one,2beta-hexylcyclopentanone,goodscents,leffingwell_goodscents
88.15,CC[C@H](C)CO,(2S)-2-methylbutan-1-ol,1565-80-6,goodscents,leffingwell_goodscents
180.16,C1[C@@](OC[C@](O1)(CO)O)(CO)O,"(2R,5S)-2,5-bis(hydroxymethyl)-1,4-dioxane-2,5-diol",62147-49-3,goodscents,leffingwell_goodscents
164.2,CC(=C)C1=CC(=C(C=C1)O)OC,2-methoxy-4-prop-1-en-2-ylphenol,"phenol, 2-methoxy-4-(1-methylethenyl)-",goodscents,leffingwell_goodscents
96.06,CCC(=O)[O-].[Na+],sodium;propanoate,sodium propionate,goodscents,leffingwell_goodscents
130.23,CCCCCC[C@H](C)O,(2S)-octan-2-ol,(s)-(+)-2-octanol,goodscents,leffingwell_goodscents
183.59,C(CC(=O)O)[C@@H](C(=O)O)N.Cl,(2S)-2-aminopentanedioic acid;hydrochloride,l-glutamic acid hydrochloride,goodscents,leffingwell_goodscents
152.12,CCC(C)C(=O)C(=O)[O-].[Na+],sodium;3-methyl-2-oxopentanoate,sodium 3-methyl-2-oxopentanoate,goodscents,leffingwell_goodscents
154.25,CC1=CC[C@@](CC1)(C(C)C)O,(1S)-4-methyl-1-propan-2-ylcyclohex-3-en-1-ol,(+)-terpinen-4-ol,goodscents,leffingwell_goodscents
88.15,CCC[C@H](C)O,(2S)-pentan-2-ol,(s)-(+)-2-pentanol,goodscents,leffingwell_goodscents
116.2,CCCCC[C@H](C)O,(2S)-heptan-2-ol,(s)-(+)-2-heptanol,goodscents,leffingwell_goodscents
128.21,CCCCC[C@@H](C=C)O,(3S)-oct-1-en-3-ol,(s)-1-octen-3-ol,goodscents,leffingwell_goodscents
218.32,CCCC(CCOC(=O)C)SC(=O)C,3-acetylsulfanylhexyl acetate,136954-25-1,goodscents,leffingwell_goodscents
152.23,CC1=C[C@@H](C2CC1C2(C)C)O,"(2S)-4,6,6-trimethylbicyclo[3.1.1]hept-3-en-2-ol","bicyclo[3.1.1]hept-3-en-2-ol, 4,6,6-trimethyl-, [1s-(1.alpha.,2.beta.,5.alpha.)]-",goodscents,leffingwell_goodscents
136.19,CC[C@@H](C1=CC=CC=C1)O,(1S)-1-phenylpropan-1-ol,(s)-(-)-1-phenyl-1-propanol,goodscents,leffingwell_goodscents
176.21,C/C(=C\OC(=O)C)/C1=CC=CC=C1,[(E)-2-phenylprop-1-enyl] acetate,(e)-2-phenylpropenyl acetate,goodscents,leffingwell_goodscents
230.34,CC1COC(O1)CC(C)CCCC(C)(C)O,"2,6-dimethyl-7-(4-methyl-1,3-dioxolan-2-yl)heptan-2-ol",hydroxycitronellal propyleneglycol acetal,goodscents,leffingwell_goodscents
101.32,C(=O)([O-])[O-].[OH-].[Mg+2],magnesium;carbonate;hydroxide,magnesium;carbonate;hydroxide,goodscents,leffingwell_goodscents
404.2,CCCCCCCCCCCCCCCCCCCCCC[N+](C)(C)C.[Cl-],docosyl(trimethyl)azanium;chloride,17301-53-0,goodscents,leffingwell_goodscents
200.32,CC1(CCC(CC1)C(C)(C)OC)OC,1-methoxy-4-(2-methoxypropan-2-yl)-1-methylcyclohexane,26946-66-7,goodscents,leffingwell_goodscents
199.33,CCC(C(C)C)(C(C)C)C(=O)NCC,"N,2-diethyl-3-methyl-2-propan-2-ylbutanamide",51115-70-9,goodscents,leffingwell_goodscents
146.25,CCCC(=O)C(CC)S,3-sulfanylheptan-4-one,3-mercaptoheptan-4-one,goodscents,leffingwell_goodscents
172.26,CC(C)CC1CC(CCO1)(C)O,4-methyl-2-(2-methylpropyl)oxan-4-ol,63500-71-0,goodscents,leffingwell_goodscents
168.28,CCCCCC=CC(CC=C)O,"undeca-1,5-dien-4-ol","1,5-undecadien-4-ol",goodscents,leffingwell_goodscents
143.25,CC1=NC(SC1)C(C)C,"4-methyl-2-propan-2-yl-2,5-dihydro-1,3-thiazole",67936-13-4,goodscents,leffingwell_goodscents
167.29,CCCCCCCCC(C)C#N,2-methyldecanenitrile,2-methyldecanenitrile,goodscents,leffingwell_goodscents
194.27,CCC=CCC=CC=CC(=O)OCC,"ethyl deca-2,4,7-trienoate",fema 3832,goodscents,leffingwell_goodscents
170.25,CC(C)C(=O)OC(C)CC(=C)C,4-methylpent-4-en-2-yl 2-methylpropanoate,4-methylpent-4-en-2-yl 2-methylpropanoate,goodscents,leffingwell_goodscents
156.26,CCCCCC1CCCC1O,2-pentylcyclopentan-1-ol,2-pentylcyclopentan-1-ol,goodscents,leffingwell_goodscents
246.34,CC(=C)C1CCC(C1=C)(C)C(=O)C2CCCC2=O,2-(1-methyl-2-methylidene-3-prop-1-en-2-ylcyclopentanecarbonyl)cyclopentan-1-one,84642-56-8,goodscents,leffingwell_goodscents
250.38,CC1CC(CC(C1)(C)C)CC(=O)C2CCCC2=O,"2-[2-(3,3,5-trimethylcyclohexyl)acetyl]cyclopentan-1-one",84642-57-9,goodscents,leffingwell_goodscents
168.28,CC(C(C)(CC=C(C)C)C=C)O,"3-ethenyl-3,6-dimethylhept-5-en-2-ol","3,6-dimethyl-3-vinylhept-5-en-2-ol",goodscents,leffingwell_goodscents
178.27,CC(CC(C)C1=CC=CC=C1)CO,2-methyl-4-phenylpentan-1-ol,2-methyl-4-phenylpentanol,goodscents,leffingwell_goodscents
325.4,CC(=CCCC1=CCC(CC1)C=NC2=CC=CC=C2C(=O)OC)C,methyl 2-[[4-(4-methylpent-3-enyl)cyclohex-3-en-1-yl]methylideneamino]benzoate,93894-30-5,goodscents,leffingwell_goodscents
162.23,CC1=CC(=C(C=C1)OCC=C)C,"2,4-dimethyl-1-prop-2-enoxybenzene",4-(allyloxy)-m-xylene,goodscents,leffingwell_goodscents
213.3,CC1=C(N=CS1)CCOC(=O)C(C)C,"2-(5-methyl-1,3-thiazol-4-yl)ethyl 2-methylpropanoate",94021-42-8,goodscents,leffingwell_goodscents
212.33,CC(C)C(=O)OCCCC1CCCCC1,3-cyclohexylpropyl 2-methylpropanoate,3-cyclohexylpropyl isobutyrate,goodscents,leffingwell_goodscents
212.33,CCCC(=O)OCCCC1CCCCC1,3-cyclohexylpropyl butanoate,3-cyclohexylpropyl butyrate,goodscents,leffingwell_goodscents
176.25,CC1CCOC(C1)C2=CC=CC=C2,4-methyl-2-phenyloxane,tetrahydro-4-methyl-2-phenyl-2h-pyran,goodscents,leffingwell_goodscents
148.27,CCCC(CCOC)S,1-methoxyhexane-3-thiol,1-methoxyhexane-3-thiol,goodscents,leffingwell_goodscents
424.7,CCCCCCCCCCOC(=O)CCCCCCCCCCCCCCC(C)C,decyl 16-methylheptadecanoate,decyl isostearate,goodscents,leffingwell_goodscents
158.28,CCCCC(C(C)CCC)O,4-methylnonan-5-ol,4-methyl-5-nonanol,goodscents,leffingwell_goodscents
253.27,CCOC1=C(C=CC(=C1)C=O)O.CC(C)C(=O)[O-],3-ethoxy-4-hydroxybenzaldehyde;2-methylpropanoate,3-ethoxy-4-hydroxybenzaldehyde;2-methylpropanoate,goodscents,leffingwell_goodscents
90.12,CCC(O)OC,1-methoxypropan-1-ol,methoxypropanol,goodscents,leffingwell_goodscents
144.943,[O-]P(=O)([O-])[O-].[Na+].[Al+3],aluminum;sodium;phosphate,aluminum sodium phosphate,goodscents,leffingwell_goodscents
151.25,CC(CCC=C(C)C)CC#N,"3,7-dimethyloct-6-enenitrile",citronellyl nitrile,goodscents,leffingwell_goodscents
324.4,COC1=CC2=C(C=CN=C2C=C1)[C@H]([C@@H]3C[C@@H]4CCN3C[C@@H]4C=C)O,"(R)-[(2S,4S,5R)-5-ethenyl-1-azabicyclo[2.2.2]octan-2-yl]-(6-methoxyquinolin-4-yl)methanol",quinine,goodscents,leffingwell_goodscents
311.4,CC(CC1=CC=C(C=C1)OC)C=NC2=CC=CC=C2C(=O)OC,methyl 2-[[3-(4-methoxyphenyl)-2-methylpropylidene]amino]benzoate,111753-62-9,goodscents,leffingwell_goodscents
358.6,CC(C)CCCCCCCCCCCCCCC(=O)OC(CO)CO,"1,3-dihydroxypropan-2-yl 16-methylheptadecanoate",glyceryl 2-isostearate,goodscents,leffingwell_goodscents
344.31,C([C@@H]1[C@H]([C@@H]([C@H]([C@H](O1)OC[C@H]([C@H]([C@@H](C(CO)O)O)O)O)O)O)O)O,"(3R,4R,5R)-6-[(2S,3R,4S,5S,6R)-3,4,5-trihydroxy-6-(hydroxymethyl)oxan-2-yl]oxyhexane-1,2,3,4,5-pentol",isomalt,goodscents,leffingwell_goodscents
271.35,CC\1C=C(CC/C1=C\NC2=CC=CC=C2C(=O)OC)C,"methyl 2-[[(E)-(2,4-dimethylcyclohex-3-en-1-ylidene)methyl]amino]benzoate",vertosine,goodscents,leffingwell_goodscents
206.28,CCC(=O)OC1C=CC2C1C3CCC2C3,"3-tricyclo[5.2.1.02,6]dec-4-enyl propanoate",68912-13-0,goodscents,leffingwell_goodscents
192.3,CC1(CCC=C2C1CCC(C2)C=O)C,"5,5-dimethyl-2,3,4,4a,6,7-hexahydro-1H-naphthalene-2-carbaldehyde","octahydro-5,5-dimethylnaphthalene-2-carbaldehyde",goodscents,leffingwell_goodscents
142.15,CCC1C(=O)C(=CO1)CO,2-ethyl-4-(hydroxymethyl)furan-3-one,2(or 5)-ethyl-4-hydroxy-5(or 2)-methyl-3(2h)-furanone,goodscents,leffingwell_goodscents
204.35,C[C@@H]1CCC23C[C@@H]1C([C@@H]2CCC3=C)(C)C,"(5S,7S,8R)-6,6,8-trimethyl-2-methylidenetricyclo[5.3.1.01,5]undecane",cedrone,goodscents,leffingwell_goodscents
154.21,CC#CC#CCC1=CC=CC=C1,"hexa-2,4-diynylbenzene",capillene,goodscents,leffingwell_goodscents
160.21,CCC=C(C=O)C1=CC=CC=C1,2-phenylpent-2-enal,2-phenyl-2-pentenal,goodscents,leffingwell_goodscents
396.9,COC1=CC2=C(C=CN=C2C=C1)[C@H](C3CC4CCN3CC4C=C)O.O.O.Cl,(R)-(5-ethenyl-1-azabicyclo[2.2.2]octan-2-yl)-(6-methoxyquinolin-4-yl)methanol;dihydrate;hydrochloride,6119-47-7,goodscents,leffingwell_goodscents
143.37,[O-][Si]([O-])([O-])[O-].[Mg+2].[Al+3],aluminum;magnesium;silicate,veegum,goodscents,leffingwell_goodscents
222.37,CC1=C[C@H]2[C@@H](CC[C@@]([C@H]2CC1)(C)O)C(C)C,"(1R,4S,4aR,8aS)-1,6-dimethyl-4-propan-2-yl-3,4,4a,7,8,8a-hexahydro-2H-naphthalen-1-ol",delta-cadinol,goodscents,leffingwell_goodscents
222.37,CC1=C[C@H]2[C@@H](CC[C@]([C@H]2CC1)(C)O)C(C)C,"(1S,4S,4aR,8aS)-1,6-dimethyl-4-propan-2-yl-3,4,4a,7,8,8a-hexahydro-2H-naphthalen-1-ol",t-muurolol,goodscents,leffingwell_goodscents
220.35,C[C@@H]1CC(C=C([C@@]12CCC(=C(C)C)C2)C)O,"(5R,6R)-6,10-dimethyl-3-propan-2-ylidenespiro[4.5]dec-9-en-8-ol",vetivenol,goodscents,leffingwell_goodscents
236.35,CC(=CCCC1=CCC[C@@H](C1)COC(=O)C)C,[(1S)-3-(4-methylpent-3-enyl)cyclohex-3-en-1-yl]methyl acetate,myraldyl acetate,goodscents,leffingwell_goodscents
196.33,C[C@@H]1C[C@H]2CC(CO[C@@H]2C[C@@H]1C)(C)C,"(4aS,6R,7S,8aR)-3,3,6,7-tetramethyl-2,4,4a,5,6,7,8,8a-octahydrochromene",72429-08-4,goodscents,leffingwell_goodscents
254.32,CCOC1=C(C=C(C=C1)C(OCC)OCC)OC,4-(diethoxymethyl)-1-ethoxy-2-methoxybenzene,4-(diethoxymethyl)-1-ethoxy-2-methoxybenzene,goodscents,leffingwell_goodscents
222.37,C[C@@H]1CC([C@H]2[C@H]1C[C@@H](CC2)CC(=O)C)(C)C,"1-[(3R,3aS,5R,7aR)-1,1,3-trimethyl-2,3,3a,4,5,6,7,7a-octahydroinden-5-yl]propan-2-one","4(5)-acetyl-7,7,9(7,9,9)-trimethylbicyclonon-1-ene",goodscents,leffingwell_goodscents
196.29,C[C@@H]1[C@@H](CC[C@]1(C)OC(=O)C)C(=C)C,"[(1S,2R,3R)-1,2-dimethyl-3-prop-1-en-2-ylcyclopentyl] acetate",plinyl acetate,goodscents,leffingwell_goodscents
166.22,CC1=CC=C(C=C1)OCCOC,1-(2-methoxyethoxy)-4-methylbenzene,1-(2-methoxyethoxy)-4-methylbenzene,goodscents,leffingwell_goodscents
254.36,C1CCCCCC(=O)OCCCC(=O)CCCC1,"oxacyclohexadecane-2,13-dione","oxacyclohexadecane-2,13-dione",goodscents,leffingwell_goodscents
288.38,CCCCCCCCCCCCOS(=O)(=O)[O-].[Na+],sodium;dodecyl sulfate,sodium dodecyl sulfate,goodscents,leffingwell_goodscents
149.3,C1CSCN1CCS,"2-(1,3-thiazolidin-3-yl)ethanethiol","n-(2-mercaptoethyl)-1,3-thiazolidine",goodscents,leffingwell_goodscents
272.4,CC1(C2CCC1(C(C2)OC(=O)CC3=CC=CC=C3)C)C,"(1,7,7-trimethyl-2-bicyclo[2.2.1]heptanyl) 2-phenylacetate",isobornyl phenylacetate,goodscents,leffingwell_goodscents
198.3,CCC(=O)OCCCC1CCCCC1,3-cyclohexylpropyl propanoate,cyclohexylpropyl propionate,goodscents,leffingwell_goodscents
168.19,CC1(CC(=O)C2C(C1=O)(O2)C)C,"1,3,3-trimethyl-7-oxabicyclo[4.1.0]heptane-2,5-dione",epoxyoxophorone,goodscents,leffingwell_goodscents
325.4,CC(CC1=CC2=C(C=C1)OCO2)C=NC3=CC=CC=C3C(=O)OC,"methyl 2-[[3-(1,3-benzodioxol-5-yl)-2-methylpropylidene]amino]benzoate",111753-60-7,goodscents,leffingwell_goodscents
152.12,CC(C)CC(=O)C(=O)[O-].[Na+],sodium;4-methyl-2-oxopentanoate,4502-00-5,goodscents,leffingwell_goodscents
150.13,C1C(=O)OC2=CC=CC=C2O1,"1,4-benzodioxin-3-one","2,3-dihydro-1,4-benzodioxin-2-one",goodscents,leffingwell_goodscents
141.21,CCCCCCOCC#N,2-hexoxyacetonitrile,66912-24-1,goodscents,leffingwell_goodscents
182.26,CC1OCC2(CCC(=CC2)C)CO1,"3,9-dimethyl-2,4-dioxaspiro[5.5]undec-9-ene",schembl11640579,goodscents,leffingwell_goodscents
210.31,CC(C)(C)C1CCC2(CC1)CCC(=O)O2,8-tert-butyl-1-oxaspiro[4.5]decan-2-one,72258-83-4,goodscents,leffingwell_goodscents
284.39,CCCCCCOC(=O)/C=C/C(=O)OCCCCCC,dihexyl (E)-but-2-enedioate,dihexyl fumarate,goodscents,leffingwell_goodscents
260.4,CCCCCCCCOC(=O)/C=C/C1=CC=CC=C1,octyl (E)-3-phenylprop-2-enoate,octyl cinnamate,goodscents,leffingwell_goodscents
224.38,CC(CC/C=C(\C)/CCC=C(C)C)CCO,"(6E)-3,7,11-trimethyldodeca-6,10-dien-1-ol",dihydrofarnesol,goodscents,leffingwell_goodscents
450.7,CC1=C(C(=O)C2=CC=CC=C2C1=O)C/C=C(\C)/CCCC(C)CCCC(C)CCCC(C)C,"2-methyl-3-[(E)-3,7,11,15-tetramethylhexadec-2-enyl]naphthalene-1,4-dione",12001-79-5,goodscents,leffingwell_goodscents
278.4,CC/C=C\C/C=C\C/C=C\CCCCCCCC(=O)O,"(9Z,12Z,15Z)-octadeca-9,12,15-trienoic acid",linolenic acid,goodscents,leffingwell_goodscents
168.23,C/C=C(\C)/COC(=O)/C(=C/C)/C,[(E)-2-methylbut-2-enyl] (E)-2-methylbut-2-enoate,tiglyl tiglate,goodscents,leffingwell_goodscents
298.4,CC(=CCC/C(=C/CC1=C(C=C2C(=C1)C=CC(=O)O2)O)/C)C,"6-[(2E)-3,7-dimethylocta-2,6-dienyl]-7-hydroxychromen-2-one",ostruthin,goodscents,leffingwell_goodscents
204.35,C/C/1=C\CC/C(=C/CC(=C(C)C)CC1)/C,"(1E,5E)-1,5-dimethyl-8-propan-2-ylidenecyclodeca-1,5-diene",germacrene b,goodscents,leffingwell_goodscents
222.37,CC(=CCC/C(=C/CC[C@@](C)(C=C)O)/C)C,"(3S,6E)-3,7,11-trimethyldodeca-1,6,10-trien-3-ol","(3s,6e)-nerolidol",goodscents,leffingwell_goodscents
224.3,CC/C=C\C[C@@H]1[C@H](CCC1=O)CC(=O)OC,"methyl 2-[(1R,2R)-3-oxo-2-[(Z)-pent-2-enyl]cyclopentyl]acetate",methyl jasmonate,goodscents,leffingwell_goodscents
604.8,CCCCCCCC/C=C/CCCCCCCC(=O)OCCOCC(C1C(C(CO1)OCCO)OCCO)OCCO,"2-[2-[3,4-bis(2-hydroxyethoxy)oxolan-2-yl]-2-(2-hydroxyethoxy)ethoxy]ethyl (E)-octadec-9-enoate","2-[2-[3,4-bis(2-hydroxyethoxy)oxolan-2-yl]-2-(2-hydroxyethoxy)ethoxy]ethyl (e)-octadec-9-enoate",goodscents,leffingwell_goodscents
128.17,CCC/C=C(\C)/C(=O)O,(E)-2-methylhex-2-enoic acid,2-methyl-2-hexenoic acid,goodscents,leffingwell_goodscents
114.14,CC/C=C/CC(=O)O,(E)-hex-3-enoic acid,trans-3-hexenoic acid,goodscents,leffingwell_goodscents
170.25,CCCCCCC/C=C/C(=O)O,(E)-dec-2-enoic acid,2-decenoic acid,goodscents,leffingwell_goodscents
270.41,C(CCCCO)CCC/C=C/CCCCCC(=O)O,(E)-16-hydroxyhexadec-7-enoic acid,ambrettolic acid,goodscents,leffingwell_goodscents
156.26,CCCC/C=C/CCCCO,(E)-dec-5-en-1-ol,trans-5-decen-1-ol,goodscents,leffingwell_goodscents
98.14,C/C=C/CCC=O,(E)-hex-4-enal,4-hexenal,goodscents,leffingwell_goodscents
110.15,CC/C=C/C=C/C=O,"(2E,4E)-hepta-2,4-dienal","2,4-heptadienal",goodscents,leffingwell_goodscents
140.22,CCCCC/C=C/CC=O,(E)-non-3-enal,3-nonenal,goodscents,leffingwell_goodscents
150.22,CC/C=C/C/C=C/C=C/C=O,"(2E,4E,7E)-deca-2,4,7-trienal","2,4,7-decatrienal",goodscents,leffingwell_goodscents
168.28,CCCCCC/C=C/CCC=O,(E)-undec-4-enal,(e)-4-undecenal,goodscents,leffingwell_goodscents
170.25,CCCCCC/C=C\CC(=O)O,(Z)-dec-3-enoic acid,2430-93-5,goodscents,leffingwell_goodscents
170.25,CCCCC/C=C\CCC(=O)O,(Z)-dec-4-enoic acid,505-90-8,goodscents,leffingwell_goodscents
204.35,C/C/1=C\CC/C(=C/C2C(C2(C)C)CC1)/C,"(2E,6E)-3,7,11,11-tetramethylbicyclo[8.1.0]undeca-2,6-diene",bicyclogermacrene,goodscents,leffingwell_goodscents
222.37,CC1=C[C@H]2[C@@H](CC[C@@](C2CC1)(C)O)C(C)C,"(1R,4S,4aR)-1,6-dimethyl-4-propan-2-yl-3,4,4a,7,8,8a-hexahydro-2H-naphthalen-1-ol","(1R,4S,4aR)-1,6-dimethyl-4-propan-2-yl-3,4,4a,7,8,8a-hexahydro-2H-naphthalen-1-ol",goodscents,leffingwell_goodscents
134.17,C1=CC=C(C=C1)/C=C/CO,(E)-3-phenylprop-2-en-1-ol,cinnamyl alcohol,goodscents,leffingwell_goodscents
176.21,CC(=O)OC/C=C\C1=CC=CC=C1,[(Z)-3-phenylprop-2-enyl] acetate,(z)-cinnamyl acetate,goodscents,leffingwell_goodscents
204.35,CC(=CCC/C(=C\CCC(=C)C=C)/C)C,"(6Z)-7,11-dimethyl-3-methylidenedodeca-1,6,10-triene",cis-beta-farnesene,goodscents,leffingwell_goodscents
204.35,C[C@H]1CCC2C1[C@H]3[C@H](C3(C)C)CCC2=C,"(1aR,7S,7bS)-1,1,7-trimethyl-4-methylidene-2,3,4a,5,6,7,7a,7b-octahydro-1aH-cyclopropa[e]azulene","(1aR,7S,7bS)-1,1,7-trimethyl-4-methylidene-2,3,4a,5,6,7,7a,7b-octahydro-1aH-cyclopropa[e]azulene",goodscents,leffingwell_goodscents
220.35,C/C/1=C\CCC2([C@H](O2)CC(/C=C/C1)(C)C)C,"(4E,7E,11R)-1,5,9,9-tetramethyl-12-oxabicyclo[9.1.0]dodeca-4,7-diene","(4E,7E,11R)-1,5,9,9-tetramethyl-12-oxabicyclo[9.1.0]dodeca-4,7-diene",goodscents,leffingwell_goodscents
208.25,C/C=C/C1=CC(=C(C(=C1)OC)OC)OC,"1,2,3-trimethoxy-5-[(E)-prop-1-enyl]benzene",isoelemicin,goodscents,leffingwell_goodscents
224.3,CC/C=C\CC1C(CCC1=O)CC(=O)OC,methyl 2-[3-oxo-2-[(Z)-pent-2-enyl]cyclopentyl]acetate,methyl jasmonate,goodscents,leffingwell_goodscents
222.37,CC(=CCC/C(=C\CCC(C)(C=C)O)/C)C,"(6Z)-3,7,11-trimethyldodeca-1,6,10-trien-3-ol",cis-nerolidol,goodscents,leffingwell_goodscents
140.22,CC/C=C/CC/C=C/CO,"(2E,6E)-nona-2,6-dien-1-ol","2,6-nonadien-1-ol",goodscents,leffingwell_goodscents
136.23,CC(=C)CC/C=C(\C)/C=C,"(3E)-3,7-dimethylocta-1,3,7-triene",alpha-ocimene,goodscents,leffingwell_goodscents
266.3,C1=CC=C(C=C1)CCCOC(=O)/C=C/C2=CC=CC=C2,3-phenylpropyl (E)-3-phenylprop-2-enoate,3-phenylpropyl cinnamate,goodscents,leffingwell_goodscents
152.23,CC1(C2C[C@@H](C(=C)C1C2)O)C,"(3S)-6,6-dimethyl-2-methylidenebicyclo[3.1.1]heptan-3-ol","2-methylene-6,6-dimethylbicyclo[3.1.1]heptane-3beta-ol",goodscents,leffingwell_goodscents
218.33,C[C@H]1CC[C@H](CC2=C1C(=O)C[C@@H]2C)C(=C)C,"(3S,5R,8S)-3,8-dimethyl-5-prop-1-en-2-yl-3,4,5,6,7,8-hexahydro-2H-azulen-1-one",rotundone,goodscents,leffingwell_goodscents
204.35,C[C@@H](CCC=C(C)C)C1CCC(=C)C=C1,3-[(2S)-6-methylhept-5-en-2-yl]-6-methylidenecyclohexene,3-[(2s)-6-methylhept-5-en-2-yl]-6-methylidenecyclohexene,goodscents,leffingwell_goodscents
204.35,C/C/1=C/CCC(=C)C2CC(C2CC1)(C)C,"(4Z)-4,11,11-trimethyl-8-methylidenebicyclo[7.2.0]undec-4-ene","(4z)-4,11,11-trimethyl-8-methylidenebicyclo[7.2.0]undec-4-ene",goodscents,leffingwell_goodscents
114.14,C/C=C(\C)/C(=O)OC,methyl (E)-2-methylbut-2-enoate,methyl tiglate,goodscents,leffingwell_goodscents
141.19,CC1=CSC(=N1)C(=O)C,"1-(4-methyl-1,3-thiazol-2-yl)ethanone",1-(4-methylthiazol-2-yl)ethanone,goodscents,leffingwell_goodscents
114.14,CC[C@H]1CCC(=O)O1,(5S)-5-ethyloxolan-2-one,41035-07-8,goodscents,leffingwell_goodscents
128.17,CCC[C@H]1CCC(=O)O1,(5S)-5-propyloxolan-2-one,(5s)-5-propyloxolan-2-one,goodscents,leffingwell_goodscents
840.0,CC1(C2CCC3(C(C2(CCC1OC4C(C(C(C(O4)C(=O)O)O)O)OC5C(C(C(C(O5)C(=O)O)O)O)O)C)C(=O)C=C6C3(CCC7(C6CC(CC7)(C)C(=O)O)C)C)C)C.N,"azane;6-[6-carboxy-2-[(11-carboxy-4,4,6a,6b,8a,11,14b-heptamethyl-14-oxo-2,3,4a,5,6,7,8,9,10,12,12a,14a-dodecahydro-1H-picen-3-yl)oxy]-4,5-dihydroxyoxan-3-yl]oxy-3,4,5-trihydroxyoxane-2-carboxylic acid",nsc2800,goodscents,leffingwell_goodscents
238.5,CCCCCCCCC/C=C/CCCCCC,(E)-heptadec-7-ene,7-heptadecene,goodscents,leffingwell_goodscents
248.4,CC(=C)/C=C/CCC/C(=C/CCC(C)(C=C)O)/C,"(6E,11E)-3,7,13-trimethyltetradeca-1,6,11,13-tetraen-3-ol",fokienol,goodscents,leffingwell_goodscents
152.3,C/C=C/SSSC,(E)-1-(methyltrisulfanyl)prop-1-ene,methyl trans-1-propenyl trisulfide,goodscents,leffingwell_goodscents
232.4,CC/C=C\C/C=C\C/C=C\CCCCCC=C,"(8Z,11Z,14Z)-heptadeca-1,8,11,14-tetraene",10482-53-8,goodscents,leffingwell_goodscents
156.22,CCC/C=C\CCC(=O)OC,methyl (Z)-oct-4-enoate,methyl (z)-oct-4-enoate,goodscents,leffingwell_goodscents
138.21,CC/C=C\C/C=C\CC=O,"(3Z,6Z)-nona-3,6-dienal","(3z,6z)-nona-3,6-dienal",goodscents,leffingwell_goodscents
170.25,CCC/C=C\CCCOC(=O)C,[(Z)-oct-4-enyl] acetate,"(z)-4-octen-1-yl, acetate",goodscents,leffingwell_goodscents
212.33,CC/C=C\CCCCOC(=O)CC(C)C,[(Z)-oct-5-enyl] 3-methylbutanoate,(z)-5-octen-1-yl 3-methylbutanoate,goodscents,leffingwell_goodscents
170.25,CC/C=C\CCCCOC(=O)C,[(Z)-oct-5-enyl] acetate,5z-octenyl acetate,goodscents,leffingwell_goodscents
146.3,C/C=C/SSCC=C,(E)-1-(prop-2-enyldisulfanyl)prop-1-ene,unii-d5hz9xv5ei,goodscents,leffingwell_goodscents
124.18,CC/C=C/CC(=O)C=C,"(5E)-octa-1,5-dien-3-one","1,5-octadien-3-one",goodscents,leffingwell_goodscents
124.18,CC/C=C/C=C/C(=O)C,"(3E,5E)-octa-3,5-dien-2-one","3,5-octadien-2-one",goodscents,leffingwell_goodscents
194.23,C/C=C/C1=CC(=C(C(=C1)OC)O)OC,"2,6-dimethoxy-4-[(E)-prop-1-enyl]phenol","4-propenyl-2,6-dimethoxyphenol",goodscents,leffingwell_goodscents
221.34,C/C=C/C=C\CC/C=C/C(=O)NCC(C)C,"(2E,6Z,8E)-N-(2-methylpropyl)deca-2,6,8-trienamide",spilanthol,goodscents,leffingwell_goodscents
182.26,CC(=CCC/C(=C\COC=O)/C)C,"[(2Z)-3,7-dimethylocta-2,6-dienyl] formate",neryl formate,goodscents,leffingwell_goodscents
262.4,CCCCCCC1=CC=C(C=C1)/C=C/C(OC)OC,"1-[(E)-3,3-dimethoxyprop-1-enyl]-4-hexylbenzene",29896-45-5,goodscents,leffingwell_goodscents
294.3,COC1=C(C=CC(=C1)CC=C)OC(=O)/C=C/C2=CC=CC=C2,(2-methoxy-4-prop-2-enylphenyl) (E)-3-phenylprop-2-enoate,cinnamyl eugenol,goodscents,leffingwell_goodscents
608.8,CCCCCCCCCCCCCCCCCC(=O)O[C@@]1([C@@H]([C@H]([C@@H]([C@H](O1)CO)O)O)O)[C@@]2([C@H]([C@@H]([C@H](O2)CO)O)O)CO,"[(2S,3R,4S,5S,6R)-2-[(2S,3S,4S,5R)-3,4-dihydroxy-2,5-bis(hydroxymethyl)oxolan-2-yl]-3,4,5-trihydroxy-6-(hydroxymethyl)oxan-2-yl] octadecanoate","[(2S,3R,4S,5S,6R)-2-[(2S,3S,4S,5R)-3,4-dihydroxy-2,5-bis(hydroxymethyl)oxolan-2-yl]-3,4,5-trihydroxy-6-(hydroxymethyl)oxan-2-yl] octadecanoate",goodscents,leffingwell_goodscents
875.2,CCCCCCCCCCCCCCCCCC(=O)O[C@@H]1[C@H]([C@@H]([C@H](O[C@]1([C@@]2([C@H]([C@@H]([C@H](O2)CO)O)O)CO)OC(=O)CCCCCCCCCCCCCCCCC)CO)O)O,"[(2S,3R,4S,5S,6R)-2-[(2S,3S,4S,5R)-3,4-dihydroxy-2,5-bis(hydroxymethyl)oxolan-2-yl]-4,5-dihydroxy-6-(hydroxymethyl)-2-octadecanoyloxyoxan-3-yl] octadecanoate","alpha-d-glucopyranoside, beta-d-fructofuranosyl, dioctadecanoate",goodscents,leffingwell_goodscents
220.31,CCOC(C)OCC(C)OC(C)OCC,"1,2-bis(1-ethoxyethoxy)propane","4,6,9-trimethyl-3,5,8,10-tetraoxadodecane",goodscents,leffingwell_goodscents
308.41,CCOC(C)OCC(COC(C)OCC)OC(C)OCC,"1,2,3-tris(1-ethoxyethoxy)propane","1,2,3-tris(1-ethoxyethoxy)propane",goodscents,leffingwell_goodscents
170.25,CCCC/C=C/CCCC(=O)O,(E)-dec-5-enoic acid,5-decenoic acid,goodscents,leffingwell_goodscents
230.34,CC1CCC(C(C1)OCC(CO)O)C(C)C,"3-(5-methyl-2-propan-2-ylcyclohexyl)oxypropane-1,2-diol",87061-04-9,goodscents,leffingwell_goodscents
154.25,CCCCC/C=C\CCC=O,(Z)-dec-4-enal,cis-4-decenal,goodscents,leffingwell_goodscents
236.39,C1CCCCCC(=O)CCC/C=C\CCCC1,(5Z)-cyclohexadec-5-en-1-one,5-cyclohexadecenone,goodscents,leffingwell_goodscents
236.39,C1CCC/C=C\CCCCCCC(=O)CCC1,(8Z)-cyclohexadec-8-en-1-one,3100-36-5,goodscents,leffingwell_goodscents
156.26,CCCCC/C=C\CCCO,(Z)-dec-4-en-1-ol,cis-4-decen-1-ol,goodscents,leffingwell_goodscents
128.17,CC/C=C\CC(=O)OC,methyl (Z)-hex-3-enoate,methyl (z)-3-hexenoate,goodscents,leffingwell_goodscents
116.23,C/C=C(\C)/CSC,(E)-2-methyl-1-methylsulfanylbut-2-ene,2-methyl-1-methylthio-2-butene,goodscents,leffingwell_goodscents
212.33,CCCCCCCC/C=C/COC(=O)C,[(E)-undec-2-enyl] acetate,2-undecenyl acetate,goodscents,leffingwell_goodscents
310.5,CCCCCCCC/C=C\CCCCCCCC(=O)OCC,ethyl (Z)-octadec-9-enoate,ethyl oleate,goodscents,leffingwell_goodscents
310.5,CCCC/C=C\CCCCCCCCCCCCOC(=O)C,[(Z)-octadec-13-enyl] acetate,60037-58-3,goodscents,leffingwell_goodscents
184.27,CC/C=C\CCCCCOC(=O)C,[(Z)-non-6-enyl] acetate,76238-22-7,goodscents,leffingwell_goodscents
264.4,CC(=CCC/C(=C/CCC(C)(C=C)OC(=O)C)/C)C,"[(6E)-3,7,11-trimethyldodeca-1,6,10-trien-3-yl] acetate",nerolidyl acetate,goodscents,leffingwell_goodscents
292.5,CC(C)C(=O)OC(C)(CC/C=C(\C)/CCC=C(C)C)C=C,"[(6E)-3,7,11-trimethyldodeca-1,6,10-trien-3-yl] 2-methylpropanoate",nerolidyl isobutyrate,goodscents,leffingwell_goodscents
226.35,CCCC/C=C\CCCCCCOC(=O)C,[(Z)-dodec-7-enyl] acetate,looplure,goodscents,leffingwell_goodscents
206.28,CC1=C(C(CCC1=O)(C)C)/C=C/C(=O)C,"2,4,4-trimethyl-3-[(E)-3-oxobut-1-enyl]cyclohex-2-en-1-one",4-oxo-beta-ionone,goodscents,leffingwell_goodscents
174.24,CC(C)/C=C(\C=O)/C1=CC=CC=C1,(Z)-4-methyl-2-phenylpent-2-enal,4-methyl-2-phenyl-2-pentenal,goodscents,leffingwell_goodscents
114.19,CC/C=C\CCOC,(Z)-1-methoxyhex-3-ene,(z)-1-methoxyhex-3-ene,goodscents,leffingwell_goodscents
238.41,CCCC/C=C\CCCCCCCCCC=O,(Z)-hexadec-11-enal,(z)-11-hexadecenal,goodscents,leffingwell_goodscents
266.5,CCCC/C=C\CCCCCCCCCCCC=O,(Z)-octadec-13-enal,(z)-13-octadecenal,goodscents,leffingwell_goodscents
296.5,CCCCCCCC/C=C\CCCCCCCC(=O)OC,methyl (Z)-octadec-9-enoate,methyl oleate,goodscents,leffingwell_goodscents
128.21,CCCC/C=C\CCO,(Z)-oct-3-en-1-ol,cis-3-octen-1-ol,goodscents,leffingwell_goodscents
98.14,C/C=C(\C)/C(=O)C,(E)-3-methylpent-3-en-2-one,(e)-3-methylpent-3-en-2-one,goodscents,leffingwell_goodscents
312.5,CCCCCCCC/C=C\CCCCCCCCOCCO,2-[(Z)-octadec-9-enoxy]ethanol,emulphor,goodscents,leffingwell_goodscents
156.26,CCCCCCC/C=C/CO,(E)-dec-2-en-1-ol,trans-2-decen-1-ol,goodscents,leffingwell_goodscents
198.34,CCCCCCCCCC/C=C\CO,(Z)-tridec-2-en-1-ol,z-2-tridecen-1-ol,goodscents,leffingwell_goodscents
322.6,CCCCCCCCCCCCC/C=C\CCCCCCCC,(Z)-tricos-9-ene,cis-9-tricosene,goodscents,leffingwell_goodscents
156.26,CCCC/C=C\CCCCO,(Z)-dec-5-en-1-ol,z-5-decen-1-ol,goodscents,leffingwell_goodscents
158.19,CC/C=C\CCOC(=O)OC,[(Z)-hex-3-enyl] methyl carbonate,67633-96-9,goodscents,leffingwell_goodscents
142.2,C/C=C/C(=O)OCC(C)C,2-methylpropyl (E)-but-2-enoate,isobutyl 2-butenoate,goodscents,leffingwell_goodscents
210.31,CC(/C=C(\C)/CCC=C(C)C)OC(=O)C,"[(3E)-4,8-dimethylnona-3,7-dien-2-yl] acetate","4,8-dimethyl-3,7-nonadien-2-yl acetate",goodscents,leffingwell_goodscents
168.28,CC(=CCC/C(=C/COC)/C)C,"(2E)-1-methoxy-3,7-dimethylocta-2,6-diene",geranyl methyl ether,goodscents,leffingwell_goodscents
180.29,CC(=CCC/C(=C/CCC=O)/C)C,"(4E)-5,9-dimethyldeca-4,8-dienal",unii-z8m7ze42ra,goodscents,leffingwell_goodscents
182.26,CC(=CCC/C(=C\C(=O)OC)/C)C,"methyl (2Z)-3,7-dimethylocta-2,6-dienoate",methyl nerate,goodscents,leffingwell_goodscents
168.23,C/C=C/C(=O)OC1CCCCC1,cyclohexyl (E)-but-2-enoate,cyclohexyl crotonate,goodscents,leffingwell_goodscents
172.26,CC/C=C\CCOC(C)OCC,(Z)-1-(1-ethoxyethoxy)hex-3-ene,acetaldehyde ethyl cis-3-hexenyl acetal,goodscents,leffingwell_goodscents
226.35,CCOC(C)OC/C=C(\C)/CCC=C(C)C,"(2E)-1-(1-ethoxyethoxy)-3,7-dimethylocta-2,6-diene",38019-89-5,goodscents,leffingwell_goodscents
108.18,CC/C=C\C=C\C=C,"(3E,5Z)-octa-1,3,5-triene","(3e,5z)-octa-1,3,5-triene",goodscents,leffingwell_goodscents
236.35,CCCCCCC#CC(=O)OCC/C=C\CC,[(Z)-hex-3-enyl] non-2-ynoate,68480-29-5,goodscents,leffingwell_goodscents
196.29,CCC/C=C/C(=O)OCC/C=C\CC,[(Z)-hex-3-enyl] (E)-hex-2-enoate,cis-3-hexenyl trans-2-hexenoate,goodscents,leffingwell_goodscents
222.32,CCCCCC#CC(=O)OCC/C=C\CC,[(Z)-hex-3-enyl] oct-2-ynoate,68698-58-8,goodscents,leffingwell_goodscents
166.26,CCC/C=C/CC1CCCC1=O,2-[(E)-hex-2-enyl]cyclopentan-1-one,hexenyl cyclopentanone,goodscents,leffingwell_goodscents
220.35,C/C(=C\CCC1(C2CC3C1(C3C2)C)C)/CO,"(E)-5-(2,3-dimethyl-3-tricyclo[2.2.1.02,6]heptanyl)-2-methylpent-2-en-1-ol",.alpha.-santalol,goodscents,leffingwell_goodscents
154.21,CCCOC(=O)/C=C/C=C/C,"propyl (2E,4E)-hexa-2,4-dienoate",propyl sorbate,goodscents,leffingwell_goodscents
146.21,CCOC(=O)/C=C/SC,ethyl (E)-3-methylsulfanylprop-2-enoate,ethyl 3-(methylsulfanyl)prop-2-enoate,goodscents,leffingwell_goodscents
146.21,CCOC(=O)/C=C\SC,ethyl (Z)-3-methylsulfanylprop-2-enoate,unii-k1gvy64r72,goodscents,leffingwell_goodscents
206.32,CC1=C(C(CCC1)(C)C)C/C=C(\C)/C=O,"(E)-2-methyl-4-(2,6,6-trimethylcyclohexen-1-yl)but-2-enal",boronal,goodscents,leffingwell_goodscents
208.3,CC1=CC(=O)CC(C1/C=C/C(C)O)(C)C,"4-[(E)-3-hydroxybut-1-enyl]-3,5,5-trimethylcyclohex-2-en-1-one",3-oxo-alpha-ionol,goodscents,leffingwell_goodscents
160.21,C/C(=C\C1=CC=CC=C1)/C(=O)C,(E)-3-methyl-4-phenylbut-3-en-2-one,1901-26-4,goodscents,leffingwell_goodscents
206.32,CC1CC=C(C(C1(C)C)/C=C/C(=O)C)C,"(E)-4-(2,5,6,6-tetramethylcyclohex-2-en-1-yl)but-3-en-2-one",alpha-irone,goodscents,leffingwell_goodscents
220.26,CC/C=C\CCOC(=O)C1=CC=CC=C1O,[(Z)-hex-3-enyl] 2-hydroxybenzoate,cis-3-hexenyl salicylate,goodscents,leffingwell_goodscents
206.32,CC1=CCCC(C1/C=C(\C)/C(=O)C)(C)C,"(E)-3-methyl-4-(2,6,6-trimethylcyclohex-2-en-1-yl)but-3-en-2-one",127-51-5,goodscents,leffingwell_goodscents
206.32,CC1=C(C(CCC1)(C)C)/C=C(\C)/C(=O)C,"(E)-3-methyl-4-(2,6,6-trimethylcyclohexen-1-yl)but-3-en-2-one",delta-iraldeine,goodscents,leffingwell_goodscents
146.19,C/C(=C\C1=CC=CC=C1)/C=O,(E)-2-methyl-3-phenylprop-2-enal,alpha-methylcinnamaldehyde,goodscents,leffingwell_goodscents
220.35,CC1=CCCC(C1/C=C/C(=O)C(C)C)(C)C,"(E)-4-methyl-1-(2,6,6-trimethylcyclohex-2-en-1-yl)pent-1-en-3-one",68459-99-4,goodscents,leffingwell_goodscents
162.18,CC(=O)O/C=C\C1=CC=CC=C1,[(Z)-2-phenylethenyl] acetate,1566-67-2,goodscents,leffingwell_goodscents
143.18,C/C(=C/C1=CC=CC=C1)/C#N,(Z)-2-methyl-3-phenylprop-2-enenitrile,"2-propenenitrile, 2-methyl-3-phenyl-",goodscents,leffingwell_goodscents
192.21,C[C@H](CC1=CC2=C(C=C1)OCO2)C=O,"(2R)-3-(1,3-benzodioxol-5-yl)-2-methylpropanal",schembl13074977,goodscents,leffingwell_goodscents
199.63,[B-]1(OO[B-](OO1)(O)O)(O)O.[Na+].[Na+],"disodium;3,3,6,6-tetrahydroxy-1,2,4,5-tetraoxa-3,6-diboranuidacyclohexane",mfcd00149231,goodscents,leffingwell_goodscents
168.23,C[C@@H](C=O)[C@@H]1CC[C@@](O1)(C)C=C,"(2R)-2-[(2S,5S)-5-ethenyl-5-methyloxolan-2-yl]propanal",unii-m4f9n3m370,goodscents,leffingwell_goodscents
116.08,C(=O)(N)/N=N/C(=O)N,(E)-carbamoyliminourea,azodicarbonamide,goodscents,leffingwell_goodscents
184.23,COC(=O)OC1CCC/C=C\CC1,[(4Z)-cyclooct-4-en-1-yl] methyl carbonate,"carbonic acid, 4-cycloocten-1-yl methyl ester",goodscents,leffingwell_goodscents
171.24,CC(CC1=CC=CC=C1)(C=C)C#N,2-benzyl-2-methylbut-3-enenitrile,2-benzyl-2-methyl-3-butenitrile,goodscents,leffingwell_goodscents
200.14,CCOC(=O)C/C(=C/C(=O)[O-])/C(=O)[O-],(Z)-2-(2-ethoxy-2-oxoethyl)but-2-enedioate,(Z)-2-(2-ethoxy-2-oxoethyl)but-2-enedioate,goodscents,leffingwell_goodscents
142.24,CC1(CCCCC1(C)O)C,"1,2,2-trimethylcyclohexan-1-ol","1,2,2-trimethylcyclohexan-1-ol",goodscents,leffingwell_goodscents
206.32,CCC(=O)/C=C/C1C(C=CCC1(C)C)C,"(E)-1-(2,6,6-trimethylcyclohex-3-en-1-yl)pent-1-en-3-one",methyl-delta-ionone,goodscents,leffingwell_goodscents
162.25,CCOC(=O)CCCSC,ethyl 4-methylsulfanylbutanoate,ethyl 4-(methylthio)butyrate,goodscents,leffingwell_goodscents
126.2,CCCC/C(=C\C)/C=O,(2E)-2-ethylidenehexanal,(2e)-2-ethylidenehexanal,goodscents,leffingwell_goodscents
175.23,CC1=C(CCO1)S.CC(=O)[O-],"5-methyl-2,3-dihydrofuran-4-thiol;acetate","5-methyl-2,3-dihydrofuran-4-thiol;acetate",goodscents,leffingwell_goodscents
412.7,CCCCCCC(CCCCCCCCCCC(=O)OCC(CC)CCCC)O,2-ethylhexyl 12-hydroxyoctadecanoate,2-ethylhexyl 12-hydroxyoctadecanoate,goodscents,leffingwell_goodscents
264.36,CC1=CCCC(C1/C=C/C2(C(O2)C(=O)OC)C)(C)C,"methyl 3-methyl-3-[(E)-2-(2,6,6-trimethylcyclohex-2-en-1-yl)ethenyl]oxirane-2-carboxylate",methyl alpha ionone glycidate,goodscents,leffingwell_goodscents
134.17,C[C@H](C=O)C1=CC=CC=C1,(2S)-2-phenylpropanal,(s)-2-phenylpropanal,goodscents,leffingwell_goodscents
184.23,C[C@H]1CC[C@@H]([C@@H]1C(=O)O)[C@@H](C)C=O,"(1R,2S,5R)-2-methyl-5-[(2R)-1-oxopropan-2-yl]cyclopentane-1-carboxylic acid",nepetalic acid,goodscents,leffingwell_goodscents
752.9,C[C@H](C(=O)NC(=O)[C@H](CC(=O)O)N)NC1C(SC1(C)C)(C)C.C[C@H](C(=O)NC(=O)[C@H](CC(=O)O)N)NC1C(SC1(C)C)(C)C.O.O.O.O.O,"(3S)-3-amino-4-oxo-4-[[(2R)-2-[(2,2,4,4-tetramethylthietan-3-yl)amino]propanoyl]amino]butanoic acid;pentahydrate","(3S)-3-amino-4-oxo-4-[[(2R)-2-[(2,2,4,4-tetramethylthietan-3-yl)amino]propanoyl]amino]butanoic acid;pentahydrate",goodscents,leffingwell_goodscents
188.26,CCCC/C(=C/C1=CC=CC=C1)/C=O,(2Z)-2-benzylidenehexanal,2-benzylidenehexanal,goodscents,leffingwell_goodscents
284.4,CC(=CCC/C(=C/COC(=O)/C=C/C1=CC=CC=C1)/C)C,"[(2E)-3,7-dimethylocta-2,6-dienyl] (E)-3-phenylprop-2-enoate",geranylcinnamat,goodscents,leffingwell_goodscents
353.5,CCCCCCCC/C=C/CCCCCCCC(=O)N(C)CC(=O)O,2-[methyl-[(E)-octadec-9-enoyl]amino]acetic acid,n-oleoylsarcosine,goodscents,leffingwell_goodscents
204.26,CC1CCOC(O1)/C=C/C2=CC=CC=C2,"4-methyl-2-[(E)-2-phenylethenyl]-1,3-dioxane","cinnamaldehyde-1,3-butylene glycol acetal",goodscents,leffingwell_goodscents
208.34,C1CCCCC2COCC2/C=C\CCC1,"(4Z)-1,3,3a,6,7,8,9,10,11,12,13,13a-dodecahydrocyclododeca[c]furan",muscogene,goodscents,leffingwell_goodscents
168.23,C/C=C/C=C/COC(=O)C(C)C,"[(2E,4E)-hexa-2,4-dienyl] 2-methylpropanoate","2,4-hexadienyl isobutyrate",goodscents,leffingwell_goodscents
128.21,CC/C=C/CCCCO,(E)-oct-5-en-1-ol,"5-octen-1-ol, (e)-",goodscents,leffingwell_goodscents
198.3,CCCCCCC/C=C\C(=O)OCC,ethyl (Z)-dec-2-enoate,schembl3493076,goodscents,leffingwell_goodscents
74.09,[OH-].[OH-].[Ca+2],calcium;dihydroxide,slaked lime,goodscents,leffingwell_goodscents
136.15,C/C(=C\C1=CC=CO1)/C=O,(E)-3-(furan-2-yl)-2-methylprop-2-enal,2-methyl-3-(2-furyl)propenal,goodscents,leffingwell_goodscents
232.27,C1CC(OC1)COC(=O)/C=C/C2=CC=CC=C2,oxolan-2-ylmethyl (E)-3-phenylprop-2-enoate,tetrahydrofurfuryl cinnamate,goodscents,leffingwell_goodscents
192.3,CC1CC(=CC(C1/C=C/C(=O)C)C)C,"(E)-4-(2,4,6-trimethylcyclohex-3-en-1-yl)but-3-en-2-one",iritone,goodscents,leffingwell_goodscents
154.25,CC(C)[C@@]12CC[C@@]([C@@H]1C2)(C)O,"(1R,2R,5S)-2-methyl-5-propan-2-ylbicyclo[3.1.0]hexan-2-ol",4-thujanol,goodscents,leffingwell_goodscents
261.44,O=[Bi].Cl,,bismuth oxychloride,goodscents,leffingwell_goodscents
263.2,CC(=O)O.C(C(C(C(C(C=O)O)O)O)O)O.[Na],,edifas b,goodscents,leffingwell_goodscents
222.37,C1CCCCCC(=O)CC/C=C\CCCC1,(4Z)-cyclopentadec-4-en-1-one,cyclopentadec-4-en-1-one,goodscents,leffingwell_goodscents
142.2,CC/C=C(\C)/COC(=O)C,[(E)-2-methylpent-2-enyl] acetate,2-methylpent-2-en-1-yl acetate,goodscents,leffingwell_goodscents
170.32,CC(=CCC/C(=C/CS)/C)C,"(2E)-3,7-dimethylocta-2,6-diene-1-thiol",thiogeraniol,goodscents,leffingwell_goodscents
222.37,CCOC(C)/C=C/C1C(=CCCC1(C)C)C,"6-[(E)-3-ethoxybut-1-enyl]-1,5,5-trimethylcyclohexene","6-(3-ethoxybuten-1-yl)-1,5,5-trimethylcyclohexene",goodscents,leffingwell_goodscents
170.29,CCCCCCCC/C=C/OC,(E)-1-methoxydec-1-ene,1-methoxy-1-decene,goodscents,leffingwell_goodscents
168.23,C/C=C(\C)/C(=O)OCC=C(C)C,3-methylbut-2-enyl (E)-2-methylbut-2-enoate,83783-86-2,goodscents,leffingwell_goodscents
170.25,CCC(C)C(=O)OC/C(=C/C)/C,[(E)-2-methylbut-2-enyl] 2-methylbutanoate,84696-85-5,goodscents,leffingwell_goodscents
198.3,CCCC/C=C/COC(=O)CC(C)C,[(E)-hept-2-enyl] 3-methylbutanoate,(e)-hept-2-enyl isovalerate,goodscents,leffingwell_goodscents
172.26,CC/C=C/CCOC(CC)OC,(E)-1-(1-methoxypropoxy)hex-3-ene,(e)-1-(1-methoxypropoxy)hex-3-ene,goodscents,leffingwell_goodscents
210.31,CCC/C=C/COC(=O)CC1CCCC1,[(E)-hex-2-enyl] 2-cyclopentylacetate,2-hexenyl cyclopentanylacetate,goodscents,leffingwell_goodscents
196.33,CC(C)CCCC(C)C/C=C/C(=O)C,"(E)-6,10-dimethylundec-3-en-2-one","6,10-dimethylundec-3-en-2-one",goodscents,leffingwell_goodscents
248.36,CCCCC/C(=C/C1=CC=CC=C1)/C(OC)OC,[(Z)-2-(dimethoxymethyl)hept-1-enyl]benzene,[2-(dimethoxymethyl)-1-heptenyl]benzene,goodscents,leffingwell_goodscents
168.23,CC/C=C/CCC1CCC(=O)O1,5-[(E)-hex-3-enyl]oxolan-2-one,cis-7-decen-4-olide,goodscents,leffingwell_goodscents
148.2,C/C(=C\C1=CC=CC=C1)/CO,(E)-2-methyl-3-phenylprop-2-en-1-ol,1504-55-8,goodscents,leffingwell_goodscents
142.2,CCOC(=O)CCCC=C,ethyl hex-5-enoate,ethyl 5-hexenoate,goodscents,leffingwell_goodscents
162.25,CC(=O)OCCC(C)(C)S,(3-methyl-3-sulfanylbutyl) acetate,3-mercapto-3-methyl-1-butyl acetate,goodscents,leffingwell_goodscents
162.23,COC1=CC=C(C=C1)CC2CC2,1-(cyclopropylmethyl)-4-methoxybenzene,1-(cyclopropylmethyl)-4-methoxybenzene,goodscents,leffingwell_goodscents
168.23,CCCCC[C@@H]1[C@@H](O1)/C=C/C=O,"(E)-3-[(2S,3R)-3-pentyloxiran-2-yl]prop-2-enal","4,5-epoxy-(e)-2-decenal",goodscents,leffingwell_goodscents
166.22,CC1C2CCC(=CC2OC1=O)C,"3,6-dimethyl-3a,4,5,7a-tetrahydro-3H-1-benzofuran-2-one",wine lactone,goodscents,leffingwell_goodscents
126.2,CCCCC/C=C\C=O,(Z)-oct-2-enal,"2-octenal, (2z)-",goodscents,leffingwell_goodscents
152.23,CCCCC/C=C\C=C\C=O,"(2E,4Z)-deca-2,4-dienal","(2e,4z)-deca-2,4-dienal",goodscents,leffingwell_goodscents
204.35,C[C@H]1CCC(C2C1=CCC(=C2)C)C(C)C,"(1S)-1,6-dimethyl-4-propan-2-yl-1,2,3,4,4a,7-hexahydronaphthalene","cadina-1,4-diene",goodscents,leffingwell_goodscents
154.25,CC1([C@@H](C2(CCC1C2)C)O)C,"(2R)-1,3,3-trimethylbicyclo[2.2.1]heptan-2-ol",.alpha.-fenchol,goodscents,leffingwell_goodscents
170.25,CCC(C)COC(=O)/C(=C\C)/C,2-methylbutyl (Z)-2-methylbut-2-enoate,2-methylbutyl angelate,goodscents,leffingwell_goodscents
170.32,CC1=CCC(CC1)C(C)(C)S,2-(4-methylcyclohex-3-en-1-yl)propane-2-thiol,p-menthene-8-thiol,goodscents,leffingwell_goodscents
170.25,C[C@]1(CC[C@@H](C(O1)(C)C)O)C=C,"(3S,6S)-6-ethenyl-2,2,6-trimethyloxan-3-ol",unii-p6b6jd2n2z,goodscents,leffingwell_goodscents
124.18,CC/C=C\C=C\C(=O)C,"(3E,5Z)-octa-3,5-dien-2-one","trans, cis-3,5-octadien-2-one",goodscents,leffingwell_goodscents
154.25,C[C@@]1(CC[C@H]2C[C@@H]1C2(C)C)O,"(1R,2S,5S)-2,6,6-trimethylbicyclo[3.1.1]heptan-2-ol",cis-2-pinanol,goodscents,leffingwell_goodscents
204.31,CC1([C@@H]2CC[C@@]3(C2)C(C1=C)CCC3=O)C,"(1R,8R)-7,7-dimethyl-6-methylidenetricyclo[6.2.1.01,5]undecan-2-one",khusimone,goodscents,leffingwell_goodscents
222.37,CC1=CCC[C@]2(C1C[C@H](CC2)C(C)(C)O)C,"2-[(2S,4aR)-4a,8-dimethyl-2,3,4,5,6,8a-hexahydro-1H-naphthalen-2-yl]propan-2-ol",7-epi-.alpha.-eudesmol,goodscents,leffingwell_goodscents
258.35,C[C@]12CC[C@H](C1(C)C)C[C@H]2OC(=O)C3=CC=CC=C3,"[(1S,2R,4S)-1,7,7-trimethyl-2-bicyclo[2.2.1]heptanyl] benzoate",bornyl benzoate,goodscents,leffingwell_goodscents
144.21,CCCCCC(C(=O)C)O,3-hydroxyoctan-2-one,3-hydroxyoctan-2-one,goodscents,leffingwell_goodscents
126.2,CC/C=C/CC(C=C)O,"(5E)-octa-1,5-dien-3-ol","1,5-octadien-3-ol",goodscents,leffingwell_goodscents
170.25,C[C@]1(CC[C@@H](O1)C(C)(C)O)C=C,"2-[(2R,5S)-5-ethenyl-5-methyloxolan-2-yl]propan-2-ol","2-[(2r,5s)-5-ethenyl-5-methyloxolan-2-yl]propan-2-ol",goodscents,leffingwell_goodscents
170.25,C[C@@]1(CC[C@H](C(O1)(C)C)O)C=C,"(3R,6R)-6-ethenyl-2,2,6-trimethyloxan-3-ol",unii-n1me467ava,goodscents,leffingwell_goodscents
140.18,CC1=C(C(=O)CC1(C)C)O,"2-hydroxy-3,4,4-trimethylcyclopent-2-en-1-one","2-hydroxy-3,4,4-trimethylcyclopent-2-enone",goodscents,leffingwell_goodscents
188.26,CC1=C(C(=C(C=C1)C)/C=C/C(=O)C)C,"(E)-4-(2,3,6-trimethylphenyl)but-3-en-2-one","(e)-4-(2',3',6'-trimethylphenyl)-3-buten-2-one",goodscents,leffingwell_goodscents
166.22,CC1=C(OC=C1)CC2C(O2)(C)C,"2-[(3,3-dimethyloxiran-2-yl)methyl]-3-methylfuran",rose furan oxide,goodscents,leffingwell_goodscents
152.23,CC1=CCC2(CC1C2(C)C)O,"4,6,6-trimethylbicyclo[3.1.1]hept-3-en-1-ol",2-pinen-5-ol,goodscents,leffingwell_goodscents
152.23,CC(=CC/C=C(\C)/CC=O)C,"(3E)-3,7-dimethylocta-3,6-dienal",isocitral,goodscents,leffingwell_goodscents
164.2,CC(=O)C(CC1=CC=CC=C1)O,3-hydroxy-4-phenylbutan-2-one,3-hydroxy-4-phenylbutan-2-one,goodscents,leffingwell_goodscents
132.23,CC(CC(=O)C)SC,4-methylsulfanylpentan-2-one,4-(methylthio)-2-pentanone,goodscents,leffingwell_goodscents
170.25,CCCCCCC(=O)CCC=O,4-oxodecanal,4-oxodecanal,goodscents,leffingwell_goodscents
206.28,CC1C(=O)CC2(O1)C(=CC=CC2(C)C)C,"2,6,6,10-tetramethyl-1-oxaspiro[4.5]deca-7,9-dien-3-one","2,6,6,10-tetramethyl-1-oxaspiro[4.5]deca-7,9-dien-3-one",goodscents,leffingwell_goodscents
132.16,C1=CC=C(C=C1)/C=C\C=O,(Z)-3-phenylprop-2-enal,cis-cinnamaldehyde,goodscents,leffingwell_goodscents
111.14,CC(=O)C1=CCCN1,"1-(2,3-dihydro-1H-pyrrol-5-yl)ethanone",2-acetyl-2-pyrroline,goodscents,leffingwell_goodscents
238.37,CC(C)CC(=O)OC/C=C(/C)\CCC=C(C)C,"[(2Z)-3,7-dimethylocta-2,6-dienyl] 3-methylbutanoate",neryl isovalerate,goodscents,leffingwell_goodscents
238.37,CC(=CCCC(C)(C1CCC(O1)(C)C=C)O)C,2-(5-ethenyl-5-methyloxolan-2-yl)-6-methylhept-5-en-2-ol,"7,10-epoxy-2,6,10-trimethyl-dodeca-2,11-dien-6-ol b",goodscents,leffingwell_goodscents
130.18,CC[C@H](C)C(=O)OCC,ethyl (2S)-2-methylbutanoate,10307-61-6,goodscents,leffingwell_goodscents
218.33,CC(=CCCC(=C)C1CCC(=CC1)C=O)C,"4-(6-methylhepta-1,5-dien-2-yl)cyclohexene-1-carbaldehyde",.beta.-bisabolenal,goodscents,leffingwell_goodscents
138.17,CC1=CN=C(C(=N1)C)OC,"2-methoxy-3,5-dimethylpyrazine","2-methoxy-3,5-dimethylpyrazine",goodscents,leffingwell_goodscents
152.23,CCCCC/C=C\C=C/C=O,"(2Z,4Z)-deca-2,4-dienal","(z,z)-2,4-decadienal",goodscents,leffingwell_goodscents
126.2,CCCC/C=C\C(=O)C,(Z)-oct-3-en-2-one,(z)-3-octen-2-one,goodscents,leffingwell_goodscents
134.18,CC1=CN=C(C(=N1)C)C=C,"2-ethenyl-3,5-dimethylpyrazine","2-ethenyl-3,5-dimethylpyrazine",goodscents,leffingwell_goodscents
138.21,CCCC/C=C\C=C\C=O,"(2E,4Z)-nona-2,4-dienal","(e,z)-2,4-nonadienal",goodscents,leffingwell_goodscents
128.17,CCCC[C@@H]1[C@H](O1)C=O,"(2S,3R)-3-butyloxirane-2-carbaldehyde","trans-2,3-epoxyheptanal",goodscents,leffingwell_goodscents
142.2,CCCCC[C@@H]1[C@H](O1)C=O,"(2S,3R)-3-pentyloxirane-2-carbaldehyde","trans-2,3-epoxyoctanal",goodscents,leffingwell_goodscents
204.35,CC1=CC[C@H]2C[C@@H]1[C@]2(C)CCC=C(C)C,"(1S,5S,6R)-2,6-dimethyl-6-(4-methylpent-3-enyl)bicyclo[3.1.1]hept-2-ene",trans-alpha-bergamotene,goodscents,leffingwell_goodscents
134.24,CC(CC(C)(C)S)O,4-methyl-4-sulfanylpentan-2-ol,4-mercapto-4-methyl-2-pentanol,goodscents,leffingwell_goodscents
124.18,CC/C=C\CC(=O)C=C,"(5Z)-octa-1,5-dien-3-one","(5z)-octa-1,5-dien-3-one",goodscents,leffingwell_goodscents
194.23,CCOC(=O)C(CC1=CC=CC=C1)O,ethyl 2-hydroxy-3-phenylpropanoate,ethyl 2-hydroxy-3-phenylpropanoate,goodscents,leffingwell_goodscents
248.4,CC/C=C\C/C=C\C/C=C\CCCCCCC=O,"(8Z,11Z,14Z)-heptadeca-8,11,14-trienal","(8z,11z,14z)-heptadecatrienal",goodscents,leffingwell_goodscents
182.3,CCCCC/C=C\CCCCC=O,(Z)-dodec-6-enal,(z)-6-dodecenal,goodscents,leffingwell_goodscents
126.2,CC/C=C\CC(C=C)O,"(5Z)-octa-1,5-dien-3-ol",50306-18-8,goodscents,leffingwell_goodscents
166.22,C[C@@H]1[C@H]2CCC(=C[C@H]2OC1=O)C,"(3R,3aR,7aS)-3,6-dimethyl-3a,4,5,7a-tetrahydro-3H-1-benzofuran-2-one",(+)-wine lactone,goodscents,leffingwell_goodscents
104.17,CC(=O)CSC,1-methylsulfanylpropan-2-one,1-methylthio-2-propanone,goodscents,leffingwell_goodscents
222.37,CC1=C2C[C@@H](CC[C@@]2(CCC1)C)C(C)(C)O,"2-[(2R,4aS)-4a,8-dimethyl-2,3,4,5,6,7-hexahydro-1H-naphthalen-2-yl]propan-2-ol",10-epi-gamma-eudesmol,goodscents,leffingwell_goodscents
180.29,CCCCC/C=C\CC/C=C/C=O,"(2E,6Z)-dodeca-2,6-dienal",2-trans-6-cis-dodecadienal,goodscents,leffingwell_goodscents
148.23,CC(CCOC(=O)C)S,3-sulfanylbutyl acetate,3-sulfanylbutyl acetate,goodscents,leffingwell_goodscents
190.31,CCCCC(CCOC(=O)C)S,3-sulfanylheptyl acetate,3-mercaptoheptyl acetate,goodscents,leffingwell_goodscents
134.24,CCC(C(C)CO)S,2-methyl-3-sulfanylpentan-1-ol,227456-27-1,goodscents,leffingwell_goodscents
148.2,CCC1=NC(=CN=C1C=C)C,2-ethenyl-3-ethyl-5-methylpyrazine,2-ethenyl-3-ethyl-5-methylpyrazine,goodscents,leffingwell_goodscents
204.35,CC(=C)[C@H]1CC[C@@]([C@H](C1)C(=C)C)(C)C=C,"(1S,2R,4S)-1-ethenyl-1-methyl-2,4-bis(prop-1-en-2-yl)cyclohexane",(-)-cis-.beta.-elemene,goodscents,leffingwell_goodscents
220.35,CC1CCC(C2C1=CC(C(=C2)C)O)C(C)C,"3,8-dimethyl-5-propan-2-yl-2,4a,5,6,7,8-hexahydronaphthalen-2-ol","cadina-1,4-diene-3-ol",goodscents,leffingwell_goodscents
204.35,CC1=CC2[C@H](CCC(=C)C2CC1)C(C)C,"(1R)-7-methyl-4-methylidene-1-propan-2-yl-2,3,4a,5,6,8a-hexahydro-1H-naphthalene",.delta.-muurolene,goodscents,leffingwell_goodscents
140.18,C[C@H]1[C@H](C(=O)C(=C1C)O)C,"(4S,5R)-2-hydroxy-3,4,5-trimethylcyclopent-2-en-1-one","cis-2-cyclopenten-1-one, 2-hydroxy-3,4,5-trimethyl",goodscents,leffingwell_goodscents
140.18,C[C@@H]1[C@H](C(=O)C(=C1C)O)C,"(4R,5R)-2-hydroxy-3,4,5-trimethylcyclopent-2-en-1-one",schembl20269228,goodscents,leffingwell_goodscents
170.25,C[C@]1([C@H](CCC(O1)(C)C)O)C=C,"(2R,3S)-2-ethenyl-2,6,6-trimethyloxan-3-ol","linalool oxide, pyran, (e)-",goodscents,leffingwell_goodscents
170.25,C[C@@]1([C@H](CCC(O1)(C)C)O)C=C,"(2S,3S)-2-ethenyl-2,6,6-trimethyloxan-3-ol","linalool oxide, pyrane, (z)-",goodscents,leffingwell_goodscents
222.37,CC1=C2C[C@@H](CC[C@]2(CCC1)C)C(C)(C)O,"2-[(2R,4aR)-4a,8-dimethyl-2,3,4,5,6,7-hexahydro-1H-naphthalen-2-yl]propan-2-ol",gamma-eudesmol,goodscents,leffingwell_goodscents
222.37,CC1=CC2[C@@H](CC[C@](C2CC1)(C)O)C(C)C,"(1S,4S)-1,6-dimethyl-4-propan-2-yl-3,4,4a,7,8,8a-hexahydro-2H-naphthalen-1-ol",.delta.-cadinol,goodscents,leffingwell_goodscents
170.25,C[C@]1(CC[C@H](O1)C(C)(C)O)C=C,"2-[(2S,5S)-5-ethenyl-5-methyloxolan-2-yl]propan-2-ol",trans-linalool oxide,goodscents,leffingwell_goodscents
204.35,CC1=C[C@H]2[C@@H](CC1)C(=C)CC[C@@H]2C(C)C,"(1R,4aR,8aS)-7-methyl-4-methylidene-1-propan-2-yl-2,3,4a,5,6,8a-hexahydro-1H-naphthalene",.gamma.-muurolene,goodscents,leffingwell_goodscents
222.37,CC1(CCCC2(C3C1[C@@H](C2(CC3)C)O)C)C,"(8S)-2,6,6,9-tetramethyltricyclo[5.4.0.02,9]undecan-8-ol",juniperol,goodscents,leffingwell_goodscents
154.25,C[C@H]1CC[C@H](C(=O)C1)C(C)C,"(2S,5S)-5-methyl-2-propan-2-ylcyclohexan-1-one",isomenthone,goodscents,leffingwell_goodscents
154.25,C[C@H]1CC[C@@H](CC1=O)C(C)C,"(2S,5S)-2-methyl-5-propan-2-ylcyclohexan-1-one",(-)-carvomenthone,goodscents,leffingwell_goodscents
182.26,CC1(C2CCC1([C@@H](C2)OC=O)C)C,"[(2R)-1,7,7-trimethyl-2-bicyclo[2.2.1]heptanyl] formate","borneol, formate",goodscents,leffingwell_goodscents
220.35,C[C@]1(CC[C@H]2[C@@H]1C3C(C3(C)C)CCC2=C)O,"(4aS,7R,7aR)-1,1,7-trimethyl-4-methylidene-1a,2,3,4a,5,6,7a,7b-octahydrocyclopropa[h]azulen-7-ol",.beta.-spathulenol,goodscents,leffingwell_goodscents
154.25,CCC/C=C\CCCCC=O,(Z)-dec-6-enal,(z)-6-decenal,goodscents,leffingwell_goodscents
236.39,C1CCCCC(=O)CCCCC/C=C\CCC1,(7Z)-cyclohexadec-7-en-1-one,7-cyclohexadecen-1-one,goodscents,leffingwell_goodscents
204.26,C/C=C(/C)\C(=O)OCCC1=CC=CC=C1,2-phenylethyl (Z)-2-methylbut-2-enoate,phenethyl 2-methylisocrotonate,goodscents,leffingwell_goodscents
209.33,CC(C)/C(=N/O)/C(C)(C)C/C=C(\C)/C=C,"(NZ)-N-[(6E)-2,4,4,7-tetramethylnona-6,8-dien-3-ylidene]hydroxylamine",labienoxime,goodscents,leffingwell_goodscents
216.27,C/C=C(/C)\C(=O)OC/C=C/C1=CC=CC=C1,[(E)-3-phenylprop-2-enyl] (Z)-2-methylbut-2-enoate,84254-87-5,goodscents,leffingwell_goodscents
216.32,CCCCC/C(=C/C1=CC=C(C=C1)C)/C=O,(2Z)-2-[(4-methylphenyl)methylidene]heptanal,2-[(4-methylphenyl)methylene]heptanal,goodscents,leffingwell_goodscents
192.3,C[C@@H]1CCC=C(C1(C)C)/C=C/C(=O)C,"(E)-4-[(5R)-5,6,6-trimethylcyclohexen-1-yl]but-3-en-2-one","(E)-4-[(5R)-5,6,6-trimethylcyclohexen-1-yl]but-3-en-2-one",goodscents,leffingwell_goodscents
428.7,C/C(=C\CCC1[C@]2(CCCC(C2CC[C@@]1(C)O)(C)C)C)/CC[C@@H]3C(=C)CCCC3(C)C,"(2R,8aS)-1-[(E)-6-[(1S)-2,2-dimethyl-6-methylidenecyclohexyl]-4-methylhex-3-enyl]-2,5,5,8a-tetramethyl-3,4,4a,6,7,8-hexahydro-1H-naphthalen-2-ol","(2R,8aS)-1-[(E)-6-[(1S)-2,2-dimethyl-6-methylidenecyclohexyl]-4-methylhex-3-enyl]-2,5,5,8a-tetramethyl-3,4,4a,6,7,8-hexahydro-1H-naphthalen-2-ol",goodscents,leffingwell_goodscents
428.6,CCCCCCCC/C=C\CCCCCCCC(=O)OCC([C@@H]1[C@H]([C@@H](CO1)O)O)O,"[2-[(2R,3S,4R)-3,4-dihydroxyoxolan-2-yl]-2-hydroxyethyl] (Z)-octadec-9-enoate",sorbitan oleate,goodscents,leffingwell_goodscents
168.28,CC/C(=C/CCC(C)(C=C)O)/C,"(6E)-3,7-dimethylnona-1,6-dien-3-ol",ethyl linalool,goodscents,leffingwell_goodscents
152.23,C/C(=C\C=C)/CC(C)(C=C)O,"(5E)-3,5-dimethylocta-1,5,7-trien-3-ol","(5e)-3,5-dimethylocta-1,5,7-trien-3-ol",goodscents,leffingwell_goodscents
156.26,CC(C)C/C=C(/CO)\C(C)C,(E)-5-methyl-2-propan-2-ylhex-2-en-1-ol,2-isopropyl-5-methylhex-2-en-1-ol,goodscents,leffingwell_goodscents
198.3,CC(C)C/C=C(\COC(=O)C)/C(C)C,[(Z)-5-methyl-2-propan-2-ylhex-2-enyl] acetate,2-isopropyl-5-methylhex-2-enyl acetate,goodscents,leffingwell_goodscents
238.37,CC(C)CCOC(=O)/C=C(\C)/CCC=C(C)C,"3-methylbutyl (2E)-3,7-dimethylocta-2,6-dienoate",isoamyl geranate,goodscents,leffingwell_goodscents
209.15,C(C(=O)O)C(CC(=O)O)(C(=O)O)O.N,"azane;2-hydroxypropane-1,2,3-tricarboxylic acid",ammonium citrate,goodscents,leffingwell_goodscents
220.35,C/C=C/C=C/C=C/C=C/CCCCCCO,"(7E,9E,11E,13E)-pentadeca-7,9,11,13-tetraen-1-ol","(7E,9E,11E,13E)-pentadeca-7,9,11,13-tetraen-1-ol",goodscents,leffingwell_goodscents
198.22,C1=CC=C(C=C1)/C(=C\C2=CC=CO2)/C=O,(E)-3-(furan-2-yl)-2-phenylprop-2-enal,57568-60-2,goodscents,leffingwell_goodscents
238.37,C1CCCCCC(=O)OCC/C=C/CCCC1,(13E)-1-oxacyclohexadec-13-en-2-one,unii-if3n774v66,goodscents,leffingwell_goodscents
250.38,CC(=CCC/C(=C/COC(=O)C(=C(C)C)C)/C)C,"[(2E)-3,7-dimethylocta-2,6-dienyl] 2,3-dimethylbut-2-enoate","3,7-dimethyl-2,6-octadienyl 2,3-dimethylcrotonate",goodscents,leffingwell_goodscents
182.3,CCOC/C=C(/C)\CCC=C(C)C,"(2Z)-1-ethoxy-3,7-dimethylocta-2,6-diene","(2z)-1-ethoxy-3,7-dimethylocta-2,6-diene",goodscents,leffingwell_goodscents
192.3,C/C=C\C(=O)C1C(=CCCC1(C)C)C,"(Z)-1-(2,6,6-trimethylcyclohex-2-en-1-yl)but-2-en-1-one","(z)-1-(2,6,6-trimethyl-2-cyclohexen-1-yl)-2-buten-1-one",goodscents,leffingwell_goodscents
168.28,CC/C=C\CCCCCCC=O,(Z)-undec-8-enal,cis-8-undecen-1-al,goodscents,leffingwell_goodscents
220.35,C/C/1=C\CCC2(C(O2)CC/C(=C/CC1)/C)C,"(4E,8E)-1,5,9-trimethyl-13-oxabicyclo[10.1.0]trideca-4,8-diene",13786-79-3,goodscents,leffingwell_goodscents
218.29,CCCCCOC(=O)/C=C\C1=CC=CC=C1,pentyl (Z)-3-phenylprop-2-enoate,cis-amyl cinnamate,goodscents,leffingwell_goodscents
220.35,CC1=C(C(CCC1)(C)C)/C=C/C(C)(C=C)O,"(1E)-3-methyl-1-(2,6,6-trimethylcyclohexen-1-yl)penta-1,4-dien-3-ol",vinyl-beta-ionol,goodscents,leffingwell_goodscents
206.32,CC1=CCC(C1(C)C)C/C=C(\C)/C(=O)C,"(E)-3-methyl-5-(2,2,3-trimethylcyclopent-3-en-1-yl)pent-3-en-2-one",65113-95-3,goodscents,leffingwell_goodscents
222.37,CCOC(C)/C=C/C1=C(CCCC1(C)C)C,"2-[(E)-3-ethoxybut-1-enyl]-1,3,3-trimethylcyclohexene",beta-ionyl ethyl ether,goodscents,leffingwell_goodscents
184.27,CCC(C)CCOC(=O)/C(=C\C)/C,3-methylpentyl (Z)-2-methylbut-2-enoate,3-methylpentyl angelate,goodscents,leffingwell_goodscents
142.2,CCCOC(=O)/C(=C\C)/C,propyl (Z)-2-methylbut-2-enoate,propyl 2-methylisocrotonate,goodscents,leffingwell_goodscents
285.4,CC(=CCC/C(=C/C=NC1=CC=CC=C1C(=O)OC)/C)C,"methyl 2-[[(2E)-3,7-dimethylocta-2,6-dienylidene]amino]benzoate",unii-55494k367r,goodscents,leffingwell_goodscents
349.5,CCCCCC/C(=C\C1=CC=CC=C1)/C=NC2=CC=CC=C2C(=O)OC,methyl 2-[[(2E)-2-benzylideneoctylidene]amino]benzoate,67924-13-4,goodscents,leffingwell_goodscents
294.5,CCCCCCCCC(=O)OC/C=C(\C)/CCC=C(C)C,"[(2E)-3,7-dimethylocta-2,6-dienyl] nonanoate",geranyl nonanoate,goodscents,leffingwell_goodscents
290.4,CCCC(=O)OC/C(=C/CCC1(C2CC3C1(C3C2)C)C)/C,"[(E)-5-(2,3-dimethyl-3-tricyclo[2.2.1.02,6]heptanyl)-2-methylpent-2-enyl] butanoate",einecs 266-801-4,goodscents,leffingwell_goodscents
206.32,CCC(/C(=C/C1(CC2CC1C=C2)C)/C)O,(E)-2-methyl-1-(2-methyl-2-bicyclo[2.2.1]hept-5-enyl)pent-1-en-3-ol,methyl sandeflor,goodscents,leffingwell_goodscents
196.29,C/C=C/C(=O)OC(C)C1CCCCC1,1-cyclohexylethyl (E)-but-2-enoate,"2-butenoicacid, 1-cyclohexylethyl ester",goodscents,leffingwell_goodscents
222.32,C/C=C/C(=O)OC1CCCC1C2CCCC2,(2-cyclopentylcyclopentyl) (E)-but-2-enoate,2-cyclopentylcyclopentyl crotonate,goodscents,leffingwell_goodscents
144.21,CC/C=C\CC(OC)OC,"(Z)-1,1-dimethoxyhex-3-ene","3-hexene, 1,1-dimethoxy-, (3z)-",goodscents,leffingwell_goodscents
208.34,CCC(/C=C/C1=C(CCCC1(C)C)C)O,"(E)-1-(2,6,6-trimethylcyclohexen-1-yl)pent-1-en-3-ol",methyl beta-ionol,goodscents,leffingwell_goodscents
208.34,CC1=CCC(C1(C)C)C/C=C(\C)/C(C)O,"(E)-3-methyl-5-(2,2,3-trimethylcyclopent-3-en-1-yl)pent-3-en-2-ol","3-methyl-5-(2,2,3-trimethyl-3-cyclopenten-1-yl)-3-penten-2-ol",goodscents,leffingwell_goodscents
206.32,CC1=CCCC(C1C/C=C(\C)/C=O)(C)C,"(E)-2-methyl-4-(2,6,6-trimethylcyclohex-2-en-1-yl)but-2-enal",68555-62-4,goodscents,leffingwell_goodscents
220.35,CCC(=O)/C(=C/C1C(CC=CC1(C)C)C)/C,"(E)-2-methyl-1-(2,2,6-trimethylcyclohex-3-en-1-yl)pent-1-en-3-one","1-penten-3-one, 2-methyl-1-(2,2,6-trimethylcyclohexenyl)-",goodscents,leffingwell_goodscents
142.2,CC/C=C/CCOCC=O,2-[(E)-hex-3-enoxy]acetaldehyde,cis-hexenyl oxyacetaldehyde,goodscents,leffingwell_goodscents
186.29,CC/C=C\CCCCC(OC)OC,"(Z)-9,9-dimethoxynon-3-ene",68555-53-3,goodscents,leffingwell_goodscents
320.5,CC(=CCC/C(=C/COC(=O)CCCCCCCCC=C)/C)C,"[(2E)-3,7-dimethylocta-2,6-dienyl] undec-10-enoate","10-undecenoic acid, 3,7-dimethyl-2,6-octadienyl ester",goodscents,leffingwell_goodscents
286.4,CC(CCC=C(C)C)CCOC(=O)/C=C/C1=CC=CC=C1,"3,7-dimethyloct-6-enyl (E)-3-phenylprop-2-enoate",citronellyl cinnamate,goodscents,leffingwell_goodscents
192.25,C/C=C/1\CC2CC1C3C2OC(=O)CC3,"(9E)-9-ethylidene-3-oxatricyclo[6.2.1.02,7]undecan-4-one",69486-14-2,goodscents,leffingwell_goodscents
135.21,CC/C=C\CC/C=C/C#N,"(2E,6Z)-nona-2,6-dienenitrile","(2e,6z)-nona-2,6-dienenitrile",goodscents,leffingwell_goodscents
234.38,CC1=CCCC(C1/C=C\C(=O)CC(C)C)(C)C,"(Z)-5-methyl-1-(2,6,6-trimethylcyclohex-2-en-1-yl)hex-1-en-3-one","(e)-5-methyl-1-(2,6,6-trimethylcyclohex-2-en-1-yl)hex-1-en-3-one",goodscents,leffingwell_goodscents
292.5,CCC(C)(CC/C=C(\C)/CC/C=C(\C)/CCC=C(C)C)O,"(6E,10E)-3,7,11,15-tetramethylhexadeca-6,10,14-trien-3-ol",pseudo phytol,goodscents,leffingwell_goodscents
168.28,CCC/C=C/CC1CCCC1O,2-[(E)-hex-2-enyl]cyclopentan-1-ol,"cyclopentanol, 2-(2-hexenyl)-",goodscents,leffingwell_goodscents
246.4,C/C/1=C/CC/C(=C\C/C=C(\C(CC1)C(=O)C)/C)/C,"1-[(2Z,5Z,9Z)-2,6,10-trimethylcyclododeca-2,5,9-trien-1-yl]ethanone",28371-99-5,goodscents,leffingwell_goodscents
137.22,CCCCCC/C=C\C#N,(Z)-non-2-enenitrile,ai3-28305,goodscents,leffingwell_goodscents
194.31,CC1=CCC(C1(C)C)C/C=C(\C)/CO,"(E)-2-methyl-4-(2,2,3-trimethylcyclopent-3-en-1-yl)but-2-en-1-ol",28219-60-5,goodscents,leffingwell_goodscents
204.31,C1CC2C(C1)C\3CC2C/C3=C\CCC=O,"(4E)-4-(8-tricyclo[5.2.1.02,6]decanylidene)butanal",30168-23-1,goodscents,leffingwell_goodscents
194.31,CC(C/C=C(\C)/CCCC(=C)C)C=O,"(4E)-2,5,9-trimethyldeca-4,9-dienal","2,5,9-trimethyl-4,9-decadienal",goodscents,leffingwell_goodscents
312.23,C1=CC(=C(C=C1/C=C/C(=O)O[C@H]([C@H](C(=O)O)O)C(=O)O)O)O,"(2R,3R)-2-[(E)-3-(3,4-dihydroxyphenyl)prop-2-enoyl]oxy-3-hydroxybutanedioic acid",caftaric acid,goodscents,leffingwell_goodscents
246.4,C[C@@H]1CC[C@]2\3C[C@H]1C([C@@H]2CC/C3=C/C(=O)C)(C)C,"(1Z)-1-[(1S,5S,7R,8R)-6,6,8-trimethyl-2-tricyclo[5.3.1.01,5]undecanylidene]propan-2-one",125783-65-5,goodscents,leffingwell_goodscents
170.25,C/C=C/C(=O)OC(C)CC(C)C,4-methylpentan-2-yl (E)-but-2-enoate,35206-51-0,goodscents,leffingwell_goodscents
229.36,CC(=CCC/C(=C/CCC1=CC=NC=C1)/C)C,"4-[(3E)-4,8-dimethylnona-3,7-dienyl]pyridine","4-(4,8-dimethyl-3,7-nonadienyl)pyridine",goodscents,leffingwell_goodscents
170.29,CCCCCC(/C(=C/CC)/C)O,(E)-4-methyldec-3-en-5-ol,4-methyl-3-decen-5-ol,goodscents,leffingwell_goodscents
154.25,CC(C)/C(=C/CC(C)C=O)/C,"(E)-2,5,6-trimethylhept-4-enal","2,5,6-trimethylhept-4-enal",goodscents,leffingwell_goodscents
178.27,C/C=C\1/CC2CC1C3C2OCCC3,"(9Z)-9-ethylidene-3-oxatricyclo[6.2.1.02,7]undecane","5,8-methano-2h-1-benzopyran, 6-ethylideneoctahydro-",goodscents,leffingwell_goodscents
220.35,CCC(=O)/C(=C/C1C(=CCCC1(C)C)C)/C,"(E)-2-methyl-1-(2,6,6-trimethylcyclohex-2-en-1-yl)pent-1-en-3-one",dimethylionone,goodscents,leffingwell_goodscents
220.35,CC1(C/C=C\CC/C=C\CCC2C1(O2)C)C,"(4Z,8Z)-1,2,2-trimethyl-13-oxabicyclo[10.1.0]trideca-4,8-diene","13-oxabicyclo(10.1.0)trideca-4,8-diene, trimethyl-",goodscents,leffingwell_goodscents
196.29,CC/C=C/CCOC(=O)/C(=C\CC)/C,[(E)-hex-3-enyl] (Z)-2-methylpent-2-enoate,cis-3-hexenyl 2-methyl-2-pentenoate,goodscents,leffingwell_goodscents
340.5,CCCCC(CCCCC(=O)O)OC(=O)CCCC/C=C/CCC,6-[(E)-dec-6-enoyl]oxydecanoic acid,85392-06-9,goodscents,leffingwell_goodscents
290.5,CC(=CCC/C(=C/COC/C=C(/C)\CCC=C(C)C)/C)C,"(2Z)-1-[(2E)-3,7-dimethylocta-2,6-dienoxy]-3,7-dimethylocta-2,6-diene",geranyl neryl ether,goodscents,leffingwell_goodscents
265.31,COC(=O)C1=CC=CC=C1N=C/C=C/C2=CC=CC=C2,methyl 2-[[(E)-3-phenylprop-2-enylidene]amino]benzoate,methyl 2-[cinnamylideneamino]benzoate,goodscents,leffingwell_goodscents
262.4,C/C(=C/CC[C@@]1(C2C[C@H]3C1([C@H]3C2)C)C)/COC(=O)C,"[(Z)-5-[(1R,3R,6S)-2,3-dimethyl-3-tricyclo[2.2.1.02,6]heptanyl]-2-methylpent-2-enyl] acetate",alpha-santalol acetate,goodscents,leffingwell_goodscents
194.31,C/C=C/C(=O)[C@@H]1[C@@H](CCCC1(C)C)C,"(E)-1-[(1R,6R)-2,2,6-trimethylcyclohexyl]but-2-en-1-one",dihydrodamascone,goodscents,leffingwell_goodscents
266.4,CCCCCCC(=O)OC/C=C(\C)/CCC=C(C)C,"[(2E)-3,7-dimethylocta-2,6-dienyl] heptanoate",geranyl heptanoate,goodscents,leffingwell_goodscents
191.31,C=CCCCCCCC/C=C/CC#N,"(3E)-trideca-3,12-dienenitrile","3,12-tridecadienenitrile",goodscents,leffingwell_goodscents
250.38,CC[C@@H](/C=C/C1=C(CCCC1(C)C)C)OC(=O)C,"[(E,3S)-1-(2,6,6-trimethylcyclohexen-1-yl)pent-1-en-3-yl] acetate",methyl beta-ionyl acetate,goodscents,leffingwell_goodscents
230.26,CC1=CC=CC=C1C(O)O.C(C(CO)O)O,"(2-methylphenyl)methanediol;propane-1,2,3-triol",fema no. 3067,goodscents,leffingwell_goodscents
196.29,CC(C)C1CCC2(CC1)CCC(=O)O2,8-propan-2-yl-1-oxaspiro[4.5]decan-2-one,4625-90-5,goodscents,leffingwell_goodscents
152.23,C[C@@H]1[C@H]2C[C@@H](C2(C)C)CC1=O,"(1R,2R,5R)-2,6,6-trimethylbicyclo[3.1.1]heptan-3-one",cis-isopinocamphone,goodscents,leffingwell_goodscents
314.29,COC1=C(C=CC(=C1)C=O)O[C@H]2[C@@H]([C@H]([C@@H]([C@H](O2)CO)O)O)O,"3-methoxy-4-[(2S,3R,4S,5S,6R)-3,4,5-trihydroxy-6-(hydroxymethyl)oxan-2-yl]oxybenzaldehyde",glucovanillin,goodscents,leffingwell_goodscents
182.22,CCOC1=C(C=CC(=C1)COC)O,2-ethoxy-4-(methoxymethyl)phenol,2-ethoxy-4-(methoxymethyl)phenol,goodscents,leffingwell_goodscents
194.31,CC1(CCCC(C1)C(=O)CCC=C)C,"1-(3,3-dimethylcyclohexyl)pent-4-en-1-one","1-(3,3-dimethylcyclohexyl)pent-4-en-1-one",goodscents,leffingwell_goodscents
236.39,CC12CCCC(=C)C1CC(CC2)CC(C)(C)O,"1-(4a-methyl-8-methylidene-1,2,3,4,5,6,7,8a-octahydronaphthalen-2-yl)-2-methylpropan-2-ol",dtxsid80986919,goodscents,leffingwell_goodscents
178.27,CC1=CC/C(=C(\C)/CCC=O)/CC1,(4E)-4-(4-methylcyclohex-3-en-1-ylidene)pentanal,4-(4-methyl-3-cyclohexen-1-ylidene)pentanal,goodscents,leffingwell_goodscents
208.34,CC1=CCC(C1(C)C)/C=C/C(C)C(C)O,"(E)-3-methyl-5-(2,2,3-trimethylcyclopent-3-en-1-yl)pent-4-en-2-ol",ebanol,goodscents,leffingwell_goodscents
198.22,C1=CC=C(C=C1)/C(=C/C2=CC=CO2)/C=O,(Z)-3-(furan-2-yl)-2-phenylprop-2-enal,57568-60-2,goodscents,leffingwell_goodscents
292.4,C[C@@H]1CC[C@H](C2=C(C[C@H]([C@H]12)OC(=O)C)C)/C=C(\C)/C(=O)O,"(E)-3-[(1R,4S,7R,7aR)-1-acetyloxy-3,7-dimethyl-2,4,5,6,7,7a-hexahydro-1H-inden-4-yl]-2-methylprop-2-enoic acid",acetoxyvalerenic acid,goodscents,leffingwell_goodscents
238.37,C1CCCCCC(=O)OCC/C=C\CCCC1,(13Z)-1-oxacyclohexadec-13-en-2-one,unii-901rrx51a5,goodscents,leffingwell_goodscents
154.25,C[C@@]12CC[C@@H](C1(C)C)C[C@@H]2O,"(1R,2S,4R)-1,7,7-trimethylbicyclo[2.2.1]heptan-2-ol",(+)-borneol,goodscents,leffingwell_goodscents
198.3,CCCCCCC[C@H]1CCCC(=O)O1,(6S)-6-heptyloxan-2-one,(6s)-6-heptyloxan-2-one,goodscents,leffingwell_goodscents
170.25,CCCCC[C@H]1CCCC(=O)O1,(6S)-6-pentyloxan-2-one,(s)-delta-decanolide,goodscents,leffingwell_goodscents
198.3,C[C@H](CCC=C(C)C)CCOC(=O)C,"[(3R)-3,7-dimethyloct-6-enyl] acetate",20425-54-1,goodscents,leffingwell_goodscents
398.32,COC1C(C(C(OC1C(=O)O)OC2C(C(C(OC2C(=O)O)OC)O)O)O)O,"6-(2-carboxy-4,5-dihydroxy-6-methoxyoxan-3-yl)oxy-4,5-dihydroxy-3-methoxyoxane-2-carboxylic acid",ammonium alginate,goodscents,leffingwell_goodscents
152.23,CC(=C)[C@@H]1CC[C@@]2([C@H](C1)O2)C,"(1R,4R,6S)-1-methyl-4-prop-1-en-2-yl-7-oxabicyclo[4.1.0]heptane","(1r,4r,6s)-1-methyl-4-(prop-1-en-2-yl)-7-oxabicyclo[4.1.0]heptane",goodscents,leffingwell_goodscents
134.18,C[C@H]1CCC2=NC=CN=C12,"(5S)-5-methyl-6,7-dihydro-5H-cyclopenta[b]pyrazine",zinc155720,goodscents,leffingwell_goodscents
160.28,CCC[C@H]1CCO[C@H](S1)C,"(2R,4S)-2-methyl-4-propyl-1,3-oxathiane","(2r,4s)-2-methyl-4-propyl-1,3-oxathiane",goodscents,leffingwell_goodscents
160.28,CCC[C@H]1CCO[C@@H](S1)C,"(2S,4S)-2-methyl-4-propyl-1,3-oxathiane",zinc157429,goodscents,leffingwell_goodscents
207.29,C[NH+]1CCN(CC1)C2=CC=C(C=C2)CO,[4-(4-methylpiperazin-4-ium-1-yl)phenyl]methanol,akos015897950,goodscents,leffingwell_goodscents
118.13,C[C@@H](CC(=O)OC)O,methyl (3S)-3-hydroxybutanoate,53562-86-0,goodscents,leffingwell_goodscents
102.13,CC[C@@H](C)C(=O)O,(2R)-2-methylbutanoic acid,(r)-2-methylbutanoic acid,goodscents,leffingwell_goodscents
192.25,C[C@H](CCC1=CC=CC=C1)OC(=O)C,[(2R)-4-phenylbutan-2-yl] acetate,unii-n98j91o56w,goodscents,leffingwell_goodscents
166.22,CC[C@@H](C)C1=NC=CN=C1OC,2-[(2R)-butan-2-yl]-3-methoxypyrazine,zinc407077,goodscents,leffingwell_goodscents
166.22,CC[C@H](C)C1=NC=CN=C1OC,2-[(2S)-butan-2-yl]-3-methoxypyrazine,zinc407078,goodscents,leffingwell_goodscents
178.23,CCC(=O)O[C@@H](C)C1=CC=CC=C1,[(1S)-1-phenylethyl] propanoate,(s)-1-phenylethyl propionate,goodscents,leffingwell_goodscents
164.2,C[C@@H](C1=CC=CC=C1)OC(=O)C,[(1S)-1-phenylethyl] acetate,(s)-1-phenylethyl acetate,goodscents,leffingwell_goodscents
164.2,C[C@H](C1=CC=CC=C1)OC(=O)C,[(1R)-1-phenylethyl] acetate,(r)-1-phenylethyl acetate,goodscents,leffingwell_goodscents
186.32,C[C@H]1CC[C@H](C(=O)C1)C(C)(C)S,"(2R,5S)-5-methyl-2-(2-sulfanylpropan-2-yl)cyclohexan-1-one",8-mercaptomenthon,goodscents,leffingwell_goodscents
186.32,C[C@H]1CC[C@@H](C(=O)C1)C(C)(C)S,"(2S,5S)-5-methyl-2-(2-sulfanylpropan-2-yl)cyclohexan-1-one",5-methyl-2-(1-methyl-1-sulfanylethyl)cyclohexanone #,goodscents,leffingwell_goodscents
186.32,C[C@@H]1CC[C@@H](C(=O)C1)C(C)(C)S,"(2S,5R)-5-methyl-2-(2-sulfanylpropan-2-yl)cyclohexan-1-one",33284-96-7,goodscents,leffingwell_goodscents
148.27,CCC[C@@H](CCO)SC,(3S)-3-methylsulfanylhexan-1-ol,"1-hexanol, 3-(methylthio)-, (s)-",goodscents,leffingwell_goodscents
148.27,CCC[C@H](CCO)SC,(3R)-3-methylsulfanylhexan-1-ol,(3r)-3-methylsulfanylhexan-1-ol,goodscents,leffingwell_goodscents
148.23,CC[C@@H](C(=O)OC)SC,methyl (2S)-2-methylsulfanylbutanoate,schembl3504447,goodscents,leffingwell_goodscents
128.13,C[C@H]1C(=O)C(=O)C(O1)C,"(2S)-2,5-dimethyloxolane-3,4-dione","(2S)-2,5-dimethyloxolane-3,4-dione",goodscents,leffingwell_goodscents
128.13,C[C@@H]1C(=O)C(=O)C(O1)C,"(2R)-2,5-dimethyloxolane-3,4-dione","(2R)-2,5-dimethyloxolane-3,4-dione",goodscents,leffingwell_goodscents
86.13,CC[C@@H](C)C=O,(2R)-2-methylbutanal,(r)-2-methylbutyraldehyde,goodscents,leffingwell_goodscents
86.13,CC[C@H](C)C=O,(2S)-2-methylbutanal,(s)-2-methylbutanal,goodscents,leffingwell_goodscents
116.16,C[C@H]1COC(O1)(C)C,"(4S)-2,2,4-trimethyl-1,3-dioxolane",schembl2480054,goodscents,leffingwell_goodscents
100.16,CCC[C@H](C=C)O,(3R)-hex-1-en-3-ol,(3r)-1-hexen-3-ol,goodscents,leffingwell_goodscents
116.2,CCCCC[C@@H](C)O,(2R)-heptan-2-ol,(r)-heptan-2-ol,goodscents,leffingwell_goodscents
206.27,CSCC[C@@H](C(=O)NCC(=O)O)N,2-[[(2S)-2-amino-4-methylsulfanylbutanoyl]amino]acetic acid,l-methionylglycine,goodscents,leffingwell_goodscents
102.17,CCCC[C@@H](C)O,(2R)-hexan-2-ol,(r)-(-)-2-hexanol,goodscents,leffingwell_goodscents
142.24,CCCCCC[C@H](C=C)O,(3R)-non-1-en-3-ol,unii-09rwu9uwk9,goodscents,leffingwell_goodscents
158.19,CC[C@@H](C(=O)C)C(=O)OCC,ethyl (2S)-2-ethyl-3-oxobutanoate,zinc1684708,goodscents,leffingwell_goodscents
152.2,C1[C@H](SC[C@H](S1)O)O,"(2S,5S)-1,4-dithiane-2,5-diol",zinc1691984,goodscents,leffingwell_goodscents
180.3,C[C@]1(CS[C@](CS1)(C)O)O,"(2S,5S)-2,5-dimethyl-1,4-dithiane-2,5-diol",zinc1720584,goodscents,leffingwell_goodscents
158.24,CCCC[C@H](C)CCC(=O)O,(4S)-4-methyloctanoic acid,(s)-4-methyloctanoic acid,goodscents,leffingwell_goodscents
142.2,CCOC(=O)[C@@H](C)CC=C,ethyl (2S)-2-methylpent-4-enoate,schembl18465494,goodscents,leffingwell_goodscents
172.26,CCCCC[C@H](C)CCC(=O)O,(4S)-4-methylnonanoic acid,(s)-4-methylnonanoic acid,goodscents,leffingwell_goodscents
172.26,CCCC[C@H](CC)CCC(=O)O,(4S)-4-ethyloctanoic acid,(s)-4-ethyloctanoic acid,goodscents,leffingwell_goodscents
126.15,C[C@H]1CC(=O)C(=O)[C@H]1C,"(3S,4S)-3,4-dimethylcyclopentane-1,2-dione",zinc1850690,goodscents,leffingwell_goodscents
170.16,C[C@H]1C(=O)C(=C(O1)C)OC(=O)C,"[(5S)-2,5-dimethyl-4-oxofuran-3-yl] acetate",zinc84843253,goodscents,leffingwell_goodscents
116.2,CCCC[C@H](CC)O,(3S)-heptan-3-ol,(3s)-heptan-3-ol,goodscents,leffingwell_goodscents
114.17,C[C@H]1C(=[NH+][C@@H](O1)C)C,"(2S,5S)-2,4,5-trimethyl-2,5-dihydro-1,3-oxazol-3-ium","(2S,5S)-2,4,5-trimethyl-2,5-dihydro-1,3-oxazol-3-ium",goodscents,leffingwell_goodscents
100.16,CCC[C@@H](C=C)O,(3S)-hex-1-en-3-ol,(3s)-hex-1-en-3-ol,goodscents,leffingwell_goodscents
186.29,C[C@@H](CCCC(C)(C)OC)CC=O,"(3S)-7-methoxy-3,7-dimethyloctanal","(3s)-7-methoxy-3,7-dimethyloctanal",goodscents,leffingwell_goodscents
198.3,C[C@@H](CCC=C(C)C)CCOC(=O)C,"[(3S)-3,7-dimethyloct-6-enyl] acetate",unii-78rzl4h51h,goodscents,leffingwell_goodscents
146.18,CCCCOC(=O)[C@H](C)O,butyl (2S)-2-hydroxypropanoate,34451-19-9,goodscents,leffingwell_goodscents
196.29,CC(=CCC[C@@](C)(C=C)OC(=O)C)C,"[(3S)-3,7-dimethylocta-1,6-dien-3-yl] acetate",(+)-linalyl acetate,goodscents,leffingwell_goodscents
154.25,CC(C)(C)[C@@H]1CCCCC1=O,(2S)-2-tert-butylcyclohexan-1-one,unii-cin066nc91,goodscents,leffingwell_goodscents
88.15,CCC[C@@H](C)O,(2R)-pentan-2-ol,(r)-(-)-2-pentanol,goodscents,leffingwell_goodscents
180.3,CCOC(=O)[C@H](C)SSC,ethyl (2S)-2-(methyldisulfanyl)propanoate,zinc2516885,goodscents,leffingwell_goodscents
118.17,CCCC[C@@H](CO)O,"(2S)-hexane-1,2-diol","(2s)-hexane-1,2-diol",goodscents,leffingwell_goodscents
126.15,C[C@H]1CCCC(=O)C1=O,"(3S)-3-methylcyclohexane-1,2-dione",zinc100023851,goodscents,leffingwell_goodscents
118.2,C[C@@H](C(=O)C)SC,(3S)-3-methylsulfanylbutan-2-one,zinc2568012,goodscents,leffingwell_goodscents
142.24,CCCCCC[C@@H](C=C)O,(3S)-non-1-en-3-ol,(3s)-1-nonen-3-ol,goodscents,leffingwell_goodscents
170.25,CCCCCC[C@H]1CCC(=O)O1,(5S)-5-hexyloxolan-2-one,(5s)-5-hexyloxolan-2-one,goodscents,leffingwell_goodscents
154.25,C[C@H]1CC[C@@H]([C@@H](C1)O)C(=C)C,"(1R,2R,5S)-5-methyl-2-prop-1-en-2-ylcyclohexan-1-ol","neo-isopulegol, rel-",goodscents,leffingwell_goodscents
142.2,CCCC[C@@H]1CCC(=O)O1,(5R)-5-butyloxolan-2-one,(r)-gamma-octanolactone,goodscents,leffingwell_goodscents
142.2,CCCC[C@H]1CCC(=O)O1,(5S)-5-butyloxolan-2-one,(s)-gamma-octanolactone,goodscents,leffingwell_goodscents
100.12,C[C@H]1CCC(=O)O1,(5S)-5-methyloxolan-2-one,(5s)-5-methyloxolan-2-one,goodscents,leffingwell_goodscents
104.22,CC[C@H](C)CS,(2S)-2-methylbutane-1-thiol,(s)-2-methyl-1-butanethiol,goodscents,leffingwell_goodscents
100.12,C[C@H]1C(=O)CCO1,(2S)-2-methyloxolan-3-one,(2s)-2-methyloxolan-3-one,goodscents,leffingwell_goodscents
154.25,C[C@@H]1CCO[C@H](C1)C=C(C)C,"(2R,4R)-4-methyl-2-(2-methylprop-1-enyl)oxane",trans-rose oxide,goodscents,leffingwell_goodscents
130.18,CC[C@@H](C)C(=O)OCC,ethyl (2R)-2-methylbutanoate,ethyl (2r)-2-methylbutanoate,goodscents,leffingwell_goodscents
118.2,C[C@H]1[C@H](CCO1)S,"(2S,3S)-2-methyloxolane-3-thiol",unii-9t8039qt16,goodscents,leffingwell_goodscents
238.41,C[C@@H]1CCCCCCCCCCCCC(=O)C1,(3R)-3-methylcyclopentadecan-1-one,10403-00-6,goodscents,leffingwell_goodscents
134.24,CCC[C@@H](CCO)S,(3S)-3-sulfanylhexan-1-ol,unii-n74437j364,goodscents,leffingwell_goodscents
134.24,CCC[C@H](CCO)S,(3R)-3-sulfanylhexan-1-ol,unii-m30b6lt06q,goodscents,leffingwell_goodscents
150.22,C[C@H]1CCC2=C(C1)OC=C2C,"(6S)-3,6-dimethyl-4,5,6,7-tetrahydro-1-benzofuran",(-)-menthofuran,goodscents,leffingwell_goodscents
114.14,CC[C@@H]1CCC(=O)O1,(5R)-5-ethyloxolan-2-one,(5r)-5-ethyloxolan-2-one,goodscents,leffingwell_goodscents
118.2,CC[C@@H](C(=O)C)S,(3S)-3-sulfanylpentan-2-one,zinc4802621,goodscents,leffingwell_goodscents
104.22,C[C@@H](C(C)C)S,(2S)-3-methylbutane-2-thiol,(2s)-3-methylbutane-2-thiol,goodscents,leffingwell_goodscents
104.17,C[C@@H](C(=O)C)S,(3S)-3-sulfanylbutan-2-one,zinc4802659,goodscents,leffingwell_goodscents
178.4,CC[C@H](C)SS[C@@H](C)CC,(2S)-2-[[(2S)-butan-2-yl]disulfanyl]butane,zinc5019969,goodscents,leffingwell_goodscents
144.21,CC[C@H](C)CC(=O)OCC,ethyl (3S)-3-methylpentanoate,ethyl (3s)-3-methylpentanoate,goodscents,leffingwell_goodscents
218.33,C[C@H]1CC(=O)C=C2[C@@]1(C[C@H](CC2)C(=C)C)C,"(4S,4aR,6S)-4,4a-dimethyl-6-prop-1-en-2-yl-3,4,5,6,7,8-hexahydronaphthalen-2-one",(-)-nootkatone,goodscents,leffingwell_goodscents
126.2,CC[C@H](C)C(=O)/C=C/C,"(E,5S)-5-methylhept-2-en-4-one",unii-z91csh86rz,goodscents,leffingwell_goodscents
152.23,CC(=C)[C@H]1CC[C@@]2([C@H](C1)O2)C,"(1R,4S,6S)-1-methyl-4-prop-1-en-2-yl-7-oxabicyclo[4.1.0]heptane",42477-94-1,goodscents,leffingwell_goodscents
143.23,CCCCCC/C(=N/O)/C,(NE)-N-octan-2-ylidenehydroxylamine,"2-octanone, oxime",goodscents,leffingwell_goodscents
148.27,CCC[C@](C)(CCO)S,(3R)-3-methyl-3-sulfanylhexan-1-ol,"1-hexanol, 3-mercapto-3-methyl-, (3r)-",goodscents,leffingwell_goodscents
161.22,C=CCSC[C@@H](C(=O)O)N,(2R)-2-amino-3-prop-2-enylsulfanylpropanoic acid,s-allyl-l-cysteine,goodscents,leffingwell_goodscents
480.2,CCCCCCCCCCCCCCCCCCCCCC[N+](C)(C)CC1=CC=CC=C1.[Cl-],benzyl-docosyl-dimethylazanium;chloride,behenalkonium chloride,goodscents,leffingwell_goodscents
182.3,CC(C)C(=O)C(C)(C)CC=C(C)C,"2,4,4,7-tetramethyloct-6-en-3-one",claritone,goodscents,leffingwell_goodscents
188.22,CCCC(=O)OC(C)C(=O)OCC,(1-ethoxy-1-oxopropan-2-yl) butanoate,ethyl butyryl lactate,goodscents,leffingwell_goodscents
226.4,CC(CO)C1CCCCCCCCCCC1,2-cyclododecylpropan-1-ol,2-cyclododecylpropan-1-ol,goodscents,leffingwell_goodscents
239.6,O.O.O.O.[Fe].[Fe].[Fe],iron;tetrahydrate,iron;tetrahydrate,goodscents,leffingwell_goodscents
148.23,CCOC(=O)CC(C)S,ethyl 3-sulfanylbutanoate,ethyl 3-mercaptobutyrate,goodscents,leffingwell_goodscents
236.39,CC1C/C=C/CCCCCCCCCC(=O)C1,(5E)-3-methylcyclopentadec-5-en-1-one,(5e)-3-methylcyclopentadec-5-en-1-one,goodscents,leffingwell_goodscents
192.3,C/C=C/C(=O)C1C(=C)CCCC1(C)C,"(E)-1-(2,2-dimethyl-6-methylidenecyclohexyl)but-2-en-1-one",gamma-damascone,goodscents,leffingwell_goodscents
238.37,C1CCCC/C=C/CCCOC(=O)CCCC1,(12E)-1-oxacyclohexadec-12-en-2-one,"oxacyclohexadec-12-en-2-one, (12e)-",goodscents,leffingwell_goodscents
204.35,CC(=C)[C@H]1CC[C@]([C@H](C1)C(=C)C)(C)C=C,"(1R,2R,4S)-1-ethenyl-1-methyl-2,4-bis(prop-1-en-2-yl)cyclohexane",33880-83-0,goodscents,leffingwell_goodscents
432.6,CC(C)CCCCCCCCCCCCCCC(=O)OCC(COCC(CO)O)O,"[3-(2,3-dihydroxypropoxy)-2-hydroxypropyl] 16-methylheptadecanoate",polyglyceryl-2 monoisostearate,goodscents,leffingwell_goodscents
558.9,CCCCC/C=C\C/C=C\CCCCCCCC(=O)O.CC/C=C\C/C=C\C/C=C\CCCCCCCC(=O)O,"(9Z,12Z)-octadeca-9,12-dienoic acid;(9Z,12Z,15Z)-octadeca-9,12,15-trienoic acid",unii-0jxr8f0v1q,goodscents,leffingwell_goodscents
182.26,CC(=CCCC1(CCC(=O)O1)C)C,5-methyl-5-(4-methylpent-3-enyl)oxolan-2-one,orin lactone,goodscents,leffingwell_goodscents
204.33,CCCCCCOC(=O)CC(C)S,hexyl 3-sulfanylbutanoate,hexyl 3-sulfanylbutanoate,goodscents,leffingwell_goodscents
228.33,C[C@@H]1CC[C@H](C2(C1)OCC(O2)CO)C(C)C,"[(6S,9R)-9-methyl-6-propan-2-yl-1,4-dioxaspiro[4.5]decan-3-yl]methanol",unii-7v7gib547y,goodscents,leffingwell_goodscents
101.961,[O-2].[O-2].[O-2].[Al+3].[Al+3],dialuminum;oxygen(2-),aluminum oxide,goodscents,leffingwell_goodscents
190.24,CCCC[C@@H]1C2=CC=CC=C2C(=O)O1,(3R)-3-butyl-3H-2-benzofuran-1-one,125412-70-6,goodscents,leffingwell_goodscents
150.22,CC1([C@@H]2C[C@H]1C(=C)C(=O)C2)C,"(1R,5R)-6,6-dimethyl-2-methylidenebicyclo[3.1.1]heptan-3-one",(+)-pinocarvone,goodscents,leffingwell_goodscents
192.3,C/C=C/C(=O)[C@@H]1C(=C)CCCC1(C)C,"(E)-1-[(1S)-2,2-dimethyl-6-methylidenecyclohexyl]but-2-en-1-one",(s)-gamma-damascone,goodscents,leffingwell_goodscents
192.3,C/C=C/C(=O)[C@H]1C(=C)CCCC1(C)C,"(E)-1-[(1R)-2,2-dimethyl-6-methylidenecyclohexyl]but-2-en-1-one",(r)-gamma-damascone,goodscents,leffingwell_goodscents
270.36,CC1CCC(C(C1)OC(=O)CCCC(=O)O)C(C)C,5-(5-methyl-2-propan-2-ylcyclohexyl)oxy-5-oxopentanoic acid,"monomenthyl glutarate, (-)-",goodscents,leffingwell_goodscents
174.24,CC1C(=O)C2=CC=CC=C2C1(C)C,"2,3,3-trimethyl-2H-inden-1-one","2,3,3-trimethylindanone",goodscents,leffingwell_goodscents
184.27,CCCCCCC[C@@H]1CCC(=O)O1,(5R)-5-heptyloxolan-2-one,(5r)-5-heptyloxolan-2-one,goodscents,leffingwell_goodscents
158.28,CC(C)C(C)CCC(C)(C)O,"2,5,6-trimethylheptan-2-ol","2,5,6-trimethyl-2-heptanol",goodscents,leffingwell_goodscents
158.28,C[C@H](CCC(C)(C)O)C(C)C,"(5R)-2,5,6-trimethylheptan-2-ol","2,5,6-trimethyl-2-heptanol",goodscents,leffingwell_goodscents
223.35,CC1CCC(C(C1)C(=O)NC2CC2)C(C)C,N-cyclopropyl-5-methyl-2-propan-2-ylcyclohexane-1-carboxamide,schembl2318218,goodscents,leffingwell_goodscents
139.06,C(=C/C(=O)O)\C(=O)O.[Na+],sodium;(E)-but-2-enedioic acid,7704-73-6,goodscents,leffingwell_goodscents
158.28,C[C@@H](CCC(C)(C)O)C(C)C,"(5S)-2,5,6-trimethylheptan-2-ol",schembl6549892,goodscents,leffingwell_goodscents
136.23,CC1([C@@H]2CCC(=C)[C@H]1C2)C,"(1R,5R)-6,6-dimethyl-2-methylidenebicyclo[3.1.1]heptane",(+)-beta-pinene,goodscents,leffingwell_goodscents
148.24,CCCCCC#C/C=C\C=C,"(3Z)-undeca-1,3-dien-5-yne","(3Z)-undeca-1,3-dien-5-yne",goodscents,leffingwell_goodscents
222.37,C[C@]1(C[C@@H]1C[C@@H]2C[C@H]3C[C@]3(C2(C)C)C)CO,"[(1R,2S)-1-methyl-2-[[(1R,3S,5S)-1,2,2-trimethyl-3-bicyclo[3.1.0]hexanyl]methyl]cyclopropyl]methanol",schembl16240899,goodscents,leffingwell_goodscents
158.24,CCCCCC1CCC(O1)O,5-pentyloxolan-2-ol,5-pentyltetrahydrofuran-2-ol,goodscents,leffingwell_goodscents
154.21,CCCCCC1=CCC(=O)O1,5-pentyl-3H-furan-2-one,5-pentyl-3h-furan-2-one,goodscents,leffingwell_goodscents
184.23,CCCCC1CC(C(=O)O1)C(=O)C,3-acetyl-5-butyloxolan-2-one,40010-99-9,goodscents,leffingwell_goodscents
236.39,C[C@]12CCCC([C@@H]1CC[C@@]3([C@@H]2CCO3)C)(C)C,"(3aR,5aS,9aS,9bR)-3a,6,6,9a-tetramethyl-2,4,5,5a,7,8,9,9b-octahydro-1H-benzo[e][1]benzofuran",(-)-ambroxide,goodscents,leffingwell_goodscents
154.21,CCOC(=O)CC1CCC=C1,ethyl 2-cyclopent-2-en-1-ylacetate,15848-49-4,goodscents,leffingwell_goodscents
170.32,CC1=CC[C@H](CC1)C(C)(C)S,2-[(1S)-4-methylcyclohex-3-en-1-yl]propane-2-thiol,83150-77-0,goodscents,leffingwell_goodscents
90.15,CSCC=O,2-methylsulfanylacetaldehyde,23328-62-3,goodscents,leffingwell_goodscents
198.3,CCCCCCCC[C@@H]1CCC(=O)O1,(5R)-5-octyloxolan-2-one,unii-44dkb0m2ko,goodscents,leffingwell_goodscents
222.37,CC1=CC[C@](CC1)([C@H](C)CCCC(=C)C)O,(1R)-4-methyl-1-[(2R)-6-methylhept-6-en-2-yl]cyclohex-3-en-1-ol,"(r,r)-iso-beta-bisabolol",goodscents,leffingwell_goodscents
160.21,CCOC(=O)[C@@H](CC(C)C)O,ethyl (2R)-2-hydroxy-4-methylpentanoate,60856-83-9,goodscents,leffingwell_goodscents
130.18,CC(C)CC(=O)C(C)O,2-hydroxy-5-methylhexan-3-one,2-hydroxy-5-methyl-3-hexanone,goodscents,leffingwell_goodscents
140.22,CCC/C=C/C(CC=C)O,"(5E)-nona-1,5-dien-4-ol","1,5-nonadien-4-ol",goodscents,leffingwell_goodscents
242.35,C[C@@H]1C(=O)OCCCCCCCCCCCO1,"(3R)-3-methyl-1,4-dioxacyclopentadecan-2-one",schembl7110857,goodscents,leffingwell_goodscents
152.23,CC(=C)[C@H]1CCC2(C(C1)O2)C,(4S)-1-methyl-4-prop-1-en-2-yl-7-oxabicyclo[4.1.0]heptane,"limonene oxide, (-)-",goodscents,leffingwell_goodscents
256.38,C[C@H]1C(=O)OCCCCCCCCCCCCO1,"(3S)-3-methyl-1,4-dioxacyclohexadecan-2-one",schembl7107309,goodscents,leffingwell_goodscents
154.21,COC(=O)CC/C=C/CC=C,"methyl (4E)-octa-4,7-dienoate","methyl (4e)-octa-4,7-dienoate",goodscents,leffingwell_goodscents
218.33,CC1=C2CC[C@H](CC2=C(C=C1)C)C(C)(C)O,"2-[(2R)-5,8-dimethyl-1,2,3,4-tetrahydronaphthalen-2-yl]propan-2-ol",schembl6510934,goodscents,leffingwell_goodscents
180.29,C/C=C/C(=O)/C(=C(\C)/C(C)(C)C)/C,"(2E,5E)-5,6,7,7-tetramethylocta-2,5-dien-4-one",schembl6760234,goodscents,leffingwell_goodscents
198.3,CC(=O)O[C@H]1CCC[C@@H](C1)C(C)(C)C,"[(1S,3S)-3-tert-butylcyclohexyl] acetate",3beta-tert-butylcyclohexan-1alpha-ol acetate,goodscents,leffingwell_goodscents
152.23,CC1=CC[C@@H](CC1)C(=C)CO,2-[(1R)-4-methylcyclohex-3-en-1-yl]prop-2-en-1-ol,unii-1q8kvb0r3j,goodscents,leffingwell_goodscents
166.26,C/C=C/C(=O)/C(=C(/C)\C(C)C)/C,"(2E,5Z)-5,6,7-trimethylocta-2,5-dien-4-one",pomarose,goodscents,leffingwell_goodscents
234.29,CC(C)CCC1=CC2=C(C=C1)OCC(=O)CO2,"7-(3-methylbutyl)-1,5-benzodioxepin-3-one","2h-1,5-benzodioxepin-3(4h)-one, 7-(3-methylbutyl)-",goodscents,leffingwell_goodscents
174.24,CCCCCC(=O)OC(C)CO,1-hydroxypropan-2-yl hexanoate,propylene glycol 2-hexanoate,goodscents,leffingwell_goodscents
222.37,CC1=CC[C@@](CC1)([C@@H](C)CCCC(=C)C)O,(1S)-4-methyl-1-[(2S)-6-methylhept-6-en-2-yl]cyclohex-3-en-1-ol,"(s,s)-iso-beta-bisabolol",goodscents,leffingwell_goodscents
156.22,CCCC[C@@H]1[C@H](CC(=O)O1)C,"(4S,5R)-5-butyl-4-methyloxolan-2-one",trans-3-methyl-4-octanolide,goodscents,leffingwell_goodscents
172.26,CCCCCC1OC(C(O1)C)C,"4,5-dimethyl-2-pentyl-1,3-dioxolane","4,5-dimethyl-2-pentyl-1,3-dioxolane",goodscents,leffingwell_goodscents
156.22,CCCC[C@H]1[C@H](CC(=O)O1)C,"(4S,5S)-5-butyl-4-methyloxolan-2-one",unii-dr7kre2ajv,goodscents,leffingwell_goodscents
156.22,CCCCC[C@@H]1CCC(=O)O1,(5R)-5-pentyloxolan-2-one,(r)-(+)-gamma-nonalactone,goodscents,leffingwell_goodscents
182.26,CC1(CCCC(=C)C1C(=O)OC)C,"methyl 2,2-dimethyl-6-methylidenecyclohexane-1-carboxylate","cyclohexanecarboxylic acid, 2,2-dimethyl-6-methylene-, methyl ester",goodscents,leffingwell_goodscents
172.26,CCCCCC1CCOC(O1)C,"2-methyl-4-pentyl-1,3-dioxane","2-methyl-4-pentyl-1,3-dioxane",goodscents,leffingwell_goodscents
190.24,CCCC[C@H]1C2=CC=CC=C2C(=O)O1,(3S)-3-butyl-3H-2-benzofuran-1-one,(3s)-butylphthalide,goodscents,leffingwell_goodscents
130.18,CC[C@H](C)CCC(=O)O,(4S)-4-methylhexanoic acid,1730-89-8,goodscents,leffingwell_goodscents
180.29,CC/C(=C(\C)/C(=O)/C=C/C)/C(C)C,"(2E,5Z)-6-ethyl-5,7-dimethylocta-2,5-dien-4-one",schembl6761907,goodscents,leffingwell_goodscents
204.22,C=CCC1=CC2=C(C=C1)OCC(=O)CO2,"7-prop-2-enyl-1,5-benzodioxepin-3-one",schembl5393754,goodscents,leffingwell_goodscents
204.35,C[C@@H]1CCC=C2[C@@]1(C[C@@H](CC2)C(=C)C)C,"(3R,4aR,5R)-4a,5-dimethyl-3-prop-1-en-2-yl-2,3,4,5,6,7-hexahydro-1H-naphthalene",4-epi-eremophilene,goodscents,leffingwell_goodscents
272.29,COC1=C(C=C(C=C1)C2CCC3=C(O2)C=C(C=C3)O)O,"2-(3-hydroxy-4-methoxyphenyl)-3,4-dihydro-2H-chromen-7-ol","7,3'-dihydroxy-4'-methoxyflavan",goodscents,leffingwell_goodscents
256.34,C[C@@H]1CC[C@H]([C@@H](C1)OC(=O)CCC(=O)O)C(C)C,"4-[(1R,2S,5R)-5-methyl-2-propan-2-ylcyclohexyl]oxy-4-oxobutanoic acid",77341-67-4,goodscents,leffingwell_goodscents
134.24,CCCC(C)(CO)S,2-methyl-2-sulfanylpentan-1-ol,258823-39-1,goodscents,leffingwell_goodscents
258.35,CC(=CCC/C(=C\COC(=O)C1=CC=CC=C1)/C)C,"[(2Z)-3,7-dimethylocta-2,6-dienyl] benzoate","(2e)-3,7-dimethyl-2,6-octadienyl benzoate",goodscents,leffingwell_goodscents
194.31,CC(=O)CC[C@@H]1C(=C)CCCC1(C)C,"4-[(1S)-2,2-dimethyl-6-methylidenecyclohexyl]butan-2-one",dihydro-gamma-ionone,goodscents,leffingwell_goodscents
212.37,CCOC1CCCCCCCCCCC1,ethoxycyclododecane,ethoxycyclododecane,goodscents,leffingwell_goodscents
226.31,CC1CCC(C2(C1)OC(C(=O)O2)C)C(C)C,"2,9-dimethyl-6-propan-2-yl-1,4-dioxaspiro[4.5]decan-3-one",unii-gx6fa6grm7,goodscents,leffingwell_goodscents
289.4,C[C@@H]1CC[C@H]([C@@H](C1)C(=O)NC2=CC=C(C=C2)OC)C(C)C,"(1R,2S,5R)-N-(4-methoxyphenyl)-5-methyl-2-propan-2-ylcyclohexane-1-carboxamide",68489-09-8,goodscents,leffingwell_goodscents
222.37,C[C@@H]1CC[C@H]([C@H]2[C@]13[C@@H]2[C@@](CC3)(C)O)C(C)C,"(1R,4S,5R,6R,7S,10R)-4,10-dimethyl-7-propan-2-yltricyclo[4.4.0.01,5]decan-4-ol",cubebol,goodscents,leffingwell_goodscents
181.27,CC/C=C\CC/C=C/C(=O)NCC,"(2E,6Z)-N-ethylnona-2,6-dienamide","(2e,6z)-n-ethylnona-2,6-dienamide",goodscents,leffingwell_goodscents
272.5,C[C@]12CCCC([C@@H]1CCC(=C)[C@@H]2CCC(=C)C=C)(C)C,"(4aS,8S,8aS)-4,4,8a-trimethyl-7-methylidene-8-(3-methylidenepent-4-enyl)-2,3,4a,5,6,8-hexahydro-1H-naphthalene",sclarene,goodscents,leffingwell_goodscents
182.26,CC/C=C\CCC1(CCC(=O)O1)C,5-[(Z)-hex-3-enyl]-5-methyloxolan-2-one,70851-61-5,goodscents,leffingwell_goodscents
210.36,CCCCCC/C=C\CCCCC(=O)C,(Z)-tetradec-7-en-2-one,"7-tetradecen-2-one, (7z)-",goodscents,leffingwell_goodscents
252.39,C[C@@H]1CC(=O)[C@](C12CC(CC(C2)(C)C)(C)C)(C)O,"(1R,4R)-4-hydroxy-1,4,7,7,9,9-hexamethylspiro[4.5]decan-3-one",schembl4396406,goodscents,leffingwell_goodscents
176.25,CC1=CC2=C(CC(C2)(C)CO)C=C1,"(2,5-dimethyl-1,3-dihydroinden-2-yl)methanol",285977-85-7,goodscents,leffingwell_goodscents
128.17,CCC[C@@H]1CCC(=O)O1,(5R)-5-propyloxolan-2-one,(r)-gamma-heptanolactone,goodscents,leffingwell_goodscents
171.24,CCCCCN1C(COC1=O)C,"4-methyl-3-pentyl-1,3-oxazolidin-2-one",schembl4416368,goodscents,leffingwell_goodscents
240.34,C[C@@H]1CC[C@H]([C@@H](C1)OC(=O)CC(=O)C)C(C)C,"[(1R,2S,5R)-5-methyl-2-propan-2-ylcyclohexyl] 3-oxobutanoate",59557-05-0,goodscents,leffingwell_goodscents
210.3,C1=CSC(=C1)COCC2=CC=CS2,2-(thiophen-2-ylmethoxymethyl)thiophene,dithenyl ether,goodscents,leffingwell_goodscents
136.15,CC1=CC=C(O1)/C=C/C=O,(E)-3-(5-methylfuran-2-yl)prop-2-enal,3-(5-methylfuran-2-yl)acrylaldehyde,goodscents,leffingwell_goodscents
184.27,CCCCCC[C@@H]1CCCC(=O)O1,(6R)-6-hexyloxan-2-one,(r)-6-hexyltetrahydro-2h-pyran-2-one,goodscents,leffingwell_goodscents
194.27,CC(=O)OCC1=CC[C@@H]2C[C@H]1C2(C)C,"[(1S,5R)-6,6-dimethyl-2-bicyclo[3.1.1]hept-2-enyl]methyl acetate",1079-01-2,goodscents,leffingwell_goodscents
210.31,C[C@H]1CC(=O)[C@](C12CCCCCC2)(C)O,"(1S,4R)-4-hydroxy-1,4-dimethylspiro[4.6]undecan-3-one",schembl4399219,goodscents,leffingwell_goodscents
193.28,CC/C=C\CC/C=C/C(=O)NC1CC1,"(2E,6Z)-N-cyclopropylnona-2,6-dienamide","(2e,6z)-n-cyclopropylnona-2,6-dienamide",goodscents,leffingwell_goodscents
170.29,CCCCCCCC(=C)C(C)O,3-methylidenedecan-2-ol,3-methylidenedecan-2-ol,goodscents,leffingwell_goodscents
242.35,CC1CCC(C(C1)OC(=O)CC(C)O)C(C)C,(5-methyl-2-propan-2-ylcyclohexyl) 3-hydroxybutanoate,108766-16-1,goodscents,leffingwell_goodscents
238.37,C1CCCC/C=C\CCCOC(=O)CCCC1,(12Z)-1-oxacyclohexadec-12-en-2-one,unii-88lwk3mr1y,goodscents,leffingwell_goodscents
269.38,CCOC(=O)CNC(=O)[C@@H]1C[C@@H](CC[C@H]1C(C)C)C,"ethyl 2-[[(1R,2S,5R)-5-methyl-2-propan-2-ylcyclohexanecarbonyl]amino]acetate",68489-14-5,goodscents,leffingwell_goodscents
364.5,CC1CCC(C(C1)OCC2COC(O2)C3=CC(=C(C=C3)O)OC)C(C)C,"2-methoxy-4-[4-[(5-methyl-2-propan-2-ylcyclohexyl)oxymethyl]-1,3-dioxolan-2-yl]phenol",schembl1617665,goodscents,leffingwell_goodscents
182.3,CCCC1(C=CC(O1)C)C(C)(C)C,5-tert-butyl-2-methyl-5-propyl-2H-furan,871465-49-5,goodscents,leffingwell_goodscents
184.32,CCCC1(CCC(O1)C)C(C)(C)C,2-tert-butyl-5-methyl-2-propyloxolane,schembl4468863,goodscents,leffingwell_goodscents
221.34,CC(=CCC/C(=C/CNC(=O)C1CC1)/C)C,"N-[(2E)-3,7-dimethylocta-2,6-dienyl]cyclopropanecarboxamide",unii-0t7h9ya5wz,goodscents,leffingwell_goodscents
166.26,C/C(=C/C=O)/CCC1CC1(C)C,"(Z)-5-(2,2-dimethylcyclopropyl)-3-methylpent-2-enal",schembl18338904,goodscents,leffingwell_goodscents
648.6,C1[C@@H]2[C@H]([C@@H]([C@H]([C@H](O2)O[C@H]3[C@@H]([C@H](O[C@@H]([C@@H]3O)OC[C@@H]4[C@H]([C@@H]([C@H]([C@H](O4)O[C@H]5[C@@H]([C@H](O[C@@H]([C@@H]5O)O1)CO)O)O)O)O)CO)O)O)O)O,"(1R,3S,4R,5R,7S,10R,11S,12S,13R,14R,16S,17R,18R,20S,23R,24S,25S,26R,28R,30R)-5,18-bis(hydroxymethyl)-2,6,8,15,19,21,27,29-octaoxapentacyclo[21.3.1.13,7.110,14.116,20]triacontane-4,11,12,13,17,24,25,26,28,30-decol",cyclotetraglucose,goodscents,leffingwell_goodscents
198.3,CCOC(=O)[C@@H]1[C@H](CCCC1(C)C)C,"ethyl (1R,6S)-2,2,6-trimethylcyclohexane-1-carboxylate",22471-55-2,goodscents,leffingwell_goodscents
238.37,C[C@H]1CC(=O)[C@]([C@]12C[C@@H](CC(C2)(C)C)C)(C)O,"(1S,4R,5S,7R)-4-hydroxy-1,4,7,9,9-pentamethylspiro[4.5]decan-3-one",schembl4399071,goodscents,leffingwell_goodscents
206.28,CC1=CC[C@@]2(O1)C(=CC(=O)CC2(C)C)C,"(5S)-2,6,6,10-tetramethyl-1-oxaspiro[4.5]deca-2,9-dien-8-one","(s)-8,9-dehydrotheaspirone",goodscents,leffingwell_goodscents
242.35,C[C@H]1C(=O)OCCCCCCCCCCCO1,"(3S)-3-methyl-1,4-dioxacyclopentadecan-2-one",schembl7111096,goodscents,leffingwell_goodscents
222.37,C[C@@H]1CC[C@H]([C@H]2[C@]1(CCC(=C2)C)O)C(C)C,"(1S,4R,4aR,8aR)-4,7-dimethyl-1-propan-2-yl-2,3,4,5,6,8a-hexahydro-1H-naphthalen-4a-ol",(-)-cubenol,goodscents,leffingwell_goodscents
110.15,CC/C=C\C=C\C=O,"(2E,4Z)-hepta-2,4-dienal","(e,z)-2,4-heptadienal",goodscents,leffingwell_goodscents
151.25,C[C@H](CCC=C(C)C)CC#N,"(3R)-3,7-dimethyloct-6-enenitrile",unii-ouq3v00hyl,goodscents,leffingwell_goodscents
192.25,CC(C)(COCC1=CC=CC=C1)C=O,"2,2-dimethyl-3-phenylmethoxypropanal",38216-93-2,goodscents,leffingwell_goodscents
130.18,CC(C)CC(C(=O)C)O,3-hydroxy-5-methylhexan-2-one,3-hydroxy-5-methyl-2-hexanone,goodscents,leffingwell_goodscents
142.15,C[C@@H]1C(=O)C(=C(O1)C)OC,"(2R)-4-methoxy-2,5-dimethylfuran-3-one",(2r)-(+)-mesifurane,goodscents,leffingwell_goodscents
256.38,C[C@@H]1C(=O)OCCCCCCCCCCCCO1,"(3R)-3-methyl-1,4-dioxacyclohexadecan-2-one",schembl7106044,goodscents,leffingwell_goodscents
965.6,CC(C)CCCCCCCCCCCCCCC(=O)OCC(COCC(COC(=O)CCCCCCCCCCCCCCC(C)C)OC(=O)CCCCCCCCCCCCCCC(C)C)O,"[3-[2,3-bis(16-methylheptadecanoyloxy)propoxy]-2-hydroxypropyl] 16-methylheptadecanoate",polyglyceryl-2 triisostearate,goodscents,leffingwell_goodscents
222.37,CC1C/C=C\CCCCCCCCC(=O)C1,(5Z)-3-methylcyclotetradec-5-en-1-one,259854-71-2,goodscents,leffingwell_goodscents
154.25,C1CC[C@H]2C[C@H](CC[C@@H]2C1)O,"(2S,4aS,8aS)-1,2,3,4,4a,5,6,7,8,8a-decahydronaphthalen-2-ol",zinc2242754,goodscents,leffingwell_goodscents
160.17,C1C2C1C(=O)OC3=CC=CC=C23,"1a,7b-dihydro-1H-cyclopropa[c]chromen-2-one",schembl14135291,goodscents,leffingwell_goodscents
195.34,CCCCCCCCCC(C)CC#N,3-methyldodecanenitrile,3-methyldodecanonitrile,goodscents,leffingwell_goodscents
186.25,CCCCCC(=O)C(C)(C(=O)C)O,"3-hydroxy-3-methylnonane-2,4-dione","3-hydroxy-3-methyl-2,4-nonanedione",goodscents,leffingwell_goodscents
204.35,CC(C)C1=C[C@H]([C@@](CC1)(C)C=C)C(=C)C,"(3S,4R)-4-ethenyl-4-methyl-1-propan-2-yl-3-prop-1-en-2-ylcyclohexene",unii-cwb1u36piu component mxdmetwaegifoe-gjzgruslsa-n,goodscents,leffingwell_goodscents
296.4,CC(C1CCCC(C1)(C)C)OC(C)(C)COC(=O)C2CC2,"[2-[1-(3,3-dimethylcyclohexyl)ethoxy]-2-methylpropyl] cyclopropanecarboxylate",477218-42-1,goodscents,leffingwell_goodscents
182.26,CC1C=CCC(C1C(=O)OC)(C)C,"methyl 2,6,6-trimethylcyclohex-3-ene-1-carboxylate",815580-59-7,goodscents,leffingwell_goodscents
221.28,C1=CC=C2C(=C1)C(=O)[N-]S2(=O)=O.[K+],"potassium;1,1-dioxo-1,2-benzothiazol-2-id-3-one",saccharin potassium,goodscents,leffingwell_goodscents
198.3,CCCCCCCC[C@H]1CCC(=O)O1,(5S)-5-octyloxolan-2-one,(s)-gamma-dodecalactone,goodscents,leffingwell_goodscents
184.27,CCCCCC[C@H]1CCCC(=O)O1,(6S)-6-hexyloxan-2-one,schembl8164491,goodscents,leffingwell_goodscents
194.23,CCOC(=O)CCC1=CC=CC=C1O,ethyl 3-(2-hydroxyphenyl)propanoate,ethyl 3-(2-hydroxyphenyl)propanoate,goodscents,leffingwell_goodscents
204.35,CC1=C[C@@H]2[C@H](CC1)C(=CC[C@H]2C(C)C)C,"(1S,4aS,8aR)-4,7-dimethyl-1-propan-2-yl-1,2,4a,5,6,8a-hexahydronaphthalene",alpha-muurolene,goodscents,leffingwell_goodscents
204.35,CC1=C[C@@H]2[C@@H](CC1)C(=CC[C@H]2C(C)C)C,"(1S,4aR,8aR)-4,7-dimethyl-1-propan-2-yl-1,2,4a,5,6,8a-hexahydronaphthalene",alpha-cadinene,goodscents,leffingwell_goodscents
204.35,CC(=C1CC[C@]([C@H](C1)C(=C)C)(C)C=C)C,"(1R,2R)-1-ethenyl-1-methyl-4-propan-2-ylidene-2-prop-1-en-2-ylcyclohexane",29873-99-2,goodscents,leffingwell_goodscents
152.23,CC1(CC2(CC1CC2=O)C)C,"1,5,5-trimethylbicyclo[2.2.1]heptan-2-one","1,5,5-trimethylbicyclo[2.2.1]heptan-2-one",goodscents,leffingwell_goodscents
150.22,CC1([C@@H]2CC1CC=C2C=O)C,"(1S)-6,6-dimethylbicyclo[3.1.1]hept-2-ene-2-carbaldehyde","(1S)-6,6-dimethylbicyclo[3.1.1]hept-2-ene-2-carbaldehyde",goodscents,leffingwell_goodscents
175.18,COC(=O)N1C=CC2=CC=CC=C21,methyl indole-1-carboxylate,39203-20-8,goodscents,leffingwell_goodscents
134.3,CC1CC(SS1)C,"3,5-dimethyldithiolane","3,5-dimethyl-1,2-dithiolane",goodscents,leffingwell_goodscents
238.37,C1CCCCCCOC(=O)/C=C/CCCCC1,(3E)-1-oxacyclohexadec-3-en-2-one,habanolide,goodscents,leffingwell_goodscents
100.16,CC[C@H](C)CC=O,(3S)-3-methylpentanal,(3s)-3-methylpentanal,goodscents,leffingwell_goodscents
100.16,CC[C@@H](C)CC=O,(3R)-3-methylpentanal,schembl9421367,goodscents,leffingwell_goodscents
114.19,CC[C@H](C)CCC=O,(4S)-4-methylhexanal,"[s,(+)]-4-methylhexanal",goodscents,leffingwell_goodscents
124.22,CC1CCCC(=C1C)C,"1,2,3-trimethylcyclohexene",trimethyl cyclohexene,goodscents,leffingwell_goodscents
130.18,CC[C@@H](C)CCC(=O)O,(4R)-4-methylhexanoic acid,(4r)-4-methylhexanoic acid,goodscents,leffingwell_goodscents
126.2,CCC/C=C\C=C\CO,"(2E,4Z)-octa-2,4-dien-1-ol","2,4-octadien-1-ol, (2e,4z)-",goodscents,leffingwell_goodscents
156.26,CCCCCCC[C@H](C=C)O,(3R)-dec-1-en-3-ol,(r)-1-decen-3-ol,goodscents,leffingwell_goodscents
156.26,CCCCCCC[C@@H](C=C)O,(3S)-dec-1-en-3-ol,(s)-1-decen-3-ol,goodscents,leffingwell_goodscents
200.27,CCCCCCC(=O)CCOC(=O)C,3-oxononyl acetate,3-nonanon-1-yl acetate,goodscents,leffingwell_goodscents
194.31,CC1=CCCC([C@H]1CCC(=O)C)(C)C,"4-[(1R)-2,6,6-trimethylcyclohex-2-en-1-yl]butan-2-one",(r)-(+)-dihydro-alpha-ionone,goodscents,leffingwell_goodscents
222.37,C1CCC(C1)C2CCC(C2O)C3CCCC3,"2,5-dicyclopentylcyclopentan-1-ol",77189-02-7,goodscents,leffingwell_goodscents
194.27,CC/C=C\C/C=C\CC1CCC(=O)O1,"5-[(2Z,5Z)-octa-2,5-dienyl]oxolan-2-one",tuberose lactone,goodscents,leffingwell_goodscents
184.27,CCCCCCCC1CC1C(=O)O,2-heptylcyclopropane-1-carboxylic acid,schembl3490367,goodscents,leffingwell_goodscents
180.2,CCOC(=O)C1=C(C=C(C=C1)C)O,ethyl 2-hydroxy-4-methylbenzoate,ethyl 2-hydroxy-4-methylbenzoate,goodscents,leffingwell_goodscents
160.21,CCC(C)C(C(=O)OCC)O,ethyl 2-hydroxy-3-methylpentanoate,ethyl 2-hydroxy-3-methylpentanoate,goodscents,leffingwell_goodscents
158.19,CCC(C)C(=O)C(=O)OCC,ethyl 3-methyl-2-oxopentanoate,"pentanoic acid, 3-methyl-2-oxo-, ethyl ester",goodscents,leffingwell_goodscents
123.15,CC1=CC=C(N1)C(=O)C,1-(5-methyl-1H-pyrrol-2-yl)ethanone,1-(5-methyl-1h-pyrrol-2-yl)ethanone,goodscents,leffingwell_goodscents
160.21,CCOC(=O)[C@H](CC(C)C)O,ethyl (2S)-2-hydroxy-4-methylpentanoate,(s)-(-)-ethyl leucate,goodscents,leffingwell_goodscents
204.22,CCOC(=O)CCC(C(=O)OCC)O,diethyl 2-hydroxypentanedioate,diethyl 2-hydroxypentanedioate,goodscents,leffingwell_goodscents
116.16,CC(C)CC(=O)CO,1-hydroxy-4-methylpentan-2-one,1-hydroxy-4-methyl-2-pentanone,goodscents,leffingwell_goodscents
116.2,CC[C@H](C)CCCO,(4S)-4-methylhexan-1-ol,(s)-(+)-4-methyl-1-hexanol,goodscents,leffingwell_goodscents
116.2,CC[C@@H](C)CCCO,(4R)-4-methylhexan-1-ol,(r)-4-methyl-1-hexanol,goodscents,leffingwell_goodscents
140.22,C1CC=C(C1)CCCCO,4-(cyclopenten-1-yl)butan-1-ol,schembl6565462,goodscents,leffingwell_goodscents
200.32,CC1CCC(C(C1)OCCO)C(C)C,2-(5-methyl-2-propan-2-ylcyclohexyl)oxyethanol,2-(menthoxy)ethanol,goodscents,leffingwell_goodscents
148.23,CCOC(=O)C(C)(C)S,ethyl 2-methyl-2-sulfanylpropanoate,33441-50-8,goodscents,leffingwell_goodscents
208.25,CCCC(=O)OCC(C1=CC=CC=C1)O,(2-hydroxy-2-phenylethyl) butanoate,2-phenyl-2-hydroxyethyl butyrate,goodscents,leffingwell_goodscents
200.19,CCOC(=O)OC1=C(OC(C1=O)C)C,"(2,5-dimethyl-4-oxofuran-3-yl) ethyl carbonate","ethyl 2,5-dimethyl-3-oxo-4(2h)-furyl carbonate",goodscents,leffingwell_goodscents
168.23,CC1CCC2C(C(=O)OC2C1)C,"3,6-dimethyl-3a,4,5,6,7,7a-hexahydro-3H-1-benzofuran-2-one",dihydromintlactone,goodscents,leffingwell_goodscents
170.29,CC(C)(CCC1CCCCC1)O,4-cyclohexyl-2-methylbutan-2-ol,4-cyclohexyl-2-methyl-2-butanol,goodscents,leffingwell_goodscents
236.26,CCC(C1=CC=C(C=C1)OC(=O)C)OC(=O)C,[4-(1-acetyloxypropyl)phenyl] acetate,dihydrogalangal acetate,goodscents,leffingwell_goodscents
158.19,CC/C=C/C(=O)C(OC)OC,"(E)-1,1-dimethoxyhex-3-en-2-one",schembl11600180,goodscents,leffingwell_goodscents
210.31,CCCCC1(C(=CC(=O)CC1(C)C)C)O,"4-butyl-4-hydroxy-3,5,5-trimethylcyclohex-2-en-1-one",schembl11430437,goodscents,leffingwell_goodscents
206.32,CC1(C2CCC1(C(=O)C23CCCC3)C)C,"1,7,7-trimethylspiro[bicyclo[2.2.1]heptane-3,1'-cyclopentane]-2-one",107715-18-4,goodscents,leffingwell_goodscents
156.2,CC1=CC(=C(S1)C(=O)C)O,1-(3-hydroxy-5-methylthiophen-2-yl)ethanone,133860-42-1,goodscents,leffingwell_goodscents
192.3,CC1(CCCC2C13CCC(C3)C2=O)C,"2,2-dimethyl-octahydro-1H-2,4a-methanonapthalen-8-one","2h-2,4a-methanonaphthalen-1(5h)-one, hexahydro-5,5-dimethyl-",goodscents,leffingwell_goodscents
153.22,CC/C=C\CCOCCC#N,3-[(Z)-hex-3-enoxy]propanenitrile,142653-61-0,goodscents,leffingwell_goodscents
142.15,C[C@H]1C(=O)C(=C(O1)C)OC,"(2S)-4-methoxy-2,5-dimethylfuran-3-one",(2s)-(-)-mesifurane,goodscents,leffingwell_goodscents
170.25,CCCC/C=C\CCCC(=O)O,(Z)-dec-5-enoic acid,(z)-5-decenoic acid,goodscents,leffingwell_goodscents
186.33,CC(C(C)C(C)O)C(C)C(C)(C)C,"3,4,5,6,6-pentamethylheptan-2-ol","3,4,5,6,6-pentamethylheptan-2-ol",goodscents,leffingwell_goodscents
140.22,CCC(CC=C)C(=O)CC,4-ethylhept-6-en-3-one,4-ethyl-6-hepten-3-one,goodscents,leffingwell_goodscents
156.22,CC1CCC(C(C1)O)C(=O)C,1-(2-hydroxy-4-methylcyclohexyl)ethanone,schembl888206,goodscents,leffingwell_goodscents
184.27,CC/C=C/CCCCOC(=O)CC,[(E)-oct-5-enyl] propanoate,schembl20446700,goodscents,leffingwell_goodscents
586.9,CC(C)C1=CC2=CC[C@@H]3[C@@]([C@H]2CC1)(CCC[C@@]3(C)C(=O)OC(=O)[C@@]4(CCC[C@]5([C@H]4CC=C6[C@@H]5CCC(=C6)C(C)C)C)C)C,"[(1R,4aR,4bR,10aR)-1,4a-dimethyl-7-propan-2-yl-2,3,4,4b,5,6,10,10a-octahydrophenanthrene-1-carbonyl] (1R,4aR,4bR,10aR)-1,4a-dimethyl-7-propan-2-yl-2,3,4,4b,5,6,10,10a-octahydrophenanthrene-1-carboxylate",abietic anhydride,goodscents,leffingwell_goodscents
218.33,C=CCCC(=O)C1=CC2(CCCC2)CCC1,1-spiro[4.5]dec-9-en-9-ylpent-4-en-1-one,"4-penten-1-one, 1-spiro[4.5]dec-6-en-7-yl-",goodscents,leffingwell_goodscents
144.24,CCCC(=O)SCC=C,S-prop-2-enyl butanethioate,butanethioic acid s-allyl ester,goodscents,leffingwell_goodscents
166.26,C/C=C/C(=O)/C(=C(\C)/C(C)C)/C,"(2E,5E)-5,6,7-trimethylocta-2,5-dien-4-one","2,5-octadien-4-one, 5,6,7-trimethyl-, (2e,5e)-",goodscents,leffingwell_goodscents
161.22,CCSC(=O)CNC(=O)C,S-ethyl 2-acetamidoethanethioate,n-acetylthioglycine s-ethyl ester,goodscents,leffingwell_goodscents
238.28,C1=CC=C(C=C1)COC(=O)/C=C\C2=CC=CC=C2,benzyl (Z)-3-phenylprop-2-enoate,benzyl cis-cinnamate,goodscents,leffingwell_goodscents
182.3,C[C@@H]1CCC[C@]2([C@]1(CCCC2)O)C,"(4R,4aR,8aS)-4,8a-dimethyl-1,2,3,4,5,6,7,8-octahydronaphthalen-4a-ol",(+)-geosmin,goodscents,leffingwell_goodscents
142.2,CCC(C)C(=O)C(=O)CC,"5-methylheptane-3,4-dione","5-methylheptane-3,4-dione",goodscents,leffingwell_goodscents
144.21,CCCC(=O)C(CC)OC,3-methoxyheptan-4-one,3-methoxy-4-heptanone,goodscents,leffingwell_goodscents
212.28,CCCCC[C@H]1[C@@H](CCC1=O)C(=O)OC,"methyl (1R,2S)-3-oxo-2-pentylcyclopentane-1-carboxylate","methyl (1r,2s)-3-oxo-2-pentylcyclopentanecarboxylate",goodscents,leffingwell_goodscents
228.35,C[C@@H]1CC[C@H](C(=O)C1)C(C)(C)SC(=O)C,"S-[2-[(1R,4R)-4-methyl-2-oxocyclohexyl]propan-2-yl] ethanethioate","menthone-8-thioacetate, trans-",goodscents,leffingwell_goodscents
111.14,CC(=O)C1CCC=N1,"1-(3,4-dihydro-2H-pyrrol-2-yl)ethanone",99583-29-6,goodscents,leffingwell_goodscents
156.22,CC/C=C\CCC(=O)OCC,ethyl (Z)-hept-4-enoate,ethyl (z)-hept-4-enoate,goodscents,leffingwell_goodscents
180.2,CC(C)OC1=C(C=CC(=C1)C=O)O,4-hydroxy-3-propan-2-yloxybenzaldehyde,4-hydroxy-3-isopropoxybenzaldehyde,goodscents,leffingwell_goodscents
192.3,C=CCCC(=O)C(=C)C1CCCCC1,"2-cyclohexylhepta-1,6-dien-3-one","1,6-heptadien-3-one, 2-cyclohexyl-",goodscents,leffingwell_goodscents
168.23,CCCCCC1=C(COC1=O)C,3-methyl-4-pentyl-2H-furan-5-one,142227-90-5,goodscents,leffingwell_goodscents
222.37,CC1=CCC(C1(C)C)/C=C/C(C)(C)C(C)O,"(E)-3,3-dimethyl-5-(2,2,3-trimethylcyclopent-3-en-1-yl)pent-4-en-2-ol",107898-54-4,goodscents,leffingwell_goodscents
194.31,CC(C)[C@@H](CCC(=O)C)/C=C/C(=C)C,"(5R,6E)-8-methyl-5-propan-2-ylnona-6,8-dien-2-one",2278-53-7,goodscents,leffingwell_goodscents
208.34,CC1=CCC(C1(C)C)C(=C)CC(C)CO,"2-methyl-4-(2,2,3-trimethylcyclopent-3-en-1-yl)pent-4-en-1-ol",104864-90-6,goodscents,leffingwell_goodscents
284.4,CCC(=O)OCC(C)(C)OC(C)C1CCCC(C1)(C)C,"[2-[1-(3,3-dimethylcyclohexyl)ethoxy]-2-methylpropyl] propanoate",141773-73-1,goodscents,leffingwell_goodscents
202.29,CCCOC(=O)[C@H](C)OC(C)(C)CC,propyl (2S)-2-(2-methylbutan-2-yloxy)propanoate,319002-92-1,goodscents,leffingwell_goodscents
266.4,CCC(C)C1(COC(OC1)C2CCC(=CC2C)C)C,"5-butan-2-yl-2-(2,4-dimethylcyclohex-3-en-1-yl)-5-methyl-1,3-dioxane",117933-89-8,goodscents,leffingwell_goodscents
206.32,CC1=C(C(=O)C(CC1)(C)CC=C(C)C)C,"2,3,6-trimethyl-6-(3-methylbut-2-enyl)cyclohex-2-en-1-one",schembl4412683,goodscents,leffingwell_goodscents
214.3,CC1=CCCC(C1=O)(C)CC2=CC=CC=C2,"6-benzyl-2,6-dimethylcyclohex-2-en-1-one",schembl4415297,goodscents,leffingwell_goodscents
206.32,CC1CC(C(=O)C(=C1)C)(C)CC=C(C)C,"2,4,6-trimethyl-6-(3-methylbut-2-enyl)cyclohex-2-en-1-one",schembl2184267,goodscents,leffingwell_goodscents
118.07,[O-]P(=O)=O.[K+],,potassium metaphosphate,goodscents,leffingwell_goodscents
304.5,CC1CC(=CC(C1C=O)C)C.CC1C=C(CC(C1C)C=O)C,"2,4,6-trimethylcyclohex-3-ene-1-carbaldehyde;3,5,6-trimethylcyclohex-3-ene-1-carbaldehyde",1335-66-6,goodscents,leffingwell_goodscents
174.33,O.O.O.OP(=O)([O-])[O-].[Mg+2],magnesium;hydrogen phosphate;trihydrate,magnesium hydrogen phosphate trihydrate,goodscents,leffingwell_goodscents
174.2,CC1=C2C=CC=CC2=C(O1)C(=O)C,1-(3-methyl-2-benzofuran-1-yl)ethanone,schembl114253,goodscents,leffingwell_goodscents
182.26,C/C=C(/C)\C(=O)OCCC(C)C=C,3-methylpent-4-enyl (Z)-2-methylbut-2-enoate,3-methyl-4-pentenyl 2-methylisocrotonate,goodscents,leffingwell_goodscents
212.33,CC1CCC(C(C1)C(C)(C)C)OC(=O)C,(2-tert-butyl-4-methylcyclohexyl) acetate,2-tert-butyl-4-methylcyclohexyl acetate,goodscents,leffingwell_goodscents
332.5,CCCCCCCCCCCCCCCCC(=O)O.C(CO)O,"ethane-1,2-diol;heptadecanoic acid","ethane-1,2-diol;heptadecanoic acid",goodscents,leffingwell_goodscents
204.35,C[C@@H]1CC[C@@H]2[C@@H](C2(C)C)C3=C(CCC13)C,"(1aR,4R,7bS)-1,1,4,7-tetramethyl-1a,2,3,4,4a,5,6,7b-octahydrocyclopropa[e]azulene",(-)-alpha-gurjunene,goodscents,leffingwell_goodscents
204.35,C[C@@H]1CC[C@H](C=C2C1CC[C@H]2C)C(=C)C,"(1R,4R,7R)-1,4-dimethyl-7-prop-1-en-2-yl-1,2,3,3a,4,5,6,7-octahydroazulene",22567-17-5,goodscents,leffingwell_goodscents
199.7,C[S+](C)CC[C@@H](C(=O)O)N.[Cl-],[(3S)-3-amino-3-carboxypropyl]-dimethylsulfanium;chloride,1115-84-0,goodscents,leffingwell_goodscents
404.6,CCCCCCC(CCO)O.CCCCCCC(CCOC(=O)C)OC(=O)C,"3-acetyloxynonyl acetate;nonane-1,3-diol","3-acetyloxynonyl acetate;nonane-1,3-diol",goodscents,leffingwell_goodscents
272.39,CCC1=NC(=CN=C1C)C.CCC1=NC=C(N=C1C)C,"2-ethyl-3,5-dimethylpyrazine;3-ethyl-2,5-dimethylpyrazine",84561-41-1,goodscents,leffingwell_goodscents
244.34,CCC1=NC(=CN=C1)C.CCC1=NC=C(N=C1)C,2-ethyl-5-methylpyrazine;2-ethyl-6-methylpyrazine,2-ethyl-5(6)-methylpyrazine,goodscents,leffingwell_goodscents
182.26,CC/C=C\CCOC(=O)/C(=C\C)/C,[(Z)-hex-3-enyl] (Z)-2-methylbut-2-enoate,(z)-3-hexenyl angelate,goodscents,leffingwell_goodscents
168.23,CC/C=C\CCOC(=O)/C=C/C,[(Z)-hex-3-enyl] (E)-but-2-enoate,cis-3-hexenyl crotonate,goodscents,leffingwell_goodscents
246.4,C[C@@H]1CC[C@@H]2[C@@]13C[C@H](C2(C)C)C(=C(C3)C(=O)C)C,"1-[(1R,2R,5S,7R)-2,6,6,8-tetramethyl-9-tricyclo[5.3.1.01,5]undec-8-enyl]ethanone",32388-55-9,goodscents,leffingwell_goodscents
224.34,CCCC/C=C\CCCC1CCCC(=O)O1,6-[(Z)-non-4-enyl]oxan-2-one,"9-tetradecen-5-olide, (9z)-",goodscents,leffingwell_goodscents
168.23,C[C@H](C=O)[C@H]1CC[C@@](O1)(C)C=C,"(2S)-2-[(2R,5S)-5-ethenyl-5-methyloxolan-2-yl]propanal",unii-4tb943ojyt,goodscents,leffingwell_goodscents
381.4,B1(O[B-]2(OB(O[B-](O1)(O2)O)O)O)O.O.O.O.O.O.O.O.O.[Na+].[Na+],"disodium;1,3,5,7-tetrahydroxy-2,4,6,8,9-pentaoxa-3,7-dibora-1,5-diboranuidabicyclo[3.3.1]nonane;octahydrate",disodium tetraborate octahydrate,goodscents,leffingwell_goodscents
165.27,C/C=C\CCCCCCCC#N,(Z)-undec-9-enenitrile,"9-undecenenitrile, (9z)-",goodscents,leffingwell_goodscents
234.25,C([C@H]([C@H]([C@@H]([C@H](C(=O)[O-])O)O)O)O)O.[K+],"potassium;(2R,3S,4R,5R)-2,3,4,5,6-pentahydroxyhexanoate",potassium gluconate,goodscents,leffingwell_goodscents
236.39,CC1C2CCC(C2)(C1(C)C)C3(CCCCC3)O,"1-(2,2,3-trimethyl-1-bicyclo[2.2.1]heptanyl)cyclohexan-1-ol",80748-58-9,goodscents,leffingwell_goodscents
234.38,CC1C2=C(CCCC2(C)C)CCC1(C)C(=O)C,"1-(1,2,8,8-tetramethyl-1,3,4,5,6,7-hexahydronaphthalen-2-yl)ethanone",georgywood,goodscents,leffingwell_goodscents
204.31,CC1=C(C=CC(=C1)CC(C)C)CCC=O,3-[2-methyl-4-(2-methylpropyl)phenyl]propanal,3-(4-isobutyl-2-methylphenyl)propanal,goodscents,leffingwell_goodscents
125.17,CCCCC1=CN=CO1,"5-butyl-1,3-oxazole",5-butyloxazole,goodscents,leffingwell_goodscents
355.4,COC1=C(C=C(C=C1)/C=C/C(=O)NCCC2=CC3=C(C=C2)OCO3)OC,"(E)-N-[2-(1,3-benzodioxol-5-yl)ethyl]-3-(3,4-dimethoxyphenyl)prop-2-enamide",unii-nt6kzd17f5,goodscents,leffingwell_goodscents
182.4,CCC(S)SC(CC)S,1-(1-sulfanylpropylsulfanyl)propane-1-thiol,unii-2h23kz912j,goodscents,leffingwell_goodscents
151.25,CC(CCC#N)C1CCCC1,4-cyclopentylpentanenitrile,schembl6564276,goodscents,leffingwell_goodscents
160.28,CCC1OCCC(S1)(C)C,"2-ethyl-4,4-dimethyl-1,3-oxathiane","1,3-oxathiane, 2-ethyl-4,4-dimethyl-",goodscents,leffingwell_goodscents
182.26,CCC1CCC2(CC1)CCC(=O)O2,8-ethyl-1-oxaspiro[4.5]decan-2-one,91069-39-5,goodscents,leffingwell_goodscents
160.21,CCC(C)C(=O)OC(C)CO,1-hydroxypropan-2-yl 2-methylbutanoate,unii-3z73c506a9,goodscents,leffingwell_goodscents
226.35,CC(CO)COC1CC2CCC1(C2(C)C)C,"2-methyl-3-[(1,7,7-trimethyl-2-bicyclo[2.2.1]heptanyl)oxy]propan-1-ol",128119-70-0,goodscents,leffingwell_goodscents
198.34,CCC(C)(C)C1CCC(CC1)OCC,1-ethoxy-4-(2-methylbutan-2-yl)cyclohexane,181258-87-7,goodscents,leffingwell_goodscents
534.9,CC(C)CCCCCCCCCCOC(/C=C(\C)/CCC=C(C)C)OCCCCCCCCCCC(C)C,"1-[(2E)-3,7-dimethyl-1-(11-methyldodecoxy)octa-2,6-dienoxy]-11-methyldodecane",einecs 299-092-5,goodscents,leffingwell_goodscents
202.14,[O-][Si](=O)[O-].[O-][Si](=O)[O-].[Na+].[Al+3],aluminum;sodium;dioxido(oxo)silane,sodium aluminosilicate,goodscents,leffingwell_goodscents
111.1,CC(=O)C1=NC=CO1,"1-(1,3-oxazol-2-yl)ethanone",1-(oxazol-2-yl)ethanone,goodscents,leffingwell_goodscents
154.25,CCC1CC2CC1CC2OC,2-ethyl-5-methoxybicyclo[2.2.1]heptane,2-ethyl-5-methoxybicyclo[2.2.1]heptane,goodscents,leffingwell_goodscents
132.23,CC(C)C(C(=O)C)S,4-methyl-3-sulfanylpentan-2-one,4-methyl-3-sulfanylpentan-2-one,goodscents,leffingwell_goodscents
220.31,CC1C2CC3CC1C(C(C2)C3=C)OC(=O)C,(4-methyl-8-methylidene-2-adamantyl) acetate,122760-85-4,goodscents,leffingwell_goodscents
137.22,CCC(C)CN1C=CC=C1,1-(2-methylbutyl)pyrrole,1-(2-methylbutyl)-1h-pyrrole,goodscents,leffingwell_goodscents
144.25,CC(C)CCC(C)C(C)O,"3,6-dimethylheptan-2-ol","3,6-dimethylheptan-2-ol",goodscents,leffingwell_goodscents
198.22,CCCC(=O)OC1=C(OC(C1=O)C)C,"(2,5-dimethyl-4-oxofuran-3-yl) butanoate",114099-96-6,goodscents,leffingwell_goodscents
144.3,CSCC1=CSC=C1,3-(methylsulfanylmethyl)thiophene,3-(methylthio)methylthiophene,goodscents,leffingwell_goodscents
206.32,CC1C=CC2(O1)C=C(CCC2C(C)C)C,"2,9-dimethyl-6-propan-2-yl-1-oxaspiro[4.5]deca-3,9-diene",89079-92-5,goodscents,leffingwell_goodscents
206.32,CC1CC=C(C2(C1(C)C)C=CC(O2)C)C,"2,6,6,7,10-pentamethyl-1-oxaspiro[4.5]deca-3,9-diene",63128-04-1,goodscents,leffingwell_goodscents
196.29,CC1CC=CCC12COC(OC2)(C)C,"3,3,11-trimethyl-2,4-dioxaspiro[5.5]undec-8-ene",schembl11642654,goodscents,leffingwell_goodscents
182.26,CC1CC=CCC12COC(OC2)C,"3,11-dimethyl-2,4-dioxaspiro[5.5]undec-8-ene",schembl11639871,goodscents,leffingwell_goodscents
196.29,CC1CC(=C(CC12COCOC2)C)C,"8,9,11-trimethyl-2,4-dioxaspiro[5.5]undec-8-ene",schembl11646892,goodscents,leffingwell_goodscents
228.4,CC1=C(C=CO1)SSC2CCCCC2,3-(cyclohexyldisulfanyl)-2-methylfuran,3-(cyclohexyldisulfanyl)-2-methylfuran,goodscents,leffingwell_goodscents
156.18,CCC#CC(=O)C(OC)OC,"1,1-dimethoxyhex-3-yn-2-one","1,1-dimethoxyhex-3-yn-2-one",goodscents,leffingwell_goodscents
186.29,CCCCC(C)(CC)C(=O)OCC,ethyl 2-ethyl-2-methylhexanoate,schembl8849887,goodscents,leffingwell_goodscents
180.29,CC(=O)CC1C2CCC(C2)C1(C)C,"1-(3,3-dimethyl-2-bicyclo[2.2.1]heptanyl)propan-2-one",schembl11466770,goodscents,leffingwell_goodscents
132.3,CC1=CC(CS1)S,"5-methyl-2,3-dihydrothiophene-3-thiol","2,3-dihydro-5-methyl-3-thiophenethiol",goodscents,leffingwell_goodscents
204.37,CCCCCC(C(CCCC)S)O,5-sulfanylundecan-6-ol,schembl11653789,goodscents,leffingwell_goodscents
202.36,CCCCCC(=O)C(CCCC)S,5-sulfanylundecan-6-one,schembl11659766,goodscents,leffingwell_goodscents
192.28,CSC/C(=C\C1=CC=CC=C1)/C=O,(Z)-2-(methylsulfanylmethyl)-3-phenylprop-2-enal,(2z)-2-(methylthiomethyl)-3-phenyl-2-propenal,goodscents,leffingwell_goodscents
168.28,CC(C)(C)C(CC/C=C/C=C)O,"(6E)-2,2-dimethylnona-6,8-dien-3-ol",schembl11027653,goodscents,leffingwell_goodscents
163.17,CC1=CC(=C(C(=C1C#N)O)C)O,"2,4-dihydroxy-3,6-dimethylbenzonitrile","2,5-dimethyl-4-cyanoresorcinol",goodscents,leffingwell_goodscents
165.19,CC1CC(=O)C(C(=O)C1C#N)C,"3,6-dimethyl-2,4-dioxocyclohexane-1-carbonitrile",schembl11047778,goodscents,leffingwell_goodscents
216.39,CCCCCC1OCCC(S1)CCC,"2-pentyl-4-propyl-1,3-oxathiane",schembl1308539,goodscents,leffingwell_goodscents
176.32,CCCCC(C(CCC)S)O,4-sulfanylnonan-5-ol,schembl11252734,goodscents,leffingwell_goodscents
174.31,CCCCC(=O)C(CCC)S,4-sulfanylnonan-5-one,4-sulfanylnonan-5-one,goodscents,leffingwell_goodscents
174.31,CC(C)CC(=O)C(C(C)C)S,"2,6-dimethyl-3-sulfanylheptan-4-one",schembl11238904,goodscents,leffingwell_goodscents
184.27,CC(CC=O)C1CCC(CC1)(C)O,3-(4-hydroxy-4-methylcyclohexyl)butanal,schembl11274055,goodscents,leffingwell_goodscents
155.22,CCC(=O)C1=NC(=CS1)C,"1-(4-methyl-1,3-thiazol-2-yl)propan-1-one",4-methyl-2-propionylthiazole,goodscents,leffingwell_goodscents
166.26,CC1=CCC(CC1)C(CC=C)O,1-(4-methylcyclohex-3-en-1-yl)but-3-en-1-ol,schembl11306894,goodscents,leffingwell_goodscents
182.3,CC1CC2(CCC1C(O2)C(C)C)C,"1,5-dimethyl-3-propan-2-yl-2-oxabicyclo[2.2.2]octane",schembl11303738,goodscents,leffingwell_goodscents
180.29,CC1CC(=CCC1C(CC=C)O)C,"1-(4,6-dimethylcyclohex-3-en-1-yl)but-3-en-1-ol",71477-77-5,goodscents,leffingwell_goodscents
215.33,CCC(CC)(CC)C(=O)NC(C)(C)CO,"2,2-diethyl-N-(1-hydroxy-2-methylpropan-2-yl)butanamide",schembl291139,goodscents,leffingwell_goodscents
162.25,CCOC(=O)C(C)C(C)S,ethyl 2-methyl-3-sulfanylbutanoate,ethyl 3-mercapto-2-methylbutanoate,goodscents,leffingwell_goodscents
171.24,CCC/C=C(/C#N)\C1=CC=CC=C1,(E)-2-phenylhex-2-enenitrile,2-phenyl-hex-2-enenitrile,goodscents,leffingwell_goodscents
282.3,C/C=C\C1=CC(=C(C=C1)OC(=O)CC2=CC=CC=C2)OC,[2-methoxy-4-[(Z)-prop-1-enyl]phenyl] 2-phenylacetate,isoeugenol phenylacetate,goodscents,leffingwell_goodscents
182.3,CC(/C(=C(/C)\C(=O)C)/C)C(C)(C)C,"(Z)-3,4,5,6,6-pentamethylhept-3-en-2-one",81786-73-4,goodscents,leffingwell_goodscents
198.3,CC/C=C\CCOC(=O)C(CC)CC,[(Z)-hex-3-enyl] 2-ethylbutanoate,(z)-hex-3-enyl 2-ethylbutyrate,goodscents,leffingwell_goodscents
152.23,CC(=CC/C=C(/C)\CC=O)C,"(3Z)-3,7-dimethylocta-3,6-dienal",isoneral,goodscents,leffingwell_goodscents
236.31,CCOC(C)OC1=C(C=C(C=C1)/C=C\C)OC,1-(1-ethoxyethoxy)-2-methoxy-4-[(Z)-prop-1-enyl]benzene,schembl13269284,goodscents,leffingwell_goodscents
182.26,CCCCCCC1C(O1)C=CC=O,3-(3-hexyloxiran-2-yl)prop-2-enal,3-(3-hexyloxiran-2-yl)prop-2-enal,goodscents,leffingwell_goodscents
140.18,CCCC1C(O1)C=CC=O,3-(3-propyloxiran-2-yl)prop-2-enal,3-(3-propyloxiran-2-yl)prop-2-enal,goodscents,leffingwell_goodscents
196.29,CC1=CC[C@H](C1(C)C)CCOC(=O)C,"2-[(1S)-2,2,3-trimethylcyclopent-3-en-1-yl]ethyl acetate",campholene acetate,goodscents,leffingwell_goodscents
126.2,C/C=C\CCCCC=O,(Z)-oct-6-enal,"6-octenal, (6z)-",goodscents,leffingwell_goodscents
168.23,CCOC(=O)CC/C=C\CC=C,"ethyl (4Z)-octa-4,7-dienoate","ethyl (z)-4,7-octadienoate",goodscents,leffingwell_goodscents
156.22,CCC/C=C\CCOC(=O)C,[(Z)-hept-3-enyl] acetate,1576-78-9,goodscents,leffingwell_goodscents
136.3,CCCCCSS,1-(disulfanyl)pentane,pentyl hydrodisulfide,goodscents,leffingwell_goodscents
172.26,CC1CC[C@H]([C@@H](C1)O)C(C)(C)O,"(1R,2R)-2-(2-hydroxypropan-2-yl)-5-methylcyclohexan-1-ol",trans-2-(2-hydroxypropan-2-yl)-5-methylcyclohexanol,goodscents,leffingwell_goodscents
208.34,CC1(C2CCC(C2)C1C(C)(CC=C)O)C,"2-(3,3-dimethyl-2-bicyclo[2.2.1]heptanyl)pent-4-en-2-ol",schembl11534292,goodscents,leffingwell_goodscents
158.24,CCCC(CC)CCC(=O)O,4-ethylheptanoic acid,4-ethylheptanoic acid,goodscents,leffingwell_goodscents
202.33,CC(C)C(CCC(C)O)CCC(C)O,"5-propan-2-ylnonane-2,8-diol",unii-zy49nzt2md,goodscents,leffingwell_goodscents
136.15,CC1=NC=C2COCC2=N1,"2-methyl-5,7-dihydrofuro[3,4-d]pyrimidine",36267-74-0,goodscents,leffingwell_goodscents
164.2,CC1C2=CN=C(N=C2C(O1)C)C,"2,5,7-trimethyl-5,7-dihydrofuro[3,4-d]pyrimidine",schembl11790663,goodscents,leffingwell_goodscents
150.18,CC1C2=NC(=NC=C2CO1)C,"2,7-dimethyl-5,7-dihydrofuro[3,4-d]pyrimidine","2,7-dimethyl-5,7-dihydrofuro[3,4-d]pyrimidine",goodscents,leffingwell_goodscents
150.22,CC1=CC2C(=C(CO2)C)CC1,"3,6-dimethyl-2,4,5,7a-tetrahydro-1-benzofuran",linden ether,goodscents,leffingwell_goodscents
184.32,CC(C(C)O)C(=C)C(C)C(C)(C)C,"3,5,6,6-tetramethyl-4-methylideneheptan-2-ol",kohinool,goodscents,leffingwell_goodscents
208.34,CC/C(=C/CC1CC=C(C1(C)C)C)/CO,"(Z)-2-ethyl-4-(2,2,3-trimethylcyclopent-3-en-1-yl)but-2-en-1-ol","(z)-2-ethyl-4-(2,2,3-trimethylcyclopent-3-en-1-yl)but-2-en-1-ol",goodscents,leffingwell_goodscents
156.26,CCCCC(CC)CCC=O,4-ethyloctanal,4-ethyloctanal,goodscents,leffingwell_goodscents
270.36,CCC(=O)OCC(=O)OC(C)C1CCCC(C1)(C)C,"[2-[1-(3,3-dimethylcyclohexyl)ethoxy]-2-oxoethyl] propanoate",236391-76-7,goodscents,leffingwell_goodscents
194.27,C/C(=C\C/C=C(/C)\C=C)/COC(=O)C,"[(2E,5Z)-2,6-dimethylocta-2,5,7-trienyl] acetate","(3z,6e)-8-ocimenyl acetate",goodscents,leffingwell_goodscents
238.37,CCC(C)C(=O)OC1CC2CCC1(C2(C)C)C,"(1,7,7-trimethyl-2-bicyclo[2.2.1]heptanyl) 2-methylbutanoate",bornyl 2-methylbutyrate,goodscents,leffingwell_goodscents
228.4,CC(C)CC(=O)C(C(C)C)SCC(=C)C,"2,6-dimethyl-3-(2-methylprop-2-enylsulfanyl)heptan-4-one",schembl9793603,goodscents,leffingwell_goodscents
160.28,CCCC(=O)C(CC)SC,3-methylsulfanylheptan-4-one,64549-15-1,goodscents,leffingwell_goodscents
286.5,CCCC(=O)C(CC)SC(C(C)C)C(=O)CC(C)C,"2,6-dimethyl-3-(4-oxoheptan-3-ylsulfanyl)heptan-4-one",schembl9793615,goodscents,leffingwell_goodscents
214.37,CC(C)CC(=O)C(C(C)C)SCC=C,"2,6-dimethyl-3-prop-2-enylsulfanylheptan-4-one",schembl9793517,goodscents,leffingwell_goodscents
162.25,CCOC(=O)CC(C)SC,ethyl 3-methylsulfanylbutanoate,ethyl 3-(methylsulfanyl)butanoate,goodscents,leffingwell_goodscents
206.32,CCC1=CCCC(C12C=CC(O2)C)(C)C,"10-ethyl-2,6,6-trimethyl-1-oxaspiro[4.5]deca-3,9-diene",etaspirene,goodscents,leffingwell_goodscents
210.27,CC(OCCOC)OCC1=CC=CC=C1,1-(2-methoxyethoxy)ethoxymethylbenzene,benzyl methoxyethyl acetal,goodscents,leffingwell_goodscents
184.27,CCCCCCOC(=O)/C(=C\C)/C,hexyl (Z)-2-methylbut-2-enoate,hexyl angelate,goodscents,leffingwell_goodscents
164.24,CC(CC1=CC=CC=C1)COC,(3-methoxy-2-methylpropyl)benzene,(3-methoxy-2-methylpropyl)benzene,goodscents,leffingwell_goodscents
170.29,CC(C)CC1CCCC(C1)(C)O,1-methyl-3-(2-methylpropyl)cyclohexan-1-ol,215231-33-7,goodscents,leffingwell_goodscents
171.26,CC(C)CC1=C(SC=N1)OC,"5-methoxy-4-(2-methylpropyl)-1,3-thiazole",4-isobutyl-5-methoxythiazole,goodscents,leffingwell_goodscents
158.24,CCCCC1COCC(O1)C,"2-butyl-6-methyl-1,4-dioxane",schembl11615059,goodscents,leffingwell_goodscents
156.26,CC(C)CCCC(=C)CCO,7-methyl-3-methylideneoctan-1-ol,bupleurol,goodscents,leffingwell_goodscents
202.29,CC(C)C1CC(C=CO1)C2=CC=CC=C2,"4-phenyl-2-propan-2-yl-3,4-dihydro-2H-pyran",schembl11599949,goodscents,leffingwell_goodscents
206.24,CC(C)C1=CC2=C(C=C1)OCC(=O)CO2,"7-propan-2-yl-1,5-benzodioxepin-3-one","2h-1,5-benzodioxepin-3(4h)-one, 7-(1-methylethyl)-",goodscents,leffingwell_goodscents
134.24,CCSC(C)CCO,3-ethylsulfanylbutan-1-ol,3-(ethylthio)-1-butanol,goodscents,leffingwell_goodscents
123.2,CC(C)CN1C=CC=C1,1-(2-methylpropyl)pyrrole,1-isobutyl-1h-pyrrole,goodscents,leffingwell_goodscents
210.31,CC1C=CC2(O1)C(CCCC2(C)O)(C)C,"2,6,10,10-tetramethyl-1-oxaspiro[4.5]dec-3-en-6-ol",schembl11471610,goodscents,leffingwell_goodscents
132.16,CC1C=CC2=NC=CN=C12,5-methyl-5H-cyclopenta[b]pyrazine,5-methyl-5h-cyclopenta[b]pyrazine,goodscents,leffingwell_goodscents
150.22,CC1=CC(C=C(C1=O)C)(C)C,"2,4,4,6-tetramethylcyclohexa-2,5-dien-1-one","2,4,4,6-tetramethylcyclohexa-2,5-dien-1-one",goodscents,leffingwell_goodscents
158.24,CCCCC[C@H]1OC[C@@H](O1)C,"(2S,4S)-4-methyl-2-pentyl-1,3-dioxolane","trans-4-methyl-2-pentyl-1,3-dioxolane",goodscents,leffingwell_goodscents
238.37,CC(C)CC(=O)O[C@@H]1C[C@@H]2CC[C@]1(C2(C)C)C,"[(1S,2R,4S)-1,7,7-trimethyl-2-bicyclo[2.2.1]heptanyl] 3-methylbutanoate",bornyl isovalerate,goodscents,leffingwell_goodscents
214.1,C(C(=O)O)C(CC(=O)O)(C(=O)[O-])O.[Na+],"sodium;2-(carboxymethyl)-2,4-dihydroxy-4-oxobutanoate",sodium dihydrogen citrate,goodscents,leffingwell_goodscents
142.09,CC(=O)O.CC(=O)[O-].[Na+],sodium;acetic acid;acetate,sodium diacetate,goodscents,leffingwell_goodscents
214.001,[O-]I(=O)=O.[K+],potassium;iodate,potassium iodate,goodscents,leffingwell_goodscents
112.06,CC(C(=O)[O-])O.[Na+],sodium;2-hydroxypropanoate,compound sodium lactate solution,goodscents,leffingwell_goodscents
198.11,C([C@@H]([C@@H]1C(=C(C(=O)O1)O)[O-])O)O.[Na+],"sodium;(2R)-2-[(1S)-1,2-dihydroxyethyl]-4-hydroxy-5-oxo-2H-furan-3-olate",sodium ascorbate,goodscents,leffingwell_goodscents
255.97,C1(=NC(=O)N(C(=O)N1Cl)Cl)[O-].O.O.[Na+],"sodium;1,5-dichloro-4,6-dioxo-1,3,5-triazin-2-olate;dihydrate",sodium dichloroisocyanurate dihydrate,goodscents,leffingwell_goodscents
186.14,C1=CC=C(C=C1)CC(=O)C(=O)[O-].[Na+],sodium;2-oxo-3-phenylpropanoate,sodium phenylpyruvate,goodscents,leffingwell_goodscents
293.38,CCCCCCCCCCCC(=O)N(C)CC(=O)[O-].[Na+],sodium;2-[dodecanoyl(methyl)amino]acetate,137-16-6,goodscents,leffingwell_goodscents
216.17,COC1=C(C=CC(=C1)/C=C/C(=O)[O-])O.[Na+],sodium;(E)-3-(4-hydroxy-3-methoxyphenyl)prop-2-enoate,sodium ferulate,goodscents,leffingwell_goodscents
200.27,CCOCCOC(C)C(=O)[O-].[K+],potassium;2-(2-ethoxyethoxy)propanoate,potassium 2-(1'-ethoxy) ethoxypropanoate,goodscents,leffingwell_goodscents
218.18,CC(C(=O)[O-])OC1=CC=C(C=C1)OC.[Na+],sodium;2-(4-methoxyphenoxy)propanoate,sodium 2-(4-methoxyphenoxy)propanoate,goodscents,leffingwell_goodscents
128.17,CC(C(=O)[O-])O.[K+],potassium;2-hydroxypropanoate,potassium lactate,goodscents,leffingwell_goodscents
119.977,OP(=O)(O)[O-].[Na+],sodium;dihydrogen phosphate,monosodium phosphate,goodscents,leffingwell_goodscents
150.22,CC=CC=CC(=O)[O-].[K+],"potassium;hexa-2,4-dienoate","potassium;hexa-2,4-dienoate",goodscents,leffingwell_goodscents
169.11,C(CC(=O)O)C(C(=O)[O-])N.[Na+],sodium;2-amino-5-hydroxy-5-oxopentanoate,poly-l-glutamic acid,goodscents,leffingwell_goodscents
156.07,C(C(C(=O)O)O)C(=O)[O-].[Na+],"sodium;3,4-dihydroxy-4-oxobutanoate",monosodium malate,goodscents,leffingwell_goodscents
201.24,CC1=CC(=NS(=O)(=O)O1)[O-].[K+],"potassium;6-methyl-2,2-dioxooxathiazin-4-olate",acesulfame potassium,goodscents,leffingwell_goodscents
198.11,C([C@H]([C@@H]1C(=C(C(=O)O1)O)[O-])O)O.[Na+],"sodium;(2R)-2-[(1R)-1,2-dihydroxyethyl]-4-hydroxy-5-oxo-2H-furan-3-olate",sodium erythorbate,goodscents,leffingwell_goodscents
161.16,CNCCS(=O)(=O)[O-].[Na+],sodium;2-(methylamino)ethanesulfonate,4316-74-9,goodscents,leffingwell_goodscents
388.5,CCCCCCCCCCCCOC(=O)CC(C(=O)O)S(=O)(=O)[O-].[Na+],"sodium;4-dodecoxy-1-hydroxy-1,4-dioxobutane-2-sulfonate","succinic acid, sulfo-, monododecyl ester, disodium salt",goodscents,leffingwell_goodscents
321.4,CCCCCCCCCCCCCC(=O)N(C)CC(=O)[O-].[Na+],sodium;2-[methyl(tetradecanoyl)amino]acetate,30364-51-3,goodscents,leffingwell_goodscents
187.13,C(CC(=O)[O-])[C@@H](C(=O)O)N.O.[Na+],sodium;(4S)-4-amino-5-hydroxy-5-oxopentanoate;hydrate,l-glutamic acid monosodium salt monohydrate,goodscents,leffingwell_goodscents
186.29,CCC(C)(CCCC(C)C=O)OC,"6-methoxy-2,6-dimethyloctanal","6-methoxy-2,6-dimethyloctanal",goodscents,leffingwell_goodscents
648.9,CCCCCCCCCCCCCCCCCC(=O)OCCOCC(C1C(C(CO1)OCCOC)OCCOC)OCCOC,"2-[2-[3,4-bis(2-methoxyethoxy)oxolan-2-yl]-2-(2-methoxyethoxy)ethoxy]ethyl octadecanoate",schembl20914787,goodscents,leffingwell_goodscents
524.8,C/C(=C/CC[C@@]1([C@H]2CC[C@H](C2)C1=C)C)/COC(=O)C.C/C(=C/CC[C@@]1(C2C[C@@H]3C1(C3C2)C)C)/COC(=O)C,"[(Z)-5-[(1S,3R)-2,3-dimethyl-3-tricyclo[2.2.1.02,6]heptanyl]-2-methylpent-2-enyl] acetate;[(Z)-2-methyl-5-[(1S,2R,4R)-2-methyl-3-methylidene-2-bicyclo[2.2.1]heptanyl]pent-2-enyl] acetate",[2-methyl-5-(2-methyl-3-methylidene-2-bicyclo[2.2.1]heptanyl)pent-2-enyl] acetate,goodscents,leffingwell_goodscents
277.33,CCCCCCCC(=O)CC(=O)[O-].C(C(CO)O)O,"3-oxodecanoate;propane-1,2,3-triol","3-oxodecanoate;propane-1,2,3-triol",goodscents,leffingwell_goodscents
249.28,CCCCCC(=O)CC(=O)[O-].C(C(CO)O)O,"3-oxooctanoate;propane-1,2,3-triol","3-oxooctanoate;propane-1,2,3-triol",goodscents,leffingwell_goodscents
333.4,CCCCCCCCCCCC(=O)CC(=O)[O-].C(C(CO)O)O,"3-oxotetradecanoate;propane-1,2,3-triol","3-oxotetradecanoate;propane-1,2,3-triol",goodscents,leffingwell_goodscents
198.3,CC1CCC(C1(C)C)CCCC(=O)O,"4-(2,2,3-trimethylcyclopentyl)butanoic acid","4-(2,2,3-trimethylcyclopentyl)butanoic acid",goodscents,leffingwell_goodscents
448.16,C([C@@H]([C@@H]([C@H]([C@H](C(=O)O)O)O)O)O)O.C([C@@H]([C@@H]([C@H]([C@H](C(=O)O)O)O)O)O)O.[Fe],"iron;(2R,3R,4S,5S)-2,3,4,5,6-pentahydroxyhexanoic acid","iron;(2R,3R,4S,5S)-2,3,4,5,6-pentahydroxyhexanoic acid",goodscents,leffingwell_goodscents
199.27,CCC(=O)OCCC1=C(N=CS1)C,"2-(4-methyl-1,3-thiazol-5-yl)ethyl propanoate",324742-96-3,goodscents,leffingwell_goodscents
194.31,CC1=CCCC([C@@H]1CCC(=O)C)(C)C,"4-[(1S)-2,6,6-trimethylcyclohex-2-en-1-yl]butan-2-one",(s)-(?)-dihydro-alpha-ionone,goodscents,leffingwell_goodscents
150.22,CC1([C@H]2CC1CC=C2C=O)C,"(1R)-6,6-dimethylbicyclo[3.1.1]hept-2-ene-2-carbaldehyde","(1r)-6,6-dimethylbicyclo[3.1.1]hept-2-en-2-carboxaldehyde",goodscents,leffingwell_goodscents
192.3,CC1C2C3CCC(C3)C2C(=C1C)OC,"3-methoxy-4,5-dimethyltricyclo[5.2.1.02,6]dec-3-ene","3a,4,5,6,7,7a-hexahydromethoxydimethyl-4,7-methano-1h-indene",goodscents,leffingwell_goodscents
218.29,CC1=CC[C@H]2[C@@H]1[C@@H]3C[C@H]2[C@H](C3=C)OC(=O)C,"[(1S,2R,6S,7R,8R)-3-methyl-9-methylidene-8-tricyclo[5.2.1.02,6]dec-3-enyl] acetate",81836-13-7,goodscents,leffingwell_goodscents
168.23,CC/C=C\CCOC(=O)C1CC1,[(Z)-hex-3-enyl] cyclopropanecarboxylate,188570-78-7,goodscents,leffingwell_goodscents
236.35,CC1=CC2C(CC1CC2C(C)C)C3OCCO3,"2-(5-methyl-7-propan-2-yl-2-bicyclo[2.2.2]oct-5-enyl)-1,3-dioxolane",94087-23-7,goodscents,leffingwell_goodscents
220.31,CCCC(=O)OC1C=CC2C1C3CCC2C3,"3-tricyclo[5.2.1.02,6]dec-4-enyl butanoate","3-tricyclo[5.2.1.02,6]dec-4-enyl butanoate",goodscents,leffingwell_goodscents
198.3,CC1COC(O1)C(C)CCC=C(C)C,"4-methyl-2-(6-methylhept-5-en-2-yl)-1,3-dioxolane",74094-63-6,goodscents,leffingwell_goodscents
238.37,C[C@@H]1CC[C@H]2[C@H](C2(C)C)C13COC(OC3)(C)C,"(1'R,3'R,6'S)-2,2,3',7',7'-pentamethylspiro[1,3-dioxane-5,2'-bicyclo[4.1.0]heptane]",121251-68-1,goodscents,leffingwell_goodscents
297.5,CCCCCCCCCC(=O)OCCC1=C(N=CS1)C,"2-(4-methyl-1,3-thiazol-5-yl)ethyl decanoate",2-(4-methyl-5-thiazolyl)ethyl decanoate,goodscents,leffingwell_goodscents
227.26,C1=CC=C(C(=C1)C(=O)CCC2=CC=NC=C2)O,1-(2-hydroxyphenyl)-3-pyridin-4-ylpropan-1-one,1186004-10-3,goodscents,leffingwell_goodscents
222.37,C[C@@H](CC/C=C(\C)/CCC=C(C)C)CC=O,"(3S,6E)-3,7,11-trimethyldodeca-6,10-dienal","3s,7,11-trimethyl-6e,10-dodecadienal",goodscents,leffingwell_goodscents
296.31,C=CCC1=CC=C(C=C1)O[C@H]2[C@@H]([C@H]([C@@H]([C@H](O2)CO)O)O)O,"(2R,3S,4S,5R,6S)-2-(hydroxymethyl)-6-(4-prop-2-enylphenoxy)oxane-3,4,5-triol",4-(2-propenyl)phenyl-beta-d-glucopyranoside,goodscents,leffingwell_goodscents
584.4,[C@@H]1([C@@H]([C@H](O[C@H]([C@H]1O)O[C@H]2[C@@H]([C@@H]([C@@H](O[C@H]2C(=O)O)O[C@H]3[C@@H]([C@@H]([C@@H](O[C@H]3C(=O)[O-])O)O)O)O)O)C(=O)[O-])O)O.[Ca+2],"calcium;(2S,3S,4S,5S,6R)-6-[(2R,3S,4R,5S,6R)-2-carboxy-6-[(2R,3S,4R,5S,6R)-2-carboxylato-4,5,6-trihydroxyoxan-3-yl]oxy-4,5-dihydroxyoxan-3-yl]oxy-3,4,5-trihydroxyoxane-2-carboxylate",calcium alginate,goodscents,leffingwell_goodscents
162.23,CC(=O)C1=CC[C@@H]2C=CC[C@@H]2C1,"1-[(3aR,7aS)-3a,4,7,7a-tetrahydro-3H-inden-5-yl]ethanone","1-[(3aR,7aS)-3a,4,7,7a-tetrahydro-3H-inden-5-yl]ethanone",goodscents,leffingwell_goodscents
141.25,CC[C@@H](C)CN1CCCC1,1-[(2R)-2-methylbutyl]pyrrolidine,667420-92-0,goodscents,leffingwell_goodscents
198.34,CCC1C(CCC(O1)(C)CC)C(C)C,"2,6-diethyl-2-methyl-5-propan-2-yloxane",unii-hi63s8dq0b,goodscents,leffingwell_goodscents
146.25,CCC1OCCC(S1)C,"2-ethyl-4-methyl-1,3-oxathiane",schembl2678282,goodscents,leffingwell_goodscents
174.31,CCCCC1OCCC(S1)C,"2-butyl-4-methyl-1,3-oxathiane",schembl2676606,goodscents,leffingwell_goodscents
146.25,CC(C)CCC(=O)SC,S-methyl 4-methylpentanethioate,s-methyl 4-methylpentanethioate,goodscents,leffingwell_goodscents
257.28,COC1=CC(=C(C=C1)C(=O)CCC2=CC=CC=N2)O,1-(2-hydroxy-4-methoxyphenyl)-3-pyridin-2-ylpropan-1-one,1-(2-hydroxy-4-methoxyphenyl)-3-(pyridin-2-yl)propan-1-one,goodscents,leffingwell_goodscents
299.4,CC(C)COC1=CC(=C(C=C1)C(=O)CCC2=CC=CC=N2)O,1-[2-hydroxy-4-(2-methylpropoxy)phenyl]-3-pyridin-2-ylpropan-1-one,unii-rs9w0rr7an,goodscents,leffingwell_goodscents
1347.4,CC1=CC2=C(C=C1C)N(C=N2)[C@@H]3[C@@H]([C@@H]([C@H](O3)CO)OP(=O)([O-])O[C@@H](C)CNC(=O)CC[C@@]\4([C@H](C5[C@]6([C@@]([C@@H](C(=N6)/C(=C\7/[C@@]([C@@H](C(=N7)/C=C\8/C([C@@H](C(=N8)/C(=C4\[N-]5)/C)CCC(=O)N)(C)C)CCC(=O)N)(C)CC(=O)N)/C)CCC(=O)N)(C)CC(=O)N)C)CC(=O)N)C)O.O.[Co+2],"cobalt(2+);[(2R,3S,4R,5S)-5-(5,6-dimethylbenzimidazol-1-yl)-4-hydroxy-2-(hydroxymethyl)oxolan-3-yl] [(2S)-1-[3-[(2R,3R,4Z,7S,9Z,12S,13S,14Z,17S,18S,19R)-2,13,18-tris(2-amino-2-oxoethyl)-7,12,17-tris(3-amino-3-oxopropyl)-3,5,8,8,13,15,18,19-octamethyl-2,7,12,17-tetrahydro-1H-corrin-21-id-3-yl]propanoylamino]propan-2-yl] phosphate;hydrate",hydroxocobalamin,goodscents,leffingwell_goodscents
454.5,COCC1[C@H](C(C(C(O1)OC)OC)OC)O[C@H]2C(C(C(C(O2)COC)OC)OC)OC,"(5R)-2,3,4-trimethoxy-6-(methoxymethyl)-5-[(2S)-3,4,5-trimethoxy-6-(methoxymethyl)oxan-2-yl]oxyoxane",methyl cellulose,goodscents,leffingwell_goodscents
269.4,CCCCCCCC(=O)OCCC1=C(N=CS1)C,"2-(4-methyl-1,3-thiazol-5-yl)ethyl octanoate",163266-17-9,goodscents,leffingwell_goodscents
409.4,CC1=C(C(=NO1)C)CN2C=C(C=N2)N3C(=O)C(N(C3=O)CC4=CC(=CC=C4)O)(C)C,"3-[1-[(3,5-dimethyl-1,2-oxazol-4-yl)methyl]pyrazol-4-yl]-1-[(3-hydroxyphenyl)methyl]-5,5-dimethylimidazolidine-2,4-dione",unii-7s06p17s1v,goodscents,leffingwell_goodscents
170.25,CCCCC=CCCCC(=O)O,dec-5-enoic acid,"5-decenoic acid, (5e)-",goodscents,leffingwell_goodscents
170.25,CCCC=CCCCCC(=O)O,dec-6-enoic acid,dtxsid30868897,goodscents,leffingwell_goodscents
216.32,CCCCCCCCCC(=O)OOCC,ethyl decaneperoxoate,ethyl decaneperoxoate,goodscents,leffingwell_goodscents
182.3,CC(=CCCC(=CC(C)(C)O)C)C,"2,4,8-trimethylnona-3,7-dien-2-ol","2,4,8-trimethylnona-3,7-dien-2-ol",goodscents,leffingwell_goodscents
128.17,CC(C)C=C(C)C(=O)O,"2,4-dimethylpent-2-enoic acid","2,4-dimethyl-2-pentenoic acid",goodscents,leffingwell_goodscents
228.24,C1=COC(=C1)CC2=CC(=CO2)CC3=CC=CO3,"2,4-bis(furan-2-ylmethyl)furan","2,4-difurfurylfuran",goodscents,leffingwell_goodscents
152.19,CC=CC=CC(=O)OC(=C)C,"prop-1-en-2-yl hexa-2,4-dienoate","prop-1-en-2-yl hexa-2,4-dienoate",goodscents,leffingwell_goodscents
189.3,CC1CC2C(C2(C)C)CC1=CCC#N,"3-(4,7,7-trimethyl-3-bicyclo[4.1.0]heptanylidene)propanenitrile","3-(4,7,7-trimethylbicyclo[4.1.0]heptan-3-ylidene)propanenitrile",goodscents,leffingwell_goodscents
154.16,CC1C(=O)C(=C(O1)C)C(=O)C,"4-acetyl-2,5-dimethylfuran-3-one","4-acetyl-2,5-dimethylfuran-3(2h)-one",goodscents,leffingwell_goodscents
142.2,CCOC(=O)C(C)C=CC,ethyl 2-methylpent-3-enoate,"3-pentenoic acid, 2-methyl-, ethyl ester",goodscents,leffingwell_goodscents
170.25,CC(=C)CCOC(=O)C(C)(C)C,"3-methylbut-3-enyl 2,2-dimethylpropanoate",104468-21-5,goodscents,leffingwell_goodscents
234.33,CC(C)CCOC1=C(C=C(C=C1)CC=C)OC,2-methoxy-1-(3-methylbutoxy)-4-prop-2-enylbenzene,eugenol isoamyl ether,goodscents,leffingwell_goodscents
174.19,CC(C(C)OC(=O)C)C(=O)OC,methyl 3-acetyloxy-2-methylbutanoate,methyl 3-acetoxy-2-methylbutyrate,goodscents,leffingwell_goodscents
256.42,CCCCCCCCCOC(=O)CCCCCC,nonyl heptanoate,nonyl heptanoate,goodscents,leffingwell_goodscents
186.32,CC(C)CC(=O)SCC=C(C)C,S-(3-methylbut-2-enyl) 3-methylbutanethioate,s-prenyl thioisopentanoate,goodscents,leffingwell_goodscents
205.34,CCCCCC(=C1CCC(CC1)C)C#N,2-(4-methylcyclohexylidene)heptanenitrile,2-(4-methylcyclohexylidene)heptanenitrile,goodscents,leffingwell_goodscents
182.26,CCCC=CC(CC=C)OC(=O)C,"nona-1,5-dien-4-yl acetate","1,5-nonadien-4-yl acetate",goodscents,leffingwell_goodscents
236.39,C1CCCCCCC=CC(=O)CCCCCC1,cyclohexadec-2-en-1-one,88642-03-9,goodscents,leffingwell_goodscents
180.29,CC=C1CC2CC1C(C2)OC(C)C,2-ethylidene-6-propan-2-yloxybicyclo[2.2.1]heptane,80901-68-4,goodscents,leffingwell_goodscents
168.28,CCCCCC=CCC=CCO,"undeca-2,5-dien-1-ol",75817-50-4,goodscents,leffingwell_goodscents
156.26,CCCCC(C(=CCC)C)O,4-methylnon-3-en-5-ol,4-methyl-3-nonen-5-ol,goodscents,leffingwell_goodscents
154.25,CC[C@@H]1CC(CCC1=O)(C)C,"(2R)-2-ethyl-4,4-dimethylcyclohexan-1-one",schembl8053058,goodscents,leffingwell_goodscents
159.23,CC1C2CC(C1=CCC#N)C=C2,3-(3-methyl-2-bicyclo[2.2.1]hept-5-enylidene)propanenitrile,schembl11434863,goodscents,leffingwell_goodscents
190.26,CCOC(=O)CCCSC(=O)C,ethyl 4-acetylsulfanylbutanoate,ethyl 4-(acetylthio)butyrate,goodscents,leffingwell_goodscents
152.23,CCC=CCC=CCCC=O,"deca-4,7-dienal","4,7-decadienal",goodscents,leffingwell_goodscents
178.27,C1CC2C(C1)C3CC2CC3CC=O,"2-(8-tricyclo[5.2.1.02,6]decanyl)acetaldehyde","4,7-methano-1h-indene-5-acetaldehyde, octahydro-",goodscents,leffingwell_goodscents
190.31,CC(C)COC(=O)CC(C)SC,2-methylpropyl 3-methylsulfanylbutanoate,127931-21-9,goodscents,leffingwell_goodscents
164.24,CC=CC(=O)C1=C(CCCC1)C,1-(2-methylcyclohexen-1-yl)but-2-en-1-one,2-methyl-1-[but-2-enoyl]-cyclohex-1-ene,goodscents,leffingwell_goodscents
228.4,CC=CCSC(C(C)C)C(=O)CC(C)C,"3-but-2-enylsulfanyl-2,6-dimethylheptan-4-one","3-crotylthio-2,6-dimethyl-4-heptanone",goodscents,leffingwell_goodscents
156.22,CCCC(=CCOC(=O)C)C,3-methylhex-2-enyl acetate,341017-24-1,goodscents,leffingwell_goodscents
222.37,CC1CC=CCCCCCCCCC(=O)C1,3-methylcyclotetradec-5-en-1-one,cosmone,goodscents,leffingwell_goodscents
176.12,C([C@@H]([C@@H]1C(=C(C(=O)O1)O)O)O)O,"(2R)-2-[(1S)-1,2-dihydroxyethyl]-3,4-dihydroxy-2H-furan-5-one",ascorbic acid,goodscents,leffingwell_goodscents
390.31,C([C@@H](C1C(=C(C(=O)O1)[O-])O)O)O.C([C@@H](C1C(=C(C(=O)O1)[O-])O)O)O.[Ca+2],"calcium;2-[(1S)-1,2-dihydroxyethyl]-3-hydroxy-5-oxo-2H-furan-4-olate",96653-51-9,goodscents,leffingwell_goodscents
414.5,CCCCCCCCCCCCCCCC(=O)OC[C@@H]([C@@H]1C(=C(C(=O)O1)O)O)O,"[(2S)-2-[(2R)-3,4-dihydroxy-5-oxo-2H-furan-2-yl]-2-hydroxyethyl] hexadecanoate",ascorbyl palmitate,goodscents,leffingwell_goodscents
408.33,C([C@@H](C1C(=C(C(=O)O1)[O-])O)O)O.C([C@@H](C1C(=C(C(=O)O1)[O-])O)O)O.O.[Ca+2],"calcium;2-[(1S)-1,2-dihydroxyethyl]-3-hydroxy-5-oxo-2H-furan-4-olate;hydrate","calcium;2-[(1S)-1,2-dihydroxyethyl]-3-hydroxy-5-oxo-2H-furan-4-olate;hydrate",goodscents,leffingwell_goodscents
325.07,C([C@@H]([C@@H]1C(=C(C(=O)O1)OP(=O)(O)O)O)O)O.[Na].[Na].[Na],,sodium l-ascorbic acid 2-phosphate,goodscents,leffingwell_goodscents
183.32,CCCC1=C(SC(=N1)CC)CC,"2,5-diethyl-4-propyl-1,3-thiazole","2,5-diethyl-4-propylthiazole",goodscents,leffingwell_goodscents
152.23,CC(=O)C1CCCC/C=C\C1,1-[(3Z)-cyclooct-3-en-1-yl]ethanone,"ethanone, 1-(3-cycloocten-1-yl)-",goodscents,leffingwell_goodscents
225.33,CC(=CCCC(C)(C=C)OC(=O)N(C)C)C,"3,7-dimethylocta-1,6-dien-3-yl N,N-dimethylcarbamate",67643-70-3,goodscents,leffingwell_goodscents
232.16,COC1=CC=C(C=C1)C(=O)OCC(=O)[O-].[Na+],sodium;2-(4-methoxybenzoyl)oxyacetate,sodium (4-methoxybenzoyloxy)acetate,goodscents,leffingwell_goodscents
196.33,CC1=C(C(CCC1)(C)C)CC[C@@H](C)O,"(2R)-4-(2,6,6-trimethylcyclohexen-1-yl)butan-2-ol",zinc14822381,goodscents,leffingwell_goodscents
136.23,CC1=CCC2(CCC1C2)C,"2,5-dimethylbicyclo[3.2.1]oct-2-ene","2,5-dimethyl-bicyclo[3.2.1]oct-2-ene",goodscents,leffingwell_goodscents
288.4,CC1CCC(C(C1)C(=O)NCCC2=CC=CC=N2)C(C)C,5-methyl-2-propan-2-yl-N-(2-pyridin-2-ylethyl)cyclohexane-1-carboxamide,847565-09-7,goodscents,leffingwell_goodscents
244.33,CCC(C)C(=O)OCC(C)OC(=O)C(C)CC,2-(2-methylbutanoyloxy)propyl 2-methylbutanoate,unii-bes45b384g,goodscents,leffingwell_goodscents
194.25,C1=COC(=C1)COCC2=CC=CS2,2-(thiophen-2-ylmethoxymethyl)furan,furfuryl thenyl ether,goodscents,leffingwell_goodscents
186.29,CCCC(C)C(=O)OC(C)CCC,pentan-2-yl 2-methylpentanoate,2-pentyl 2-methylpentanoate,goodscents,leffingwell_goodscents
154.25,CC[C@H]1CC(CCC1=O)(C)C,"(2S)-2-ethyl-4,4-dimethylcyclohexan-1-one",schembl8056826,goodscents,leffingwell_goodscents
186.25,CCCC1=NN(C=C1)C2=CC=CC=C2,1-phenyl-3-propylpyrazole,65504-93-0,goodscents,leffingwell_goodscents
160.28,CCCCC(CC=O)SC,3-methylsulfanylheptanal,3-(methylthio)heptanal,goodscents,leffingwell_goodscents
224.25,CC1C(OC(O1)C2=CC(=C(C=C2)O)OC)C,"4-(4,5-dimethyl-1,3-dioxolan-2-yl)-2-methoxyphenol","4-(4,5-dimethyl-1,3-dioxolan-2-yl)-2-methoxyphenol",goodscents,leffingwell_goodscents
160.24,CC1C(CCO1)OC(=S)C,O-(2-methyloxolan-3-yl) ethanethioate,2-methyl tetrahydrofuran-3-thioacetate,goodscents,leffingwell_goodscents
228.33,C[C@H](C(=O)OCCC(C)CCC=C(C)C)O,"3,7-dimethyloct-6-enyl (2R)-2-hydroxypropanoate",211238-85-6,goodscents,leffingwell_goodscents
158.19,CC/C=C\C(=O)C(OC)OC,"(Z)-1,1-dimethoxyhex-3-en-2-one",schembl11600177,goodscents,leffingwell_goodscents
381.4,CC1=C(C(=NO1)C)CN2C=C(C=N2)N3C(=O)CN(C3=O)CC4=CC(=CC=C4)O,"3-[1-[(3,5-dimethyl-1,2-oxazol-4-yl)methyl]pyrazol-4-yl]-1-[(3-hydroxyphenyl)methyl]imidazolidine-2,4-dione",unii-1p43yy1ko2,goodscents,leffingwell_goodscents
190.28,CC(C)(C)C1=CC=CC(=C1)CCC=O,3-(3-tert-butylphenyl)propanal,1023288-21-2,goodscents,leffingwell_goodscents
200.27,CCCC1CC(CCO1)(C)OC(=O)C,(4-methyl-2-propyloxan-4-yl) acetate,clarycet,goodscents,leffingwell_goodscents
219.32,CCC(CC)C(=O)N(C)C1=CC=CC(=C1)C,2-ethyl-N-methyl-N-(3-methylphenyl)butanamide,"butanamide, 2-ethyl-n-methyl-n-(3-methylphenyl)-",goodscents,leffingwell_goodscents
343.4,COC1=CC=CC(=C1OC)CNC(=O)C(=O)NCCC2=CC=CC=N2,"N'-[(2,3-dimethoxyphenyl)methyl]-N-(2-pyridin-2-ylethyl)oxamide",unii-sxr00332e2,goodscents,leffingwell_goodscents
263.37,CC1=C(C=C(C=C1)C(=O)N[C@H](CC(C)C)COC)C,"N-[(2R)-1-methoxy-4-methylpentan-2-yl]-3,4-dimethylbenzamide",unii-7f7gwb5o6f,goodscents,leffingwell_goodscents
307.26,CC1CCCCC1NC(=O)C2=C(C(=C(C(=C2F)F)F)F)F,"2,3,4,5,6-pentafluoro-N-(2-methylcyclohexyl)benzamide",unii-mxo6exq1t8,goodscents,leffingwell_goodscents
125.13,CC1=NC=C(O1)C(=O)C,"1-(2-methyl-1,3-oxazol-5-yl)ethanone",1-(2-methyloxazol-5-yl)ethanone,goodscents,leffingwell_goodscents
270.36,CCOC(=O)CC(=O)OC(C)C1CCCC(C1)(C)C,"3-O-[1-(3,3-dimethylcyclohexyl)ethyl] 1-O-ethyl propanedioate",478695-70-4,goodscents,leffingwell_goodscents
176.25,CCC1=CC=C(C=C1)C/C=C/OC,1-ethyl-4-[(E)-3-methoxyprop-2-enyl]benzene,4-ethyl 1-(3-methoxy-2-propen-1-yl)benzene,goodscents,leffingwell_goodscents
264.4,CC1C(C2CCCC3C2(C1(C)C)CC(O3)(C)C)(C)C,"2,2,7,7,8,9,9-heptamethyl-3a,4,5,6,6a,8-hexahydro-1H-cyclopenta[d][1]benzofuran",unii-k8r4083bcl,goodscents,leffingwell_goodscents
200.34,CC1CCOC(S1)C2CCCCC2,"2-cyclohexyl-4-methyl-1,3-oxathiane",schembl2678533,goodscents,leffingwell_goodscents
223.35,C[C@H]1CC[C@@H]([C@@H](C1)NC(=O)C2CC2)C(C)C,"N-[(1R,2R,5S)-5-methyl-2-propan-2-ylcyclohexyl]cyclopropanecarboxamide",unii-1n849xd4qd,goodscents,leffingwell_goodscents
154.25,CC/C=C\CCOCC(=C)C,(Z)-1-(2-methylprop-2-enoxy)hex-3-ene,292605-05-1,goodscents,leffingwell_goodscents
160.21,CC(C)CC1OCC(CO1)O,"2-(2-methylpropyl)-1,3-dioxan-5-ol",unii-ve3u01x8kw,goodscents,leffingwell_goodscents
278.4,C[C@@H]1CC[C@@H]2[C@@]13C[C@H](C2(C)C)C4(C(C3)OC(O4)(C)C)C,"(1R,8R,10S,13R)-5,5,7,9,9,13-hexamethyl-4,6-dioxatetracyclo[6.5.1.01,10.03,7]tetradecane",211299-54-6,goodscents,leffingwell_goodscents
359.4,CC1=C(C(=C2C(=N1)C=CC=C2OCC(C)(C)C(=O)NC(C)C)N)C(=O)O,"4-amino-5-[2,2-dimethyl-3-oxo-3-(propan-2-ylamino)propoxy]-2-methylquinoline-3-carboxylic acid",1359963-68-0,goodscents,leffingwell_goodscents
454.7,CC(C)C1CCC(CC1OC(=O)OC2CC(CCC2C(C)C)(C)CC(C)O)(C)CC(C)O,bis[5-(2-hydroxypropyl)-5-methyl-2-propan-2-ylcyclohexyl] carbonate,schembl1199310,goodscents,leffingwell_goodscents
192.3,CC12CCC(C1)C(C(=O)C2)(C)CC=C,"1,4-dimethyl-4-prop-2-enylbicyclo[3.2.1]octan-3-one",schembl1276984,goodscents,leffingwell_goodscents
190.28,CCCC1=CC=C(C=C1)CC=COC,1-(3-methoxyprop-2-enyl)-4-propylbenzene,schembl1781453,goodscents,leffingwell_goodscents
204.31,CC(C)CC1=CC=C(C=C1)CC=COC,1-(3-methoxyprop-2-enyl)-4-(2-methylpropyl)benzene,schembl1781458,goodscents,leffingwell_goodscents
162.23,CC1=CC=C(C=C1)CC=COC,1-(3-methoxyprop-2-enyl)-4-methylbenzene,schembl1781780,goodscents,leffingwell_goodscents
234.38,C1CCCC(=O)CCCCCC=CC=CCC1,"cyclohexadeca-7,9-dien-1-one","7,9-cyclohexadecadien-1-one",goodscents,leffingwell_goodscents
234.29,CCC=CCC(C)OC(=O)C1=CC=CC=C1O,hept-4-en-2-yl 2-hydroxybenzoate,hept-4-en-2-yl 2-hydroxybenzoate,goodscents,leffingwell_goodscents
266.4,CC1C(C2=C(C1(C)C)C=C(C=C2)C3=NC=NC=C3)(C)C,"4-(1,1,2,3,3-pentamethyl-2H-inden-5-yl)pyrimidine",schembl11907065,goodscents,leffingwell_goodscents
280.4,CC1(CCC2=C(C=C(C=C21)C(C)(C)C)C3=NC=NC=C3)C,"4-(6-tert-butyl-1,1-dimethyl-2,3-dihydroinden-4-yl)pyrimidine",schembl11907474,goodscents,leffingwell_goodscents
256.4,CC1(CC2=CN=CN=C2C3C14CCC(C4)C3(C)C)C,"2,2,11,11-tetramethyl-6,8-diazatetracyclo[10.2.1.01,10.04,9]pentadeca-4,6,8-triene",schembl11907863,goodscents,leffingwell_goodscents
242.36,C[C@H]1C(C2=C(C1(C)C)C3=NC=NC=C3CC2)(C)C,"(8S)-7,7,8,9,9-pentamethyl-6,8-dihydro-5H-cyclopenta[h]quinazoline","7,7,8,9,9-pentamethyl-6,7,8,9-tetrahydro-5h-cyclopenta(h)quinazoline",goodscents,leffingwell_goodscents
283.41,C[C@@H]1CC[C@H]([C@@H](C1)OC(=O)CCC(=O)N(C)C)C(C)C,"[(1R,2S,5R)-5-methyl-2-propan-2-ylcyclohexyl] 4-(dimethylamino)-4-oxobutanoate","n,n-dimethyl menthyl succinamide",goodscents,leffingwell_goodscents
206.32,CCC=CCC=CCC=CCCC(=O)C,"tetradeca-5,8,11-trien-2-one","tetradeca-5,8,11-trien-2-one",goodscents,leffingwell_goodscents
157.25,CCCCCCCC(=NO)C,N-nonan-2-ylidenehydroxylamine,nonanonoxim,goodscents,leffingwell_goodscents
168.28,CC(C)(CCCC(=C)C=C)OC,7-methoxy-7-methyl-3-methylideneoct-1-ene,myrcenyl methyl ether,goodscents,leffingwell_goodscents
212.35,CCCC1CC=C(C(S1)CCC)C=O,"2,6-dipropyl-3,6-dihydro-2H-thiopyran-5-carbaldehyde",unii-oty1t56cso,goodscents,leffingwell_goodscents
230.4,CC1=CC(=C(O1)C)SSCCC(C)C,"2,5-dimethyl-3-(3-methylbutyldisulfanyl)furan",61197-13-5,goodscents,leffingwell_goodscents
172.29,CC(C)C(=O)SCC=C(C)C,S-(3-methylbut-2-enyl) 2-methylpropanethioate,s-prenyl thioisobutyrate,goodscents,leffingwell_goodscents
132.23,CCC[C@@H](CC=O)S,(3S)-3-sulfanylhexanal,(s)-3-mercaptohexanal,goodscents,leffingwell_goodscents
132.23,CCC[C@H](CC=O)S,(3R)-3-sulfanylhexanal,(r)-3-mercaptohexanal,goodscents,leffingwell_goodscents
196.33,CC1=C(C(CCC1)(C)C)CC[C@H](C)O,"(2S)-4-(2,6,6-trimethylcyclohexen-1-yl)butan-2-ol",(s)-dihydro-beta-ionol,goodscents,leffingwell_goodscents
216.32,C[C@@H]1CC(=O)C=C2[C@]1(C[C@@H](C=C2)C(=C)C)C,"(4R,4aS,6S)-4,4a-dimethyl-6-prop-1-en-2-yl-3,4,5,6-tetrahydronaphthalen-2-one",dehydronootkatone,goodscents,leffingwell_goodscents
172.18,CC(=C)C(CC(=O)O)CC(=O)O,3-prop-1-en-2-ylpentanedioic acid,3-isopropenylpentanedioic acid,goodscents,leffingwell_goodscents
220.35,C[C@@H]1CC(=O)C[C@H]2[C@]1(C[C@@H](CC2)C(=C)C)C,"(4R,4aS,6R,8aS)-4,4a-dimethyl-6-prop-1-en-2-yl-1,3,4,5,6,7,8,8a-octahydronaphthalen-2-one",dihydronootkatone,goodscents,leffingwell_goodscents
168.23,C[C@@H](C=O)[C@H]1CC[C@@](O1)(C)C=C,"(2R)-2-[(2R,5S)-5-ethenyl-5-methyloxolan-2-yl]propanal","(2r,2'r,5's)-lilac aldehyde",goodscents,leffingwell_goodscents
174.26,CCCCOC(=O)/C=C/SC,butyl (E)-3-methylsulfanylprop-2-enoate,butyl beta-(methylthio)acrylate,goodscents,leffingwell_goodscents
171.22,CC1=C(N=CS1)CCOC=O,"2-(5-methyl-1,3-thiazol-4-yl)ethyl formate","2-(5-methyl-1,3-thiazol-4-yl)ethyl formate",goodscents,leffingwell_goodscents
302.5,CCCC(SCC1=CC=CC=C1)SCC2=CC=CC=C2,1-benzylsulfanylbutylsulfanylmethylbenzene,butanal dibenzyl thioacetal,goodscents,leffingwell_goodscents
208.3,CC1COC(O1)C2=CCC(CC2)C(=C)C,"4-methyl-2-(4-prop-1-en-2-ylcyclohexen-1-yl)-1,3-dioxolane",unii-85a0d4pkkx,goodscents,leffingwell_goodscents
168.23,C[C@@H](C=O)[C@H]1CC[C@](O1)(C)C=C,"(2R)-2-[(2R,5R)-5-ethenyl-5-methyloxolan-2-yl]propanal",unii-2j26s5u6si,goodscents,leffingwell_goodscents
168.23,C[C@H](C=O)[C@H]1CC[C@](O1)(C)C=C,"(2S)-2-[(2R,5R)-5-ethenyl-5-methyloxolan-2-yl]propanal",unii-m0kl78494n,goodscents,leffingwell_goodscents
168.23,C[C@@H](C=O)[C@@H]1CC[C@](O1)(C)C=C,"(2R)-2-[(2S,5R)-5-ethenyl-5-methyloxolan-2-yl]propanal",unii-a1nfm3874l,goodscents,leffingwell_goodscents
248.36,CCCCCC(=O)OC(C)(C)CC1=CC=CC=C1,(2-methyl-1-phenylpropan-2-yl) hexanoate,dimethylbenzyl carbinyl hexanoate,goodscents,leffingwell_goodscents
172.22,CCC/C=C/C1OCC(CO1)O,"2-[(E)-pent-1-enyl]-1,3-dioxan-5-ol",unii-xy1vg02m50,goodscents,leffingwell_goodscents
184.26,CC1=C(C=CO1)SC(C)CC=O,3-(2-methylfuran-3-yl)sulfanylbutanal,3-((2-methyl-3-furyl)thio)butanal,goodscents,leffingwell_goodscents
551.8,CCC(=O)C1=C(C(=C(C=C1)F)[C@@H]2C[C@@H]2NC(=O)NC3=NC=C(C=C3)C#N)O.CC(=O)[O-].CC(=O)[O-].[Zn+2],"zinc;1-(5-cyanopyridin-2-yl)-3-[(1S,2S)-2-(6-fluoro-2-hydroxy-3-propanoylphenyl)cyclopropyl]urea;diacetate",carrageenan,goodscents,leffingwell_goodscents
222.37,CC1CC(=O)CC2C1(CC(CC2)C(C)C)C,"4,4a-dimethyl-6-propan-2-yl-1,3,4,5,6,7,8,8a-octahydronaphthalen-2-one","4,4a-dimethyl-6-propan-2-yl-1,3,4,5,6,7,8,8a-octahydronaphthalen-2-one",goodscents,leffingwell_goodscents
338.5,CC(=CCCC1(C2CCC(C2)C1=C)C)COC(=O)CC3=CC=CC=C3,[2-methyl-5-(2-methyl-3-methylidene-2-bicyclo[2.2.1]heptanyl)pent-2-enyl] 2-phenylacetate,santalyl phenylacetate,goodscents,leffingwell_goodscents
530.9,CNC.C1=CC(=C(C=C1Cl)Cl)OCC(=O)O.C(=O)(C(Cl)(Cl)Cl)C(Cl)(Cl)Cl,"2-(2,4-dichlorophenoxy)acetic acid;1,1,1,3,3,3-hexachloropropan-2-one;N-methylmethanamine",cocamides diethanolamines,goodscents,leffingwell_goodscents
182.3,CC[C@]1([C@@]2(CC[C@@H](C2)C1(C)C)C)O,"(1R,2R,4S)-2-ethyl-1,3,3-trimethylbicyclo[2.2.1]heptan-2-ol","bicyclo[2.2.1]heptan-2-ol, 2-ethyl-1,3,3-trimethyl-, (1r,2r,4s)-",goodscents,leffingwell_goodscents
250.4,CC1CCC=CCCCCCCCCCC(=O)C1,3-methylcyclohexadec-6-en-1-one,3-methyl-cyclohexadec-6-enone,goodscents,leffingwell_goodscents
234.38,CC1(CC(C=C2C13CCC(C3)C2(C)C)OC)C,"4-methoxy-2,2,7,7-tetramethyltricyclo[6.2.1.01,6]undec-5-ene","7-methoxy-1,1,5,5-tetramethyl-1,3,4,5,6,7-hexahydro-2h-2,4a-methanonaphthalene",goodscents,leffingwell_goodscents
158.26,CC(C)C=C(CSC)C=O,4-methyl-2-(methylsulfanylmethyl)pent-2-enal,schembl16782949,goodscents,leffingwell_goodscents
472.7,CCCCCCCCCCC(CCCCCC)COCC(C)OCC(C)OCCOC(=O)C,2-[1-[1-(2-hexyldodecoxy)propan-2-yloxy]propan-2-yloxy]ethyl acetate,propylene glycol isoceteth-3 acetate,goodscents,leffingwell_goodscents
566.3,CCCCC/C=C\C/C=C\CCCCCCCC[N+](CCCOCCO)(CCOCCO)CC(CO)O.[Cl-],"2,3-dihydroxypropyl-[2-(2-hydroxyethoxy)ethyl]-[3-(2-hydroxyethoxy)propyl]-[(9Z,12Z)-octadeca-9,12-dienyl]azanium;chloride",168677-75-6,goodscents,leffingwell_goodscents
292.4,CCCCC(CC)C(=O)OC(C)COCC1=CC=CC=C1,1-phenylmethoxypropan-2-yl 2-ethylhexanoate,schembl18053054,goodscents,leffingwell_goodscents
160.28,CCC(C)C(=O)CC(C)S,5-methyl-2-sulfanylheptan-4-one,unii-ion6z9rt3u,goodscents,leffingwell_goodscents
220.33,CCCC(CCOC)SC(=O)OCC,ethyl 1-methoxyhexan-3-ylsulfanylformate,schembl585432,goodscents,leffingwell_goodscents
360.36,CCO[C@H]1[C@@H]([C@H]([C@@H]([C@H](O1)CO)O)O)O.COC1=C(C=CC(=C1)C=O)O,"(2R,3R,4S,5S,6R)-2-ethoxy-6-(hydroxymethyl)oxane-3,4,5-triol;4-hydroxy-3-methoxybenzaldehyde",schembl2949236,goodscents,leffingwell_goodscents
114.19,CC[C@@H](C)CCC=O,(4R)-4-methylhexanal,(r)-4-methylhexanal,goodscents,leffingwell_goodscents
240.38,CCCCCCCCCC/C=C\COC(=O)C,[(Z)-tridec-2-enyl] acetate,(z)-2-tridecenyl acetate,goodscents,leffingwell_goodscents
209.33,CCNC(=O)C1CC(CCC1C(=C)C)C,N-ethyl-5-methyl-2-prop-1-en-2-ylcyclohexane-1-carboxamide,schembl14742857,goodscents,leffingwell_goodscents
180.29,CC(C)C1CCC(=CC1)CCC=O,3-(4-propan-2-ylcyclohexen-1-yl)propanal,schembl14848325,goodscents,leffingwell_goodscents
170.25,CCC(C(C)C)OC(=O)/C=C/C,2-methylpentan-3-yl (E)-but-2-enoate,"2-butenoic acid, 1-ethyl-2-methylpropyl ester, (2e)-",goodscents,leffingwell_goodscents
162.3,CCC(C)SS/C=C/C,2-[[(E)-prop-1-enyl]disulfanyl]butane,1-methylpropyl 1-propenyl disulfide,goodscents,leffingwell_goodscents
214.3,C[C@H]1CCC2=C(C1)C3=C(C=C2C)OC=C3C,"(8S)-1,5,8-trimethyl-6,7,8,9-tetrahydrobenzo[e][1]benzofuran","pyrocurzerenone, dihydro-",goodscents,leffingwell_goodscents
192.3,CC1C(C=C2C1(C=CC(C2)(C)C)C)O,"1,5,5,7a-tetramethyl-2,4-dihydro-1H-inden-2-ol","2,2,6,7-tetramethylbicyclo-[4.3.0]nona-4,9(1)-dien-8-ol",goodscents,leffingwell_goodscents
176.21,C1COC(O1)/C=C\C2=CC=CC=C2,"2-[(Z)-2-phenylethenyl]-1,3-dioxolane","2-[(z)-styryl]-1,3-dioxolane",goodscents,leffingwell_goodscents
188.26,CC1=CC(=C(C(=C1)/C=C\C(=O)C)C)C,"(Z)-4-(2,3,5-trimethylphenyl)but-3-en-2-one","(3z)-4-(2,3,6-trimethylphenyl)-3-buten-2-one",goodscents,leffingwell_goodscents
446.44,[C@@H]1([C@@H]([C@H](O[C@H]([C@H]1O)O[C@H]2[C@@H]([C@@H]([C@@H](O[C@@H]2C(=O)[O-])O)O)O)C(=O)[O-])O)O.[K+].[K+],"dipotassium;(2S,3S,4S,5S,6R)-6-[(2S,3S,4R,5S,6R)-2-carboxylato-4,5,6-trihydroxyoxan-3-yl]oxy-3,4,5-trihydroxyoxane-2-carboxylate",potassium alginate,goodscents,leffingwell_goodscents
204.22,CCCC(=O)CC(=O)OCC(CO)O,"2,3-dihydroxypropyl 3-oxohexanoate",glyceryl 1-(3-oxohexanoate),goodscents,leffingwell_goodscents
288.38,CCCCCCCCCC(=O)CC(=O)OCC(CO)O,"2,3-dihydroxypropyl 3-oxododecanoate",glyceryl 1-(3-oxododecanoate),goodscents,leffingwell_goodscents
344.5,CCCCCCCCCCCCCC(=O)CC(=O)OCC(CO)O,"2,3-dihydroxypropyl 3-oxohexadecanoate",glyceryl 1-(3-oxohexadecanoate),goodscents,leffingwell_goodscents
194.31,CC(=O)CC[C@H]1C(=C)CCCC1(C)C,"4-[(1R)-2,2-dimethyl-6-methylidenecyclohexyl]butan-2-one",(r)-(?)-dihydro-gamma-ionone,goodscents,leffingwell_goodscents
222.37,C[C@@H]1CC[C@H]([C@]12CCC(=CC2)C)C(C)(C)O,"2-[(1R,4R,5S)-1,8-dimethylspiro[4.5]dec-8-en-4-yl]propan-2-ol",acorenol,goodscents,leffingwell_goodscents
458.8,CCCCCC/C=C/CCCCCCCC(=O)OC/C=C(\C)/CC/C=C(\C)/CCC=C(C)C,"[(2E,6E)-3,7,11-trimethyldodeca-2,6,10-trienyl] (E)-hexadec-9-enoate",farnesyl palmitoleate,goodscents,leffingwell_goodscents
228.37,CCCCC/C=C/CCC(OCC)OCC,"(E)-1,1-diethoxydec-4-ene",4-decenal diethyl acetal,goodscents,leffingwell_goodscents
230.37,CC(C)C1CCC(S1)(C)CCOC(=O)C,2-(2-methyl-5-propan-2-ylthiolan-2-yl)ethyl acetate,unii-48er97k3zj,goodscents,leffingwell_goodscents
174.26,CC1CC(C(O1)C)SC(=O)C,"S-(2,5-dimethyloxolan-3-yl) ethanethioate",schembl18339283,goodscents,leffingwell_goodscents
303.31,CC(C)[C@H](C(=O)NCC(=O)O)NC(=O)CC[C@@H](C(=O)O)N,(2S)-2-amino-5-[[(2R)-1-(carboxymethylamino)-3-methyl-1-oxobutan-2-yl]amino]-5-oxopentanoic acid,l-gamma-glutamyl-d-valylglycine,goodscents,leffingwell_goodscents
230.3,CCCCCC#CC(=O)OCC1=CC=CC=C1,benzyl oct-2-ynoate,benzyl oct-2-ynoate,goodscents,leffingwell_goodscents
220.35,CC(=CCC/C(=C\CCC(=C)/C=C/O)/C)C,"(1E,6Z)-7,11-dimethyl-3-methylidenedodeca-1,6,10-trien-1-ol",beta-farnesol,goodscents,leffingwell_goodscents
185.33,CCC1C(N=C(S1)C(C)CC)C,"2-butan-2-yl-5-ethyl-4-methyl-4,5-dihydro-1,3-thiazole",(z+e)-5-ethyl-4-methyl-2-(1-methyl propyl) thiazoline,goodscents,leffingwell_goodscents
185.33,CCC1C(N=C(S1)CC(C)C)C,"5-ethyl-4-methyl-2-(2-methylpropyl)-4,5-dihydro-1,3-thiazole","(z+e)-4-methyl-2-(2-methylpropyl)-4,5-dihydro-1,3-thiazole",goodscents,leffingwell_goodscents
1382.2,CCCCCCCCCCCCCCCCCC(=O)O.CCCCCCCCCCCCCCCC(=O)O.CCCCCCCC/C=C\CCCCCCCC(=O)O.CCCCC/C=C\C/C=C\CCCCCCCC(=O)O.CC/C=C\C/C=C\C/C=C\CCCCCCCC(=O)O,"hexadecanoic acid;(9Z,12Z)-octadeca-9,12-dienoic acid;octadecanoic acid;(9Z,12Z,15Z)-octadeca-9,12,15-trienoic acid;(Z)-octadec-9-enoic acid",olive acid,goodscents,leffingwell_goodscents
348.21,C1=NC2=C(C(=O)N1)N=CN2[C@H]3[C@@H]([C@@H]([C@H](O3)COP(=O)(O)O)O)O,"[(2R,3S,4R,5R)-3,4-dihydroxy-5-(6-oxo-1H-purin-9-yl)oxolan-2-yl]methyl dihydrogen phosphate",inosinic acid,goodscents,leffingwell_goodscents
407.18,C1=NC2=C(N1[C@H]3[C@@H]([C@@H]([C@H](O3)COP(=O)([O-])[O-])O)O)N=C(NC2=O)N.[Na+].[Na+],"disodium;[(2R,3S,4R,5R)-5-(2-amino-6-oxo-1H-purin-9-yl)-3,4-dihydroxyoxolan-2-yl]methyl phosphate",5550-12-9,goodscents,leffingwell_goodscents
497.5,CN1[C@H](CNC2=C1C(=O)NC(=N2)N)CNC3=CC=C(C=C3)C(=O)N[C@@H](CCC(=O)[O-])C(=O)[O-].[Ca+2],"calcium;(2S)-2-[[4-[[(6S)-2-amino-5-methyl-4-oxo-3,6,7,8-tetrahydropteridin-6-yl]methylamino]benzoyl]amino]pentanedioate",levomefolate calcium,goodscents,leffingwell_goodscents
386.27,C1=NC2=C(C(=O)N1)N=CN2[C@H]3[C@@H]([C@@H]([C@H](O3)COP(=O)([O-])[O-])O)O.[Ca+2],"calcium;[(2R,3S,4R,5R)-3,4-dihydroxy-5-(6-oxo-1H-purin-9-yl)oxolan-2-yl]methyl phosphate",calcium 5'-inosinate,goodscents,leffingwell_goodscents
401.28,C1=NC2=C(N1[C@H]3[C@@H]([C@@H]([C@H](O3)COP(=O)([O-])[O-])O)O)N=C(NC2=O)N.[Ca+2],"calcium;[(2R,3S,4R,5R)-5-(2-amino-6-oxo-1H-purin-9-yl)-3,4-dihydroxyoxolan-2-yl]methyl phosphate",calcium 5'-guanylate,goodscents,leffingwell_goodscents
439.4,C1=NC2=C(N1[C@H]3[C@@H]([C@@H]([C@H](O3)COP(=O)([O-])[O-])O)O)N=C(NC2=O)N.[K+].[K+],"dipotassium;[(2R,3S,4R,5R)-5-(2-amino-6-oxo-1H-purin-9-yl)-3,4-dihydroxyoxolan-2-yl]methyl phosphate",dipotassium 5'-guanylate,goodscents,leffingwell_goodscents
175.3,CCC1SC(N=C(S1)C)C,"2-ethyl-4,6-dimethyl-4H-1,3,5-dithiazine","2-ethyl-4,6-dimethyl-4H-1,3,5-dithiazine",goodscents,leffingwell_goodscents
244.37,C[C@H]1CC[C@H]([C@@H](C1)OCC(C)(CO)O)C(C)C,"2-methyl-3-[(1R,2S,5S)-5-methyl-2-propan-2-ylcyclohexyl]oxypropane-1,2-diol","2-methyl-3-[(1R,2S,5S)-5-methyl-2-propan-2-ylcyclohexyl]oxypropane-1,2-diol",goodscents,leffingwell_goodscents
