inchikey,name,smiles,odours,np_classifier_pathway,MolWt,Tb_joback,n_organisms,n_resolved,dominant_group,share_plants,share_animals,share_fungi,share_bacteria,top_organisms
IPCSVZSSVZVIGE-UHFFFAOYSA-N,palmitic acid,CCCCCCCCCCCCCCCC(=O)O,"odorless, creamy, fatty, waxy",Fatty acids,256.4299999999999,711.19,1585,1522,plants,0.8377135348226018,0.06701708278580815,0.05387647831800263,0.021681997371879105,Aaptos aaptos; Abelmoschus esculentus; Abies pinsapo subsp. marocana
YQUVCSBJEUQKSH-UHFFFAOYSA-N,"3,4-DIHYDROXYBENZOIC ACID",O=C(O)c1ccc(O)c(O)c1,,Shikimates and Phenylpropanoids,154.12099999999998,693.19,1454,1398,plants,0.8655221745350501,0.04148783977110158,0.055793991416309016,0.022174535050071532,Aaptos aaptos; Abutilon theophrasti; Acacia aulacocarpa
FJKROLUGYXJWQN-UHFFFAOYSA-N,4-HYDROXYBENZOIC ACID,O=C(O)c1ccc(O)cc1,,Shikimates and Phenylpropanoids,138.12199999999999,612.5699999999999,1355,1300,plants,0.8592307692307692,0.04384615384615385,0.057692307692307696,0.024615384615384615,Abeliophyllum distichum; Abies nobilis; Abutilon indicum
HFPZCAJZSCWRBC-UHFFFAOYSA-N,P-CYMENE,Cc1ccc(C(C)C)cc1,"citrus, fresh, woody",Terpenoids,134.222,459.61999999999995,1335,1284,plants,0.9228971962616822,0.035046728971962614,0.02881619937694704,0.009345794392523364,Abies sachalinensis; Abrus pulchellus; Aceriphyllum rossii
UAHWPYUMFXYFJY-UHFFFAOYSA-N,MYRCENE,C=CC(=C)CCC=C(C)C,"spicy, peppery, terpenic, herbal, rose, balsamic, woody, celery",Terpenoids,136.238,425.67999999999995,1323,1267,plants,0.920284135753749,0.035516969218626675,0.028413575374901343,0.009471191791633781,Salvia africana-lutea L.; Abies balsamea; Abies grandis
QIQXTHQIDYTFRH-UHFFFAOYSA-N,stearic acid,CCCCCCCCCCCCCCCCCC(=O)O,odorless,Fatty acids,284.4839999999999,756.95,1313,1267,plants,0.8224151539068666,0.07261247040252565,0.06629834254143646,0.025256511444356748,Aaptos aaptos; Abelmoschus esculentus; Abies nobilis
WKOLLVMJNQIZCI-UHFFFAOYSA-N,Vanillic acid,COc1cc(C(=O)O)ccc1O,"odorless, sweet, vanilla, powdery, creamy, phenolic, brown, milky, dairy",Shikimates and Phenylpropanoids,168.148,662.8499999999999,1302,1252,plants,0.8730031948881789,0.04472843450479233,0.050319488817891375,0.02476038338658147,Abies nephrolepis; Abies pinsapo subsp. marocana; Abutilon indicum
OYHQOLUKZRVURQ-HZJYTTRNSA-N,linoleic acid,CCCCC/C=C\C/C=C\CCCCCCCC(=O)O,,Fatty acids,280.4519999999999,765.27,1276,1245,plants,0.8248995983935743,0.0642570281124498,0.07630522088353414,0.02570281124497992,Aaptos aaptos; Abelmoschus esculentus; Abies pinsapo subsp. marocana
ZQPPMHVWECSIRJ-KTKRTIGZSA-N,,CCCCCCCC/C=C\CCCCCCCC(=O)O,,Fatty acids,282.4679999999999,761.1099999999999,1229,1193,plants,0.8365465213746857,0.057837384744341996,0.06538139145012574,0.027661357921207042,Aaptos aaptos; Abelmoschus esculentus; Abies nobilis
NPNUFJAVOOONJE-FLFDDASRSA-N,Isocaryophyllene,C=C1CC/C=C(/C)CC[C@@H]2[C@@H]1CC2(C)C,,Terpenoids,204.35699999999997,576.5,1184,1150,plants,0.9904347826086957,0.00608695652173913,0.0017391304347826088,0.0017391304347826088,Abies alba; Abies cilicica; Abies nordmanniana
NGSWKAQJJWESNS-ZZXKWVIFSA-N,,O=C(O)/C=C/c1ccc(O)cc1,balsamic,Shikimates and Phenylpropanoids,164.16,662.49,1152,1113,plants,0.9110512129380054,0.03773584905660377,0.026954177897574125,0.013477088948787063,Abeliophyllum distichum; Abies sachalinensis; Abies spectabilis
FAMPSKZZVDUYOS-HRGUGZIWSA-N,Humulene,C/C1=C\CC/C(C)=C/CC(C)(C)/C=C/C1,,Terpenoids,204.357,591.3799999999999,1043,1008,plants,0.9345238095238095,0.026785714285714284,0.023809523809523808,0.007936507936507936,Abies balsamea; Abies nordmanniana; Abies sachalinensis
MOYAFQVGZZPNRA-UHFFFAOYSA-N,TERPINOLENE,CC1=CCC(=C(C)C)CC1,,Terpenoids,136.238,463.28,1027,991,plants,0.8910191725529768,0.04944500504540868,0.04339051463168517,0.011099899091826439,Abies balsamea; Abies grandis; Abies sachalinensis
DTOSIQBPPRVQHS-PDBXOOCHSA-N,,CC/C=C\C/C=C\C/C=C\CCCCCCCC(=O)O,,Fatty acids,278.4359999999999,769.4300000000001,955,933,plants,0.8413719185423365,0.06859592711682744,0.05037513397642015,0.02679528403001072,Aaptos aaptos; Abelmoschus esculentus; Abies pinsapo subsp. marocana
XMGQYMWWDOXHJM-JTQLQIEISA-N,D-Limonene,C=C(C)[C@H]1CC=C(C)CC1,"citrus, fresh, gasoline, orange, sweet",Terpenoids,136.23799999999997,448.65,914,882,plants,0.8492063492063492,0.0691609977324263,0.05782312925170068,0.01473922902494331,Abies alba; Abies alba Mill.; Abies balsamea
YKFLAYDHMOASIY-UHFFFAOYSA-N,GAMMA-TERPINENE,CC1=CCC(C(C)C)=CC1,,Terpenoids,136.23799999999997,460.46,901,859,plants,0.9429569266589057,0.02677532013969732,0.018626309662398137,0.010477299185098952,Abies sachalinensis; Acca sellowiana; Aceriphyllum rossii
HVYWMOMLDIMFJA-DPAQBDIFSA-N,cholesterol,CC(C)CCC[C@@H](C)[C@H]1CC[C@H]2[C@@H]3CC=C4C[C@@H](O)CC[C@]4(C)[C@H]3CC[C@]12C,,Terpenoids,386.6640000000002,947.5799999999999,867,835,plants,0.5736526946107784,0.23952095808383234,0.055089820359281436,0.025149700598802394,Aaptos aaptos; Abramis brama; Abutilon theophrasti
YYGNTYWPHWGJRM-AAJYLUCBSA-N,squalene,CC(C)=CCC/C(C)=C/CC/C(C)=C/CC/C=C(\C)CC/C=C(\C)CCC=C(C)C,,Terpenoids,410.73000000000025,910.24,797,758,plants,0.7612137203166227,0.09102902374670185,0.07387862796833773,0.059366754617414245,A new engineered strain of Corynebacterium glutamicum PcPS; A new engineered strain of Escherichia coli XL -Blue hSQS tHMGR EGR EGR EGR MVD atoB ispA; A new engineered strain of Escherichia coli XL -Blue tSQS tHMGR tHMGR ERG ERG ERG MVD atoB idi ispA
JMSVCTWVEWCHDZ-UHFFFAOYSA-N,SYRINGIC ACID,COc1cc(C(=O)O)cc(OC)c1O,,Shikimates and Phenylpropanoids,198.17399999999998,713.1300000000001,786,763,plants,0.836173001310616,0.061598951507208385,0.06815203145478375,0.027522935779816515,Abedus herberti; Acacia mearnsii; Acalypha spiciflora
CZMRCDWAGMRECN-UGDNZRGBSA-N,Ferrlecit,OC[C@H]1O[C@@](CO)(O[C@H]2O[C@H](CO)[C@@H](O)[C@H](O)[C@H]2O)[C@@H](O)[C@@H]1O,,Carbohydrates,342.297,1290.3000000000002,785,764,plants,0.887434554973822,0.034031413612565446,0.03926701570680628,0.015706806282722512,Abedus herberti; Abelmoschus esculentus; Acacia farnesiana
TUNFSRHWOTWDNC-UHFFFAOYSA-N,Tetradecanoic acid,CCCCCCCCCCCCCC(=O)O,"odorless, oily, waxy, fatty, pineapple, coconut, soapy",Fatty acids,228.37599999999995,665.4300000000001,769,737,plants,0.8154681139755766,0.08548168249660787,0.048846675712347354,0.031207598371777476,Aaptos aaptos; Abies nobilis; Abies pinsapo subsp. marocana
GRWFGVWFFZKLTI-RKDXNWHRSA-N,(+)-alpha-Pinene,CC1=CC[C@@H]2C[C@H]1C2(C)C,"herbal, terpenic, minty, aromatic",Terpenoids,136.238,445.85999999999996,760,734,plants,0.8310626702997275,0.0776566757493188,0.0653950953678474,0.013623978201634877,Abies alba; Abies alba Mill.; Abies magnifica
FRMCCTDTYSRUBE-BGPZULBFSA-N,Spathulenol,C=C1CC[C@@H]2[C@H]([C@H]3[C@H]1CC[C@]3(C)O)C2(C)C,,Terpenoids,220.35599999999994,649.3699999999999,691,676,plants,0.9378698224852071,0.034023668639053255,0.01775147928994083,0.005917159763313609,Aberia caffra; Abrus pulchellus; Achillea abrotanoides
MWOOGOJBHIARFG-UHFFFAOYSA-N,vanillin,COc1cc(C=O)ccc1O,"creamy, vanilla, sweet, chocolate",Shikimates and Phenylpropanoids,152.14899999999997,493.76,678,659,plants,0.8209408194233687,0.08649468892261002,0.05918057663125948,0.019726858877086494,Abies nephrolepis; Abies nobilis; Abies sachalinensis
YHQGMYUVUMAZJR-UHFFFAOYSA-N,ALPHA-TERPINENE,CC1=CC=C(C(C)C)CC1,,Terpenoids,136.238,460.46,672,643,plants,0.9362363919129082,0.03265940902021773,0.01866251944012442,0.012441679626749611,Abies alba; Abies sachalinensis; Acca sellowiana
MGSRCZKZVOBKFT-UHFFFAOYSA-N,THYMOL,Cc1ccc(C(C)C)c(O)c1,"herbal, medicinal, phenolic, spicy, sweet, chemical, camphoreous",Terpenoids,150.221,540.24,663,642,plants,0.9096573208722741,0.04205607476635514,0.03426791277258567,0.00778816199376947,Abies sp.; Abrus pulchellus; Acanthospermum australe
RRAFCDWBNXTKKO-UHFFFAOYSA-N,eugenol,C=CCc1ccc(O)c(OC)c1,"dry, pungent, smoky, spicy, sweet, cinnamon, savory, phenolic, woody, clove",Shikimates and Phenylpropanoids,164.20399999999995,559.78,648,612,plants,0.9003267973856209,0.05555555555555555,0.02287581699346405,0.017973856209150325,Acarus calamus; Achillea Millefolium; Achillea abrotanoides
RGHHSNMVTDWUBI-UHFFFAOYSA-N,4-hydroxybenzaldehyde,O=Cc1ccc(O)cc1,,Shikimates and Phenylpropanoids,122.12299999999996,443.48,645,628,plants,0.8073248407643312,0.06847133757961783,0.07802547770700637,0.02388535031847134,Abies nephrolepis; Acanthophyllum sordidum; Achlys triphylla
GVJHHUAWPYXKBD-IEOSBIPESA-N,alpha-Tocopherol,Cc1c(C)c2c(c(C)c1O)CC[C@@](C)(CCC[C@H](C)CCC[C@H](C)CCCC(C)C)O2,,Terpenoids,430.7170000000003,1027.22,619,605,plants,0.828099173553719,0.11239669421487604,0.02975206611570248,0.011570247933884297,Abelmoschus esculentus; Abramis brama; Acacia sparsiflora
WTARULDDTDQWMU-IUCAKERBSA-N,(-)-beta-Pinene,C=C1CC[C@H]2C[C@@H]1C2(C)C,"dry, herbal, fresh, green, woody, hay, pine",Terpenoids,136.23799999999997,440.88,587,569,plants,0.8383128295254832,0.07205623901581722,0.06678383128295255,0.01757469244288225,Abies alba; Abies alba Mill.; Abies magnifica
RECUKUPTGUEGMW-UHFFFAOYSA-N,CARVACROL,Cc1ccc(C(C)C)cc1O,"herbal, medicinal, phenolic, smoky, spicy, camphoreous, cooling, woody",Terpenoids,150.221,540.24,565,543,plants,0.9005524861878453,0.04419889502762431,0.03130755064456722,0.016574585635359115,Acacia aulacocarpa; Aceriphyllum rossii; Achillea abrotanoides
GLZPCOQZEFWAFX-JXMROGBWSA-N,GERANIOL,CC(C)=CCC/C(C)=C/CO,"floral, rose, sweet, fruity, citrus, waxy",Terpenoids,154.253,528.6600000000001,556,539,plants,0.9053803339517625,0.05009276437847866,0.02411873840445269,0.012987012987012988,Abies sibirica; Acacia aulacocarpa; Acca sellowiana
IHPKGUQCSIINRJ-CSKARUKUSA-N,(E)-beta-ocimene,C=C/C(C)=C/CC=C(C)C,,Terpenoids,136.23799999999997,433.15999999999997,544,521,plants,0.963531669865643,0.015355086372360844,0.013435700575815739,0.003838771593090211,Acca sellowiana; Achillea grandifolia; Aconitum violaceum
BOTWFXYSPFMFNR-PYDDKJGSSA-N,Phytol,C/C(=C\CO)CCC[C@H](C)CCC[C@H](C)CCCC(C)C,,Terpenoids,296.539,752.0999999999999,528,516,plants,0.8895348837209303,0.025193798449612403,0.01937984496124031,0.029069767441860465,Abies pinsapo var. tazaotana; Abies spectabilis; Abuta concolor
KDYFGRWQOYBRFD-UHFFFAOYSA-N,succinic acid,O=C(O)CCC(=O)O,odorless,Fatty acids,118.088,582.14,511,494,plants,0.8016194331983806,0.0708502024291498,0.06882591093117409,0.03643724696356275,A new engineered strain of Yarrowia lipolytica n.a.; Acacia adunca; Acanthamoeba culbertsoni
CDOSHBSSFJOMGT-JTQLQIEISA-N,(-)-Linalool,C=C[C@](C)(O)CCC=C(C)C,,Terpenoids,154.253,518.0699999999999,504,477,plants,0.8825995807127882,0.05241090146750524,0.033542976939203356,0.027253668763102725,Acacia armata; Acacia aulacocarpa; Acca sellowiana
ODKSFYDXXFIFQN-BYPYZUCNSA-N,Arginine,NC(N)=NCCC[C@H](N)C(=O)O,,Amino acids and Peptides,174.20399999999998,776.0999999999999,475,460,plants,0.758695652173913,0.13043478260869565,0.06304347826086956,0.0391304347826087,A new engineered strain of Escherichia coli n.a.; A new engineered strain of Rhodopseudomonas palustris TIE- shc; A new engineered strain of Saccharomyces cerevisiae BY tHMG POS
KRKNYBCHXYNGOX-UHFFFAOYSA-N,citric acid,O=C(O)CC(O)(CC(=O)O)C(=O)O,odorless,Fatty acids,192.123,862.3599999999999,459,447,plants,0.785234899328859,0.08053691275167785,0.06711409395973154,0.0447427293064877,Aaptos aaptos; Acacia adunca; Aconitum japonicum
WPYMKLBDIGXBTP-UHFFFAOYSA-N,benzoic acid,O=C(O)c1ccccc1,balsamic,Shikimates and Phenylpropanoids,122.12299999999996,531.95,449,432,plants,0.8310185185185185,0.05324074074074074,0.06944444444444445,0.034722222222222224,Aaptos aaptos; Abies nephrolepis; Aca sellowiana
BOPIMTNSYWYZOC-VNHYZAJKSA-N,beta-Eudesmol,C=C1CCC[C@]2(C)CC[C@@H](C(C)(C)O)C[C@@H]12,,Terpenoids,222.37199999999999,657.04,443,435,plants,0.9149425287356322,0.04597701149425287,0.027586206896551724,0.006896551724137931,Salvia africana-lutea L.; Abies firma; Abies sachalinensis var. gracilis
POULHZVOKOAJMA-UHFFFAOYSA-N,lauric acid,CCCCCCCCCCCC(=O)O,"fatty, fresh, waxy, coconut",Fatty acids,200.32199999999997,619.6700000000001,442,430,plants,0.8604651162790697,0.06744186046511629,0.037209302325581395,0.01627906976744186,Acanthophora spicifera; Acantophora spicifera; Achyranthes aspera
IHPKGUQCSIINRJ-NTMALXAHSA-N,cis-beta-Ocimene,C=C/C(C)=C\CC=C(C)C,,Terpenoids,136.23799999999997,433.15999999999997,438,423,plants,0.9692671394799054,0.016548463356973995,0.009456264775413711,0.0,Abies alba; Acca sellowiana; Achillea abrotanoides
JSNRRGGBADWTMC-NTCAYCPXSA-N,18794-84-8,C=CC(=C)CC/C=C(\C)CCC=C(C)C,,Terpenoids,204.35699999999997,544.12,432,406,plants,0.8793103448275862,0.054187192118226604,0.03201970443349754,0.029556650246305417,Aca sellowiana; Acca sellowiana; Achillea clypeolata
GLZPCOQZEFWAFX-YFHOEESVSA-N,nerol,CC(C)=CCC/C(C)=C\CO,"fresh, rose, sweet, natural, citrus",Terpenoids,154.253,528.6600000000001,431,406,plants,0.9113300492610837,0.05172413793103448,0.022167487684729065,0.012315270935960592,Aca sellowiana; Acca sellowiana; Aceriphyllum rossii
CIWBSHSKHKDKBQ-JLAZNSOCSA-N,l-ascorbic acid,O=C1O[C@H]([C@@H](O)CO)C(O)=C1O,,Polyketides,176.124,779.24,430,425,plants,0.8894117647058823,0.0611764705882353,0.03529411764705882,0.002352941176470588,Abelmoschus esculentus; Acmena hemilampra; Acrocarpia paniculata
ONIBWKKTOPOVIA-BYPYZUCNSA-N,L-proline,O=C(O)[C@@H]1CCCN1,,Amino acids and Peptides,115.13200000000002,523.3399999999999,417,399,plants,0.7744360902255639,0.14786967418546365,0.05513784461152882,0.017543859649122806,A new engineered strain of Saccharomyces cerevisiae BY ERG POS; A new engineered strain of Saccharomyces cerevisiae n.a.; Abelmoschus esculentus
JZRWCGZRTZMZEH-UHFFFAOYSA-N,thiamine,Cc1ncc(C[n+]2csc(CCO)c2C)c(N)n1,,Alkaloids,265.36199999999997,867.56,415,411,plants,0.7712895377128953,0.17518248175182483,0.0340632603406326,0.0072992700729927005,Alhagi maurorum; Alhagi persarum; Artemia salina
WUOACPNHFRMFPN-VIFPVBQESA-N,(+)-alpha-Terpineol,CC1=CC[C@H](C(C)(C)O)CC1,,Terpenoids,154.25299999999996,541.04,412,405,plants,0.7925925925925926,0.08888888888888889,0.06666666666666667,0.0345679012345679,Abies alba; Abies nobilis; Abies sachalinensis var. mayriana
GYHFUZHODSMOHU-UHFFFAOYSA-N,NONANAL,CCCCCCCCC=O,"fatty, floral, rose, waxy, aldehydic, cucumber, fresh, green, orris, citrus",Fatty acids,142.242,454.18,406,382,plants,0.8926701570680629,0.05235602094240838,0.028795811518324606,0.015706806282722512,Abrus pulchellus; Acacia howittii; Acca sellowiana
GRWFGVWFFZKLTI-IUCAKERBSA-N,(-)-alpha-Pinene,CC1=CC[C@H]2C[C@@H]1C2(C)C,"warm, herbal, terpenic, fresh, woody, earthy, pine, sharp",Terpenoids,136.238,445.85999999999996,405,394,plants,0.883248730964467,0.05583756345177665,0.04314720812182741,0.015228426395939087,Abies alba; Abies alba Mill.; Abies grandis
DHMQDGOQFOQNFH-UHFFFAOYSA-N,glycine,NCC(=O)O,odorless,Amino acids and Peptides,75.067,463.4,402,394,plants,0.7842639593908629,0.1446700507614213,0.050761421319796954,0.012690355329949238,Abelmoschus esculentus; Abies balsamea; Acacia lemmoni
FBPFZTCFMRRESA-KVTDHHQDSA-N,D-mannitol,OC[C@@H](O)[C@@H](O)[C@H](O)[C@H](O)CO,,Carbohydrates,182.172,888.2,395,387,plants,0.7416020671834626,0.03359173126614987,0.10852713178294573,0.031007751937984496,Abutilon indicum; Acanthospermum hispidum; Achaetomium cristalliferum
HUMNYLRZRPPJDN-UHFFFAOYSA-N,benzaldehyde,O=Cc1ccccc1,"almond, sweet, cherry, nutty, fruity, powdery, sharp",Shikimates and Phenylpropanoids,106.12399999999997,362.86,392,363,plants,0.8622589531680441,0.049586776859504134,0.046831955922865015,0.02203856749311295,Aca sellowiana; Achillea abrotanoides; Aconitum leucostomum
KCDXJAYRVLXPFO-UHFFFAOYSA-N,SYRINGALDEHYDE,COc1cc(C=O)cc(OC)c1O,"balsamic, floral, smoky, sweet, vanilla, green, woody, chocolate",Shikimates and Phenylpropanoids,182.17499999999998,544.04,387,377,plants,0.8010610079575596,0.07957559681697612,0.06896551724137931,0.034482758620689655,Achyranthes aspera; Acicarpha tribuloides; Acinetobacter baumannii
WTEVQBCEXWBHNA-JXMROGBWSA-N,Citral,CC(C)=CCC/C(C)=C/C=O,"citrus, fresh, fruity, lemon",Terpenoids,152.237,485.14,384,360,plants,0.8611111111111112,0.058333333333333334,0.041666666666666664,0.03333333333333333,Acer triflorum; Aceriphyllum rossii; Achillea millefolium
ZFMSMUAANRJZFM-UHFFFAOYSA-N,Estragole,C=CCc1ccc(OC)cc1,"anisic, herbal, sweet, anise, spicy, phenolic, green, minty",Shikimates and Phenylpropanoids,148.20499999999998,479.15999999999997,384,361,plants,0.8310249307479224,0.0997229916897507,0.05263157894736842,0.002770083102493075,Acacia simplicifolia; Acanthopanax ricinifolius; Achillea abrotanoides
KDXKERNSBIXSRK-YFKPBYRVSA-N,L-lysine,NCCCC[C@H](N)C(=O)O,,Amino acids and Peptides,146.19,627.01,381,370,plants,0.7702702702702703,0.14054054054054055,0.06486486486486487,0.01891891891891892,A new engineered strain of Escherichia coli n.a.; A new engineered strain of Yarrowia lipolytica acs ylACL ylHGM; Abelmoschus esculentus
WQEPLUUGTLDZJY-UHFFFAOYSA-N,PENTADECANOIC ACID,CCCCCCCCCCCCCCC(=O)O,"fatty, waxy",Fatty acids,242.40299999999993,688.31,374,355,plants,0.7295774647887324,0.16056338028169015,0.05352112676056338,0.03943661971830986,Aaptos aaptos; Abies pinsapo subsp. marocana; Acacia auriculiformis
WRMNZCZEMHIOCP-UHFFFAOYSA-N,2-PHENYLETHANOL,OCCc1ccccc1,"floral, rose, sweet, honey, bready, fresh",Shikimates and Phenylpropanoids,122.16699999999996,501.49999999999994,373,354,plants,0.807909604519774,0.06779661016949153,0.07909604519774012,0.02824858757062147,Acacia aulacocarpa; Achillea abrotanoides; Achillea cuneatiloba
WHUUTDBJXJRKMK-VKHMYHEASA-N,L-glutamic acid,N[C@@H](CCC(=O)O)C(=O)O,,Amino acids and Peptides,147.13,677.11,369,358,plants,0.7486033519553073,0.15083798882681565,0.05865921787709497,0.036312849162011177,Abelmoschus esculentus; Abies balsamea; Abutilon indicum
CRPUJAZIXJMDBK-BDAKNGLRSA-N,(-)-camphene,C=C1[C@@H]2CC[C@@H](C2)C1(C)C,"woody, fresh, terpenic",Terpenoids,136.238,440.88,359,342,plants,0.8567251461988304,0.07602339181286549,0.04678362573099415,0.011695906432748537,Abies alba; Abrus pulchellus; Acer mandshuricum
CDOSHBSSFJOMGT-SNVBAGLBSA-N,126-90-9,C=C[C@@](C)(O)CCC=C(C)C,,Terpenoids,154.253,518.0699999999999,358,346,plants,0.8497109826589595,0.05202312138728324,0.06358381502890173,0.008670520231213872,Acokanthera oblongifolia; Acorus calamus; Acorus gramineus
CKLJMWTZIZZHCS-REOHCLBHSA-N,DTXSID90967395,N[C@@H](CC(=O)O)C(=O)O,,Amino acids and Peptides,133.10299999999998,654.23,357,347,plants,0.7896253602305475,0.13544668587896252,0.05475504322766571,0.011527377521613832,Adhatoda vasica; Amaranthus caudatus; Astragalus membranaceus
WBYWAXJHAXSJNI-VOTSOKGWSA-N,,O=C(O)/C=C/c1ccccc1,"balsamic, sweet",Shikimates and Phenylpropanoids,148.161,581.8699999999999,357,341,plants,0.9325513196480938,0.02932551319648094,0.011730205278592375,0.020527859237536656,Achillea alexandri-regis; Achillea alexandri-regis Bornm. Rudski; Achyranthes aspera
HNDVDQJCIGZPNO-YFKPBYRVSA-N,L-histidine,N[C@@H](Cc1cnc[nH]1)C(=O)O,,Amino acids and Peptides,155.15699999999998,679.98,355,348,plants,0.7586206896551724,0.15517241379310345,0.06609195402298851,0.011494252873563218,Abelmoschus esculentus; Actinidia chinensis; Actinidia deliciosa
AYFVYJQAPQTCCC-GBXIJSLDSA-N,L-threonine,C[C@@H](O)[C@H](N)C(=O)O,,Amino acids and Peptides,119.11999999999999,600.46,350,341,plants,0.7712609970674487,0.1466275659824047,0.05865102639296188,0.01466275659824047,A new engineered strain of Physcomitrella patens HMGR; Abelmoschus esculentus; Abies balsamea
FFEARJCKVFRZRR-BYPYZUCNSA-N,L-methionine,CSCC[C@H](N)C(=O)O,,Amino acids and Peptides,149.215,600.3800000000001,349,337,plants,0.7655786350148368,0.16023738872403562,0.05341246290801187,0.01483679525222552,Abelmoschus esculentus; Abies balsamea; Actinidia chinensis
AGPKZVBTJJNPAG-WHFBIAKZSA-N,l-isoleucine,CC[C@H](C)[C@H](N)C(=O)O,,Amino acids and Peptides,131.175,554.04,343,330,plants,0.7818181818181819,0.1484848484848485,0.05454545454545454,0.00909090909090909,Abelmoschus esculentus; Abies balsamea; Achillea millefolium
YGSDEFSMJLZEOE-UHFFFAOYSA-N,salicylic acid,O=C(O)c1ccccc1O,,Shikimates and Phenylpropanoids,138.12199999999999,612.5699999999999,342,320,plants,0.909375,0.021875,0.028125,0.028125,Abies alba; Abies alba Mill.; Abrus pulchellus
ZYEMGPIYFIJGTP-UHFFFAOYSA-N,METHYLEUGENOL,C=CCc1ccc(OC)c(OC)c1,"herbal, musty, spicy, tea, sweet, vegetable, warm, cinnamon, peppery, phenolic, fresh, clove, waxy",Shikimates and Phenylpropanoids,178.23099999999997,529.44,339,315,plants,0.9396825396825397,0.04126984126984127,0.015873015873015872,0.0,Achillea abrotanoides; Achillea arabica; Achillea biebersteinii
RRHGJUQNOFWUDK-UHFFFAOYSA-N,ISOPRENE,C=CC(=C)C,,Terpenoids,68.119,307.24,337,333,plants,0.975975975975976,0.012012012012012012,0.003003003003003003,0.006006006006006006,Abies alba; Abies lasiocarpa; Acacia Farnesiana
OGLDWXZKYODSOB-JTQLQIEISA-N,(+)-alpha-phellandrene,CC1=CC[C@@H](C(C)C)C=C1,,Terpenoids,136.238,450.80999999999995,330,323,plants,0.8173374613003096,0.08668730650154799,0.06501547987616099,0.030959752321981424,Abies alba; Acacia sutherlandii; Acanthopanax ricinifolius
WRYLYDPHFGVWKC-SNVBAGLBSA-N,(+)-Terpinen-4-ol,CC1=CC[C@](O)(C(C)C)CC1,,Terpenoids,154.25299999999996,544.0699999999999,329,314,plants,0.8535031847133758,0.05732484076433121,0.07006369426751592,0.009554140127388535,Abies sachalinensis var. mayriana; Aconitum violaceum; Acorus calamus
JARKCYVAAOWBJS-UHFFFAOYSA-N,HEXANAL,CCCCCC=O,"fatty, fruity, grassy, green, vegetable, aldehydic, clean, leafy, fresh, woody",Fatty acids,100.16099999999999,385.53999999999996,327,307,plants,0.8664495114006515,0.06188925081433225,0.035830618892508145,0.02280130293159609,Achillea arabica; Achillea biebersteinii; Aconitum kamtschaticum
ZYGHJZDHTFUPRJ-UHFFFAOYSA-N,coumarin,O=c1ccc2ccccc2o1,"sweet, hay",Shikimates and Phenylpropanoids,146.14499999999998,501.7,327,318,plants,0.8584905660377359,0.06289308176100629,0.05345911949685535,0.0220125786163522,Abies sp.; Achlys triphylla; Acourtia cordata
YCCILVSKPBXVIP-UHFFFAOYSA-N,2-(4-Hydroxyphenyl)ethanol,OCCc1ccc(O)cc1,,Shikimates and Phenylpropanoids,138.16599999999997,582.1200000000001,327,318,plants,0.7012578616352201,0.07232704402515723,0.16352201257861634,0.03773584905660377,Acacia catechu; Acanthopanax ricinifolius; Achlys triphylla
TXFPEBPIARQUIG-UHFFFAOYSA-N,4'-Hydroxyacetophenone,CC(=O)c1ccc(O)cc1,,Shikimates and Phenylpropanoids,136.14999999999998,543.81,325,319,plants,0.8338557993730408,0.07210031347962383,0.06896551724137931,0.012539184952978056,Abies nephrolepis; Abies spectabilis; Acanthophyllum sordidum
KGEKLUUHTZCSIP-HOSYDEDBSA-N,(-)-Bornyl acetate,CC(=O)O[C@@H]1C[C@@H]2CC[C@@]1(C)C2(C)C,,Terpenoids,196.29,541.27,323,318,plants,0.8647798742138365,0.05660377358490566,0.05660377358490566,0.018867924528301886,Abies alba; Abies alba Mill.; Abies excelsa
XLPDVYGDNRIQFV-UHFFFAOYSA-N,2-(4-methylphenyl)propan-2-ol,Cc1ccc(C(C)(C)O)cc1,,Terpenoids,150.221,549.01,315,304,plants,0.8848684210526315,0.05592105263157895,0.03618421052631579,0.009868421052631578,Abies sachalinensis; Aceriphyllum rossii; Achillea abrotanoides
ULDHMXUKGWMISQ-VIFPVBQESA-N,d-Carvone,C=C(C)[C@H]1CC=C(C)C(=O)C1,"minty, bready, spicy",Terpenoids,150.22099999999998,516.47,301,292,plants,0.9178082191780822,0.0273972602739726,0.030821917808219176,0.017123287671232876,Achillea abrotanoides; Achillea ageratum; Achillea arabica
KPQMCAKZRXOZLB-KOIHBYQTSA-N,Vomifoliol,CC1=CC(=O)CC(C)(C)[C@@]1(O)/C=C/[C@@H](C)O,,Terpenoids,224.3,772.44,300,292,plants,0.8287671232876712,0.07876712328767123,0.04452054794520548,0.03767123287671233,Acacia adunca; Aconitum kamtschaticum; Aconitum vilmorinianum
WUOACPNHFRMFPN-SECBINFHSA-N,10482-56-1,CC1=CC[C@@H](C(C)(C)O)CC1,"floral, terpenic",Terpenoids,154.25299999999996,541.04,298,275,plants,0.9636363636363636,0.01090909090909091,0.01090909090909091,0.01090909090909091,Acca sellowiana; Aconitum macrorhynchum; Acorus calamus
KSMVZQYAVGTKIV-UHFFFAOYSA-N,Decanal,CCCCCCCCCC=O,"orange, sweet, waxy, aldehydic, floral, citrus",Fatty acids,156.269,477.06,298,281,plants,0.8647686832740213,0.060498220640569395,0.042704626334519574,0.014234875444839857,Aceriphyllum rossii; Actaea dahurica; Actaea heracleifolia
XMGQYMWWDOXHJM-SNVBAGLBSA-N,(-)-Limonene,C=C(C)[C@@H]1CC=C(C)CC1,"herbal, orange, peppery, terpenic, pine",Terpenoids,136.23799999999997,448.65,297,271,plants,0.955719557195572,0.01845018450184502,0.014760147601476014,0.01107011070110701,Abies alba; Abies alba Mill.; Abies grandis
LXCFILQKKLGQFO-UHFFFAOYSA-N,Methyl 4-hydroxybenzoate,COC(=O)c1ccc(O)cc1,,Shikimates and Phenylpropanoids,152.149,548.1600000000001,295,283,plants,0.7985865724381626,0.053003533568904596,0.09540636042402827,0.0353356890459364,A new engineered strain of Saccharomyces cerevisiae INVSc tHMG IDI ERG ERG; Achillea biebersteinii; Aconitum campylorrhynchum
WRHGORWNJGOVQY-RBSFLKMASA-N,(-)-gamma-cadinene,C=C1CC[C@H](C(C)C)[C@H]2C=C(C)CC[C@H]12,,Terpenoids,204.35699999999994,571.55,294,279,plants,0.942652329749104,0.0035842293906810036,0.017921146953405017,0.025089605734767026,Abies pinsapo; Abies pinsapo subsp. marocana; Achillea aspleniifolia
WVDDGKGOMKODPV-UHFFFAOYSA-N,benzyl alcohol,OCc1ccccc1,"almond, fruity, sweet, floral, rose, phenolic, balsamic, chemical",Shikimates and Phenylpropanoids,108.13999999999997,478.61999999999995,290,278,plants,0.8669064748201439,0.046762589928057555,0.04316546762589928,0.017985611510791366,Abies alba; Acacia aulacocarpa; Acacia longifolia
ZSIAUFGUXNUGDI-UHFFFAOYSA-N,1-Hexanol,CCCCCCO,"fatty, fruity, winey, sweet, pungent, herbal, oily, green, ethereal, alcoholic",Fatty acids,102.17699999999999,429.05999999999995,289,271,plants,0.9188191881918819,0.04059040590405904,0.01845018450184502,0.01107011070110701,Abies alba; Abies sachalinensis; Aca sellowiana
KEMQGTRYUADPNZ-UHFFFAOYSA-N,HEPTADECANOIC ACID,CCCCCCCCCCCCCCCCC(=O)O,,Fatty acids,270.4569999999999,734.0699999999999,282,276,plants,0.7427536231884058,0.14130434782608695,0.050724637681159424,0.043478260869565216,Aaptos aaptos; Abelmoschus esculentus; Aconitum nevadense
QMAYBMKBYCGXDH-ZNMIVQPWSA-N,alpha-Muurolene,CC1=C[C@@H]2[C@H](CC1)C(C)=CC[C@H]2C(C)C,,Terpenoids,204.357,576.53,281,270,plants,0.8925925925925926,0.05555555555555555,0.025925925925925925,0.011111111111111112,Abies nordmanniana; Abies pinsapo; Abies pinsapo subsp. marocana
VZCYOOQTPOCHFL-OWOJBTEDSA-N,,O=C(O)/C=C/C(=O)O,,Fatty acids,116.07199999999999,586.3,281,275,plants,0.8290909090909091,0.04363636363636364,0.06909090909090909,0.04,Acanthamoeba culbertsoni; Acer sp.; Aconitum japonicum
ZMQAAUBTXCXRIC-UHFFFAOYSA-N,safrole,C=CCc1ccc2c(c1)OCO2,"aromatic, spicy, sweet, anise, warm, floral, woody",Shikimates and Phenylpropanoids,162.18799999999993,527.03,280,270,plants,0.8814814814814815,0.05555555555555555,0.037037037037037035,0.022222222222222223,Acanthopanax ricinifolius; Aconitum episcopale; Aconitum macrorhynchum
HIGQPQRQIQDZMP-DHZHZOJOSA-N,GERANYL ACETATE,CC(=O)OC/C=C(\C)CCC=C(C)C,"floral, fruity, green, rose, sweet, lavender, waxy",Terpenoids,196.29,540.46,278,269,plants,0.9516728624535316,0.026022304832713755,0.011152416356877323,0.0037174721189591076,Abutilon indicum; Achillea erba-rotta; Achillea moschata
WTEVQBCEXWBHNA-YFHOEESVSA-N,NERAL,CC(C)=CCC/C(C)=C\C=O,,Terpenoids,152.237,485.14,278,264,plants,0.9090909090909091,0.045454545454545456,0.026515151515151516,0.01893939393939394,Aca sellowiana; Acca sellowiana; Acer triflorum
KBPLFHHGFOOTCA-UHFFFAOYSA-N,1-octanol,CCCCCCCCO,"orange, rose, sweet, waxy, aldehydic, mushroom, fatty, floral, coconut, green, citrus",Fatty acids,130.23100000000002,474.82,278,263,plants,0.8479087452471483,0.06844106463878327,0.060836501901140684,0.015209125475285171,Acanthus montanus; Aceriphyllum rossii; Actaea dahurica
IBGBGRVKPALMCQ-UHFFFAOYSA-N,"3,4-Dihydroxybenzaldehyde",O=Cc1ccc(O)c(O)c1,,Shikimates and Phenylpropanoids,138.12199999999999,524.0999999999999,276,268,plants,0.8134328358208955,0.05223880597014925,0.0708955223880597,0.03731343283582089,Acacia adunca; Achillea biebersteinii; Aconitum leucostomum
GHVNFZFCNZKVNT-UHFFFAOYSA-N,Decanoic acid,CCCCCCCCCC(=O)O,"cheesy, dairy, fatty, waxy, citrus, sour",Fatty acids,172.268,573.9100000000001,275,264,plants,0.9015151515151515,0.05303030303030303,0.01893939393939394,0.01893939393939394,Aconitum macrorhynchum; Actinidia chinensis; Agaricus bisporus
DTGKSKDOIYIVQL-WEDXCCLWSA-N,(+)-Borneol,CC1(C)[C@@H]2CC[C@@]1(C)[C@@H](O)C2,,Terpenoids,154.253,529.47,263,255,plants,0.8705882352941177,0.050980392156862744,0.054901960784313725,0.01568627450980392,Abies alba; Abies sibirica; Acacia simplicifolia
DZGWFCGJZKJUFP-UHFFFAOYSA-N,tyramine,NCCc1ccc(O)cc1,,Alkaloids,137.18199999999996,562.47,263,252,plants,0.9087301587301587,0.03571428571428571,0.03571428571428571,0.015873015873015872,Acacia angustissima; Acacia greggii; Acacia rigidula Benth.
BPLQKQKXWHCZSS-UHFFFAOYSA-N,Elemicin,C=CCc1cc(OC)c(OC)c(OC)c1,,Shikimates and Phenylpropanoids,208.25699999999995,579.72,258,245,plants,0.9183673469387755,0.053061224489795916,0.0163265306122449,0.012244897959183673,Aconitum episcopale; Aconitum leucostomum; Acorus calamus
UHEPJGULSIKKTP-UHFFFAOYSA-N,6-METHYL-5-HEPTEN-2-ONE,CC(=O)CCC=C(C)C,"green, herbal, oily, musty, banana, fruity, cheesy, apple, creamy, citrus, ketonic",Fatty acids,126.19899999999998,440.55,257,242,plants,0.8388429752066116,0.06611570247933884,0.05371900826446281,0.028925619834710745,Aceriphyllum rossii; Actaea dahurica; Actaea heracleifolia
NUJGJRNETVAIRJ-UHFFFAOYSA-N,Octanal,CCCCCCCC=O,"fatty, fruity, aldehydic, herbal, fresh, orange, green, citrus, waxy",Fatty acids,128.215,431.3,254,243,plants,0.8477366255144033,0.06995884773662552,0.04526748971193416,0.01646090534979424,Aceriphyllum rossii; Acmella ciliata; Agnorhiza bolanderi
FEWJPZIEWOKRBE-JCYAYHJZSA-N,(+)-L-Tartaric acid,O=C(O)[C@H](O)[C@@H](O)C(=O)O,,Fatty acids,150.08599999999998,765.6199999999999,252,245,plants,0.7755102040816326,0.09387755102040816,0.053061224489795916,0.04897959183673469,Aaptos aaptos; Acacia adunca; Aconitum chasmanthum
BNWJOHGLIBDBOB-UHFFFAOYSA-N,Myristicin,C=CCc1cc(OC)c2c(c1)OCO2,,Shikimates and Phenylpropanoids,192.21399999999994,577.31,251,242,plants,0.9049586776859504,0.07024793388429752,0.012396694214876033,0.012396694214876033,Aconitum leucostomum; Alpinia speciosa; Alstonia undulifolia
DTOSIQBPPRVQHS-IUQGRGSQSA-N,,CC/C=C/C/C=C/C/C=C/CCCCCCCC(=O)O,,Fatty acids,278.4359999999999,769.4300000000001,251,238,plants,0.9537815126050421,0.008403361344537815,0.029411764705882353,0.0,Brassica oleracea var. sabauda; Bupleurum chinense; Ephedra sinica
FLIACVVOZYBSBS-UHFFFAOYSA-N,METHYL PALMITATE,CCCCCCCCCCCCCCCC(=O)OC,"sweet, waxy, orris, fatty, oily",Fatty acids,270.45699999999994,646.78,251,240,plants,0.8291666666666667,0.075,0.05,0.029166666666666667,Acanthophora spicifera; Achillea millefolium; Actaea dahurica
GFJIQNADMLPFOW-VNHYZAJKSA-N,Elemol,C=C[C@]1(C)CC[C@@H](C(C)(C)O)C[C@H]1C(=C)C,,Terpenoids,222.37199999999996,635.44,248,237,plants,0.9113924050632911,0.016877637130801686,0.04219409282700422,0.012658227848101266,Acorus calamus; Aglaia meridionalis; Aiouea costaricensis
DSSYKIVIOFKYAU-XCBNKYQSSA-N,D-CAMPHOR,CC1(C)[C@@H]2CC[C@@]1(C)C(=O)C2,"medicinal, mentholic, herbal, camphoreous, cooling, phenolic, green, woody, minty",Terpenoids,152.237,509.78000000000003,247,238,plants,0.9117647058823529,0.04201680672268908,0.02100840336134454,0.012605042016806723,Abies alba; Achillea alpina; Achillea santolinoides
LSQXNMXDFRRDSJ-UHFFFAOYSA-N,1076-56-8,COc1cc(C)ccc1C(C)C,,Terpenoids,164.248,509.9,244,237,plants,0.8734177215189873,0.05907172995780591,0.0379746835443038,0.02531645569620253,Abies sachalinensis var. mayriana; Abies sibirica; Abrus precatorius
XZRVRYFILCSYSP-HNNXBMFYSA-N,(R)-beta-bisabolene,C=C(CCC=C(C)C)[C@H]1CC=C(C)CC1,,Terpenoids,204.35699999999994,567.0899999999999,238,224,plants,0.9196428571428571,0.03125,0.03571428571428571,0.008928571428571428,Abies nordmanniana; Abies sibirica; Acacia armata
LFJQCDVYDGGFCH-JTQLQIEISA-N,(+)-beta-Phellandrene,C=C1C=C[C@H](C(C)C)CC1,,Terpenoids,136.23799999999997,445.83,235,229,plants,0.759825327510917,0.1091703056768559,0.1091703056768559,0.008733624454148471,Abies alba; Abies grandis; Abies magnifica
LHYHMMRYTDARSZ-ZQDZILKHSA-N,delta-Cadinol,CC1=C[C@H]2[C@H](C(C)C)CC[C@@](C)(O)[C@H]2CC1,,Terpenoids,222.37199999999996,660.14,235,223,plants,0.8789237668161435,0.04035874439461883,0.06726457399103139,0.004484304932735426,Abies sachalinensis; Acronychia haplophylla; Adina trichotoma
FQTLCLSUCSAZDY-ATGUSINASA-N,1119-38-6,C=C[C@@](C)(O)CC/C=C(\C)CCC=C(C)C,,Terpenoids,222.37199999999996,636.51,234,228,plants,0.8859649122807017,0.05701754385964912,0.03508771929824561,0.008771929824561403,Abies nephrolepis; Abies sachalinensis var. gracilis; Abies sibirica
NEHNMFOYXAPHSD-SNVBAGLBSA-N,(R)-(+)-Citronellal,CC(C)=CCC[C@@H](C)CC=O,"citrus, fresh, green, lemon, woody, herbal",Terpenoids,154.25300000000001,480.66,230,222,plants,0.8063063063063063,0.0945945945945946,0.06756756756756757,0.02702702702702703,Aceriphyllum rossii; Acicarpha tribuloides; Aconitum palmatum
OAIJSZIZWZSQBC-GYZMGTAESA-N,LYCOPENE,CC(C)=CCC/C(C)=C/C=C/C(C)=C/C=C/C(C)=C/C=C/C=C(C)/C=C/C=C(C)/C=C/C=C(\C)CCC=C(C)C,,Terpenoids,536.8880000000003,1167.92,224,216,plants,0.6296296296296297,0.06481481481481481,0.07407407407407407,0.19907407407407407,A new engineered strain of Lactococcus lactis n.a.; A new engineered strain of Saccharomyces cerevisiae WLT-MVA PGM UGP UGT; A new engineered strain of Saccharomyces cerevisiae n.a.
FQTLCLSUCSAZDY-SDNWHVSQSA-N,,C=CC(C)(O)CC/C=C(\C)CCC=C(C)C,"floral, green, woody, citrus, waxy",Terpenoids,222.37199999999996,636.51,222,214,plants,0.9813084112149533,0.004672897196261682,0.004672897196261682,0.009345794392523364,Achillea arabica; Achillea aspleniifolia; Achillea biebersteinii
ULDHMXUKGWMISQ-SECBINFHSA-N,(-)-Carvone,C=C(C)[C@@H]1CC=C(C)C(=O)C1,"sweet, herbal, minty",Terpenoids,150.22099999999998,516.47,221,217,plants,0.8294930875576036,0.06451612903225806,0.059907834101382486,0.041474654377880185,Aceriphyllum rossii; Actinomadura hibisca; Agnorhiza bolanderi
CXENHBSYCFFKJS-VDQVFBMKSA-N,alpha-Farnesene,C=C/C(C)=C/C/C=C(\C)CCC=C(C)C,"apple, berry, citrus, green, herbal, vegetable, floral, lavender, bergamot, woody",Terpenoids,204.35699999999994,551.6,221,209,plants,0.937799043062201,0.028708133971291867,0.019138755980861243,0.009569377990430622,Aca sellowiana; Acca sellowiana; Agastache rugosa
PSQYTAPXSHCGMF-BQYQJAHWSA-N,,CC(=O)/C=C/C1=C(C)CCCC1(C)C,"fruity, violet, woody, sweet, berry, floral, tropical",Terpenoids,192.30199999999996,583.98,218,210,plants,0.8333333333333334,0.05238095238095238,0.03333333333333333,0.06190476190476191,Aconitum kamtschaticum; Aconitum vilmorinianum; Actinidia kolomikta
WMOPMQRJLLIEJV-IUODEOHRSA-N,gamma-Eudesmol,CC1=C2C[C@H](C(C)(C)O)CC[C@@]2(C)CCC1,,Terpenoids,222.3719999999999,671.67,215,212,plants,0.9198113207547169,0.03773584905660377,0.0330188679245283,0.0047169811320754715,Acca sellowiana; Agrimonia pilosa; Aiouea costaricensis
BJHIKXHVCXFQLS-UYFOZJQFSA-N,D-(-)-Fructose,O=C(CO)[C@@H](O)[C@H](O)[C@H](O)CO,,Carbohydrates,180.15599999999998,850.3299999999999,211,198,plants,0.9393939393939394,0.010101010101010102,0.020202020202020204,0.020202020202020204,Acanthospermum hispidum; Acer negundo; Acorus calamus
YIRAHEODBQONHI-ZQNQSHIBSA-N,beta-Bourbonene,C=C1CC[C@@H]2[C@H]1[C@H]1[C@H](C(C)C)CC[C@]12C,,Terpenoids,204.3569999999999,556.91,210,202,plants,1.0,0.0,0.0,0.0,Acca sellowiana; Achillea abrotanoides; Agastache rugosa
ZQPPMHVWECSIRJ-MDZDMXLPSA-N,,CCCCCCCC/C=C/CCCCCCCC(=O)O,,Fatty acids,282.4679999999999,761.1099999999999,205,203,plants,0.9064039408866995,0.07389162561576355,0.019704433497536946,0.0,Abelmoschus esculentus; Agaricus bisporus; Agrimonia pilosa
NDJKXXJCMXVBJW-UHFFFAOYSA-N,HEPTADECANE,CCCCCCCCCCCCCCCCC,,Fatty acids,240.4749999999999,588.56,205,192,plants,0.8177083333333334,0.036458333333333336,0.036458333333333336,0.046875,Aiouea costaricensis; Albatrellus cristatus; Allium ampeloprasum
DFYRUELUNQRZTB-UHFFFAOYSA-N,Acetovanillone,COc1cc(C(C)=O)ccc1O,,Shikimates and Phenylpropanoids,166.176,594.09,203,196,plants,0.8469387755102041,0.05102040816326531,0.08673469387755102,0.01020408163265306,Abies nephrolepis; Abies spectabilis; Acacia suaveolens
RSWGJHLUYNHPMX-ONCXSQPRSA-N,ABIETIC ACID,CC(C)C1=CC2=CC[C@@H]3[C@](C)(CCC[C@@]3(C)C(=O)O)[C@H]2CC1,,Terpenoids,302.45799999999997,847.9299999999998,202,198,plants,0.8080808080808081,0.03535353535353535,0.09090909090909091,0.030303030303030304,Abies alba; Abies alba Mill.; Abies georgei
WWZKQHOCKIZLMA-UHFFFAOYSA-N,octanoic acid,CCCCCCCC(=O)O,"animal, fatty, vegetable, oily, cheesy, waxy",Fatty acids,144.214,528.1500000000001,201,193,plants,0.8963730569948186,0.05699481865284974,0.025906735751295335,0.02072538860103627,Actaea dahurica; Actaea heracleifolia; Actaea simplex
ISWSIDIOOBJBQZ-UHFFFAOYSA-N,phenol,Oc1ccccc1,,Shikimates and Phenylpropanoids,94.11299999999999,439.2,200,189,plants,0.7936507936507936,0.08994708994708994,0.07936507936507936,0.015873015873015872,Abies nobilis; Acrocomia sclerocarpa; Actaea dahurica
QMVPMAAFGQKVCJ-SNVBAGLBSA-N,D-Citronellol,CC(C)=CCC[C@@H](C)CCO,"rose, leafy, floral, oily",Terpenoids,156.269,524.1800000000001,197,192,plants,0.8385416666666666,0.08854166666666667,0.052083333333333336,0.020833333333333332,Aceriphyllum rossii; Acicarpha tribuloides; Aconitum palmatum
LHYHMMRYTDARSZ-XQLPTFJDSA-N,Cedrelanol,CC1=C[C@@H]2[C@@H](CC1)[C@@](C)(O)CC[C@H]2C(C)C,,Terpenoids,222.37199999999999,660.14,194,187,plants,0.9786096256684492,0.0053475935828877,0.0053475935828877,0.0053475935828877,Salvia africana-lutea L.; Achillea aspleniifolia; Achillea millefolium
MUBZPKHOEPUJKR-UHFFFAOYSA-N,oxalic acid,O=C(O)C(=O)O,,Fatty acids,90.03399999999999,536.38,194,188,plants,0.9361702127659575,0.015957446808510637,0.03723404255319149,0.010638297872340425,Acacia Concinna; Acacia concinna; Actinidia arguta
YCOZIPAWZNQLMR-UHFFFAOYSA-N,Pentadecane,CCCCCCCCCCCCCCC,,Fatty acids,212.42099999999994,542.8,194,185,plants,0.8054054054054054,0.07567567567567568,0.03783783783783784,0.04864864864864865,Aconitum episcopale; Actaea dahurica; Actaea heracleifolia
CRPUJAZIXJMDBK-DTWKUNHWSA-N,(+)-Camphene,C=C1[C@H]2CC[C@H](C2)C1(C)C,"herbal, camphoreous, fresh, woody",Terpenoids,136.238,440.88,193,184,plants,0.9891304347826086,0.0,0.010869565217391304,0.0,Abies alba; Abies alba Mill.; Abies balsamea
RYYVLZVUVIJVGH-UHFFFAOYSA-N,caffeine,Cn1c(=O)c2c(ncn2C)n(C)c1=O,,Alkaloids,194.194,640.4,191,180,plants,0.8611111111111112,0.07222222222222222,0.03888888888888889,0.027777777777777776,Acacia catechu; Acanthophyllum elatius; Aconitum pseudohuiliense
MBWXNTAXLNYFJB-LKUDQCMESA-N,,CC1=C(C/C=C(\C)CCCC(C)CCCC(C)CCCC(C)C)C(=O)c2ccccc2C1=O,,Terpenoids,450.7070000000002,1103.7,190,186,plants,0.8978494623655914,0.08602150537634409,0.0,0.0,Abelmoschus esculentus; Actinidia chinensis; Alhagi maurorum
OUYCCCASQSFEME-QMMMGPOBSA-N,L-tyrosine,N[C@@H](Cc1ccc(O)cc1)C(=O)O,,Amino acids and Peptides,181.19099999999997,730.4200000000001,188,177,plants,0.7288135593220338,0.07909604519774012,0.13559322033898305,0.05084745762711865,Abies balsamea; Agaricus campestris; Ageratum conyzoides
SVURIXNDRWRAFU-OGMFBOKVSA-N,Cedrol,C[C@@H]1CC[C@H]2C(C)(C)[C@H]3C[C@@]12CC[C@@]3(C)O,,Terpenoids,222.37199999999993,650.4499999999999,186,185,plants,0.8540540540540541,0.010810810810810811,0.07027027027027027,0.032432432432432434,Abies nephrolepis; Abutilon indicum; Achillea abrotanoides
RUVINXPYWBROJD-ONEGZZNKSA-N,,C/C=C/c1ccc(OC)cc1,"anisic, herbal, sweet, anise, medicinal",Shikimates and Phenylpropanoids,148.20499999999998,486.64,180,171,plants,0.9239766081871345,0.05263157894736842,0.017543859649122806,0.0,Acanthopanax ricinifolius; Achillea abrotanoides; Achillea arabica
SESFRYSPDFLNCH-UHFFFAOYSA-N,BENZYL BENZOATE,O=C(OCc1ccccc1)c1ccccc1,,Shikimates and Phenylpropanoids,212.248,631.5,180,176,plants,0.8636363636363636,0.07386363636363637,0.056818181818181816,0.0,Acacia aulacocarpa; Acca sellowiana; Aconitum fischeri
PEDCQBHIVMGVHV-UHFFFAOYSA-N,glycerol,OCC(O)CO,,,92.09400000000001,544.3399999999999,178,167,plants,0.7904191616766467,0.08982035928143713,0.05389221556886228,0.059880239520958084,Actinomadura hibisca; Aglaia elaeagnoidea; Aleurites moluccana
JSNRRGGBADWTMC-QINSGFPZSA-N,(6Z)-beta-farnesene,C=CC(=C)CC/C=C(/C)CCC=C(C)C,,Terpenoids,204.35699999999997,544.12,178,169,plants,0.9408284023668639,0.011834319526627219,0.029585798816568046,0.011834319526627219,Acca sellowiana; Acorus calamus; Acorus calanus L.
KZSNJWFQEVHDMF-BYPYZUCNSA-N,L-valine,CC(C)[C@H](N)C(=O)O,,Amino acids and Peptides,117.14799999999998,531.1600000000001,177,167,plants,0.8383233532934131,0.029940119760479042,0.09580838323353294,0.03592814371257485,Abies balsamea; Achillea millefolium; Agaricus campestris
HIGQPQRQIQDZMP-FLIBITNWSA-N,Neryl acetate,CC(=O)OC/C=C(/C)CCC=C(C)C,"floral, fruity, sweet, rose, grapefruit, pear, tropical, soapy, citrus",Terpenoids,196.29,540.46,174,165,plants,0.9272727272727272,0.03636363636363636,0.030303030303030304,0.0,Achillea pannonica; Agathosma betulina; Agrimonia pilosa
DTUQWGWMVIHBKE-UHFFFAOYSA-N,phenylacetaldehyde,O=CCc1ccccc1,"floral, green, honey, rose, sweet, fermented, cocoa, powdery, earthy, hyacinth, chocolate",Shikimates and Phenylpropanoids,120.15099999999995,457.97999999999996,173,160,plants,0.89375,0.025,0.05625,0.0125,Actaea dahurica; Actaea heracleifolia; Actaea simplex
MBDOYVRWFFCFHM-SNAWJCMRSA-N,,CCC/C=C/C=O,"apple, fresh, fruity, grassy, green, leafy, pungent, vegetable, aldehydic, clean, spicy, fatty, banana, herbal, cheesy, sharp",Fatty acids,98.14499999999998,389.7,173,166,plants,0.8554216867469879,0.0783132530120482,0.030120481927710843,0.030120481927710843,Aca sellowiana; Acacia mearnsii; Aconitum kamtschaticum
FSRZGYRCMPZNJF-KHMAMNHCSA-N,beta-Cubebene,C=C1CC[C@@]23[C@@H]([C@@H]12)[C@H](C(C)C)CC[C@H]3C,,Terpenoids,204.35699999999994,556.91,169,160,plants,0.9875,0.00625,0.0,0.0,Acca sellowiana; Achillea abrotanoides; Achillea crithmifolia
BTCSSZJGUNDROE-UHFFFAOYSA-N,4-aminobutyric acid,NCCCC(=O)O,,Amino acids and Peptides,103.12099999999998,509.16,169,156,plants,0.8269230769230769,0.07051282051282051,0.07051282051282051,0.03205128205128205,Abies balsamea; Acorus gramineus; Acorus tatarinowii
ZEYHEAKUIGZSGI-UHFFFAOYSA-N,4-METHOXYBENZOIC ACID,COc1ccc(C(=O)O)cc1,,Shikimates and Phenylpropanoids,152.149,582.23,169,163,plants,0.8282208588957055,0.07975460122699386,0.0736196319018405,0.012269938650306749,Abies nobilis; Acanthopanax ricinifolius; Aconitum forrestii
WTTJVINHCBCLGX-NQLNTKRDSA-N,,CCCCC/C=C\C/C=C\CCCCCCCC(=O)OC,,Fatty acids,294.4789999999999,700.8600000000001,168,164,plants,0.7987804878048781,0.06097560975609756,0.0975609756097561,0.024390243902439025,Acacia dealbata; Achillea millefolium; Aconitum leucostomum
OIGWAXDAPKFNCQ-UHFFFAOYSA-N,4-isopropylbenzyl alcohol,CC(C)c1ccc(CO)cc1,,Terpenoids,150.22099999999998,551.8,166,162,plants,0.8148148148148148,0.07407407407407407,0.04938271604938271,0.030864197530864196,Achillea abrotanoides; Achillea arabica; Achillea biebersteinii
CRDAMVZIKSXKFV-YFVJMOTDSA-N,,CC(C)=CCC/C(C)=C/CC/C(C)=C/CO,"floral, oily, sweet, muguet, lily, waxy",Terpenoids,222.37199999999996,647.0999999999999,166,162,plants,0.8395061728395061,0.07407407407407407,0.04938271604938271,0.024691358024691357,Abelmoschus Moschatus; Abelmoschus moschatus; Abies firma
DKZBBWMURDFHNE-NSCUHMNNSA-N,,COc1cc(/C=C/C=O)ccc1O,,Shikimates and Phenylpropanoids,178.18699999999998,615.9200000000001,166,163,plants,0.9386503067484663,0.0,0.03680981595092025,0.012269938650306749,Abies sachalinensis; Acer saccharinum; Acer saccharum
LIIALPBMIOVAHH-UHFFFAOYSA-N,7-Methoxycoumarin,COc1ccc2ccc(=O)oc2c1,"sweet, balsamic",Shikimates and Phenylpropanoids,176.17099999999996,551.98,165,158,plants,0.8670886075949367,0.04430379746835443,0.05063291139240506,0.03164556962025317,Adenia fruticosa; Adina cordifolia; Aeromonas hydrophila
RSJKGSCJYJTIGS-UHFFFAOYSA-N,Undecane,CCCCCCCCCCC,,Fatty acids,156.313,451.28,163,154,plants,0.8441558441558441,0.09090909090909091,0.045454545454545456,0.01948051948051948,Acronychia haplophylla; Alligator sinensis; Allium ampeloprasum
UFLHIIWVXFIJGU-ARJAWSKDSA-N,,CC/C=C\CCO,"fresh, grassy, green, vegetable, herbal, oily, pungent",Fatty acids,100.161,433.21999999999997,163,156,plants,0.8846153846153846,0.0641025641025641,0.019230769230769232,0.019230769230769232,Aca sellowiana; Acacia armata; Acca sellowiana
BDJRBEYXGGNYIS-UHFFFAOYSA-N,azelaic acid,O=C(O)CCCCCCCC(=O)O,odorless,Fatty acids,188.22299999999998,696.54,162,153,plants,0.7516339869281046,0.1111111111111111,0.08496732026143791,0.0392156862745098,Achillea biebersteinii; Acorus calamus; Acrisione denticulata
USMNOWBWPHYOEA-MRTMQBJTSA-N,alpha-Thujone,CC(C)[C@]12CC(=O)[C@H](C)[C@H]1C2,,Terpenoids,152.23699999999997,504.83,159,156,plants,0.9807692307692307,0.0,0.019230769230769232,0.0,Achillea abrotanoides; Achillea erba-rotta; Achillea fragrantissima
OSWPMRLSEDHDFF-UHFFFAOYSA-N,methyl salicylate,COC(=O)c1ccccc1O,"sweet, warm, camphoreous, phenolic, minty, aromatic",Shikimates and Phenylpropanoids,152.14899999999997,548.1600000000001,158,148,plants,0.8918918918918919,0.0472972972972973,0.04054054054054054,0.02027027027027027,Aconitum sajanense; Actaea simplex; Akebia quinata
ROHFNLRQFUQHCH-YFKPBYRVSA-N,L-leucine,CC(C)C[C@H](N)C(=O)O,,Amino acids and Peptides,131.175,554.04,158,148,plants,0.8040540540540541,0.06756756756756757,0.11486486486486487,0.013513513513513514,Abies balsamea; Abutilon indicum; Achillea millefolium
ZRSNZINYAWTAHE-UHFFFAOYSA-N,4-Methoxybenzaldehyde,COc1ccc(C=O)cc1,"anisic, floral, fruity, hay, herbal, sweet, vanilla, powdery, hawthorn",Shikimates and Phenylpropanoids,136.14999999999998,413.14,157,150,plants,0.8133333333333334,0.07333333333333333,0.07333333333333333,0.02,Acacia spp.; Acanthopanax ricinifolius; Agastache Rugosa
LHYHMMRYTDARSZ-AJNGGQMLSA-N,T-Muurolol,CC1=C[C@H]2[C@H](C(C)C)CC[C@](C)(O)[C@H]2CC1,,Terpenoids,222.37199999999996,660.14,157,152,plants,0.8421052631578947,0.08552631578947369,0.046052631578947366,0.02631578947368421,Acicarpha tribuloides; Aconitum palmatum; Aconitum tianschanicum
FIGVVZUWCLSUEI-UHFFFAOYSA-N,TRICOSANE,CCCCCCCCCCCCCCCCCCCCCCC,,Fatty acids,324.63700000000006,725.8399999999999,156,154,plants,0.9025974025974026,0.07142857142857142,0.025974025974025976,0.0,Abies sachalinensis; Abutilon indicum; Acca sellowiana
ZDXPYRJPNDTMRX-VKHMYHEASA-N,L-glutamine,NC(=O)CC[C@H](N)C(=O)O,,Amino acids and Peptides,146.14600000000002,658.0,156,151,plants,0.7880794701986755,0.052980132450331126,0.10596026490066225,0.052980132450331126,Acanthus ilicifolius; Adonis amurensis; Agaricus pantherinus
FXHGMKSSBGDXIY-UHFFFAOYSA-N,Heptanal,CCCCCCC=O,"citrus, cognac, fatty, green, nutty, sweet, aldehydic, herbal, ozone, fresh",Fatty acids,114.18799999999999,408.41999999999996,155,146,plants,0.8698630136986302,0.0684931506849315,0.0273972602739726,0.00684931506849315,Akebia quinata; Akebia trifoliata; Alangium premnifolium
NOEGNKMFWQHSLB-UHFFFAOYSA-N,5-HYDROXYMETHYLFURFURAL,O=Cc1ccc(CO)o1,,Polyketides,126.11099999999998,460.66,155,145,plants,0.8689655172413793,0.027586206896551724,0.06896551724137931,0.0,Acalypha spiciflora; Achyranthes bidentata; Achyranthes fauriei
JZQKTMZYLHNFPL-BLHCBFLLSA-N,,CCCCC/C=C/C=C/C=O,"citrus, fatty, chicken, melon, cucumber, nutty, oily, brothy",Fatty acids,152.23699999999997,485.38,154,149,plants,0.7651006711409396,0.0738255033557047,0.08053691275167785,0.053691275167785234,Aconitum kamtschaticum; Aconitum vilmorinianum; Actaea dahurica
FERIUCNNQQJTOY-UHFFFAOYSA-N,butyric acid,CCCC(=O)O,"buttery, cheesy, sour, fruity, dairy, sharp",Fatty acids,88.10599999999998,436.63,154,147,plants,0.7959183673469388,0.06802721088435375,0.02040816326530612,0.09523809523809523,Acacia adunca; Acer mandshuricum; Adiantum lunulatum
LIKYNOPXHGPMIH-UHFFFAOYSA-N,Dillapiole,C=CCc1cc2c(c(OC)c1OC)OCO2,,Shikimates and Phenylpropanoids,222.23999999999992,627.59,153,147,plants,0.8163265306122449,0.07482993197278912,0.061224489795918366,0.047619047619047616,Aconitum leucostomum; Actinomadura hibisca; Amycolatopsis azurea
COGPRPSWSKLKTF-CBBWQLFWSA-N,Cubenol,CC1=C[C@H]2[C@H](C(C)C)CC[C@@H](C)[C@]2(O)CC1,,Terpenoids,222.37199999999996,660.14,153,147,plants,0.9251700680272109,0.0,0.02040816326530612,0.0,Aca sellowiana; Aguacate; Aquilaria agallochum
MBRLOUHOWLUMFF-UHFFFAOYSA-N,Osthole,COc1ccc2ccc(=O)oc2c1CC=C(C)C,,Shikimates and Phenylpropanoids,244.28999999999994,675.4000000000001,152,149,plants,0.9463087248322147,0.020134228187919462,0.026845637583892617,0.0,Adlumia fungosa; Agrimonia Pilosa; Agrimonia pilosa
RGZSQWQPBWRIAQ-LSDHHAIUSA-N,alpha-Bisabolol,CC(C)=CCC[C@@](C)(O)[C@H]1CC=C(C)CC1,,Terpenoids,222.37199999999996,659.48,151,145,plants,0.9103448275862069,0.013793103448275862,0.06896551724137931,0.0,Abies nephrolepis; Abies sachalinensis var. mayriana; Abies sibirica
HPEUJPJOZXNMSJ-UHFFFAOYSA-N,METHYL STEARATE,CCCCCCCCCCCCCCCCCC(=O)OC,"odorless, oily, waxy",Fatty acids,298.51099999999997,692.54,150,144,plants,0.7777777777777778,0.11805555555555555,0.06944444444444445,0.006944444444444444,Acyrthosiphon pisum; Adenophora triphylla; Ailanthus altissima
DCAYPVUWAIABOU-UHFFFAOYSA-N,HEXADECANE,CCCCCCCCCCCCCCCC,,Fatty acids,226.44799999999992,565.6800000000001,149,140,plants,0.9,0.02857142857142857,0.02857142857142857,0.014285714285714285,Agave decipiens; Aguacate; Aiouea costaricensis
WTOYNNBCKUYIKC-JMSVASOKSA-N,NOOTKATONE,C=C(C)[C@@H]1CCC2=CC(=O)C[C@@H](C)[C@]2(C)C1,"sweet, orange, citrus, woody, grapefruit",Terpenoids,218.33999999999995,637.45,148,144,plants,0.8194444444444444,0.05555555555555555,0.05555555555555555,0.041666666666666664,Aconitum contortum; Acremonium furcatum; Agardhiella tenera
BSAIUMLZVGUGKX-BQYQJAHWSA-N,,CCCCCC/C=C/C=O,"cucumber, fatty, melon, orris, waxy, aldehydic, green, citrus",Fatty acids,140.22599999999997,458.34,148,141,plants,0.7659574468085106,0.09219858156028368,0.07801418439716312,0.0425531914893617,Acacia mearnsii; Acca sellowiana; Aconitum kamtschaticum
MAGQQZHFHJDIRE-BNFZFUHLSA-N,,CCCCC/C=C/C=C/C(=O)NCC(C)C,,Fatty acids,223.35999999999996,631.84,147,143,plants,0.8391608391608392,0.04895104895104895,0.06993006993006994,0.03496503496503497,Abies webbiana; Acanthosyris paulo-alvinii; Achillea asiatica
HYBBIBNJHNGZAN-UHFFFAOYSA-N,FURFURAL,O=Cc1ccco1,"almond, caramellic, spicy, sweet, bready, brown, phenolic, woody",Polyketides,96.08499999999998,340.62,147,137,plants,0.927007299270073,0.014598540145985401,0.029197080291970802,0.021897810218978103,Acorus tatarinowii; Actaea dahurica; Actaea heracleifolia
SNRUBQQJIBEYMU-UHFFFAOYSA-N,DODECANE,CCCCCCCCCCCC,,Fatty acids,170.33999999999997,474.15999999999997,146,142,plants,0.8450704225352113,0.056338028169014086,0.035211267605633804,0.035211267605633804,Actaea spicata; Aethus indicus; Akebia quinata
BGHCVCJVXZWKCC-UHFFFAOYSA-N,Tetradecane,CCCCCCCCCCCCCC,,Fatty acids,198.39399999999995,519.9200000000001,144,137,plants,0.9051094890510949,0.021897810218978103,0.029197080291970802,0.014598540145985401,Agave decipiens; Albatrellus cristatus; Allium ampeloprasum
YCIMNLLNPGFGHC-UHFFFAOYSA-N,pyrocatechol,Oc1ccccc1O,,Shikimates and Phenylpropanoids,110.11199999999998,519.8199999999999,143,139,plants,0.8848920863309353,0.03597122302158273,0.014388489208633094,0.04316546762589928,Acacia adunca; Acacia catechu; Acacia intertexta
FBUKVWPVBMHYJY-UHFFFAOYSA-N,NONANOIC ACID,CCCCCCCCC(=O)O,"cheesy, dairy, fatty, nutty, waxy",Fatty acids,158.241,551.03,143,138,plants,0.8768115942028986,0.07246376811594203,0.021739130434782608,0.021739130434782608,Acorus calamus; Acorus gramineus; Acorus tatarinowii
UWKAYLJWKGQEPM-GFCCVEGCSA-N,(+)-linalyl acetate,C=C[C@](C)(CCC=C(C)C)OC(C)=O,,Terpenoids,196.28999999999996,529.8699999999999,141,139,plants,0.7553956834532374,0.07194244604316546,0.09352517985611511,0.03597122302158273,Acokanthera oblongifolia; Aglaia meridionalis; Alexandrium hiranoi
CBFCDTFDPHXCNY-UHFFFAOYSA-N,EICOSANE,CCCCCCCCCCCCCCCCCCCC,,Fatty acids,282.5559999999999,657.2,141,138,plants,0.8840579710144928,0.028985507246376812,0.028985507246376812,0.028985507246376812,Ageratum conyzoides; Albatrellus cristatus; Aloe vera
FUZZWVXGSFPDMH-UHFFFAOYSA-N,HEXANOIC ACID,CCCCCC(=O)O,"cheesy, fatty, sour",Fatty acids,116.15999999999998,482.39,140,131,plants,0.8931297709923665,0.030534351145038167,0.030534351145038167,0.04580152671755725,Actaea dahurica; Actaea heracleifolia; Actaea simplex
QMVPMAAFGQKVCJ-JTQLQIEISA-N,7540-51-4,CC(C)=CCC[C@H](C)CCO,"citrus, floral, fruity, green, rose, sweet, powdery, geranium, waxy",Terpenoids,156.269,524.1800000000001,139,136,plants,0.8014705882352942,0.09558823529411764,0.08088235294117647,0.022058823529411766,Acicarpha tribuloides; Acokanthera oblongifolia; Aconitum palmatum
VSMOENVRRABVKN-QMMMGPOBSA-N,(3R)-oct-1-en-3-ol,C=C[C@H](O)CCCCC,,Fatty acids,128.215,471.06,138,134,plants,0.7910447761194029,0.06716417910447761,0.08955223880597014,0.014925373134328358,Aconitum leucostomum; Agaricus bisporus; Alangium premnifolium
XOAAWQZATWQOTB-UHFFFAOYSA-N,taurine,NCCS(=O)(=O)O,,,125.14899999999997,389.07,137,128,plants,0.7265625,0.140625,0.078125,0.015625,Acherontia atropus; Achillea macrophylla; Aeonium goochiae
NFLGAXVYCFJBMK-BDAKNGLRSA-N,(-)-Menthone,CC(C)[C@@H]1CC[C@@H](C)CC1=O,"sweet, anise, mentholic, herbal, camphoreous, cooling, fresh, green, minty",Terpenoids,154.253,510.65999999999997,137,132,plants,0.9696969696969697,0.007575757575757576,0.015151515151515152,0.007575757575757576,Achillea abrotanoides; Achillea cuneatiloba; Aconitum leucostomum
YVBAUDVGOFCUSG-UHFFFAOYSA-N,2-PENTYLFURAN,CCCCCc1ccco1,,Polyketides,138.20999999999998,455.71999999999997,136,120,plants,0.925,0.03333333333333333,0.041666666666666664,0.0,Achillea grandifolia; Actaea dahurica; Actaea heracleifolia
QNAYBMKLOCPYGJ-UWTATZPHSA-N,D-alanine,C[C@@H](N)C(=O)O,,Amino acids and Peptides,89.09399999999998,485.84,136,133,plants,0.7443609022556391,0.06766917293233082,0.12030075187969924,0.007518796992481203,Abies balsamea; Achillea millefolium; Agaricus campestris
PHTQWCKDNZKARW-UHFFFAOYSA-N,Isoamyl alcohol,CC(C)CCO,"alcoholic, fermented, banana, pungent, cognac, fruity, ethereal",Fatty acids,88.14999999999999,405.73999999999995,136,126,plants,0.7857142857142857,0.07142857142857142,0.0873015873015873,0.031746031746031744,Agaricus bisporus; Alangium premnifolium; Alkanna cappadocica
MMSLOZQEMPDGPI-UHFFFAOYSA-N,1195-32-0,C=C(C)c1ccc(C)cc1,"citrus, lemon, phenolic, pine, spicy, musty, nutty, coffee, clove",Terpenoids,132.20599999999996,456.62,135,130,plants,0.8923076923076924,0.05384615384615385,0.038461538461538464,0.015384615384615385,Acca sellowiana; Aceriphyllum rossii; Acmella ciliata
RGIBXDHONMXTLI-UHFFFAOYSA-N,4-Allylphenol,C=CCc1ccc(O)cc1,,Shikimates and Phenylpropanoids,134.17799999999997,509.5,135,131,plants,0.7862595419847328,0.1297709923664122,0.06870229007633588,0.007633587786259542,Achillea crithmifolia; Aconitum sajanense; Agastache rugosa
YAPQBXQYLJRXSA-UHFFFAOYSA-N,Theobromine salicylate disodium salt monohydrate,Cn1cnc2c1c(=O)[nH]c(=O)n2C,,Alkaloids,180.16699999999997,657.9000000000001,135,128,plants,0.8515625,0.0703125,0.0390625,0.0390625,Acanthophyllum elatius; Aconitum pseudohuiliense; Aconitum sachalinense
WTWBUQJHJGUZCY-UHFFFAOYSA-N,4-isopropylbenzaldehyde,CC(C)c1ccc(C=O)cc1,"green, herbal, pungent, spicy",Terpenoids,148.20499999999998,436.03999999999996,134,130,plants,0.9692307692307692,0.03076923076923077,0.0,0.0,Achillea abrotanoides; Achillea arabica; Achillea biebersteinii
KIDHWZJUCRJVML-UHFFFAOYSA-N,"1,4-diaminobutane",NCCCCN,,Alkaloids,88.15400000000001,436.18,132,123,plants,0.7886178861788617,0.11382113821138211,0.04878048780487805,0.032520325203252036,Actinidia deliciosa; Allium cepa; Amelanchier alnifolia
BVWTXUYLKBHMOX-UHFFFAOYSA-N,Methyl vanillate,COC(=O)c1ccc(O)c(OC)c1,"floral, fresh, green, spicy, sweet, vanilla, warm, phenolic",Shikimates and Phenylpropanoids,182.17499999999998,598.44,132,131,plants,0.8320610687022901,0.022900763358778626,0.0916030534351145,0.030534351145038167,Acer rubrum; Alchornea cordifolia; Alexandrium excavatum
QQRSPHJOOXUALR-UHFFFAOYSA-N,Apiole,C=CCc1cc(OC)c2c(c1OC)OCO2,,Shikimates and Phenylpropanoids,222.23999999999992,627.59,131,126,plants,0.8492063492063492,0.06349206349206349,0.03968253968253968,0.03968253968253968,Actinomadura hibisca; Anastrepha suspensa; Anethum graveolens
IIYFAKIEWZDVMP-UHFFFAOYSA-N,Tridecane,CCCCCCCCCCCCC,,Fatty acids,184.36699999999996,497.03999999999996,130,123,plants,0.8373983739837398,0.0975609756097561,0.024390243902439025,0.008130081300813009,Abelmoschus esculentus; Adrisa magna; Aethus indicus
XEKOWRVHYACXOJ-UHFFFAOYSA-N,ETHYL ACETATE,CCOC(C)=O,"brandy, ethereal, sharp, winey, sweet, rummy, grape, weedy, fruity, green",Fatty acids,88.106,349.34,130,120,plants,0.825,0.06666666666666667,0.06666666666666667,0.025,Acca sellowiana; Actinidia chinensis; Agaricus bisporus
WXQGPFZDVCRBME-QEJZJMRPSA-N,Thujopsene,CC1=CC[C@]2(C)CCCC(C)(C)[C@@]23C[C@@H]13,,Terpenoids,204.357,571.75,128,128,plants,0.828125,0.015625,0.0859375,0.0390625,Adenocarpus commutatus; Aglaia meridionalis; Allium ursinum
FMMOOAYVCKXGMF-MURFETPASA-N,ETHYL LINOLEATE,CCCCC/C=C\C/C=C\CCCCCCCC(=O)OCC,,Fatty acids,308.506,723.74,127,122,plants,0.7950819672131147,0.05737704918032787,0.08196721311475409,0.040983606557377046,Achillea millefolium; Achillea nana; Aconitum napellus
LQERIDTXQFOHKA-UHFFFAOYSA-N,NONADECANE,CCCCCCCCCCCCCCCCCCC,,Fatty acids,268.5289999999999,634.3199999999999,127,120,plants,0.9,0.03333333333333333,0.016666666666666666,0.025,Abies sachalinensis; Albatrellus cristatus; Allium ampeloprasum
NZGWDASTMWDZIW-MRVPVSSYSA-N,(+)-Pulegone,CC(C)=C1CC[C@@H](C)CC1=O,"herbal, minty, sweet, metallic, sulfurous, camphoreous, fresh",Terpenoids,152.237,522.29,127,122,plants,0.9836065573770492,0.01639344262295082,0.0,0.0,Achillea cuneatiloba; Actaea dahurica; Actaea heracleifolia
BJEPYKJPYRNKOW-REOHCLBHSA-N,97-67-6,O=C(O)C[C@H](O)C(=O)O,,Fatty acids,134.087,673.88,127,121,plants,0.8181818181818182,0.04132231404958678,0.0743801652892562,0.04132231404958678,Aconitum seravschanicum; Aconitum tasiromontanum; Acorus calamus
KJPRLNWUNMBNBZ-QPJJXVBHSA-N,,O=C/C=C/c1ccccc1,"cinnamon, spicy, sweet, warm",Shikimates and Phenylpropanoids,132.16199999999998,485.02,126,115,plants,0.9217391304347826,0.05217391304347826,0.02608695652173913,0.0,Aconitum fischeri; Actaea dahurica; Actaea heracleifolia
SIKJAQJRHWYJAI-UHFFFAOYSA-N,indole,c1ccc2[nH]ccc2c1,"animal, cheesy, floral, musty, pungent",Alkaloids,117.15099999999997,473.42,125,119,plants,0.8319327731092437,0.058823529411764705,0.03361344537815126,0.058823529411764705,Actaea dahurica; Actaea heracleifolia; Actaea simplex
DCXYFEDJOCDNAF-REOHCLBHSA-N,L-asparagine,NC(=O)C[C@H](N)C(=O)O,,Amino acids and Peptides,132.119,635.1200000000001,125,121,plants,0.8264462809917356,0.0743801652892562,0.05785123966942149,0.024793388429752067,Acacia victoriae; Alchemilla vulgaris; Alligator mississippiensis
XIRNKXNNONJFQO-UHFFFAOYSA-N,ETHYL PALMITATE,CCCCCCCCCCCCCCCC(=O)OCC,"sweet, waxy, fruity, oily, creamy, balsamic, milky",Fatty acids,284.484,669.6600000000001,124,119,plants,0.8823529411764706,0.03361344537815126,0.058823529411764705,0.01680672268907563,Abrus precatorius; Acacia aulacocarpa; Achillea millefolium
FNAZRRHPUDJQCJ-UHFFFAOYSA-N,HENEICOSANE,CCCCCCCCCCCCCCCCCCCCC,,Fatty acids,296.58299999999997,680.0799999999999,123,118,plants,0.923728813559322,0.059322033898305086,0.00847457627118644,0.00847457627118644,Abies sachalinensis; Agave decipiens; Albatrellus cristatus
USMNOWBWPHYOEA-XKSSXDPKSA-N,beta-Thujone,CC(C)[C@]12CC(=O)[C@@H](C)[C@H]1C2,,Terpenoids,152.23699999999997,504.83,123,121,plants,0.9834710743801653,0.0,0.0,0.01652892561983471,Achillea abrotanoides; Achillea erba-rotta; Achillea fragrantissima
LCTONWCANYUPML-UHFFFAOYSA-N,Pyruvic acid,CC(=O)C(=O)O,,Fatty acids,88.06199999999998,467.62,121,112,plants,0.7857142857142857,0.05357142857142857,0.05357142857142857,0.08035714285714286,A new engineered strain of Saccharomyces cerevisiae INVSc n.a.; Aesculus turbinata; Allium cepa
QMAYBMKBYCGXDH-KKUMJFAQSA-N,(+)-alpha-cadinene,CC1=C[C@@H]2[C@@H](CC1)C(C)=CC[C@H]2C(C)C,,Terpenoids,204.357,576.53,119,117,plants,0.8888888888888888,0.03418803418803419,0.03418803418803419,0.02564102564102564,Aiouea costaricensis; Alkanna cappadocica; Alstonia muelleriana
POIARNZEYGURDG-FNORWQNLSA-N,,C/C=C/C(=O)C1=C(C)C=CCC1(C)C,"apple, floral, fruity, plum, rose, tea, tobacco, sweet, natural, grape, raspberry, green, woody, earthy",Terpenoids,190.28599999999997,583.14,118,112,plants,0.8928571428571429,0.044642857142857144,0.008928571428571428,0.03571428571428571,Acacia adunca; Achillea grandifolia; Actaea dahurica
COLNVLDHVKWLRT-QMMMGPOBSA-N,L-phenylalanine,N[C@@H](Cc1ccccc1)C(=O)O,,Amino acids and Peptides,165.19199999999995,649.8,118,104,plants,0.7884615384615384,0.09615384615384616,0.0673076923076923,0.038461538461538464,Aconitum variegatum; Albugo candida; Allium cepa
DVWSXZIHSUZZKJ-YSTUJMKBSA-N,METHYL LINOLENATE,CC/C=C\C/C=C\C/C=C\CCCCCCCC(=O)OC,,Fatty acids,292.46299999999997,705.02,117,115,plants,0.8260869565217391,0.06086956521739131,0.06086956521739131,0.02608695652173913,Achillea millefolium; Achillea nana; Aconitum napellus
RZJRJXONCZWCBN-UHFFFAOYSA-N,OCTADECANE,CCCCCCCCCCCCCCCCCC,,Fatty acids,254.5019999999999,611.44,117,112,plants,0.9196428571428571,0.026785714285714284,0.017857142857142856,0.008928571428571428,Ageratina altissima; Aiouea costaricensis; Albatrellus cristatus
LFQSCWFLJHTTHZ-UHFFFAOYSA-N,ethanol,CCO,"alcoholic, ethereal, sweet, medicinal",Fatty acids,46.069,337.53999999999996,117,110,plants,0.8090909090909091,0.1,0.02727272727272727,0.06363636363636363,Aca sellowiana; Acca sellowiana; Allium cepa
NPNUFJAVOOONJE-WDZFZDKYSA-N,,C=C1CC/C=C(/C)CCC2C1CC2(C)C,,Terpenoids,204.35699999999997,576.5,117,114,plants,1.0,0.0,0.0,0.0,Agastache rugosa; Agrimonia pilosa; Amomum longiligulare
QTBSBXVTEAMEQO-UHFFFAOYSA-N,acetic acid,CC(=O)O,"pungent, sour, acidic, sharp",Amino acids and Peptides,60.05200000000001,390.87,117,113,plants,0.8495575221238938,0.05309734513274336,0.017699115044247787,0.061946902654867256,Abies sachalinensis; Acorus calamus; Ailanthus altissima
ZWRUINPWMLAQRD-UHFFFAOYSA-N,Nonan-1-ol,CCCCCCCCCO,"fatty, floral, orange, rose, clean, oily, fresh",Fatty acids,144.258,497.7,116,107,plants,0.8691588785046729,0.056074766355140186,0.04672897196261682,0.009345794392523364,Abies sachalinensis; Aca sellowiana; Alangium premnifolium
FBPFZTCFMRRESA-JGWLITMVSA-N,D-Sorbitol,OC[C@@H](O)[C@@H](O)[C@H](O)[C@@H](O)CO,,Carbohydrates,182.172,888.2,116,114,plants,0.6228070175438597,0.08771929824561403,0.05263157894736842,0.02631578947368421,Ailanthus altissima; Arabidopsis thaliana; Aragoa cundinamarcensis
KMPQYAYAQWNLME-UHFFFAOYSA-N,UNDECANAL,CCCCCCCCCCC=O,"citrus, fatty, floral, sweet, waxy, aldehydic, pineapple, orange, green, soapy",Fatty acids,170.296,499.94,115,110,plants,0.8090909090909091,0.1,0.05454545454545454,0.01818181818181818,Aceriphyllum rossii; Agnorhiza bolanderi; Alligator mississippiensis
HOWGUJZVBDQJKV-UHFFFAOYSA-N,DOCOSANE,CCCCCCCCCCCCCCCCCCCCCC,,Fatty acids,310.61,702.96,115,113,plants,0.9026548672566371,0.05309734513274336,0.017699115044247787,0.008849557522123894,Abies sachalinensis; Agave decipiens; Albatrellus cristatus
NETSQGRTUNRXEO-XUXIUFHCSA-N,Dehydrocostus lactone,C=C1CC[C@H]2C(=C)CC[C@H]3C(=C)C(=O)O[C@@H]3[C@@H]12,,Terpenoids,230.307,622.5899999999999,114,112,plants,0.8482142857142857,0.05357142857142857,0.0625,0.017857142857142856,Adiscanthus fusciflorus; Aframomum melegueta; Ainsliaea uniflora
FQTLCLSUCSAZDY-KAMYIIQDSA-N,"1,6,10-Dodecatrien-3-ol, 3,7,11-trimethyl-, [S-(Z)]-",C=CC(C)(O)CC/C=C(/C)CCC=C(C)C,,Terpenoids,222.37199999999996,636.51,114,113,plants,1.0,0.0,0.0,0.0,Achillea erba-rotta; Achillea millefolium; Achillea moschata
JFCQEDHGNNZCLN-UHFFFAOYSA-N,GLUTARIC ACID,O=C(O)CCCC(=O)O,odorless,Fatty acids,132.115,605.02,111,108,plants,0.6666666666666666,0.1574074074074074,0.09259259259259259,0.05555555555555555,Acanthamoeba culbertsoni; Acicarpha tribuloides; Aconitum palmatum
NOOLISFMXDJSKH-KXUCPTDWSA-N,l-Menthol,CC(C)[C@@H]1CC[C@@H](C)C[C@H]1O,"minty, mentholic, cooling",Terpenoids,156.269,530.3499999999999,111,109,plants,0.9357798165137615,0.01834862385321101,0.01834862385321101,0.027522935779816515,Aconitum leucostomum; Actaea dahurica; Actaea heracleifolia
OGLDWXZKYODSOB-SNVBAGLBSA-N,4221-98-1,CC1=CC[C@H](C(C)C)C=C1,"citrus, fresh, spicy, terpenic, medicinal",Terpenoids,136.238,450.80999999999995,110,106,plants,0.9245283018867925,0.04716981132075472,0.018867924528301886,0.009433962264150943,Adenanthera macrocarpa; Aloe arborescens; Alphinia galanga
KYWIYKKSMDLRDC-UHFFFAOYSA-N,2-Undecanone,CCCCCCCCCC(C)=O,,Fatty acids,170.296,505.15,110,103,plants,0.9223300970873787,0.019417475728155338,0.04854368932038835,0.0,Aca sellowiana; Acca sellowiana; Adelanthus decipiens
DYLPEFGBWGEFBB-OSFYFWSMSA-N,beta-Cedrene,C=C1CC[C@@]23C[C@@H]1C(C)(C)[C@@H]2CC[C@H]3C,,Terpenoids,204.35699999999997,561.8599999999999,109,107,plants,0.8130841121495327,0.04672897196261682,0.08411214953271028,0.028037383177570093,Acorus calamus; Acorus calanus L.; Aframomum melegueta
XBGUIVFBMBVUEG-CCEZHUSRSA-N,,CC(C)=CCC/C(C)=C1\CC=C(C)CC1,,Terpenoids,204.35699999999997,581.72,108,99,plants,0.9494949494949495,0.0,0.04040404040404041,0.010101010101010102,A new engineered strain of Yarrowia lipolytica G - . n.a.; Aframomum melegueta; Aglaia foveolata
QUKGYYKBILRGFE-UHFFFAOYSA-N,BENZYL ACETATE,CC(=O)OCc1ccccc1,"floral, fruity, jasmine, sweet, fresh",Shikimates and Phenylpropanoids,150.177,490.42,108,102,plants,0.7549019607843137,0.11764705882352941,0.0784313725490196,0.029411764705882353,Aconitum fischeri; Aconitum sajanense; Alangium premnifolium
HGBOYTHUEUWSSQ-UHFFFAOYSA-N,Valeraldehyde,CCCCC=O,"chocolate, nutty, pungent, fermented, berry, fruity, bready",Fatty acids,86.13399999999999,362.65999999999997,106,98,plants,0.7857142857142857,0.10204081632653061,0.07142857142857142,0.02040816326530612,Actinidia chinensis; Alangium premnifolium; Allium ampeloprasum
OPFTUNCRGUEPRZ-ZNMIVQPWSA-N,13833-25-5,C=C[C@@]1(C)CC[C@H](C(=C)C)C[C@@H]1C(=C)C,,Terpenoids,204.35699999999997,543.05,106,103,plants,0.9611650485436893,0.02912621359223301,0.0,0.0,Acorus calamus; Acorus gramineus; Acorus tatarinowii
VKCYHJWLYTUGCC-UHFFFAOYSA-N,2-NONANONE,CCCCCCCC(C)=O,"cheesy, coconut, fatty, fruity, herbal, sweet, weedy, fresh, green, earthy, soapy, waxy",Fatty acids,142.242,459.39,104,95,plants,0.8947368421052632,0.05263157894736842,0.021052631578947368,0.021052631578947368,Acca sellowiana; Alkanna cappadocica; Alpinia mutica
VGEREEWJJVICBM-UHFFFAOYSA-N,phloretin,O=C(CCc1ccc(O)cc1)c1c(O)cc(O)cc1O,,Shikimates and Phenylpropanoids,274.272,972.51,104,101,plants,0.8217821782178217,0.09900990099009901,0.04950495049504951,0.009900990099009901,Alkanna cappadocica; Amorphophallus konjac; Aniba santalodora
MNWFXJYAOYHMED-UHFFFAOYSA-N,HEPTANOIC ACID,CCCCCCC(=O)O,"fatty, sour, fermented, fruity, pineapple, cheesy, waxy",Fatty acids,130.187,505.27,103,100,plants,0.76,0.2,0.02,0.02,Actaea dahurica; Actaea heracleifolia; Actaea simplex
USDOQCCMRDNVAH-KKUMJFAQSA-N,BETA-CADINENE,CC1=CC[C@H]2C(C)=CC[C@@H](C(C)C)[C@@H]2C1,,Terpenoids,204.357,576.53,102,98,plants,0.9693877551020408,0.02040816326530612,0.0,0.01020408163265306,Acca sellowiana; Achillea abrotanoides; Acorus gramineus
YGHRJJRRZDOVPD-UHFFFAOYSA-N,3-Methylbutanal,CC(C)CC=O,"cheesy, cocoa, fruity, green, pungent, aldehydic, fatty, ethereal, chocolate, peach",Fatty acids,86.13399999999999,362.21999999999997,102,93,plants,0.8279569892473119,0.07526881720430108,0.07526881720430108,0.010752688172043012,Aesculus hippocastanum; Alkanna cappadocica; Allium ampeloprasum
BJIOGJUNALELMI-ONEGZZNKSA-N,,C/C=C/c1ccc(O)c(OC)c1,"sweet, spicy, floral, phenolic",Shikimates and Phenylpropanoids,164.20399999999998,567.26,102,97,plants,0.9278350515463918,0.030927835051546393,0.030927835051546393,0.010309278350515464,Achillea cuneatiloba; Actaea dahurica; Actaea heracleifolia
UFWIBTONFRDIAS-UHFFFAOYSA-N,naphthalene,c1ccc2ccccc2c1,,Shikimates and Phenylpropanoids,128.17399999999995,474.06,101,97,plants,0.9278350515463918,0.061855670103092786,0.0,0.010309278350515464,Achillea abrotanoides; Achillea grandifolia; Actinidia chinensis
JVTZFYYHCGSXJV-UHFFFAOYSA-N,3-Hydroxy-4-methoxybenzaldehyde,COc1ccc(C=O)cc1O,,Shikimates and Phenylpropanoids,152.14899999999997,493.76,101,98,plants,0.8775510204081632,0.02040816326530612,0.061224489795918366,0.030612244897959183,Aerva javanica; Ajania fruticulosa; Alpinia oxyphylla
LHGVFZTZFXWLCP-UHFFFAOYSA-N,guaiacol,COc1ccccc1O,"medicinal, phenolic, smoky, sweet, vanilla, meaty, spicy, savory, woody",Shikimates and Phenylpropanoids,124.13899999999997,489.48,100,92,plants,0.8369565217391305,0.06521739130434782,0.05434782608695652,0.03260869565217391,Acorus tatarinowii; Actaea dahurica; Actaea heracleifolia
WLAMNBDJUVNPJU-SCSAIBSYSA-N,(R)-2-Methylbutanoic acid,CC[C@@H](C)C(=O)O,,Fatty acids,102.13299999999998,459.07,100,98,plants,0.6938775510204082,0.11224489795918367,0.08163265306122448,0.09183673469387756,Aconitum kamtschaticum; Aconitum vilmorinianum; Actinidia kolomikta
LRHPLDYGYMQRHN-UHFFFAOYSA-N,1-butanol,CCCCO,"alcoholic, solvent, winey, sweet, fermented, oily, balsamic",Fatty acids,74.12299999999999,383.29999999999995,99,93,plants,0.7634408602150538,0.0967741935483871,0.03225806451612903,0.08602150537634409,Acacia longifolia; Alangium premnifolium; Aloe arborescens
WYUFTYLVLQZQNH-JAJWTYFOSA-N,ethyl beta-D-glucopyranoside,CCO[C@@H]1O[C@H](CO)[C@@H](O)[C@H](O)[C@H]1O,,,208.21000000000004,801.5999999999999,99,97,plants,0.7628865979381443,0.041237113402061855,0.12371134020618557,0.061855670103092786,Acacia cambagei; Actinomadura hibisca; Anastrepha suspensa
HNZUNIKWNYHEJJ-FMIVXFBMSA-N,,CC(=O)CC/C=C(\C)CCC=C(C)C,,Fatty acids,194.31799999999998,558.99,99,92,plants,0.967391304347826,0.010869565217391304,0.010869565217391304,0.0,Actaea dahurica; Actaea heracleifolia; Actaea simplex
ZYTMANIQRDEHIO-KXUCPTDWSA-N,(-)-Isopulegol,C=C(C)[C@@H]1CC[C@@H](C)C[C@H]1O,,Terpenoids,154.25300000000001,527.3499999999999,98,97,plants,0.7731958762886598,0.10309278350515463,0.09278350515463918,0.030927835051546393,Acicarpha tribuloides; Aconitum palmatum; Aconitum tianschanicum
BAVONGHXFVOKBV-NXEZZACHSA-N,(-)-cis-Carveol,C=C(C)[C@@H]1CC=C(C)[C@H](O)C1,,Terpenoids,152.23699999999997,536.16,97,94,plants,0.9574468085106383,0.0,0.010638297872340425,0.031914893617021274,Achillea arabica; Achillea biebersteinii; Achillea millefolium
UNXHWFMMPAWVPI-ZXZARUISSA-N,ERYTHRITOL,OC[C@@H](O)[C@@H](O)CO,,,122.11999999999999,658.96,97,93,plants,0.6881720430107527,0.07526881720430108,0.1827956989247312,0.053763440860215055,Actinomadura hibisca; Allium chinense; Allium macrostemon
WLJVXDMOQOGPHL-UHFFFAOYSA-N,PHENYLACETIC ACID,O=C(O)Cc1ccccc1,"animal, honey, sweet, sour, floral, rose, powdery, tobacco, chocolate, waxy",Shikimates and Phenylpropanoids,136.14999999999998,554.8299999999999,97,96,plants,0.5520833333333334,0.11458333333333333,0.15625,0.15625,Allium neapolitanum; Angelica sinensis; Anthopleura xanthogrammica
YWHLKYXPLRWGSE-UHFFFAOYSA-N,Dimethyl trisulfide,CSSSC,"cabbage, garlic, onion, vegetable, meaty, sulfurous, savory, alliaceous, fresh, cooked",,126.27100000000002,451.7,95,88,plants,0.7954545454545454,0.06818181818181818,0.045454545454545456,0.056818181818181816,Alkanna cappadocica; Allium; Allium Sativum
BRHDDEIRQPDPMG-PSASIEDQSA-N,5989-33-3,C=C[C@]1(C)CC[C@H](C(C)(C)O)O1,,Terpenoids,170.25199999999998,551.8299999999999,94,91,plants,0.7912087912087912,0.07692307692307693,0.054945054945054944,0.07692307692307693,Aconitum kamtschaticum; Aconitum vilmorinianum; Acorus calamus
WTARULDDTDQWMU-RKDXNWHRSA-N,(+)-beta-Pinene,C=C1CC[C@@H]2C[C@H]1C2(C)C,"sweet, terpenic, fresh, green, woody, hay, pine",Terpenoids,136.23799999999997,440.88,93,93,plants,0.7956989247311828,0.10752688172043011,0.08602150537634409,0.010752688172043012,Abies alba; Abies alba Mill.; Abies nordmanniana Stev. Spach
UWKAYLJWKGQEPM-LBPRGKRZSA-N,(R)-Linalyl acetate,C=C[C@@](C)(CCC=C(C)C)OC(C)=O,,Terpenoids,196.28999999999996,529.8699999999999,91,89,plants,0.8764044943820225,0.056179775280898875,0.056179775280898875,0.011235955056179775,Acronychia laurifolia; Agave deserti; Aglaia pyramidata
DOIRQSBPFJWKBE-UHFFFAOYSA-N,dibutyl phthalate,CCCCOC(=O)c1ccccc1C(=O)OCCCC,,Shikimates and Phenylpropanoids,278.348,713.78,91,87,plants,0.8390804597701149,0.034482758620689655,0.034482758620689655,0.06896551724137931,Abelmoschus sagittifolius; Acca sellowiana; Achyranthes bidentata
ZCHHRLHTBGRGOT-SNAWJCMRSA-N,2-HEXEN-1-OL,CCC/C=C/CO,,Fatty acids,100.16099999999999,433.21999999999997,90,87,plants,0.8045977011494253,0.06896551724137931,0.05747126436781609,0.05747126436781609,Acacia dealbata; Acacia mearnsii; Aconitum kamtschaticum
DIOQZVSQGTUSAI-UHFFFAOYSA-N,DECANE,CCCCCCCCCC,,Fatty acids,142.286,428.4,90,85,plants,0.8470588235294118,0.09411764705882353,0.03529411764705882,0.0,Allium ampeloprasum; Amomum villosum; Angelica acutiloba
GAIBLDCXCZKKJE-YZJXYJLZSA-N,Germacren D,C=C1/C=C/C(C(C)C)CC/C(C)=C/CC1,,Terpenoids,204.35699999999994,581.45,89,89,plants,1.0,0.0,0.0,0.0,Acorus calamus; Acorus gramineus; Acorus tatarinowii
HFJRKMMYBMWEAD-UHFFFAOYSA-N,DODECANAL,CCCCCCCCCCCC=O,"floral, sweet, waxy, aldehydic, green, soapy, citrus",Fatty acids,184.32299999999998,522.8199999999999,88,83,plants,0.8795180722891566,0.04819277108433735,0.024096385542168676,0.0,Actaea dahurica; Actaea heracleifolia; Actaea simplex
CDICDSOGTRCHMG-ONEGZZNKSA-N,,COc1cc(/C=C/C=O)cc(OC)c1O,,Shikimates and Phenylpropanoids,208.21299999999997,666.2,87,86,plants,0.7906976744186046,0.09302325581395349,0.08139534883720931,0.011627906976744186,Acer saccharinum; Acer saccharum; Aconitum fauriei
CATSNJVOTSVZJV-UHFFFAOYSA-N,2-HEPTANONE,CCCCCC(C)=O,"cheesy, cinnamon, coconut, fruity, sweet, spicy, banana, herbal, creamy, green, woody, ketonic",Fatty acids,114.18799999999999,413.63,87,78,plants,0.7948717948717948,0.10256410256410256,0.08974358974358974,0.0,Aconitum sajanense; Allium cepa; Aloe africana
XMIIGOLPHOKFCH-UHFFFAOYSA-N,hydrocinnamic acid,O=C(O)CCc1ccccc1,"balsamic, sweet, fatty, cinnamon, floral, rose, musk",Shikimates and Phenylpropanoids,150.177,577.71,86,82,plants,0.8292682926829268,0.06097560975609756,0.036585365853658534,0.07317073170731707,Aloe africana; Aloe ferox; Aloe spicata
KWOLFJPFCHCOCG-UHFFFAOYSA-N,ACETOPHENONE,CC(=O)c1ccccc1,"cherry, pungent, sweet, vanilla, floral, nutty, coumarinic, hawthorn, almond, chemical",Shikimates and Phenylpropanoids,120.15099999999995,463.19,86,78,plants,0.9487179487179487,0.038461538461538464,0.01282051282051282,0.0,Acca sellowiana; Agastache rugosa; Aloe africana
FQTLCLSUCSAZDY-QKXCFHHRSA-N,d-Nerolidol,C=C[C@@](C)(O)CC/C=C(/C)CCC=C(C)C,,Terpenoids,222.37199999999996,636.51,86,85,plants,0.9529411764705882,0.0,0.023529411764705882,0.011764705882352941,Acorus calamus; Actaea dahurica; Actaea heracleifolia
DCSCXTJOXBUFGB-JGVFFNPUSA-N,(-)-Verbenone,CC1=CC(=O)[C@H]2C[C@@H]1C2(C)C,,Terpenoids,150.22099999999998,513.68,85,82,plants,0.8048780487804879,0.10975609756097561,0.036585365853658534,0.024390243902439025,Alangium premnifolium; Angelica acutiloba; Angelica gigas
RGZSQWQPBWRIAQ-CABCVRRESA-N,LEVOMENOL,CC(C)=CCC[C@](C)(O)[C@@H]1CC=C(C)CC1,,Terpenoids,222.37199999999996,659.48,85,81,plants,0.9506172839506173,0.012345679012345678,0.037037037037037035,0.0,Abies nephrolepis; Abies sibirica; Abies sp.
NUPSHWCALHZGOV-UHFFFAOYSA-N,DECYL ACETATE,CCCCCCCCCCOC(C)=O,"fatty, fruity, orange, pineapple, rose, sweet, clean, creamy, fresh, soapy, citrus, waxy",Fatty acids,200.32199999999997,532.3799999999999,84,80,plants,0.825,0.0875,0.05,0.0375,Aceriphyllum rossii; Agnorhiza bolanderi; Aguacate
PPBRXRYQALVLMV-UHFFFAOYSA-N,STYRENE,C=Cc1ccccc1,,Shikimates and Phenylpropanoids,104.15199999999997,406.0,84,78,plants,0.7307692307692307,0.14102564102564102,0.07692307692307693,0.02564102564102564,Acacia howittii; Actinidia chinensis; Alangium premnifolium
NDFKTBCGKNOHPJ-AATRIKPKSA-N,,CCCC/C=C/C=O,"apple, fatty, fresh, fruity, green, pungent, sweet, vegetable, oily",Fatty acids,112.17199999999997,412.58,83,76,plants,0.8157894736842105,0.07894736842105263,0.06578947368421052,0.013157894736842105,Akebia quinata; Akebia trifoliata; Alangium premnifolium
GLDOVTGHNKAZLK-UHFFFAOYSA-N,Stearyl alcohol,CCCCCCCCCCCCCCCCCCO,,Fatty acids,270.50099999999986,703.6199999999999,83,80,plants,0.85,0.075,0.0625,0.0125,Allium sativum; Aloe africana; Aloe ferox
VVOAZFWZEDHOOU-UHFFFAOYSA-N,Magnolol,C=CCc1ccc(O)c(-c2cc(CC=C)ccc2O)c1,,Shikimates and Phenylpropanoids,266.3399999999999,829.3600000000001,83,80,plants,0.8125,0.1125,0.0625,0.0125,Alpinia flabellata; Alternaria bataticola; Angelica japonica
AEMRFAOFKBGASW-UHFFFAOYSA-N,glycolic acid,O=C(O)CO,,,76.051,483.05,81,76,plants,0.7894736842105263,0.06578947368421052,0.05263157894736842,0.06578947368421052,Acanthamoeba culbertsoni; Acronychia acidula; Aglaia cordata
QNGQIURXCUHNAT-UHFFFAOYSA-N,Eucarvone,CC1=CC=CC(C)(C)CC1=O,,Terpenoids,150.221,523.5799999999999,80,78,plants,0.7307692307692307,0.1794871794871795,0.08974358974358974,0.0,Aconitum episcopale; Alcea rosea; Alcyonium utinomii
WTDRDQBEARUVNC-LURJTMIESA-N,levodopa,N[C@@H](Cc1ccc(O)c(O)c1)C(=O)O,,Alkaloids,197.18999999999997,811.04,80,76,plants,0.881578947368421,0.05263157894736842,0.02631578947368421,0.013157894736842105,A new engineered strain of Escherichia coli lgtA wbgO; Allium cepa; Amanita muscaria
YMBFCQPIMVLNIU-SOUVJXGZSA-N,trans-alpha-Bergamotene,CC(C)=CCC[C@]1(C)[C@H]2CC=C(C)[C@@H]1C2,,Terpenoids,204.35699999999997,564.3,80,71,plants,0.9859154929577465,0.0,0.014084507042253521,0.0,Achillea abrotanoides; Acorus calamus; Aegopodium podagraria
NFLGAXVYCFJBMK-DTWKUNHWSA-N,(+)-Menthone,CC(C)[C@H]1CC[C@H](C)CC1=O,"minty, mentholic",Terpenoids,154.253,510.65999999999997,80,77,plants,1.0,0.0,0.0,0.0,Achillea abrotanoides; Actaea dahurica; Actaea heracleifolia
MMFCJPPRCYDLLZ-CMDGGOBGSA-N,,CCCCCCC/C=C/C=O,"chicken, earthy, fatty, green, mushroom, waxy, aldehydic",Fatty acids,154.253,481.22,79,74,plants,0.8108108108108109,0.06756756756756757,0.08108108108108109,0.013513513513513514,Acacia dealbata; Akebia trifoliata; Alangium premnifolium
QYDYPVFESGNLHU-KHPPLWFESA-N,,CCCCCCCC/C=C\CCCCCCCC(=O)OC,,Fatty acids,296.49499999999995,696.7,79,78,plants,0.782051282051282,0.05128205128205128,0.15384615384615385,0.0,Acyrthosiphon norvegicum; Acyrthosiphon pisum; Akebia quinata
BKIMMITUMNQMOS-UHFFFAOYSA-N,NONANE,CCCCCCCCC,,Fatty acids,128.259,405.52,78,78,plants,0.8589743589743589,0.08974358974358974,0.038461538461538464,0.01282051282051282,Abrus pulchellus; Angelica Pubescens; Angelica acutiloba
TWVJWDMOZJXUID-SDDRHHMPSA-N,Guaiol,C[C@H]1CC[C@@H](C(C)(C)O)CC2=C1CC[C@@H]2C,,Terpenoids,222.37199999999993,666.76,78,74,plants,0.9864864864864865,0.013513513513513514,0.0,0.0,Agrimonia pilosa; Aiouea costaricensis; Alphinia galanga
MXXWOMGUGJBKIW-YPCIICBESA-N,,O=C(/C=C/C=C/c1ccc2c(c1)OCO2)N1CCCCC1,,Alkaloids,285.343,785.0900000000001,78,74,plants,0.8243243243243243,0.02702702702702703,0.0945945945945946,0.05405405405405406,Abies webbiana; Agaricus xanthodermus; Aglaia perviridis
PNVTXOFNJFHXOK-ZJUUUORDSA-N,"trans-1(7),8-p-Menthadien-2-ol",C=C(C)[C@@H]1CCC(=C)[C@@H](O)C1,,Terpenoids,152.237,531.18,77,77,plants,0.7532467532467533,0.11688311688311688,0.07792207792207792,0.03896103896103896,Aceriphyllum rossii; Agnorhiza bolanderi; Alligator mississippiensis
BHHGXPLMPWCGHP-UHFFFAOYSA-N,Phenethylamine,NCCc1ccccc1,,Alkaloids,121.18299999999995,481.84999999999997,76,73,plants,0.8082191780821918,0.0547945205479452,0.0821917808219178,0.0547945205479452,Abrus precatorius; Acacia harpophylla; Acacia kettlewelliae
BXWNKGSJHAJOGX-UHFFFAOYSA-N,1-Hexadecanol,CCCCCCCCCCCCCCCCO,,Fatty acids,242.44699999999992,657.8599999999999,76,68,plants,0.7647058823529411,0.16176470588235295,0.058823529411764705,0.014705882352941176,prosuberites laughlini; Aconitum turczaninowii; Angelica acutiloba
RHLVCLIPMVJYKS-UHFFFAOYSA-N,3-Octanone,CCCCCC(=O)CC,"cheesy, earthy, fruity, herbal, sweet, musty, fermented, vegetable, mushroom, lavender, fresh, green, ketonic",Fatty acids,128.21499999999997,436.51,76,70,plants,0.7857142857142857,0.04285714285714286,0.15714285714285714,0.014285714285714285,Aca sellowiana; Acca sellowiana; Acorus gramineus
YOMSJEATGXXYPX-UHFFFAOYSA-N,2-Methoxy-4-vinylphenol,C=Cc1ccc(O)c(OC)c1,"smoky, spicy, sweet, peppery, powdery, phenolic, woody, clove",Shikimates and Phenylpropanoids,150.177,536.9,76,74,plants,0.972972972972973,0.0,0.02702702702702703,0.0,Abrus precatorius; Akebia trifoliata; Allium ampeloprasum
DSSYKIVIOFKYAU-OMNKOJBGSA-N,"Camphor, (1S,4S)-(-)-",CC1(C)C2CC[C@]1(C)C(=O)C2,,Terpenoids,152.237,509.78000000000003,76,73,plants,1.0,0.0,0.0,0.0,Acorus calamus; Acorus gramineus; Acorus tatarinowii
DTGKSKDOIYIVQL-NQMVMOMDSA-N,(-)-Borneol,CC1(C)[C@@H]2CC[C@]1(C)[C@H](O)C2,,Terpenoids,154.253,529.47,75,72,plants,1.0,0.0,0.0,0.0,Achillea filipendulina; Acorus gramineus; Acorus tatarinowii
IWDCLRJOBJJRNH-UHFFFAOYSA-N,4-methylphenol,Cc1ccc(O)cc1,"animal, medicinal, phenolic, smoky",,108.13999999999999,467.06,75,71,plants,0.9014084507042254,0.04225352112676056,0.0,0.056338028169014086,Actaea dahurica; Actaea heracleifolia; Actaea simplex
XBDQKXXYIPTUBI-UHFFFAOYSA-N,propionic acid,CCC(=O)O,"milky, pungent, sour, acidic, dairy, cheesy",Fatty acids,74.079,413.75,74,69,plants,0.8405797101449275,0.043478260869565216,0.014492753623188406,0.08695652173913043,Alpinia oxyphylla; Alstonia boonei; Angelica acutiloba
KKOXKGNSUHTUBV-LSDHHAIUSA-N,Zingiberene,CC(C)=CCC[C@H](C)[C@@H]1C=CC(C)=CC1,,Terpenoids,204.357,569.25,73,72,plants,0.9861111111111112,0.013888888888888888,0.0,0.0,Achyrospermum africanum; Ageratum conyzoides; Amyris balsamifera
CSCPPACGZOOCGX-UHFFFAOYSA-N,acetone,CC(C)=O,,Fatty acids,58.080000000000005,322.11,72,70,plants,0.8857142857142857,0.04285714285714286,0.014285714285714285,0.05714285714285714,Abies concolor; Abies lasiocarpa; Acer saccharinum
MWKFXSUHUHTGQN-UHFFFAOYSA-N,1-DECANOL,CCCCCCCCCCO,"fatty, floral, oily, sweet, waxy, clean, orange",Fatty acids,158.285,520.5799999999999,71,67,plants,0.9701492537313433,0.014925373134328358,0.0,0.014925373134328358,Aesculus hippocastanum; Alpinia hainanensis; Alpinia katsumadai
IKHGUXGNUITLKF-UHFFFAOYSA-N,acetaldehyde,CC=O,"alcoholic, nutty, pungent, musty, aldehydic, fruity, fresh, ethereal",Fatty acids,44.053,294.02,71,64,plants,0.8125,0.0625,0.046875,0.078125,Aca sellowiana; Acca sellowiana; Allium ampeloprasum
AMQJEAYHLZJPGS-UHFFFAOYSA-N,1-Pentanol,CCCCCO,"alcoholic, solvent, sweet, fermented, winey, oily, bready, balsamic, pungent",Fatty acids,88.14999999999999,406.17999999999995,71,63,plants,0.9523809523809523,0.015873015873015872,0.031746031746031744,0.0,Acca sellowiana; Aguacate; Akebia quinata
IAIHUHQCLTYTSF-MRTMQBJTSA-N,alpha-Fenchol,CC1(C)[C@@H]2CC[C@@](C)(C2)[C@@H]1O,,Terpenoids,154.25300000000001,529.47,71,68,plants,0.9558823529411765,0.014705882352941176,0.014705882352941176,0.014705882352941176,Acacia simplicifolia; Aiouea costaricensis; Alpinia breviligulata
HPOHAUWWDDPHRS-UWVGGRQHSA-N,cis-Piperitol,CC1=C[C@H](O)[C@H](C(C)C)CC1,,Terpenoids,154.25299999999996,539.1599999999999,70,66,plants,1.0,0.0,0.0,0.0,Achillea abrotanoides; Achillea arabica; Achillea biebersteinii
YLYBTZIQSIBWLI-UHFFFAOYSA-N,Octyl acetate,CCCCCCCCOC(C)=O,"citrus, floral, fruity, green, jasmine, orange, peach, mushroom, herbal, earthy, waxy",Fatty acids,172.268,486.61999999999995,70,67,plants,0.8955223880597015,0.04477611940298507,0.029850746268656716,0.014925373134328358,Acanthus montanus; Akebia quinata; Akebia trifoliata
LVBXEMGDVWVTGY-VOTSOKGWSA-N,,CCCCC/C=C/C=O,"fatty, green, vegetable, leafy, banana, herbal, cucumber, fresh, waxy",Fatty acids,126.19899999999997,435.46,70,64,plants,0.8125,0.046875,0.078125,0.0,Acacia dealbata; Angelica acutiloba; Angelica gigas
DTGKSKDOIYIVQL-ZCUBBSJVSA-N,d-Borneol,CC1(C)C2CCC1(C)[C@@H](O)C2,,Terpenoids,154.253,529.47,70,67,plants,1.0,0.0,0.0,0.0,Acorus gramineus; Acorus tatarinowii; Actaea dahurica
SATICYYAWWYRAM-VNKDHWASSA-N,,CC/C=C/C=C/C=O,,Fatty acids,110.15599999999998,416.74,70,66,plants,0.7575757575757576,0.09090909090909091,0.06060606060606061,0.015151515151515152,Alangium premnifolium; Angelica tarokoensis; Annona foetida
SZHOJFHSIKHZHA-UHFFFAOYSA-N,TRIDECANOIC ACID,CCCCCCCCCCCCC(=O)O,,Fatty acids,214.34899999999996,642.55,70,66,plants,0.8333333333333334,0.10606060606060606,0.0,0.06060606060606061,Aconitum carmichaelii; Agelas; Angelica Dahurica
LHYHMMRYTDARSZ-PPWQZUPISA-N,.delta.-Cadinol,CC1=CC2C(CC1)[C@@](C)(O)CC[C@H]2C(C)C,,Terpenoids,222.37199999999999,660.14,69,67,plants,1.0,0.0,0.0,0.0,Acorus calamus; Acorus gramineus; Acorus tatarinowii
AZOCECCLWFDTAP-RKDXNWHRSA-N,5524-05-0,C=C(C)[C@@H]1CC[C@@H](C)C(=O)C1,"mentholic, herbal, minty",Terpenoids,152.23699999999997,507.66,69,67,plants,0.8059701492537313,0.05970149253731343,0.05970149253731343,0.07462686567164178,Actinomadura hibisca; Anastrepha suspensa; Anethum graveolens
DDIZAANNODHTRB-UHFFFAOYSA-N,METHYL 4-METHOXYBENZOATE,COC(=O)c1ccc(OC)cc1,,Shikimates and Phenylpropanoids,166.176,517.8199999999999,69,68,plants,0.7794117647058824,0.029411764705882353,0.10294117647058823,0.07352941176470588,Aca sellowiana; Acacia dealbata; Acca sellowiana
XGQJZNCFDLXSIJ-UHFFFAOYSA-N,PENTADECANAL,CCCCCCCCCCCCCCC=O,,Fatty acids,226.40399999999994,591.46,69,68,plants,0.8088235294117647,0.10294117647058823,0.0,0.029411764705882353,Angelica acutiloba; Angelica archangelica; Angelica gigas
XNGKCOFXDHYSGR-UHFFFAOYSA-N,Perillene,CC(C)=CCCc1ccoc1,,Terpenoids,150.221,482.63999999999993,69,66,plants,0.8787878787878788,0.06060606060606061,0.030303030303030304,0.015151515151515152,Aconitum leucostomum; Anarsia lineatella; Apollonias barbujana
KGEKLUUHTZCSIP-YZRBJQDESA-N,"(1R,2S,4R)-(+)-Bornyl acetate",CC(=O)O[C@H]1CC2CCC1(C)C2(C)C,,Terpenoids,196.29,541.27,69,69,plants,1.0,0.0,0.0,0.0,Acorus calamus; Agrimonia pilosa; Alpinia galanga
TVMXDCGIABBOFY-UHFFFAOYSA-N,octane,CCCCCCCC,,Fatty acids,114.232,382.64,69,65,plants,0.8769230769230769,0.07692307692307693,0.015384615384615385,0.015384615384615385,Acacia dealbata; Ageratum conyzoides; Aguacate
QSJXEFYPDANLFS-UHFFFAOYSA-N,"2,3-butanedione",CC(=O)C(C)=O,"buttery, sweet, caramellic, creamy, pungent",Fatty acids,86.08999999999999,398.86,68,62,plants,0.7741935483870968,0.11290322580645161,0.06451612903225806,0.016129032258064516,Alangium premnifolium; Aloe africana; Aloe ferox
VMUXSMXIQBNMGZ-UHFFFAOYSA-N,dihydrocoumarin,O=C1CCc2ccccc2O1,,Shikimates and Phenylpropanoids,148.16099999999997,502.54,68,66,plants,0.7878787878787878,0.10606060606060606,0.09090909090909091,0.015151515151515152,Achillea filipendulina; Alectoria japonica; Ambrosia artemisiifolia
AHLPHDHHMVZTML-BYPYZUCNSA-N,L-ornithine,NCCC[C@H](N)C(=O)O,,Amino acids and Peptides,132.163,604.1300000000001,68,53,plants,0.660377358490566,0.05660377358490566,0.1320754716981132,0.1320754716981132,A new engineered strain of Escherichia coli XL -Blue hSQS; A new engineered strain of Escherichia coli n.a.; A new engineered strain of Saccharomyces cerevisiae BY ERG
HKZQJZIFODOLFR-UHFFFAOYSA-N,Piperitenone,CC1=CC(=O)C(=C(C)C)CC1,,Terpenoids,150.22099999999998,531.0999999999999,68,67,plants,1.0,0.0,0.0,0.0,Agathosma betulina; Aloysia citriodora; Aloysia citrodora
GQVMHMFBVWSSPF-SOYUKNQTSA-N,3016-19-1,C/C=C(C)/C=C/C=C(C)C,,Fatty acids,136.23799999999997,440.64,68,65,plants,1.0,0.0,0.0,0.0,Amaryllidaceae; Angelica acutiloba; Angelica gigas
RUVINXPYWBROJD-ARJAWSKDSA-N,,C/C=C\c1ccc(OC)cc1,,Shikimates and Phenylpropanoids,148.20499999999998,486.64,68,60,plants,0.9833333333333333,0.016666666666666666,0.0,0.0,Actaea dahurica; Actaea heracleifolia; Actaea simplex
FRMCCTDTYSRUBE-VOSWHAFNSA-N,"1H-Cycloprop[e]azulen-7-ol, decahydro-1,1,7-trimethyl-4-methylene-, [1aS-(1a.alpha.,4a.alpha.,7.beta.)]",C=C1CCC2C([C@H]3[C@@H]1CC[C@@]3(C)O)C2(C)C,,Terpenoids,220.35599999999994,649.3699999999999,67,65,plants,1.0,0.0,0.0,0.0,Abrus pulchellus; Acorus calamus; Agrimonia pilosa
UHUFTBALEZWWIH-UHFFFAOYSA-N,TETRADECANAL,CCCCCCCCCCCCCC=O,,Fatty acids,212.37699999999995,568.5799999999999,67,64,plants,0.8125,0.109375,0.0,0.046875,Acorus calamus; Angelica archangelica; Azadirachta indica
MTZQAGJQAFMTAQ-UHFFFAOYSA-N,ETHYL BENZOATE,CCOC(=O)c1ccccc1,"floral, fruity, dry, musty, sweet, medicinal, grape, cherry, minty",Shikimates and Phenylpropanoids,150.177,490.42,67,62,plants,0.8225806451612904,0.08064516129032258,0.04838709677419355,0.016129032258064516,Aca sellowiana; Acca sellowiana; Actinidia chinensis
UUQHKWMIDYRWHH-UHFFFAOYSA-N,"Methyl 2,4-dihydroxy-3,6-dimethylbenzoate",COC(=O)c1c(C)cc(O)c(C)c1O,,Shikimates and Phenylpropanoids,196.202,684.5,67,67,plants,0.6865671641791045,0.014925373134328358,0.26865671641791045,0.029850746268656716,Acer nikoense; Acer palmatum subsp. amoenum; Adenanthera pavonina
NNRLDGQZIVUQTE-UHFFFAOYSA-N,gamma-Terpineol,CC(C)=C1CCC(C)(O)CC1,,Terpenoids,154.25299999999996,546.8899999999999,67,65,plants,0.7384615384615385,0.15384615384615385,0.1076923076923077,0.0,Abies sibirica; Acca sellowiana; Alcea rosea
KONGRWVLXLWGDV-BYGOPZEFSA-N,cubebol,CC(C)[C@@H]1CC[C@@H](C)[C@@]23CC[C@](C)(O)[C@@H]2[C@@H]13,,Terpenoids,222.37199999999999,645.5,67,67,plants,0.8955223880597015,0.04477611940298507,0.029850746268656716,0.0,Acritopappus confertus; Ageratina viscosa; Ajuga chamaepitys
QPJVMBTYPHYUOC-UHFFFAOYSA-N,METHYL BENZOATE,COC(=O)c1ccccc1,"floral, fruity, sweet, phenolic, almond",Shikimates and Phenylpropanoids,136.14999999999998,467.54,67,60,plants,0.9,0.03333333333333333,0.03333333333333333,0.03333333333333333,Aca sellowiana; Acca sellowiana; Actaea japonica
ZAZKJZBWRNNLDS-UHFFFAOYSA-N,Methyl tetradecanoate,CCCCCCCCCCCCCC(=O)OC,"cognac, fatty, oily, orris, waxy",Fatty acids,242.40299999999993,601.02,66,65,plants,0.7230769230769231,0.12307692307692308,0.12307692307692308,0.015384615384615385,Acyrthosiphon pisum; Aleuroglyphus ovatus; Aloe vera
CCEFMUBVSUDRLG-KXUCPTDWSA-N,"(1R,4R,6S)-1-methyl-4-(prop-1-en-2-yl)-7-oxabicyclo[4.1.0]heptane",C=C(C)[C@@H]1CC[C@@]2(C)O[C@H]2C1,,Terpenoids,152.237,465.22999999999996,66,66,plants,0.8333333333333334,0.07575757575757576,0.06060606060606061,0.030303030303030304,Aceriphyllum rossii; Agnorhiza bolanderi; Alligator mississippiensis
YXFVVABEGXRONW-UHFFFAOYSA-N,toluene,Cc1ccccc1,,Shikimates and Phenylpropanoids,92.14099999999999,386.44,66,62,plants,0.8870967741935484,0.06451612903225806,0.03225806451612903,0.0,Actinidia chinensis; Amomum villosum; Anethum graveolens
WQOXQRCZOLPYPM-UHFFFAOYSA-N,Dimethyl disulfide,CSSC,"cabbage, onion, vegetable, sulfurous",,94.20400000000001,382.91999999999996,66,61,plants,0.819672131147541,0.06557377049180328,0.03278688524590164,0.08196721311475409,Allium ampeloprasum; Allium cepa; Allium chinense
NLZUEZXRPGMBCV-UHFFFAOYSA-N,"2,6-Di-tert-butyl-4-methylphenol",Cc1cc(C(C)(C)C)c(O)c(C(C)(C)C)c1,,Shikimates and Phenylpropanoids,220.356,653.5999999999999,65,62,plants,0.7419354838709677,0.03225806451612903,0.0967741935483871,0.06451612903225806,Ailanthus altissima; Allium cepa var. tropeana; Alstonia muelleriana
PFSTYGCNVAVZBK-JQGMZEBDSA-N,,C=C/C(C)=C/C/C=C(\C)CC/C=C(\C)C=O,,Terpenoids,218.33999999999995,600.26,64,63,plants,0.8253968253968254,0.07936507936507936,0.06349206349206349,0.031746031746031744,Aceriphyllum rossii; Agnorhiza bolanderi; Alligator mississippiensis
XPCTZQVDEJYUGT-UHFFFAOYSA-N,MALTOL,Cc1occc(=O)c1O,"berry, caramellic, fruity, strawberry, sweet, burnt, jammy, bready",Polyketides,126.11099999999998,539.79,64,60,plants,0.7833333333333333,0.05,0.06666666666666667,0.1,Abies koreana; Abies sibirica; Abrus precatorius
QUSNBJAOOMFDIB-UHFFFAOYSA-N,ETHYLAMINE,CCN,,Amino acids and Peptides,45.084999999999994,317.89,62,62,plants,0.8387096774193549,0.0967741935483871,0.03225806451612903,0.0,Abies forrestii; Arctium lappa; Aria latifolia
SMNDYUVBFMFKNZ-UHFFFAOYSA-N,2-FUROIC ACID,O=C(O)c1ccco1,,,112.08399999999997,509.71,62,60,plants,0.7333333333333333,0.05,0.15,0.03333333333333333,Aconitum soongaricum; Ailanthus excelsa; Albizia julibrissin
SWGKAHCIOQPKFW-JTNORFRNSA-N,caftaric acid,O=C(/C=C/c1ccc(O)c(O)c1)O[C@@H](C(=O)O)[C@@H](O)C(=O)O,,Shikimates and Phenylpropanoids,312.23,1129.66,62,61,plants,0.9508196721311475,0.03278688524590164,0.01639344262295082,0.0,Adiantum sp.; Aquarius grandiflorus; Asplenium nidus
NOOLISFMXDJSKH-UTLUCORTSA-N,(+)-Neomenthol,CC(C)[C@@H]1CC[C@@H](C)C[C@@H]1O,,Terpenoids,156.269,530.3499999999999,62,56,plants,0.9821428571428571,0.017857142857142856,0.0,0.0,Actaea dahurica; Actaea heracleifolia; Actaea simplex
CYIFVRUOHKNECG-UHFFFAOYSA-N,2-TRIDECANONE,CCCCCCCCCCCC(C)=O,,Fatty acids,198.34999999999997,550.91,62,58,plants,0.9482758620689655,0.034482758620689655,0.017241379310344827,0.0,Acca sellowiana; Akebia quinata; Akebia trifoliata
NQPDZGIKBAWPEJ-UHFFFAOYSA-N,Valeric acid,CCCCC(=O)O,"cheesy, sour, fruity, acidic, tobacco, milky, sharp",Fatty acids,102.13299999999998,459.51,62,58,plants,0.8448275862068966,0.08620689655172414,0.05172413793103448,0.0,Actaea dahurica; Actaea heracleifolia; Actaea simplex
MOQGCGNUWBPGTQ-UHFFFAOYSA-N,beta-Cyclocitral,CC1=C(C=O)C(C)(C)CCC1,,Terpenoids,152.23699999999997,505.96999999999997,62,58,plants,0.8103448275862069,0.017241379310344827,0.0,0.13793103448275862,Alliaria petiolata; Anabaena spp.; Avena sativa
NPNUFJAVOOONJE-GFUGXAQUSA-N,BETA-CARYOPHYLLENE,C=C1CC/C=C(\C)CC[C@@H]2[C@@H]1CC2(C)C,,Terpenoids,204.35699999999997,576.5,61,59,plants,0.9152542372881356,0.05084745762711865,0.01694915254237288,0.01694915254237288,Ables balsamea; Acarus calamus; Achillea millefolium
AOGQPLXWSUTHQB-UHFFFAOYSA-N,Hexyl acetate,CCCCCCOC(C)=O,"apple, fruity, pear, sweet, fatty, banana, fresh, green",Fatty acids,144.21399999999997,440.86,61,55,plants,0.9636363636363636,0.01818181818181818,0.0,0.01818181818181818,Aca sellowiana; Acca sellowiana; Amaranthus retroflexus
BCTBAGTXFYWYMW-SCZZXKLOSA-N,Linaloolpyran oxide d,C=C[C@@]1(C)CC[C@@H](O)C(C)(C)O1,,Terpenoids,170.25199999999998,554.9000000000001,61,59,plants,0.7966101694915254,0.06779661016949153,0.01694915254237288,0.06779661016949153,Acacia adunca; Adiantum lunulatum; Ajania fastigiata
RTUMCNDCAVLXEP-UHFFFAOYSA-N,"1,1,6-Trimethyl-1,2-dihydronaphthalene",Cc1ccc2c(c1)C=CCC2(C)C,"gasoline, woody",Terpenoids,172.27099999999996,544.0899999999999,61,59,plants,0.7966101694915254,0.0847457627118644,0.01694915254237288,0.06779661016949153,Acacia adunca; Acca sellowiana; Adiantum lunulatum
CJPNOLIZCWDHJK-UHFFFAOYSA-N,2-PENTADECANONE,CCCCCCCCCCCCCC(C)=O,"dairy, fatty, fruity, waxy, floral, oily, burnt, fresh, jasmine, celery",Fatty acids,226.40399999999994,596.6700000000001,61,58,plants,0.8103448275862069,0.06896551724137931,0.034482758620689655,0.05172413793103448,Alkanna cappadocica; Artemisia dentata; Atalantia racemosa
NFLGAXVYCFJBMK-IUCAKERBSA-N,Isomenthone,CC(C)[C@@H]1CC[C@H](C)CC1=O,,Terpenoids,154.253,510.65999999999997,60,55,plants,0.9818181818181818,0.0,0.01818181818181818,0.0,Agastache formosana; Agastache rugosa; Agathosma betulina
GVOWHGSUZUUUDR-UHFFFAOYSA-N,Methyl 2-(methylamino)benzoate,CNc1ccccc1C(=O)OC,"floral, musty, orange, sweet, fruity, powdery, phenolic",Alkaloids,165.19199999999998,545.5699999999999,60,59,plants,0.8135593220338984,0.0847457627118644,0.06779661016949153,0.03389830508474576,Aceriphyllum rossii; Agnorhiza bolanderi; Alligator mississippiensis
LQZZUXJYWNFBMV-UHFFFAOYSA-N,1-DODECANOL,CCCCCCCCCCCCO,"citrus, fatty, floral, oily, waxy, honey, coconut, earthy, soapy",Fatty acids,186.33899999999997,566.3399999999999,60,57,plants,0.8947368421052632,0.017543859649122806,0.05263157894736842,0.0,Abelmoschus manihot; Angelica acutiloba; Angelica gigas
XMLSXPIVAXONDL-PLNGDYQASA-N,,CC/C=C\CC1=C(C)CCC1=O,"floral, fruity, jasmine, spicy, herbal, woody, celery, citrus",Fatty acids,164.248,552.3299999999999,59,58,plants,1.0,0.0,0.0,0.0,Acacia dealbata; Achillea arabica; Achillea biebersteinii
QPRQEDXDYOZYLA-YFKPBYRVSA-N,1565-80-6,CC[C@H](C)CO,,Fatty acids,88.14999999999999,405.73999999999995,59,57,plants,0.7543859649122807,0.10526315789473684,0.07017543859649122,0.017543859649122806,Acacia aulacocarpa; Alangium premnifolium; Aloe africana
HPOHAUWWDDPHRS-ZJUUUORDSA-N,trans-Piperitol,CC1=C[C@H](O)[C@@H](C(C)C)CC1,,Terpenoids,154.25299999999996,539.1599999999999,58,58,plants,1.0,0.0,0.0,0.0,Achillea abrotanoides; Achillea arabica; Achillea biebersteinii
NJGBTKGETPDVIK-UHFFFAOYSA-N,4-(4-Hydroxyphenyl)-2-butanone,CC(=O)CCc1ccc(O)cc1,"fruity, sweet, ripe, berry, floral, jammy, raspberry, woody",Shikimates and Phenylpropanoids,164.204,589.5699999999999,58,57,plants,0.8771929824561403,0.0,0.08771929824561403,0.03508771929824561,Abies nephrolepis; Abies spectabilis; Acer maximowiczianum
WRHGORWNJGOVQY-QLFBSQMISA-N,.gamma.-Muurolene,C=C1CC[C@H](C(C)C)[C@H]2C=C(C)CC[C@@H]12,,Terpenoids,204.35699999999994,571.55,58,57,plants,0.9824561403508771,0.0,0.017543859649122806,0.0,Acorus gramineus; Acorus tatarinowii; Agastache rugosa
JLPUXFOGCDVKGO-TUAOUCFPSA-N,GEOSMIN,C[C@H]1CCC[C@@]2(C)CCCC[C@]12O,"earthy, green, herbal, musty, fresh",Terpenoids,182.307,592.71,57,56,bacteria,0.125,0.0,0.07142857142857142,0.7857142857142857,Basella alba; Beta vulgaris; Chaetomium globosum
YSTPAHQEHQSRJD-VIFPVBQESA-N,d-Piperitone,CC1=CC(=O)[C@H](C(C)C)CC1,,Terpenoids,152.23699999999997,519.47,57,55,plants,0.9636363636363636,0.01818181818181818,0.01818181818181818,0.0,Andropogon iwarancusa; Artemisia capillaris; Artemisia deserti
ASUAYTHWZCLXAN-UHFFFAOYSA-N,3-METHYL-2-BUTEN-1-OL,CC(C)=CCO,,Fatty acids,86.134,410.21999999999997,57,53,plants,0.8301886792452831,0.07547169811320754,0.03773584905660377,0.03773584905660377,Alkanna cappadocica; Alpinia officinarum; Angelica acutiloba
NOOLISFMXDJSKH-AEJSXWLSSA-N,(+)-Menthol,CC(C)[C@H]1CC[C@H](C)C[C@@H]1O,mentholic,Terpenoids,156.269,530.3499999999999,57,57,plants,0.9122807017543859,0.017543859649122806,0.05263157894736842,0.017543859649122806,Aconitum leucostomum; Actaea dahurica; Actaea heracleifolia
OOCCDEMITAIZTP-QPJJXVBHSA-N,,OC/C=C/c1ccccc1,"sweet, spicy, powdery, balsamic, green, hyacinth",Shikimates and Phenylpropanoids,134.178,528.54,56,52,plants,0.9230769230769231,0.038461538461538464,0.038461538461538464,0.0,Aconitum fischeri; Apocynum androsaemifolium; Artemisia argyi
NNWHUJCUHAELCL-SNAWJCMRSA-N,Methylisoeugenol,C/C=C/c1ccc(OC)c(OC)c1,"floral, spicy, sweet, tea, clove",Shikimates and Phenylpropanoids,178.23099999999997,536.9200000000001,56,54,plants,0.9259259259259259,0.05555555555555555,0.0,0.018518518518518517,Acarus calamus; Acorus Calamus; Acorus Gramineus
XUJNEKJLAYXESH-REOHCLBHSA-N,Ferrous cysteine glycinate,N[C@@H](CS)C(=O)O,,Amino acids and Peptides,121.16099999999997,548.7,56,52,plants,0.75,0.11538461538461539,0.07692307692307693,0.057692307692307696,Allium cepa; Arabidopsis thaliana; Brassica juncea
NFLGAXVYCFJBMK-RKDXNWHRSA-N,(+)-Isomenthone,CC(C)[C@H]1CC[C@@H](C)CC1=O,,Terpenoids,154.253,510.65999999999997,55,52,plants,0.9423076923076923,0.0,0.038461538461538464,0.0,Breonia chinensis; Campylotropis hirtella; Ceropegia dichotoma
XNMPFDIYAMOYRM-UHFFFAOYSA-N,"p-Mentha-1,3,8-triene",C=C(C)C1=CC=C(C)CC1,,Terpenoids,134.22199999999995,457.46,55,53,plants,0.8867924528301887,0.09433962264150944,0.018867924528301886,0.0,Agathis robusta; Angelica acutiloba; Angelica gigas
NIOYUNMRJMEDGI-UHFFFAOYSA-N,hexadecanal,CCCCCCCCCCCCCCCC=O,,Fatty acids,240.43099999999993,614.3399999999999,55,54,plants,0.7407407407407407,0.12962962962962962,0.037037037037037035,0.07407407407407407,Ajuga chamaepitys; Ambrosia trifida; Arabidopsis thaliana
FOCMOGKCPPTERB-RMKNXTFCSA-N,,CC(C)CC(=O)OC/C=C/c1ccccc1,,Shikimates and Phenylpropanoids,218.29600000000002,608.54,54,54,plants,0.7037037037037037,0.037037037037037035,0.14814814814814814,0.05555555555555555,Aglaia meridionalis; Allium ursinum; Ammi majus
XPFVYQJUAUNWIW-UHFFFAOYSA-N,FURFURYL ALCOHOL,OCc1ccco1,"sweet, musty, estery, sulfurous, caramellic, coffee, bready, brown, chemical, alcoholic",Polyketides,98.10099999999998,456.37999999999994,54,47,plants,0.8936170212765957,0.02127659574468085,0.0851063829787234,0.0,Allium cepa; Angelica acutiloba; Angelica gigas
CRUILBNAQILVHZ-UHFFFAOYSA-N,"1,2,3-TRIMETHOXYBENZENE",COc1cccc(OC)c1OC,,,168.19199999999998,509.42,54,52,plants,0.7307692307692307,0.1346153846153846,0.11538461538461539,0.019230769230769232,Alectoria japonica; Amelanchier vulgaris; Anisodus tanguticus
WGPCZPLRVAWXPW-LLVKDONJSA-N,(r)-4-dodecanolide,CCCCCCCC[C@@H]1CCC(=O)O1,,Fatty acids,198.30599999999995,539.1200000000001,54,54,plants,0.7037037037037037,0.1111111111111111,0.09259259259259259,0.09259259259259259,Aconitum kamtschaticum; Aconitum vilmorinianum; Actinidia kolomikta
BRHDDEIRQPDPMG-WCBMZHEXSA-N,trans-Linalool oxide,C=C[C@]1(C)CC[C@@H](C(C)(C)O)O1,,Terpenoids,170.25199999999998,551.8299999999999,53,49,plants,1.0,0.0,0.0,0.0,Acorus calamus; Akebia quinata; Akebia trifoliata
SATCULPHIDQDRE-UHFFFAOYSA-N,PIPERONAL,O=Cc1ccc2c(c1)OCO2,"cherry, floral, sweet, vanilla, spicy, creamy, tropical",Shikimates and Phenylpropanoids,150.13299999999995,461.01,53,52,plants,0.8076923076923077,0.019230769230769232,0.09615384615384616,0.07692307692307693,Abies webbiana; Achillea grandifolia; Agaricus xanthodermus
BVJSUAQZOZWCKN-UHFFFAOYSA-N,4-hydroxybenzyl alcohol,OCc1ccc(O)cc1,,Shikimates and Phenylpropanoids,124.13899999999997,559.24,53,53,plants,0.7735849056603774,0.09433962264150944,0.05660377358490566,0.0,Agarum cribrosum; Aglaia elliptica; Anethum graveolens
HNVRRHSXBLFLIG-UHFFFAOYSA-N,2-METHYL-3-BUTEN-2-OL,C=CC(C)(C)O,,Terpenoids,86.13399999999999,399.63,53,51,plants,0.8823529411764706,0.058823529411764705,0.0196078431372549,0.0196078431372549,Achillea ageratum; Alkanna cappadocica; Aloe africana
IFYYFLINQYPWGJ-SECBINFHSA-N,(R)-gamma-Decalactone,CCCCCC[C@@H]1CCC(=O)O1,,Fatty acids,170.25199999999998,493.35999999999996,53,53,plants,0.6792452830188679,0.11320754716981132,0.11320754716981132,0.09433962264150944,Aconitum kamtschaticum; Aconitum vilmorinianum; Actinidia kolomikta
AXCXHFKZHDEKTP-NSCUHMNNSA-N,,COc1ccc(/C=C/C=O)cc1,,Shikimates and Phenylpropanoids,162.188,535.3,52,51,plants,0.8431372549019608,0.0784313725490196,0.0784313725490196,0.0,Abelmoschus esculentus; Acacia argentea; Acanthopanax ricinifolius
YGMNGQDLUQECTO-UJNFCWOMSA-N,18383-49-8,C=C(C)[C@H]1CC(=O)[C@@]2(C)O[C@H]2C1,,Terpenoids,166.21999999999997,533.05,52,52,plants,0.7884615384615384,0.09615384615384616,0.07692307692307693,0.038461538461538464,Aceriphyllum rossii; Agnorhiza bolanderi; Alligator mississippiensis
WYJOVVXUZNRJQY-UHFFFAOYSA-N,2-ACETYLTHIOPHENE,CC(=O)c1cccs1,,,126.17999999999998,461.83,52,51,plants,0.6862745098039216,0.11764705882352941,0.11764705882352941,0.058823529411764705,Achillea nana; Aconitum napellus; Aspergillus fumisynnematus
CCRCUPLGCSFEDV-BQYQJAHWSA-N,,COC(=O)/C=C/c1ccccc1,"balsamic, fruity, sweet, strawberry, cherry",Shikimates and Phenylpropanoids,162.188,517.46,52,50,plants,0.92,0.04,0.04,0.0,Alpinia formosana; Alpinia galanga; Alpinia hainanensis
ZXEKIIBDNHEJCQ-UHFFFAOYSA-N,Isobutanol,CC(C)CO,"fermented, sweet, winey, ethereal",Fatty acids,74.12299999999999,382.85999999999996,52,45,plants,0.6444444444444445,0.044444444444444446,0.15555555555555556,0.15555555555555556,A new engineered strain of Escherichia coli BL DE cscB cscA cscK ino miox udh suhB zwf pgi ptsG uxaC gudD glk; A new engineered strain of Escherichia coli mdtC; A new engineered strain of Escherichia coli mdtE
GETQZCLCWQTVFV-UHFFFAOYSA-N,trimethylamine,CN(C)C,"fishy, pungent, fruity, oily",,59.111999999999995,280.67999999999995,52,49,plants,0.6938775510204082,0.20408163265306123,0.08163265306122448,0.02040816326530612,Amorphophallus brachyphyllus; Asarum europaeum; Asarum sieboldii
OUDFNZMQXZILJD-UHFFFAOYSA-N,5-METHYLFURFURAL,Cc1ccc(C=O)o1,,Polyketides,110.112,368.48,51,46,plants,0.9565217391304348,0.021739130434782608,0.021739130434782608,0.0,Actaea dahurica; Actaea heracleifolia; Actaea simplex
KBPPPUZMFQKLNP-UTLUCORTSA-N,Anethofuran,CC1=C[C@@H]2OC[C@@H](C)[C@@H]2CC1,,Terpenoids,152.23699999999997,481.10999999999996,51,49,plants,0.7346938775510204,0.08163265306122448,0.08163265306122448,0.10204081632653061,Actinomadura hibisca; Anastrepha suspensa; Anethum graveolens
IPBFYZQJXZJBFQ-ZETCQYMHSA-N,(S)-gamma-Octanolactone,CCCC[C@H]1CCC(=O)O1,,Fatty acids,142.19799999999998,447.59999999999997,51,51,plants,0.6862745098039216,0.11764705882352941,0.09803921568627451,0.09803921568627451,Aconitum kamtschaticum; Aconitum vilmorinianum; Actinidia kolomikta
JUXDFQMZOFALSA-PMOUVXMZSA-N,Cycloeudesmol,C[C@H]1CCC[C@]2(C)CC[C@@]3(C(C)(C)O)C[C@@]123,,Terpenoids,222.37199999999999,652.29,51,50,plants,0.68,0.14,0.12,0.02,Abies pinsapo var. tazaotana; Abuta concolor; Alcyonium paessleri
BBMCTIGTTCKYKF-UHFFFAOYSA-N,1-HEPTANOL,CCCCCCCO,"fatty, fresh, green, sweet, musty, vegetable, leafy, banana, herbal, fruity, violet, apple, woody, pungent",Fatty acids,116.204,451.94,50,46,plants,0.9565217391304348,0.021739130434782608,0.021739130434782608,0.0,Acacia dealbata; Achillea grandifolia; Actinidia chinensis
NEHNMFOYXAPHSD-JTQLQIEISA-N,(-)-Citronellal,CC(C)=CCC[C@H](C)CC=O,"herbal, clean, citrus",Terpenoids,154.25300000000001,480.66,50,48,plants,1.0,0.0,0.0,0.0,Acorus calamus; Backhousia citriodora; Citrus Hystrix
BCOXBEHFBZOJJZ-ARJAWSKDSA-N,cis-3-Hexenyl benzoate,CC/C=C\CCOC(=O)c1ccccc1,,Shikimates and Phenylpropanoids,204.26900000000003,586.0999999999999,50,47,plants,0.7659574468085106,0.10638297872340426,0.06382978723404255,0.02127659574468085,Aca sellowiana; Acca sellowiana; Alangium premnifolium
ZDPHROOEEOARMN-UHFFFAOYSA-N,UNDECANOIC ACID,CCCCCCCCCCC(=O)O,"fatty, coconut, creamy, cheesy, waxy",Fatty acids,186.295,596.79,50,48,plants,0.8958333333333334,0.041666666666666664,0.020833333333333332,0.041666666666666664,Alliaria petiolata; Arabidopsis thaliana; Arnica montana
BSAIUMLZVGUGKX-FPLPWBNLSA-N,,CCCCCC/C=C\C=O,"cucumber, fatty, melon, orris, waxy",Fatty acids,140.22599999999997,458.34,50,43,plants,1.0,0.0,0.0,0.0,Aloe africana; Aloe ferox; Aloe spicata
KJIOQYGWTQBHNH-UHFFFAOYSA-N,1-UNDECANOL,CCCCCCCCCCCO,"citrus, floral, fruity, oily",Fatty acids,172.31199999999998,543.46,49,48,plants,0.8541666666666666,0.0625,0.020833333333333332,0.041666666666666664,Alkanna cappadocica; Artemisia dentata; Atalantia racemosa
ZTHYODDOHIVTJV-UHFFFAOYSA-N,propyl gallate,CCCOC(=O)c1cc(O)c(O)c(O)c1,,Shikimates and Phenylpropanoids,212.201,755.1600000000001,49,47,plants,0.723404255319149,0.1276595744680851,0.06382978723404255,0.06382978723404255,Aaptos aaptos; Aconitum nevadense; Alchornea glandulosa
AQIXEPGDORPWBJ-UHFFFAOYSA-N,3-PENTANOL,CCC(O)CC,"ethereal, fermented, fruity, sweet, herbal, nutty, oily",Fatty acids,88.15,405.73999999999995,49,46,plants,0.7608695652173914,0.10869565217391304,0.06521739130434782,0.021739130434782608,Alangium premnifolium; Amaranthus retroflexus; Angelica tarokoensis
LHXDLQBQYFFVNW-XCBNKYQSSA-N,"(+)-1,3,3-Trimethyl-2-norbornanone",CC1(C)C(=O)[C@@]2(C)CC[C@@H]1C2,"camphoreous, minty, sweet, mentholic, herbal, terpenic, pine, cooling, fresh, balsamic, cedar, earthy, woody",Terpenoids,152.237,509.78000000000003,49,45,plants,0.9777777777777777,0.0,0.022222222222222223,0.0,Abies alba; Alphinia galanga; Amomum compactum
NQBWNECTZUOWID-MZXMXVKLSA-N,,O=C(/C=C/c1ccccc1)OC/C=C/c1ccccc1,,Shikimates and Phenylpropanoids,264.324,731.3399999999999,48,46,plants,0.8043478260869565,0.13043478260869565,0.021739130434782608,0.021739130434782608,Acrocarpia paniculata; Anaxyrus americanus; Anodendron affine
VSMOENVRRABVKN-MRVPVSSYSA-N,(S)-1-Octen-3-ol,C=C[C@@H](O)CCCCC,,Fatty acids,128.215,471.06,48,45,plants,0.8444444444444444,0.0,0.1111111111111111,0.022222222222222223,Arabidopsis thaliana; Artemisia annua; Artemisia annua L.
VPDZRSSKICPUEY-BFPRWLMKSA-N,,C/C1=C\C2C(CC/C(C)=C/CC1)C2(C)C,,Terpenoids,204.35699999999997,581.48,48,47,plants,0.9787234042553191,0.02127659574468085,0.0,0.0,Agastache rugosa; Ambrosia microcephala; Angelica acutiloba
SCCDQYPEOIRVGX-UHFFFAOYSA-N,Eugenol acetate,C=CCc1ccc(OC(C)=O)c(OC)c1,"balsamic, fruity, spicy, sweet, malty, floral, fresh, woody, clove",Shikimates and Phenylpropanoids,206.24099999999996,588.1199999999999,48,41,plants,0.8292682926829268,0.0975609756097561,0.07317073170731707,0.0,Aconitum sajanense; Alpinia chinensis; Alpinia galanga
KQNPFQTWMSNSAP-UHFFFAOYSA-N,ISOBUTYRIC ACID,CC(C)C(=O)O,"cheesy, fruity, sour, acidic, dairy, buttery",Fatty acids,88.10599999999998,436.19,48,43,plants,0.813953488372093,0.11627906976744186,0.0,0.046511627906976744,Actinidia chinensis; Alstonia boonei; Apium graveolens
UIERETOOQGIECD-ARJAWSKDSA-N,,C/C=C(/C)C(=O)O,,Fatty acids,100.11699999999998,463.55,47,46,plants,0.8478260869565217,0.08695652173913043,0.021739130434782608,0.043478260869565216,Acacia armata; Adonis sutchuenensis; Ambrosia polystachya
YRHYCMZPEVDGFQ-UHFFFAOYSA-N,METHYL DECANOATE,CCCCCCCCCC(=O)OC,"cognac, fatty, fruity, oily, winey, fermented, floral",Fatty acids,186.295,509.49999999999994,47,47,plants,0.8085106382978723,0.02127659574468085,0.14893617021276595,0.0,Achillea millefolium; Apium graveolens; Arnebia euchroma
VLXDPFLIRFYIME-ZPWMNFGTSA-N,(-)-alpha-Copaene,CC1=CCC2C3C(C(C)C)CC[C@@]2(C)C13,,Terpenoids,204.35699999999994,561.89,47,46,plants,0.9782608695652174,0.0,0.021739130434782608,0.0,Acorus calamus; Amomum longiligulare; Amomum villosum
QQZOPKMRPOGIEB-UHFFFAOYSA-N,2-HEXANONE,CCCCC(C)=O,"cheesy, dairy, fruity, ketonic, buttery, meaty",Fatty acids,100.16099999999999,390.75,47,43,plants,0.8372093023255814,0.09302325581395349,0.023255813953488372,0.023255813953488372,Acca sellowiana; Alkanna cappadocica; Aloe africana
WJUFSDZVCOTFON-UHFFFAOYSA-N,"3,4-Dimethoxybenzaldehyde",COc1ccc(C=O)cc1OC,,Shikimates and Phenylpropanoids,166.17599999999996,463.42,46,42,plants,0.8095238095238095,0.023809523809523808,0.047619047619047616,0.047619047619047616,Abies pinsapo subsp. marocana; Abies sibirica; Allochromatium minutissimum
PQDRXUSSKFWCFA-STMXVASLSA-N,2278-53-7,C=C(C)/C=C/[C@H](CCC(C)=O)C(C)C,,Terpenoids,194.31799999999998,550.75,46,46,plants,0.6956521739130435,0.13043478260869565,0.08695652173913043,0.021739130434782608,Alexandrium hiranoi; Angelica taiwaniana; Aplysia punctata
GTZCVFVGUGFEME-HNQUOIGGSA-N,,O=C(O)/C=C(\CC(=O)O)C(=O)O,,Fatty acids,174.108,777.45,46,45,plants,0.8222222222222222,0.1111111111111111,0.022222222222222223,0.044444444444444446,Achillea alpina; Aconitum barbatum; Aconitum japonicum
UDEWPOVQBGFNGE-UHFFFAOYSA-N,PROPYL BENZOATE,CCCOC(=O)c1ccccc1,,Shikimates and Phenylpropanoids,164.20399999999998,513.3,46,44,plants,0.75,0.11363636363636363,0.06818181818181818,0.045454545454545456,Aaptos aaptos; Acca sellowiana; Aconitum nevadense
SGAWOGXMMPSZPB-UHFFFAOYSA-N,Safranal,CC1=C(C=O)C(C)(C)CC=C1,,Terpenoids,150.221,505.13,46,43,plants,0.9534883720930233,0.023255813953488372,0.0,0.0,Angelica acutiloba; Angelica gigas; Angelica sinensis
SOUKTGNMIRUIQN-ZROIWOOFSA-N,,CC(C)=CCC/C(C)=C\COC(=O)CC(C)C,,Fatty acids,238.37099999999995,608.6600000000001,46,46,plants,0.782608695652174,0.10869565217391304,0.08695652173913043,0.0,Acer caesium; Achillea distans; Aconitum likiangense
QWVGKYWNOKOFNN-UHFFFAOYSA-N,o-cresol,Cc1ccccc1O,"medicinal, phenolic, musty, herbal, leathery",Shikimates and Phenylpropanoids,108.13999999999999,467.06,45,41,plants,0.926829268292683,0.04878048780487805,0.024390243902439025,0.0,Actaea dahurica; Actaea heracleifolia; Actaea simplex
HZYHMHHBBBSGHB-ODYTWBPASA-N,,CC/C=C\CC/C=C/C=O,"cucumber, green, leafy, melon, violet, dry, vegetable, fatty",Fatty acids,138.20999999999998,462.5,45,43,plants,0.7441860465116279,0.11627906976744186,0.06976744186046512,0.023255813953488372,Acacia dealbata; Alangium premnifolium; Angelica tarokoensis
FLKPEMZONWLCSK-UHFFFAOYSA-N,DIETHYL PHTHALATE,CCOC(=O)c1ccccc1C(=O)OCC,,Shikimates and Phenylpropanoids,222.23999999999995,622.26,45,43,plants,0.7209302325581395,0.0,0.023255813953488372,0.20930232558139536,Allium ampeloprasum; Allium cepa; Artemisia argyi
IZXYHAXVIZHGJV-ZJUUUORDSA-N,cis-4-(Isopropyl)-1-methylcyclohex-2-en-1-ol,CC(C)[C@@H]1C=C[C@](C)(O)CC1,,Terpenoids,154.25299999999996,534.42,45,45,plants,1.0,0.0,0.0,0.0,Artemisia salsoloides; Chenopodium ambrosioides; Citrus aurantium
BAVONGHXFVOKBV-VHSXEESVSA-N,(+)-trans-Carveol,C=C(C)[C@H]1CC=C(C)[C@H](O)C1,,Terpenoids,152.23699999999997,536.16,44,44,plants,1.0,0.0,0.0,0.0,Akebia quinata; Akebia trifoliata; Alpinia galanga
XINCECQTMHSORG-UHFFFAOYSA-N,ISOAMYL ISOVALERATE,CC(C)CCOC(=O)CC(C)C,,Fatty acids,172.26799999999997,485.73999999999995,44,43,plants,1.0,0.0,0.0,0.0,Capsicum annuum; Chaenomeles sinensis; Chrysanthemum x morifolium
ZCTQGTTXIYCGGC-UHFFFAOYSA-N,BENZYL SALICYLATE,O=C(OCc1ccccc1)c1ccccc1O,"balsamic, sweet, clean, herbal, oily",Shikimates and Phenylpropanoids,228.24699999999999,712.1200000000001,44,43,plants,0.8372093023255814,0.046511627906976744,0.06976744186046512,0.046511627906976744,Acca sellowiana; Aniba; Aniba affinis
MDHYEMXUFSJLGV-UHFFFAOYSA-N,Phenethyl acetate,CC(=O)OCCc1ccccc1,"fruity, honey, rose, sweet, floral, cocoa, balsamic, tropical",Shikimates and Phenylpropanoids,164.204,513.3,44,37,plants,0.8918918918918919,0.0,0.02702702702702703,0.08108108108108109,Artemisia argyi; Artemisia montana; Artemisia princeps
UUGLJVMIFJNVFH-UHFFFAOYSA-N,Hexyl benzoate,CCCCCCOC(=O)c1ccccc1,,Shikimates and Phenylpropanoids,206.28500000000003,581.94,44,41,plants,0.7317073170731707,0.12195121951219512,0.07317073170731707,0.024390243902439025,Aca sellowiana; Acca sellowiana; Alangium premnifolium
FINHMKGKINIASC-UHFFFAOYSA-N,"2,3,5,6-Tetramethylpyrazine",Cc1nc(C)c(C)nc1C,,Alkaloids,136.19799999999998,531.6600000000001,44,41,plants,0.8048780487804879,0.0975609756097561,0.024390243902439025,0.07317073170731707,Adiantum capillus-veneris; Apiaceae; Bacillus
OBNCKNCVKJNDBV-UHFFFAOYSA-N,ETHYL BUTYRATE,CCCC(=O)OCC,"banana, buttery, ethereal, fruity, pineapple, ripe, juicy, cognac",Fatty acids,116.15999999999998,395.09999999999997,44,40,plants,0.975,0.025,0.0,0.0,Aca sellowiana; Acca sellowiana; Actinidia chinensis
WGYKZJWCGVVSQN-UHFFFAOYSA-N,Propylamine,CCCN,,Amino acids and Peptides,59.11199999999999,340.77,44,44,plants,0.75,0.13636363636363635,0.06818181818181818,0.0,Aria latifolia; Astragalus oxyphysus; Athyrium yokoscense
UBJVUCKUDDKUJF-UHFFFAOYSA-N,DIALLYL SULFIDE,C=CCSCC=C,"garlic, horseradish, pungent, sweet, metallic, sulfurous, onion",,114.21299999999998,399.02,43,39,plants,0.7948717948717948,0.10256410256410256,0.0,0.07692307692307693,Adenocalymma alliaceum; Alliaria petiolata; Allium Sativum
GNKZMNRKLCTJAY-UHFFFAOYSA-N,4'-Methylacetophenone,CC(=O)c1ccc(C)cc1,"floral, fruity, hay, sweet, vanilla, powdery, coumarinic, hawthorn, cherry",Shikimates and Phenylpropanoids,134.17799999999997,491.05,43,40,plants,0.825,0.05,0.075,0.025,Alkanna cappadocica; Apium graveolens; Artemisia dentata
HLZKNKRTKFSKGZ-UHFFFAOYSA-N,1-TETRADECANOL,CCCCCCCCCCCCCCO,,Fatty acids,214.39299999999994,612.0999999999999,43,43,plants,0.8837209302325582,0.046511627906976744,0.046511627906976744,0.0,Aleuroglyphus ovatus; Angelica Dahurica; Angelica Sinensis
NUKZAGXMHTUAFE-UHFFFAOYSA-N,METHYL HEXANOATE,CCCCCC(=O)OC,"apple, ethereal, fruity, pineapple, banana, strawberry, apricot",Fatty acids,130.18699999999998,417.98,43,39,plants,0.9743589743589743,0.02564102564102564,0.0,0.0,Akebia quinata; Akebia trifoliata; Angelica acutiloba
JXRNMQDTJAQLAQ-UTZXOHNXSA-N,,C=CCCCCC/C=C\C/C=C\C/C=C\CC,,Fatty acids,232.41099999999997,597.72,43,41,plants,0.8780487804878049,0.0975609756097561,0.0,0.024390243902439025,Aloe berhana; Anisomeles malabarica; Arctium lappa
XIUXKAZJZFLLDQ-UHFFFAOYSA-N,METHYL PENTADECANOATE,CCCCCCCCCCCCCCC(=O)OC,,Fatty acids,256.4299999999999,623.9000000000001,43,43,plants,0.7674418604651163,0.046511627906976744,0.16279069767441862,0.0,Angelica acutiloba; Angelica gigas; Angelica sinensis
QMMFVYPAHWMCMS-UHFFFAOYSA-N,dimethyl sulfide,CSC,"cabbage, pungent, vegetable, sweet, sulfurous, berry, fruity, onion, creamy, fishy, tomato, green, radish",,62.137,314.14,43,38,plants,0.8157894736842105,0.10526315789473684,0.02631578947368421,0.05263157894736842,Acmella ciliata; Allium ampeloprasum; Allium cepa
JYVLIDXNZAXMDK-YFKPBYRVSA-N,26184-62-3,CCC[C@H](C)O,,Fatty acids,88.14999999999999,405.73999999999995,42,40,plants,0.725,0.125,0.075,0.025,Alangium premnifolium; Angelica tarokoensis; Bombax ceiba
OTYVBQZXUNBRTK-UHFFFAOYSA-N,Artemisia ketone,C=CC(C)(C)C(=O)C=C(C)C,,Terpenoids,152.23699999999997,479.76,42,41,plants,1.0,0.0,0.0,0.0,Achillea abrotanoides; Achillea ageratum; Achillea crithmifolia
LLEMOWNGBBNAJR-UHFFFAOYSA-N,2-Phenylphenol,Oc1ccccc1-c1ccccc1,,Shikimates and Phenylpropanoids,170.211,608.1400000000001,42,40,plants,0.7,0.15,0.075,0.025,Alangium premnifolium; Angelica tarokoensis; Artemisia capillaris
RRXOQHQFJOQLQR-AATRIKPKSA-N,,C/C=C/c1cc(OC)c(OC)c(OC)c1,,Shikimates and Phenylpropanoids,208.25699999999998,587.2,42,40,plants,0.85,0.1,0.0,0.025,Acarus calamus; Acorus calamus; Acorus gramineus
LVGKNOAMLMIIKO-QXMHVHEDSA-N,,CCCCCCCC/C=C\CCCCCCCC(=O)OCC,,Fatty acids,310.522,719.5799999999999,42,42,plants,0.8809523809523809,0.0,0.07142857142857142,0.047619047619047616,Aloe vera; Aquilaria sinensis; Aristolochia clematitis
YVLHTQPPMZOCOW-UHFFFAOYSA-N,Carvacrol methyl ether,COc1cc(C(C)C)ccc1C,,Terpenoids,164.248,509.9,41,41,plants,1.0,0.0,0.0,0.0,Apium leptophyllum; Artemisia ludoviciana; Crithmum maritimum
SHZIWNPUGXLXDT-UHFFFAOYSA-N,ETHYL HEXANOATE,CCCCCC(=O)OCC,"banana, fruity, pear, pineapple, strawberry, tropical, sweet, estery, fatty, green, waxy",Fatty acids,144.21399999999997,440.86,41,35,plants,0.9714285714285714,0.02857142857142857,0.0,0.0,Aca sellowiana; Acca sellowiana; Actinidia chinensis
GEWDNTWNSAZUDX-WQMVXFAESA-N,Methyl jasmonate,CC/C=C\C[C@H]1C(=O)CC[C@@H]1CC(=O)OC,,Fatty acids,224.29999999999995,637.8499999999999,41,37,plants,0.972972972972973,0.0,0.02702702702702703,0.0,Acacia cyclops; Arabidopsis thaliana; Artemisia Absinthium
FUWUEFKEXZQKKA-UHFFFAOYSA-N,hinokitiol,CC(C)c1cccc(O)c(=O)c1,,Terpenoids,164.20399999999995,607.3499999999999,41,40,plants,0.875,0.0,0.075,0.025,Adenocarpus commutatus; Alseodaphne semecarpifolia; Calocedrus formosana
FYRHTIWFKXZWAD-UHFFFAOYSA-N,Sarisan,C=CCc1cc2c(cc1OC)OCO2,,Shikimates and Phenylpropanoids,192.21399999999994,577.31,41,39,plants,0.8205128205128205,0.1282051282051282,0.02564102564102564,0.0,Acanthosyris paulo-alvinii; Aconitum episcopale; Aglaia perviridis
ALVPFGSHPUPROW-UHFFFAOYSA-N,Dipropyl disulfide,CCCSSCCC,"alliaceous, garlic, green, onion, metallic, sulfurous, tropical, burnt, fresh, earthy",,150.31199999999998,474.44,41,38,plants,0.8947368421052632,0.07894736842105263,0.0,0.02631578947368421,Allium; Allium Sativum; Allium ampeloprasum
VAMXMNNIEUEQDV-UHFFFAOYSA-N,METHYL ANTHRANILATE,COC(=O)c1ccccc1N,,Alkaloids,151.16499999999996,545.05,40,37,plants,0.972972972972973,0.0,0.0,0.02702702702702703,Acokanthera oblongifolia; Brassica rapa; Bruguiera gymnorhiza
UCMIRNVEIXFBKS-UHFFFAOYSA-N,beta-alanine,NCCC(=O)O,,Amino acids and Peptides,89.09399999999998,486.28,40,35,plants,0.7428571428571429,0.08571428571428572,0.08571428571428572,0.08571428571428572,Arabidopsis thaliana; Ascochyta medicaginicola; Caenorhabditis elegans
KPGXRSRHYNQIFN-UHFFFAOYSA-N,2-ketoglutaric acid,O=C(O)CCC(=O)C(=O)O,odorless,Fatty acids,146.098,658.89,40,37,plants,0.6216216216216216,0.08108108108108109,0.10810810810810811,0.16216216216216217,Agaricus xanthodermus; Anigozanthos flavidus; Arabidopsis thaliana
RUMOYJJNUMEFDD-SNVBAGLBSA-N,18031-40-8,C=C(C)[C@@H]1CC=C(C=O)CC1,"fatty, herbal, spicy, oily, grassy, fresh, green, cherry, minty",Terpenoids,150.22099999999995,497.30999999999995,40,40,plants,0.85,0.075,0.05,0.025,Aconitum leucostomum; Anarsia lineatella; Apollonias barbujana
YSTPAHQEHQSRJD-SECBINFHSA-N,l-piperitone,CC1=CC(=O)[C@@H](C(C)C)CC1,,Terpenoids,152.23699999999997,519.47,40,39,plants,0.8974358974358975,0.10256410256410256,0.0,0.0,Artemisia apiacea; Artemisia argyi; Artemisia capillaris
SWXVUIWOUIDPGS-UHFFFAOYSA-N,Diacetone alcohol,CC(=O)CC(C)(C)O,,Fatty acids,116.15999999999998,479.7,40,38,plants,0.8421052631578947,0.02631578947368421,0.02631578947368421,0.10526315789473684,Agave atrovirens; Ammodaucus leucotrichus; Anemarrhena asphodeloides
TZDMGBLPGZXHJI-SFYZADRCSA-N,(+)-Pinocarvone,C=C1C(=O)C[C@H]2C[C@@H]1C2(C)C,,Terpenoids,150.22099999999998,508.7,40,38,plants,0.9736842105263158,0.0,0.02631578947368421,0.0,Agastache cana; Annona squamosa; Anthemis aciphylla
ZFRKQXVRDFCRJG-UHFFFAOYSA-N,3-METHYLINDOLE,Cc1c[nH]c2ccccc12,"animal, floral, fruity",Alkaloids,131.17799999999997,501.28000000000003,39,38,plants,0.7368421052631579,0.13157894736842105,0.05263157894736842,0.02631578947368421,Aria latifolia; Arum sp; Arum sp.
DKPFZGUDAPQIHT-UHFFFAOYSA-N,Butyl acetate,CCCCOC(C)=O,"banana, fruity, pear, pineapple, sweet, solvent, ethereal, sharp",Fatty acids,116.15999999999998,395.09999999999997,39,36,plants,0.8611111111111112,0.08333333333333333,0.0,0.027777777777777776,Aesculus hippocastanum; Alpinia galanga; Angelica acutiloba
FWWQKRXKHIRPJY-UHFFFAOYSA-N,OCTADECANAL,CCCCCCCCCCCCCCCCCC=O,,Fatty acids,268.4849999999999,660.0999999999999,39,38,plants,0.7631578947368421,0.23684210526315788,0.0,0.0,Agrimonia pilosa; Amphimedon compressa; Aplysina fistularis
SATICYYAWWYRAM-DNVGVPOPSA-N,,CC/C=C\C=C\C=O,,Fatty acids,110.15599999999998,416.74,39,37,plants,0.7027027027027027,0.13513513513513514,0.08108108108108109,0.02702702702702703,Alangium premnifolium; Angelica tarokoensis; Bombax ceiba
UZFLPKAIBPNNCA-BQYQJAHWSA-N,,CC(=O)/C=C/C1C(C)=CCCC1(C)C,"balsamic, violet, woody, sweet, floral, fruity, tropical, orris",Terpenoids,192.30199999999994,574.3299999999999,39,36,plants,0.9166666666666666,0.027777777777777776,0.027777777777777776,0.0,Apium graveolens; Artemisia tridentata; Bitter bush
KYLKKZSVPLUGCC-CMKODMSKSA-N,Sclarene,C=CC(=C)CC[C@H]1C(=C)CC[C@H]2C(C)(C)CCC[C@]12C,,Terpenoids,272.47599999999994,671.3,39,39,plants,0.9487179487179487,0.0,0.02564102564102564,0.0,Araucaria columnaris; Araucaria excelsa; Araucaria heterophylla
XNGIFLGASWRNHJ-UHFFFAOYSA-N,phthalic acid,O=C(O)c1ccccc1C(=O)O,,Shikimates and Phenylpropanoids,166.13199999999998,705.3199999999999,38,38,plants,0.7631578947368421,0.05263157894736842,0.10526315789473684,0.05263157894736842,Acanthophora spicifera; Allium ampeloprasum; Aloe microstigma
JRZJOMJEPLMPRA-UHFFFAOYSA-N,1-NONENE,C=CCCCCCCC,,Fatty acids,126.243,402.20000000000005,38,37,plants,0.8378378378378378,0.10810810810810811,0.0,0.05405405405405406,Acacia armata; Adonis sutchuenensis; Astragalus ernestii
BGEHHAVMRVXCGR-UHFFFAOYSA-N,TRIDECANAL,CCCCCCCCCCCCC=O,,Fatty acids,198.34999999999997,545.7,38,35,plants,0.7142857142857143,0.2,0.0,0.0,Amomum villosum; Aplysina fistularis; Aplysina lacunosa
SYBYTAAJFKOIEJ-UHFFFAOYSA-N,3-METHYL-2-BUTANONE,CC(=O)C(C)C,,Fatty acids,86.134,367.42999999999995,37,34,plants,0.8529411764705882,0.058823529411764705,0.029411764705882353,0.029411764705882353,Alkanna cappadocica; Aloe africana; Aloe ferox
SEPQTYODOKLVSB-UHFFFAOYSA-N,3-Methyl-2-butenal,CC(C)=CC=O,,Fatty acids,84.118,366.7,37,36,plants,0.8055555555555556,0.1111111111111111,0.027777777777777776,0.027777777777777776,Alkanna cappadocica; Arctostaphylos uva-ursi; Artemisia dentata
WFMIUXMJJBBOGJ-UHFFFAOYSA-N,Thymol acetate,CC(=O)Oc1cc(C)ccc1C(C)C,,Terpenoids,192.25799999999998,568.5799999999999,37,35,plants,0.8857142857142857,0.05714285714285714,0.05714285714285714,0.0,Anchusa strigosa; Brucea mollis; Carissa opaca
RXBQNMWIQKOSCS-IUCAKERBSA-N,(-)-Myrtenol,CC1(C)[C@H]2CC=C(CO)[C@@H]1C2,,Terpenoids,152.237,538.04,37,35,plants,0.9142857142857143,0.05714285714285714,0.0,0.02857142857142857,Angelica acutiloba; Angelica gigas; Angelica sinensis
YYZUSRORWSJGET-UHFFFAOYSA-N,ETHYL OCTANOATE,CCCCCCCC(=O)OCC,"fruity, sweet, winey, musty, banana, brandy, apricot, pineapple, pear, creamy, dairy, waxy",Fatty acids,172.26799999999997,486.61999999999995,37,34,plants,0.9705882352941176,0.029411764705882353,0.0,0.0,Acca sellowiana; Allium cepa; Apium graveolens
GTZCVFVGUGFEME-IWQZZHSRSA-N,,O=C(O)/C=C(/CC(=O)O)C(=O)O,,Fatty acids,174.108,777.45,37,34,plants,0.8823529411764706,0.08823529411764706,0.0,0.029411764705882353,Achillea alpina; Aconitum napellus; Arabidopsis thaliana
NPFVOOAXDOBMCE-PLNGDYQASA-N,cis-3-Hexenyl acetate,CC/C=C\CCOC(C)=O,"banana, fruity, grassy, green, sweet, melon, apple, pear, fresh",Fatty acids,142.198,445.02,37,33,plants,0.9696969696969697,0.030303030303030304,0.0,0.0,Aca sellowiana; Acacia mearnsii; Acca sellowiana
NTIZESTWPVYFNL-UHFFFAOYSA-N,4-Methyl-2-pentanone,CC(=O)CC(C)C,,Fatty acids,100.16099999999999,390.30999999999995,36,35,plants,0.7714285714285715,0.11428571428571428,0.05714285714285714,0.02857142857142857,Alkanna cappadocica; Aloe africana; Aloe ferox
UQDUPQYQJKYHQI-UHFFFAOYSA-N,Methyl laurate,CCCCCCCCCCCC(=O)OC,"mushroom, coconut, creamy, soapy, waxy",Fatty acids,214.34899999999996,555.26,36,36,plants,0.8611111111111112,0.027777777777777776,0.1111111111111111,0.0,Acyrthosiphon pisum; Aloe vera; Angelica dahurica
WMOPMQRJLLIEJV-DOMZBBRYSA-N,10-epi-gamma-Eudesmol,CC1=C2C[C@H](C(C)(C)O)CC[C@]2(C)CCC1,,Terpenoids,222.3719999999999,671.67,36,36,plants,0.9722222222222222,0.027777777777777776,0.0,0.0,Alpinia japonica; Alpinia zerumbet; Amyris balsamifera
FHEHIXJLCWUPCZ-UHFFFAOYSA-N,4-Allylpyrocatechol,C=CCc1ccc(O)c(O)c1,,Shikimates and Phenylpropanoids,150.17699999999996,590.12,36,36,plants,0.8333333333333334,0.1388888888888889,0.027777777777777776,0.0,Alpinia officinarum; Artemisia coerulescens; Artemisia pedemontana
CZVXBFUKBZRMKR-JTQLQIEISA-N,Lavandulol,C=C(C)[C@H](CO)CC=C(C)C,,Terpenoids,154.253,520.74,36,33,plants,1.0,0.0,0.0,0.0,Achillea millefolium; Ajania gracilis; Antiphiona pinnatisecta
XVULBTBTFGYVRC-HHUCQEJWSA-N,Sclareol,C=C[C@](C)(O)CC[C@@H]1[C@@]2(C)CCCC(C)(C)[C@@H]2CC[C@@]1(C)O,,Terpenoids,308.50600000000003,852.28,35,33,plants,0.9393939393939394,0.030303030303030304,0.0,0.030303030303030304,A new engineered strain of Corynebacterium glutamicum ANS GT; A new engineered strain of Synechococcuselongatus PCC dxs idi; Acacia
IEMMBWWQXVXBEU-UHFFFAOYSA-N,2-Acetylfuran,CC(=O)c1ccco1,,Polyketides,110.11199999999997,440.95,35,29,plants,0.9655172413793104,0.034482758620689655,0.0,0.0,Akebia quinata; Akebia trifoliata; Ardisiae japonicae
UFLHIIWVXFIJGU-ONEGZZNKSA-N,,CC/C=C/CCO,,Fatty acids,100.161,433.21999999999997,35,31,plants,1.0,0.0,0.0,0.0,Achillea fragrantissima; Agastache rugosa; Aloe arborescens var. natalensis
PFRGXCVKLLPLIP-UHFFFAOYSA-N,DIALLYL DISULFIDE,C=CCSSCC=C,"garlic, pungent, metallic, onion, alliaceous",,146.28,467.8,35,34,plants,0.9411764705882353,0.029411764705882353,0.0,0.029411764705882353,Adenocalymma alliaceum; Alliaria petiolata; Allium
LTUMRKDLVGQMJU-IUBLYSDUSA-N,,CC(=O)CC/C=C(\C)CC/C=C(\C)CCC=C(C)C,,Fatty acids,262.43699999999995,677.4300000000001,35,31,plants,0.9032258064516129,0.03225806451612903,0.0,0.0,Agrimonia pilosa; Amomum villosum; Angelica sinensis
FXLOVSHXALFLKQ-UHFFFAOYSA-N,p-Tolualdehyde,Cc1ccc(C=O)cc1,,Shikimates and Phenylpropanoids,120.15099999999998,390.72,35,32,plants,0.875,0.0625,0.0,0.03125,Arabidopsis thaliana; Artemisia minor; Carum carvi
ZHYZQXUYZJNEHD-VQHVLOKHSA-N,,CC(C)=CCC/C(C)=C/C(=O)O,,Fatty acids,168.236,581.99,34,33,plants,0.8181818181818182,0.12121212121212122,0.030303030303030304,0.0,A new engineered strain of Saccharomyces cerevisiae -gene cluster; Acrocarpia paniculata; Aloysia citriodora
YHRUHBBTQZKMEX-YFVJMOTDSA-N,"(2E,6E)-3,7,11-trimethyldodeca-2,6,10-trienal",CC(C)=CCC/C(C)=C/CC/C(C)=C/C=O,,Terpenoids,220.35599999999997,603.5799999999999,34,33,plants,1.0,0.0,0.0,0.0,Abies firma; Aca sellowiana; Acca sellowiana
IVSZLXZYQVIEFR-UHFFFAOYSA-N,M-XYLENE,Cc1cccc(C)c1,,,106.16799999999999,414.29999999999995,34,32,plants,0.90625,0.0625,0.0,0.0,Acorus gramineus; Acorus tatarinowii; Actinidia chinensis
OKKJLVBELUTLKV-UHFFFAOYSA-N,methanol,CO,,,32.042,314.65999999999997,34,32,plants,0.78125,0.125,0.03125,0.0625,Allium cepa; Biflustra perfragilis; Caenorhabditis elegans
NUVBSKCKDOMJSU-UHFFFAOYSA-N,Ethylparaben,CCOC(=O)c1ccc(O)cc1,,Shikimates and Phenylpropanoids,166.176,571.04,34,27,plants,0.9259259259259259,0.037037037037037035,0.037037037037037035,0.0,Aeschynanthus bracteatus; Andrographis paniculata; Artemisia juncea
MSHFRERJPWKJFX-UHFFFAOYSA-N,4-METHOXYBENZYL ALCOHOL,COc1ccc(CO)cc1,,,138.166,528.9,34,33,plants,0.7575757575757576,0.09090909090909091,0.09090909090909091,0.0,Acacia dealbata; Acanthopanax ricinifolius; Albizia julibrissin
XHXUANMFYXWVNG-ADEWGFFLSA-N,L-Menthyl acetate,CC(=O)O[C@@H]1C[C@H](C)CC[C@H]1C(C)C,,Terpenoids,198.30599999999998,542.1500000000001,34,31,plants,0.8709677419354839,0.03225806451612903,0.06451612903225806,0.0,Acremonium furcatum; Biota orientalis; Boykinia tellimoides
IZXYHAXVIZHGJV-NXEZZACHSA-N,cis-p-menth-2-en-1-ol,CC(C)[C@@H]1C=C[C@@](C)(O)CC1,,Terpenoids,154.25299999999996,534.42,34,34,plants,1.0,0.0,0.0,0.0,Amomum kravanh; Artemisia salsoloides; Beilschmiedia pendula
ODHCTXKNWHHXJC-VKHMYHEASA-N,"(2S)-5-hydroxy-3,4-dihydro-2H-pyrrole-2-carboxylic acid",O=C1CC[C@@H](C(=O)O)N1,,Amino acids and Peptides,129.11499999999998,591.16,33,33,plants,0.696969696969697,0.06060606060606061,0.18181818181818182,0.06060606060606061,Aloe africana; Aloe ferox; Aloe spicata
NNWHUJCUHAELCL-PLNGDYQASA-N,,C/C=C\c1ccc(OC)c(OC)c1,,Shikimates and Phenylpropanoids,178.23099999999997,536.9200000000001,33,32,plants,0.875,0.09375,0.0,0.03125,Acarus calamus; Acorus Calamus; Acorus calamus
RXGUIWHIADMCFC-UHFFFAOYSA-N,Isobutyl isobutyrate,CC(C)COC(=O)C(C)C,,Fatty acids,144.21399999999997,439.97999999999996,33,31,plants,0.8387096774193549,0.06451612903225806,0.03225806451612903,0.03225806451612903,Alkanna cappadocica; Angelica acutiloba; Angelica gigas
XMLSXPIVAXONDL-SNAWJCMRSA-N,,CC/C=C/CC1=C(C)CCC1=O,,Fatty acids,164.248,552.3299999999999,33,32,plants,0.90625,0.03125,0.03125,0.0,Acacia aulacocarpa; Acokanthera oblongifolia; Agastache rugosa
MBDOYVRWFFCFHM-PLNGDYQASA-N,,CCC/C=C\C=O,,Fatty acids,98.14499999999998,389.7,33,32,plants,1.0,0.0,0.0,0.0,Aloe africana; Aloe ferox; Aloe spicata
NGHOLYJTSCBCGC-VAWYXSNFSA-N,,O=C(/C=C/c1ccccc1)OCc1ccccc1,,Shikimates and Phenylpropanoids,238.286,681.4200000000001,33,31,plants,0.8064516129032258,0.12903225806451613,0.03225806451612903,0.0,Acrocarpia paniculata; Anemone coronaria; Anodendron affine
RPUSRLKKXPQSGP-UHFFFAOYSA-N,Methyl 3-phenylpropionate,COC(=O)CCc1ccccc1,,Fatty acids,164.204,513.3,33,31,plants,0.7741935483870968,0.12903225806451613,0.0967741935483871,0.0,Achillea abrotanoides; Amaranthus hypochondriacus; Amphilophis odorata
ZYTMANIQRDEHIO-IVZWLZJFSA-N,(-)-Neoisopulegol,C=C(C)[C@H]1CC[C@H](C)C[C@H]1O,,Terpenoids,154.25300000000001,527.3499999999999,33,33,plants,0.9393939393939394,0.0,0.030303030303030304,0.030303030303030304,Bursera simaruba; Callistemon speciosus; Cephalaria leucantha
XNLICIUVMPYHGG-UHFFFAOYSA-N,2-Pentanone,CCCC(C)=O,"banana, dairy, ethereal, fruity, ketonic, rummy, sweet, fermented, winey, woody",Fatty acids,86.13399999999999,367.87,33,31,plants,0.9354838709677419,0.06451612903225806,0.0,0.0,Aglaia odoratissima; Aloe africana; Aloe ferox
ABDKAPXRBAPSQN-UHFFFAOYSA-N,"1,2-Dimethoxybenzene",COc1ccccc1OC,,Shikimates and Phenylpropanoids,138.16599999999997,459.14,33,30,plants,0.7333333333333333,0.13333333333333333,0.03333333333333333,0.06666666666666667,Acacia armata; Adonis sutchuenensis; Astragalus ernestii
YEJRWHAVMIAJKC-UHFFFAOYSA-N,gamma-Butyrolactone,O=C1CCCO1,,Fatty acids,86.09,360.75,32,30,plants,0.5666666666666667,0.06666666666666667,0.03333333333333333,0.3333333333333333,Aesculus hippocastanum; Aethus indicus; Angelica acutiloba
XAPCMTMQBXLDBB-UHFFFAOYSA-N,HEXYL BUTYRATE,CCCCCCOC(=O)CCC,"fruity, sweet, vegetable, estery, apple, green, soapy, waxy",Fatty acids,172.26799999999997,486.61999999999995,32,31,plants,0.9354838709677419,0.06451612903225806,0.0,0.0,Acacia nuperrima; Acca sellowiana; Cannabis sativa
BYCHQEILESTMQU-FMIVXFBMSA-N,,CCC(=O)OC/C=C(\C)CCC=C(C)C,"fruity, grape, rose, sweet, vegetable, floral, honey, powdery, geranium, tropical, citrus, waxy",Fatty acids,210.31699999999995,563.3399999999999,32,31,plants,1.0,0.0,0.0,0.0,Achillea erba-rotta; Achillea moschata; Achillea nana
GHMLBKRAJCXXBS-UHFFFAOYSA-N,resorcinol,Oc1cccc(O)c1,,Shikimates and Phenylpropanoids,110.11199999999998,519.8199999999999,32,31,plants,0.967741935483871,0.0,0.03225806451612903,0.0,Acacia dealbata; Allium sp.; Anacardium Occidentale
ZGIGZINMAOQWLX-NCZFFCEISA-N,,CC(=O)OC/C=C(\C)CC/C=C(\C)CCC=C(C)C,,Terpenoids,264.409,658.8999999999999,32,32,plants,0.96875,0.03125,0.0,0.0,Abelmoschus moschatus; Abies firma; Alpinia galanga
ZOJBYZNEUISWFT-UHFFFAOYSA-N,ALLYL ISOTHIOCYANATE,C=CCN=C=S,,,99.15799999999999,364.97,32,30,plants,0.8,0.1,0.0,0.06666666666666667,Alliaria petiolata; Allium chinense; Allium macrostemon
DCSCXTJOXBUFGB-SFYZADRCSA-N,VERBENONE,CC1=CC(=O)[C@@H]2C[C@H]1C2(C)C,,Terpenoids,150.22099999999998,513.68,31,31,plants,1.0,0.0,0.0,0.0,Angelica acutiloba; Angelica gigas; Angelica sinensis
GOQYKNQRPGWPLP-UHFFFAOYSA-N,1-Heptadecanol,CCCCCCCCCCCCCCCCCO,,Fatty acids,256.4739999999999,680.74,31,28,plants,0.8214285714285714,0.0,0.10714285714285714,0.03571428571428571,Aca sellowiana; Alstonia muelleriana; Angelica dahurica
KXKVLQRXCPHEJC-UHFFFAOYSA-N,METHYL ACETATE,COC(C)=O,,Fatty acids,74.079,326.46,31,28,plants,0.9285714285714286,0.03571428571428571,0.0,0.03571428571428571,Abrus precatorius; Acca sellowiana; Actinidia chinensis
LSKONYYRONEBKA-UHFFFAOYSA-N,2-Dodecanone,CCCCCCCCCCC(C)=O,"citrus, floral, fruity, orange",Fatty acids,184.32299999999998,528.03,31,29,plants,0.8275862068965517,0.06896551724137931,0.034482758620689655,0.06896551724137931,Aca sellowiana; Akebia quinata; Akebia trifoliata
FUGYGGDSWSUORM-UHFFFAOYSA-N,4-Vinylphenol,C=Cc1ccc(O)cc1,"medicinal, phenolic, spicy, sweet, musty, meaty, chemical",Shikimates and Phenylpropanoids,120.15099999999997,486.62,31,30,plants,0.8,0.03333333333333333,0.06666666666666667,0.1,Abrus precatorius; Alliaria petiolata; Aloe microstigma
FWMPKHMKIJDEMJ-UHFFFAOYSA-N,"4-Allyl-2,6-dimethoxyphenol",C=CCc1cc(OC)c(O)c(OC)c1,,Shikimates and Phenylpropanoids,194.22999999999996,610.06,31,31,plants,0.9032258064516129,0.06451612903225806,0.0,0.03225806451612903,Andinobates fulguritus; Asarum asperum var. geaster; Bruguiera gymnorhiza
PELLUIPPBKHUAB-GRYCIOLGSA-N,l-Menthyl propionate,CCC(=O)O[C@@H]1C[C@H](C)CC[C@H]1C(C)C,,Terpenoids,212.33299999999994,565.03,31,31,plants,1.0,0.0,0.0,0.0,Actaea dahurica; Actaea heracleifolia; Actaea simplex
BDAGIHXWWSANSR-UHFFFAOYSA-N,formic acid,O=CO,,,46.025,367.28999999999996,31,30,plants,0.8,0.1,0.03333333333333333,0.06666666666666667,Apium graveolens; Artemisia jacutica; Blepharocalyx salicifolius
HNZUNIKWNYHEJJ-XFXZXTDPSA-N,Nerylacetone,CC(=O)CC/C=C(/C)CCC=C(C)C,,Fatty acids,194.31799999999998,558.99,31,23,plants,1.0,0.0,0.0,0.0,Ambrosia tenuifolia; Amomum villosum; Azadirachta indica
XCXKZBWAKKPFCJ-UHFFFAOYSA-N,2-HEXADECANONE,CCCCCCCCCCCCCCC(C)=O,,Fatty acids,240.43099999999993,619.55,30,29,plants,0.7586206896551724,0.06896551724137931,0.034482758620689655,0.10344827586206896,Alkanna cappadocica; Artemisia dentata; Aster scaber
MLFHJEHSLIIPHL-UHFFFAOYSA-N,ISOAMYL ACETATE,CC(=O)OCCC(C)C,"banana, fruity, pear, sweet, solvent, estery, ripe",Fatty acids,130.18699999999998,417.53999999999996,30,26,plants,0.8846153846153846,0.038461538461538464,0.038461538461538464,0.038461538461538464,Amorphophallus annulifer; Amorphophallus haematospadix; Annona reticulata
CTQNGGLPUBDAKN-UHFFFAOYSA-N,O-XYLENE,Cc1ccccc1C,,Shikimates and Phenylpropanoids,106.16799999999999,414.29999999999995,30,29,plants,0.9655172413793104,0.034482758620689655,0.0,0.0,Actinidia chinensis; Artemisia argyi; Artemisia montana
JUJWROOIHBZHMG-UHFFFAOYSA-N,PYRIDINE,c1ccncc1,"burnt, fishy, sour",Alkaloids,79.10199999999998,389.4,30,28,plants,0.9285714285714286,0.07142857142857142,0.0,0.0,Arabidopsis thaliana; Basella alba; Brassica oleracea
ZAJNGDIORYACQU-UHFFFAOYSA-N,2-Decanone,CCCCCCCCC(C)=O,"floral, orange, peach, fatty",Fatty acids,156.269,482.27,30,29,plants,0.8620689655172413,0.06896551724137931,0.06896551724137931,0.0,Acca sellowiana; Aloe africana; Aloe ferox
ROSDSFDQCJNGOL-UHFFFAOYSA-N,dimethylamine,CNC,,Amino acids and Peptides,45.085,295.53,30,30,plants,0.8,0.16666666666666666,0.03333333333333333,0.0,Asarum europaeum; Astragalus oxyphysus; Brassica oleracea
IGJQUJNPMOYEJY-UHFFFAOYSA-N,2-ACETYLPYRROLE,CC(=O)c1ccc[nH]1,,Alkaloids,109.12799999999997,462.55,30,25,plants,0.92,0.0,0.0,0.08,Actaea dahurica; Actaea heracleifolia; Actaea simplex
ZTQSAGDEMFDKMZ-UHFFFAOYSA-N,butyraldehyde,CCCC=O,"cocoa, fruity, green, malty, musty, bready, pungent, chocolate",Fatty acids,72.107,339.78,29,28,plants,0.75,0.17857142857142858,0.03571428571428571,0.03571428571428571,Aloe africana; Aloe ferox; Aloe spicata
HJOVHMDZYOCNQW-UHFFFAOYSA-N,ISOPHORONE,CC1=CC(=O)CC(C)(C)C1,,Terpenoids,138.20999999999998,497.2699999999999,29,27,plants,0.8148148148148148,0.1111111111111111,0.0,0.037037037037037035,Amauris echeria; Angelica acutiloba; Angelica gigas
YHBUQBJHSRGZNF-VGOFMYFVSA-N,,CC(C)=CC/C=C(\C)C1CC=C(C)CC1,,Terpenoids,204.35699999999994,574.5699999999999,29,27,plants,1.0,0.0,0.0,0.0,Aloysia citriodora; Aloysia citrodora; Aloysia triphylla
YGWKXXYGDYYFJU-SSDOTTSWSA-N,(+)-Menthofuran,Cc1coc2c1CC[C@@H](C)C2,,Terpenoids,150.22099999999998,499.57,29,27,plants,0.9629629629629629,0.0,0.0,0.0,Agathosma betulina; Aristolochiaceae; Clinopodium ashei
KFZMGEQAYNKOFK-UHFFFAOYSA-N,Isopropyl alcohol,CC(C)O,,Fatty acids,60.096000000000004,359.97999999999996,29,27,plants,0.8518518518518519,0.037037037037037035,0.037037037037037035,0.07407407407407407,Allium sativum; Aloe africana; Aloe ferox
ZPVFWPFBNIEHGJ-UHFFFAOYSA-N,2-OCTANONE,CCCCCCC(C)=O,"apple, cheesy, fatty, fruity, green, musty, natural, weedy, herbal, woody, earthy, dairy, ketonic",Fatty acids,128.215,436.51,29,25,plants,0.8,0.08,0.12,0.0,Aloe africana; Aloe ferox; Aloe spicata
DWUPJMHAPOQKGJ-VIFPVBQESA-N,(3R)-1-Nonen-3-ol,C=C[C@H](O)CCCCCC,,Fatty acids,142.24200000000002,493.94,29,28,plants,0.7857142857142857,0.14285714285714285,0.0,0.07142857142857142,Acacia armata; Adonis sutchuenensis; Artemisia argyi
JGHZJRVDZXSNKQ-UHFFFAOYSA-N,Methyl octanoate,CCCCCCCC(=O)OC,"fruity, orange, winey, sweet, vegetable, aldehydic, herbal, green, waxy",Fatty acids,158.24099999999999,463.73999999999995,29,27,plants,1.0,0.0,0.0,0.0,Achillea millefolium; Alafia barteri; Ananas comosus
PNNNRSAQSRJVSB-BXKVDMCESA-N,3615-41-6,C[C@H](O)[C@H](O)[C@@H](O)[C@@H](O)C=O,,Carbohydrates,164.15699999999998,752.5,29,28,plants,0.7857142857142857,0.0,0.10714285714285714,0.10714285714285714,Aerva lanata; Allium chinense; Cajanus cajan
UUIQMZJEGPQKFD-UHFFFAOYSA-N,Methyl butyrate,CCCC(=O)OC,"apple, buttery, ethereal, fermented, fruity, sweet, banana, pineapple, creamy, pungent",Fatty acids,102.13299999999998,372.21999999999997,29,27,plants,0.9629629629629629,0.037037037037037035,0.0,0.0,Aca sellowiana; Actinidia chinensis; Annona muricata
JGQFVRIQXUFPAH-JTQLQIEISA-N,Rhodinol,C=C(C)CCC[C@H](C)CCO,,Terpenoids,156.26899999999998,516.7,28,28,plants,0.6071428571428571,0.17857142857142858,0.14285714285714285,0.0,Aconitum violaceum; Agelas linnaei; Alternaria japonica
AMIMRNSIRUDHCM-UHFFFAOYSA-N,ISOBUTYRALDEHYDE,CC(C)C=O,"banana, cheesy, chocolate, fruity, green, floral, aldehydic, fresh, pungent",Fatty acids,72.107,339.34,28,26,plants,0.8461538461538461,0.07692307692307693,0.07692307692307693,0.0,Aloe africana; Aloe ferox; Aloe spicata
LPLVUJXQOOQHMX-QWBHMCJMSA-N,Glycyrrhizic acid,CC1(C)[C@@H](O[C@H]2O[C@H](C(=O)O)[C@@H](O)[C@H](O)[C@H]2O[C@@H]2O[C@H](C(=O)O)[C@@H](O)[C@H](O)[C@H]2O)CC[C@]2(C)[C@H]3C(=O)C=C4[C@@H]5C[C@@](C)(C(=O)O)CC[C@]5(C)CC[C@@]4(C)[C@]3(C)CC[C@@H]12,,Terpenoids,822.9419999999996,,28,27,plants,0.8518518518518519,0.0,0.14814814814814814,0.0,Abrus Precatorius; Abrus precatorius; Euodia bodinieri
RTZKZFJDLAIYFH-UHFFFAOYSA-N,DIETHYL ETHER,CCOCC,,Fatty acids,74.123,313.53999999999996,28,27,plants,0.8148148148148148,0.07407407407407407,0.037037037037037035,0.037037037037037035,Acca sellowiana; Alkanna cappadocica; Artemisia dentata
NZGWDASTMWDZIW-QMMMGPOBSA-N,(-)-Pulegone,CC(C)=C1CC[C@H](C)CC1=O,,Terpenoids,152.237,522.29,28,27,plants,1.0,0.0,0.0,0.0,Actaea dahurica; Actaea heracleifolia; Actaea simplex
UIERETOOQGIECD-ONEGZZNKSA-N,,C/C=C(\C)C(=O)O,,Fatty acids,100.11699999999998,463.55,28,27,plants,0.9629629629629629,0.037037037037037035,0.0,0.0,Allium schoenoprasum; Aloe africana; Aloe ferox
XNZOTQPMYMCTBZ-UHFFFAOYSA-N,ALLYL METHYL DISULFIDE,C=CCSSC,,,120.24199999999999,425.36,27,26,plants,0.8846153846153846,0.07692307692307693,0.0,0.038461538461538464,Adenocalymma alliaceum; Allium Sativum; Allium Tuberosum
KBEBGUQPQBELIU-CMDGGOBGSA-N,,CCOC(=O)/C=C/c1ccccc1,"balsamic, cinnamon, honey, plum, floral",Shikimates and Phenylpropanoids,176.215,540.3399999999999,27,23,plants,1.0,0.0,0.0,0.0,Aca sellowiana; Artemisia judaica; Artemisia salsoloides
RLSSMJSEOOYNOY-UHFFFAOYSA-N,m-cresol,Cc1cccc(O)c1,"dry, leathery, medicinal, phenolic, woody",,108.13999999999999,467.06,27,27,plants,0.7777777777777778,0.1111111111111111,0.1111111111111111,0.0,Artemisia capillaries; Artemisia capillaris; Artemisia dolosa
INBMTJJPUABOQJ-VGOFMYFVSA-N,,CC(C)=CCC/C(C)=C/Cc1cc2ccc(=O)oc2cc1O,,Shikimates and Phenylpropanoids,298.382,824.1800000000001,27,27,plants,0.8888888888888888,0.037037037037037035,0.037037037037037035,0.037037037037037035,Ambrosia polystachya; Angelica decursiva; Callitropsis nootkatensis
IMNFDUFMRHMDMM-UHFFFAOYSA-N,HEPTANE,CCCCCCC,,Fatty acids,100.205,359.76,27,27,plants,0.9629629629629629,0.037037037037037035,0.0,0.0,Abies; Angelica acutiloba; Angelica gigas
SRBFZHDQGSBBOR-LECHCGJUSA-N,Alpha-d-xylopyranose,O[C@@H]1[C@@H](O)[C@@H](O)OC[C@H]1O,,Carbohydrates,150.13,715.21,27,26,plants,0.7692307692307693,0.038461538461538464,0.07692307692307693,0.07692307692307693,Alstonia muelleriana; Anisotes sessiliflorus; Artemisia cina
DUNCVNHORHNONW-UHFFFAOYSA-N,Myrcenol,C=CC(=C)CCCC(C)(C)O,"floral, woody, lavender, fresh, citrus",Terpenoids,154.25300000000001,510.59000000000003,27,26,plants,1.0,0.0,0.0,0.0,Acca sellowiana; Atractylodes chinensis; Atractylodes lancea
XKZKQTCECFWKBN-SREVYHEPSA-N,,CCCCC/C=C\CCC(=O)O,,Fatty acids,170.25199999999998,578.0699999999999,27,27,plants,0.8518518518518519,0.0,0.037037037037037035,0.1111111111111111,Bursera simaruba; Callistemon speciosus; Cephalaria leucantha
KJPRLNWUNMBNBZ-DAXSKMNVSA-N,,O=C/C=C\c1ccccc1,,Shikimates and Phenylpropanoids,132.16199999999998,485.02,26,25,plants,0.96,0.04,0.0,0.0,Actaea dahurica; Actaea heracleifolia; Actaea simplex
MDKCFLQDBWCQCV-UHFFFAOYSA-N,benzyl isothiocyanate,S=C=NCc1ccccc1,,Shikimates and Phenylpropanoids,149.218,486.48999999999995,26,26,plants,0.9230769230769231,0.07692307692307693,0.0,0.0,Acanthella cavernosa; Acanthella cavernosa Dendy; Alliaria petiolata
BDERNNFJNOPAEC-UHFFFAOYSA-N,1-propanol,CCCO,"alcoholic, fermented, sweet, musty, fruity, apple, pear",Fatty acids,60.096,360.41999999999996,26,24,plants,0.875,0.041666666666666664,0.08333333333333333,0.0,Allium cepa; Aloe africana; Aloe ferox
VQKFNUFAXTZWDK-UHFFFAOYSA-N,2-METHYLFURAN,Cc1ccco1,,Polyketides,82.102,364.2,26,25,plants,0.92,0.04,0.04,0.0,Aloe africana; Aloe ferox; Aloe spicata
OAPHLAAOJMTMLY-GQCTYLIASA-N,,C/C=C(\C)C(=O)OCC,,Fatty acids,128.17099999999996,422.02,26,26,plants,0.7692307692307693,0.15384615384615385,0.07692307692307693,0.0,Aplidium meridianum; Astragalus pterocarpus; Bryobium hyacinthoides
PMMYEEVYMWASQN-DMTCNVIQSA-N,L-Hydroxyproline,O=C(O)[C@@H]1C[C@@H](O)CN1,,Amino acids and Peptides,131.131,610.85,26,22,plants,0.6363636363636364,0.18181818181818182,0.13636363636363635,0.045454545454545456,Afzelia bella; Allium sativum; Arabidopsis thaliana
IOJUPLGTWVMSFF-UHFFFAOYSA-N,BENZOTHIAZOLE,c1ccc2scnc2c1,"beefy, burnt, coffee, sulfurous, vegetable, meaty, nutty, brown, cooked",Alkaloids,135.191,503.52000000000004,26,24,plants,0.875,0.0,0.0,0.0,Allium cepa; Basella alba; Brassica carinata
UBAXRAHSPKWNCX-UHFFFAOYSA-N,Diallyl trisulfide,C=CCSSSCC=C,,,178.34699999999998,536.5799999999999,26,25,plants,0.92,0.04,0.0,0.04,Adenocalymma alliaceum; Allium; Allium Sativum
FCSSPCOFDUKHPV-UHFFFAOYSA-N,ALLYL PROPYL DISULFIDE,C=CCSSCCC,,Fatty acids,148.296,471.12,26,24,plants,0.9166666666666666,0.041666666666666664,0.0,0.041666666666666664,Adenocalymma alliaceum; Allium ampeloprasum; Allium ascalonicum
SMQUZDBALVYZAC-UHFFFAOYSA-N,SALICYLALDEHYDE,O=Cc1ccccc1O,,Shikimates and Phenylpropanoids,122.12299999999996,443.48,25,24,plants,0.9583333333333334,0.041666666666666664,0.0,0.0,Anthemis aciphylla; Anthemis aciphylla BOISS.var.discoidea BOISS; Arabidopsis thaliana
LPEKGGXMPWTOCB-VKHMYHEASA-N,27871-49-4,COC(=O)[C@H](C)O,,Fatty acids,104.10499999999999,441.0799999999999,25,25,plants,0.64,0.04,0.28,0.0,Coelospermum paniculatum; Cortinarius bulbiger; Dendrobium tosaense
LCZUOKDVTBMCMX-UHFFFAOYSA-N,"2,5-DIMETHYLPYRAZINE",Cc1cnc(C)cn1,"chocolate, earthy, roasted, musty, medicinal, cocoa, nutty, grassy, powdery, woody",Alkaloids,108.14399999999999,475.94,25,24,plants,0.7083333333333334,0.125,0.0,0.16666666666666666,Abrus precatorius; Aconitum kongboense; Anastrepha Serpentina
HHVIBTZHLRERCL-UHFFFAOYSA-N,Dimethyl sulfone,CS(C)(=O)=O,,,94.13499999999999,224.35999999999999,25,25,plants,0.8,0.12,0.04,0.04,Aloe africana; Aloe ferox; Aloe spicata
KBPUBCVJHFXPOC-UHFFFAOYSA-N,"Ethyl 3,4-dihydroxybenzoate",CCOC(=O)c1ccc(O)c(O)c1,,Shikimates and Phenylpropanoids,182.17499999999998,651.6600000000001,25,22,plants,0.9545454545454546,0.045454545454545456,0.0,0.0,Abrus pulchellus; Acacia confusa; Arachis hypogaea
KEBDNKNVCHQIJU-UHFFFAOYSA-N,ISOBUTYL ISOVALERATE,CC(C)COC(=O)CC(C)C,,Fatty acids,158.24099999999999,462.85999999999996,25,25,plants,0.96,0.04,0.0,0.0,Elsholtzia ciliata; Eucalyptus angulosa; Eucalyptus behriana
RGXWDWUGBIJHDO-UHFFFAOYSA-N,ETHYL DECANOATE,CCCCCCCCCC(=O)OCC,"cognac, fatty, nutty, sweet, winey, grape, brandy, fruity, oily, apple, waxy",Fatty acids,200.32199999999997,532.3799999999999,24,20,plants,0.9,0.05,0.05,0.0,Aca sellowiana; Baccharis dracunculifolia; Carica papaya
OGCGGWYLHSJRFY-SECBINFHSA-N,alpha-Campholenal,CC1=CC[C@H](CC=O)C1(C)C,,Terpenoids,152.237,492.04999999999995,24,22,plants,1.0,0.0,0.0,0.0,Anthemis aciphylla; Artemisia annua; Artemisia herba-alba
WNLRTRBMVRJNCN-UHFFFAOYSA-N,adipic acid,O=C(O)CCCCC(=O)O,odorless,Fatty acids,146.14200000000002,627.9,24,22,plants,0.8181818181818182,0.18181818181818182,0.0,0.0,Anthyllis sericea; Arabidopsis thaliana; Beta Vulgaris
XUPYJHCZDLZNFP-UHFFFAOYSA-N,Butyl butyrate,CCCCOC(=O)CCC,"apple, banana, fruity, pear, pineapple, sweet, ripe, fresh, green, cherry",Fatty acids,144.21399999999997,440.86,24,23,plants,0.9130434782608695,0.043478260869565216,0.0,0.043478260869565216,Annona reticulata; Carica papaya; Citrus iyo
FQMZVFJYMPNUCT-YRNVUSSQSA-N,,CC(C)=CCC/C(C)=C/COC=O,"fresh, fruity, green, leafy, rose, floral, apple, tropical, peach",Terpenoids,182.26299999999998,435.78,24,23,plants,1.0,0.0,0.0,0.0,Cassia alata; Cleistopholis patens; Cryptomeria japonica
MNBIBGDICHMQFN-UHFFFAOYSA-N,6-Methylheptan-3-ol,CCC(O)CCC(C)C,,Fatty acids,130.231,473.94,24,24,plants,1.0,0.0,0.0,0.0,Calamintha incana; Clinopodium brevifolium; Clinopodium carolinianum
CCEFMUBVSUDRLG-LPEHRKFASA-N,42477-94-1,C=C(C)[C@H]1CC[C@@]2(C)O[C@H]2C1,,Terpenoids,152.237,465.22999999999996,24,24,plants,1.0,0.0,0.0,0.0,Angelica acutiloba; Angelica gigas; Angelica sinensis
GXANMBISFKBPEX-ARJAWSKDSA-N,cis-3-Hexenal,CC/C=C\CC=O,"fresh, grassy, green, leafy, pungent, fatty, weedy, fruity, apple",Fatty acids,98.145,389.7,24,22,plants,1.0,0.0,0.0,0.0,Aca sellowiana; Aloe arborescens var. natalensis; Apium graveolens
VZCYOOQTPOCHFL-UPHRSURJSA-N,,O=C(O)/C=C\C(=O)O,,Fatty acids,116.07199999999999,586.3,24,24,plants,0.7916666666666666,0.125,0.08333333333333333,0.0,Abelmoschus manihot; Agaricus xanthodermus; Arabidopsis thaliana
REIUXOLGHVXAEO-UHFFFAOYSA-N,1-PENTADECANOL,CCCCCCCCCCCCCCCO,,Fatty acids,228.41999999999993,634.98,24,22,plants,0.8636363636363636,0.09090909090909091,0.0,0.0,Angelica acutiloba; Angelica gigas; Angelica sinensis
HLPIHRDZBHXTFJ-UHFFFAOYSA-N,2-Ethylfuran,CCc1ccco1,,Polyketides,96.12899999999998,387.08,24,22,plants,0.9545454545454546,0.0,0.045454545454545456,0.0,Achillea arabica; Achillea biebersteinii; Aiouea costaricensis
WJSDHUCWMSHDCR-VMPITWQZSA-N,,CC(=O)OC/C=C/c1ccccc1,"balsamic, cinnamon, floral, fruity, spicy, sweet",Shikimates and Phenylpropanoids,176.215,540.3399999999999,24,22,plants,1.0,0.0,0.0,0.0,Bidens graveolens; Cinamomum cassia; Cinnamomum aromaticum
OHBQPCCCRFSCAX-UHFFFAOYSA-N,"1,4-Dimethoxybenzene",COc1ccc(OC)cc1,,,138.166,459.14,24,22,plants,0.7727272727272727,0.09090909090909091,0.09090909090909091,0.045454545454545456,Achillea abrotanoides; Aconitum fischeri; Apocynum androsaemifolium
BQSLMQNYHVFRDT-CABCVRRESA-N,WYM3TH44BC,C=C[C@@]1(C)CCC(=C(C)C)C[C@@H]1C(=C)C,,Terpenoids,204.35699999999997,557.68,24,17,plants,1.0,0.0,0.0,0.0,Acca sellowiana; Alphinia galanga; Artemisia annua
ZWEHNKRNPOVVGH-UHFFFAOYSA-N,2-Butanone,CCC(C)=O,"camphoreous, fruity, ketonic, solvent, sweet, ethereal",Fatty acids,72.10699999999999,344.99,24,22,plants,0.8181818181818182,0.09090909090909091,0.09090909090909091,0.0,Acacia dealbata; Ageratum conyzoides; Aloe africana
FKRCODPIKNYEAC-UHFFFAOYSA-N,ETHYL PROPIONATE,CCOC(=O)CC,,Fatty acids,102.133,372.21999999999997,24,20,plants,0.85,0.15,0.0,0.0,Aca sellowiana; Acca sellowiana; Actinidia chinensis
DTGKSKDOIYIVQL-XKSSXDPKSA-N,Isoborneol,CC1(C)[C@H]2CC[C@@]1(C)[C@H](O)C2,,Terpenoids,154.253,529.47,23,21,plants,1.0,0.0,0.0,0.0,Acorus gramineus; Acorus tatarinowii; Amomum longiligulare
BJIOGJUNALELMI-ARJAWSKDSA-N,,C/C=C\c1ccc(O)c(OC)c1,,Shikimates and Phenylpropanoids,164.20399999999998,567.26,23,20,plants,1.0,0.0,0.0,0.0,Acorus calamus; Acorus calanus L.; Angelica acutiloba
OJOBTAOGJIWAGB-UHFFFAOYSA-N,Acetosyringone,COc1cc(C(C)=O)cc(OC)c1O,,Shikimates and Phenylpropanoids,196.20199999999997,644.3700000000001,23,23,plants,0.8260869565217391,0.0,0.08695652173913043,0.08695652173913043,Achillea atrata; Agrobacterium rhizogenes; Atropa bella-donna
HXDOZKJGKXYMEW-UHFFFAOYSA-N,4-ETHYLPHENOL,CCc1ccc(O)cc1,"animal, phenolic, woody, smoky, savory",Shikimates and Phenylpropanoids,122.16699999999996,489.94,23,21,plants,0.8095238095238095,0.047619047619047616,0.09523809523809523,0.047619047619047616,Aloe africana; Aloe ferox; Aloe spicata
NVLPQIPTCCLBEU-UHFFFAOYSA-N,Allyl methyl sulfide,C=CCSC,"garlic, onion, sulfurous, alliaceous",,88.17499999999998,356.58,23,22,plants,0.8636363636363636,0.09090909090909091,0.0,0.045454545454545456,Allium; Allium Sativum; Allium ampeloprasum
DVVATNQISMINCX-YTXTXJHMSA-N,,CCC/C=C/C=C/C=O,"citrus, fatty, fruity, green, melon, pear",Fatty acids,124.18299999999996,439.62,23,22,plants,0.7272727272727273,0.045454545454545456,0.045454545454545456,0.0,Annona foetida; Bupleurum chinense; Bupleurum falcatum
KXSDPILWMGFJMM-AEJSXWLSSA-N,4-Thujanol,CC(C)[C@@]12CC[C@@](C)(O)[C@@H]1C2,,Terpenoids,154.253,529.43,23,19,plants,1.0,0.0,0.0,0.0,Arabidopsis thaliana; Artemisia annua; Canella winterana
KFXPOIKSDYRVKS-ONEGZZNKSA-N,,CC/C=C/CCC(=O)O,,Fatty acids,128.171,509.43,23,22,plants,0.7727272727272727,0.09090909090909091,0.045454545454545456,0.045454545454545456,Alkanna cappadocica; Artemisia dentata; Atalantia racemosa
ACOBBFVLNKYODD-CSKARUKUSA-N,,COC(=O)/C=C(\C)CCC=C(C)C,,Terpenoids,182.263,517.5799999999999,23,21,plants,0.9047619047619048,0.0,0.0,0.09523809523809523,Acca sellowiana; Acorus calamus; Aloysia citriodora
WMPDAIZRQDCGFH-UHFFFAOYSA-N,3-Methoxybenzaldehyde,COc1cccc(C=O)c1,,Shikimates and Phenylpropanoids,136.14999999999998,413.14,23,21,plants,0.6190476190476191,0.19047619047619047,0.14285714285714285,0.047619047619047616,Aconitum sajanense; Andinobates bombetes; Artemisia jacutica
IAEGWXHKWJGQAZ-UHFFFAOYSA-N,"2,3,5-Trimethylpyrazine",Cc1cnc(C)c(C)n1,"burnt, cocoa, coffee, nutty, potato, roasted, musty, powdery, hazelnut, earthy",Alkaloids,122.17099999999999,503.8,23,22,plants,0.6363636363636364,0.09090909090909091,0.0,0.2727272727272727,Bactrocera cucumis; Brassica oleracea; Camellia sinensis
MMXKVMNBHPAILY-UHFFFAOYSA-N,Ethyl dodecanoate,CCCCCCCCCCCC(=O)OCC,"fatty, floral, fruity, oily, waxy, sweet, clean, soapy",Fatty acids,228.37599999999995,578.1399999999999,23,21,plants,0.9523809523809523,0.047619047619047616,0.0,0.0,Angelica dahurica; Azadirachta indica; Carica papaya
RMKCQUWJDRTEHE-UHFFFAOYSA-N,Diallyl tetrasulfide,C=CCSSSSCC=C,,,210.414,605.36,23,22,plants,0.9090909090909091,0.045454545454545456,0.0,0.045454545454545456,Adenocalymma alliaceum; Allium; Allium ericetorum
CQOVPNPJLQNMDC-ZETCQYMHSA-N,L-Carnosine,NCCC(=O)N[C@@H](Cc1cnc[nH]1)C(=O)O,,Amino acids and Peptides,226.23600000000002,852.6600000000001,22,21,animals,0.3333333333333333,0.5714285714285714,0.047619047619047616,0.0,Agaricus campestris; Anguilla japonica; Bos taurus
JOZKFWLRHCDGJA-NSHDSACASA-N,"6-Octen-1-ol, 3,7-dimethyl-, acetate, (3S)-",CC(=O)OCC[C@@H](C)CCC=C(C)C,,Terpenoids,198.30599999999998,535.98,22,20,plants,0.95,0.05,0.0,0.0,Citrus aurantium var. amara; Citrus medica var. sarcodactylis; Citrus reticulata
LHXDLQBQYFFVNW-OIBJUYFYSA-N, EINECS 232-107-5,CC1(C)C(=O)[C@]2(C)CC[C@H]1C2,"camphoreous, pine, sweet, herbal, earthy, woody",Terpenoids,152.237,509.78000000000003,22,20,plants,1.0,0.0,0.0,0.0,Amomum compactum; Amomum krervanh; Amomum longiligulare
LOUPRKONTZGTKE-WZBLMQSHSA-N,Quinine,C=C[C@H]1CN2CC[C@H]1C[C@H]2[C@H](O)c1ccnc2ccc(OC)cc12,,Alkaloids,324.4240000000001,902.8799999999999,22,22,plants,0.8636363636363636,0.0,0.13636363636363635,0.0,Ciliosemina pedunculata; Cinchona; Cinchona calisaya
UARVBDPGNUHYQT-JXMROGBWSA-N,,O=C(OC/C=C/c1ccccc1)c1ccccc1,,Shikimates and Phenylpropanoids,238.286,681.4200000000001,22,21,plants,0.7142857142857143,0.19047619047619047,0.047619047619047616,0.0,Acrocarpia paniculata; Anodendron affine; Apis mellifera
WONIGEXYPVIKFS-HACHORDNSA-N,(-)-(Z)-Verbenol,CC1=C[C@H](O)C2CC1C2(C)C,,Terpenoids,152.237,533.3699999999999,22,22,plants,1.0,0.0,0.0,0.0,Chrysanthemum indicum; Chrysanthemum x morifolium; Citrus aurantium
PUCHCUYBORIUSM-UHFFFAOYSA-N,Methyl propyl disulfide,CCCSSC,,,122.25799999999998,428.67999999999995,22,22,plants,0.8636363636363636,0.09090909090909091,0.0,0.045454545454545456,Allium Sativum; Allium Schoenoprasum; Allium ampeloprasum
BMFVGAAISNGQNM-UHFFFAOYSA-N,ISOAMYLAMINE,CC(C)CCN,cheesy,Amino acids and Peptides,87.16600000000001,386.09,22,22,plants,0.7727272727272727,0.09090909090909091,0.13636363636363635,0.0,Astragalus oxyphysus; Centaurea glastifolia; Clavaria pyxidata
WTOYNNBCKUYIKC-SLEUVZQESA-N,(-)-Nootkatone,C=C(C)[C@H]1CCC2=CC(=O)C[C@H](C)[C@@]2(C)C1,,Terpenoids,218.33999999999995,637.45,22,21,plants,0.8571428571428571,0.047619047619047616,0.09523809523809523,0.0,Allium turcomanicum; Alpinia oxyphylla; Araucaria angustifolia
LUSZGTFNYDARNI-UHFFFAOYSA-N,Sesamol,Oc1ccc2c(c1)OCO2,,Shikimates and Phenylpropanoids,138.12199999999999,537.35,21,18,plants,1.0,0.0,0.0,0.0,Acanthopanax gracilistylus; Acanthopanax senticosus; Acanthopanax sessiliflorus
RDOXTESZEPMUJZ-UHFFFAOYSA-N,ANISOLE,COc1ccccc1,"anisic, sweet, gasoline, anise, phenolic, ethereal",Shikimates and Phenylpropanoids,108.13999999999997,408.86,21,20,plants,0.7,0.1,0.15,0.0,Achillea abrotanoides; Achillea millefolium; Aspergillus candidus
CCEFMUBVSUDRLG-XNWIYYODSA-N,203719-54-4,C=C(C)[C@@H]1CCC2(C)OC2C1,,Terpenoids,152.237,465.22999999999996,21,20,plants,1.0,0.0,0.0,0.0,Aloysia citriodora; Aloysia citrodora; Aloysia triphylla
WMBOCUXXNSOQHM-DHZHZOJOSA-N,,CCC/C=C1/OC(=O)c2ccccc21,,Polyketides,188.226,573.55,21,20,plants,0.9,0.05,0.05,0.0,Angelica acutiloba; Angelica gigas; Angelica sinensis
WFWKNGZODAOLEO-UHFFFAOYSA-N,4-Methoxyphenylacetone,COc1ccc(CC(C)=O)cc1,,Shikimates and Phenylpropanoids,164.204,536.3499999999999,21,20,plants,0.75,0.15,0.1,0.0,Acanthopanax ricinifolius; Albizia julibrissin; Anacardium occidentale
AKGGYBADQZYZPD-UHFFFAOYSA-N,BENZYLACETONE,CC(=O)CCc1ccccc1,"floral, fresh, green, jasmine, balsamic",Shikimates and Phenylpropanoids,148.20499999999998,508.95,21,21,plants,0.8571428571428571,0.047619047619047616,0.047619047619047616,0.0,Alpinia latilabris; Aquilaria agallochum; Aquilaria malaccensis
ZKVZSBSZTMPBQR-UPHRSURJSA-N,,O=C1CCCCCCC/C=C\CCCCCCC1,"animal, musk, sweet, dry, clean",Fatty acids,250.42599999999993,726.73,21,21,plants,0.7142857142857143,0.14285714285714285,0.047619047619047616,0.0,Aria latifolia; Athyrium yokoscense; Citrus japonica
PANBRUWVURLWGY-MDZDMXLPSA-N,,CCCCCCCC/C=C/C=O,"citrus, fresh, lemon, orange, sweet, aldehydic, fatty, fruity, green, waxy",Fatty acids,168.28,504.1,21,17,plants,0.8235294117647058,0.11764705882352941,0.0,0.0,Ailanthus altissima; Anthemis aciphylla; Anthemis aciphylla BOISS.var.discoidea BOISS
QIMMUPPBPVKWKM-UHFFFAOYSA-N,2-METHYLNAPHTHALENE,Cc1ccc2ccccc2c1,,Shikimates and Phenylpropanoids,142.201,501.92,21,19,plants,1.0,0.0,0.0,0.0,Angelica acutiloba; Angelica gigas; Angelica sinensis
OALYTRUKMRCXNH-QMMMGPOBSA-N,(S)-4-Nonanolide,CCCCC[C@H]1CCC(=O)O1,,Fatty acids,156.225,470.47999999999996,21,18,plants,0.8333333333333334,0.1111111111111111,0.05555555555555555,0.0,Carpesium abrotanoides; Clematis chinensis; Freesia hybrida
NPBVQXIMTZKSBA-UHFFFAOYSA-N,Chavibetol,C=CCc1ccc(OC)c(O)c1,,Shikimates and Phenylpropanoids,164.20399999999998,559.78,21,20,plants,0.8,0.15,0.0,0.0,Acorus gramineus; Aerva javanica; Agastache rugosa
DZKOKXZNCDGVRY-UHFFFAOYSA-N,Lenthionine,C1SSCSSS1,,Alkaloids,188.389,513.0,20,19,plants,0.7894736842105263,0.0,0.15789473684210525,0.0,Abies forrestii; Agaricus brunnescens; Asplenium viviparum
NTPLXRHDUXRPNE-UHFFFAOYSA-N,4'-Methoxyacetophenone,COc1ccc(C(C)=O)cc1,"floral, hay, sweet, vanilla, powdery, anisic, balsamic, hawthorn",Shikimates and Phenylpropanoids,150.177,513.47,20,19,plants,1.0,0.0,0.0,0.0,Abies nephrolepis; Angelica pubescens; Aronia melanocarpa
CAWHJQAVHZEVTJ-UHFFFAOYSA-N,2-METHYLPYRAZINE,Cc1cnccn1,"cocoa, fishy, green, musty, nutty, potato, brown, roasted, earthy, chocolate",Alkaloids,94.11699999999999,448.08,20,19,plants,0.7368421052631579,0.10526315789473684,0.0,0.10526315789473684,Allium cepa; Arctostaphylos uva-ursi; Artemisia argyi
NPNIZCVKXVRCHF-UHFFFAOYSA-N,Dimethyl tetrasulfide,CSSSSC,,Amino acids and Peptides,158.33800000000002,520.48,20,20,plants,0.95,0.0,0.05,0.0,Allium; Allium cepa; Allium chinense
ZSBOMYJPSRFZAL-JLHYYAGUSA-N,,CCCC(=O)OC/C=C(\C)CCC=C(C)C,"fruity, rose, sweet, apricot, fresh, raspberry, green, tropical, peach, waxy",Fatty acids,224.34399999999994,586.22,20,19,plants,1.0,0.0,0.0,0.0,Bothriochloa bladhii; Chamomilla suaveolens; Cryptomeria japonica
OXZSUQJHKQOGOK-UHFFFAOYSA-N,Carvacryl acetate,CC(=O)Oc1cc(C(C)C)ccc1C,,Terpenoids,192.25799999999998,568.5799999999999,20,20,plants,0.95,0.05,0.0,0.0,Angelica sinensis; Asarum sieboldii; Canarium album
CZCBTSFUTPZVKJ-ZJUUUORDSA-N,trans-Rose oxide,CC(C)=C[C@H]1C[C@H](C)CCO1,,Terpenoids,154.253,474.2699999999999,20,19,plants,1.0,0.0,0.0,0.0,Corymbia citriodora; Ephedra sinica; Eucalyptus citriodora
CHWNEIVBYREQRF-UHFFFAOYSA-N,4-Ethyl-2-methoxyphenol,CCc1ccc(O)c(OC)c1,"phenolic, smoky, spicy, vanilla, sweet, medicinal, woody, clove",,152.19299999999998,540.22,20,18,plants,0.8888888888888888,0.0,0.1111111111111111,0.0,Angelica acutiloba; Angelica gigas; Angelica sinensis
LDHQCZJRKDOVOX-NSCUHMNNSA-N,,C/C=C/C(=O)O,,Fatty acids,86.08999999999999,440.78999999999996,20,19,plants,0.6842105263157895,0.15789473684210525,0.10526315789473684,0.0,Baccharis peruviana; Brucea javanica; Caenorhabditis elegans
ALSTYHKOOCGGFT-KTKRTIGZSA-N,,CCCCCCCC/C=C\CCCCCCCCO,,Fatty acids,268.4849999999999,707.78,20,19,plants,0.7368421052631579,0.21052631578947367,0.0,0.05263157894736842,Angelica dahurica; Astragalus florulentus; Bombus hortorum
LHYHMMRYTDARSZ-ZAQQFOKRSA-N,,CC1=C[C@@H]2C(CC1)[C@](C)(O)CC[C@H]2C(C)C,,Terpenoids,222.37199999999999,660.14,20,19,plants,0.9473684210526315,0.0,0.0,0.0,Achillea millefolium var. borealis; Aristolochia birostris; Aristolochia cymbifera
WLAMNBDJUVNPJU-BYPYZUCNSA-N,(S)-2-methylbutanoic acid,CC[C@H](C)C(=O)O,,Fatty acids,102.13299999999998,459.07,20,19,plants,0.8947368421052632,0.10526315789473684,0.0,0.0,Angelica acutiloba; Angelica gigas; Angelica sinensis
CBOQJANXLMLOSS-UHFFFAOYSA-N,3-Ethoxy-4-hydroxybenzaldehyde,CCOc1cc(C=O)ccc1O,"sweet, vanilla, creamy",Shikimates and Phenylpropanoids,166.176,516.64,20,19,plants,0.7368421052631579,0.15789473684210525,0.05263157894736842,0.0,Achyranthes aspera; Barnettia kerrii; Betula davurica
ILUJQPXNXACGAN-UHFFFAOYSA-N,2-METHOXYBENZOIC ACID,COc1ccccc1C(=O)O,,Shikimates and Phenylpropanoids,152.14899999999997,582.23,20,20,plants,0.95,0.05,0.0,0.0,Akebia quinata; Akebia trifoliata; Artemisia capillaris
XDTMQSROBMDMFD-UHFFFAOYSA-N,CYCLOHEXANE,C1CCCCC1,,Fatty acids,84.162,361.09999999999997,19,19,plants,0.8947368421052632,0.05263157894736842,0.0,0.0,Centranthus longiflorus ssp. longiflorus; Chaenomeles sinensis; Cicuta virosa
KLTVSWGXIAYTHO-UHFFFAOYSA-N,1-OCTEN-3-ONE,C=CC(=O)CCCCC,"metallic, mushroom, vegetable, musty, chicken, herbal, savory, cabbage, fishy, earthy",Fatty acids,126.199,433.19,19,16,plants,0.75,0.0625,0.125,0.0,Acacia howittii; Acca sellowiana; Achillea crithmifolia
MMKRHZKQPFCLLS-UHFFFAOYSA-N,Ethyl myristate,CCCCCCCCCCCCCC(=O)OCC,"fatty, sweet, waxy, orris, violet",Fatty acids,256.4299999999999,623.9000000000001,19,18,plants,0.8333333333333334,0.0,0.05555555555555555,0.1111111111111111,Carica papaya; Cerbera manghas; Coriandrum sativum
MVLVMROFTAUDAG-UHFFFAOYSA-N,ETHYL STEARATE,CCCCCCCCCCCCCCCCCC(=O)OCC,"odorless, waxy",Fatty acids,312.538,715.4200000000001,19,19,plants,0.9473684210526315,0.0,0.05263157894736842,0.0,Aloe vera; Cerbera manghas; Citrullus lanatus subsp. vulgaris
VAJVDSVGBWFCLW-UHFFFAOYSA-N,3-PHENYL-1-PROPANOL,OCCCc1ccccc1,"balsamic, floral, sweet, spicy, hyacinth",Shikimates and Phenylpropanoids,136.194,524.38,19,17,plants,0.9411764705882353,0.058823529411764705,0.0,0.0,Acacia cyclops; Cinamomum cassia; Cinnamomum aromaticum
CRSBERNSMYQZNG-UHFFFAOYSA-N,1-DODECENE,C=CCCCCCCCCCC,,Fatty acids,168.32399999999998,470.84,19,17,plants,0.9411764705882353,0.058823529411764705,0.0,0.0,Acacia dealbata; Angelica sinensis; Camellia saluenensis
FEWJPZIEWOKRBE-LWMBPPNESA-N,d-Tartaric acid,O=C(O)[C@@H](O)[C@H](O)C(=O)O,,Fatty acids,150.08599999999998,765.6199999999999,19,19,plants,0.8947368421052632,0.0,0.05263157894736842,0.05263157894736842,Acremonium luzulae; Aloe africana; Aloe ferox
JNDDPBOKWCBQSM-UHFFFAOYSA-N,METHYL TRIDECANOATE,CCCCCCCCCCCCC(=O)OC,,Fatty acids,228.37599999999995,578.1399999999999,19,19,plants,0.631578947368421,0.15789473684210525,0.21052631578947367,0.0,Abelmoschus manihot; Aplysina fistularis; Aplysina lacunosa
NCDCLPBOMHPFCV-UHFFFAOYSA-N,HEXYL HEXANOATE,CCCCCCOC(=O)CCCCC,,Fatty acids,200.32199999999995,532.3799999999999,19,19,plants,0.8947368421052632,0.10526315789473684,0.0,0.0,Acca sellowiana; Boswellia carteri; Boswellia carterii
JGMPRNFEEAJLAJ-UHFFFAOYSA-N,ALLYL METHYL TRISULFIDE,C=CCSSSC,,,152.309,494.14,19,18,plants,0.8888888888888888,0.05555555555555555,0.0,0.05555555555555555,Adenocalymma alliaceum; Allium cepa; Allium chinense
OGJYXQFXLSCKTP-UKTHLTGXSA-N,,CC(C)=CCC/C(C)=C/COC(=O)C(C)C,,Fatty acids,224.34399999999997,585.78,19,18,plants,0.8888888888888888,0.05555555555555555,0.0,0.05555555555555555,Ajuga reptans; Aloysia citriodora; Aloysia citrodora
UIAFKZKHHVMJGS-UHFFFAOYSA-N,"2,4-dihydroxybenzoic acid",O=C(O)c1ccc(O)cc1O,,Shikimates and Phenylpropanoids,154.12099999999998,693.19,19,17,plants,1.0,0.0,0.0,0.0,Abelmoschus manihot; Artocarpus heterophyllus; Butea monosperma
XFRVVPUIAFSTFO-UHFFFAOYSA-N,1-TRIDECANOL,CCCCCCCCCCCCCO,,Fatty acids,200.36599999999996,589.22,19,19,plants,0.9473684210526315,0.05263157894736842,0.0,0.0,Angelica acutiloba; Angelica archangelica; Angelica gigas
JIMGVOCOYZFDKB-UHFFFAOYSA-N,140-26-1,CC(C)CC(=O)OCCc1ccccc1,"balsamic, fruity, rose, sweet, ripe, floral, pineapple, apricot, apple, peach",Fatty acids,206.285,581.5,18,17,plants,0.8823529411764706,0.058823529411764705,0.0,0.058823529411764705,Ajuga reptans; Artemisia argyi; Artemisia montana
LVBXEMGDVWVTGY-SREVYHEPSA-N,,CCCCC/C=C\C=O,"leafy, fatty, fruity, green",Fatty acids,126.19899999999997,435.46,18,18,plants,0.8888888888888888,0.0,0.1111111111111111,0.0,Angelica acutiloba; Angelica gigas; Angelica sinensis
ZOYASYRPGHCQHW-UHFFFAOYSA-N,Methyl propyl trisulfide,CCCSSSC,"garlic, green, onion, sweet, metallic, clean, sulfurous, cooked",,154.325,497.46,18,17,plants,0.8823529411764706,0.058823529411764705,0.0,0.058823529411764705,Allium ampeloprasum; Allium cepa; Allium chinense
JZQKTMZYLHNFPL-NMMTYZSQSA-N,,CCCCC/C=C\C=C\C=O,,Fatty acids,152.23699999999997,485.38,18,18,plants,1.0,0.0,0.0,0.0,Angelica acutiloba; Angelica gigas; Angelica sinensis
IAVREABSGIHHMO-UHFFFAOYSA-N,3-hydroxybenzaldehyde,O=Cc1cccc(O)c1,,Shikimates and Phenylpropanoids,122.12299999999996,443.48,17,16,plants,0.8125,0.125,0.0625,0.0,Acia oblonga; Arabidopsis thaliana; Chrysolaena verbascifolia
PCWGTDULNUVNBN-UHFFFAOYSA-N,4-METHYL-1-PENTANOL,CC(C)CCCO,,Fatty acids,102.17699999999999,428.62,17,16,plants,0.8125,0.0625,0.0,0.125,Angelica acutiloba; Angelica gigas; Angelica sinensis
TVTCXPXLRKTHAU-UHFFFAOYSA-N,Heptadecan-2-one,CCCCCCCCCCCCCCCC(C)=O,,Fatty acids,254.4579999999999,642.4300000000001,17,16,plants,0.8125,0.125,0.0,0.0,Acacia dealbata; Acca sellowiana; Artemisia vulgaris
IMKJGXCIJJXALX-SHUKQUCYSA-N,Sclareolide,CC1(C)CCC[C@]2(C)[C@H]3CC(=O)O[C@]3(C)CC[C@@H]12,,Terpenoids,250.38199999999995,644.04,17,15,plants,1.0,0.0,0.0,0.0,Abies holophylla; Abuta pahni; Aplophyllum tuberculatum
NBBJYMSMWIIQGU-UHFFFAOYSA-N,Propionaldehyde,CCC=O,"green, meaty, cocoa, pungent, nutty, winey, cognac, grape, ethereal, earthy, alcoholic, brandy",Fatty acids,58.08,316.9,17,15,plants,0.8,0.06666666666666667,0.06666666666666667,0.06666666666666667,Allium ampeloprasum; Allium cepa; Allium schoenoprasum
GJQIMXVRFNLMTB-UHFFFAOYSA-N,NONYL ACETATE,CCCCCCCCCOC(C)=O,,Fatty acids,186.295,509.49999999999994,17,15,plants,1.0,0.0,0.0,0.0,Backhousia angustifolia; Citrus grandis; Citrus medica
AYJXHIDNNLJQDT-UHFFFAOYSA-N,1125-21-9,CC1=CC(=O)CC(C)(C)C1=O,,Terpenoids,152.19299999999998,565.0899999999999,17,17,plants,0.8235294117647058,0.17647058823529413,0.0,0.0,Amauris echeria; Arctostaphylos uva-ursi; Artemisia judaica
ZFAHNWWNDFHPOH-YFKPBYRVSA-N,S-allyl-L-cysteine,C=CCSC[C@H](N)C(=O)O,,Amino acids and Peptides,161.226,619.94,17,15,plants,0.8666666666666667,0.06666666666666667,0.0,0.06666666666666667,Allium; Allium Tuberosum; Allium sativum
SOUKTGNMIRUIQN-NTEUORMPSA-N,,CC(C)=CCC/C(C)=C/COC(=O)CC(C)C,,Fatty acids,238.37099999999995,608.6600000000001,17,16,plants,0.9375,0.0625,0.0,0.0,Anthemis aciphylla; Artemisia argyi; Artemisia montana
ICWHTQRTTHCUHW-IKCIUXDWSA-N,"2-[(2R,10S)-6,10-dimethylspiro[4.5]dec-6-en-2-yl]propan-2-ol",CC1=CCC[C@H](C)C12CC[C@@H](C(C)(C)O)C2,,Terpenoids,222.37199999999999,662.02,17,17,plants,1.0,0.0,0.0,0.0,Akebia quinata; Akebia trifoliata; Angelica acutiloba
HNTISMRTGMVWGH-YTFOTSKYSA-N,"Cadinene, (-)-",CC(C)[C@@H]1CC[C@H](C)[C@@H]2C=C[C@H](C)C[C@H]21,,Terpenoids,206.373,558.0699999999999,17,15,plants,1.0,0.0,0.0,0.0,Achillea abrotanoides; Bitter bush; Gaultheria mucronata
DULCUDSUACXJJC-UHFFFAOYSA-N,ETHYL PHENYLACETATE,CCOC(=O)Cc1ccccc1,"honey, sweet, floral, rose, cocoa, anisic, balsamic",Fatty acids,164.204,513.3,17,15,plants,0.8666666666666667,0.0,0.06666666666666667,0.06666666666666667,Artemisia ammaniana; Artemisia judaica; Artemisia sericea
KLIDCXVFHGNTTM-UHFFFAOYSA-N,"2,6-DIMETHOXYPHENOL",COc1cccc(OC)c1O,"medicinal, phenolic, smoky, woody, sweet, powdery, balsamic",Shikimates and Phenylpropanoids,154.165,539.76,17,16,plants,0.9375,0.0,0.0,0.0625,Allium spp.; Bistorta manshuriensis; Bistorta officinalis
MLUCVPSAIODCQM-NSCUHMNNSA-N,,C/C=C/C=O,,Fatty acids,70.09100000000001,343.94,17,17,plants,0.8823529411764706,0.058823529411764705,0.058823529411764705,0.0,Aloe africana; Aloe ferox; Aloe spicata
SUVIGLJNEAMWEG-UHFFFAOYSA-N,1-Propanethiol,CCCS,,Fatty acids,76.16399999999999,331.1,17,14,plants,0.9285714285714286,0.07142857142857142,0.0,0.0,Allium Cepa; Allium ampeloprasum; Allium cepa
JVTAAEKCZFNVCJ-REOHCLBHSA-N,L-Lactic acid,C[C@H](O)C(=O)O,,Fatty acids,90.07799999999999,505.48999999999995,16,16,plants,0.6875,0.125,0.0,0.1875,Aloe africana; Aloe ferox; Aloe spicata
XOUQAVYLRNOXDO-UHFFFAOYSA-N,6-tert-Butyl-m-cresol,Cc1ccc(C(C)(C)C)c(O)c1,,,164.24800000000002,560.3299999999999,16,16,plants,0.8125,0.125,0.0,0.0625,Andinobates fulguritus; Catalpa bignonioides; Cephalonoplos segetum
PFYHAAAQPNMZHO-UHFFFAOYSA-N,Methyl 2-methoxybenzoate,COC(=O)c1ccccc1OC,,Shikimates and Phenylpropanoids,166.17599999999996,517.8199999999999,16,16,plants,0.625,0.125,0.125,0.125,Aconitum fischeri; Apocynum androsaemifolium; Espeletia grandiflora
GZZPOFFXKUVNSW-UHFFFAOYSA-N,11-Dodecenoic acid,C=CCCCCCCCCCC(=O)O,,Fatty acids,198.30599999999998,616.3499999999999,16,16,plants,0.625,0.25,0.125,0.0,Ercolania funerea; Gomophia watsoni; Helichrysum stirlingii
BATOPAZDIZEVQF-MQQKCMAXSA-N,,C/C=C/C=C/C=O,,Fatty acids,96.12899999999999,393.86,16,14,plants,1.0,0.0,0.0,0.0,Capsella bursa-pastoris; Chaenomeles sinensis; Cullen corylifolium
JUQGWBAOQUBVFP-OPFPJEHXSA-N,"Cadina-1,4-diene",CC1=CC2C(=CC1)[C@@H](C)CCC2C(C)C,,Terpenoids,204.35699999999997,576.53,16,15,plants,1.0,0.0,0.0,0.0,Croton jimenezii; Fructus syzygii; Hypericum perforatum
ZYDUOFAYEXDGIS-UHFFFAOYSA-N,"3,5,5-trimethylbicyclo[2.2.1]heptan-2-one",CC1C(=O)C2CC1C(C)(C)C2,,Terpenoids,152.23699999999997,504.86999999999995,16,16,plants,0.875,0.125,0.0,0.0,Aframomum melegueta; Aloysia gratissima; Artemisia alba
RSDDTPVXLMVLQE-UHFFFAOYSA-N,Hexyl isovalerate,CCCCCCOC(=O)CC(C)C,,Fatty acids,186.295,509.06,16,16,plants,0.9375,0.0625,0.0,0.0,Acmella ciliata; Artemisia Annua; Bupleurum fruticosum
MKPMHJQMNACGDI-UWVGGRQHSA-N,52154-82-2,C=C(C)[C@H]1C=C[C@](C)(O)CC1,,Terpenoids,152.23699999999994,531.4200000000001,16,16,plants,1.0,0.0,0.0,0.0,Akebia quinata; Akebia trifoliata; Alpinia galanga
ZOZIRNMDEZKZHM-UHFFFAOYSA-N,Phenethyl phenylacetate,O=C(Cc1ccccc1)OCCc1ccccc1,,Shikimates and Phenylpropanoids,240.30199999999996,677.26,16,16,plants,1.0,0.0,0.0,0.0,Corymbia citriodora; Eucalyptus agglomerata; Eucalyptus aggregata
XNCNNDVCAUWAIT-UHFFFAOYSA-N,METHYL HEPTANOATE,CCCCCCC(=O)OC,"apple, berry, fruity, green, orris, waxy, sweet, floral",Fatty acids,144.214,440.86,16,16,plants,0.9375,0.0625,0.0,0.0,Apium graveolens; Arnebia euchroma; Arnebia guttata
JHIVVAPYMSGYDF-UHFFFAOYSA-N,CYCLOHEXANONE,O=C1CCCCC1,"camphoreous, ketonic, minty, solvent, sweet",,98.14500000000001,428.91999999999996,16,16,plants,0.6875,0.125,0.0,0.0,Caenorhabditis elegans; Chenopodium murale; Cichorium endivia
ISFMXVMWEWLJGJ-NZBPQXDJSA-N,Curcumenol,CC1=C[C@@]2(O)O[C@@]3(CC2=C(C)C)[C@@H](C)CC[C@@H]13,,Terpenoids,234.33899999999997,697.1599999999999,16,16,plants,1.0,0.0,0.0,0.0,Artemisia annua; Curcuma Aeruginosa; Curcuma Longa
AZOCECCLWFDTAP-DTWKUNHWSA-N,(+)-isodihydrocarvone,C=C(C)[C@@H]1CC[C@H](C)C(=O)C1,,Terpenoids,152.23699999999997,507.66,16,16,plants,1.0,0.0,0.0,0.0,Anethum sowa; Artemisia capillaris; Cinnamomum aromaticum
CPJRRXSHAYUTGL-UHFFFAOYSA-N,3-METHYL-3-BUTEN-1-OL,C=C(C)CCO,,Fatty acids,86.13399999999999,402.74,16,16,plants,0.75,0.125,0.0,0.125,Artemisia argyi; Artemisia montana; Artemisia princeps
LSTDYDRCKUBPDI-UHFFFAOYSA-N,Palmityl acetate,CCCCCCCCCCCCCCCCOC(C)=O,,Fatty acids,284.4839999999999,669.6600000000001,16,14,animals,0.2857142857142857,0.5714285714285714,0.0,0.14285714285714285,Anoplolepis custodiens; Bonagota salubricola; Camponotus vagus
OPFTUNCRGUEPRZ-RRFJBIMHSA-N,(-)-cis-.beta.-Elemene,C=C[C@]1(C)CC[C@H](C(=C)C)C[C@@H]1C(=C)C,,Terpenoids,204.35699999999997,543.05,15,15,plants,0.8,0.2,0.0,0.0,Callitris columellaris; Callitris intratropica; Citrus maxima
HCRBXQFHJMCTLF-ZCFIWIBFSA-N,ethyl (2R)-2-methylbutanoate,CCOC(=O)[C@H](C)CC,,Fatty acids,130.18699999999998,417.53999999999996,15,13,plants,1.0,0.0,0.0,0.0,Acmella ciliata; Artemisia annua; Carica papaya
HEBKCHPVOIAQTA-NGQZWQHPSA-N,xylitol,OC[C@@H](O)C(O)[C@@H](O)CO,,Carbohydrates,152.146,773.5799999999999,15,15,plants,0.9333333333333333,0.0,0.06666666666666667,0.0,Adonis mongolica; Adonis tianschanica; Anthriscus sylvestris
RQFCJASXJCIDSX-UUOKFMHZSA-N,,Nc1nc(=O)c2ncn([C@@H]3O[C@H](COP(=O)(O)O)[C@@H](O)[C@H]3O)c2[nH]1,,Carbohydrates,363.223,1190.48,15,13,plants,0.5384615384615384,0.3076923076923077,0.07692307692307693,0.07692307692307693,Auxenochlorella pyrenoidosa; Caenorhabditis elegans; Chlorella pyrenoidosa
PPXUHEORWJQRHJ-UHFFFAOYSA-N,ETHYL ISOVALERATE,CCOC(=O)CC(C)C,"apple, banana, buttery, fruity, winey, sweet, estery, pineapple, orange, green, sharp",Fatty acids,130.18699999999998,417.53999999999996,15,15,plants,0.8666666666666667,0.13333333333333333,0.0,0.0,Ananas comosus; Artemisia salsoloides; Artemisia thuscula
IYTXKIXETAELAV-UHFFFAOYSA-N,3-NONANONE,CCCCCCC(=O)CC,"fruity, grassy, green, herbal, sweet, spicy, leafy, floral, fresh, jasmine",Fatty acids,142.242,459.39,15,15,plants,0.9333333333333333,0.06666666666666667,0.0,0.0,Acca sellowiana; Artemisia vulgaris; Calamintha incana
LVGKNOAMLMIIKO-VAWYXSNFSA-N,,CCCCCCCC/C=C/CCCCCCCC(=O)OCC,,Fatty acids,310.522,719.5799999999999,15,15,plants,1.0,0.0,0.0,0.0,Alafia barteri; Artemisia argyi; Artemisia montana
YZXBAPSDXZZRGB-CGRWFSSPSA-N,,CCCCC/C=C/C/C=C/C/C=C/C/C=C/CCCC(=O)O,,Fatty acids,304.47400000000005,819.3499999999999,15,15,plants,0.5333333333333333,0.2,0.13333333333333333,0.0,Eurhynchium striatum; Hedlundia hybrida; Homo sapiens
BAVYZALUXZFZLV-UHFFFAOYSA-N,METHYLAMINE,CN,,Amino acids and Peptides,31.058,295.01,15,14,plants,0.5714285714285714,0.2857142857142857,0.14285714285714285,0.0,Cannabis sativa; Chelidonium majus; Claviceps purpurea
NPFVOOAXDOBMCE-SNAWJCMRSA-N,trans-3-Hexenyl acetate,CC/C=C/CCOC(C)=O,,Fatty acids,142.198,445.02,15,13,plants,1.0,0.0,0.0,0.0,Acca sellowiana; Artemisia annua; Artemisia argyi
ZHHYXNZJDGDGPJ-BSWSSELBSA-N,,CCCC/C=C/C=C/C=O,"chicken, fatty, nutty, melon, cucumber, green, waxy",Fatty acids,138.20999999999995,462.5,15,13,plants,0.8461538461538461,0.0,0.15384615384615385,0.0,Agaricus bisporus; Artemisia annua; Bupleurum chinense
OQIOHYHRGZNZCW-UHFFFAOYSA-N,Thymohydroquinone,Cc1cc(O)c(C(C)C)cc1O,,Terpenoids,166.22,620.86,15,15,plants,1.0,0.0,0.0,0.0,Antiphiona fragrans; Arnica montana; Calocedrus decurrens
YIBXPFAXPUDDTK-UHFFFAOYSA-N,4430-39-1,CSCCCCCCN=C=S,,,189.34900000000002,528.5899999999999,15,14,plants,0.5,0.14285714285714285,0.14285714285714285,0.14285714285714285,Anemone tomentosa; Aplophyllum pedicellatum; Bohadschia vitiensis
FSYKKLYZXJSNPZ-UHFFFAOYSA-N,sarcosine,CNCC(=O)O,,Amino acids and Peptides,89.09399999999998,463.92,15,15,plants,0.4666666666666667,0.3333333333333333,0.13333333333333333,0.06666666666666667,Agaricus campestris; Allium sativum; Astropecten irregularis
DTHIOPUFUOMHAY-POHAHGRESA-N,,CC(C)=CC/C=C(/C)CCO,,Terpenoids,154.253,528.6600000000001,15,15,plants,0.8666666666666667,0.13333333333333333,0.0,0.0,Aster scaber; Backhousia citriodora; Daphne odora
BHIKXWJMZCALEK-UHFFFAOYSA-N,allyl methyl tetrasulfide,C=CCSSSSC,,,184.376,562.9200000000001,15,15,plants,0.8666666666666667,0.06666666666666667,0.0,0.06666666666666667,Adenocalymma alliaceum; Allium chinense; Allium macrostemon
CZCBTSFUTPZVKJ-NXEZZACHSA-N,3033-23-6,CC(C)=C[C@@H]1C[C@H](C)CCO1,,Terpenoids,154.253,474.2699999999999,15,14,plants,1.0,0.0,0.0,0.0,Cryptomeria japonica; Fructus syzygii; Geranium
IFYYFLINQYPWGJ-VIFPVBQESA-N,(5S)-5-hexyloxolan-2-one,CCCCCC[C@H]1CCC(=O)O1,,Fatty acids,170.25199999999998,493.35999999999996,15,15,plants,0.9333333333333333,0.0,0.06666666666666667,0.0,Akebia quinata; Akebia trifoliata; Angelica acutiloba
DIOYAVUHUXAUPX-ZHACJKMWSA-N,,CCCCCCCC/C=C/CCCCCCCC(=O)N(C)CC(=O)O,,Fatty acids,353.547,896.06,15,15,plants,0.8,0.0,0.2,0.0,Acorus gramineus; Acorus tatarinowii; Allium sativum
UTSGPHXOHJSDBC-UHFFFAOYSA-N,rosefuran,CC(C)=CCc1occc1C,,Terpenoids,150.22099999999998,487.61999999999995,15,15,plants,0.8666666666666667,0.13333333333333333,0.0,0.0,Angelica acutiloba; Angelica gigas; Angelica sinensis
WZUODJNEIXSNEU-UHFFFAOYSA-N,2-Hydroxy-4-methoxybenzaldehyde,COc1ccc(C=O)c(O)c1,,Shikimates and Phenylpropanoids,152.149,493.76,14,13,plants,1.0,0.0,0.0,0.0,Bupleurum marginatum; Bupleurum marginatum var. stenophyllum; Hemidesmus indicus
KBXOGESWPIVMNJ-GQCTYLIASA-N,,C=CCSS/C=C/C,,,146.28,475.28,14,13,plants,0.8461538461538461,0.07692307692307693,0.0,0.07692307692307693,Allium cepa; Allium chinense; Allium sativum
YOVSPTNQHMDJAG-ZNMIVQPWSA-N,(-)-beta-selinene,C=C(C)[C@H]1CC[C@]2(C)CCCC(=C)[C@H]2C1,,Terpenoids,204.35699999999994,564.6499999999999,14,14,plants,1.0,0.0,0.0,0.0,Coronidium glutinosum; Cyperus rotundus; Cyperus scariosus
SKIHGKNFJKJXPX-UHFFFAOYSA-N,3-Butenyl isothiocyanate,C=CCCN=C=S,,,113.18499999999997,387.85,14,14,plants,1.0,0.0,0.0,0.0,Amaranthus retroflexus; Brassica campestris; Brassica carinata
QPUYECUOLPXSFR-UHFFFAOYSA-N,1-METHYLNAPHTHALENE,Cc1cccc2ccccc12,,Shikimates and Phenylpropanoids,142.201,501.92,14,13,plants,1.0,0.0,0.0,0.0,Arctostaphylos uva-ursi; Gossypium hirsutum; Juglans nigra
VZWGRQBCURJOMT-UHFFFAOYSA-N,DODECYL ACETATE,CCCCCCCCCCCCOC(C)=O,,Fatty acids,228.37599999999995,578.1399999999999,14,13,plants,0.8461538461538461,0.15384615384615385,0.0,0.0,Anthemis aciphylla; Anthemis aciphylla BOISS.var.discoidea BOISS; Bonagota salubricola
IZJDOKYDEWTZSO-UHFFFAOYSA-N,2-Phenylethyl isothiocyanate,S=C=NCCc1ccccc1,,Shikimates and Phenylpropanoids,163.245,509.36999999999995,14,14,plants,1.0,0.0,0.0,0.0,Barbarea verna; Brassica campestris; Brassica carinata
AHXXIALEMINDAW-UHFFFAOYSA-N,4-(Methoxymethyl)phenol,COCc1ccc(O)cc1,,,138.16599999999997,512.36,14,14,plants,1.0,0.0,0.0,0.0,Citrullus colocynthis; Citrullus lanatus; Cucurbita pepo
UIYCHXAGWOYNNA-UHFFFAOYSA-N,Divinyl sulfide,C=CSC=C,,,86.15899999999999,353.26,14,14,plants,0.8571428571428571,0.07142857142857142,0.0,0.07142857142857142,Allium sativum; Allium ursinum; Aniba megaphylla
XLSMFKSTNGKWQX-UHFFFAOYSA-N,Hydroxyacetone,CC(=O)CO,"caramellic, green, sweet, winey, ethereal, pungent",,74.079,414.28999999999996,14,13,plants,0.7692307692307693,0.15384615384615385,0.0,0.07692307692307693,Allium cepa; Astragalus membranaceus; Astragalus mongholicus
HBEDSQVIWPRPAY-UHFFFAOYSA-N,"2,3-DIHYDROBENZOFURAN",c1ccc2c(c1)CCO2,,Shikimates and Phenylpropanoids,120.15099999999998,452.65999999999997,14,14,plants,0.7857142857142857,0.07142857142857142,0.14285714285714285,0.0,Ammannia baccifera; Bellis perennis; Citrus medica
CRZQGDNQQAALAY-UHFFFAOYSA-N,METHYL PHENYLACETATE,COC(=O)Cc1ccccc1,,Shikimates and Phenylpropanoids,150.177,490.42,14,12,plants,0.8333333333333334,0.0,0.0,0.16666666666666666,Coffea arabica; Humulus lupulus; Ligusticum chuanxiong
FRPZMMHWLSIFAZ-UHFFFAOYSA-N,undecylenic acid,C=CCCCCCCCCC(=O)O,,Fatty acids,184.279,593.47,14,14,plants,0.5714285714285714,0.21428571428571427,0.07142857142857142,0.14285714285714285,Angelica dahurica; Balanocarpus heimii; Botryllus tyreus
DQFBYFPFKXHELB-VAWYXSNFSA-N,,O=C(/C=C/c1ccccc1)c1ccccc1,,Shikimates and Phenylpropanoids,208.26000000000002,654.19,14,14,plants,0.8571428571428571,0.0,0.0,0.14285714285714285,Alpinia hainanensis; Alpinia katsumadai; Daemonorops draco
NBIIXXVUZAFLBC-UHFFFAOYSA-N,Phosphoric acid,O=P(O)(O)O,,Carbohydrates,97.99399999999999,466.34,14,13,plants,0.6923076923076923,0.15384615384615385,0.07692307692307693,0.07692307692307693,Angelica gigas; Apium graveolens; Arabidopsis thaliana
LSDPWZHWYPCBBB-UHFFFAOYSA-N,methanethiol,CS,"cabbage, vegetable, sulfurous, garlic, savory, alliaceous, oily, creamy",,48.11000000000001,285.34,14,12,plants,0.5833333333333334,0.16666666666666666,0.16666666666666666,0.08333333333333333,Allium ampeloprasum; Biflustra perfragilis; Brevibacterium linens
PETRWTHZSKVLRE-UHFFFAOYSA-N,2-METHOXY-4-METHYLPHENOL,COc1cc(C)ccc1O,"phenolic, smoky, spicy, sweet, vanilla, medicinal, burnt, woody, clove, leathery",,138.166,517.34,14,13,plants,0.9230769230769231,0.07692307692307693,0.0,0.0,Atractylodes macrocephala; Capsicum annuum; Cynanchum paniculatum
NOOLISFMXDJSKH-OPRDCNLKSA-N,Neoisomenthol,CC(C)[C@H]1CC[C@@H](C)C[C@H]1O,,Terpenoids,156.269,530.3499999999999,14,13,plants,0.9230769230769231,0.07692307692307693,0.0,0.0,Agathosma betulina; Arctostaphylos uva-ursi; Clinopodium barbatum
IJXHLVMUNBOGRR-UHFFFAOYSA-N,METHYL NONANOATE,CCCCCCCCC(=O)OC,"coconut, fruity, green, nutty, winey, sweet, pear, tropical, waxy",Fatty acids,172.268,486.61999999999995,14,14,plants,0.9285714285714286,0.07142857142857142,0.0,0.0,Akebia quinata; Akebia trifoliata; Apium graveolens
AIQLNKITFBJPFO-WAYWQWQTSA-N,,CC/C=C\CCOC(=O)CC(C)C,,Fatty acids,184.279,513.22,14,12,plants,0.8333333333333334,0.08333333333333333,0.0,0.08333333333333333,Ajuga reptans; Artemisia Annua; Artemisia annua
BTSIZIIPFNVMHF-ARJAWSKDSA-N,,CC/C=C\CO,,Fatty acids,86.134,410.34,14,14,plants,0.9285714285714286,0.07142857142857142,0.0,0.0,Acacia dealbata; Arctostaphylos uva-ursi; Camellia sinensis
MJQVZIANGRDJBT-VAWYXSNFSA-N,,O=C(/C=C/c1ccccc1)OCCc1ccccc1,,Shikimates and Phenylpropanoids,252.313,704.3,14,13,plants,1.0,0.0,0.0,0.0,Alnus firma; Alnus pendula; Anemone coronaria
KWKAKUADMBZCLK-UHFFFAOYSA-N,1-OCTENE,C=CCCCCCC,gasoline,Fatty acids,112.216,379.32,14,14,plants,0.8571428571428571,0.07142857142857142,0.07142857142857142,0.0,Artemisia argyi; Artemisia montana; Artemisia princeps
GYCKQBWUSACYIF-UHFFFAOYSA-N,Ethyl salicylate,CCOC(=O)c1ccccc1O,,Shikimates and Phenylpropanoids,166.176,571.04,14,14,plants,0.9285714285714286,0.07142857142857142,0.0,0.0,Camellia saluenensis; Castanopsis cuspidata; Couroupita guianensis
CLUWOWRTHNNBBU-UHFFFAOYSA-N,3-(Methylthio)propionaldehyde,CSCCC=O,"meaty, onion, potato, tomato, vegetable, musty, savory, oily, brothy, creamy, bready, earthy",Fatty acids,104.17399999999999,408.55999999999995,14,13,plants,0.9230769230769231,0.07692307692307693,0.0,0.0,Allium cepa; Allium sativum; Artemisia argyi
DPLGXGDPPMLJHN-UHFFFAOYSA-N,6-Methylheptan-2-one,CC(=O)CCCC(C)C,,Fatty acids,128.21499999999997,436.07,13,11,plants,0.8181818181818182,0.09090909090909091,0.09090909090909091,0.0,Aloe africana; Aloe ferox; Aloe spicata
OOCCDEMITAIZTP-DAXSKMNVSA-N,,OC/C=C\c1ccccc1,,Shikimates and Phenylpropanoids,134.178,528.54,13,11,plants,0.9090909090909091,0.09090909090909091,0.0,0.0,Alpinia nutans; Artemisia argyi; Artemisia montana
YKPUWZUDDOIDPM-SOFGYWHQSA-N,,COc1cc(CNC(=O)CCCC/C=C/C(C)C)ccc1O,,Alkaloids,305.418,853.8999999999999,13,13,plants,0.9230769230769231,0.0,0.0,0.07692307692307693,Campsis grandiflora; Capsicum; Capsicum annuum
HVJKZICIMIWFCP-UHFFFAOYSA-N,Benzyl isovalerate,CC(C)CC(=O)OCc1ccccc1,,Fatty acids,192.258,558.6199999999999,13,13,plants,1.0,0.0,0.0,0.0,Achillea abrotanoides; Angasomyrtus salina; Artemisia annua
XKGLSKVNOSHTAD-UHFFFAOYSA-N,Valerophenone,CCCCC(=O)c1ccccc1,,Shikimates and Phenylpropanoids,162.232,531.8299999999999,13,12,plants,0.8333333333333334,0.08333333333333333,0.08333333333333333,0.0,Angelica acutiloba; Angelica gigas; Angelica sinensis
DHKHKXVYLBGOIT-UHFFFAOYSA-N,Acetal,CCOC(C)OCC,"alcoholic, fruity, green, sweet, vegetable, nutty, ethereal, earthy",Fatty acids,118.176,381.28,13,13,plants,0.9230769230769231,0.0,0.0,0.0,Allium ampeloprasum; Allium cepa; Citrus reticulata
YXGUBJPWGFKWQA-UHFFFAOYSA-N,"1-(2,2,3-trimethylcyclopent-3-en-1-yl)ethanone",CC(=O)C1CC=C(C)C1(C)C,,Terpenoids,152.237,497.25999999999993,13,13,plants,1.0,0.0,0.0,0.0,Eucalyptus astringens; Eucalyptus bridgesiana; Eucalyptus cladocalyx
ROWKJAVDOGWPAT-VKHMYHEASA-N,(S)-Acetoin,CC(=O)[C@H](C)O,,Fatty acids,88.106,436.72999999999996,13,12,bacteria,0.25,0.0,0.0,0.75,Angelica dahurica; Catharanthus roseus; Streptomyces aureofaciens
VIHAEDVKXSOUAT-UHFFFAOYSA-N,2(5H)-Furanone,O=C1C=CCO1,,Polyketides,84.07400000000001,359.90999999999997,13,13,fungi,0.3076923076923077,0.07692307692307693,0.5384615384615384,0.07692307692307693,Caenorhabditis elegans; Camellia sinensis; Crocus sativus
QHKABHOOEWYVLI-UHFFFAOYSA-N,3-Methyl-2-oxobutanoic acid,CC(C)C(=O)C(=O)O,,Fatty acids,116.11599999999997,512.94,13,13,plants,0.5384615384615384,0.15384615384615385,0.15384615384615385,0.15384615384615385,Aloe africana; Aloe ferox; Aloe spicata
PSXNDMJWRZYVTM-UHFFFAOYSA-N,BUTYL OCTANOATE,CCCCCCCC(=O)OCCCC,,Fatty acids,200.32199999999995,532.3799999999999,13,12,plants,1.0,0.0,0.0,0.0,Angelica acutiloba; Angelica gigas; Angelica sinensis
OGJYXQFXLSCKTP-LCYFTJDESA-N,,CC(C)=CCC/C(C)=C\COC(=O)C(C)C,"floral, rose, sweet, strawberry, melon, fruity, pear, fresh, raspberry, green, citrus",Fatty acids,224.34399999999997,585.78,13,13,plants,1.0,0.0,0.0,0.0,Aloysia citriodora; Aloysia citrodora; Aloysia triphylla
BTNMPGBKDVTSJY-UHFFFAOYSA-N,phenylpyruvic acid,O=C(O)C(=O)Cc1ccccc1,,Shikimates and Phenylpropanoids,164.16,631.5799999999999,13,12,plants,0.5833333333333334,0.16666666666666666,0.08333333333333333,0.16666666666666666,Aloe africana; Aloe ferox; Aloe spicata
QELSKZZBTMNZEB-UHFFFAOYSA-N,PROPYLPARABEN,CCCOC(=O)c1ccc(O)cc1,,Shikimates and Phenylpropanoids,180.20299999999997,593.9200000000001,13,13,plants,0.6923076923076923,0.07692307692307693,0.07692307692307693,0.15384615384615385,Ailanthus altissima; Anastatica hierochuntica; Andrographis paniculata
JOOXCMJARBKPKM-UHFFFAOYSA-N,LEVULINIC ACID,CC(=O)CCC(=O)O,,Fatty acids,116.11599999999999,513.38,13,13,plants,0.8461538461538461,0.15384615384615385,0.0,0.0,Catharanthus lanceus; Catharanthus longifolius; Catharanthus ovalis
ZAZVCYBIABTSJR-SZAPHMHZSA-N,cis-Abienol,C=C/C(C)=C\C[C@@H]1[C@@]2(C)CCCC(C)(C)[C@@H]2CC[C@@]1(C)O,,Terpenoids,290.49099999999993,767.3699999999999,13,13,plants,1.0,0.0,0.0,0.0,Abies nebrodensis; Abies nordmanniana; Abies pinsapo subsp. marocana
QGZKDVFQNNGYKY-UHFFFAOYSA-N,ammonia,N,,Amino acids and Peptides,17.031,,13,12,plants,0.8333333333333334,0.08333333333333333,0.0,0.08333333333333333,Arabidopsis thaliana; Cannabis sativa; Chrysophyllum albidum
DYAOGZLLMZQVHY-MBXJOHMKSA-N,,C/C=C(/C=O)c1ccccc1,,Shikimates and Phenylpropanoids,146.189,507.78,13,13,plants,0.8461538461538461,0.15384615384615385,0.0,0.0,Arachis hypogaea; Bertholletia excelsa; Camellia sinensis
XCBBNTFYSLADTO-UHFFFAOYSA-N,"Octane-2,3-dione",CCCCCC(=O)C(C)=O,,Fatty acids,142.19799999999998,490.38,13,11,plants,0.8181818181818182,0.09090909090909091,0.09090909090909091,0.0,Allium cepa; Amaranthus retroflexus; Ceratophyllum demersum
ACWQBUSCFPJUPN-HWKANZROSA-N,,C/C=C(\C)C=O,"almond, fruity, green, herbal",Fatty acids,84.11799999999998,366.7,13,12,plants,1.0,0.0,0.0,0.0,Allium cepa; Allium schoenoprasum; Aloe africana
YKYONYBAUNKHLG-UHFFFAOYSA-N,Propyl acetate,CCCOC(C)=O,,Fatty acids,102.13299999999998,372.21999999999997,13,11,plants,0.8181818181818182,0.09090909090909091,0.0,0.09090909090909091,Croton lechleri Mull.Arg.; Cucumis melo; Escherichia coli
FNODWEPAWIJGPM-UHFFFAOYSA-N,Ethyl 2-methoxybenzoate,CCOC(=O)c1ccccc1OC,,Shikimates and Phenylpropanoids,180.20299999999997,540.7,13,13,plants,0.6923076923076923,0.15384615384615385,0.15384615384615385,0.0,Aconitum fischeri; Apocynum androsaemifolium; Espeletia grandiflora
PQLMXFQTAMDXIZ-UHFFFAOYSA-N,Isoamyl butyrate,CCCC(=O)OCCC(C)C,,Fatty acids,158.24099999999999,463.3,12,12,plants,0.9166666666666666,0.08333333333333333,0.0,0.0,Capsicum annuum; Carica papaya; Ceratonia siliqua
UYWQUFXKFGHYNT-UHFFFAOYSA-N,Benzyl formate,O=COCc1ccccc1,,Shikimates and Phenylpropanoids,136.14999999999998,385.74,12,12,plants,1.0,0.0,0.0,0.0,Acacia dealbata; Aesculus hippocastanum; Camellia sinensis
HGINCPLSRVDWNT-UHFFFAOYSA-N,ACROLEIN,C=CC=O,,Fatty acids,56.064,313.58,12,12,plants,0.9166666666666666,0.08333333333333333,0.0,0.0,Allium macrochaetum; Aloe africana; Aloe ferox
BXOCHUWSGYYSFW-HVWOQQCMSA-N,,C/C=C/C=C\CC/C=C/C(=O)NCC(C)C,,Fatty acids,221.344,636.0,12,12,plants,1.0,0.0,0.0,0.0,Acmella ciliata; Acmella oleracea; Acmella oppositifolia
XXROGKLTLUQVRX-UHFFFAOYSA-N,ALLYL ALCOHOL,C=CCO,,Fatty acids,58.08,357.1,12,11,plants,0.8181818181818182,0.09090909090909091,0.0,0.09090909090909091,Allium sativum; Aniba megaphylla; Berberis integerrima
OJYLAHXKWMRDGS-UHFFFAOYSA-N,ZINGERONE,COc1cc(CCC(C)=O)ccc1O,,Shikimates and Phenylpropanoids,194.23000000000002,639.85,12,10,plants,1.0,0.0,0.0,0.0,Aframomum melegueta; Alpinia officinarum; Artemisia aethiopica
ZCZSIDMEHXZRLG-UHFFFAOYSA-N,Heptyl acetate,CCCCCCCOC(C)=O,"fatty, floral, fruity, aldehydic, rummy, winey, apricot, pear, fresh, green, woody, citrus, waxy",Fatty acids,158.24099999999999,463.73999999999995,12,11,plants,1.0,0.0,0.0,0.0,Bupleurum fruticosum; Citrus maxima; Cucumis melo
JOZKFWLRHCDGJA-LLVKDONJSA-N,20425-54-1,CC(=O)OCC[C@H](C)CCC=C(C)C,,Terpenoids,198.30599999999998,535.98,12,12,plants,1.0,0.0,0.0,0.0,Acorus calamus; Citrus reticulata; Citrus sinensis L.
QJJDNZGPQDGNDX-UHFFFAOYSA-N,Dihydro-beta-ionone,CC(=O)CCC1=C(C)CCCC1(C)C,,Terpenoids,194.31799999999996,579.8199999999999,12,12,plants,0.5833333333333334,0.08333333333333333,0.0,0.3333333333333333,Boronia megastigma; Bruguiera gymnorhiza; Calothrix Plectonema sp.
FUSUHKVFWTUUBE-UHFFFAOYSA-N,METHYL VINYL KETONE,C=CC(C)=O,,Fatty acids,70.091,341.66999999999996,12,12,plants,0.8333333333333334,0.08333333333333333,0.0,0.08333333333333333,Artemisia argyi; Artemisia montana; Artemisia princeps
ICMAFTSLXCXHRK-UHFFFAOYSA-N,ETHYL VALERATE,CCCCC(=O)OCC,"apple, fruity, pineapple, tropical, sweet, berry, acidic, green",Fatty acids,130.18699999999998,417.98,12,10,plants,0.9,0.1,0.0,0.0,Aca sellowiana; Asystasia gangetica; Eriostemon trachyphyllus
RPRPDTXKGSIXMD-UHFFFAOYSA-N,Butyl hexanoate,CCCCCC(=O)OCCCC,,Fatty acids,172.26799999999994,486.61999999999995,12,12,plants,0.9166666666666666,0.08333333333333333,0.0,0.0,Angelica acutiloba; Angelica gigas; Angelica sinensis
BTFQKIATRPGRBS-UHFFFAOYSA-N,2-Methylbenzaldehyde,Cc1ccccc1C=O,,Shikimates and Phenylpropanoids,120.15099999999998,390.72,12,12,plants,0.9166666666666666,0.0,0.0,0.08333333333333333,Allamanda cathartica; Allium sativum; Artemisia minor
BKAJNAXTPSGJCU-UHFFFAOYSA-N,4-methyl-2-oxopentanoic acid,CC(C)CC(=O)C(=O)O,,Fatty acids,130.143,535.8199999999999,12,11,plants,0.6363636363636364,0.18181818181818182,0.09090909090909091,0.09090909090909091,Arabidopsis thaliana; Caenorhabditis elegans; Chlamydomonas reinhardtii
CCEFMUBVSUDRLG-IDKOKCKLSA-N,"Limonene oxide, (-)-",C=C(C)[C@H]1CCC2(C)OC2C1,minty,Terpenoids,152.237,465.22999999999996,12,12,plants,1.0,0.0,0.0,0.0,Angelica acutiloba; Angelica gigas; Angelica sinensis
MMFCJPPRCYDLLZ-HJWRWDBZSA-N,,CCCCCCC/C=C\C=O,,Fatty acids,154.253,481.22,12,11,plants,1.0,0.0,0.0,0.0,Angelica acutiloba; Angelica gigas; Angelica sinensis
WJSDHUCWMSHDCR-YVMONPNESA-N,,CC(=O)OC/C=C\c1ccccc1,,Shikimates and Phenylpropanoids,176.215,540.3399999999999,12,10,plants,0.9,0.1,0.0,0.0,Alpinia nutans; Cinamomum cassia; Cinnamomum aromaticum
RZRNAYUHWVFMIP-KTKRTIGZSA-N,,CCCCCCCC/C=C\CCCCCCCC(=O)OCC(O)CO,,Fatty acids,356.547,926.3799999999999,12,12,plants,1.0,0.0,0.0,0.0,Andrographis paniculata; Arachis hypogaea; Bauhinia Purpurea
AYQPVPFZWIQERS-VOTSOKGWSA-N,,CCCCC/C=C/CO,,Fatty acids,128.21499999999997,478.97999999999996,12,9,plants,0.5555555555555556,0.0,0.3333333333333333,0.0,Ardisiae japonicae; Armillaria matsutake; Artemisia argyi
AXISYYRBXTVTFY-UHFFFAOYSA-N,ISOPROPYL MYRISTATE,CCCCCCCCCCCCCC(=O)OC(C)C,,Fatty acids,270.45699999999994,646.3399999999999,12,10,plants,0.9,0.1,0.0,0.0,Callistemon polandii; Capparis spinosa; Capsicum annuum
ZSKGQVFRTSEPJT-UHFFFAOYSA-N,1H-Pyrrole-2-carbaldehyde,O=Cc1ccc[nH]1,,Alkaloids,95.10099999999998,362.22,12,11,plants,0.9090909090909091,0.09090909090909091,0.0,0.0,Angelica acutiloba; Angelica gigas; Angelica sinensis
XJPBRODHZKDRCB-CSKARUKUSA-N,,C=C/C(C)=C/CCC(=C)C,,Terpenoids,136.238,425.67999999999995,12,12,plants,1.0,0.0,0.0,0.0,Citrus reticulata; Citrus reticulate; Citrus deliciosa
MDCGEAGEQVMWPE-AATRIKPKSA-N,,CC1=CC(=O)CC(C)(C)C1/C=C/C(C)O,,Terpenoids,208.30100000000002,680.02,12,11,plants,1.0,0.0,0.0,0.0,Drymaria cordata; Drymaria diandra; Nicotiana acuminata
FQMZVFJYMPNUCT-XFFZJAGNSA-N,,CC(C)=CCC/C(C)=C\COC=O,,Terpenoids,182.26299999999998,435.78,12,12,plants,1.0,0.0,0.0,0.0,Chenopodium ambrosioides; Citrus aurantiifolia; Citrus limon
OALYTRUKMRCXNH-MRVPVSSYSA-N,(5R)-5-pentyloxolan-2-one,CCCCC[C@@H]1CCC(=O)O1,,Fatty acids,156.225,470.47999999999996,12,12,plants,1.0,0.0,0.0,0.0,Angelica acutiloba; Angelica gigas; Angelica sinensis
WDAXFOBOLVPGLV-UHFFFAOYSA-N,ETHYL ISOBUTYRATE,CCOC(=O)C(C)C,"apple, ethereal, fruity, rummy, sweet, pungent, alcoholic",Fatty acids,116.15999999999998,394.65999999999997,12,12,plants,0.8333333333333334,0.0,0.0,0.16666666666666666,Acacia dealbata; Amaranthus retroflexus; Carica papaya
CETWDUZRCINIHU-ZETCQYMHSA-N,(S)-(+)-2-Heptanol,CCCCC[C@H](C)O,"mushroom, fatty, oily, cheesy",Fatty acids,116.20399999999998,451.5,12,11,plants,1.0,0.0,0.0,0.0,Aframomum melegueta; Bistorta manshuriensis; Bistorta officinalis
KSKXSFZGARKWOW-GQCTYLIASA-N,,CC(=O)/C=C/C=C(C)C,,Fatty acids,124.18299999999998,444.71,12,11,plants,0.9090909090909091,0.0,0.09090909090909091,0.0,Actaea dahurica; Actaea heracleifolia; Actaea simplex
FDPIMTJIUBPUKL-UHFFFAOYSA-N,3-PENTANONE,CCC(=O)CC,,Fatty acids,86.134,367.87,12,10,plants,0.9,0.1,0.0,0.0,Basella alba; Capsicum annuum; Cichorium endivia
NIQCNGHVCWTJSM-UHFFFAOYSA-N,Dimethyl phthalate,COC(=O)c1ccccc1C(=O)OC,,Shikimates and Phenylpropanoids,194.18599999999995,576.5,12,12,plants,0.9166666666666666,0.0,0.08333333333333333,0.0,Allium ampeloprasum; Angelica sinensis; Avicennia marina
ZENOXNGFMSCLLL-UHFFFAOYSA-N,Vanillyl alcohol,COc1cc(CO)ccc1O,,,154.165,609.52,12,12,plants,1.0,0.0,0.0,0.0,Artemisia ludoviciana; Artemisia rutifolia; Capsicum annuum
KGEKLUUHTZCSIP-JFGNBEQYSA-N,Isobornyl acetate,CC(=O)O[C@H]1C[C@H]2CC[C@@]1(C)C2(C)C,"camphoreous, earthy, fruity, herbal, pine, woody",Terpenoids,196.29,541.27,11,11,plants,1.0,0.0,0.0,0.0,Callitris baileyi; Chrysanthemum indicum; Chrysanthemum x morifolium
HDDLVZWGOPWKFW-UHFFFAOYSA-N,Trimethyl citrate,COC(=O)CC(O)(CC(=O)OC)C(=O)OC,,Fatty acids,234.20399999999998,669.1299999999999,11,11,plants,1.0,0.0,0.0,0.0,Corylus avellana; Cratoxylum cochinchinense; Dioscorea japonica
SMWDFEZZVXVKRB-UHFFFAOYSA-N,QUINOLINE,c1ccc2ncccc2c1,"animal, musty, sweet, tobacco, medicinal, earthy, leathery",Alkaloids,129.16199999999998,504.88,11,9,plants,0.6666666666666666,0.1111111111111111,0.0,0.0,Gymnodinium nagasakiense; Karenia mikimotoi; Mentha gentilis
JLIDVCMBCGBIEY-UHFFFAOYSA-N,ETHYL VINYL KETONE,C=CC(=O)CC,"alliaceous, pungent, radish, spicy, peppery, garlic, onion, ethereal",Fatty acids,84.118,364.54999999999995,11,11,plants,0.9090909090909091,0.09090909090909091,0.0,0.0,Actinidia chinensis; Carica papaya; Cichorium endivia
TVQGDYNRXLTQAP-UHFFFAOYSA-N,ETHYL HEPTANOATE,CCCCCCC(=O)OCC,"cognac, fruity, winey, sweet, rummy, estery, berry, banana, pineapple, green",Fatty acids,158.24099999999999,463.73999999999995,11,11,plants,0.9090909090909091,0.09090909090909091,0.0,0.0,Carica papaya; Hippophae rhamnoides; Homo sapiens
YNBADRVTZLEFNH-UHFFFAOYSA-N,METHYL NICOTINATE,COC(=O)c1cccnc1,"herbal, sweet, tobacco, warm",Alkaloids,137.138,498.35999999999996,11,11,plants,0.8181818181818182,0.0,0.0,0.18181818181818182,Annona muricata; Areca Catechu; Areca catechu
YGCZTXZTJXYWCO-UHFFFAOYSA-N,3-Phenylpropanal,O=CCCc1ccccc1,"balsamic, floral, green, aldehydic, leafy, cortex, melon, fresh",Shikimates and Phenylpropanoids,134.17799999999997,480.85999999999996,11,10,plants,0.9,0.1,0.0,0.0,Aleuroglyphus ovatus; Chondropetalum paniculatum; Cinnamomum cassia
JECYUBVRTQDVAT-UHFFFAOYSA-N,2'-Hydroxyacetophenone,CC(=O)c1ccccc1O,,Shikimates and Phenylpropanoids,136.14999999999998,543.81,11,10,plants,1.0,0.0,0.0,0.0,Aronia melanocarpa; Carissa edulis; Carissa inermis
ZCHOPXVYTWUHDS-WAYWQWQTSA-N,,CC/C=C\CCOC(=O)CCC,,Fatty acids,170.25199999999998,490.78000000000003,11,10,plants,1.0,0.0,0.0,0.0,Aca sellowiana; Acca sellowiana; Ailanthus altissima
RJUFJBKOKNCXHH-UHFFFAOYSA-N,METHYL PROPIONATE,CCC(=O)OC,"ethereal, fruity, rummy, strawberry, apple, fresh",Fatty acids,88.106,349.34,11,10,plants,0.9,0.1,0.0,0.0,Actinidia chinensis; Amaranthus retroflexus; Carica papaya
NWVVVBRKAWDGAB-UHFFFAOYSA-N,4-Methoxyphenol,COc1ccc(O)cc1,,Shikimates and Phenylpropanoids,124.13899999999997,489.48,11,7,plants,0.5714285714285714,0.14285714285714285,0.2857142857142857,0.0,Ascia monuste; Cannabis sativa; Cordyceps sinensis
SUAUILGSCPYJCS-UHFFFAOYSA-N,MUSK AMBRETTE,COc1c(C(C)(C)C)cc([N+](=O)[O-])c(C)c1[N+](=O)[O-],"floral, musk, sweet, musty",,268.26899999999995,843.6299999999999,11,11,plants,0.8181818181818182,0.09090909090909091,0.09090909090909091,0.0,Agave atrovirens; Anemarrhena asphodeloides; Euphorbia royleana
CCEFMUBVSUDRLG-BBBLOLIVSA-N,(+)-trans-Limonene oxide,C=C(C)[C@@H]1CC[C@]2(C)O[C@@H]2C1,,Terpenoids,152.237,465.22999999999996,11,11,plants,0.9090909090909091,0.0,0.0,0.09090909090909091,Artemisia capillaris; Citrus medica; Citrus paradisi
CETWDUZRCINIHU-SSDOTTSWSA-N,(R)-(-)-2-Heptanol,CCCCC[C@@H](C)O,"sweet, fruity, fatty, oily",Fatty acids,116.20399999999998,451.5,11,10,plants,1.0,0.0,0.0,0.0,Bistorta manshuriensis; Bistorta officinalis; Curcuma kwangsiensis
XPQPWPZFBULGKT-UHFFFAOYSA-N,METHYL UNDECANOATE,CCCCCCCCCCC(=O)OC,,Fatty acids,200.32199999999997,532.3799999999999,11,11,plants,1.0,0.0,0.0,0.0,Anethum graveolens; Apium graveolens; Astragalus membranaceus
WAPNOHKVXSQRPX-ZETCQYMHSA-N,(S)-1-Phenylethanol,C[C@H](O)c1ccccc1,"floral, strawberry, hyacinth",Shikimates and Phenylpropanoids,122.16699999999996,501.06,11,11,plants,0.9090909090909091,0.09090909090909091,0.0,0.0,Aloe africana; Aloe ferox; Aloe spicata
UENWRTRMUIOCKN-UHFFFAOYSA-N,BENZYL MERCAPTAN,SCc1ccccc1,"garlic, onion, sulfurous, horseradish, alliaceous, coffee, minty, sharp",Shikimates and Phenylpropanoids,124.20799999999996,449.29999999999995,11,10,plants,0.8,0.1,0.1,0.0,Agave atrovirens; Anemarrhena asphodeloides; Coronopus didymus
UXFSPRAGHGMRSQ-UHFFFAOYSA-N,2-ISOBUTYL-3-METHOXYPYRAZINE,COc1nccnc1CC(C)C,green,Alkaloids,166.224,566.56,11,11,plants,0.6363636363636364,0.2727272727272727,0.0,0.09090909090909091,Amata; Asclepias curassavica; Capsicum annuum
OSOIQJGOYGSIMF-UHFFFAOYSA-N,CYCLOPENTADECANONE,O=C1CCCCCCCCCCCCCC1,"natural, animal, powdery, musk",Fatty acids,224.38799999999992,673.27,11,9,plants,0.5555555555555556,0.4444444444444444,0.0,0.0,Acidum thymici; Angelica acutiloba; Angelica gigas
FGKJLKRYENPLQH-UHFFFAOYSA-N,4-Methylvaleric acid,CC(C)CCC(=O)O,"cheesy, pungent, sour",Fatty acids,116.15999999999998,481.95,11,11,plants,0.7272727272727273,0.09090909090909091,0.0,0.18181818181818182,Amorphophallus elatus; Capsicum annuum var. annuum; Fragaria
NTOPKICPEQUPPH-UHFFFAOYSA-N,2-ISOPROPYL-3-METHOXYPYRAZINE,COc1nccnc1C(C)C,"earthy, potato, vegetable, nutty, chocolate",Alkaloids,152.19699999999997,543.6800000000001,10,10,plants,0.7,0.2,0.0,0.1,Asclepias curassavica; Coccinella septempunctata; Coffea arabica
PBGWNXWNCSSXCO-UHFFFAOYSA-N,Hexyl octanoate,CCCCCCCC(=O)OCCCCCC,"fatty, fruity, green, herbal, estery, berry, apple, waxy",Fatty acids,228.37599999999992,578.1399999999999,10,10,plants,1.0,0.0,0.0,0.0,Boswellia carteri; Boswellia carterii; Boswellia sacra
UBLAMKHIFZBBSS-UHFFFAOYSA-N,Isoamyl valerate,CCCCC(=O)OCCC(C)C,,Fatty acids,172.26799999999997,486.18,10,10,plants,0.9,0.1,0.0,0.0,Acmella ciliata; Capsicum annuum; Catha edulis
PGMYKACGEOXYJE-UHFFFAOYSA-N,Amyl acetate,CCCCCOC(C)=O,"banana, ethereal, fruity, apple, pear",Fatty acids,130.18699999999998,417.98,10,7,plants,0.8571428571428571,0.14285714285714285,0.0,0.0,Akebia quinata; Akebia trifoliata; Homo sapiens
NOTCZLKDULMKBR-UHFFFAOYSA-N,3-Methoxy-5-methylphenol,COc1cc(C)cc(O)c1,,Polyketides,138.166,517.34,10,9,plants,0.7777777777777778,0.0,0.2222222222222222,0.0,Calypogeia integristipula; Cetraria islandica; Cirsium brevistylum
PTEYJUIKYIKULL-UHFFFAOYSA-N,ETHYL PENTADECANOATE,CCCCCCCCCCCCCCC(=O)OCC,,Fatty acids,270.45699999999994,646.78,10,10,plants,0.8,0.0,0.0,0.2,Carica papaya; Coriandrum sativum; Ligusticum chuanxiong
RFVNOJDQRGSOEL-UHFFFAOYSA-N,Ethylene glycol monostearate,CCCCCCCCCCCCCCCCCC(=O)OCCO,,Fatty acids,328.53700000000003,807.5999999999999,10,9,plants,1.0,0.0,0.0,0.0,Adenanthera pavonina; Aleurites cordata; Bupleurum smithii var. parvifolium
PDEQKAVEYSOLJX-YHYXMXQVSA-N,,C/C(=C/CCC1(C)C2CC3C(C2)C31C)CO,,Terpenoids,220.356,641.8399999999999,10,10,plants,1.0,0.0,0.0,0.0,Amomum longiligulare; Amomum villosum; Amomum xanthioides
OBHGOXFSRVNKBS-AATRIKPKSA-N,,CC(=O)/C=C/C1=C(C)C(=O)CCC1(C)C,,Terpenoids,206.28499999999994,651.8,10,10,plants,0.5,0.1,0.0,0.4,Aster scaber; Boronia megastigma; Camellia Sinensis
SJWFXCIHNDVPSH-QMMMGPOBSA-N,(S)-(+)-2-Octanol,CCCCCC[C@H](C)O,"mushroom, fatty, grape, oily, creamy",Fatty acids,130.231,474.38,10,10,plants,1.0,0.0,0.0,0.0,Actaea dahurica; Actaea heracleifolia; Actaea simplex
QNVRIHYSUZMSGM-LURJTMIESA-N,(S)-(+)-2-Hexanol,CCCC[C@H](C)O,,Fatty acids,102.17699999999998,428.62,10,10,plants,1.0,0.0,0.0,0.0,Camellia saluenensis; Carica papaya; Carthamus tinctorius
ZTJZJYUGOJYHCU-RMKNXTFCSA-N,,CC(=O)/C=C/C12OC1(C)CCCC2(C)C,,Terpenoids,208.30099999999993,595.8199999999999,10,9,plants,0.6666666666666666,0.0,0.0,0.3333333333333333,Camellia sinensis; Ceratophyllum demersum; Craibiodendron yunnanese
ZPKNTCZTABQJPS-PKNBQFBNSA-N,,CCOC(=O)/C=C(\C)CCC=C(C)C,,Terpenoids,196.28999999999996,540.46,10,10,plants,1.0,0.0,0.0,0.0,Acacia arabica; Acer tataricum subsp. ginnala; Ampelopsis glandulosa var. brevipedunculata
NSSALFVIQPAIQK-BQYQJAHWSA-N,,CCCCCC/C=C/CO,,Fatty acids,142.242,501.86,10,9,plants,0.8888888888888888,0.1111111111111111,0.0,0.0,Anomala albopilosa; Bistorta manshuriensis; Bistorta officinalis
BYGQBDHUGHBGMD-YFKPBYRVSA-N,(S)-2-methylbutanal,CC[C@H](C)C=O,,Fatty acids,86.13399999999999,362.21999999999997,10,10,plants,0.9,0.1,0.0,0.0,Aloe africana; Aloe ferox; Aloe spicata
ZJIQIJIQBTVTDY-VOTSOKGWSA-N,,C=CC(C)(O)C/C=C/C(=C)C,,Terpenoids,152.23699999999997,514.75,10,10,plants,1.0,0.0,0.0,0.0,Asarum canadense; Hamamelis virginiana; Laggera pterodonta
DTCCTIQRPGSLPT-ONEGZZNKSA-N,trans-2-Pentenal,CC/C=C/C=O,,Fatty acids,84.118,366.82,10,9,plants,1.0,0.0,0.0,0.0,Abrus precatorius; Arctostaphylos uva-ursi; Camellia saluenensis
SHOJXDKTYKFBRD-UHFFFAOYSA-N,MESITYL OXIDE,CC(=O)C=C(C)C,,Fatty acids,98.145,394.78999999999996,10,9,plants,0.6666666666666666,0.1111111111111111,0.1111111111111111,0.0,Ardisiae japonicae; Bistorta manshuriensis; Bistorta officinalis
WNZQDUSMALZDQF-UHFFFAOYSA-N,PHTHALIDE,O=C1OCc2ccccc21,,Polyketides,134.13399999999996,475.39,10,10,plants,1.0,0.0,0.0,0.0,Angelica acutiloba; Angelica gigas; Angelica sinensis
RWCCWEUUXYIKHB-UHFFFAOYSA-N,BENZOPHENONE,O=C(c1ccccc1)c1ccccc1,"rose, metallic, herbal, powdery, balsamic, geranium",Shikimates and Phenylpropanoids,182.222,604.27,10,9,plants,0.5555555555555556,0.1111111111111111,0.0,0.3333333333333333,Acacia dealbata; Capsicum annuum; Daucus carota
XVSZRAWFCDHCBP-UHFFFAOYSA-N,Isopentyl hexanoate,CCCCCC(=O)OCCC(C)C,,Fatty acids,186.29499999999996,509.06,10,10,plants,1.0,0.0,0.0,0.0,Artemisia annua; Bothriochloa bladhii; Carica papaya
LSJMDWFAADPNAX-UHFFFAOYSA-N,PROPYL ISOVALERATE,CCCOC(=O)CC(C)C,,Fatty acids,144.21399999999997,440.41999999999996,10,10,plants,0.8,0.2,0.0,0.0,Acmella ciliata; Catha edulis; Chresta sphaerocephala
ZBCBWPMODOFKDW-UHFFFAOYSA-N,DIETHANOLAMINE,OCCNCCO,,Alkaloids,105.137,525.65,10,9,plants,0.7777777777777778,0.2222222222222222,0.0,0.0,Caenorhabditis elegans; Crepis pulchra; Echinops exaltatus
POQLVOYRGNFGRM-UHFFFAOYSA-N,2-Tetradecanone,CCCCCCCCCCCCC(C)=O,,Fatty acids,212.37699999999995,573.79,10,10,plants,0.6,0.1,0.1,0.2,Commiphora rostrata; Evernia prunastri; Flavobacterium
CIBKSMZEVHTQLG-UHFFFAOYSA-N,"5-Ethyl-2,3-dimethylpyrazine",CCc1cnc(C)c(C)n1,"almond, burnt, chocolate, cocoa, nutty, roasted, popcorn",Alkaloids,136.19799999999998,526.6800000000001,10,10,plants,0.6,0.1,0.0,0.3,Aconitum kongboense; Chimaphila umbellata; Collinsonia canadensis
RWRDLPDLKQPQOW-UHFFFAOYSA-N,PYRROLIDINE,C1CCNC1,"animal, fishy",Alkaloids,71.123,359.62,9,9,plants,1.0,0.0,0.0,0.0,Camellia sinensis; Cannabis sativa; Daucus carota
FKUPPRZPSYCDRS-UHFFFAOYSA-N,Oxacyclohexadecan-2-one,O=C1CCCCCCCCCCCCCCO1,"musk, pear, sweet, natural, animal, fruity, powdery, tobacco, coumarinic, brown",Fatty acids,240.38699999999992,659.3999999999999,9,9,plants,1.0,0.0,0.0,0.0,Angelica acutiloba; Angelica archangelica; Angelica archangelica L.
GJRQTCIYDGXPES-UHFFFAOYSA-N,ISOBUTYL ACETATE,CC(=O)OCC(C)C,,Fatty acids,116.16,394.65999999999997,9,7,plants,0.7142857142857143,0.14285714285714285,0.14285714285714285,0.0,Alpinia galanga; Oreotragus oreotragus; Psidium guajava
XAOGXQMKWQFZEM-UHFFFAOYSA-N,Isoamyl propionate,CCC(=O)OCCC(C)C,,Fatty acids,144.21399999999997,440.41999999999996,9,8,plants,0.875,0.125,0.0,0.0,Annona reticulata; Artemisia argyi; Artemisia montana
AIJULSRZWUXGPQ-UHFFFAOYSA-N,methylglyoxal,CC(=O)C=O,,Fatty acids,72.063,370.77,9,8,plants,0.5,0.25,0.125,0.125,Arabidopsis thaliana; Escherichia coli; Glycyrrhiza uralensis
JXJIQCXXJGRKRJ-KOOBJXAQSA-N,,CC(=O)/C=C/C=C(\C)CCC=C(C)C,,Terpenoids,192.30199999999996,563.15,9,8,plants,1.0,0.0,0.0,0.0,Laurus; Laurus nobilis L.; Nelumbo nucifera
GXANMBISFKBPEX-ONEGZZNKSA-N,3-Hexenal,CC/C=C/CC=O,,Fatty acids,98.145,389.7,9,8,plants,1.0,0.0,0.0,0.0,Aloe arborescens; Camellia sinensis; Nepeta racemosa
XDVDHFJMCJWDPI-VNHYZAJKSA-N,(-)-alpha-acorenol,CC1=CC[C@@]2(CC1)[C@H](C)CC[C@H]2C(C)(C)O,,Terpenoids,222.37199999999999,662.02,9,9,plants,1.0,0.0,0.0,0.0,Athrotaxis; Athrotaxis cupressoides; Athrotaxis laxifolia
XDOFQFKRPWOURC-UHFFFAOYSA-N,ISOSTEARIC ACID,CC(C)CCCCCCCCCCCCCCC(=O)O,,Fatty acids,284.4839999999999,756.51,9,9,bacteria,0.3333333333333333,0.2222222222222222,0.0,0.4444444444444444,Antirrhinum majus; Aristolochia grandiflora; Artocarpus altilis
XSIFPSYPOVKYCO-UHFFFAOYSA-N,BUTYL BENZOATE,CCCCOC(=O)c1ccccc1,,Shikimates and Phenylpropanoids,178.231,536.1800000000001,9,8,plants,0.75,0.0,0.0,0.25,Aca sellowiana; Carica papaya; Chenopodium ambrosioides
HCFAJYNVAYBARA-UHFFFAOYSA-N,4-Heptanone,CCCC(=O)CCC,,Fatty acids,114.18799999999999,413.63,9,8,plants,0.875,0.125,0.0,0.0,Capillipedium parviflorum; Carica papaya; Fragaria
JRJGKUTZNBZHNK-UHFFFAOYSA-N,3-Phenylpropyl acetate,CC(=O)OCCCc1ccccc1,,Shikimates and Phenylpropanoids,178.23100000000002,536.1800000000001,9,9,plants,1.0,0.0,0.0,0.0,Cinnamomum verum; Commiphora quadricincta; Cucumis melo
OXCKCFJIKRGXMM-UHFFFAOYSA-N,2-ETHYL-5-METHYLPYRAZINE,CCc1cnc(C)cn1,,Alkaloids,122.17099999999998,498.82,9,8,plants,0.625,0.0,0.0,0.375,Arctostaphylos uva-ursi; Camellia sinensis; Coffea arabica
RAFHQTNQEZECFL-UHFFFAOYSA-N,2-ETHYL-6-METHYLPYRAZINE,CCc1cncc(C)n1,,Alkaloids,122.17099999999998,498.82,9,7,plants,0.8571428571428571,0.0,0.14285714285714285,0.0,Arctostaphylos uva-ursi; Camellia sinensis; Coffea arabica
PWLNAUNEAKQYLH-UHFFFAOYSA-N,Octyl butyrate,CCCCCCCCOC(=O)CCC,,Fatty acids,200.32199999999997,532.3799999999999,9,9,plants,0.8888888888888888,0.1111111111111111,0.0,0.0,Backhousia angustifolia; Heracleum antasiaticum; Heracleum dissectum
CZNLTCTYLMYLHL-UHFFFAOYSA-N,Paradol,CCCCCCCC(=O)CCc1ccc(O)c(OC)c1,,Polyketides,278.392,777.1300000000001,9,9,plants,1.0,0.0,0.0,0.0,Aframomum melegueta; Amomum melegueta; Dryopteris crassirhizoma
NOPLRNXKHZRXHT-YFVJMOTDSA-N,,C=CC(=C)CC/C=C(\C)CC/C=C(\C)C=O,,Terpenoids,218.33999999999997,592.78,9,7,plants,1.0,0.0,0.0,0.0,Astrantia major; Citrus Sinensis; Citrus chinensis
IXQGCWUGDFDQMF-UHFFFAOYSA-N,2-ETHYLPHENOL,CCc1ccccc1O,"phenolic, sweet",Polyketides,122.16699999999996,489.94,9,8,plants,1.0,0.0,0.0,0.0,Artemisia capillaris; Cichorium endivia; Ligusticum chuanxiong
ASHGTJPOSUFTGB-UHFFFAOYSA-N,3-METHOXYPHENOL,COc1cccc(O)c1,,Shikimates and Phenylpropanoids,124.13899999999997,489.48,9,9,plants,0.8888888888888888,0.0,0.1111111111111111,0.0,Cynanchum paniculatum; Eriogonum brevicaule; Oxalis pes-caprae
JIGCTXHIECXYRJ-ILWBRPEASA-N,Phytyl acetate,CC(=O)OC/C=C(\C)CCC[C@H](C)CCC[C@H](C)CCCC(C)C,,Terpenoids,338.57600000000014,763.8999999999999,9,9,plants,1.0,0.0,0.0,0.0,Camellia sinensis; Caulerpa racemosa; Chamaecyparis formosensis
PDEQKAVEYSOLJX-BJMVGYQFSA-N,,C/C(=C\CCC1(C)C2CC3C(C2)C31C)CO,,Terpenoids,220.356,641.8399999999999,9,9,plants,1.0,0.0,0.0,0.0,Amomum longiligulare; Amomum villosum; Amomum xanthioides
RXKJFZQQPQGTFL-UHFFFAOYSA-N,"1,3-dihydroxyacetone",O=C(CO)CO,,Carbohydrates,90.078,506.46999999999997,9,9,plants,0.4444444444444444,0.3333333333333333,0.1111111111111111,0.1111111111111111,Arabidopsis thaliana; Asparagus racemosus; Caenorhabditis elegans
LGDSHSYDSCRFAB-UHFFFAOYSA-N,METHYL ISOTHIOCYANATE,CN=C=S,,Fatty acids,73.12,322.53,9,8,plants,0.875,0.125,0.0,0.0,Arivela viscosa; Brassica Juncea; Brassica juncea
TZMFJUDUGYTVRY-UHFFFAOYSA-N,"2,3-PENTANEDIONE",CCC(=O)C(C)=O,"buttery, fatty, oily, sweet, caramellic, nutty, creamy, pungent, cheesy",Fatty acids,100.11699999999999,421.74,9,8,plants,0.75,0.125,0.125,0.0,Allium cepa; Carica papaya; Citrullus lanatus
WAPNOHKVXSQRPX-SSDOTTSWSA-N,(R)-1-phenylethanol,C[C@@H](O)c1ccccc1,"floral, earthy, green",Shikimates and Phenylpropanoids,122.16699999999996,501.06,9,9,plants,0.8888888888888888,0.1111111111111111,0.0,0.0,Aloe africana; Aloe ferox; Aloe spicata
OSORMYZMWHVFOZ-UHFFFAOYSA-N,Phenethyl benzoate,O=C(OCCc1ccccc1)c1ccccc1,,Shikimates and Phenylpropanoids,226.275,654.3799999999999,9,9,plants,1.0,0.0,0.0,0.0,Balantiopsis cancellata; Cryptocarya cunninghamii; Hamamelis virginiana
KJRCEJOSASVSRA-UHFFFAOYSA-N,2-Propanethiol,CC(C)S,,Fatty acids,76.164,330.65999999999997,9,8,plants,1.0,0.0,0.0,0.0,Allium ampeloprasum; Allium cepa; Bulbus allii fistulosi
OGHBUHJLMHQMHS-KRDNBFTESA-N,,C/C=C(\C)C(=O)OC/C=C(\C)CCC=C(C)C,,Fatty acids,236.35499999999993,613.1399999999999,9,8,plants,1.0,0.0,0.0,0.0,Citrus grandis; Citrus maxima; Cryptomeria japonica
BYCHQEILESTMQU-XFXZXTDPSA-N,,CCC(=O)OC/C=C(/C)CCC=C(C)C,,Fatty acids,210.31699999999995,563.3399999999999,9,9,plants,1.0,0.0,0.0,0.0,Apium graveolens; Artemisia argyi; Changium smyrnioides
YDXQPTHHAPCTPP-AATRIKPKSA-N,,CCCC/C=C/CCO,,Fatty acids,128.21499999999997,478.97999999999996,9,8,plants,1.0,0.0,0.0,0.0,Laggera alata; Malpighia emarginata; Malpighia glabra
BDCFWIDZNLCTMF-UHFFFAOYSA-N,2-Phenyl-2-propanol,CC(C)(O)c1ccccc1,,,136.194,521.15,9,9,plants,0.5555555555555556,0.0,0.0,0.4444444444444444,Cedronella canariensis; Mycoplasma genitalium; Origanum onites
GKUUOBPAWXVPEB-UHFFFAOYSA-N,,CC1(C)CC2C3CCCC(C)(C3O)C2C1,,Terpenoids,208.345,627.3299999999999,9,8,plants,1.0,0.0,0.0,0.0,Cinnamomum aromaticum; Cinnamomum burmanni; Cinnamomum cassia
HUAZGNHGCJGYNP-UHFFFAOYSA-N,Propyl butyrate,CCCOC(=O)CCC,"fruity, sweet, pineapple, apricot, ethereal",Fatty acids,130.18699999999998,417.98,9,9,plants,0.8888888888888888,0.1111111111111111,0.0,0.0,Annona reticulata; Carica papaya; Homo sapiens
WXQYRBLGGSLJHA-UHFFFAOYSA-N,Capillene,CC#CC#CCc1ccccc1,,Shikimates and Phenylpropanoids,154.212,518.8399999999999,9,8,plants,1.0,0.0,0.0,0.0,Artemisia Capillaris; Artemisia capillaries; Artemisia capillaris
KVMWYGAYARXPOL-QDEBKDIKSA-N,,C/C=C(\C)C(=O)OCCc1ccccc1,,,204.269,585.98,9,9,plants,1.0,0.0,0.0,0.0,Achillea abrotanoides; Artemisia annua; Mangifera indica
KEFJLCGVTHRGAH-UHFFFAOYSA-N,2-ACETYL-5-METHYLFURAN,CC(=O)c1ccc(C)o1,,Polyketides,124.13899999999997,468.81,9,8,plants,0.75,0.125,0.125,0.0,Aspergillus candidus; Chrysopogon zizanioides; Cinnamomum kotoense
GLYJVQDYLFAUFC-UHFFFAOYSA-N,BUTYL PALMITATE,CCCCCCCCCCCCCCCC(=O)OCCCC,,Fatty acids,312.53800000000007,715.4200000000001,9,7,plants,0.7142857142857143,0.2857142857142857,0.0,0.0,Arabidopsis thaliana; Caryocar brasiliense; Herba ecliptae prostratae
YTPLMLYBLZKORZ-UHFFFAOYSA-N,THIOPHENE,c1ccsc1,,,84.14299999999999,357.22,9,8,plants,0.875,0.125,0.0,0.0,Arnebia euchroma; Arnebia guttata; Coffea arabica
WBJINCZRORDGAQ-UHFFFAOYSA-N,ETHYL FORMATE,CCOC=O,,Fatty acids,74.07900000000001,244.65999999999997,9,8,plants,1.0,0.0,0.0,0.0,Aster scaber; Coffea arabica; Erigeron canadensis
PDSNLYSELAIEBU-PQNSMMMDSA-N,PDSNLYSELAIEBU-PQNSMMMDSA-N,C=C1C2CC[C@H]3C2C(C)(C)CCC[C@]13C,,Terpenoids,204.35699999999994,561.8599999999999,9,9,plants,1.0,0.0,0.0,0.0,Acorus calamus; Aquilaria agallochum; Aquilaria sinensis
NIPNNUONNZABRE-PDBXOOCHSA-N,,CC/C=C\C/C=C\C/C=C\CCCCCCC=O,,Fatty acids,248.4099999999999,649.7,9,9,plants,0.8888888888888888,0.0,0.1111111111111111,0.0,Aspergillus violaceus; Brachychiton discolor; Eschweilera coriacea
IKDIJXDZEYHZSD-UHFFFAOYSA-N,Phenethyl formate,O=COCCc1ccccc1,,Shikimates and Phenylpropanoids,150.177,408.62,8,8,plants,1.0,0.0,0.0,0.0,Achillea abrotanoides; Camellia sinensis; Coffea arabica
KVFIJIWMDBAGDP-UHFFFAOYSA-N,2-ETHYLPYRAZINE,CCc1cnccn1,"buttery, musty, nutty, fermented, meaty, cocoa, coffee, roasted, woody",Alkaloids,108.14399999999998,470.96,8,7,plants,0.8571428571428571,0.0,0.14285714285714285,0.0,Arctostaphylos uva-ursi; Camellia sinensis; Coffea arabica
YZJCDVRXBOPXSQ-UHFFFAOYSA-N,Benzyl valerate,CCCCC(=O)OCc1ccccc1,,Fatty acids,192.258,559.06,8,8,plants,1.0,0.0,0.0,0.0,Achillea abrotanoides; Artemisia annua; Artemisia annua L.
LTMQZVLXCLQPCT-UHFFFAOYSA-N,"1,1,6-Trimethyltetralin",Cc1ccc2c(c1)CCCC2(C)C,,Terpenoids,174.28699999999998,544.9300000000001,8,7,plants,1.0,0.0,0.0,0.0,Acca sellowiana; Camellia sinensis; Daucus carota
GCRTVIUGJCJVDD-IUCAKERBSA-N,(-)-Carvomenthone,CC(C)[C@H]1CC[C@H](C)C(=O)C1,,Terpenoids,154.253,510.65999999999997,8,8,plants,1.0,0.0,0.0,0.0,Aiouea costaricensis; Blumea eriantha; Blumea malcolmii
OVSKIKFHRZPJSS-UHFFFAOYSA-N,"2,4-dichlorophenoxyacetic acid",O=C(O)COc1ccc(Cl)cc1Cl,,Shikimates and Phenylpropanoids,221.039,662.0699999999999,8,8,plants,0.625,0.125,0.25,0.0,Carapichea ipecacuanha; Decodon verticillatus; Guanomyces polythrix
BGWWYZXBGAKMRB-UXXRCYHCSA-N,64703-98-6,C=CCc1ccc(O[C@@H]2O[C@H](CO)[C@@H](O)[C@H](O)[C@H]2O)cc1,,Shikimates and Phenylpropanoids,296.31899999999996,990.0999999999999,8,8,plants,1.0,0.0,0.0,0.0,Agastache rugosa; Alpinia galanga; Alpinia officinarum
QEBNYNLSCGVZOH-UMVBOHGHSA-N,4-epi-Eremophilene,C=C(C)[C@@H]1CCC2=CCC[C@@H](C)[C@@]2(C)C1,,Terpenoids,204.35699999999997,569.63,8,6,plants,0.5,0.3333333333333333,0.0,0.0,Capsicum annuum; Exodermis poria; Gallus domesticus
ACRWYXSKEHUQDB-UHFFFAOYSA-N,3-Phenylpropionitrile,N#CCCc1ccccc1,,Shikimates and Phenylpropanoids,131.17799999999997,534.28,8,8,plants,1.0,0.0,0.0,0.0,Brassica juncea; Brassica napus; Brassica oleracea
DMBHHRLKUKUOEG-UHFFFAOYSA-N,Diphenylamine,c1ccc(Nc2ccccc2)cc1,,Shikimates and Phenylpropanoids,169.227,577.69,8,8,plants,0.875,0.125,0.0,0.0,Allium cepa; Artemisia monosperma; Camellia sinensis
NQRYJNQNLNOLGT-UHFFFAOYSA-N,PIPERIDINE,C1CCNCC1,,Alkaloids,85.15,386.77,8,8,plants,0.75,0.25,0.0,0.0,Caenorhabditis elegans; Cannabis sativa; Capsicum annuum
QRGSTISKDZCDHV-XCVCLJGOSA-N,,C/C=C(\C)C(=O)OCc1ccccc1,,,190.24200000000002,563.0999999999999,8,7,plants,1.0,0.0,0.0,0.0,Cistus creticus; Eugenia caryopyhllata; Fructus syzygii
MAUFTTLGOUBZNA-UHFFFAOYSA-N,6-Pentyl-2H-pyran-2-one,CCCCCc1cccc(=O)o1,,Polyketides,166.21999999999997,505.59999999999997,8,8,fungi,0.125,0.0,0.875,0.0,Fusarium solani; Myrothecium; Prunus persica
IQZLUWLMQNGTIW-UHFFFAOYSA-N,1131-62-0,COc1ccc(C(C)=O)cc1OC,,Shikimates and Phenylpropanoids,180.20299999999997,563.75,8,8,plants,0.875,0.0,0.0,0.125,Diospyros maritima; Humulus japonicus; Imperata cylindrica
XJLDYKIEURAVBW-UHFFFAOYSA-N,3-DECANONE,CCCCCCCC(=O)CC,,Fatty acids,156.26899999999998,482.27,8,7,plants,0.7142857142857143,0.2857142857142857,0.0,0.0,Acca sellowiana; Acorus gramineus; Acorus tatarinowii
ARVSCQUZFFSNKF-NTCAYCPXSA-N,,CCCCCC(=O)OC/C=C(\C)CCC=C(C)C,,Fatty acids,252.39799999999994,631.98,8,8,plants,1.0,0.0,0.0,0.0,Cymbopogon khasianus; Cymbopogon martinii; Origanum syriacum
UAJRSHJHFRVGMG-UHFFFAOYSA-N,4-Methoxystyrene,C=Cc1ccc(OC)cc1,,Shikimates and Phenylpropanoids,134.178,456.28,8,8,plants,1.0,0.0,0.0,0.0,Ephedra equisetina; Ephedra intermedia; Ephedra sinica
OZJPLYNZGCXSJM-UHFFFAOYSA-N,delta-Valerolactone,O=C1CCCCO1,,Fatty acids,100.117,387.9,8,7,plants,1.0,0.0,0.0,0.0,Clerodendrum mandarinorum; Coleogyne ramosissima; Isolona campanulata
OVWYEQOVUDKZNU-UHFFFAOYSA-N,3-Methylbenzaldehyde,Cc1cccc(C=O)c1,,Shikimates and Phenylpropanoids,120.15099999999998,390.72,8,7,plants,1.0,0.0,0.0,0.0,Aloe africana; Aloe ferox; Aloe spicata
BTANRVKWQNVYAZ-BYPYZUCNSA-N,(S)-(+)-2-butanol,CC[C@H](C)O,"winey, oily",Fatty acids,74.12299999999999,382.85999999999996,8,8,plants,1.0,0.0,0.0,0.0,Aloe africana; Aloe ferox; Aloe spicata
DLFVBJFMPXGRIB-UHFFFAOYSA-N,acetamide,CC(N)=O,,Alkaloids,59.068,371.76,8,8,plants,0.375,0.25,0.25,0.125,Caenorhabditis elegans; Convolvulus erinaceus; Haplophyllum acutifolium
VONGZNXBKCOUHB-UHFFFAOYSA-N,Benzyl butyrate,CCCC(=O)OCc1ccccc1,"apricot, floral, fruity, plum, sweet, pineapple, apple, fresh, jasmine, tropical, waxy",Fatty acids,178.231,536.1800000000001,8,8,plants,1.0,0.0,0.0,0.0,Austromyrtus dulcis; Carica papaya; Diospyros blancoi
TYEYBOSBBBHJIV-UHFFFAOYSA-N,2-oxobutanoic acid,CCC(=O)C(=O)O,,Fatty acids,102.08899999999998,490.5,8,7,animals,0.2857142857142857,0.2857142857142857,0.14285714285714285,0.2857142857142857,Caenorhabditis elegans; Citrullus lanatus; Escherichia coli
XUGNVMKQXJXZCD-UHFFFAOYSA-N,ISOPROPYL PALMITATE,CCCCCCCCCCCCCCCC(=O)OC(C)C,,Fatty acids,298.51099999999997,692.0999999999999,8,7,plants,0.8571428571428571,0.14285714285714285,0.0,0.0,Apium graveolens; Camellia sinensis; Glehnia littoralis
KNXMUFRWYNVISA-UHFFFAOYSA-N,Ethyl heptadecanoate,CCCCCCCCCCCCCCCCC(=O)OCC,,Fatty acids,298.51099999999997,692.54,8,8,plants,0.875,0.0,0.125,0.0,Aesculus indica; Cymbopogon distans; Elsholtzia ciliata
PCBSXBYCASFXTM-UHFFFAOYSA-N,4-(4-Methoxyphenyl)-2-butanone,COc1ccc(CCC(C)=O)cc1,,Shikimates and Phenylpropanoids,178.231,559.23,8,7,plants,1.0,0.0,0.0,0.0,Aquilaria agallochum; Aquilaria malaccensis; Aquilaria sinensis
AYXPYQRXGNDJFU-OMDCQRFSSA-N,RefChem:1093137,C[C@@H]1CC[C@H]2[C@@H]1C1[C@@H](CC[C@]2(C)O)C1(C)C,,Terpenoids,222.37199999999996,645.54,8,8,plants,1.0,0.0,0.0,0.0,Croton; Eucalyptus; Flourensia cernua
DBISBKDNOKIADM-UHFFFAOYSA-N,4-Pentenyl isothiocyanate,C=CCCCN=C=S,,,127.21199999999999,410.73,8,8,plants,1.0,0.0,0.0,0.0,Aurinia sinuata; Brassica juncea; Brassica napus
LWRKMRFJEUFXIB-YTXTXJHMSA-N,,CC/C=C/C=C/C(C)=O,,Fatty acids,124.18299999999998,444.83,8,6,plants,1.0,0.0,0.0,0.0,Atractylodes lancea; Atractylodes macrocephala; Ceratophyllum demersum
KGEKLUUHTZCSIP-UMNHJUIQSA-N,Isobomyl acetate,CC(=O)O[C@@H]1C[C@@H]2CC[C@]1(C)C2(C)C,,Terpenoids,196.29,541.27,8,8,plants,1.0,0.0,0.0,0.0,Chrysanthemum indicum; Chrysanthemum x morifolium; Curcuma kwangsiensis
ALOUNLDAKADEEB-UHFFFAOYSA-N,DIMETHYL SEBACATE,COC(=O)CCCCCCCCC(=O)OC,,Fatty acids,230.30399999999995,590.5999999999999,8,8,plants,1.0,0.0,0.0,0.0,Angelica sinensis; Astragalus membranaceus; Astragalus mongholicus
POAOYUHQDCAZBD-UHFFFAOYSA-N,2-Butoxyethanol,CCCCOCCO,,Fatty acids,118.17599999999999,451.47999999999996,8,7,plants,0.8571428571428571,0.14285714285714285,0.0,0.0,Allium cepa; Bidens pilosa; Camellia sinensis
CKQGCFFDQIFZFA-UHFFFAOYSA-N,Undecyl acetate,CCCCCCCCCCCOC(C)=O,,Fatty acids,214.34899999999996,555.26,8,7,plants,0.8571428571428571,0.14285714285714285,0.0,0.0,Angelica dahurica; Backhousia angustifolia; Citrus reticulata
KKVZAVRSVHUSPL-GQCTYLIASA-N,,COc1ccccc1/C=C/C=O,,Shikimates and Phenylpropanoids,162.188,535.3,8,6,plants,1.0,0.0,0.0,0.0,Cinamomum cassia; Cinnamomum aromaticum; Cinnamomum burmanni
OXQOBQJCDNLAPO-UHFFFAOYSA-N,"2,3-DIMETHYLPYRAZINE",Cc1nccnc1C,"caramellic, cocoa, coffee, green, meaty, nutty, potato, musty, powdery, roasted",Alkaloids,108.14399999999999,475.94,8,7,bacteria,0.42857142857142855,0.0,0.0,0.5714285714285714,Allium cepa; Capparis spinosa; Corynebacterium glutamicum
BSKHPKMHTQYZBB-UHFFFAOYSA-N,2-METHYLPYRIDINE,Cc1ccccn1,,Alkaloids,93.129,417.26,8,7,plants,0.8571428571428571,0.14285714285714285,0.0,0.0,Camellia sinensis; Homo sapiens; Mentha gentilis
JDQVBGQWADMTAM-UHFFFAOYSA-N,Phenethyl isobutyrate,CC(C)C(=O)OCCc1ccccc1,,Fatty acids,192.258,558.6199999999999,8,8,plants,0.875,0.0,0.0,0.125,Artemisia argyi; Artemisia montana; Artemisia princeps
YLQBMQCUIZJEEH-UHFFFAOYSA-N,FURAN,c1ccoc1,,,68.07499999999999,336.34,7,6,plants,0.8333333333333334,0.16666666666666666,0.0,0.0,Abrus precatorius; Coffea arabica; Fragaria
YDBYJHTYSHBBAU-YFKPBYRVSA-O,S-Methyl-L-methionine,C[S+](C)CC[C@H](N)C(=O)O,,Amino acids and Peptides,164.25,555.1800000000001,7,6,plants,0.6666666666666666,0.0,0.16666666666666666,0.16666666666666666,Brassica oleracea var. sabauda; Camellia sinensis; Escherichia coli
SPCXZDDGSGTVAW-VXYFJCLZSA-N,(-)-alpha-Gurjunene,CC1=C2C(CC1)[C@H](C)CC[C@@H]1[C@H]2C1(C)C,,Terpenoids,204.357,571.5799999999999,7,7,plants,1.0,0.0,0.0,0.0,Artemisia capillaries; Cyperus Rotundus; Cyperus rotundus
NGHOLYJTSCBCGC-QXMHVHEDSA-N,,O=C(/C=C\c1ccccc1)OCc1ccccc1,,Shikimates and Phenylpropanoids,238.286,681.4200000000001,7,7,plants,1.0,0.0,0.0,0.0,Cornus officinalis; Cuminum cyminum; Myroxylon pereirae
ZUOUZKKEUPVFJK-UHFFFAOYSA-N,Biphenyl,c1ccc(-c2ccccc2)cc1,,Shikimates and Phenylpropanoids,154.21199999999996,527.52,7,6,plants,1.0,0.0,0.0,0.0,Artemisia monosperma; Atractylodes lancea; Atractylodes macrocephala
HRHOWZHRCRZVCU-AATRIKPKSA-N,,CCC/C=C/COC(C)=O,,Fatty acids,142.19799999999998,445.02,7,6,plants,1.0,0.0,0.0,0.0,Amaranthus retroflexus; Capillipedium parviflorum; Fragaria
BCTBAGTXFYWYMW-WCBMZHEXSA-N,Linalool oxide III,C=C[C@]1(C)CC[C@H](O)C(C)(C)O1,,Terpenoids,170.25199999999998,554.9000000000001,7,6,plants,1.0,0.0,0.0,0.0,Camellia sinensis; Carica papaya; Cinnamomum camphora
UYPYRKYUKCHHIB-UHFFFAOYSA-N,TRIMETHYLAMINE N-OXIDE,C[N+](C)(C)[O-],,,75.11099999999999,258.44,7,7,animals,0.2857142857142857,0.42857142857142855,0.14285714285714285,0.14285714285714285,Astragalus danicus; Carissa edulis; Escherichia coli
OQAGVSWESNCJJT-UHFFFAOYSA-N,Methyl isovalerate,COC(=O)CC(C)C,,Fatty acids,116.16,394.65999999999997,7,7,plants,0.8571428571428571,0.14285714285714285,0.0,0.0,Ananas comosus; Foeniculum vulgare; Homo sapiens
RGFNRWTWDWVHDD-UHFFFAOYSA-N,Isobutyl butyrate,CCCC(=O)OCC(C)C,,Fatty acids,144.21399999999997,440.41999999999996,7,7,plants,0.7142857142857143,0.2857142857142857,0.0,0.0,Acacia dealbata; Gallus gallus; Hippophae rhamnoides
GSNUFIFRDBKVIE-UHFFFAOYSA-N,"2,5-DIMETHYLFURAN",Cc1ccc(C)o1,,Polyketides,96.129,392.06,7,6,plants,0.6666666666666666,0.16666666666666666,0.16666666666666666,0.0,Aspergillus candidus; Homo sapiens; Mangifera indica
QHGFEUAAQKJXDI-UHFFFAOYSA-N,"1,2,4-TRITHIOLANE",C1SCSS1,,Amino acids and Peptides,124.255,408.8,7,6,plants,0.6666666666666666,0.0,0.0,0.0,Allium cepa; Chondria acrorhizophora; Chondria californica
RWSOTUBLDIXVET-UHFFFAOYSA-N,hydrogen sulfide,S,,,34.083,,7,6,plants,0.5,0.3333333333333333,0.0,0.16666666666666666,Arabidopsis thaliana; Artemia salina; Coffea arabica
IAZDPXIOMUYVGZ-UHFFFAOYSA-N,Dimethyl sulfoxide,CS(C)=O,,,78.136,234.85999999999999,7,7,plants,0.42857142857142855,0.14285714285714285,0.0,0.42857142857142855,Basella alba; Escherichia coli; Homo sapiens
MLLAPOCBLWUFAP-UHFFFAOYSA-N,Isoamyl benzoate,CC(C)CCOC(=O)c1ccccc1,,Shikimates and Phenylpropanoids,192.258,558.6199999999999,7,6,plants,0.8333333333333334,0.16666666666666666,0.0,0.0,Carica papaya; Hamamelis virginiana; Hippophae rhamnoides
YYPNJNDODFVZLE-UHFFFAOYSA-N,"3,3-Dimethylacrylic acid",CC(C)=CC(=O)O,,Fatty acids,100.11699999999999,463.55,7,7,plants,1.0,0.0,0.0,0.0,Actaea dahurica; Actaea heracleifolia; Actaea simplex
NEJDKFPXHQRVMV-HWKANZROSA-N,,C/C=C(\C)CO,,Fatty acids,86.13399999999999,410.21999999999997,7,7,plants,1.0,0.0,0.0,0.0,Artemisia argyi; Artemisia montana; Artemisia princeps
CKOYRRWBOKMNRG-UHFFFAOYSA-N,Furfuryl acetate,CC(=O)OCc1ccco1,,Polyketides,140.13799999999998,468.18,7,5,plants,1.0,0.0,0.0,0.0,Angelica acutiloba; Angelica gigas; Angelica sinensis
CHLICZRVGGXEOD-UHFFFAOYSA-N,4-Methylanisole,COc1ccc(C)cc1,"floral, green, leathery, nutty, phenolic, sharp, sweet, powdery",,122.16699999999997,436.71999999999997,7,6,plants,0.6666666666666666,0.16666666666666666,0.16666666666666666,0.0,Antidesma laciniatum; Cananga odorata; Dianthus armeria
PWDOJWCZWKWKSE-BQYQJAHWSA-N,,CC1=CCCC(C)(C)C1/C=C/C(C)O,,Terpenoids,194.318,612.2,7,7,plants,1.0,0.0,0.0,0.0,Chamaecyparis pisifera; Citrus reticulata; Citrus unshiu
MHPUGCYGQWGLJL-UHFFFAOYSA-N,5-METHYLHEXANOIC ACID,CC(C)CCCC(=O)O,,Fatty acids,130.187,504.83,7,7,plants,1.0,0.0,0.0,0.0,Fragaria; Juglans nigra; Nepeta racemosa
WWAYKGYKYHEINT-UHFFFAOYSA-N,18433-98-2,Cc1cnc(C)c(CCC(C)C)n1,,Alkaloids,178.279,594.8799999999999,7,7,bacteria,0.0,0.2857142857142857,0.0,0.7142857142857143,Anochetus kempfi; Anochetus mayri; Loktanella
BKAWJIRCKVUVED-UHFFFAOYSA-N,4-METHYL-5-THIAZOLEETHANOL,Cc1ncsc1CCO,,Alkaloids,143.211,558.8199999999999,7,7,plants,0.42857142857142855,0.0,0.2857142857142857,0.2857142857142857,Boletus edulis; Brassica napus; Citrullus lanatus
RGACQXBDYBCJCY-ALCCZGGFSA-N,cis-3-Hexenyl hexanoate,CC/C=C\CCOC(=O)CCCCC,,Fatty acids,198.30599999999995,536.54,7,6,plants,1.0,0.0,0.0,0.0,Aca sellowiana; Acca sellowiana; Capsicum annuum
ZCHHRLHTBGRGOT-PLNGDYQASA-N,,CCC/C=C\CO,,Fatty acids,100.16099999999999,433.21999999999997,7,6,plants,0.8333333333333334,0.16666666666666666,0.0,0.0,Carica papaya; Cistus creticus; Coronopus squamatus
VFTGLSWXJMRZNB-UHFFFAOYSA-N,Isoamyl isobutyrate,CC(C)CCOC(=O)C(C)C,,Fatty acids,158.24099999999999,462.85999999999996,7,7,plants,0.8571428571428571,0.0,0.0,0.14285714285714285,Acca sellowiana; Callistemon speciosus; Capsicum annuum
DSSYKIVIOFKYAU-XVKPBYJWSA-N,CAMPHORE,CC1(C)[C@H]2CC[C@@]1(C)C(=O)C2,,Terpenoids,152.237,509.78000000000003,7,7,plants,1.0,0.0,0.0,0.0,Artemisia tridentata; Chrysanthemum indicum; Cinnamomum camphora
DTFKRVXLBCAIOZ-UHFFFAOYSA-N,2-Methylanisole,COc1ccccc1C,,Shikimates and Phenylpropanoids,122.16699999999997,436.71999999999997,7,7,plants,1.0,0.0,0.0,0.0,Boswellia carteri; Boswellia carterii; Boswellia sacra
BVQVLAIMHVDZEL-UHFFFAOYSA-N,"1-PHENYL-1,2-PROPANEDIONE",CC(=O)C(=O)c1ccccc1,,Shikimates and Phenylpropanoids,148.16099999999997,539.94,7,6,plants,0.8333333333333334,0.16666666666666666,0.0,0.0,Cinamomum cassia; Cinnamomum aromaticum; Ephedra equisetina
UWQZVUQKBWZNLN-UHFFFAOYSA-N,4-(ethoxymethyl)phenol,CCOCc1ccc(O)cc1,,,152.19299999999998,535.24,7,7,plants,1.0,0.0,0.0,0.0,Bletilla formosana; Bulbophyllum wendlandianum; Gastrodia elata
PHWISBHSBNDZDX-MLCCFXAWSA-N,3-[(2S)-6-methylhept-5-en-2-yl]-6-methylidenecyclohexene,C=C1C=CC([C@@H](C)CCC=C(C)C)CC1,,Terpenoids,204.35699999999997,564.27,7,7,plants,1.0,0.0,0.0,0.0,Baccharis articulata; Baccharis rufescens; Erigeron canadensis
NMJJFJNHVMGPGM-UHFFFAOYSA-N,BUTYL FORMATE,CCCCOC=O,"ethereal, plum, rummy, fruity, brandy",Fatty acids,102.13299999999998,290.41999999999996,7,7,plants,0.8571428571428571,0.14285714285714285,0.0,0.0,Aloe africana; Aloe ferox; Aloe spicata
WHMWOHBXYIZFPF-UHFFFAOYSA-N,"3-Ethyl-2,5-dimethylpyrazine",CCc1nc(C)cnc1C,,Alkaloids,136.19799999999998,526.6800000000001,7,7,bacteria,0.14285714285714285,0.0,0.0,0.8571428571428571,Corynebacterium glutamicum; Perilla frutescens; Streptomyces
IVEWTAOGAGBQGG-SNVBAGLBSA-N,(R)-4-Phenyl-2-acetoxybutane,CC(=O)O[C@H](C)CCc1ccccc1,,Shikimates and Phenylpropanoids,192.25800000000004,558.6199999999999,7,7,plants,0.5714285714285714,0.14285714285714285,0.14285714285714285,0.0,Cyperus haspan; Goniothalamus thwaitesii; Neodiprion sertifer
LPRNQMUKVDHCFX-RKQHYHRCSA-N,Glucovanillin,COc1cc(C=O)ccc1O[C@@H]1O[C@H](CO)[C@@H](O)[C@H](O)[C@H]1O,,Shikimates and Phenylpropanoids,314.28999999999996,974.3600000000001,7,7,plants,1.0,0.0,0.0,0.0,Citrullus lanatus; Dendrobium moniliforme; Ruellia patula
HCHKCACWOHOZIP-UHFFFAOYSA-N,7440-66-6,[Zn],,,65.39,,7,6,plants,0.5,0.3333333333333333,0.16666666666666666,0.0,Artemia salina; Foeniculum vulgare; Isaria cicadae
VHBFEIBMZHEWSX-UHFFFAOYSA-N,Isopropyl isothiocyanate,CC(C)N=C=S,,,101.174,367.84999999999997,7,7,plants,1.0,0.0,0.0,0.0,Brassica Juncea; Brassica juncea; Capparis spinosa
OIZXRZCQJDXPFO-UHFFFAOYSA-N,Octadecyl acetate,CCCCCCCCCCCCCCCCCCOC(C)=O,,Fatty acids,312.53799999999995,715.4200000000001,7,7,plants,0.8571428571428571,0.14285714285714285,0.0,0.0,Bonagota salubricola; Eleutherococcus senticosus; Michelia alba
GISVICWQYMUPJF-UHFFFAOYSA-N,"2,4-Dimethylbenzaldehyde",Cc1ccc(C=O)c(C)c1,,Terpenoids,134.178,418.58,7,7,plants,0.8571428571428571,0.0,0.0,0.0,Angelica sinensis; Avicennia marina; Eucheuma muricatum
HPXRVTGHNJAIIH-UHFFFAOYSA-N,CYCLOHEXANOL,OC1CCCCC1,,Fatty acids,100.161,448.61,7,6,plants,1.0,0.0,0.0,0.0,Artemisia argyi; Eucalyptus globulus; Fragaria
TZIHFWKZFHZASV-UHFFFAOYSA-N,METHYL FORMATE,COC=O,,Fatty acids,60.05200000000001,221.77999999999997,7,7,plants,0.8571428571428571,0.0,0.14285714285714285,0.0,Aloe africana; Aloe ferox; Aloe spicata
ITQTTZVARXURQS-UHFFFAOYSA-N,3-METHYLPYRIDINE,Cc1cccnc1,,Alkaloids,93.129,417.26,7,6,plants,0.8333333333333334,0.16666666666666666,0.0,0.0,Arctostaphylos uva-ursi; Camellia sinensis; Coffea arabica
CFNJLPHOBMVMNS-UHFFFAOYSA-N,PENTYL BUTYRATE,CCCCCOC(=O)CCC,"sweet, banana, fruity, pineapple, cherry, tropical",Fatty acids,158.24099999999996,463.73999999999995,7,4,plants,1.0,0.0,0.0,0.0,Annona reticulata; Capsicum annuum; Liquor jiu
MXDMETWAEGIFOE-GJZGRUSLSA-N,,C=C[C@@]1(C)CCC(C(C)C)=C[C@H]1C(=C)C,,Terpenoids,204.35699999999997,554.86,7,7,plants,1.0,0.0,0.0,0.0,Artemisia annua L.; Camptotheca acuminata; Panax ginseng
GRSZFWQUAKGDAV-KQYNXXCUSA-N,Inosinic acid,O=c1[nH]cnc2c1ncn2[C@@H]1O[C@H](COP(=O)(O)O)[C@@H](O)[C@H]1O,,Carbohydrates,348.20799999999997,1112.97,7,7,animals,0.0,0.7142857142857143,0.0,0.2857142857142857,Caenorhabditis elegans; Corynebacterium ammoniagenes; Escherichia coli
FGPPDYNPZTUNIU-UHFFFAOYSA-N,Pentyl valerate,CCCCCOC(=O)CCCC,,Fatty acids,172.26799999999994,486.61999999999995,7,7,plants,1.0,0.0,0.0,0.0,Capsicum annuum; Chrysanthemum morifolium; Chrysanthemum x morifolium
IOUUIFSIQMVYKP-UHFFFAOYSA-N,Tetradecyl acetate,CCCCCCCCCCCCCCOC(C)=O,,Fatty acids,256.42999999999995,623.9000000000001,7,7,plants,0.5714285714285714,0.2857142857142857,0.0,0.14285714285714285,Angelica archangelica; Backhousia angustifolia; Bonagota salubricola
GAZXPZNJTZIGBO-UHFFFAOYSA-N,Dipropyl trisulfide,CCCSSSCCC,"green, onion, vegetable, sulfurous, garlic, alliaceous, tropical, pungent",Fatty acids,182.37899999999996,543.22,6,4,plants,1.0,0.0,0.0,0.0,Allium; Allium ampeloprasum; Allium cepa
GKFPPCXIBHQRQT-UHFFFAOYSA-N,AMMONIUM ALGINATE,COC1OC(C(=O)O)C(OC2OC(C(=O)O)C(OC)C(O)C2O)C(O)C1O,,Carbohydrates,398.31700000000006,1302.5600000000002,6,6,bacteria,0.0,0.0,0.0,0.16666666666666666,Ascoseira mirabilis; Ecklonia cava; Laminaria abyssalis
PFCHFHIRKBAQGU-UHFFFAOYSA-N,3-HEXANONE,CCCC(=O)CC,"ethereal, grape, winey, sweet, rummy, fruity, waxy",Fatty acids,100.16099999999999,390.75,6,6,plants,0.5,0.16666666666666666,0.3333333333333333,0.0,Citrullus lanatus; Coffea arabica; Homo sapiens
MSXVEPNJUHWQHW-UHFFFAOYSA-N,2-METHYL-2-BUTANOL,CCC(C)(C)O,,Fatty acids,88.14999999999998,402.95,6,6,plants,1.0,0.0,0.0,0.0,Allium cepa; Carica papaya; Centella asiatica
JTCIUOKKVACNCK-BJMVGYQFSA-N,,C/C=C(\C)C(=O)OCCCCCC,,Fatty acids,184.27899999999994,513.54,6,6,plants,1.0,0.0,0.0,0.0,Artemisia Annua; Artemisia annua; Cassia alata
BWHOZHOGCMHOBV-BQYQJAHWSA-N,,CC(=O)/C=C/c1ccccc1,,Shikimates and Phenylpropanoids,146.189,513.1099999999999,6,6,plants,0.8333333333333334,0.16666666666666666,0.0,0.0,Basella alba; Plakortis halichondrioides; Polygala senega
FYTRVXSHONWYNE-UHFFFAOYSA-N,698-76-0,CCCC1CCCC(=O)O1,"coconut, coumarinic, sweet, fatty, creamy, lactonic, green, tropical, dairy",Fatty acids,142.198,451.87,6,6,plants,0.8333333333333334,0.16666666666666666,0.0,0.0,Carica papaya; Gossypium hirsutum; Kobus ellipsiprymnus
CIWBSHSKHKDKBQ-DUZGATOHSA-N,Erythorbic acid,O=C1O[C@H]([C@H](O)CO)C(O)=C1O,,Polyketides,176.124,779.24,6,5,fungi,0.0,0.0,1.0,0.0,Flammulina velutipes; Grifola frondosa; Hypsizigus marmoreus
CDJJKTLOZJAGIZ-UHFFFAOYSA-N,p-Tolyl acetate,CC(=O)Oc1ccc(C)cc1,,,150.177,495.4,6,6,plants,1.0,0.0,0.0,0.0,Bulbophyllum variegatum; Cnidium officinale; Ligusticum chuanxiong
NZNMSOFKMUBTKW-UHFFFAOYSA-N,CYCLOHEXANECARBOXYLIC ACID,O=C(O)C1CCCCC1,,Amino acids and Peptides,128.17100000000002,524.8199999999999,6,6,bacteria,0.0,0.16666666666666666,0.0,0.8333333333333334,Alicyclobacillus acidocaldarius; Homo sapiens; Streptomyces bacillaris strain RAM C
AISQJRLSHDWVGU-UHFFFAOYSA-N,2-Methyldocosane,CCCCCCCCCCCCCCCCCCCCC(C)C,,Fatty acids,324.637,725.3999999999999,6,6,plants,0.8333333333333334,0.16666666666666666,0.0,0.0,Cnidium monieri; Cnidium monnieri; Gymnema sylvestre
KYZHGEFMXZOSJN-UHFFFAOYSA-N,Isobutyl benzoate,CC(C)COC(=O)c1ccccc1,,Shikimates and Phenylpropanoids,178.231,535.74,6,6,plants,1.0,0.0,0.0,0.0,Acca sellowiana; Chamaemelum nobile; Ephedra sinica
VHTFHZGAMYUZEP-UHFFFAOYSA-N,"2,6,6-Trimethyl-1-cyclohexene-1-acetaldehyde",CC1=C(CC=O)C(C)(C)CCC1,,Terpenoids,166.26399999999995,528.8499999999999,6,6,plants,0.8333333333333334,0.0,0.0,0.0,Arabidopsis thaliana; Mangifera indica; Perilla frutescens var. arguta
UDSFAEKRVUSQDD-UHFFFAOYSA-N,Dimethyl adipate,COC(=O)CCCCC(=O)OC,,Fatty acids,174.196,499.08,6,6,plants,1.0,0.0,0.0,0.0,Astragalus membranaceus; Astragalus mongholicus; Astragalus trimestris
HJXMNVQARNZTEE-NSHDSACASA-N,(3S)-BUTYLPHTHALIDE,CCCC[C@@H]1OC(=O)c2ccccc21,,Polyketides,190.242,562.24,6,6,plants,1.0,0.0,0.0,0.0,Angelica acutiloba; Angelica gigas; Angelica sinensis
NWKFECICNXDNOQ-UHFFFAOYSA-N,Flavylium perchlorate,c1ccc(-c2ccc3ccccc3[o+]2)cc1,,Shikimates and Phenylpropanoids,207.25199999999998,647.49,6,5,plants,1.0,0.0,0.0,0.0,Callistephus chinensis; Camelliasinensis; Hibiscus sabdariffa
VHOMAPWVLKRQAZ-UHFFFAOYSA-N,BENZYL PROPIONATE,CCC(=O)OCc1ccccc1,"floral, fruity, jasmine, sweet, banana",Fatty acids,164.204,513.3,6,5,plants,1.0,0.0,0.0,0.0,Chamomilla recutita; Cucumis melo; Hesperis matronalis
LIMQQADUEULBSO-UHFFFAOYSA-N,Butyl isothiocyanate,CCCCN=C=S,,Fatty acids,115.201,391.16999999999996,6,6,plants,1.0,0.0,0.0,0.0,Armoracia rusticana; Brassica carinata; Brassica juncea
WHIJSULEEDNKPD-UHFFFAOYSA-N,LINALYL ANTHRANILATE,C=CC(C)(CCC=C(C)C)OC(=O)c1ccccc1N,,Terpenoids,273.37600000000003,748.46,6,6,plants,0.8333333333333334,0.16666666666666666,0.0,0.0,Homo sapiens; Thymus quinquecostatus; Thymus vulgaris
NIONDZDPPYHYKY-SNAWJCMRSA-N,,CCC/C=C/C(=O)O,,Fatty acids,114.14399999999998,486.55,6,6,plants,1.0,0.0,0.0,0.0,Arctium lappa; Clibadium eggersii; Deschampsia antarctica
AJKVQEKCUACUMD-UHFFFAOYSA-N,2-ACETYLPYRIDINE,CC(=O)c1ccccn1,,Alkaloids,121.13899999999997,494.01,6,5,plants,1.0,0.0,0.0,0.0,Brassica oleracea; Camellia sinensis; Mentha gentilis
KAESVJOAVNADME-UHFFFAOYSA-N,PYRROLE,c1cc[nH]c1,,Alkaloids,67.091,357.94,6,5,plants,0.8,0.2,0.0,0.0,Coffea arabica; Homo sapiens; Nicotiana tabacum
FFWSICBKRCICMR-UHFFFAOYSA-N,5-METHYL-2-HEXANONE,CC(=O)CCC(C)C,,Fatty acids,114.18799999999999,413.19,6,4,plants,0.75,0.25,0.0,0.0,Aca sellowiana; Ceratonia siliqua; Homo sapiens
QCCDLTOVEPVEJK-UHFFFAOYSA-N,Phenylacetone,CC(=O)Cc1ccccc1,,Shikimates and Phenylpropanoids,134.17799999999997,486.07,6,6,plants,0.6666666666666666,0.0,0.0,0.3333333333333333,Gossypium hirsutum; Panax quinquefolium; Panax quinquefolius
JBKVHLHDHHXQEQ-UHFFFAOYSA-N,Caprolactam,O=C1CCCCCN1,,,113.16000000000001,481.74,6,6,plants,0.6666666666666666,0.16666666666666666,0.16666666666666666,0.0,Homo sapiens; Phallus impudicus; Fagopyrum esculentum
WQADWIOXOXRPLN-UHFFFAOYSA-N,"1,3-Dithiane",C1CSCSC1,,Alkaloids,120.242,411.0,6,4,plants,0.75,0.25,0.0,0.0,Allium chinense; Allium macrostemon; Allium sativum
GTDQGKWDWVUKTI-UHFFFAOYSA-N,2'-Aminoacetophenone,CC(=O)c1ccccc1N,"grape, sweet",Amino acids and Peptides,135.16599999999994,540.7,6,6,bacteria,0.3333333333333333,0.16666666666666666,0.0,0.5,Castanopsis cuspidata; Pseudomonas aeruginosa; Streptomyces
JQQDKNVOSLONRS-JEGFTUTRSA-N,,C=C/C=C/C=C/CCCCC,,Fatty acids,150.265,456.28000000000003,6,6,plants,1.0,0.0,0.0,0.0,Angelica acutiloba; Angelica gigas; Angelica sinensis
PYLMCYQHBRSDND-SOFGYWHQSA-N,,CCC/C=C(/C=O)CC,,Fatty acids,126.19899999999998,435.34,6,5,plants,0.8,0.2,0.0,0.0,Cinamomum cassia; Cinnamomum aromaticum; Cnidium officinale
HBVIMVJTUQNSEP-UHFFFAOYSA-N,Berteroin,CSCCCCCN=C=S,,,175.322,505.71,6,6,plants,0.6666666666666666,0.0,0.3333333333333333,0.0,Aurinia sinuata; Brassica napus; Eruca sativa
OXHNLMTVIGZXSG-UHFFFAOYSA-N,1-Methylpyrrole,Cn1cccc1,,Alkaloids,81.118,340.44,6,6,plants,0.6666666666666666,0.3333333333333333,0.0,0.0,Capsicum annuum; Erythroxylum coca; Homo sapiens
IHQDGXUYTSZGOG-UHFFFAOYSA-N,Erucin,CSCCCCN=C=S,,,161.29500000000002,482.83,6,6,plants,1.0,0.0,0.0,0.0,Brassica napus; Brassica oleracea; Cleome chrysantha
UBQKCCHYAOITMY-UHFFFAOYSA-N,2-HYDROXYPYRIDINE,O=c1cccc[nH]1,,Alkaloids,95.101,452.90999999999997,6,6,plants,0.8333333333333334,0.16666666666666666,0.0,0.0,Arabidopsis thaliana; Caenorhabditis elegans; Cerbera manghas
QURFFFCYNQXLCU-UHFFFAOYSA-N,Pentyl 3-methylbutanoate,CCCCCOC(=O)CC(C)C,,Fatty acids,172.26799999999997,486.18,6,6,plants,0.8333333333333334,0.16666666666666666,0.0,0.0,Capsicum annuum; Chrysanthemum morifolium; Chrysanthemum x morifolium
JKKGTSUICJWEKB-SREVYHEPSA-N,,CC/C=C\CCOC(=O)C(C)CC,,Fatty acids,184.279,513.22,6,6,plants,1.0,0.0,0.0,0.0,Artemisia argyi; Artemisia montana; Artemisia princeps
HNBDRPTVWVGKBR-UHFFFAOYSA-N,METHYL VALERATE,CCCCC(=O)OC,,Fatty acids,116.15999999999998,395.09999999999997,6,6,plants,1.0,0.0,0.0,0.0,Actinidia chinensis; Annona muricata; Carica papaya
XLYOFNOQVPJJNP-UHFFFAOYSA-N,water,O,,Amino acids and Peptides,18.015,,6,6,plants,0.8333333333333334,0.16666666666666666,0.0,0.0,Abelmoschus esculentus; Acacia kempeana; Euonymus hamiltonianus
STNJBCKSHOAVAJ-UHFFFAOYSA-N,METHACROLEIN,C=C(C)C=O,,,70.091,336.34,6,6,plants,0.8333333333333334,0.16666666666666666,0.0,0.0,Artemisia argyi; Artemisia montana; Artemisia princeps
OATSQCXMYKYFQO-UHFFFAOYSA-N,S-Methyl thioacetate,CSC(C)=O,,,90.14699999999999,390.89,6,5,plants,0.8,0.2,0.0,0.0,Allium cepa; Bulbophyllum variegatum; Fragaria
WYPQHXVMNVEVEB-WAYWQWQTSA-N,,CCCC/C=C\CCCCO,,Fatty acids,156.26899999999998,524.74,6,6,plants,0.5,0.3333333333333333,0.16666666666666666,0.0,Coniesta ignefusalis; Craterellus tubaeformis; Fissistigma polyanthum
HJFZAYHYIWGLNL-UHFFFAOYSA-N,"2,6-DIMETHYLPYRAZINE",Cc1cncc(C)n1,"chocolate, potato, roasted, cocoa, nutty, coffee, beefy, brown, ethereal",Alkaloids,108.14399999999999,475.94,6,6,plants,0.8333333333333334,0.16666666666666666,0.0,0.0,Carica papaya; Coffea; Homo sapiens
IGOWHGRNPLFNDJ-ZPHPHTNESA-N,,CCCCCCCC/C=C\CCCCCCCCCCCCC,,Fatty acids,322.6210000000001,730.0,6,6,plants,1.0,0.0,0.0,0.0,Elaeocarpus mastersii; Melia azedarach; Melia azedarach var. toosendan
MUZGQHWTRUVFLG-SREVYHEPSA-N,,CCCC/C=C\CCCCCCOC(C)=O,,Fatty acids,226.35999999999993,582.3,6,6,plants,0.5,0.3333333333333333,0.16666666666666666,0.0,Coniesta ignefusalis; Craterellus tubaeformis; Fissistigma polyanthum
JRJBVWJSTHECJK-PKNBQFBNSA-N,,CC(=O)/C(C)=C/C1C(C)=CCCC1(C)C,,Terpenoids,206.32899999999995,597.09,5,5,plants,1.0,0.0,0.0,0.0,Magnolia biondii; Magnolia denudata; Magnolia kobus
BEKZXQKGTDVSKX-UHFFFAOYSA-N,Propyl palmitate,CCCCCCCCCCCCCCCC(=O)OCCC,,Fatty acids,298.511,692.54,5,4,plants,1.0,0.0,0.0,0.0,Daphne odora; Malus domestica; Malus pumila
CURLTUGMZLYLDI-UHFFFAOYSA-N,carbon dioxide,O=C=O,,,44.009,203.35,5,5,animals,0.2,0.4,0.2,0.2,Allium sativum; Escherichia coli; Homo sapiens
OJIBJRXMHVZPLV-UHFFFAOYSA-N,Isobutyl palmitate,CCCCCCCCCCCCCCCC(=O)OCC(C)C,,Fatty acids,312.538,714.98,5,5,plants,0.8,0.0,0.2,0.0,Aristolochia clematitis; Aristolochia debilis; Aristolochia fontanesii
ZOASGOXWEHUTKZ-UHFFFAOYSA-N,Methyl propyl sulfide,CCCSC,,Fatty acids,90.19099999999999,359.9,5,5,plants,0.8,0.2,0.0,0.0,Allium cepa; Brassica oleracea; Carica papaya
GBGPVUAOTCNZPT-UHFFFAOYSA-N,2-METHYLBENZOFURAN,Cc1cc2ccccc2o1,,Polyketides,132.16199999999998,479.68,5,3,plants,0.6666666666666666,0.3333333333333333,0.0,0.0,Cinamomum cassia; Cinnamomum aromaticum; Homo sapiens
GQKZBCPTCWJTAS-UHFFFAOYSA-N,BENZYL METHYL ETHER,COCc1ccccc1,,Shikimates and Phenylpropanoids,122.16699999999996,431.74,5,5,plants,1.0,0.0,0.0,0.0,Crataegus pinnatifida; Gastrodia elata; Schisandra Chinensis
YUAYWSBSIJVIBS-UHFFFAOYSA-N,2-Hexanoylfuran,CCCCCC(=O)c1ccco1,,,166.22,532.47,5,5,plants,1.0,0.0,0.0,0.0,Magnolia officinalis; Perilla frutescens; Perilla frutescens var. arguta
BODRLKRKPXBDBN-UHFFFAOYSA-N,"3,5,5-Trimethylhexan-1-ol",CC(CCO)CC(C)(C)C,,Fatty acids,144.25799999999998,494.03,5,5,plants,1.0,0.0,0.0,0.0,Camellia saluenensis; Chaenomeles sinensis; Rosa chinensis
HPIGCVXMBGOWTF-UHFFFAOYSA-N,ISOMALTOL,CC(=O)c1occc1O,,,126.11099999999996,521.5699999999999,5,5,plants,0.6,0.0,0.0,0.4,Nicotiana tabacum; Streptomyces; Streptomyces sp. MBT -
XPUDGEZWSNPCMM-UHFFFAOYSA-N,5-(Methylsulfanyl)pentanenitrile,CSCCCCC#N,,,129.228,507.73999999999995,5,5,plants,1.0,0.0,0.0,0.0,Brassica napus; Brassica oleracea; Cardaria draba
CAOMCZAIALVUPA-UHFFFAOYSA-N,3-(Methylthio)propionic acid,CSCCC(=O)O,,Fatty acids,120.17299999999999,505.41,5,5,bacteria,0.2,0.2,0.0,0.6,Citrullus lanatus; Homo sapiens; Streptomyces celluloflavus
KVKKTLBBYFABAZ-UHFFFAOYSA-N,24817-51-4,CCC(C)C(=O)OCCc1ccccc1,,Fatty acids,206.285,581.5,5,5,plants,1.0,0.0,0.0,0.0,Artemisia argyi; Artemisia montana; Artemisia princeps
JGEGJYXHCFUMJF-UHFFFAOYSA-N,4-methylpentanal,CC(C)CCC=O,,Fatty acids,100.16099999999999,385.09999999999997,5,5,plants,0.6,0.4,0.0,0.0,Artemisia argyi; Artemisia montana; Artemisia princeps
BEPAFCGSDWSTEL-UHFFFAOYSA-N,Dimethyl malonate,COC(=O)CC(=O)OC,,Fatty acids,132.115,430.43999999999994,5,4,plants,1.0,0.0,0.0,0.0,Ananas comosus; Astragalus membranaceus; Astragalus mongholicus
IRAQOCYXUMOFCW-YKURLNKLSA-N,ALPHA-CEDRENE,CC1=CC[C@@]23CC1C(C)(C)[C@@H]2CC[C@H]3C,,Terpenoids,204.35699999999997,566.8399999999999,5,5,plants,1.0,0.0,0.0,0.0,Aristolochiaceae; Brassica napus; Erigeron canadensis
DPBLXKKOBLCELK-UHFFFAOYSA-N,Amylamine,CCCCCN,,,87.16600000000001,386.53,5,5,plants,0.8,0.0,0.2,0.0,Brassica oleracea; Capsicum annuum; Hypholoma fasciculare
BTSIZIIPFNVMHF-ONEGZZNKSA-N,,CC/C=C/CO,,Fatty acids,86.134,410.34,5,4,plants,1.0,0.0,0.0,0.0,Capsicum annuum; Carica papaya; Medicago sativa
ZGHFDIIVVIFNPS-UHFFFAOYSA-N,3-Methyl-3-buten-2-one,C=C(C)C(C)=O,,Fatty acids,84.11799999999998,364.43,5,5,plants,0.8,0.2,0.0,0.0,Homo sapiens; Humulus lupulus; Pogostemon cablin
ITYNGVSTWVVPIC-GNKOZFRFSA-N,,C=C1CC[C@@H]2[C@H](C3C1CC[C@@H]3C)C2(C)C,,Terpenoids,204.35699999999994,556.9499999999999,5,5,plants,1.0,0.0,0.0,0.0,Chrysanthemum indicum; Dendranthema indicum; Lippia alnifolia
HLHIVJRLODSUCI-ADEWGFFLSA-N,Isopulegyl acetate,C=C(C)[C@@H]1CC[C@@H](C)C[C@H]1OC(C)=O,,Terpenoids,196.29,539.1500000000001,5,5,plants,1.0,0.0,0.0,0.0,Corymbia citriodora; Eucalyptus citriodora; Mentha X piperita
YYLLIJHXUHJATK-UHFFFAOYSA-N,CYCLOHEXYL ACETATE,CC(=O)OC1CCCCC1,,Fatty acids,142.19799999999998,460.40999999999997,5,4,plants,1.0,0.0,0.0,0.0,Garcinia dulcis; Malus domestica; Malus pumila
XXJWXESWEXIICW-UHFFFAOYSA-N,Diethylene glycol monoethyl ether,CCOCCOCCO,,Fatty acids,134.175,473.9,5,5,plants,1.0,0.0,0.0,0.0,Citrus aurantium; Citrus natsudaidai; Citrus sinensis
GUUHFMWKWLOQMM-NTCAYCPXSA-N,,CCCCCC/C(C=O)=C\c1ccccc1,"floral, jasmine, sweet",Shikimates and Phenylpropanoids,216.324,622.1800000000001,5,5,plants,0.8,0.2,0.0,0.0,Bupleurum chinense; Bupleurum falcatum; Bupleurum scorzonerifolium
NUWMTBMCSQWPDG-SDDRHHMPSA-N,Rotundone,C=C(C)[C@@H]1CC[C@H](C)C2=C(C1)[C@@H](C)CC2=O,,Terpenoids,218.33999999999995,642.19,5,5,plants,1.0,0.0,0.0,0.0,Aquilaria malaccensis; Cyperus Rotundus; Cyperus rotundus
SSNZFFBDIMUILS-ZHACJKMWSA-N,,CCCCCCCCC/C=C/C=O,"orange, waxy, metallic, aldehydic, herbal, citrus",Fatty acids,182.30700000000002,526.98,5,5,plants,1.0,0.0,0.0,0.0,Acorus calamus var. angustatus; Coriandrum sativum; Ducrosia anethifolia
MOTZDAYCYVMXPC-UHFFFAOYSA-M,Sodium dodecyl sulfate,CCCCCCCCCCCCOS(=O)(=O)[O-],,Fatty acids,265.395,464.38,5,5,plants,0.8,0.0,0.0,0.2,Glycyrrhiza glabra; Glycyrrhiza inflata; Glycyrrhiza uralensis
ZCFOBLITZWHNNC-VOTSOKGWSA-N,,CCCC/C=C/C(C)=O,,Fatty acids,126.19899999999997,440.66999999999996,5,5,plants,0.8,0.2,0.0,0.0,Arctostaphylos uva-ursi; Ceratophyllum demersum; Homo sapiens
ZFDIRQKJPRINOQ-HWKANZROSA-N,,C/C=C/C(=O)OCC,,Fatty acids,114.14399999999999,399.26,5,5,plants,1.0,0.0,0.0,0.0,Annona reticulata; Carica papaya; Dactylanthus taylorii
WSWCOQWTEOXDQX-MQQKCMAXSA-N,,C/C=C/C=C/C(=O)O,,Fatty acids,112.12799999999999,490.71,5,5,plants,1.0,0.0,0.0,0.0,Foeniculum vulgare; Prunus domestica; Schisandra chinensis
YNPDFBFVMJNGKZ-UHFFFAOYSA-N,1450-72-2,CC(=O)c1cc(C)ccc1O,,,150.17699999999996,571.6700000000001,5,5,plants,1.0,0.0,0.0,0.0,Ageratum conyzoides; Curcuma longa; Juglans nigra
XCIXKGXIYUWCLL-UHFFFAOYSA-N,CYCLOPENTANOL,OC1CCCC1,,,86.134,421.46,5,5,plants,1.0,0.0,0.0,0.0,Basella alba; Echinacea purpurea; Gossypium herbaceum
VIPNQHBVIDJXJE-UHFFFAOYSA-N,Bornyl butyrate,CCCC(=O)OC1CC2CCC1(C)C2(C)C,,Terpenoids,224.34399999999994,587.03,5,5,plants,1.0,0.0,0.0,0.0,Aloysia citriodora; Aloysia citrodora; Aloysia triphylla
BMVXCPBXGZKUPN-UHFFFAOYSA-N,Hexylamine,CCCCCCN,,,101.19300000000001,409.40999999999997,5,4,plants,0.75,0.0,0.25,0.0,Arum maculatum; Claviceps purpurea; FOOD SAKE
BTANRVKWQNVYAZ-SCSAIBSYSA-N,(R)-(-)-2-Butanol,CC[C@@H](C)O,,Fatty acids,74.12299999999999,382.85999999999996,5,5,plants,1.0,0.0,0.0,0.0,Aloe africana; Aloe ferox; Aloe spicata
ZENZJGDPWWLORF-MDZDMXLPSA-N,,CCCCCCCC/C=C/CCCCCCCC=O,,Fatty acids,266.46899999999994,664.26,5,5,plants,1.0,0.0,0.0,0.0,Citrus maxima; Citrus reticulata; Citrus unshiu
IITQJMYAYSNIMI-UHFFFAOYSA-N,3-METHYL-2-CYCLOHEXEN-1-ONE,CC1=CC(=O)CCC1,,Terpenoids,110.156,455.94,5,5,plants,0.8,0.2,0.0,0.0,Bryophyllum pinnatum; Homo sapiens; Lippia dulcis
MCSINKKTEDDPNK-UHFFFAOYSA-N,PROPYL PROPIONATE,CCCOC(=O)CC,,Fatty acids,116.15999999999998,395.09999999999997,5,4,animals,0.5,0.5,0.0,0.0,Apis cerana; Carica papaya; Homo sapiens
ROWKJAVDOGWPAT-GSVOUGTGSA-N,(R)-acetoin,CC(=O)[C@@H](C)O,,Fatty acids,88.106,436.72999999999996,5,5,bacteria,0.4,0.0,0.2,0.4,Corynebacterium glutamicum; Lycium barbarum; Lycium chinense
SERHXTVXHNVDKA-BYPYZUCNSA-N,D-(-)-Pantolactone,CC1(C)COC(=O)[C@@H]1O,,,130.143,489.59,5,5,plants,1.0,0.0,0.0,0.0,Hippophae rhamnoides; Imperata cylindrica; Mukia maderaspatana
WPYMKLBDIGXBTP-UHFFFAOYSA-M,"Benzoic acid, calcium salt (2:1)",O=C([O-])c1ccccc1,,Shikimates and Phenylpropanoids,121.11499999999995,439.61,5,5,plants,0.8,0.0,0.2,0.0,Chlamydomonas reinhardtii; Paeonia rockii; Piper sarmentosum
NSSALFVIQPAIQK-FPLPWBNLSA-N,,CCCCCC/C=C\CO,,Fatty acids,142.242,501.86,5,5,plants,1.0,0.0,0.0,0.0,Bistorta manshuriensis; Bistorta officinalis; Houttuynia Cordata
DBERHVIZRVGDFO-UHFFFAOYSA-N,Acetoxyacetone,CC(=O)COC(C)=O,,Fatty acids,116.11599999999999,426.09,5,5,plants,1.0,0.0,0.0,0.0,Angelica acutiloba; Angelica gigas; Angelica sinensis
BTMVHUNTONAYDX-UHFFFAOYSA-N,Butyl propionate,CCCCOC(=O)CC,,Fatty acids,130.18699999999998,417.98,5,5,plants,0.8,0.2,0.0,0.0,Elsholtzia ciliata; Homo sapiens; Mosla chinensis
PHOQVHQSTUBQQK-SQOUGZDYSA-N,gluconolactone,O=C1O[C@H](CO)[C@@H](O)[C@H](O)[C@H]1O,,Carbohydrates,178.14000000000001,760.8199999999999,5,5,animals,0.2,0.8,0.0,0.0,Caenorhabditis elegans; Homo sapiens; Mus musculus
VUFZVGQUAVDKMC-UHFFFAOYSA-N,Allyl phenoxyacetate,C=CCOC(=O)COc1ccccc1,,Shikimates and Phenylpropanoids,192.21400000000003,555.28,5,5,plants,1.0,0.0,0.0,0.0,Ligusticum chuanxiong; Ligusticum jeholense; Ligusticum sinense
IQDXAJNQKSIPGB-HQSZAHFGSA-N,Geranyllinalool,C=CC(C)(O)CC/C=C(\C)CC/C=C(\C)CCC=C(C)C,,Terpenoids,290.491,754.95,5,5,plants,0.8,0.0,0.2,0.0,Allamanda cathartica; Citrus maxima; Daldinia eschscholtzii
CFAKWWQIUFSQFU-UHFFFAOYSA-N,80-71-7,CC1=C(O)C(=O)CC1,,,112.128,525.95,5,5,plants,1.0,0.0,0.0,0.0,Capsicum annuum; Foeniculum vulgare; Nicotiana tabacum
BYEVBITUADOIGY-UHFFFAOYSA-N,ETHYL NONANOATE,CCCCCCCCC(=O)OCC,"cognac, fatty, grape, nutty, oily, waxy, natural, rose, fruity, tropical, rummy",Fatty acids,186.295,509.49999999999994,5,5,plants,1.0,0.0,0.0,0.0,Aristolochiaceae; Citrus iyo; Opuntia ficus-indica
HTUIWRWYYVBCFT-UHFFFAOYSA-N,PROPYL HEXANOATE,CCCCCC(=O)OCCC,,Fatty acids,158.24099999999996,463.73999999999995,5,5,plants,0.8,0.2,0.0,0.0,Bothriochloa bladhii; Hippophae rhamnoides; Homo sapiens
WVYWICLMDOOCFB-UHFFFAOYSA-N,4-METHYL-2-PENTANOL,CC(C)CC(C)O,,Fatty acids,102.17699999999998,428.17999999999995,5,5,plants,1.0,0.0,0.0,0.0,Chamelaucium uncinatum; Cinnamomum camphora; Eucalyptus kruseana
PRNJXUQTUSFYLV-NTCAYCPXSA-N,,C=CC(C)(CC/C=C(\C)CCC=C(C)C)OC(C)=O,"sweet, floral, fresh, woody, citrus, waxy",Terpenoids,264.40899999999993,648.31,5,5,plants,1.0,0.0,0.0,0.0,Citrus maxima; Elettaria cardamomum; Lonicera japonica
OJOLFAIGOXZBCI-UHFFFAOYSA-N,3-mercaptopyruvic acid,O=C(O)C(=O)CS,,,120.129,530.48,5,5,plants,0.4,0.4,0.0,0.2,Arabidopsis thaliana; Citrullus lanatus; Escherichia coli
MCVVUJPXSBQTRZ-ONEGZZNKSA-N,,C/C=C/C(=O)OC,,Fatty acids,100.11699999999999,376.38,5,5,plants,1.0,0.0,0.0,0.0,Annona muricata; Carica papaya; Fragaria
VYPSYNLAJGMNEJ-UHFFFAOYSA-N,SILICON DIOXIDE,O=[Si]=O,,,60.084,177.2,5,5,plants,1.0,0.0,0.0,0.0,Equisetum arvense; Equisetum telmateia; Gluta wallichii
IVDFJHOHABJVEH-UHFFFAOYSA-N,PINACOL,CC(C)(O)C(C)(C)O,,Fatty acids,118.17599999999999,514.78,5,5,plants,0.4,0.2,0.0,0.4,Cymbopogon citratus; Foeniculum vulgare; Homo sapiens
QPRQEDXDYOZYLA-RXMQYKEDSA-N,616-16-0,CC[C@@H](C)CO,,Fatty acids,88.14999999999999,405.73999999999995,5,5,plants,1.0,0.0,0.0,0.0,Aloe africana; Aloe ferox; Aloe spicata
YQUQWHNMBPIWGK-UHFFFAOYSA-N,4-Isopropylphenol,CC(C)c1ccc(O)cc1,,Terpenoids,136.19399999999996,512.38,5,5,plants,1.0,0.0,0.0,0.0,Achillea grandifolia; Artemisia salsoloides; Cuminum cyminum
DKKRDMLKVSKFMJ-UHFFFAOYSA-N,4-ISOPROPYLCYCLOHEXANOL,CC(C)C1CCC(O)CC1,,Terpenoids,142.24199999999996,512.14,5,5,plants,1.0,0.0,0.0,0.0,Eucalyptus urophylla; Hansenia forbesii; Hansenia weberbaueriana
NOOLISFMXDJSKH-MGRQHWMJSA-N,Neomenthol,CC(C)[C@H]1CC[C@@H](C)CC1O,,Terpenoids,156.269,530.3499999999999,5,5,plants,1.0,0.0,0.0,0.0,Clinopodium album; Clinopodium thymifolium; Senna alexandrina
TYDDWHVJHGIJCW-RMKNXTFCSA-N,,C=C/C(C)=C/CC(O)C(=C)C,,Terpenoids,152.23699999999997,517.4200000000001,5,5,plants,1.0,0.0,0.0,0.0,Acca sellowiana; Citrus maxima; Citrus reticulata
IXJMGVJLUBBAQW-UHFFFAOYSA-N,allyl propyl trisulfide,C=CCSSSCCC,,Fatty acids,180.36299999999997,539.9000000000001,5,5,plants,1.0,0.0,0.0,0.0,Adenocalymma alliaceum; Allium ampeloprasum; Allium cepa
BHTUFJXTYNLISA-UHFFFAOYSA-N,2-HEPTYLFURAN,CCCCCCCc1ccco1,,Polyketides,166.264,501.47999999999996,5,5,plants,0.8,0.0,0.2,0.0,Cichorium endivia; Hansenia forbesii; Hansenia weberbaueriana
QNGNSVIICDLXHT-UHFFFAOYSA-N,4-ETHYLBENZALDEHYDE,CCc1ccc(C=O)cc1,,Shikimates and Phenylpropanoids,134.17799999999997,413.6,5,5,plants,1.0,0.0,0.0,0.0,Cannabis sativa; Ceratophyllum demersum; Illicium verum
FUGDHQXYVPQGLJ-UHFFFAOYSA-N,cyclotetradecanone,O=C1CCCCCCCCCCCCC1,,Fatty acids,210.36099999999993,646.1199999999999,5,5,animals,0.2,0.8,0.0,0.0,Moschus berezovskii; Moschus chrysogaster; Moschus moschiferus
PXIKRTCSSLJURC-UHFFFAOYSA-N,2-METHOXY-4-PROPYLPHENOL,CCCc1ccc(O)c(OC)c1,"balsamic, spicy, sweet, powdery, phenolic, clove, sharp",,166.21999999999997,563.1,5,5,plants,1.0,0.0,0.0,0.0,Angelica acutiloba; Angelica gigas; Angelica sinensis
AMTITFMUKRZZEE-WAYWQWQTSA-N,,CCCC/C=C\CCCCCCCCCC=O,,Fatty acids,238.4149999999999,618.5,5,5,animals,0.0,0.4,0.2,0.4,Diatraea saccharalis; Geitlerinema acutissimum; Heliothis maritima
PHXATPHONSXBIL-SNVBAGLBSA-N,(5R)-5-heptyloxolan-2-one,CCCCCCC[C@@H]1CCC(=O)O1,,Fatty acids,184.27899999999997,516.24,5,5,plants,1.0,0.0,0.0,0.0,Bupleurum chinense; Capsicum annuum; Mangifera indica
CMNMHJVRZHGAAK-UHFFFAOYSA-N,Octyl hexanoate,CCCCCCCCOC(=O)CCCCC,,Fatty acids,228.37599999999995,578.1399999999999,5,5,plants,1.0,0.0,0.0,0.0,Cannabis sativa; Heracleum antasiaticum; Heracleum persicum
CTMNHOOSFSITGN-UHFFFAOYSA-N,"3-(2-methylpropyl)-3a,4,5,6-tetrahydro-2-benzofuran-1(3h)-one",CC(C)CC1OC(=O)C2=CCCCC21,,,194.27399999999994,553.8299999999999,5,5,plants,1.0,0.0,0.0,0.0,Apium graveolens; Asarum canadense; Conioselinum anthriscoides
AFBBWQXTLZVDEE-GFCCVEGCSA-N,"2-[(2R)-5,8-dimethyl-1,2,3,4-tetrahydronaphthalen-2-yl]propan-2-ol",Cc1ccc(C)c2c1CC[C@@H](C(C)(C)O)C2,,Terpenoids,218.33999999999997,684.38,5,5,plants,1.0,0.0,0.0,0.0,Artemisia Annua; Emmotum nitens; Nicotiana rustica
KYQCOXFCLRTKLS-UHFFFAOYSA-N,PYRAZINE,c1cnccn1,"musty, nutty, roasted, sweet, hazelnut, pungent",Alkaloids,80.09,420.21999999999997,5,5,plants,0.8,0.2,0.0,0.0,Coffea arabica; Daphnia magna; Nelumbo nucifera
BGTBFNDXYDYBEY-FNORWQNLSA-N,,C/C=C/C(=O)C1=C(C)CCCC1(C)C,"honey, plum, rose, tobacco, berry, floral, fruity, woody, minty",Terpenoids,192.30199999999996,583.98,5,5,plants,1.0,0.0,0.0,0.0,Baccharis dracunculifolia; Nicotiana tabacum; Rosa centifolia L.
MNNFKQAYXGEKFA-MJBFILCRSA-N,Juniperol,CC1(C)CCCC2(C)C3CCC2(C)[C@@H](O)C31,,Terpenoids,222.37199999999999,650.4499999999999,5,5,plants,1.0,0.0,0.0,0.0,Acorus gramineus; Artemisia argyi; Artemisia montana
CMPVUVUNJQERIT-UHFFFAOYSA-N,2-ISOBUTYLTHIAZOLE,CC(C)Cc1nccs1,,Alkaloids,141.23899999999998,484.09999999999997,5,3,animals,0.3333333333333333,0.6666666666666666,0.0,0.0,Cephalophus natalensis; Citrullus lanatus; Red forest duiker
JRJBVWJSTHECJK-LUAWRHEFSA-N,,CC(=O)/C(C)=C\C1C(C)=CCCC1(C)C,,Terpenoids,206.32899999999995,597.09,5,5,plants,1.0,0.0,0.0,0.0,Magnolia biondii; Magnolia denudata; Magnolia kobus
GMZKBWZWDAAWPI-UHFFFAOYSA-N,DTXSID80986919,C=C1CCCC2(C)CCC(CC(C)(C)O)CC12,,Terpenoids,236.39899999999997,679.9199999999998,4,2,plants,1.0,0.0,0.0,0.0,Rhizoma zingiberis praeparata; Rhizoma zingiberis recens preparata; Verbena officinalis var. officinalis
HCRBXQFHJMCTLF-LURJTMIESA-N,10307-61-6,CCOC(=O)[C@@H](C)CC,,Fatty acids,130.18699999999998,417.53999999999996,4,4,plants,1.0,0.0,0.0,0.0,Arnebia euchroma; Arnebia guttata; Capsicum annuum
ADNADZOSMJDVIS-UHFFFAOYSA-N,Isobutyl valerate,CCCCC(=O)OCC(C)C,,Fatty acids,158.24099999999999,463.3,4,4,fungi,0.5,0.0,0.5,0.0,Aspergillus clavatus; Aspergillus clavatus NRRL; Eucalyptus camaldulensis
CBQXHTWJSZXYSK-DVIJZSFDSA-N,,C/C=C/C=C1\C(C)=CC(=O)CC1(C)C,,Terpenoids,190.28599999999997,599.5899999999999,4,4,plants,1.0,0.0,0.0,0.0,Houttuynia cordata; Nelumbo nucifera; Nicotiana tabacum
CYGPPWVXOWCHJB-UHFFFAOYSA-N,2-Methylbutyl isovalerate,CCC(C)COC(=O)CC(C)C,,Fatty acids,172.26799999999997,485.73999999999995,4,4,plants,1.0,0.0,0.0,0.0,Artemisia argyi; Artemisia montana; Artemisia princeps
XVHWVIJKRDQEME-UHFFFAOYSA-N,7-methyl-3-methylene-1-octanol,C=C(CCO)CCCC(C)C,,Fatty acids,156.26899999999998,516.7,4,4,plants,1.0,0.0,0.0,0.0,Bupleurum chinense; Bupleurum fruticosum; Bupleurum linearifolium
PGAMJXWVUGDLRA-UHFFFAOYSA-N,5-pentyl-3H-furan-2-one,CCCCCC1=CCC(=O)O1,,Polyketides,154.20899999999997,479.28999999999996,4,4,plants,1.0,0.0,0.0,0.0,Centaurea oltensis; Centaurea sessilis; Ceratophyllum demersum
HDNRAPAFJLXKBV-UHFFFAOYSA-N,4-Ethylanisole,CCc1ccc(OC)cc1,,,136.194,459.59999999999997,4,4,plants,1.0,0.0,0.0,0.0,Hansenia forbesii; Hansenia weberbaueriana; Leptolejeunea elliptica
YERFHJZYNMRVLO-UHFFFAOYSA-N,Hexyl valerate,CCCCCCOC(=O)CCCC,,Fatty acids,186.29499999999996,509.49999999999994,4,4,plants,1.0,0.0,0.0,0.0,Capsicum annuum; Chrysanthemum morifolium; Chrysanthemum x morifolium
CYHBDKTZDLSRMY-UHFFFAOYSA-N,Hexyl isobutyrate,CCCCCCOC(=O)C(C)C,,Fatty acids,172.268,486.18,4,3,plants,1.0,0.0,0.0,0.0,Capsicum annuum; Humulus lupulus; Medicago sativa
SJWFXCIHNDVPSH-MRVPVSSYSA-N,(R)-(-)-2-Octanol,CCCCCC[C@@H](C)O,,Fatty acids,130.231,474.38,4,4,plants,1.0,0.0,0.0,0.0,Curcuma kwangsiensis; Curcuma phaeocaulis; Curcuma wenyujin
YWTIDNZYLFTNQQ-UHFFFAOYSA-N,"3,7-Dimethyloct-6-en-1-yn-3-ol",C#CC(C)(O)CCC=C(C)C,,Terpenoids,152.23699999999997,511.51,4,4,plants,1.0,0.0,0.0,0.0,Daucus carota; Persicaria hydropiperoides; Persicaria minor
IFNDEOYXGHGERA-UHFFFAOYSA-N,2-Methoxy-5-methylphenol,COc1ccc(C)cc1O,"medicinal, phenolic, smoky, sweet, vanilla",,138.166,517.34,4,4,plants,1.0,0.0,0.0,0.0,Atractylodes chinensis; Atractylodes lancea; Capsicum annuum
HMNKTRSOROOSPP-UHFFFAOYSA-N,3-ETHYLPHENOL,CCc1cccc(O)c1,"phenolic, musty",,122.16699999999996,489.94,4,4,plants,0.75,0.25,0.0,0.0,Angelica sinensis; Artemisia capillaries; Artemisia capillaris
CERQOIWHTDAKMF-UHFFFAOYSA-N,METHACRYLIC ACID,C=C(C)C(=O)O,,Fatty acids,86.08999999999997,433.19,4,4,plants,0.75,0.25,0.0,0.0,Coffea arabica; Euryops arabicus; Scarites subterraneus
WVBWGEUOGUDKGD-UHFFFAOYSA-N,60031-93-8,C=CC1(C)CCC(COC(C)=O)C(C)(C)C1C(=C)C,,Terpenoids,264.409,646.04,4,4,plants,1.0,0.0,0.0,0.0,Alternanthera pungens; Artemisia annua; Valeriana officinalis
OAOABCKPVCUNKO-UHFFFAOYSA-N,8-Methylnonanoic acid,CC(C)CCCCCCC(=O)O,,Fatty acids,172.268,573.47,4,4,plants,0.5,0.0,0.0,0.5,Pelargonium graveolens; Solanum pennellii; Streptomyces
QGFSQVPRCWJZQK-UHFFFAOYSA-N,9-DECEN-1-OL,C=CCCCCCCCCO,"aldehydic, fresh, rose, waxy, clean",Fatty acids,156.269,517.26,4,4,plants,1.0,0.0,0.0,0.0,Artemisia Annua; Artemisia annua; Etlingera elatior
JZBCTZLGKSYRSF-UHFFFAOYSA-N,"2-ETHYL-3,5-DIMETHYLPYRAZINE",CCc1ncc(C)nc1C,"almond, burnt, chocolate, cocoa, hazelnut, nutty, musty, caramellic, coffee, roasted",Alkaloids,136.19799999999998,526.6800000000001,4,4,bacteria,0.25,0.0,0.0,0.75,Corynebacterium glutamicum; Flavobacterium; Flavobacterium aRK
DJNTZVRUYMHBTD-UHFFFAOYSA-N,Octyl octanoate,CCCCCCCCOC(=O)CCCCCCC,,Fatty acids,256.4299999999999,623.9000000000001,4,4,plants,1.0,0.0,0.0,0.0,Heracleum stevenii; Mandragora autumnalis; Mandragora officinarum
CNUDBTRUORMMPA-UHFFFAOYSA-N,Thiophene-2-carbaldehyde,O=Cc1cccs1,,,112.15299999999999,361.5,4,4,plants,0.75,0.25,0.0,0.0,Brassica oleracea; Capparis spinosa; Coffea arabica
ZSBOMYJPSRFZAL-RAXLEYEMSA-N,,CCCC(=O)OC/C=C(/C)CCC=C(C)C,,Fatty acids,224.34399999999994,586.22,4,4,plants,1.0,0.0,0.0,0.0,Artemisia absinthium; Pelargonium quercifolium; Thymus funkii
LCHYEKKJCUJAKN-UHFFFAOYSA-N,2-PROPYLPHENOL,CCCc1ccccc1O,,Polyketides,136.19399999999996,512.8199999999999,4,4,plants,1.0,0.0,0.0,0.0,Cnidium officinale; Ligusticum chuanxiong; Ligusticum sinense
OMPJBNCRMGITSC-UHFFFAOYSA-N,BENZOYL PEROXIDE,O=C(OOC(=O)c1ccccc1)c1ccccc1,,Shikimates and Phenylpropanoids,242.23000000000002,689.72,4,4,plants,1.0,0.0,0.0,0.0,Arabidopsis thaliana; Gynochthodes parvifolia; Morinda parvifolia
OVBFMEVBMNZIBR-YFKPBYRVSA-N,(S)-2-Methylvaleric Acid,CCC[C@H](C)C(=O)O,,Fatty acids,116.15999999999998,481.95,4,4,plants,0.5,0.0,0.25,0.0,Commiphora confusa; Laingia pacifica; Lecidea ferax
LVSQXDHWDCMMRJ-UHFFFAOYSA-N,4-Hydroxy-2-butanone,CC(=O)CCO,,Fatty acids,88.106,437.16999999999996,4,3,plants,1.0,0.0,0.0,0.0,Cnidium officinale; Foeniculum vulgare; Ligusticum sinense
YVBCULSIZWMTFY-UHFFFAOYSA-N,4-HEPTANOL,CCCC(O)CCC,,Fatty acids,116.204,451.5,4,3,plants,1.0,0.0,0.0,0.0,Camellia sinensis; Capillipedium parviflorum; Cedronella canariensis
IDEYZABHVQLHAF-GQCTYLIASA-N,,CC/C=C(\C)C=O,,Fatty acids,98.14499999999998,389.58,4,4,plants,1.0,0.0,0.0,0.0,Allium Schoenoprasum; Allium cepa; Allium schoenoprasum
NTSLROIKFLNUIJ-UHFFFAOYSA-N,5-Ethyl-2-methylpyridine,CCc1ccc(C)nc1,,Alkaloids,121.18299999999998,468.0,4,4,plants,1.0,0.0,0.0,0.0,Arctostaphylos uva-ursi; Camellia sinensis; Mentha piperita
PAWGRNGPMLVJQH-ZHACJKMWSA-N,,CCCCCCCCC/C=C/C(=O)O,,Fatty acids,198.306,623.8299999999999,4,4,plants,0.75,0.25,0.0,0.0,Angelica sinensis; Dolichos lablab; Eryngium foetidum
GQVYBECSNBLQJV-VAWYXSNFSA-N,,CCCCCCCCCC/C=C/C(=O)O,,Fatty acids,212.333,646.71,4,4,plants,0.75,0.25,0.0,0.0,Dolichos lablab; Salia triloba; Salvia fruticosa
IUSBVFZKQJGVEP-SNAWJCMRSA-N,,C/C=C/c1ccc(OC(C)=O)c(OC)c1,,Shikimates and Phenylpropanoids,206.24099999999996,595.5999999999999,4,4,plants,1.0,0.0,0.0,0.0,Artemisia capillaris; Artemisia scoparia; Foeniculum vulgare
XLTBPTGNNLIKRW-UHFFFAOYSA-N,Ethyl methyl disulfide,CCSSC,,,108.231,405.79999999999995,4,3,plants,1.0,0.0,0.0,0.0,Allium chinense; Brassica oleracea; Durio zibethinus
DRFSOBZVMGLICQ-SGMGOOAPSA-N,Guaiol acetate,CC(=O)OC(C)(C)[C@@H]1CC[C@H](C)C2=C(C1)[C@@H](C)CC2,,Terpenoids,264.409,678.56,4,4,plants,1.0,0.0,0.0,0.0,Angelica acutiloba; Angelica gigas; Angelica sinensis
LREHGXOCZVBABG-UHFFFAOYSA-N,o-Eugenol,C=CCc1cccc(OC)c1O,,Shikimates and Phenylpropanoids,164.20399999999995,559.78,4,3,plants,1.0,0.0,0.0,0.0,Lonicera japonica; Mosla chinensis; Syzygium aromaticum
KXSDPILWMGFJMM-IVZWLZJFSA-N,,CC(C)[C@]12CC[C@@](C)(O)[C@@H]1C2,,Terpenoids,154.253,529.43,4,4,plants,1.0,0.0,0.0,0.0,Achillea grandifolia; Eucalyptus camaldulensis; Lantana ukambensis
DXYYSGDWQCSKKO-UHFFFAOYSA-N,2-Methylbenzothiazole,Cc1nc2ccccc2s1,,Alkaloids,149.21799999999996,531.38,4,4,plants,0.5,0.0,0.0,0.5,Camellia multisepala; Camellia sinensis; Micrococcus
BGTOWKSIORTVQH-UHFFFAOYSA-N,CYCLOPENTANONE,O=C1CCCC1,,,84.11800000000001,401.77,4,3,plants,1.0,0.0,0.0,0.0,Coffea arabica; Crocus sativus; Vitis rotundifolia
QKNZNUNCDJZTCH-UHFFFAOYSA-N,PENTYL BENZOATE,CCCCCOC(=O)c1ccccc1,,Shikimates and Phenylpropanoids,192.258,559.06,4,3,plants,1.0,0.0,0.0,0.0,Croton eluteria; Liriope muscari; Liriope spicata
DKMROQRQHGEIOW-UHFFFAOYSA-N,DIETHYL SUCCINATE,CCOC(=O)CCC(=O)OCC,,Fatty acids,174.19599999999997,499.08,4,4,plants,0.75,0.25,0.0,0.0,Couroupita guianensis; Mimusops elengi; Opuntia ficus-indica
IRAQOCYXUMOFCW-UQJCBBSYSA-N,"(2R,5S)-2,6,6,8-tetramethyltricyclo[5.3.1.01,5]undec-8-ene",CC1=CCC23CC1C(C)(C)[C@@H]2CC[C@H]3C,,Terpenoids,204.35699999999997,566.8399999999999,4,4,plants,1.0,0.0,0.0,0.0,Chrysanthemum indicum; Chrysanthemum x morifolium; Commiphora quadricincta
TWSRVQVEYJNFKQ-UHFFFAOYSA-N,Pentyl propionate,CCCCCOC(=O)CC,"apple, banana, fruity, pineapple, sweet, tropical, apricot",Fatty acids,144.21399999999997,440.86,4,4,plants,0.75,0.25,0.0,0.0,Ammi visnaga; Homo sapiens; Polygala senega
GOKKOFHHJFGZHW-UHFFFAOYSA-N,Hexyl propionate,CCCCCCOC(=O)CC,,Fatty acids,158.24099999999999,463.73999999999995,4,3,plants,0.6666666666666666,0.3333333333333333,0.0,0.0,Homo sapiens; Passiflora edulis; Vitis vinifera
OUGPMNMLWKSBRI-UHFFFAOYSA-N,Hexyl formate,CCCCCCOC=O,,Fatty acids,130.18699999999998,336.17999999999995,4,2,plants,0.5,0.5,0.0,0.0,Cedrus deodara; Radix et rhizoma rhodiolae; liquorice
FFOPEPMHKILNIT-UHFFFAOYSA-N,Isopropyl butyrate,CCCC(=O)OC(C)C,,Fatty acids,130.18699999999995,417.53999999999996,4,4,plants,0.75,0.25,0.0,0.0,Carica papaya; Fragaria; Fragaria x ananassa
WXBXVVIUZANZAU-CMDGGOBGSA-N,,CCCCCCC/C=C/C(=O)O,,Fatty acids,170.25199999999998,578.0699999999999,4,4,bacteria,0.0,0.0,0.0,1.0,Rhizobium meliloti; Streptococcus mutans; Streptomyces
SMUQFGGVLNAIOZ-UHFFFAOYSA-N,2-METHYLQUINOLINE,Cc1ccc2ccccc2n1,,Alkaloids,143.189,532.74,4,3,plants,0.6666666666666666,0.0,0.0,0.0,Camellia sinensis; Peganum harmala; Physarum polycephalum
OEGPRYNGFWGMMV-UHFFFAOYSA-N,"3,4-Dimethoxybenzyl alcohol",COc1ccc(CO)cc1OC,,,168.19199999999998,579.1800000000001,4,4,plants,0.75,0.0,0.25,0.0,Croton lechleri; Croton lechleri Mull.Arg.; Cucurbita pepo
KRIOVPPHQSLHCZ-UHFFFAOYSA-N,Propiophenone,CCC(=O)c1ccccc1,,Shikimates and Phenylpropanoids,134.17799999999997,486.07,4,4,plants,0.75,0.25,0.0,0.0,Artemisia judaica; Homo sapiens; Manilkara zapota
HSDSKVWQTONQBJ-UHFFFAOYSA-N,"2',4'-Dimethylacetophenone",CC(=O)c1ccc(C)cc1C,,,148.20499999999996,518.9100000000001,4,4,plants,1.0,0.0,0.0,0.0,Calotropis gigantea; Zanthoxylum bungeanum; Zanthoxylum piperitum
VOZFDEJGHQWZHU-UHFFFAOYSA-N,(5-methylfuran-2-yl)methanol,Cc1ccc(CO)o1,,Polyketides,112.128,484.23999999999995,4,4,plants,1.0,0.0,0.0,0.0,Capparis spinosa; Lycium barbarum; Lycium chinense
QOPYYRPCXHTOQZ-CMDGGOBGSA-N,,CCCCCCC/C=C/CO,,Fatty acids,156.26899999999998,524.74,4,4,plants,1.0,0.0,0.0,0.0,Coriandrum sativum; Echium italicum; Houttuynia cordata
HHDDCCUIIUWNGJ-UHFFFAOYSA-N,3-Hydroxypyruvic acid,O=C(O)C(=O)CO,"burnt, buttery, creamy, cabbage, radish, sour",Fatty acids,104.06099999999999,559.8,4,4,plants,0.5,0.25,0.0,0.25,Citrullus lanatus; Eremosphaera viridis; Homo sapiens
DLHQZZUEERVIGQ-UHFFFAOYSA-N,"3,7-Dimethyloctan-3-ol",CCC(C)(O)CCCC(C)C,"floral, sweet, fresh, lily, citrus",Terpenoids,158.28499999999997,516.91,4,4,plants,0.75,0.25,0.0,0.0,Homo sapiens; Mangifera indica; Persicaria hydropiperoides
YPQSPODHFDGVAC-UHFFFAOYSA-N,BUTYL HEPTANOATE,CCCCCCC(=O)OCCCC,"apple, fruity, green, herbal, winey, oily, grassy, pear, tropical",Fatty acids,186.29499999999996,509.49999999999994,4,4,plants,1.0,0.0,0.0,0.0,Angelica acutiloba; Angelica gigas; Angelica sinensis
MWVFCEVNXHTDNF-UHFFFAOYSA-N,"2,3-HEXANEDIONE",CCCC(=O)C(C)=O,"buttery, creamy, sweet, dry, fatty, caramellic, fruity, oily, jammy, phenolic",Fatty acids,114.14399999999998,444.62,4,3,bacteria,0.3333333333333333,0.3333333333333333,0.0,0.3333333333333333,Corynebacterium glutamicum; Homo sapiens; Vitis vinifera
OTMFQLIUPDESAI-UHFFFAOYSA-N,Ethyleugenol,C=CCc1ccc(OCC)c(OC)c1,"herbal, musty, spicy, sweet, tea, warm",Shikimates and Phenylpropanoids,192.25799999999995,552.3199999999999,4,4,plants,1.0,0.0,0.0,0.0,Aloysia citriodora; Aloysia citrodora; Aloysia triphylla
GPSFYJDZKSRMKZ-UHFFFAOYSA-N,"3,4-Dimethylthiophene",Cc1cscc1C,,,112.19699999999999,412.94,4,3,plants,0.6666666666666666,0.3333333333333333,0.0,0.0,Allium cepa; Azadirachta indica; Bulbus allii fistulosi
QTCRFFUEUAXZNW-UHFFFAOYSA-N,Phenethyl senecioate,CC(C)=CC(=O)OCCc1ccccc1,,,204.26900000000003,585.98,4,4,plants,1.0,0.0,0.0,0.0,Callitropsis nootkatensis; Typha angustifolia; Typha orientalis
KFNNIILCVOLYIR-UHFFFAOYSA-N,PROPYL FORMATE,CCCOC=O,,Fatty acids,88.10599999999998,267.53999999999996,4,4,plants,1.0,0.0,0.0,0.0,Aloe africana; Aloe ferox; Aloe spicata
HPNMFZURTQLUMO-UHFFFAOYSA-N,DIETHYLAMINE,CCNCC,,Alkaloids,73.139,341.28999999999996,4,4,plants,1.0,0.0,0.0,0.0,Cannabis sativa; Hordeum vulgare; Malus pumila
YXWWHNCQZBVZPV-UHFFFAOYSA-N,2'-METHYLACETOPHENONE,CC(=O)c1ccccc1C,,Shikimates and Phenylpropanoids,134.17799999999997,491.05,4,3,plants,1.0,0.0,0.0,0.0,Boswellia carterii; Gossypium hirsutum; Zanthoxylum schinifolium
LYJHVEDILOKZCG-UHFFFAOYSA-N,Allyl benzoate,C=CCOC(=O)c1ccccc1,,Shikimates and Phenylpropanoids,162.188,509.97999999999996,4,4,plants,1.0,0.0,0.0,0.0,Angelica acutiloba; Angelica gigas; Angelica sinensis
CYEKUDPFXBLGHH-UHFFFAOYSA-N,3-tert-Butylphenol,CC(C)(C)c1cccc(O)c1,,,150.22099999999998,532.47,4,4,plants,1.0,0.0,0.0,0.0,Chrysanthemum morifolium; Chrysanthemum x morifolium; Paeonia lactiflora
ZPQAKYPOZRXKFA-UHFFFAOYSA-N,6-UNDECANONE,CCCCCC(=O)CCCCC,,Fatty acids,170.29599999999996,505.15,4,4,plants,1.0,0.0,0.0,0.0,Angelica acutiloba; Angelica gigas; Angelica sinensis
CVSWGLSBJFKWMW-SDNWHVSQSA-N,,CCCCC(=O)OC/C=C(\C)CCC=C(C)C,,Fatty acids,238.37099999999995,609.0999999999999,4,4,plants,1.0,0.0,0.0,0.0,Artemisia arborescens; Pelargonium graveolens; Thymus funkii
CNOPDZWOYFOHGN-BQYQJAHWSA-N,,CC1=C(/C=C/C(C)O)C(C)(C)CCC1,,Terpenoids,194.31799999999993,621.8499999999999,4,3,plants,1.0,0.0,0.0,0.0,Crocus sativus; Nicotiana tabacum; Plumeria rubra
JYYFMIOPGOFNPK-XSHSMGBESA-N,,CC/C=C/C/C=C/C/C=C/CCCCCCCC(=O)OCC,,Fatty acids,306.49,727.8999999999999,4,3,plants,0.6666666666666666,0.3333333333333333,0.0,0.0,Exodermis poria; Flos lonicerae; Lonicera japonica
QRNZMFDCKKEPSX-UHFFFAOYSA-N,19872-52-7,CC(=O)CC(C)(C)S,"fruity, meaty, savory, tropical, sulfurous, green",Fatty acids,132.228,450.38,4,4,plants,1.0,0.0,0.0,0.0,Buxus sempervirens; Cytisus scoparius; Humulus lupulus
LEQAOMBKQFMDFZ-UHFFFAOYSA-N,GLYOXAL,O=CC=O,,Fatty acids,58.036,342.67999999999995,4,3,plants,1.0,0.0,0.0,0.0,Arabidopsis thaliana; Glycyrrhiza kansuensis; Zingiber officinale
NHMKYUHMPXBMFI-SNVBAGLBSA-N,Ipsdienol,C=CC(=C)C[C@H](O)C=C(C)C,,Terpenoids,152.23699999999997,517.4200000000001,4,4,animals,0.25,0.5,0.0,0.25,Bostrichus cembrae; Dactylosporangium salmoneum; Ips cembrae
OPCRGEVPIBLWAY-QNRZBPGKSA-N,,CCCCC/C=C\C=C\C(=O)OCC,,Fatty acids,196.28999999999994,540.7,4,4,plants,1.0,0.0,0.0,0.0,Pyrus communis; Strychnos madagascariensis; Thrixspermum arachnites
OJYKYCDSGQGTRJ-WZUFQYTHSA-N,,C=C1C2CCC(C2)C1(C)CC/C=C(/C)CO,,Terpenoids,220.35599999999997,651.5,4,4,plants,1.0,0.0,0.0,0.0,Santalum Album; Santalum album; Zingiber Officinale
MFEIKQPHQINPRI-UHFFFAOYSA-N,3-ETHYLPYRIDINE,CCc1cccnc1,,Alkaloids,107.15599999999998,440.14,4,4,plants,1.0,0.0,0.0,0.0,Arctostaphylos uva-ursi; Camellia sinensis; Lonicera japonica
YSNWHRKJEKWJNY-UHFFFAOYSA-N,13327-56-5,CCOC(=O)CCSC,"caramellic, fruity, pineapple, metallic, sulfurous, ripe, tomato",Fatty acids,148.227,463.87999999999994,4,4,plants,1.0,0.0,0.0,0.0,Ananas comosus; Cucumis melo; Cucumis melo var. conomon
YPZQHCLBLRWNMJ-LPEHRKFASA-N,Lilac aldehyde A,C=C[C@]1(C)CC[C@@H]([C@@H](C)C=O)O1,,Terpenoids,168.236,511.09999999999997,4,4,plants,1.0,0.0,0.0,0.0,Actinidia arguta; Platanthera bifolia; Syringa vulgaris
FFSAXUULYPJSKH-UHFFFAOYSA-N,BUTYROPHENONE,CCCC(=O)c1ccccc1,,Shikimates and Phenylpropanoids,148.20499999999998,508.95,4,4,plants,1.0,0.0,0.0,0.0,Angelica acutiloba; Angelica gigas; Angelica sinensis
NSDDRJXKROCWRZ-UHFFFAOYSA-N,Isobutyl isothiocyanate,CC(C)CN=C=S,,Fatty acids,115.201,390.72999999999996,4,4,plants,1.0,0.0,0.0,0.0,Allium sativum; Brassica juncea; Capparis spinosa
KBCOVKHULBZKNY-UHFFFAOYSA-N,Methyl 4-methylvalerate,COC(=O)CCC(C)C,,Fatty acids,130.18699999999998,417.53999999999996,4,4,plants,1.0,0.0,0.0,0.0,Ananas comosus; Zanthoxylum bungeanum; Zanthoxylum piperitum
VSCUCHUDCLERMY-UHFFFAOYSA-N,sec-Butyl ethyl ether,CCOC(C)CC,,Fatty acids,102.177,358.86,4,4,plants,1.0,0.0,0.0,0.0,Basella alba; Nicotiana tabacum; Paederia scandens
XVULBTBTFGYVRC-FFADBYAMSA-N,Sclareol,C=C[C@](C)(O)CC[C@@H]1[C@@]2(C)CCCC(C)(C)C2CC[C@@]1(C)O,,Terpenoids,308.50600000000003,852.28,4,4,plants,1.0,0.0,0.0,0.0,Cistus creticus; Juniperus excelsa; Juniperus scopulorum
HOXGZVUCAYFWGR-YMBWGVAGSA-N,,C=C/C=C/C=C\CC,,Fatty acids,108.18399999999998,387.64,4,4,,0.0,0.0,0.0,0.0,Asterionella formosa; Fucus serratus; Pelvetia wrightii
IDHBLVYDNJDWNO-UHFFFAOYSA-N,Propyl octanoate,CCCCCCCC(=O)OCCC,,Fatty acids,186.29499999999996,509.49999999999994,4,4,plants,1.0,0.0,0.0,0.0,Bothriochloa bladhii; Glehnia littoralis; Phebalium distans
UYGGIIOLYXRSQY-UHFFFAOYSA-N,Amyl isobutyrate,CCCCCOC(=O)C(C)C,,Fatty acids,158.24099999999999,463.3,4,4,plants,1.0,0.0,0.0,0.0,Ammi visnaga; Capsicum annuum; Humulus lupulus
HYTRYEXINDDXJK-UHFFFAOYSA-N,2-METHYL-3-PENTANONE,CCC(=O)C(C)C,,Fatty acids,100.16099999999999,390.30999999999995,4,2,animals,0.5,0.5,0.0,0.0,Homo sapiens; Psidium friedrichsthalianum; maize
LDKSCZJUIURGMW-UHFFFAOYSA-N,505-79-3,CSCCCN=C=S,,,147.268,459.95,4,4,plants,1.0,0.0,0.0,0.0,Brassica Juncea; Brassica juncea; Brassica oleracea
NOYVOSGVFSEKPR-UHFFFAOYSA-N,2-PENTYLTHIOPHENE,CCCCCc1cccs1,,,154.27799999999996,476.59999999999997,4,4,plants,0.75,0.25,0.0,0.0,Akebia quinata; Akebia trifoliata; Capsicum annuum
YNPVNLWKVZZBTM-UHFFFAOYSA-N,4-Methyl-1-hexanol,CCC(C)CCCO,,Fatty acids,116.204,451.5,4,3,bacteria,0.3333333333333333,0.0,0.0,0.6666666666666666,Bryophyllum pinnatum; Streptomyces; Streptomyces sp. strain GWS-BW-H
SXFSQZDSUWACKX-UHFFFAOYSA-N,583-92-6,CSCCC(=O)C(=O)O,,Fatty acids,148.183,582.1600000000001,4,4,plants,0.5,0.25,0.25,0.0,Arabidopsis thaliana; Citrullus lanatus; Homo sapiens
QAOWNCQODCNURD-UHFFFAOYSA-N,SULFURIC ACID,O=S(=O)(O)O,,Shikimates and Phenylpropanoids,98.07899999999998,362.96,4,4,animals,0.25,0.5,0.0,0.0,Arabidopsis thaliana; Caenorhabditis elegans; Homo sapiens
ITVGXXMINPYUHD-CUVHLRMHSA-N,neohesperidin dihydrochalcone,COc1ccc(CCC(=O)c2c(O)cc(O[C@@H]3O[C@H](CO)[C@@H](O)[C@H](O)[C@H]3O[C@@H]3O[C@@H](C)[C@H](O)[C@@H](O)[C@H]3O)cc2O)cc1O,,Shikimates and Phenylpropanoids,612.5810000000002,1875.27,4,3,plants,1.0,0.0,0.0,0.0,Citrus reticulata; Citrus sp.; Citrus deliciosa
WYACBZDAHNBPPB-UHFFFAOYSA-N,DIETHYL OXALATE,CCOC(=O)C(=O)OCC,,Fatty acids,146.14199999999997,453.31999999999994,4,4,plants,1.0,0.0,0.0,0.0,Arctium lappa; Couroupita guianensis; Mimusops elengi
NWZIYQNUCXUJJJ-UHFFFAOYSA-N,2-BUTYLFURAN,CCCCc1ccco1,,Polyketides,124.18299999999996,432.84,4,3,plants,0.6666666666666666,0.3333333333333333,0.0,0.0,Chrysopogon zizanioides; Citrullus lanatus subsp. vulgaris; Homo sapiens
OJVAMHKKJGICOG-UHFFFAOYSA-N,"2,5-HEXANEDIONE",CC(=O)CCC(C)=O,,Fatty acids,114.14399999999999,444.62,4,4,plants,1.0,0.0,0.0,0.0,Magnolia obovata; Mangifera indica; Nicotiana tabacum
BHIWKHZACMWKOJ-UHFFFAOYSA-N,METHYL ISOBUTYRATE,COC(=O)C(C)C,"apple, apricot, fruity, pineapple, rummy, sweet, floral, ethereal",Fatty acids,102.133,371.78,3,3,plants,0.6666666666666666,0.3333333333333333,0.0,0.0,Carica papaya; Homo sapiens; Vaccinium angustifolium
CZUGFKJYCPYHHV-UHFFFAOYSA-N,Methionol,CSCCCO,"meaty, mushroom, sweet, vegetable, sulfurous, savory, onion, cooked",Fatty acids,106.19,452.08,3,2,animals,0.5,0.5,0.0,0.0,Homo sapiens; Vinegar; Vitis vinifera
JPQHLIYIQARLQM-UHFFFAOYSA-N,Heptyl butyrate,CCCCCCCOC(=O)CCC,,Fatty acids,186.29499999999996,509.49999999999994,3,3,plants,1.0,0.0,0.0,0.0,Bruguiera gymnorhiza; Heracleum persicum; Rehmannia glutinosa
AFCXVDRTNQNGHS-UHFFFAOYSA-N,3-Methylbutyl heptanoate,CCCCCCC(=O)OCCC(C)C,,Fatty acids,200.32199999999997,531.94,3,3,fungi,0.3333333333333333,0.0,0.6666666666666666,0.0,Aspergillus clavatus; Aspergillus clavatus NRRL; Capsicum annuum
CIWBSHSKHKDKBQ-JLAZNSOCSA-M,SODIUM ASCORBATE,O=C1O[C@H]([C@@H](O)CO)C([O-])=C1O,,,175.11599999999999,686.3599999999999,3,3,animals,0.3333333333333333,0.6666666666666666,0.0,0.0,Arabidopsis thaliana; Daphnia magna; Homo sapiens
KEXCNWISTVJVBV-YPVUHSJLSA-N,,CC/C=C\C/C=C/C=C/C=O,,Fatty acids,150.22099999999998,489.53999999999996,3,3,plants,0.3333333333333333,0.0,0.0,0.0,Eucalyptus cinerea; Thalassiosira gravida; Thalassiosira rotula
YYBMOGCOPQVSLQ-SAPNQHFASA-N,,CCCCCCCC(=O)OC/C=C(\C)CCC=C(C)C,,Fatty acids,280.452,677.74,3,3,plants,1.0,0.0,0.0,0.0,Cymbopogon khasianus; Cymbopogon martinii; Palafoxia arida
UJPPXNXOEVDSRW-UHFFFAOYSA-N,Isopropyl dodecanoate,CCCCCCCCCCCC(=O)OC(C)C,,Fatty acids,242.40299999999996,600.5799999999999,3,3,bacteria,0.3333333333333333,0.3333333333333333,0.0,0.3333333333333333,Flavobacterium aRK; Homo sapiens; Lonicera japonica
FWFSEYBSWVRWGL-UHFFFAOYSA-N,2-CYCLOHEXEN-1-ONE,O=C1C=CCCC1,,,96.12900000000002,428.08,3,3,plants,1.0,0.0,0.0,0.0,Lindera glauca; Solanum incisum; Solanum stuckertii
CQLYXIUHVFRXLT-UHFFFAOYSA-N,(2-Methoxyethyl)benzene,COCCc1ccccc1,,Shikimates and Phenylpropanoids,136.194,454.62,3,3,plants,1.0,0.0,0.0,0.0,Mentha arvensis; Mentha canadensis; Pandanus tectorius
NOOLISFMXDJSKH-BBBLOLIVSA-N,(+)-Isomenthol,CC(C)[C@H]1CC[C@@H](C)C[C@@H]1O,,Terpenoids,156.269,530.3499999999999,3,3,plants,1.0,0.0,0.0,0.0,Mentha Piperita; Mentha piperita; Mentha sp.
JSHDAORXSNJOBA-UHFFFAOYSA-N,ISOPROPYL HEXANOATE,CCCCCC(=O)OC(C)C,,Fatty acids,158.24099999999999,463.3,3,3,plants,1.0,0.0,0.0,0.0,Angelica acutiloba; Angelica gigas; Angelica sinensis
NJXYTXADXSRFTJ-UHFFFAOYSA-N,"3,4-Dimethoxystyrene",C=Cc1ccc(OC)c(OC)c1,,Shikimates and Phenylpropanoids,164.20399999999998,506.56,3,3,plants,0.6666666666666666,0.3333333333333333,0.0,0.0,Apis mellifera Propolis; Coreopsis fasciculata; Daucus carota
BVOSSZSHBZQJOI-LURJTMIESA-N,(3R)-1-hexen-3-ol,C=C[C@H](O)CCC,,Fatty acids,100.161,425.29999999999995,3,3,plants,1.0,0.0,0.0,0.0,Angelica acutiloba; Angelica gigas; Angelica sinensis
YGWKXXYGDYYFJU-ZETCQYMHSA-N,(-)-menthofuran,Cc1coc2c1CC[C@H](C)C2,,Terpenoids,150.22099999999998,499.57,3,3,plants,1.0,0.0,0.0,0.0,Curcuma longa; Schizonepeta tenuifolia; Schizonepeta tenuisfolia
USIUVYZYUHIAEV-UHFFFAOYSA-N,DIPHENYL ETHER,c1ccc(Oc2ccccc2)cc1,"floral, green, metallic, geranium, phenolic",Shikimates and Phenylpropanoids,170.21099999999998,549.94,3,3,plants,0.6666666666666666,0.3333333333333333,0.0,0.0,Centella asiatica; Homo sapiens; Mangifera indica
LYTJWEJFAVFCNI-UHFFFAOYSA-N,"5,5-dimethyltetrathiane",CC1(C)CSSSS1,,,184.376,502.22999999999996,3,3,bacteria,0.0,0.0,0.0,1.0,Cytophaga; Cytophaga sp.; Cytophaga sp. BIO
HXVNBWAKAOHACI-UHFFFAOYSA-N,"2,4-DIMETHYL-3-PENTANONE",CC(C)C(=O)C(C)C,,Fatty acids,114.18799999999997,412.75,3,3,plants,0.6666666666666666,0.3333333333333333,0.0,0.0,Austromyrtus dulcis; Homo sapiens; Vitis vinifera
QWBBPBRQALCEIZ-UHFFFAOYSA-N,"2,3-DIMETHYLPHENOL",Cc1cccc(O)c1C,,,122.16699999999999,494.92,3,3,plants,1.0,0.0,0.0,0.0,Angelica sinensis; Atractylodes macrocephala; Ficus carica
RDOFJDLLWVCMRU-UHFFFAOYSA-N,DIISOBUTYL ADIPATE,CC(C)COC(=O)CCCCC(=O)OCC(C)C,,Fatty acids,258.3579999999999,635.48,3,3,plants,0.3333333333333333,0.0,0.0,0.0,Astilbe chinensis; Gymnodinium nagasakiense; Karenia mikimotoi
AXPZDYVDTMMLNB-UHFFFAOYSA-N,(Ethoxymethyl)benzene,CCOCc1ccccc1,,,136.194,454.62,3,3,plants,1.0,0.0,0.0,0.0,Artemisia judaica; Curcuma amada; Dendrobium officinale
QSNMFWFDOFQASV-UHFFFAOYSA-N,3-Butylpyridine,CCCCc1cccnc1,,Alkaloids,135.20999999999998,485.9,3,2,plants,1.0,0.0,0.0,0.0,Camellia sinensis; Mentha gentilis; corn mint
FZXRXKLUIMKDEL-UHFFFAOYSA-N,Isobutyl propionate,CCC(=O)OCC(C)C,,Fatty acids,130.18699999999998,417.53999999999996,3,3,animals,0.3333333333333333,0.6666666666666666,0.0,0.0,Homo sapiens; Humulus lupulus; Oreotragus oreotragus
UIMAEYMKYMNCGW-JTQLQIEISA-N,38142-45-9,C=C(CO)[C@H]1CC=C(C)CC1,,Terpenoids,152.23699999999997,540.8299999999999,3,3,plants,1.0,0.0,0.0,0.0,Citrus maxima; Dracocephalum foetidum; Foeniculum vulgare
ZLPHULOLXDKCND-GFCCVEGCSA-N,"4-[(1S)-2,2-dimethyl-6-methylidenecyclohexyl]butan-2-one",C=C1CCCC(C)(C)[C@@H]1CCC(C)=O,,Terpenoids,194.31799999999996,565.19,3,2,animals,0.0,1.0,0.0,0.0,Physeter catodon; physeter macrocephalus; sperm whale
QNVRIHYSUZMSGM-ZCFIWIBFSA-N,(R)-(-)-2-Hexanol,CCCC[C@@H](C)O,,Fatty acids,102.17699999999998,428.62,3,3,plants,1.0,0.0,0.0,0.0,Carthamus tinctorius; Crocus sativus; Mentha haplocalyx
JVTAAEKCZFNVCJ-UHFFFAOYSA-M,POTASSIUM LACTATE,CC(O)C(=O)[O-],,,89.07,413.15,3,3,plants,1.0,0.0,0.0,0.0,Aloe Vera; Aloe vera; Magnolia officinalis
WDMOXLRWVGEXJV-UHFFFAOYSA-N,8-Methylnonanal,CC(C)CCCCCCC=O,,Fatty acids,156.269,476.62,3,3,plants,1.0,0.0,0.0,0.0,Zanthoxylum bungeanum; Zanthoxylum piperitum; Zanthoxylum schinifolium
LYGMPIZYNJGJKP-ZRDIBKRKSA-N,,CCCCC/C=C(/C=O)CCCC,,Fatty acids,182.30699999999993,526.86,3,3,plants,1.0,0.0,0.0,0.0,Cynanchum stauntoni; Vincetoxicum glaucescens; Vincetoxicum stauntonii
CTMHWPIWNRWQEG-UHFFFAOYSA-N,1-Methyl-1-cyclohexene,CC1=CCCCC1,,Terpenoids,96.17300000000002,388.12,3,3,plants,1.0,0.0,0.0,0.0,Aiouea costaricensis; Caryocar coriaceum; Houttuynia cordata
OIFBSDVPJOWBCH-UHFFFAOYSA-N,DIETHYL CARBONATE,CCOC(=O)OCC,,Fatty acids,118.13199999999999,291.12,3,3,plants,1.0,0.0,0.0,0.0,Opuntia ficus-indica; Psidium friedrichsthalianum; Vitis rotundifolia
IUMSDRXLFWAGNT-UHFFFAOYSA-N,DODECAMETHYLCYCLOHEXASILOXANE,C[Si]1(C)O[Si](C)(C)O[Si](C)(C)O[Si](C)(C)O[Si](C)(C)O[Si](C)(C)O1,,Fatty acids,444.9300000000002,668.48,3,3,bacteria,0.3333333333333333,0.0,0.0,0.6666666666666666,Pterocarpus indicus; Streptomyces; Streptomyces sp. KX
DNSISZSEWVHGLH-UHFFFAOYSA-N,Butyramide,CCCC(N)=O,,Fatty acids,87.122,417.52,3,3,animals,0.3333333333333333,0.6666666666666666,0.0,0.0,Amyris plumieri; Amyris sylvatica; Bursera tecomaca
PBYSEUNXLXTEAN-UHFFFAOYSA-N,Methyl 2-(methylthio)butyrate,CCC(SC)C(=O)OC,,Fatty acids,148.22699999999998,463.44,3,3,plants,1.0,0.0,0.0,0.0,Ferula assafoetida; Ferula fukanensis; Ferula sinkiangensis
SQFRYZPEWOZAKJ-UHFFFAOYSA-N,20483-36-7,CC(=O)CCC1=C(C)C=CCC1(C)C,,Terpenoids,192.30199999999996,578.98,3,3,plants,0.6666666666666666,0.3333333333333333,0.0,0.0,Homo sapiens; Nicotiana tabacum; Scutellaria barbata
PMGCQNGBLMMXEW-UHFFFAOYSA-N,Isoamyl salicylate,CC(C)CCOC(=O)c1ccccc1O,,Shikimates and Phenylpropanoids,208.257,639.24,3,2,plants,1.0,0.0,0.0,0.0,Plumeria rubra; Vanilla planifolia; tomato
GOQGGGANVKPMNH-UHFFFAOYSA-N,Homovanillin,COc1cc(CC=O)ccc1O,,Shikimates and Phenylpropanoids,166.176,588.88,3,3,animals,0.3333333333333333,0.6666666666666666,0.0,0.0,Homo sapiens; Mus musculus; Picea abies
USVCRBGYQRVTNK-UHFFFAOYSA-N,1-Mercapto-2-propanone,CC(=O)CS,,Fatty acids,90.14699999999999,384.96999999999997,3,2,plants,0.5,0.5,0.0,0.0,Allium cepa; Homo sapiens; tomato
ZFOZVQLOBQUTQQ-UHFFFAOYSA-N,TRIBUTYL CITRATE,CCCCOC(=O)CC(O)(CC(=O)OCCCC)C(=O)OCCCC,,Fatty acids,360.4470000000002,875.05,3,2,plants,1.0,0.0,0.0,0.0,Alexandrian laurel; Artemisia baldshuanica; Lonicera caerulea
IQVAERDLDAZARL-UHFFFAOYSA-N,2-Phenylpropanal,CC(C=O)c1ccccc1,,,134.17799999999997,480.41999999999996,3,3,plants,1.0,0.0,0.0,0.0,Gossypium hirsutum; Swertia japonica; Vitex agnus-castus
ORFWYUFLWUWSFM-UHFFFAOYSA-N,ISOBUTYL STEARATE,CCCCCCCCCCCCCCCCCC(=O)OCC(C)C,,Fatty acids,340.59200000000004,760.74,3,3,plants,1.0,0.0,0.0,0.0,Aristolochia clematitis; Aristolochia debilis; Aristolochia fontanesii
AYWJSCLAAPJZEF-UHFFFAOYSA-N,BUTYL ISOVALERATE,CCCCOC(=O)CC(C)C,,Fatty acids,158.24099999999999,463.3,3,3,plants,0.6666666666666666,0.3333333333333333,0.0,0.0,Hippophae rhamnoides; Homo sapiens; Mangifera indica
PHXATPHONSXBIL-JTQLQIEISA-N,(s)-gamma-undecalactone,CCCCCCC[C@H]1CCC(=O)O1,,Fatty acids,184.27899999999997,516.24,3,3,plants,0.6666666666666666,0.0,0.3333333333333333,0.0,Fusarium poae; Gossypium hirsutum; Phlomis umbrosa
IQOJTGSBENZIOL-UHFFFAOYSA-N,2-Furylacetone,CC(=O)Cc1ccco1,,Polyketides,124.13899999999997,463.83,3,2,plants,1.0,0.0,0.0,0.0,Garcinia mangostana; Nicotiana tabacum; liquorice
URAYPUMNDPQOKB-UHFFFAOYSA-N,triacetin,CC(=O)OCC(COC(C)=O)OC(C)=O,,Fatty acids,218.20499999999998,579.74,3,3,plants,0.6666666666666666,0.3333333333333333,0.0,0.0,Atractylodes chinensis; Atractylodes lancea; Clathria pyramida
JJWLVOIRVHMVIS-UHFFFAOYSA-N,ISOPROPYLAMINE,CC(C)N,,Alkaloids,59.111999999999995,340.33,3,3,fungi,0.3333333333333333,0.0,0.6666666666666666,0.0,Ganoderma lucidum; Ganoderma sinense; Zea mays
SNGRPWPVGSSZGV-UHFFFAOYSA-N,ETHYL PROPYL DISULFIDE,CCCSSCC,,Fatty acids,136.285,451.56,3,3,plants,1.0,0.0,0.0,0.0,Allium cepa; Azadirachta indica; Citrullus lanatus
ZRNCNTSXSYXHOW-UHFFFAOYSA-N,BUTYL DECANOATE,CCCCCCCCCC(=O)OCCCC,,Fatty acids,228.37599999999995,578.1399999999999,3,3,plants,1.0,0.0,0.0,0.0,Mandragora autumnalis; Mandragora officinarum; Mangifera indica
CVBUKMMMRLOKQR-UHFFFAOYSA-N,Benzoylacetone,CC(=O)CC(=O)c1ccccc1,,Shikimates and Phenylpropanoids,162.188,562.8199999999999,3,3,plants,1.0,0.0,0.0,0.0,Schisandra chinensis; Scutellaria baicalensis; Scutellaria balcalensis
QCDWFXQBSFUVSP-UHFFFAOYSA-N,2-PHENOXYETHANOL,OCCOc1ccccc1,,Shikimates and Phenylpropanoids,138.16599999999997,523.92,3,3,plants,0.6666666666666666,0.3333333333333333,0.0,0.0,Allium cepa; Cichorium endivia; Homo sapiens
NEHDRDVHPTWWFG-UHFFFAOYSA-N,Dioctyl adipate,CCCCCCCCOC(=O)CCCCC(=O)OCCCCCCCC,,Fatty acids,370.5740000000003,819.4000000000001,3,3,plants,0.6666666666666666,0.0,0.0,0.3333333333333333,Launaea resedifolia; Sisymbrium irio; Streptomyces
PUCQHFICPFUPKW-UHFFFAOYSA-N,Decyl butyrate,CCCCCCCCCCOC(=O)CCC,,Fatty acids,228.37599999999995,578.1399999999999,3,3,plants,1.0,0.0,0.0,0.0,Backhousia angustifolia; Mandragora autumnalis; Mandragora officinarum
ASETYIALRXDVDF-UHFFFAOYSA-N,Phenethyl octanoate,CCCCCCCC(=O)OCCc1ccccc1,,Fatty acids,248.36599999999999,650.5799999999999,3,3,plants,1.0,0.0,0.0,0.0,Callistemon polandii; Murraya paniculata; Tordylium apulum
ULBTUVJTXULMLP-UHFFFAOYSA-N,BUTYL STEARATE,CCCCCCCCCCCCCCCCCC(=O)OCCCC,,Fatty acids,340.5920000000001,761.1800000000001,3,2,plants,1.0,0.0,0.0,0.0,Chlamydomonas reinhardtii; Herba ecliptae prostratae; Mangifera indica
MKVBITWQDIIUMF-UHFFFAOYSA-N,"1,3-p-Menthadien-7-al",CC(C)C1=CC=C(C=O)CC1,,Terpenoids,150.22099999999995,509.12,3,3,plants,1.0,0.0,0.0,0.0,Cuminum cyminum; Daucus carota; Mangifera indica
AFWKBSMFXWNGRE-ONEGZZNKSA-N,,COc1cc(/C=C/C(C)=O)ccc1O,,Shikimates and Phenylpropanoids,192.214,644.01,3,3,plants,1.0,0.0,0.0,0.0,Aframomum giganteum; Curcuma longa; Fibraurea tinctoria
JPTOCTSNXXKSSN-VOTSOKGWSA-N,,CCC/C=C/C(=O)CC,,Fatty acids,126.19899999999998,440.66999999999996,3,3,plants,1.0,0.0,0.0,0.0,Arctostaphylos uva-ursi; Origanum sipyleum; Platostoma africanum
SKBIQKQBLQHOSU-MDZDMXLPSA-N,,CCCCCCCC/C=C/CO,,Fatty acids,170.296,547.62,3,3,plants,0.6666666666666666,0.0,0.0,0.0,Coriandrum sativum; Laminaria japonica; Nerium oleander
LGTLDEUQCOJGFP-WAYWQWQTSA-N,,CC/C=C\CCOC(=O)CC,,Fatty acids,156.225,467.90000000000003,3,3,plants,1.0,0.0,0.0,0.0,Amaranthus retroflexus; Artemisia argyi; Camellia saluenensis
RGOVYLWUIBMPGK-UHFFFAOYSA-N,NONIVAMIDE,CCCCCCCCC(=O)NCc1ccc(O)c(OC)c1,,Alkaloids,293.40700000000004,827.3,3,3,plants,1.0,0.0,0.0,0.0,Capsicum annuum; Capsicum annuum L.; Capsicum sp.
OYLCUJRJCUXQBQ-UHFFFAOYSA-N,1-Hepten-3-one,C=CC(=O)CCCC,,Fatty acids,112.172,410.31,3,3,plants,0.6666666666666666,0.0,0.3333333333333333,0.0,Ganoderma lucidum; Ruellia tuberosa; Vitis vinifera
ICVYQLQYVCXJNE-UHFFFAOYSA-N,ETHYL NONADECANOATE,CCCCCCCCCCCCCCCCCCC(=O)OCC,,Fatty acids,326.565,738.3,3,3,plants,1.0,0.0,0.0,0.0,Houttuynia cordata; Melia azedarach; Melia azedarach var. toosendan
RLYUNPNLXMSXAX-UHFFFAOYSA-N,5-Methylthiazole,Cc1cncs1,,Alkaloids,99.15799999999999,415.9,3,3,plants,1.0,0.0,0.0,0.0,Allium cepa; Camellia sinensis; Eucalyptus camaldulensis
JELGPLUONQGOHF-MDZDMXLPSA-N,,CCCCCC/C=C/CCCCCCCC(=O)OCC,,Fatty acids,282.46799999999996,673.8199999999999,3,3,plants,0.6666666666666666,0.0,0.3333333333333333,0.0,Nelumbo nucifera; Phallus impudicus; Vitex negundo
XEAIHUDTEINXFG-SNAWJCMRSA-N,,CC/C=C/CC(=O)OC,,Fatty acids,128.171,422.14,3,3,plants,1.0,0.0,0.0,0.0,Annona muricata; Echinops grijsii; Thlaspi arvense
UTRAUCDSVCDVIW-UHFFFAOYSA-N,"3,5-Dimethyl-2-propylpyrazine",CCCc1ncc(C)nc1C,,Alkaloids,150.225,549.56,3,3,bacteria,0.0,0.0,0.0,1.0,Corynebacterium glutamicum; Streptomyces antioxidans; Streptomyces antioxidans MUSC
OBETXYAYXDNJHR-ZETCQYMHSA-N,(S)-2-Ethylhexanoic acid,CCCC[C@H](CC)C(=O)O,,Fatty acids,144.214,527.71,3,3,plants,1.0,0.0,0.0,0.0,Arabidopsis thaliana; Nicotiana tabacum; Prunus avium
DUKPKQFHJQGTGU-UHFFFAOYSA-N,Hexyl salicylate,CCCCCCOC(=O)c1ccccc1O,,Shikimates and Phenylpropanoids,222.28400000000002,662.56,3,3,plants,0.6666666666666666,0.3333333333333333,0.0,0.0,Homo sapiens; Uncaria macrophylla; Vanilla planifolia
LCEHKIHBHIJPCD-UHFFFAOYSA-N,6-Methylheptanal,CC(C)CCCCC=O,,Fatty acids,128.215,430.86,3,3,plants,1.0,0.0,0.0,0.0,Zanthoxylum bungeanum; Zanthoxylum piperitum; Zanthoxylum schinifolium
UZWOWEPOVKVMEL-UHFFFAOYSA-N,Tetrahydroionol,CC(O)CCC1C(C)CCCC1(C)C,,Terpenoids,198.34999999999994,599.23,3,3,plants,1.0,0.0,0.0,0.0,Citrus reticulata; Citrus unshiu; Citrus deliciosa
NRGGMCIBEHEAIL-UHFFFAOYSA-N,2-ETHYLPYRIDINE,CCc1ccccn1,,Alkaloids,107.15599999999998,440.14,3,2,plants,1.0,0.0,0.0,0.0,Camellia sinensis; Mentha gentilis; corn mint
VADUDTKCGJKNDY-UHFFFAOYSA-N,"4-Penten-2-one, 4-methyl-",C=C(C)CC(C)=O,,Fatty acids,98.14499999999998,387.31,3,3,plants,1.0,0.0,0.0,0.0,Crocus sativus; Cryptotaenia japonica; Murraya paniculata
JSLCOZYBKYHZNL-UHFFFAOYSA-N,Butyl isobutyrate,CCCCOC(=O)C(C)C,,Fatty acids,144.21399999999997,440.41999999999996,3,3,plants,1.0,0.0,0.0,0.0,Ammi visnaga; Mangifera indica; Mosla chinensis
OSMAJVWUIUORGC-WAYWQWQTSA-N,,CC/C=C\CCOC(=O)C(C)C,,Fatty acids,170.252,490.34,3,3,plants,1.0,0.0,0.0,0.0,Ailanthus altissima; Artemisia scoparia; Humulus lupulus
XSAYZAUNJMRRIR-UHFFFAOYSA-N,2-Acetylnaphthalene,CC(=O)c1ccc2ccccc2c1,"orange, sweet, floral, honey, powdery, orangeflower",Shikimates and Phenylpropanoids,170.21099999999998,578.6700000000001,3,3,plants,1.0,0.0,0.0,0.0,Acorus calamus; Acorus gramineus; Acorus tatarinowii
NDKYEUQMPZIGFN-UHFFFAOYSA-N,Butyl laurate,CCCCCCCCCCCC(=O)OCCCC,,Fatty acids,256.4299999999999,623.9000000000001,3,3,plants,1.0,0.0,0.0,0.0,Mandragora autumnalis; Mandragora officinarum; Mangifera indica
QESPSAHXYXIGBG-UHFFFAOYSA-N,1073-11-6,C=CC1(C)CCC(=O)O1,,Fatty acids,126.15499999999999,421.64,3,3,plants,1.0,0.0,0.0,0.0,Artemisia salsoloides; Astartea leptophylla; Tanacetum vulgare
JODRRPJMQDFCBJ-UHFFFAOYSA-N,2-Hydroxy-4-methylbenzaldehyde,Cc1ccc(C=O)c(O)c1,,Shikimates and Phenylpropanoids,136.15,471.34,3,2,plants,1.0,0.0,0.0,0.0,Acanthopanax Gracilistylus; Acanthopanax gracilistylus; liquorice
LYRIITRHDCNUHV-UHFFFAOYSA-N,Ethyl 3-hydroxyhexanoate,CCCC(O)CC(=O)OCC,,Fatty acids,160.21299999999997,532.5999999999999,3,3,plants,1.0,0.0,0.0,0.0,Carica papaya; Mangifera indica; Passiflora edulis
PQCYCHFQWMNQRJ-UHFFFAOYSA-N,Octyl isobutyrate,CCCCCCCCOC(=O)C(C)C,,Fatty acids,200.322,531.94,3,3,plants,1.0,0.0,0.0,0.0,Ceratonia siliqua; Humulus lupulus; Mangifera indica
HFVLNCDRAMUMCC-UHFFFAOYSA-N,3-Methylthio-2-butanone,CSC(C)C(C)=O,,Fatty acids,118.201,436.21,3,3,plants,1.0,0.0,0.0,0.0,Ferula assafoetida; Ferula fukanensis; Ferula sinkiangensis
FHUODBDRWMIBQP-UHFFFAOYSA-N,Ethyl 4-methoxybenzoate,CCOC(=O)c1ccc(OC)cc1,"anisic, floral, sweet, spicy, fruity, powdery, cherry",Shikimates and Phenylpropanoids,180.20299999999997,540.7,3,3,plants,1.0,0.0,0.0,0.0,Acacia dealbata; Acca sellowiana; Feijoa sellowiana
OKJADYKTJJGKDX-UHFFFAOYSA-N,Butyl valerate,CCCCOC(=O)CCCC,,Fatty acids,158.24099999999996,463.73999999999995,3,3,plants,0.6666666666666666,0.3333333333333333,0.0,0.0,Homo sapiens; Nepeta nepetella; Valeriana officinalis
JTZWVKUZBNHSSW-UHFFFAOYSA-N,2-(4-methylphenyl)propanal,Cc1ccc(C(C)C=O)cc1,,Terpenoids,148.205,508.28,3,2,plants,1.0,0.0,0.0,0.0,Mangifera indica; Petroselinum crispum; parsley
NWZQCEQAPBRMFX-UHFFFAOYSA-N,Iso-Butyl-2-Methylbutyrate,CCC(C)C(=O)OCC(C)C,,Fatty acids,158.24099999999999,462.85999999999996,3,2,plants,1.0,0.0,0.0,0.0,Carica papaya; Citrullus lanatus; common myrtle
ZWMQVDONBUJJLL-UHFFFAOYSA-N,2-Methylbutyl hexanoate,CCCCCC(=O)OCC(C)CC,,Fatty acids,186.29499999999996,509.06,3,3,plants,1.0,0.0,0.0,0.0,Angelica acutiloba; Angelica gigas; Angelica sinensis
PYZHESNNAPENLQ-UHFFFAOYSA-N,2-Methylbutyl benzoate,CCC(C)COC(=O)c1ccccc1,,Shikimates and Phenylpropanoids,192.258,558.6199999999999,3,3,plants,1.0,0.0,0.0,0.0,Capparis spinosa; Hamamelis virginiana; Hypericum perforatum
JRTBBCBDKSRRCY-UHFFFAOYSA-N,"3,7-Dimethyloct-6-en-3-ol",CCC(C)(O)CCC=C(C)C,,Terpenoids,156.26899999999998,521.39,3,3,plants,1.0,0.0,0.0,0.0,Croton lachnostachyus; Croton sarcopetalus; Ixora chinensis
HDJLSECJEQSPKW-UHFFFAOYSA-N,Methyl 2-furoate,COC(=O)c1ccco1,,,126.11099999999998,445.29999999999995,3,3,plants,1.0,0.0,0.0,0.0,Actinidia chinensis; Carica papaya; Mangifera indica
QENGPZGAWFQWCZ-UHFFFAOYSA-N,3-METHYLTHIOPHENE,Cc1ccsc1,,,98.17,385.08,3,2,animals,0.5,0.5,0.0,0.0,Homo sapiens; Psidium guajava; tomato
JMMWKPVZQRWMSS-UHFFFAOYSA-N,ISOPROPYL ACETATE,CC(=O)OC(C)C,,Fatty acids,102.133,371.78,3,2,plants,1.0,0.0,0.0,0.0,Cassia fistula; Nicotiana tabacum; tomato
VGVHNLRUAMRIEW-UHFFFAOYSA-N,4-METHYLCYCLOHEXANONE,CC1CCC(=O)CC1,,,112.172,447.13,3,3,plants,1.0,0.0,0.0,0.0,Angelica Pubescens; Angelica pubescens; Crataegus pinnatifida
QOTQFLOTGBBMEX-UHFFFAOYSA-N,alpha-Angelica lactone,CC1=CCC(=O)O1,,,98.101,387.77,3,3,plants,1.0,0.0,0.0,0.0,Arctostaphylos uva-ursi; Picea abies; Tamarindus indica
AVFZOVWCLRSYKC-UHFFFAOYSA-N,1-METHYLPYRROLIDINE,CN1CCCC1,,Alkaloids,85.15,342.12,3,2,plants,1.0,0.0,0.0,0.0,Arisarum vulgare; Arisarum vulgare Targ.; tomato
KRNURAJANZKGQN-IBIBRXRCSA-N,,C/C=C(\C)C(=O)OC/C=C/c1ccccc1,,Shikimates and Phenylpropanoids,216.28,613.02,3,2,plants,1.0,0.0,0.0,0.0,Acorus gramineus; Acorus tatarinowii; Launea
XKZKQTCECFWKBN-VOTSOKGWSA-N,,CCCCC/C=C/CCC(=O)O,,Fatty acids,170.25199999999998,578.0699999999999,3,3,plants,1.0,0.0,0.0,0.0,Lindera obtusiloba; Plumeria; Plumeria obtusa
UXUPPWPIGVTVQI-UHFFFAOYSA-N,Isobutyl hexanoate,CCCCCC(=O)OCC(C)C,,Fatty acids,172.26799999999997,486.18,3,3,plants,1.0,0.0,0.0,0.0,Bothriochloa bladhii; Psidium friedrichsthalianum; Vitis vinifera
MUXOBHXGJLMRAB-UHFFFAOYSA-N,DIMETHYL SUCCINATE,COC(=O)CCC(=O)OC,,Fatty acids,146.142,453.31999999999994,3,3,plants,1.0,0.0,0.0,0.0,Astragalus membranaceus; Astragalus mongholicus; Astragalus trimestris
HDKLIZDXVUCLHQ-BQYQJAHWSA-N,,CCCCC/C=C/C(C)=O,,Fatty acids,140.22599999999997,463.55,3,3,plants,1.0,0.0,0.0,0.0,Akebia trifoliata; Arctostaphylos uva-ursi; Cistus creticus
CWMPPVPFLSZGCY-SREVYHEPSA-N,,CCCCC/C=C\C(=O)O,,Fatty acids,142.19799999999998,532.31,3,3,plants,0.6666666666666666,0.0,0.3333333333333333,0.0,Agastache rugosus; Lentinus edodes; Schizonepeta tenuifolia
OUKQTRFCDKSEPL-UHFFFAOYSA-N,1192-58-1,Cn1cccc1C=O,,Alkaloids,109.12799999999999,344.72,3,2,plants,1.0,0.0,0.0,0.0,Capparis spinosa; Nicotiana tabacum; liquorice
QUMSUJWRUHPEEJ-UHFFFAOYSA-N,4-PENTENAL,C=CCCC=O,,Fatty acids,84.11799999999998,359.34,3,3,plants,1.0,0.0,0.0,0.0,Artemisia capillaris; Fragaria; Fragaria x ananassa
JAGZUIGGHGTFHO-UHFFFAOYSA-N,Ethyl 3-phenylpropionate,CCOC(=O)CCc1ccccc1,,Fatty acids,178.23100000000002,536.1800000000001,3,2,plants,1.0,0.0,0.0,0.0,Aca sellowiana; Artemisia salsoloides; Baccharis dracunculifolia
XKWSWANXMRXDES-UHFFFAOYSA-N,Isopentyl octanoate,CCCCCCCC(=O)OCCC(C)C,,Fatty acids,214.34899999999996,554.8199999999999,3,3,plants,1.0,0.0,0.0,0.0,Bothriochloa bladhii; Hippophae rhamnoides; Vitis vinifera
LQAVWYMTUMSFBE-UHFFFAOYSA-N,4-PENTEN-1-OL,C=CCCCO,,Fatty acids,86.13399999999999,402.86,3,3,plants,1.0,0.0,0.0,0.0,Brassica campestris; Brassica napus; Brassica rapa
ULIKDJVNUXNQHS-UHFFFAOYSA-N,ALLYL MERCAPTAN,C=CCS,,,74.14799999999998,327.78,3,2,plants,0.5,0.5,0.0,0.0,Allium sativum; Homo sapiens; garlic
YXIWHUQXZSMYRE-UHFFFAOYSA-N,2-mercaptobenzothiazole,S=c1[nH]c2ccccc2s1,,,167.25799999999998,503.07,3,3,bacteria,0.3333333333333333,0.0,0.0,0.6666666666666666,Micrococcus sp.; Micrococcus; Tithonia diversifolia
FEGVSPGUHMGGBO-VOTSOKGWSA-N,,COc1ccccc1/C=C/C(=O)O,,Shikimates and Phenylpropanoids,178.18699999999998,632.1500000000001,3,2,plants,1.0,0.0,0.0,0.0,Cinamomum cassia; Cinnamomum aromaticum; Cinnamomum cassia
UYUXSRADSPPKRZ-SKNVOMKLSA-N,"D-Glucurono-3,6-lactone",O=C[C@H](O)[C@H]1OC(=O)[C@@H](O)[C@H]1O,,Carbohydrates,176.12400000000002,717.26,3,3,animals,0.3333333333333333,0.6666666666666666,0.0,0.0,Eucalyptus regnans; Homo sapiens; Mus musculus
DPZNOMCNRMUKPS-UHFFFAOYSA-N,"1,3-Dimethoxybenzene",COc1cccc(OC)c1,,,138.166,459.14,3,3,fungi,0.0,0.3333333333333333,0.6666666666666666,0.0,Entoloma pleopodium; Homo sapiens; Rhodophyllus icterinus
MUDSDYNRBDKLGK-UHFFFAOYSA-N,Lepidine,Cc1ccnc2ccccc12,,Alkaloids,143.189,532.74,3,3,plants,1.0,0.0,0.0,0.0,Citrullus colocynthis; Lepidium ruderale; Nicotiana tabacum
AWJUIBRHMBBTKR-UHFFFAOYSA-N,ISOQUINOLINE,c1ccc2cnccc2c1,,Alkaloids,129.16199999999998,504.88,3,3,plants,0.6666666666666666,0.0,0.0,0.0,Citrullus lanatus; Laminaria japonica; Lonicera japonica
VEXZGXHMUGYJMC-UHFFFAOYSA-M,1344-13-4,[Cl-],,Fatty acids,35.453,236.32999999999998,3,3,plants,1.0,0.0,0.0,0.0,Cinnamomum insularimontanum; Crataegus pinnatifida; Gardenia jasminoides
KDSNLYIMUZNERS-UHFFFAOYSA-N,ISOBUTYLAMINE,CC(C)CN,"cheesy, fishy, malty, ripe",Amino acids and Peptides,73.139,363.21,3,3,plants,1.0,0.0,0.0,0.0,Abrus precatorius; Cannabis sativa; Vitis vinifera
MYIOBINSHMEDEY-UHFFFAOYSA-N,"2,3,5-Trithiahexane",CSCSSC,,,140.298,474.58,3,3,bacteria,0.0,0.3333333333333333,0.0,0.6666666666666666,Homo sapiens; Streptomyces; Streptomyces sp. strain GWS-BW-H
OOOOFOPLSIWRAR-NTEUORMPSA-N,,CC(C)=CCC/C(C)=C/CCC(C)CCO,,Terpenoids,224.38799999999995,642.6199999999999,3,2,fungi,0.0,0.0,1.0,0.0,Ceratocystis coerulescens; Endoconidiophora coerulescens; soybean
GHBSPIPJMLAMEP-SECBINFHSA-N,"delta-Decalactone, (+)-",CCCCC[C@@H]1CCCC(=O)O1,,Fatty acids,170.25199999999998,497.62999999999994,3,3,fungi,0.3333333333333333,0.0,0.6666666666666666,0.0,Mangifera indica; Sporobolomyces odorus; Sporobolomyces odorus AHU
PSBKJPTZCVYXSD-ZETCQYMHSA-N,(+)-5-Methyl-3-heptanone,CCC(=O)C[C@@H](C)CC,,Fatty acids,128.21499999999997,436.07,3,3,plants,1.0,0.0,0.0,0.0,Phyllanthus emblica; Thymus quinquecostatus; Thymus vulgaris
WRFZKAGPPQGDDQ-UHFFFAOYSA-N,PENTYL HEXANOATE,CCCCCOC(=O)CCCCC,"apple, fruity, green, pear, pineapple, waxy, sweet, estery, fatty, cognac",Fatty acids,186.29499999999993,509.49999999999994,3,3,plants,1.0,0.0,0.0,0.0,Capsicum annuum; Heracleum dissectum; Polygala senega
JJVNINGBHGBWJH-UHFFFAOYSA-N,2-Hydroxy-3-methoxybenzaldehyde,COc1cccc(C=O)c1O,,Shikimates and Phenylpropanoids,152.14899999999997,493.76,3,3,plants,1.0,0.0,0.0,0.0,Hyssopus officinalis; Panax ginseng; Strychnos cathayensis
QIRGIHPYVVKWTO-WAYWQWQTSA-N,,CCCC/C=C\CCCCCCCCCCCC=O,,Fatty acids,266.4689999999999,664.26,3,3,bacteria,0.3333333333333333,0.0,0.0,0.6666666666666666,Houttuynia cordata; Streptomyces griseoincarnatus; Streptomyces griseoincarnatus strain HK
YDXQPTHHAPCTPP-WAYWQWQTSA-N,,CCCC/C=C\CCO,,Fatty acids,128.21499999999997,478.97999999999996,3,3,plants,1.0,0.0,0.0,0.0,Murraya exotica; Murraya paniculata; Passiflora edulis
VPYJHNADOJDSGU-QXMHVHEDSA-N,,CCCCCCCCCC/C=C\CO,,Fatty acids,198.35,593.38,3,3,plants,1.0,0.0,0.0,0.0,Pittosporum angustifolium; Pittosporum phillyraeoides; Pittosporum undulatum
PDGPIBIURNPBSE-UHFFFAOYSA-N,Phenethyl valerate,CCCCC(=O)OCCc1ccccc1,,Fatty acids,206.285,581.94,3,2,plants,1.0,0.0,0.0,0.0,Mentha X piperita; Rhanterium epapposum; candyleaf
JATNWMBUDXLMEO-UHFFFAOYSA-N,3-Methylbutyl isothiocyanate,CC(C)CCN=C=S,,Fatty acids,129.228,413.60999999999996,3,3,plants,1.0,0.0,0.0,0.0,Brassica juncea; Eruca sativa; Sinapis alba
TYBCSQFBSWACAA-UHFFFAOYSA-N,4-Nonanone,CCCCCC(=O)CCC,,Fatty acids,142.242,459.39,3,3,plants,1.0,0.0,0.0,0.0,Capillipedium parviflorum; Commiphora quadricincta; Cymbopogon flexuosus
JMLIYQJQKZYHDQ-UHFFFAOYSA-N,Allyl propyl sulfide,C=CCSCCC,,,116.22899999999998,402.34000000000003,3,2,plants,1.0,0.0,0.0,0.0,Allium ampeloprasum; Allium cepa; garlic
ZVJHJDDKYZXRJI-UHFFFAOYSA-N,1-Pyrroline,C1=NCCC1,,Alkaloids,69.107,363.92999999999995,3,3,animals,0.0,1.0,0.0,0.0,Caenorhabditis elegans; Ceratitis capitata; Homo sapiens
RADIRWIUSSENFC-UHFFFAOYSA-N,2-Octylfuran,CCCCCCCCc1ccco1,,Polyketides,180.29100000000003,524.3599999999999,3,3,plants,1.0,0.0,0.0,0.0,Eryngium foetidum; Polygala senega; Vitis vinifera
LZAZXBXPKRULLB-UHFFFAOYSA-N,Diisopropyl disulfide,CC(C)SSC(C)C,,Fatty acids,150.312,473.56,3,3,plants,1.0,0.0,0.0,0.0,Allium sativum; Citrullus lanatus; Psidium guajava
MDIAKIHKBBNYHF-UHFFFAOYSA-N,Ethyl (methylthio)acetate,CCOC(=O)CSC,,Fatty acids,134.2,441.0,3,3,plants,1.0,0.0,0.0,0.0,Carica papaya; Cucumis melo; Durio zibethinus
MBRLTLPMVMFRTJ-BQYQJAHWSA-N,,CCCCC/C=C/COC(C)=O,,Fatty acids,170.25199999999998,490.78000000000003,3,3,plants,1.0,0.0,0.0,0.0,Artemisia annua; Chrysanthemum macrocarpum; Elsholtzia ciliata
XXRCUYVCPSWGCC-UHFFFAOYSA-N,ETHYL PYRUVATE,CCOC(=O)C(C)=O,,Fatty acids,116.11599999999999,426.09,3,3,plants,1.0,0.0,0.0,0.0,Zanthoxylum bungeanum; Zanthoxylum piperitum; Zanthoxylum schinifolium
KISVAASFGZJBCY-UHFFFAOYSA-N,Methyl undec-10-enoate,C=CCCCCCCCCC(=O)OC,,Fatty acids,198.30599999999998,529.06,3,3,plants,1.0,0.0,0.0,0.0,Achillea millefolium; Humulus lupulus; Vitis vinifera
KHAVLLBUVKBTBG-UHFFFAOYSA-N,9-Decenoic acid,C=CCCCCCCCC(=O)O,,Fatty acids,170.252,570.5899999999999,3,3,fungi,0.3333333333333333,0.0,0.6666666666666666,0.0,Tamarindus indica; Xerula longipes; Xerula pudens
ZOIRKXLFEHOVER-UHFFFAOYSA-N,Isopropyl isovalerate,CC(C)CC(=O)OC(C)C,,Fatty acids,144.21399999999997,439.97999999999996,3,1,plants,1.0,0.0,0.0,0.0,Arctostaphylos uva-ursi; long-finned pilot whale; short-finned pilot whale
DRGHCRKOWMAZAO-UHFFFAOYSA-N,4-Methylthio-2-butanone,CSCCC(C)=O,,Fatty acids,118.201,436.65,3,3,bacteria,0.3333333333333333,0.0,0.0,0.6666666666666666,Flavobacterium; Flavobacterium aRK; Nicotiana tabacum
KOCVACNWDMSLBM-UHFFFAOYSA-N,4-(Ethoxymethyl)-2-methoxyphenol,CCOCc1ccc(O)c(OC)c1,,Alkaloids,182.21899999999997,585.52,3,3,plants,1.0,0.0,0.0,0.0,Eucalyptus camaldulensis; Mangifera indica; Vanilla planifolia
XQQBUAPQHNYYRS-UHFFFAOYSA-N,2-METHYLTHIOPHENE,Cc1cccs1,,,98.17000000000002,385.08,3,2,plants,1.0,0.0,0.0,0.0,Psidium guajava; Xanthopappus subacaulis; tomato
OFQRUTMGVBMTFQ-UHFFFAOYSA-N,Ethyl 4-methylvalerate,CCOC(=O)CCC(C)C,"apple, fruity, pineapple",Fatty acids,144.21399999999997,440.41999999999996,3,3,plants,0.6666666666666666,0.3333333333333333,0.0,0.0,Artemisia salsoloides; Capsicum annuum; Homo sapiens
UZUXPANAZFDWJO-CABCVRRESA-N,(1R)-4-methyl-1-[(2R)-6-methylhept-6-en-2-yl]cyclohex-3-en-1-ol,C=C(C)CCC[C@@H](C)[C@]1(O)CC=C(C)CC1,,Terpenoids,222.37199999999996,655.03,3,3,fungi,0.3333333333333333,0.0,0.6666666666666666,0.0,Exophiala dermatitidis; Melilotus neapolitana; Morchella esculenta
XBLVHTDFJBKJLG-UHFFFAOYSA-N,Ethyl nicotinate,CCOC(=O)c1cccnc1,,Alkaloids,151.16499999999996,521.24,3,2,plants,1.0,0.0,0.0,0.0,Areca Catechu; Areca catechu; star fruit
HCPORNAVHSWTOJ-UHFFFAOYSA-N,2-Propionylfuran,CCC(=O)c1ccco1,,,124.13899999999997,463.83,3,2,plants,1.0,0.0,0.0,0.0,Allium cepa; Coffea arabica; liquorice
XCTSDLUOCRRDLZ-YZLWMTBJSA-N,,C=CC(C)(O)CC/C=C(\C)CCC/C=C/C(=C)C,,Terpenoids,248.40999999999994,678.95,3,3,plants,0.6666666666666666,0.0,0.3333333333333333,0.0,Dittrichia viscosa; Fokienia hodginsii; Lentinellus cochleatus
WPRUFZZPIFLBDG-ONEGZZNKSA-N,,C/C=C/SSSC,,,152.309,501.62,3,2,plants,1.0,0.0,0.0,0.0,Allium chinense; Allium victorialis; Welsh onion
UAGJVSRUFNSIHR-UHFFFAOYSA-N,Methyl levulinate,COC(=O)CCC(C)=O,,Fatty acids,130.143,448.96999999999997,3,3,plants,1.0,0.0,0.0,0.0,Astragalus membranaceus; Astragalus mongholicus; Astragalus trimestris
AVJMJMPVWWWELJ-DHZHZOJOSA-N,,COC/C=C(\C)CCC=C(C)C,,Terpenoids,168.28,481.78,3,3,plants,1.0,0.0,0.0,0.0,Homalomena occulta; Zanthoxylum chalybaeum; Zanthoxylum chalybeum
RBIGKSZIQCTIJF-UHFFFAOYSA-N,3-Thiophenecarboxaldehyde,O=Cc1ccsc1,,,112.15299999999998,361.5,3,3,plants,1.0,0.0,0.0,0.0,Brassica oleracea; Capparis spinosa; Vitis vinifera
TZXWLJYLYILFGM-UHFFFAOYSA-N,HEPTYL OCTANOATE,CCCCCCCOC(=O)CCCCCCC,,Fatty acids,242.4029999999999,601.02,3,2,plants,1.0,0.0,0.0,0.0,Citrus grandis; Citrus maxima; pomelo
OJLMARCQPSGYNE-UXBLZVDNSA-N,,CC(C)=CC/C=C(\C)CC=O,,Terpenoids,152.237,485.14,3,3,plants,1.0,0.0,0.0,0.0,Backhousia citriodora; Melaleuca teretifolia; Melissa officinalis
JHJCHCSUEGPIGE-LBPRGKRZSA-N,(r)-(+)-dihydro-alpha-ionone,CC(=O)CC[C@H]1C(C)=CCCC1(C)C,,Terpenoids,194.31799999999996,570.17,2,2,plants,1.0,0.0,0.0,0.0,Dolomiaea souliei; Inula helenium
CWRKZMLUDFBPAO-SREVYHEPSA-N,,CCCCC/C=C\CCC=O,"aldehydic, orange, citrus",Fatty acids,154.253,481.22,2,2,plants,1.0,0.0,0.0,0.0,Coriandrum sativum; Porophyllum ruderale
MQPHVIPKLRXGDJ-BWZBUEFSSA-N,cis-isopinocamphone,C[C@H]1C(=O)C[C@H]2C[C@H]1C2(C)C,,Terpenoids,152.237,504.86999999999995,2,2,plants,1.0,0.0,0.0,0.0,Artemisia capillaris; Platycladus orientalis
BKATZVAUANSCKN-GHMZBOCLSA-N,1079-01-2,CC(=O)OCC1=CC[C@@H]2C[C@H]1C2(C)C,,Terpenoids,194.27399999999997,549.8399999999999,2,2,plants,1.0,0.0,0.0,0.0,Apium graveolens; Artemisia annua
SWXFRHFHIPMTBL-UHFFFAOYSA-N,SWXFRHFHIPMTBL-UHFFFAOYSA-N,CCCCCCCCOC(=O)CCC(C)C,,Fatty acids,228.37599999999998,577.7,2,2,plants,1.0,0.0,0.0,0.0,Heracleum antasiaticum; Heracleum stevenii
CPDTWYIIHJBBCB-UHFFFAOYSA-N,Allyl pentasulfide,C=CCSSSSSCC=C,,,242.481,674.14,2,1,plants,1.0,0.0,0.0,0.0,Allium sativum; garlic
BLILOGGUTRWFNI-UHFFFAOYSA-N,Monomenthyl succinate,CC1CCC(C(C)C)C(OC(=O)CCC(=O)O)C1,,Terpenoids,256.3419999999999,733.4200000000001,2,2,plants,1.0,0.0,0.0,0.0,Lycium barbarum; Lycium chinense
JHWFWLUAUPZUCP-UHFFFAOYSA-N,21835-01-8,CCC1=C(O)C(=O)CC1,,Shikimates and Phenylpropanoids,126.15499999999997,548.8299999999999,2,2,plants,1.0,0.0,0.0,0.0,Nicotiana tabacum; Panax ginseng
JOSNYUDSMPILKL-UHFFFAOYSA-N,Methyl 2-hydroxy-4-methylpentanoate,COC(=O)C(O)CC(C)C,,Fatty acids,146.18599999999998,509.28,2,2,plants,1.0,0.0,0.0,0.0,Annona glabra; Carica papaya
GZNOAIURTRJISH-UHFFFAOYSA-N,S-Prenyl thioisobutyrate,CC(C)=CCSC(=O)C(C)C,,Terpenoids,172.293,531.77,2,2,plants,0.5,0.5,0.0,0.0,Artemisia gorgonum; Glossodoris rufomarginata
YNMSDIQQNIRGDP-UHFFFAOYSA-N,Phenethyl salicylate,O=C(OCCc1ccccc1)c1ccccc1O,,Shikimates and Phenylpropanoids,242.274,735.0,2,2,plants,1.0,0.0,0.0,0.0,Pittosporum undulatum; Plumeria rubra
PSINWXIDJYEXLO-UHFFFAOYSA-N,"2,3-DIETHYL-5-METHYLPYRAZINE",CCc1ncc(C)nc1CC,"chocolate, hazelnut, meaty, nutty, roasted, musty, vegetable, potato, green, earthy",Alkaloids,150.22499999999997,549.56,2,2,plants,1.0,0.0,0.0,0.0,Elsholtzia ciliata; Mosla chinensis
MYHGOWDLVRDUFA-UHFFFAOYSA-N,3-Phenylbutyraldehyde,CC(CC=O)c1ccccc1,"herbal, hyacinth, green",,148.20499999999998,503.29999999999995,2,2,plants,1.0,0.0,0.0,0.0,Mentha arvensis; Mentha canadensis
BDFAOUQQXJIZDG-UHFFFAOYSA-N,Isobutyl mercaptan,CC(C)CS,"garlic, onion, vegetable, sulfurous, cooked",Fatty acids,90.19099999999999,353.53999999999996,2,1,plants,1.0,0.0,0.0,0.0,Psidium guajava; striped skunk
WXCMHFPAUCOJIG-UHFFFAOYSA-N,MUSK KETONE,CC(=O)c1c(C)c([N+](=O)[O-])c(C(C)(C)C)c([N+](=O)[O-])c1C,"dry, fatty, floral, powdery, soapy, musk",,294.307,925.8199999999999,2,2,animals,0.5,0.5,0.0,0.0,Moschus; Zingiber officinale
ALVJDUNBMKMTDC-UHFFFAOYSA-N,21112-37-8,COc1ccc(OC)c(C(C)(C)C)c1,,Shikimates and Phenylpropanoids,194.27399999999997,552.4100000000001,2,2,plants,1.0,0.0,0.0,0.0,Schisandra chinensis; Valeriana officinalis
AKGAHYLJHAOPKQ-UHFFFAOYSA-N,S-Methyl hexanethioate,CCCCCC(=O)SC,,Fatty acids,146.255,482.41,2,2,plants,1.0,0.0,0.0,0.0,Durio zibethinus; Humulus lupulus
XAWCLWKTUKMCMO-UHFFFAOYSA-N,(2-Nitroethyl)benzene,O=[N+]([O-])CCc1ccccc1,,Shikimates and Phenylpropanoids,151.165,561.16,2,2,plants,1.0,0.0,0.0,0.0,Aniba canelilla; Uvariopsis tripetala
MLRCLPRHEOPXLL-UHFFFAOYSA-N,Tetradecanenitrile,CCCCCCCCCCCCCC#N,,Fatty acids,209.37699999999995,622.0,2,2,bacteria,0.0,0.0,0.0,1.0,Pseudomonas veronii; Pseudomonas veronii R
QCFKLVCBTZKWGY-UHFFFAOYSA-N,Benzyl pivalate,CC(C)(C)C(=O)OCc1ccccc1,,Alkaloids,192.258,555.8299999999999,2,2,plants,1.0,0.0,0.0,0.0,Artemisia annua L.; Artemisia apiacea
WYVAMUWZEOHJOQ-UHFFFAOYSA-N,PROPIONIC ANHYDRIDE,CCC(=O)OC(=O)CC,,Fatty acids,130.14299999999997,453.31999999999994,2,2,plants,1.0,0.0,0.0,0.0,Curcuma longa; Eruca sativa
WNVCMFHPRIBNCW-HTQZYQBOSA-N,cis-3-Methyl-4-octanolide,CCCC[C@H]1OC(=O)C[C@H]1C,,Fatty acids,156.22499999999997,465.81,2,2,plants,1.0,0.0,0.0,0.0,Quercus mongolica; Quercus serrata
PKPPDYGHKDIKBH-UHFFFAOYSA-N,ISOPROPYL DECANOATE,CCCCCCCCCC(=O)OC(C)C,,Fatty acids,214.349,554.8199999999999,2,2,animals,0.5,0.5,0.0,0.0,Homo sapiens; Schisandra chinensis
JUIQOABNSLTJSW-UHFFFAOYSA-N,2-Methyl-2-thiazoline,CC1=NCCS1,,Alkaloids,101.174,416.74,2,1,plants,1.0,0.0,0.0,0.0,Allium cepa; tomato
CHCCBPDEADMNCI-UHFFFAOYSA-N,3-METHYL-2-CYCLOPENTEN-1-ONE,CC1=CC(=O)CC1,,,96.129,428.78999999999996,2,2,plants,1.0,0.0,0.0,0.0,Capsicum annuum; Foeniculum vulgare
XYONNSVDNIRXKZ-UHFFFAOYSA-N,2949-92-0,CSS(C)(=O)=O,,,126.202,293.14,2,2,plants,1.0,0.0,0.0,0.0,Brassica oleracea; Scorodophloeus zenkeri
QJHDFBAAFGELLO-UHFFFAOYSA-N,sec-Butyl butyrate,CCCC(=O)OC(C)CC,,Fatty acids,144.21399999999997,440.41999999999996,2,2,plants,1.0,0.0,0.0,0.0,Annona reticulata; Vitis vinifera
RGACABDFLVLVCT-CMDGGOBGSA-N,,CC(C)OC(=O)/C=C/c1ccccc1,,Shikimates and Phenylpropanoids,190.24200000000002,562.78,2,2,plants,1.0,0.0,0.0,0.0,Hansenia weberbaueriana; Kaempferia galanga
OHHIVLJVBNCSHV-MDZDMXLPSA-N,,CCCCOC(=O)/C=C/c1ccccc1,,Shikimates and Phenylpropanoids,204.269,586.0999999999999,2,2,plants,1.0,0.0,0.0,0.0,Mandragora autumnalis; Mandragora officinarum
JZQOJFLIJNRDHK-UZPJXDOOSA-N,(+)-cis-alpha-Irone,CC(=O)/C=C/[C@H]1C(C)=CC[C@@H](C)C1(C)C,,Terpenoids,206.32899999999995,592.54,2,2,plants,1.0,0.0,0.0,0.0,Iris florentina; Iris sibirica
NODGRWCMFMEGJH-UHFFFAOYSA-N,4'-Ethylacetophenone,CCc1ccc(C(C)=O)cc1,,Shikimates and Phenylpropanoids,148.20499999999998,513.9300000000001,2,2,plants,1.0,0.0,0.0,0.0,Camellia sinensis; Gossypium hirsutum
KMSNYNIWEORQDJ-UHFFFAOYSA-N,4-Butyrothiolactone,O=C1CCCS1,,,102.15800000000002,426.71999999999997,2,2,plants,0.5,0.5,0.0,0.0,Coffea arabica; Homo sapiens
ZXFNOEJFYLQUSB-UHFFFAOYSA-N,103-07-1,CC(=O)OC(C)(C)CCc1ccccc1,,,206.28500000000003,578.71,2,2,plants,1.0,0.0,0.0,0.0,Thymbra capitata; Thymus capitatus
HXJOYVPESRRCDB-UHFFFAOYSA-N,Isobutyl heptanoate,CCCCCCC(=O)OCC(C)C,,Fatty acids,186.295,509.06,2,2,fungi,0.0,0.0,1.0,0.0,Aspergillus clavatus; Aspergillus clavatus NRRL
BHRZNVHARXXAHW-UHFFFAOYSA-N,SEC-BUTYLAMINE,CCC(C)N,,Alkaloids,73.13900000000001,363.21,2,2,plants,1.0,0.0,0.0,0.0,Cannabis sativa; Perilla frutescens
JCCCMAAJYSNBPR-UHFFFAOYSA-N,2-ETHYLTHIOPHENE,CCc1cccs1,,,112.19699999999997,407.96,2,2,plants,1.0,0.0,0.0,0.0,Allium sativum; Psidium guajava
FZIBCCGGICGWBP-UHFFFAOYSA-N,924-50-5,COC(=O)C=C(C)C,,Fatty acids,114.14399999999999,399.14,2,2,plants,1.0,0.0,0.0,0.0,Carica papaya; Vaccinium angustifolium
SFVWPXMPRCIVOK-UHFFFAOYSA-N,CYCLODODECANOL,OC1CCCCCCCCCCC1,,Fatty acids,184.32299999999995,611.51,2,2,plants,1.0,0.0,0.0,0.0,Coriandrum sativum; Ipomoea carnea
CGQCWMIAEPEHNQ-QMMMGPOBSA-N,"Vanilmandelic acid, L-(+)-",COc1cc([C@H](O)C(=O)O)ccc1O,,Shikimates and Phenylpropanoids,198.174,777.47,2,2,plants,1.0,0.0,0.0,0.0,Mentha arvensis; Mentha canadensis
IQZUZPKOFSOVET-CMDGGOBGSA-N,,CC(C)COC(=O)/C=C/c1ccccc1,,Shikimates and Phenylpropanoids,204.269,585.6600000000001,2,2,plants,1.0,0.0,0.0,0.0,Artemisia salsoloides; Styrax benzoin
RANVDUNFZBMTBK-UHFFFAOYSA-N,Amyl salicylate,CCCCCOC(=O)c1ccccc1O,,Shikimates and Phenylpropanoids,208.257,639.6800000000001,2,2,animals,0.5,0.5,0.0,0.0,Homo sapiens; Vanilla planifolia
OZZYKXXGCOLLLO-TWTPFVCWSA-N,,C/C=C/C=C/C(=O)OCC,,Fatty acids,140.182,449.17999999999995,2,1,plants,1.0,0.0,0.0,0.0,Mangifera indica; star fruit
PLUVLWUSXQCTNH-UHFFFAOYSA-N,Eugenyl isovalerate,C=CCc1ccc(OC(=O)CC(C)C)c(OC)c1,,Shikimates and Phenylpropanoids,248.32199999999995,656.3199999999999,2,2,plants,1.0,0.0,0.0,0.0,Felicia uliginosa; Valeriana officinalis
DLVYTANECMRFGX-UHFFFAOYSA-N,19322-27-1,CC1=C(O)C(=O)CO1,,Polyketides,114.1,530.02,2,1,bacteria,0.0,0.0,0.0,1.0,Florida woods cockroach; Streptomyces GT
JWUJQDFVADABEY-UHFFFAOYSA-N,2-METHYLTETRAHYDROFURAN,CC1CCCO1,,Terpenoids,86.134,356.22999999999996,2,1,plants,1.0,0.0,0.0,0.0,Coffea arabica; cacao
CWMPPVPFLSZGCY-VOTSOKGWSA-N,,CCCCC/C=C/C(=O)O,,Fatty acids,142.19799999999998,532.31,2,2,plants,1.0,0.0,0.0,0.0,Fragaria; Osyris alba
RRGOKSYVAZDNKR-ARJAWSKDSA-N,,CC/C=C\CCCC(=O)O,,Fatty acids,142.198,532.31,2,2,plants,1.0,0.0,0.0,0.0,Eucalyptus brassiana; Thymus longicaulis
UTXVCHVLDOLVPC-UHFFFAOYSA-N,"Ethyl 3,3-dimethylacrylate",CCOC(=O)C=C(C)C,,Fatty acids,128.17099999999996,422.02,2,2,plants,1.0,0.0,0.0,0.0,Hippophae rhamnoides; Vaccinium angustifolium
ZZLCFHIKESPLTH-UHFFFAOYSA-N,4-Methylbiphenyl,Cc1ccc(-c2ccccc2)cc1,,Shikimates and Phenylpropanoids,168.239,555.3799999999999,2,2,plants,0.5,0.5,0.0,0.0,Camellia sinensis; Homo sapiens
KLSLBUSXWBJMEC-UHFFFAOYSA-N,4-PROPYLPHENOL,CCCc1ccc(O)cc1,,Shikimates and Phenylpropanoids,136.19399999999996,512.8199999999999,2,2,plants,1.0,0.0,0.0,0.0,Adiantum capillus-veneris; Gossypium hirsutum
JTHNLKXLWOXOQK-UHFFFAOYSA-N,1-HEXEN-3-ONE,C=CC(=O)CCC,,Fatty acids,98.145,387.43,2,2,plants,1.0,0.0,0.0,0.0,Acacia howittii; Carica papaya
VMUNAKQXJLHODT-VAWYXSNFSA-N,,CCCCCCCCCC/C=C/C=O,,Fatty acids,196.334,549.86,2,2,plants,1.0,0.0,0.0,0.0,Coriandrum sativum; Craibiodendron yunnanese
AAPBYIVJOWCMGH-HWKANZROSA-N,,C/C=C/SSCCC,,,148.296,478.59999999999997,2,2,plants,1.0,0.0,0.0,0.0,Allium cepa; Allium schoenoprasum
QFXOXDSHNXAFEY-SREVYHEPSA-N,,CCCCC/C=C\CC1CCC(=O)O1,,Fatty acids,196.28999999999994,543.28,2,2,plants,1.0,0.0,0.0,0.0,Artemisia annua L.; Artemisia apiacea
PCGACKLJNBBQGM-VOTSOKGWSA-N,,CCC/C=C/COC(=O)CCC,,Fatty acids,170.25199999999995,490.78000000000003,2,2,plants,1.0,0.0,0.0,0.0,Bruguiera gymnorhiza; Capillipedium parviflorum
VDJXDNLYBDHPHP-UHFFFAOYSA-N,Amyl methyl disulfide,CCCCCSSC,,Fatty acids,150.312,474.44,2,2,plants,1.0,0.0,0.0,0.0,Allium cepa; Allium schoenoprasum
XEKUTWIJPKGAQT-UHFFFAOYSA-N,Methyl ethyl trisulfide,CCSSSC,,,140.298,474.58,2,2,plants,1.0,0.0,0.0,0.0,Allium chinense; Brassica napus
GHIADNFHCKUPJL-UHFFFAOYSA-N,1-(methylthio)ethanethiol,CSC(C)S,,,108.23100000000001,399.43999999999994,2,2,plants,1.0,0.0,0.0,0.0,Allium ampeloprasum; Durio zibethinus
XYLMUPLGERFSHI-UHFFFAOYSA-N,alpha-Methylstyrene,C=C(C)c1ccccc1,,Terpenoids,118.17899999999995,428.76,2,2,plants,1.0,0.0,0.0,0.0,Commiphora quadricincta; Eucalyptus viminalis
DQSHFKPKFISSNM-UHFFFAOYSA-N,2-Methylbenzoxazole,Cc1nc2ccccc2o1,,,133.14999999999995,510.5,2,2,plants,1.0,0.0,0.0,0.0,Cymbopogon citratus; Ligusticum chuanxiong
HZYHMHHBBBSGHB-DYWGDJMRSA-N,,CC/C=C/CC/C=C/C=O,,Fatty acids,138.20999999999998,462.5,2,2,plants,1.0,0.0,0.0,0.0,Cucumis sativus; Rehmannia glutinosa
MBNMGGKBGCIEGF-UHFFFAOYSA-N,"1,1-DIETHOXYPROPANE",CCOC(CC)OCC,,Fatty acids,132.203,404.15999999999997,2,2,plants,1.0,0.0,0.0,0.0,Eucalyptus leucoxylon; Eucalyptus melliodora
VUXKVKAHWOVIDN-UHFFFAOYSA-N,CYCLOHEXYL FORMATE,O=COC1CCCCC1,,,128.171,355.73,2,2,plants,1.0,0.0,0.0,0.0,Artemisia annua; Pterocarpus indicus
BGEIOYHSLPDHJC-UHFFFAOYSA-N,caryophyllene formate,CC12CCCC(OC=O)(C1)C1CC(C)(C)C1CC2,,Terpenoids,250.38199999999995,566.51,2,2,plants,1.0,0.0,0.0,0.0,Psidium friedrichsthalianum; Zingiber mioga
MOMFXATYAINJML-UHFFFAOYSA-N,2-Acetylthiazole,CC(=O)c1nccs1,,Alkaloids,127.16799999999998,492.65000000000003,2,2,plants,1.0,0.0,0.0,0.0,Allium cepa; Phaseolus vulgaris
VVQNEPGJFQJSBK-UHFFFAOYSA-N,METHYL METHACRYLATE,C=C(C)C(=O)OC,,Fatty acids,100.11699999999998,368.78,2,2,plants,1.0,0.0,0.0,0.0,Mangifera indica; Nicotiana tabacum
OXQGTIUCKGYOAA-UHFFFAOYSA-N,2-ETHYLBUTYRIC ACID,CCC(CC)C(=O)O,,Fatty acids,116.15999999999998,481.95,2,2,plants,1.0,0.0,0.0,0.0,Nicotiana tabacum; Pelargonium graveolens
CRBJBYGJVIBWIY-UHFFFAOYSA-N,2-Isopropylphenol,CC(C)c1ccccc1O,,Terpenoids,136.19399999999996,512.38,2,2,plants,1.0,0.0,0.0,0.0,Haplopappus foliosus; Thujopsis dolabrata
QQHQQGRHGUQYLO-UHFFFAOYSA-N,Methyl propyl tetrasulfide,CCCSSSSC,,,186.392,566.24,2,2,plants,1.0,0.0,0.0,0.0,Allium ampeloprasum; Allium cepa
QGALSOGFUDWZMF-UHFFFAOYSA-N,142896-11-5,C=C(C)c1ccnc(C(C)=O)c1,,Alkaloids,161.20399999999998,564.19,2,1,plants,1.0,0.0,0.0,0.0,Mentha gentilis; corn mint
RYNRLVOZUDLPQK-UHFFFAOYSA-N,142896-12-6,C=C(C)c1cc(C(C)=O)ccn1,,Alkaloids,161.20399999999998,564.19,2,1,plants,1.0,0.0,0.0,0.0,Mentha gentilis; corn mint
GNZWXNKZMHJXNU-UHFFFAOYSA-N,27300-27-2,CC(=O)C1=NCCCC1,,Alkaloids,125.171,495.69,2,2,plants,1.0,0.0,0.0,0.0,Cynomorium songaricum; Nicotiana tabacum
GFAZHVHNLUBROE-UHFFFAOYSA-N,1-Hydroxybutan-2-one,CCC(=O)CO,,Fatty acids,88.106,437.16999999999996,2,1,animals,0.0,1.0,0.0,0.0,Homo sapiens; liquorice
FOJKZJAPKUOYKR-UHFFFAOYSA-N,2-Methylbutyl valerate,CCCCC(=O)OCC(C)CC,,Fatty acids,172.26799999999997,486.18,2,2,fungi,0.0,0.0,1.0,0.0,Aspergillus clavatus; Aspergillus clavatus NRRL
WTAYWTBOEQYGOG-QPJJXVBHSA-N,,C/C=C/C(=O)CCCCC,,Fatty acids,140.226,463.55,2,2,plants,1.0,0.0,0.0,0.0,Commiphora quadricincta; Oplopanax elatus
GTKUPJHQSAPWLL-UHFFFAOYSA-N,2-HEPTYL BUTYRATE,CCCCCC(C)OC(=O)CCC,,Fatty acids,186.29499999999996,509.06,2,2,plants,1.0,0.0,0.0,0.0,Acca sellowiana; Passiflora edulis
NETFSRNRGBJVMU-UHFFFAOYSA-N,Allyl levulinate,C=CCOC(=O)CCC(C)=O,,Fatty acids,156.18099999999998,491.41,2,2,plants,1.0,0.0,0.0,0.0,Chenopodium ambrosioides; Dysphania ambrosioides
WRQNANDWMGAFTP-UHFFFAOYSA-N,METHYL ACETOACETATE,COC(=O)CC(C)=O,,Fatty acids,116.116,426.09,2,2,plants,1.0,0.0,0.0,0.0,Capsella bursa-pastoris; Opuntia ficus-indica
IYXGSMUGOJNHAZ-UHFFFAOYSA-N,DIETHYL MALONATE,CCOC(=O)CC(=O)OCC,,Fatty acids,160.16899999999998,476.2,2,2,plants,1.0,0.0,0.0,0.0,Mimusops elengi; Panax ginseng
WFNDDSQUKATKNX-UHFFFAOYSA-N,Phenethyl butyrate,CCCC(=O)OCCc1ccccc1,,Fatty acids,192.258,559.06,2,2,plants,1.0,0.0,0.0,0.0,Mangifera indica; Vitis vinifera
KBHWKXNXTURZCD-UHFFFAOYSA-N,4-Propylanisole,CCCc1ccc(OC)cc1,,,150.22099999999998,482.47999999999996,2,2,animals,0.5,0.5,0.0,0.0,Homo sapiens; Mangifera indica
ZHZCYWWNFQUZOR-UHFFFAOYSA-N,4-PENTEN-2-OL,C=CCC(C)O,,Fatty acids,86.13399999999999,402.41999999999996,2,2,plants,1.0,0.0,0.0,0.0,Aspilia paludosa; Sphagneticola trilobata
RPWFJAMTCNSJKK-UHFFFAOYSA-N,Dodecyl gallate,CCCCCCCCCCCCOC(=O)c1cc(O)c(O)c(O)c1,,Shikimates and Phenylpropanoids,338.444,961.0799999999999,2,2,plants,1.0,0.0,0.0,0.0,Alchornea glandulosa; Crocus sativus
UQPLEMTXCSYMEK-VQHVLOKHSA-N,,CCC/C=C/COC(=O)CCCCC,,Fatty acids,198.30599999999993,536.54,2,2,plants,0.5,0.5,0.0,0.0,Camellia sinensis; Riptortus pedestris
RGACQXBDYBCJCY-FNORWQNLSA-N,,CC/C=C/CCOC(=O)CCCCC,,Fatty acids,198.30599999999995,536.54,2,2,plants,1.0,0.0,0.0,0.0,Capsicum annuum; Citrus iyo
YDVXYTIIPGKIJP-NTCAYCPXSA-N,,CC(C)=CCC/C(C)=C/COC(=O)c1ccccc1,,Terpenoids,258.361,681.54,2,2,plants,1.0,0.0,0.0,0.0,Acca sellowiana; Daphne odora
ZKHQSQYLKSSYIP-UHFFFAOYSA-N,methyl furan-3-carboxylate,COC(=O)c1ccoc1,,,126.11099999999998,445.29999999999995,2,2,plants,1.0,0.0,0.0,0.0,Ephedra sinica; Nicotiana tabacum
MHDVGSVTJDSBDK-UHFFFAOYSA-N,Benzyl ether,c1ccc(COCc2ccccc2)cc1,,Shikimates and Phenylpropanoids,198.26500000000001,595.7,2,2,plants,1.0,0.0,0.0,0.0,Uvaria chamae; Vitis vinifera
IAFQYUQIAOWKSB-UHFFFAOYSA-N,ETHYL UNDECANOATE,CCCCCCCCCCC(=O)OCC,,Fatty acids,214.34899999999996,555.26,2,2,plants,1.0,0.0,0.0,0.0,Mangifera indica; Opuntia ficus-indica
WIBFFTLQMKKBLZ-SEYXRHQNSA-N,,CCCCCCCC/C=C\CCCCCCCC(=O)OCCCC,,Fatty acids,338.5760000000001,765.3399999999999,2,2,animals,0.0,0.5,0.5,0.0,Homo sapiens; Phallus impudicus
BWJDKYNJXZATRV-UHFFFAOYSA-N,142896-09-1,CC(=O)c1cc(C(C)C)ccn1,,Alkaloids,163.22,567.19,2,1,plants,1.0,0.0,0.0,0.0,Mentha gentilis; corn mint
MBZKQDXXFMITAC-UHFFFAOYSA-N,2-Methylbutyl butyrate,CCCC(=O)OCC(C)CC,,Fatty acids,158.24099999999996,463.3,2,2,plants,1.0,0.0,0.0,0.0,Solanum betaceum; Teucrium polium subsp. polium
CBERZXRMIOEKPW-UHFFFAOYSA-N,Prenyl senecioate,CC(C)=CCOC(=O)C=C(C)C,,Terpenoids,168.236,494.7,2,2,plants,1.0,0.0,0.0,0.0,Callitropsis nootkatensis; Xanthocyparis nootkatensis
BVEYJWQCMOVMAR-UHFFFAOYSA-N,5-Hydroxy-4-octanone,CCCC(=O)C(O)CCC,,Fatty acids,144.21399999999997,528.25,2,2,plants,1.0,0.0,0.0,0.0,Camellia sinensis; Cocos nucifera
GXXFZZLGPFNITM-UHFFFAOYSA-N,Propyl phenylacetate,CCCOC(=O)Cc1ccccc1,,Fatty acids,178.231,536.1800000000001,2,2,plants,1.0,0.0,0.0,0.0,Chrysanthemum morifolium; Chrysanthemum x morifolium
ZRLDBDZSLLGDOX-UHFFFAOYSA-N,FEMA 4394,Cc1nc(C)c(C)o1,,,111.14399999999998,450.73999999999995,2,2,plants,0.5,0.0,0.0,0.5,Brassica oleracea; Corynebacterium glutamicum
HVGZQCSMLUDISR-UHFFFAOYSA-N,2-Phenylethyl propionate,CCC(=O)OCCc1ccccc1,,Fatty acids,178.23100000000002,536.1800000000001,2,2,plants,1.0,0.0,0.0,0.0,Eucalyptus cornuta; Michelia alba
RCSBILYQLVXLJG-UHFFFAOYSA-N,Allyl hexanoate,C=CCOC(=O)CCCCC,,Fatty acids,156.225,460.42,2,2,plants,1.0,0.0,0.0,0.0,Mangifera indica; Melaleuca alternifolia
ZOEZQOYTJSALQT-UHFFFAOYSA-N,PENTYL 4-METHYLPENTANOATE,CCCCCOC(=O)CCC(C)C,,Fatty acids,186.29499999999996,509.06,2,2,plants,1.0,0.0,0.0,0.0,Angelica gigas; Capsicum annuum
MTAHGWGAEGVCLS-UHFFFAOYSA-N,Hexyl phenylacetate,CCCCCCOC(=O)Cc1ccccc1,,Fatty acids,220.312,604.8199999999999,2,2,plants,1.0,0.0,0.0,0.0,Mentha arvensis; Mentha canadensis
OBKXEAXTFZPCHS-UHFFFAOYSA-N,4-PHENYLBUTYRIC ACID,O=C(O)CCCc1ccccc1,,Shikimates and Phenylpropanoids,164.204,600.5899999999999,2,2,bacteria,0.0,0.0,0.0,1.0,Streptomyces; Streptomyces sp. Al-Dhabi-
CVHZOJJKTDOEJC-UHFFFAOYSA-N,Saccharin calcium,O=C1NS(=O)(=O)c2ccccc21,,Alkaloids,183.18800000000002,493.92999999999995,2,2,plants,0.5,0.5,0.0,0.0,Eucalyptus camaldulensis; Homo sapiens
YZYPQKZWNXANRB-UXBLZVDNSA-N,,CCCC(=O)OC/C=C/c1ccccc1,,Shikimates and Phenylpropanoids,204.269,586.0999999999999,2,2,plants,1.0,0.0,0.0,0.0,Solanum agrimoniifolium; Solanum habrochaites
KLKQSZIWHVEARN-RMKNXTFCSA-N,,CC(C)C(=O)OC/C=C/c1ccccc1,,Shikimates and Phenylpropanoids,204.269,585.6600000000001,2,2,plants,1.0,0.0,0.0,0.0,Solanum agrimoniifolium; Solanum habrochaites
LABTWGUMFABVFG-ARJAWSKDSA-N,,C/C=C\C(C)=O,,Fatty acids,84.118,372.03,2,2,plants,0.5,0.5,0.0,0.0,Crataegus pinnatifida; Montipora sp.
PTTPXKJBFFKCEK-UHFFFAOYSA-N,"2,6-Dimethyl-4-heptanone",CC(C)CC(=O)CC(C)C,,Fatty acids,142.242,458.50999999999993,2,2,animals,0.5,0.5,0.0,0.0,Homo sapiens; Prunus avium
FKNQCJSGGFJEIZ-UHFFFAOYSA-N,4-METHYLPYRIDINE,Cc1ccncc1,,Alkaloids,93.12899999999999,417.26,2,2,plants,1.0,0.0,0.0,0.0,Camellia sinensis; Nicotiana tabacum
RNDVGJZUHCKENF-UHFFFAOYSA-N,5-Hexene-2-one,C=CCCC(C)=O,,Fatty acids,98.14499999999998,387.43,2,2,plants,1.0,0.0,0.0,0.0,Nicotiana tabacum; Osmanthus fragrans
HQABUPZFAYXKJW-UHFFFAOYSA-N,Butylamine,CCCCN,,,73.139,363.65,2,2,plants,0.5,0.5,0.0,0.0,Cannabis sativa; Homo sapiens
RGSFGYAAUTVSQA-UHFFFAOYSA-N,CYCLOPENTANE,C1CCCC1,,Fatty acids,70.135,333.95,2,2,plants,1.0,0.0,0.0,0.0,Curcuma longa; Senna sophera
IQGZCSXWIRBTRW-ZZXKWVIFSA-N,,C/C=C(/C=O)CC,,Fatty acids,98.145,389.58,2,1,plants,1.0,0.0,0.0,0.0,Bulbus allii fistulosi; Foeniculum vulgare
LUMRROIRFJRWNX-MDZDMXLPSA-N,,CCCCCCC/C=C/COC(C)=O,,Fatty acids,198.30599999999995,536.54,2,2,animals,0.0,1.0,0.0,0.0,Apis dorsata; Apis florea
CYLQPOIZDBIXFP-BQYQJAHWSA-N,,CCCC/C=C/C(=O)OCC,,Fatty acids,156.22499999999997,467.90000000000003,2,1,plants,1.0,0.0,0.0,0.0,Bulbus allii fistulosi; Launaea resedifolia
VTSFIPHRNAESED-AATRIKPKSA-N,,CC/C=C/CC(=O)OCC,,Fatty acids,142.198,445.02,2,2,plants,1.0,0.0,0.0,0.0,Opuntia ficus-indica; Passiflora edulis
OISVCGZHLKNMSJ-UHFFFAOYSA-N,"2,6-Dimethylpyridine",Cc1cccc(C)n1,,Alkaloids,107.156,445.12,2,2,animals,0.5,0.5,0.0,0.0,Homo sapiens; Nicotiana tabacum
BCMYNNIPTQUKAC-BQYQJAHWSA-N,,CCCC/C=C/CC(=O)OCC,,Fatty acids,170.25199999999995,490.78000000000003,2,2,animals,0.5,0.5,0.0,0.0,Ceratitis capitata; Passiflora edulis
JOHIXGUTSXXADV-HWKANZROSA-N,,C/C=C/CCCCCCCC,,Fatty acids,154.297,455.44,2,2,plants,1.0,0.0,0.0,0.0,Angelica dahurica; Ruta graveolens
CJBQSBZJDJHMLF-BQYQJAHWSA-N,,CCCCC/C=C/C(=O)OC,,Fatty acids,156.22499999999997,467.90000000000003,2,2,plants,1.0,0.0,0.0,0.0,Annona muricata; Carica papaya
SJRXWMQZUAOMRJ-VOTSOKGWSA-N,,CCC/C=C/C(=O)OCC,,Fatty acids,142.19799999999998,445.02,2,2,plants,1.0,0.0,0.0,0.0,Annona muricata; Carica papaya
DHAZIUXMHRHVMP-UHFFFAOYSA-N,BUTYL MYRISTATE,CCCCCCCCCCCCCC(=O)OCCCC,,Fatty acids,284.484,669.6600000000001,2,2,plants,1.0,0.0,0.0,0.0,Mangifera indica; Opuntia microdasys
VGYPAVUJUMQTGE-UHFFFAOYSA-N,Octyl phenylacetate,CCCCCCCCOC(=O)Cc1ccccc1,,Fatty acids,248.366,650.5799999999999,2,2,plants,1.0,0.0,0.0,0.0,Mentha arvensis; Mentha canadensis
CEQGYPPMTKWBIU-UHFFFAOYSA-N,Octyl propionate,CCCCCCCCOC(=O)CC,,Fatty acids,186.295,509.49999999999994,2,2,plants,1.0,0.0,0.0,0.0,Backhousia angustifolia; Humulus lupulus
IUGYQRQAERSCNH-UHFFFAOYSA-N,Pivalic acid,CC(C)(C)C(=O)O,,Fatty acids,102.13299999999998,456.28,2,2,plants,0.5,0.0,0.0,0.5,Nicotiana tabacum; Streptomyces avermitilis
QFOHBWFCKVYLES-UHFFFAOYSA-N,Butyl 4-hydroxybenzoate,CCCCOC(=O)c1ccc(O)cc1,,Shikimates and Phenylpropanoids,194.23,616.8,2,2,plants,1.0,0.0,0.0,0.0,Carica papaya; Strychnos cathayensis
NTWBHJYRDKBGBR-UHFFFAOYSA-N,2-Ethylbenzaldehyde,CCc1ccccc1C=O,,Shikimates and Phenylpropanoids,134.17799999999997,413.6,2,2,plants,1.0,0.0,0.0,0.0,Osmanthus fragrans; Sauromatum venosum
XYYMFUCZDNNGFS-UHFFFAOYSA-N,2-METHYL-3-HEPTANONE,CCCCC(=O)C(C)C,,Fatty acids,128.21499999999997,436.07,2,2,plants,1.0,0.0,0.0,0.0,Peristeria elata; Vitis rotundifolia
MRWLZECVHMHMGI-UHFFFAOYSA-N,"3,5-DIETHYL-2-METHYLPYRAZINE",CCc1cnc(C)c(CC)n1,,Alkaloids,150.225,549.56,2,2,bacteria,0.0,0.0,0.0,1.0,Streptomyces antioxidans; Streptomyces antioxidans MUSC
GYDPOKGOQFTYGW-UHFFFAOYSA-N,5287-45-6,CC(C)=CCS,,Terpenoids,102.20200000000001,380.9,2,2,plants,1.0,0.0,0.0,0.0,Durio zibethinus; Mangifera indica
FJHNSGVMPSITEQ-UHFFFAOYSA-N,10-undecen-2-one,C=CCCCCCCCC(C)=O,,Fatty acids,168.28,501.83,2,2,plants,1.0,0.0,0.0,0.0,Litsea elliptica; Zingiber mioga
XSOSLVVAKBKYRV-UHFFFAOYSA-N,"3,4-Dimethylcyclopent-2-enone",CC1=CC(=O)CC1C,,Terpenoids,110.15599999999999,447.0,2,2,plants,1.0,0.0,0.0,0.0,Mentha arvensis; Mentha canadensis
OVFMRFMJVFDSAA-UHFFFAOYSA-N,Propyl decanoate,CCCCCCCCCC(=O)OCCC,,Fatty acids,214.34899999999996,555.26,2,2,fungi,0.5,0.0,0.5,0.0,Saccharomyces cerevisiae; Vitis vinifera
AYQPVPFZWIQERS-SREVYHEPSA-N,,CCCCC/C=C\CO,,Fatty acids,128.21499999999997,478.97999999999996,2,2,fungi,0.0,0.5,0.5,0.0,Aspergillus flavus; Homo sapiens
UVIUIIFPIWRILL-XBLVEGMJSA-N,,CCCCCC/C=C/C=C/C=O,,Fatty acids,166.26399999999998,508.26,2,2,plants,1.0,0.0,0.0,0.0,Coriandrum sativum; Foeniculum vulgare
FJKFIIYSBXHBCT-ARJAWSKDSA-N,,CC/C=C\CCOC(=O)Cc1ccccc1,,Fatty acids,218.29600000000002,608.98,2,2,plants,1.0,0.0,0.0,0.0,Mentha arvensis; Mentha canadensis
GEWDNTWNSAZUDX-SNAWJCMRSA-N,,CC/C=C/CC1C(=O)CCC1CC(=O)OC,,Fatty acids,224.29999999999995,637.8499999999999,2,2,plants,1.0,0.0,0.0,0.0,Elsholtzia ciliata; Mosla chinensis
IJFKZRMIRAVXRK-VQHVLOKHSA-N,,C=C/C(C)=C/CCC(C)(C)O,,Terpenoids,154.253,518.0699999999999,2,2,plants,1.0,0.0,0.0,0.0,Elsholtzia fruticosa; Perilla frutescens var. arguta
NYPOJSCNHYUZRG-CSKARUKUSA-N,,CC(C)=CCC/C(C)=C/C(C)O,,Terpenoids,168.28,551.0999999999999,2,2,bacteria,0.0,0.0,0.0,1.0,Streptomyces; Streptomyces sp. strain GWS-BW-H
MWAYRGBWOVHDDZ-UHFFFAOYSA-N,Ethyl vanillate,CCOC(=O)c1ccc(O)c(OC)c1,,Shikimates and Phenylpropanoids,196.20199999999997,621.3199999999999,2,2,plants,1.0,0.0,0.0,0.0,Nicotiana tabacum; Sisymbrium officinale
ZIJWGEHOVHJHKB-BQYQJAHWSA-N,,CC(O)/C=C/c1ccccc1,,Shikimates and Phenylpropanoids,148.20499999999998,550.98,2,2,plants,1.0,0.0,0.0,0.0,Chrysanthemum x morifolium; Elsholtzia pilosa
WFRBDWRZVBPBDO-UHFFFAOYSA-N,2-METHYL-2-PENTANOL,CCCC(C)(C)O,,Fatty acids,102.17699999999998,425.83,2,2,plants,1.0,0.0,0.0,0.0,Ruellia tuberosa; Spondias mombin
PKZJLOCLABXVMC-UHFFFAOYSA-N,2-METHOXYBENZALDEHYDE,COc1ccccc1C=O,,Shikimates and Phenylpropanoids,136.14999999999998,413.14,2,2,plants,0.5,0.0,0.0,0.5,Cinnamomum cassia; Streptomyces griseus griseus
NHXSTXWKZVAVOQ-UHFFFAOYSA-N,ETHYL 2-FUROATE,CCOC(=O)c1ccco1,,Fatty acids,140.13799999999998,468.18,2,2,plants,0.5,0.0,0.5,0.0,Actinidia chinensis; Evernia prunastri
YHASWHZGWUONAO-UHFFFAOYSA-N,BUTYRIC ANHYDRIDE,CCCC(=O)OC(=O)CCC,,Fatty acids,158.19699999999995,499.08,2,0,,,,,,Aca sellowiana; liquorice
WFDIJRYMOXRFFG-UHFFFAOYSA-N,ACETIC ANHYDRIDE,CC(=O)OC(C)=O,,,102.089,407.55999999999995,2,2,animals,0.5,0.5,0.0,0.0,Homo sapiens; Vitis vinifera
OCAIYHCKLADPEG-UHFFFAOYSA-N,Isopropyl valerate,CCCCC(=O)OC(C)C,,Fatty acids,144.21399999999997,440.41999999999996,2,0,,,,,,long-finned pilot whale; short-finned pilot whale
QZVHYFUVMQIGGM-UHFFFAOYSA-N,2-Hexylthiophene,CCCCCCc1cccs1,,,168.305,499.47999999999996,2,2,plants,1.0,0.0,0.0,0.0,Akebia quinata; Akebia trifoliata
NLDFWNCRMVSDMC-UHFFFAOYSA-N,,CCCCCOC(=O)CCC(C)=O,,Fatty acids,186.25099999999995,540.49,2,2,plants,1.0,0.0,0.0,0.0,Chenopodium ambrosioides; Dysphania ambrosioides
PJXHBTZLHITWFX-UHFFFAOYSA-N,2-HEPTYLCYCLOPENTANONE,CCCCCCCC1CCCC1=O,"fruity, oily, fresh, jasmine, tropical, peach",,182.30699999999996,557.26,2,2,plants,1.0,0.0,0.0,0.0,Mentha arvensis; Mentha canadensis
VXCUURYYWGCLIH-UHFFFAOYSA-N,Dodecanenitrile,CCCCCCCCCCCC#N,"dry, metallic, spicy, citrus",Fatty acids,181.32299999999998,576.24,2,2,bacteria,0.0,0.0,0.0,1.0,Pseudomonas veronii; Pseudomonas veronii R
TUFJIDJGIQOYFY-YFKPBYRVSA-N,,CC[C@H](C)N=C=S,,Fatty acids,115.201,390.72999999999996,2,2,plants,1.0,0.0,0.0,0.0,Cardamine amara; Cochlearia officinalis
OZNUPWACHHUIKC-JXMROGBWSA-N,,COc1ccc(/C=C/C(=O)NCCc2ccc(OC)c(OC)c2)cc1OC,,Shikimates and Phenylpropanoids,371.4330000000001,951.24,2,2,plants,1.0,0.0,0.0,0.0,Chenopodium album; Zanthoxylum rubescens
YWBBITMUIVBYJO-UHFFFAOYSA-N,2-ethyl-4-prop-1-en-2-ylpyridine,C=C(C)c1ccnc(CC)c1,,Alkaloids,147.22099999999998,510.32,2,1,plants,1.0,0.0,0.0,0.0,Mentha gentilis; corn mint
HVRZYSHVZOELOH-UHFFFAOYSA-N,2-Methyl-4-pentenoic acid,C=CCC(C)C(=O)O,,Fatty acids,114.14399999999998,478.63,2,2,plants,0.5,0.5,0.0,0.0,Capsella bursa-pastoris; Homo sapiens
GYWYASONLSQZBB-UHFFFAOYSA-N,3-Methylhexan-2-one,CCCC(C)C(C)=O,,Fatty acids,114.18799999999999,413.19,2,2,animals,0.0,1.0,0.0,0.0,Dipetalogaster maxima; Dipetalogaster maximus
TWXUTZNBHUWMKJ-UHFFFAOYSA-N,2705-87-5,C=CCOC(=O)CCC1CCCCC1,"fruity, pineapple, sweet, tropical, waxy",Fatty acids,196.28999999999994,548.6099999999999,2,2,plants,1.0,0.0,0.0,0.0,Carica papaya; Mangifera indica
QHJGZUSJKGVMTF-UHFFFAOYSA-N,28343-22-8,C=Cc1cc(OC)c(O)c(OC)c1,,Shikimates and Phenylpropanoids,180.20299999999997,587.1800000000001,2,2,plants,1.0,0.0,0.0,0.0,Habenaria digitata; Zingiber officinale
DJOCFLQKCMWABC-UHFFFAOYSA-N,2-Pentyl butyrate,CCCC(=O)OC(C)CCC,,Fatty acids,158.24099999999996,463.3,2,2,plants,1.0,0.0,0.0,0.0,Passiflora edulis; Prostanthera lasianthos
RJASFPFZACBKBE-UHFFFAOYSA-N,Isobutyl phenylacetate,CC(C)COC(=O)Cc1ccccc1,,Fatty acids,192.258,558.6199999999999,2,2,plants,1.0,0.0,0.0,0.0,Artemisia annua; Mangifera indica
LGVYUZVANMHKHV-UHFFFAOYSA-N,"6,10-Dimethylundec-9-en-2-one",CC(=O)CCCC(C)CCC=C(C)C,,Fatty acids,196.33399999999997,554.51,2,2,bacteria,0.0,0.0,0.0,1.0,Streptomyces; Streptomyces sp. strain GWS-BW-H
DLRJIFUOBPOJNS-UHFFFAOYSA-N,PHENETOLE,CCOc1ccccc1,"anisic, sweet",Shikimates and Phenylpropanoids,122.16699999999996,431.74,2,2,plants,1.0,0.0,0.0,0.0,Prunus persica; Scutellaria barbata
RTNPCOBSXBGDMO-ARJAWSKDSA-N,,CC/C=C\CCCCC=O,"citrus, cucumber, fresh, vegetable, melon, green, woody, orris, waxy",Fatty acids,140.226,458.34,2,2,plants,1.0,0.0,0.0,0.0,Artemisia capillaries; Artemisia capillaris
KVWWIYGFBYDJQC-MNOVXSKESA-N,cis-Methyl dihydrojasmonate,CCCCC[C@@H]1C(=O)CC[C@@H]1CC(=O)OC,,Fatty acids,226.31599999999995,633.69,2,2,fungi,0.0,0.0,1.0,0.0,Botryodiplodia theobromae; Lasiodiplodia theobromae
AVBRYQRTMPHARE-UHFFFAOYSA-N,Octyl formate,CCCCCCCCOC=O,"citrus, fruity, green, orange, orris, rose, cucumber, waxy",Fatty acids,158.241,381.94,2,2,plants,1.0,0.0,0.0,0.0,Boswellia species; Vitis vinifera
HZYCAKGEXXKCDM-UHFFFAOYSA-N,Methyl (methylthio)acetate,COC(=O)CSC,,Fatty acids,120.173,418.12,2,2,plants,1.0,0.0,0.0,0.0,Carica papaya; Durio zibethinus
QJXVZKLQKPUDPW-XVYDYJIPSA-N,,C/C=C(\C)COC(=O)/C(C)=C/C,,Fatty acids,168.236,494.7,2,2,plants,1.0,0.0,0.0,0.0,Gardenia jasminoides; Plectrelminthus caudatus
JAELLLITIZHOGQ-UHFFFAOYSA-N,tert-Butyl propionate,CCC(=O)OC(C)(C)C,"brandy, fruity, rummy",Fatty acids,130.18699999999998,414.75,2,2,plants,1.0,0.0,0.0,0.0,Malus domestica; Malus pumila
QBCRVYRADYXNOW-UHFFFAOYSA-N,Cuminyl acetate,CC(=O)OCc1ccc(C(C)C)cc1,,Terpenoids,192.258,563.5999999999999,2,2,plants,1.0,0.0,0.0,0.0,Rhodiola rosea; Rhodiola rosea L.
OFHHDSQXFXLTKC-UHFFFAOYSA-N,10-Undecenal,C=CCCCCCCCCC=O,,Fatty acids,168.28,496.62,2,2,plants,1.0,0.0,0.0,0.0,Beilschmiedia pendula; Etlingera elatior
IISBACLAFKSPIT-UHFFFAOYSA-N,Bisphenol A,CC(C)(c1ccc(O)cc1)c1ccc(O)cc1,,,228.291,754.1700000000001,2,2,animals,0.5,0.5,0.0,0.0,Homo sapiens; Panax ginseng
LKVFCSWBKOVHAH-UHFFFAOYSA-N,4-Ethoxyphenol,CCOc1ccc(O)cc1,,Shikimates and Phenylpropanoids,138.16599999999997,512.36,2,2,plants,1.0,0.0,0.0,0.0,Illicium verum; Illicium verum Hook f.
CCCIYAQYQZQDIZ-UHFFFAOYSA-N,6-Methylheptan-3-one,CCC(=O)CCC(C)C,,Fatty acids,128.21499999999997,436.07,2,2,plants,1.0,0.0,0.0,0.0,Origanum hypericifolium; Thymus
ZERULLAPCVRMCO-UHFFFAOYSA-N,Propyl sulfide,CCCSCCC,,Fatty acids,118.24499999999999,405.65999999999997,2,2,plants,1.0,0.0,0.0,0.0,Allium ampeloprasum; Allium sativum
GIEMHYCMBGELGY-UHFFFAOYSA-N,10-UNDECEN-1-OL,C=CCCCCCCCCCO,,Fatty acids,170.296,540.14,2,2,animals,0.5,0.5,0.0,0.0,Homo sapiens; Mangifera indica
UCFQYMKLDPWFHZ-MKMNVTDBSA-N,,C/C=C(\C)C(=O)OCCC(C)CCC=C(C)C,,Terpenoids,238.37099999999995,608.6600000000001,2,2,plants,1.0,0.0,0.0,0.0,Geranium; Pelargonium ternifolium
PRNJXUQTUSFYLV-MLRPBERTSA-N,56001-43-5,C=C[C@](C)(CC/C=C(/C)CCC=C(C)C)OC(C)=O,,Terpenoids,264.40899999999993,648.31,2,2,plants,1.0,0.0,0.0,0.0,Citrus maxima; Zingiber officinale
PICGPEBVZGCYBV-CWWKMNTPSA-N,,CC/C=C\C/C=C\CCO,,Fatty acids,140.226,506.02,2,2,plants,1.0,0.0,0.0,0.0,Cucumis melo; Passiflora quadrangularis
VLJSLTNSFSOYQR-UHFFFAOYSA-N,3-Isopropylphenol,CC(C)c1cccc(O)c1,,Terpenoids,136.19399999999996,512.38,2,2,plants,1.0,0.0,0.0,0.0,Chamaecyparis obtusa var. formosana; Thujopsis dolabrata
FUDUFCLRGSEHAJ-ONEGZZNKSA-N,,C/C=C/SSC,,,120.24199999999999,432.84,2,1,plants,1.0,0.0,0.0,0.0,Allium cepa; garlic
LYRAHIUDQRJGGZ-YPKPFQOOSA-N,,O=C(/C=C\c1ccccc1)OCCCc1ccccc1,,Shikimates and Phenylpropanoids,266.34,727.1800000000001,2,2,plants,1.0,0.0,0.0,0.0,Narcissus tazetta var. chinensis; Styrax benzoin
AMXYRHBJZOVHOL-DYWGDJMRSA-N,,CC/C=C/CC/C=C/CO,green,Fatty acids,140.226,506.02,2,2,plants,1.0,0.0,0.0,0.0,Artemisia capillaries; Cucumis sativus
BFBPISPWJZMWJN-UHFFFAOYSA-N,Aurantiol,COC(=O)c1ccccc1N=CCC(C)CCCC(C)(C)O,,Terpenoids,305.418,866.51,2,2,plants,1.0,0.0,0.0,0.0,Citrus reticulata; Citrus deliciosa
UTUVIKZNQWNGIM-UHFFFAOYSA-N,Ethyl 2-phenylpropionate,CCOC(=O)C(C)c1ccccc1,,Fatty acids,178.231,535.74,2,2,plants,1.0,0.0,0.0,0.0,Artemisia ammaniana; Artemisia sericea
RQVWTMCUTHKGCM-UHFFFAOYSA-N,S-Methyl benzenecarbothioate,CSC(=O)c1ccccc1,,Shikimates and Phenylpropanoids,152.218,531.97,2,2,bacteria,0.0,0.0,0.0,1.0,Streptomyces; Streptomyces sp. strain GWS-BW-H
MLAXEZHEGARMPE-UHFFFAOYSA-N,3-Propylpyridine,CCCc1cccnc1,,Alkaloids,121.18299999999996,463.02,2,1,plants,1.0,0.0,0.0,0.0,Mentha gentilis; corn mint
ADSOSINJPNKUJK-UHFFFAOYSA-N,2-Butylpyridine,CCCCc1ccccn1,,Alkaloids,135.20999999999995,485.9,2,1,plants,1.0,0.0,0.0,0.0,Mentha gentilis; corn mint
OCUAPVNNQFAQSM-UHFFFAOYSA-N,3-Methyl-3-butenyl acetate,C=C(C)CCOC(C)=O,,Fatty acids,128.171,414.53999999999996,2,2,plants,1.0,0.0,0.0,0.0,Pandanus tectorius; Solanum betaceum
WBBPRCNXBQTYLF-UHFFFAOYSA-N,2-(Methylthio)ethanol,CSCCO,,Fatty acids,92.163,429.2,2,2,plants,0.5,0.5,0.0,0.0,Carica papaya; Homo sapiens
RFDUMBPGZUIKOG-UHFFFAOYSA-N,Heptyl 2-methylpropanoate,CCCCCCCOC(=O)C(C)C,"fruity, herbal, tropical, sweet, estery, warm, floral, pineapple, apricot, apple, green, cherry, peach",Fatty acids,186.295,509.06,2,2,plants,1.0,0.0,0.0,0.0,Capsicum annuum; Humulus lupulus
VKJIAEQRKBQLLA-UHFFFAOYSA-N,2-METHOXY-3-METHYLPYRAZINE,COc1nccnc1C,"hazelnut, nutty, roasted, chocolate",Alkaloids,124.14299999999999,498.35999999999996,2,2,plants,0.5,0.0,0.0,0.5,Arctium lappa; Chondromyces crocatus
XXIKYCPRDXIMQM-UHFFFAOYSA-N,Prenyl acetate,CC(=O)OCC=C(C)C,"apple, banana, fruity, green, sweet, ripe, fresh, balsamic, jasmine",Terpenoids,128.171,422.02,2,1,plants,1.0,0.0,0.0,0.0,Pandanus tectorius; tomato
UKFLLQIRBABMKF-UHFFFAOYSA-N,4-Ethoxybenzyl alcohol,CCOc1ccc(CO)cc1,,,152.19299999999998,551.78,2,2,plants,0.5,0.0,0.0,0.0,Gastrodia elata; Haraldiophyllum
UJCFZCTTZWHRNL-UHFFFAOYSA-N,"2,4-Dimethylanisole",COc1ccc(C)cc1C,,,136.194,464.58,2,2,plants,1.0,0.0,0.0,0.0,Elsholtzia ciliata; Mosla chinensis
YJARPRLGQQFGOI-UHFFFAOYSA-N,Heptyl valerate,CCCCCCCOC(=O)CCCC,,Fatty acids,200.32199999999995,532.3799999999999,2,2,plants,1.0,0.0,0.0,0.0,Capsicum annuum; Heracleum dissectum
NGAZZOYFWWSOGK-UHFFFAOYSA-N,3-Heptanone,CCCCC(=O)CC,"banana, fatty, fruity, green, sweet, musty, cheesy, ketonic",Fatty acids,114.18799999999999,413.63,2,1,animals,0.0,1.0,0.0,0.0,Homo sapiens; rooibos
GEWDNTWNSAZUDX-PLNGDYQASA-N,,CC/C=C\CC1C(=O)CCC1CC(=O)OC,,Fatty acids,224.29999999999995,637.8499999999999,2,2,plants,1.0,0.0,0.0,0.0,Elsholtzia ciliata; Mosla chinensis
DURPTKYDGMDSBL-UHFFFAOYSA-N,Butyl ether,CCCCOCCCC,,Fatty acids,130.231,405.06,2,2,plants,1.0,0.0,0.0,0.0,Thymus quinquecostatus; Thymus vulgaris
GVPWHKZIJBODOX-UHFFFAOYSA-N,Dibenzyl disulfide,c1ccc(CSSCc2ccccc2)cc1,,Shikimates and Phenylpropanoids,246.40000000000003,710.8399999999999,2,2,plants,1.0,0.0,0.0,0.0,Coronopus didymus; Petiveria alliacea
OIALIKXMLIAOSN-UHFFFAOYSA-N,,CCCc1ccccn1,,Alkaloids,121.18299999999996,463.02,2,1,plants,1.0,0.0,0.0,0.0,Mentha gentilis; corn mint
BTXIJTYYMLCUHI-UHFFFAOYSA-N,2-Propylthiophene,CCCc1cccs1,,,126.22399999999996,430.84,2,2,plants,1.0,0.0,0.0,0.0,Akebia quinata; Akebia trifoliata
NBXLPPVOZWYADY-UHFFFAOYSA-N,2-Ethyl-5-methylfuran,CCc1ccc(C)o1,,Polyketides,110.15599999999998,414.94,2,2,fungi,0.0,0.5,0.5,0.0,Aspergillus candidus; Homo sapiens
ACOBBFVLNKYODD-NTMALXAHSA-N,,COC(=O)/C=C(/C)CCC=C(C)C,,Terpenoids,182.263,517.5799999999999,2,2,plants,1.0,0.0,0.0,0.0,Elsholtzia ciliata; Homalomena occulta
JZQOJFLIJNRDHK-CMDGGOBGSA-N,,CC(=O)/C=C/C1C(C)=CCC(C)C1(C)C,,Terpenoids,206.32899999999995,592.54,2,2,plants,1.0,0.0,0.0,0.0,Iris germanica; Trifolium pratense
PEQMAZJTEUEQJP-JLHYYAGUSA-N,,CCC(C)C(=O)OC/C=C(\C)CCC=C(C)C,,Fatty acids,238.37099999999995,608.6600000000001,2,2,plants,1.0,0.0,0.0,0.0,Daucus carota; Inula helenium
LUOAEJWSKPQLJD-UHFFFAOYSA-N,530-56-3,COc1cc(CO)cc(OC)c1O,,Polyketides,184.19099999999997,659.8,2,2,plants,1.0,0.0,0.0,0.0,Aptenia cordifolia; Morus cathayana
KITGYVIOYOCIIE-QNMAEOQASA-N,,C/C=C/C(=O)OCC/C=C\CC,,Fatty acids,168.236,494.94,2,2,plants,1.0,0.0,0.0,0.0,Acca sellowiana; Feijoa sellowiana
OJLMARCQPSGYNE-POHAHGRESA-N,,CC(C)=CC/C=C(/C)CC=O,,Terpenoids,152.237,485.14,2,2,plants,1.0,0.0,0.0,0.0,Backhousia citriodora; Melaleuca teretifolia
SDQFDHOLCGWZPU-UHFFFAOYSA-N,80-54-6,CC(C=O)Cc1ccc(C(C)(C)C)cc1,"floral, fresh, green",,204.313,596.5699999999999,2,1,plants,1.0,0.0,0.0,0.0,Pinellia ternata; tomato
LNIMMWYNSBZESE-UHFFFAOYSA-N,2-ETHYL-3-METHYLPYRAZINE,CCc1nccnc1C,"burnt, earthy, green, hazelnut, nutty, potato, roasted, musty, bready",Alkaloids,122.17099999999998,498.82,2,2,plants,1.0,0.0,0.0,0.0,Coffea arabica; Perilla frutescens
XMWRWTSZNLOZFN-UHFFFAOYSA-N,Musk xylene,Cc1c([N+](=O)[O-])c(C)c([N+](=O)[O-])c(C(C)(C)C)c1[N+](=O)[O-],"dry, sweet, fatty, soapy, musk",,297.267,978.03,2,2,plants,0.5,0.5,0.0,0.0,Carduus pycnocephalus; Moschus
IDWULKZGRNHZNR-JTQLQIEISA-N,"(3S)-7-methoxy-3,7-dimethyloctanal",COC(C)(C)CCC[C@H](C)CC=O,,Terpenoids,186.295,518.69,2,2,plants,1.0,0.0,0.0,0.0,Houttuynia cordata; Houttuynia emeiensis
JYVLIDXNZAXMDK-RXMQYKEDSA-N,(R)-(-)-2-Pentanol,CCC[C@@H](C)O,,Fatty acids,88.14999999999999,405.73999999999995,2,2,plants,1.0,0.0,0.0,0.0,Capsicum annuum; Crocus sativus
FJPGAMCQJNLTJC-UHFFFAOYSA-N,"2,3-HEPTANEDIONE",CCCCC(=O)C(C)=O,"buttery, cheesy, fatty, sweet, oily",Fatty acids,128.171,467.5,2,2,bacteria,0.0,0.5,0.0,0.5,Corynebacterium glutamicum; Homo sapiens
PYBOFDINXIGETR-CYBMUJFWSA-N,PYBOFDINXIGETR-CYBMUJFWSA-N,CC1=CC[C@@]2(O1)C(C)=CC(=O)CC2(C)C,,Terpenoids,206.28499999999997,631.1300000000001,2,2,plants,1.0,0.0,0.0,0.0,Eucalyptus leucoxylon; Eucalyptus melliodora
VVGOCOMZRGWHPI-ARJAWSKDSA-N,,CC/C=C\CCC=O,"creamy, green, vegetable, fatty, oily, milky, dairy",Fatty acids,112.172,412.58,2,2,plants,1.0,0.0,0.0,0.0,Capsella bursa-pastoris; Senna alexandrina
LOZWAPSEEHRYPG-UHFFFAOYSA-N,"1,4-DITHIANE",C1CSCCS1,,Alkaloids,120.24199999999999,411.0,2,2,bacteria,0.0,0.0,0.0,1.0,Vibrio; Vibrio sp.
RGTMAXSVLBZNEL-RBXMUDONSA-N,Nepetalic acid,C[C@@H](C=O)[C@H]1CC[C@H](C)[C@H]1C(=O)O,,Terpenoids,184.23499999999999,628.0699999999999,2,2,plants,1.0,0.0,0.0,0.0,Nepeta cataria; Nepeta teydea
JCWXWRIQSPDSKY-MIFVOYFBSA-N,,CC(C)=CCC/C(C)=C/COC(=O)/C=C/c1ccccc1,,Terpenoids,284.399,731.46,2,2,plants,1.0,0.0,0.0,0.0,Eremophila longifolia; Ozothamnus stirlingii
IAIHUHQCLTYTSF-ZCUBBSJVSA-N,,CC12CCC(C1)C(C)(C)[C@@H]2O,,Terpenoids,154.25300000000001,529.47,2,2,plants,1.0,0.0,0.0,0.0,Eucalyptus camaldulensis; Eucalyptus oviformis
YYWZKGZIIKPPJZ-XKSSXDPKSA-N,cis-2-Pinanol,CC1(C)[C@H]2CC[C@](C)(O)[C@@H]1C2,,Terpenoids,154.253,529.47,2,2,plants,1.0,0.0,0.0,0.0,Foeniculum vulgare; Pimenta racemosa
LOCDPORVFVOGCR-UHFFFAOYSA-N,Bis(methylthio)methane,CSCSC,"alliaceous, meaty, mushroom, onion, metallic, spicy, sulfurous, garlic, horseradish, green, pungent",Amino acids and Peptides,108.231,405.79999999999995,2,2,plants,1.0,0.0,0.0,0.0,Bruguiera gymnorhiza; Psidium friedrichsthalianum
BAMPVSWRQZNDQC-UHFFFAOYSA-N,"2,4,5-Trimethylthiazole",Cc1nc(C)c(C)s1,,Alkaloids,127.21199999999999,471.62,2,2,plants,1.0,0.0,0.0,0.0,Brassica oleracea; Gynandropsis gynandra
LIPRKYKMVQPYPG-UHFFFAOYSA-N,3-hydroxy-2H-pyran-2-one,O=c1occcc1O,,Shikimates and Phenylpropanoids,112.08399999999997,466.84,2,2,plants,1.0,0.0,0.0,0.0,Actinidia chinensis; Psidium friedrichsthalianum
HSDXVAOHEOSTFZ-UHFFFAOYSA-N,2-PENTYLPYRIDINE,CCCCCc1ccccn1,"fatty, green, meaty, vegetable, mushroom, herbal",Alkaloids,149.237,508.78,2,1,plants,1.0,0.0,0.0,0.0,Mentha gentilis; corn mint
ZCDYAMJXVAUTIM-UHFFFAOYSA-N,Allyl phenylacetate,C=CCOC(=O)Cc1ccccc1,"fruity, honey, pineapple, sweet, rummy",Shikimates and Phenylpropanoids,176.215,532.8599999999999,1,1,plants,1.0,0.0,0.0,0.0,Mangifera indica
WGPCZPLRVAWXPW-NSHDSACASA-N,(s)-gamma-dodecalactone,CCCCCCCC[C@H]1CCC(=O)O1,,Fatty acids,198.30599999999995,539.1200000000001,1,1,plants,1.0,0.0,0.0,0.0,Prunus armeniaca
BGKHEYBJLXKPGX-UHFFFAOYSA-N,"1,5,5-Trimethylbicyclo[2.2.1]heptan-2-one",CC12CC(CC1=O)C(C)(C)C2,,Terpenoids,152.237,509.78000000000003,1,1,plants,1.0,0.0,0.0,0.0,Abies sibirica
DYLHSDCNOUDICA-UHFFFAOYSA-N,diethyl 2-hydroxypentanedioate,CCOC(=O)CCC(O)C(=O)OCC,,Fatty acids,204.22199999999998,613.7,1,1,plants,1.0,0.0,0.0,0.0,Vitis vinifera
JLPUXFOGCDVKGO-GRYCIOLGSA-N,(+)-geosmin,C[C@@H]1CCC[C@]2(C)CCCC[C@@]12O,,Terpenoids,182.307,592.71,1,1,bacteria,0.0,0.0,0.0,1.0,Streptomyces avermitilis
JNWQKXUWZWKUAY-BHHIIOOYSA-N,,C/C=C(/C)C(=O)OCC/C=C\CC,,Fatty acids,182.26299999999998,517.7,1,1,plants,1.0,0.0,0.0,0.0,Lonicera japonica
YPZQHCLBLRWNMJ-OPRDCNLKSA-N,Lilac aldehyde C,C=C[C@]1(C)CC[C@H]([C@H](C)C=O)O1,,Terpenoids,168.236,511.09999999999997,1,1,plants,1.0,0.0,0.0,0.0,Lonicera japonica
RLWJIETUBNSFMD-VMPITWQZSA-N,,COc1ccc(/C=C/C(=O)NCCc2ccc3c(c2)OCO3)cc1OC,,Amino acids and Peptides,355.3900000000001,948.8299999999999,1,1,plants,1.0,0.0,0.0,0.0,Zanthoxylum rubescens
DPLYGYOSWLFGGY-UHFFFAOYSA-N,1-Pentanesulfenothioic acid,CCCCCSS,,Fatty acids,136.28500000000003,445.64,1,1,plants,1.0,0.0,0.0,0.0,Allium schoenoprasum
CEVCMCWHMHJEQS-UHFFFAOYSA-N,Bornyl 2-methylbutyrate,CCC(C)C(=O)OC1CC2CCC1(C)C2(C)C,,Terpenoids,238.37099999999992,609.47,1,1,plants,1.0,0.0,0.0,0.0,Artemisia salsoloides
BJEPYKJPYRNKOW-UHFFFAOYSA-M,monosodium malate,O=C([O-])CC(O)C(=O)O,,Fatty acids,133.07899999999998,581.54,1,1,plants,1.0,0.0,0.0,0.0,Punica granatum
ZUAVBZWESOIWQP-UHFFFAOYSA-N,1-(2-Methyloxazol-5-yl)ethanone,CC(=O)c1cnc(C)o1,,,125.12699999999998,499.63,1,1,plants,1.0,0.0,0.0,0.0,Coffea arabica
GWQCNWWIXOLIAV-VIFPVBQESA-N,"Pyrocurzerenone, dihydro-",Cc1cc2occ(C)c2c2c1CC[C@H](C)C2,,Terpenoids,214.30799999999994,642.9100000000001,1,1,plants,1.0,0.0,0.0,0.0,Commiphora myrrha
QUSTYFNPKBDELJ-UHFFFAOYSA-N,2-Pentanethiol,CCCC(C)S,,Fatty acids,104.218,376.41999999999996,1,1,plants,1.0,0.0,0.0,0.0,Psidium guajava
JMKUTMOIKCXELD-UHFFFAOYSA-N,Isopropenylpyrazine,C=C(C)c1cnccn1,,Alkaloids,120.15499999999997,490.4,1,1,plants,1.0,0.0,0.0,0.0,Nicotiana tabacum
VVSAAKSQXNXBML-UHFFFAOYSA-N,"Butane-2,3-diyl diacetate",CC(=O)OC(C)C(C)OC(C)=O,,Fatty acids,174.19599999999997,498.2,1,1,plants,1.0,0.0,0.0,0.0,Citrullus lanatus
ARJWAURHQDJJAC-GQCTYLIASA-N,,C/C=C/C(=O)C(C)CC,"hazelnut, metallic, nutty",Fatty acids,126.19899999999998,440.22999999999996,1,1,plants,1.0,0.0,0.0,0.0,Corylus avellana
PPJSYGVFDJEMRP-UHFFFAOYSA-N,2-Acetyl-3-ethylpyrazine,CCc1nccnc1C(C)=O,"earthy, hazelnut, meaty, nutty, popcorn, potato, musty",Alkaloids,150.18099999999998,575.5699999999999,1,1,plants,1.0,0.0,0.0,0.0,Teucrium leucocladum
QUNOTZOHYZZWKQ-UHFFFAOYSA-N,2-ACETYL-3-METHYLPYRAZINE,CC(=O)c1nccnc1C,"cocoa, coffee, hazelnut, nutty, popcorn, roasted, vegetable, caramellic",Alkaloids,136.154,552.69,1,1,plants,1.0,0.0,0.0,0.0,Nicotiana tabacum
WQAQPCDUOCURKW-UHFFFAOYSA-N,1-Butanethiol,CCCCS,"beefy, cheesy, garlic, meaty, onion, roasted, savory, sulfurous, fatty, coffee",Fatty acids,90.19099999999999,353.98,1,0,,,,,,striped skunk
ZSKAJFSSXURRGL-PKNBQFBNSA-N,,COC(/C=C(\C)CCC=C(C)C)OC,"citrus, lemon",Terpenoids,198.30599999999998,526.6400000000001,1,0,,,,,,garlic
KANZWHBYRHQMKZ-UHFFFAOYSA-N,2-Vinylpyrazine,C=Cc1cnccn1,"burnt, green, nutty",Alkaloids,106.12799999999999,467.64,1,1,plants,1.0,0.0,0.0,0.0,Prunus mume
DBZAKQWXICEWNW-UHFFFAOYSA-N,Acetylpyrazine,CC(=O)c1cnccn1,"nutty, popcorn, musty, potato, coffee, roasted, hazelnut, chocolate",Alkaloids,122.12699999999998,524.8299999999999,1,1,plants,1.0,0.0,0.0,0.0,Polygala senega
GZXXANJCCWGCSV-UHFFFAOYSA-N,"2,3-DIETHYLPYRAZINE",CCc1nccnc1CC,"earthy, nutty, potato, roasted",Alkaloids,136.19799999999998,521.7,1,1,plants,1.0,0.0,0.0,0.0,Perilla frutescens
YPZUZOLGGMJZJO-LQKXBSAESA-N,(-)-Ambroxide,CC1(C)CCC[C@]2(C)[C@H]3CCO[C@]3(C)CC[C@@H]12,,Terpenoids,236.39899999999994,621.31,1,1,plants,1.0,0.0,0.0,0.0,Cistus creticus
BXKLSVWRSUPMBO-UHFFFAOYSA-N,"2-methoxy-3,5-dimethylpyrazine",COc1ncc(C)nc1C,,Alkaloids,138.17,526.22,1,1,bacteria,0.0,0.0,0.0,1.0,Sulfitobacter pontiacus
ZCFOBLITZWHNNC-SREVYHEPSA-N,,CCCC/C=C\C(C)=O,,Fatty acids,126.19899999999997,440.66999999999996,1,1,plants,1.0,0.0,0.0,0.0,Panax notoginseng
LSWZGOVODYFNQO-UHFFFAOYSA-N,m-Cresyl phenylacetate,Cc1cccc(OC(=O)Cc2ccccc2)c1,,Shikimates and Phenylpropanoids,226.275,659.3599999999999,1,1,plants,1.0,0.0,0.0,0.0,Dianthus caryophyllus
ROJKPKOYARNFNB-UHFFFAOYSA-N,Propyl valerate,CCCCC(=O)OCCC,,Fatty acids,144.21399999999997,440.86,1,1,animals,0.0,1.0,0.0,0.0,Homo sapiens
WXVLIIDDWFGYCV-UHFFFAOYSA-N,2-(Benzoylamino)benzoic acid,O=C(Nc1ccccc1C(=O)O)c1ccccc1,,Alkaloids,241.24599999999998,827.81,1,1,plants,1.0,0.0,0.0,0.0,Dianthus caryophyllus
BUYNWUMUDHPPDS-UHFFFAOYSA-N,2-Phenylethyl hexanoate,CCCCCC(=O)OCCc1ccccc1,,Fatty acids,220.31199999999998,604.8199999999999,1,1,plants,1.0,0.0,0.0,0.0,Nicotiana tabacum
FVKRIDSRWFEQME-UHFFFAOYSA-N,Isoamyl laurate,CCCCCCCCCCCC(=O)OCCC(C)C,,Fatty acids,270.45699999999994,646.3399999999999,1,1,plants,1.0,0.0,0.0,0.0,Vitis vinifera
PSQMUBJRXIGVIT-UHFFFAOYSA-N,Pentyl heptanoate,CCCCCCC(=O)OCCCCC,,Fatty acids,200.32199999999995,532.3799999999999,1,1,plants,1.0,0.0,0.0,0.0,Heracleum dissectum
FZWLAAWBMGSTSO-UHFFFAOYSA-N,THIAZOLE,c1cscn1,"meaty, nutty, fishy",Alkaloids,85.131,388.03999999999996,1,1,animals,0.0,1.0,0.0,0.0,Homo sapiens
BGVBGAIWXAXBLP-UHFFFAOYSA-N,"3-methylnonane-2,4-dione",CCCCCC(=O)C(C)C(C)=O,"caramellic, burnt, fruity, hay",Fatty acids,170.25199999999998,535.7,1,1,plants,1.0,0.0,0.0,0.0,Mangifera indica
NVIPUOMWGQAOIT-RQOWECAXSA-N,,O=C1CCCCC/C=C\CCCCCCCCO1,"musk, musty, animal",Fatty acids,252.39799999999988,685.71,1,1,plants,1.0,0.0,0.0,0.0,Abelmoschus moschatus
IEPWIPZLLIOZLU-ARJAWSKDSA-N,,CC/C=C\CCOC(=O)c1ccccc1O,,Shikimates and Phenylpropanoids,220.26800000000003,666.72,1,1,animals,0.0,1.0,0.0,0.0,Homo sapiens
VLUMOWNVWOXZAU-VQHVLOKHSA-N,,C/C(C=O)=C\c1ccccc1,,Shikimates and Phenylpropanoids,146.189,507.78,1,1,plants,1.0,0.0,0.0,0.0,Lanxangia tsao-ko
RJLJOXJZWMGEFD-UHFFFAOYSA-N,Ethyl 5-hexenoate,C=CCCCC(=O)OCC,,Fatty acids,142.19799999999998,437.53999999999996,1,1,plants,1.0,0.0,0.0,0.0,Vitis vinifera
DEJJNOHKWLTTKE-TWGQIWQCSA-N,,C/C=C(/C)C(=O)OCC(C)CC,,Fatty acids,170.25199999999995,490.21999999999997,1,1,plants,1.0,0.0,0.0,0.0,Chamaemelum nobile
LKGUYHHEOJFHPV-UHFFFAOYSA-N,2-pinen-5-ol,CC1=CCC2(O)CC1C2(C)C,,Terpenoids,152.237,538.28,1,1,plants,1.0,0.0,0.0,0.0,Zingiber officinale
IWTFOFMTUOBLHG-UHFFFAOYSA-N,2-METHOXYPYRIDINE,COc1ccccn1,,Alkaloids,109.12799999999999,439.68,1,1,plants,1.0,0.0,0.0,0.0,Curcuma longa
MPYGLNNTOXLWOB-UHFFFAOYSA-N,Diisoamyl disulfide,CC(C)CCSSCCC(C)C,,Fatty acids,206.42,565.0799999999999,1,0,,,,,,striped skunk
XDOGFYDZGUDBQY-UHFFFAOYSA-N,Isoamyl decanoate,CCCCCCCCCC(=O)OCCC(C)C,,Fatty acids,242.40299999999996,600.5799999999999,1,1,plants,1.0,0.0,0.0,0.0,Houttuynia cordata
LDZLXQFDGRCELX-UHFFFAOYSA-N,4-Phenyl-1-butanol,OCCCCc1ccccc1,,Polyketides,150.221,547.26,1,1,plants,1.0,0.0,0.0,0.0,Lavandula stoechas
VZWOXDYRBDIHMA-UHFFFAOYSA-N,2-Methylthiazole,Cc1nccs1,,Alkaloids,99.15799999999999,415.9,1,0,,,,,,tomato
OPMRTBDRQRSNDN-UHFFFAOYSA-N,Diethyl trisulfide,CCSSSCC,,,154.325,497.46,1,1,plants,1.0,0.0,0.0,0.0,Allium
FTBUKOLPOATXGV-UHFFFAOYSA-N,,CCCCCCCCCCCC(=O)OCCC,,Fatty acids,242.40299999999993,601.02,1,1,plants,1.0,0.0,0.0,0.0,Mangifera indica
GRLJIIJNZJVMGP-UHFFFAOYSA-N,Methyl thiobutyrate,CCCC(=O)SC,"cheesy, cocoa, fruity, milky, sweet, sulfurous, garlic, cabbage, tomato",Fatty acids,118.201,436.65,1,1,animals,0.0,1.0,0.0,0.0,Homo sapiens
LZFIOSVZIQOVFW-UHFFFAOYSA-N,,CCCOC(=O)c1ccccc1O,,Shikimates and Phenylpropanoids,180.20299999999997,593.9200000000001,1,0,,,,,,tomato
WYLYBQSHRJMURN-UHFFFAOYSA-N,2-Methoxybenzyl alcohol,COc1ccccc1CO,,Polyketides,138.166,528.9,1,1,plants,1.0,0.0,0.0,0.0,Eucalyptus melliodora
XUKSWKGOQKREON-UHFFFAOYSA-N,"1,4-Diacetoxybutane",CC(=O)OCCCCOC(C)=O,,Fatty acids,174.196,499.08,1,1,plants,1.0,0.0,0.0,0.0,Vitis vinifera
SGHJUJBYMSVAJY-UHFFFAOYSA-N,Pentyl isothiocyanate,CCCCCN=C=S,,Fatty acids,129.228,414.04999999999995,1,1,plants,1.0,0.0,0.0,0.0,Eruca sativa
SMCDNXLLJDMHQF-UHFFFAOYSA-N,2-Methylallyl isobutyrate,C=C(C)COC(=O)C(C)C,,Fatty acids,142.19799999999998,436.98,1,1,plants,1.0,0.0,0.0,0.0,Chamaemelum fuscatum
UIZVMOZAXAMASY-UHFFFAOYSA-N,5-Hexen-1-ol,C=CCCCCO,,Fatty acids,100.16099999999999,425.74,1,1,plants,1.0,0.0,0.0,0.0,Thymus vulgaris
GIFWAJGKWIDXMY-UHFFFAOYSA-N,2-n-Octylthiophene,CCCCCCCCc1cccs1,,,196.35900000000004,545.24,1,1,animals,0.0,1.0,0.0,0.0,Lucensosergia lucens
LVHDNIMNOMRZMF-UHFFFAOYSA-N,4-Penten-1-yl acetate,C=CCCCOC(C)=O,,Fatty acids,128.171,414.65999999999997,1,1,plants,1.0,0.0,0.0,0.0,Vitis vinifera
SBASXUCJHJRPEV-UHFFFAOYSA-N,,COCCOCCO,,,120.148,451.02,1,0,,,,,,tomato
RLGQACBPNDBWTB-UHFFFAOYSA-N,cetrimonium,CCCCCCCCCCCCCCCC[N+](C)(C)C,,Fatty acids,284.55199999999996,635.72,1,1,bacteria,0.0,0.0,0.0,1.0,Streptomyces mobaraensis
PXWNBAGCFUDYBE-UHFFFAOYSA-N,PHENETHYL ANTHRANILATE,Nc1ccccc1C(=O)OCCc1ccccc1,,Alkaloids,241.29,731.8900000000001,1,1,plants,1.0,0.0,0.0,0.0,Murraya paniculata
KCXVZYZYPLLWCC-UHFFFAOYSA-L,Ethylenediaminetetraacetic acid (disodium dihydrate),O=C([O-])CN(CCN(CC(=O)[O-])CC(=O)O)CC(=O)O,,Amino acids and Peptides,290.228,850.6400000000001,1,1,animals,0.0,1.0,0.0,0.0,Ovis aries
ULIAPOFMBCCSPE-UHFFFAOYSA-N,7-Tridecanone,CCCCCCC(=O)CCCCCC,,Fatty acids,198.34999999999994,550.91,1,1,plants,1.0,0.0,0.0,0.0,Schisandra chinensis
JYYNAJVZFGKDEQ-UHFFFAOYSA-N,"2,4-Lutidine",Cc1ccnc(C)c1,,Alkaloids,107.15599999999999,445.12,1,1,plants,1.0,0.0,0.0,0.0,Nicotiana tabacum
QMHIMXFNBOYPND-UHFFFAOYSA-N,4-METHYLTHIAZOLE,Cc1cscn1,,Alkaloids,99.158,415.9,1,1,animals,0.0,1.0,0.0,0.0,Homo sapiens
AWNIQMQADACLCJ-CMDGGOBGSA-N,,CCCCC/C=C/CCC(=O)OCC,,Fatty acids,198.30599999999995,536.54,1,1,plants,1.0,0.0,0.0,0.0,Hippophae rhamnoides
CWKLZLBVOJRSOM-UHFFFAOYSA-N,METHYL PYRUVATE,COC(=O)C(C)=O,,Fatty acids,102.089,403.21,1,1,plants,1.0,0.0,0.0,0.0,Peristeria elata
BAYAKMPRFGNNFW-UHFFFAOYSA-N,"2,4-DIMETHYL-3-PENTANOL",CC(C)C(O)C(C)C,,Fatty acids,116.20399999999998,450.62,1,1,plants,1.0,0.0,0.0,0.0,Pterocarpus indicus
UTBVIMLZIRIFFR-UHFFFAOYSA-N,2-(Methylthio)benzothiazole,CSc1nc2ccccc2s1,,Alkaloids,181.285,600.1600000000001,1,1,plants,1.0,0.0,0.0,0.0,Cichorium endivia
JKRWZLOCPLZZEI-UHFFFAOYSA-N,"2,2,2-Trichloro-1-phenylethyl acetate",CC(=O)OC(c1ccccc1)C(Cl)(Cl)Cl,,Shikimates and Phenylpropanoids,267.539,621.9200000000001,1,1,animals,0.0,1.0,0.0,0.0,Homo sapiens
XESZUVZBAMCAEJ-UHFFFAOYSA-N,4-tert-Butylcatechol,CC(C)(C)c1ccc(O)c(O)c1,,Shikimates and Phenylpropanoids,166.21999999999997,613.09,1,1,plants,1.0,0.0,0.0,0.0,Mangifera indica
TVDSBUOJIPERQY-UHFFFAOYSA-N,PROPARGYL ALCOHOL,C#CCO,,Fatty acids,56.064,350.53999999999996,1,1,plants,1.0,0.0,0.0,0.0,Foeniculum vulgare
RUOJZAUFBMNUDX-UHFFFAOYSA-N,,CC1COC(=O)O1,,,102.08899999999998,270.71,1,0,,,,,,tomato
AZUXKVXMJOIAOF-UHFFFAOYSA-N,"1,1'-OXYDI-2-PROPANOL",CC(O)COCC(C)O,,Fatty acids,134.175,542.78,1,1,plants,1.0,0.0,0.0,0.0,Nicotiana tabacum
LMBAOEUOOJDUBP-YTXTXJHMSA-N,,CCC/C=C/C=C/CO,,Fatty acids,126.19899999999997,483.14,1,1,plants,1.0,0.0,0.0,0.0,Abrus precatorius
AMZORBZSQRUXNC-UHFFFAOYSA-N,o-Tolyl acetate,CC(=O)Oc1ccccc1C,,,150.17699999999996,495.4,1,1,plants,1.0,0.0,0.0,0.0,Humulus lupulus
FMDLEUPBHMCPQV-GQCTYLIASA-N,,C/C=C/C(=O)CCCC,,Fatty acids,126.199,440.66999999999996,1,1,plants,1.0,0.0,0.0,0.0,Commiphora quadricincta
ZARFDQHJMNVNLE-UITAMQMPSA-N,,C/C=C(/C)C(=O)OCCC(C)C,,Fatty acids,170.25199999999998,490.21999999999997,1,1,plants,1.0,0.0,0.0,0.0,Chamaemelum nobile
SSPBQLGVUAXSMH-AATRIKPKSA-N,,CCC/C=C/CCC(=O)OC,,Fatty acids,156.225,467.90000000000003,1,1,plants,1.0,0.0,0.0,0.0,Ananas comosus
MDRZSADXFOPYOC-VNKDHWASSA-N,,CC/C=C/C=C/CO,,Fatty acids,112.17199999999998,460.26,1,1,plants,1.0,0.0,0.0,0.0,Centipeda minima
XDEGQMQKHFPBEW-YVMONPNESA-N,,C/C=C(/C)C(=O)OCC(C)C,,Fatty acids,156.22499999999997,467.34,1,1,plants,1.0,0.0,0.0,0.0,Chamaemelum nobile
FLSKWIBFXUNBAW-JXMROGBWSA-N,,CCCCC(=O)OC/C=C/c1ccccc1,,Shikimates and Phenylpropanoids,218.29600000000002,608.98,1,1,plants,1.0,0.0,0.0,0.0,Bupleurum fruticosum
AWNIQMQADACLCJ-HJWRWDBZSA-N,,CCCCC/C=C\CCC(=O)OCC,,Fatty acids,198.30599999999995,536.54,1,1,plants,1.0,0.0,0.0,0.0,Hippophae rhamnoides
GNJARWZWODMTDR-ZHACJKMWSA-N,,CCCCCCC/C=C/C(=O)OCC,,Fatty acids,198.30599999999995,536.54,1,1,plants,1.0,0.0,0.0,0.0,Vitis vinifera
VUNFOJWKJSYIDH-VOTSOKGWSA-N,,CCCCC/C=C/CCCO,,Fatty acids,156.26899999999998,524.74,1,1,plants,1.0,0.0,0.0,0.0,Echium italicum
IEPWIPZLLIOZLU-ONEGZZNKSA-N,,CC/C=C/CCOC(=O)c1ccccc1O,,Shikimates and Phenylpropanoids,220.26800000000003,666.72,1,1,plants,1.0,0.0,0.0,0.0,Mangifera indica
XJWDRSSGOHXOLQ-UITAMQMPSA-N,,C/C=C(/C)C(=O)OCCCCC,,Fatty acids,170.25199999999995,490.66,1,1,plants,1.0,0.0,0.0,0.0,Chamaemelum nobile
XJWDRSSGOHXOLQ-WEVVVXLNSA-N,,C/C=C(\C)C(=O)OCCCCC,,Fatty acids,170.25199999999995,490.66,1,1,plants,1.0,0.0,0.0,0.0,Heracleum dissectum
MTQPZHNZYWAXEH-JXMROGBWSA-N,,CCCC/C=C1/OC(=O)C(C)=C1C,,Polyketides,180.24699999999996,536.6700000000001,1,1,plants,1.0,0.0,0.0,0.0,Mentha X piperita
JNWQKXUWZWKUAY-BAGHCZIJSA-N,,C/C=C(/C)C(=O)OCC/C=C/CC,,Fatty acids,182.26299999999998,517.7,1,1,plants,1.0,0.0,0.0,0.0,Lonicera japonica
XXHDAWYDNSXJQM-ARJAWSKDSA-N,,CC/C=C\CC(=O)O,,Fatty acids,114.14399999999999,486.55,1,1,plants,1.0,0.0,0.0,0.0,Psidium guajava
NCPTYZLUYHXITE-QHHAFSJGSA-N,,C/C=C/C(=O)OCc1ccccc1,,Shikimates and Phenylpropanoids,176.215,540.3399999999999,1,1,plants,1.0,0.0,0.0,0.0,Carica papaya
ILPBINAXDRFYPL-HYXAFXHYSA-N,,C/C=C\CCCCC,,Fatty acids,112.21600000000001,386.8,1,1,animals,0.0,1.0,0.0,0.0,Homo sapiens
IRUCBBFNLDIMIK-BQYQJAHWSA-N,,CCC/C=C/CCC,,Fatty acids,112.216,386.8,1,1,animals,0.0,1.0,0.0,0.0,Kobus ellipsiprymnus
JCCIFDCPHCKATH-UHFFFAOYSA-N,tert-Amyl acetate,CCC(C)(C)OC(C)=O,,Fatty acids,130.18699999999998,414.75,1,0,,,,,,tomato
RMOUBSOVHSONPZ-UHFFFAOYSA-N,ISOPROPYL FORMATE,CC(C)OC=O,,Fatty acids,88.106,267.09999999999997,1,1,plants,1.0,0.0,0.0,0.0,Coffea arabica
ZVHAANQOQZVVFD-UHFFFAOYSA-N,5-METHYL-1-HEXANOL,CC(C)CCCCO,,Fatty acids,116.204,451.5,1,1,plants,1.0,0.0,0.0,0.0,Thlaspi arvense
WCXXISMIJBRDQK-UHFFFAOYSA-N,Butyl methyl sulfide,CCCCSC,,Fatty acids,104.21799999999999,382.78,1,1,plants,1.0,0.0,0.0,0.0,Rosa canina
OILAIQUEIWYQPH-UHFFFAOYSA-N,,O=C1CCCCC1=O,,Shikimates and Phenylpropanoids,112.128,496.73999999999995,1,1,plants,1.0,0.0,0.0,0.0,Nicotiana tabacum
YFNONBGXNFCTMM-UHFFFAOYSA-N,Butoxybenzene,CCCCOc1ccccc1,,Shikimates and Phenylpropanoids,150.22099999999998,477.5,1,1,plants,1.0,0.0,0.0,0.0,Cichorium endivia
QUAMMXIRDIIGDJ-UHFFFAOYSA-N,4-METHYL-5-VINYLTHIAZOLE,C=Cc1scnc1C,,Alkaloids,125.19599999999998,463.32,1,1,plants,1.0,0.0,0.0,0.0,Allium sativum
VBTAKMZSMFMLGT-UHFFFAOYSA-N,3-Phenylpropyl isobutyrate,CC(C)C(=O)OCCCc1ccccc1,,Fatty acids,206.285,581.5,1,1,plants,1.0,0.0,0.0,0.0,Chamaemelum nobile
HQQPOVNESMNPNH-UHFFFAOYSA-N,3-[4-(propan-2-yl)phenyl]butanal,CC(C)c1ccc(C(C)CC=O)cc1,,Terpenoids,190.28599999999997,576.48,1,1,plants,1.0,0.0,0.0,0.0,Foeniculum vulgare
WRUZCQAJIHSQPL-SREVYHEPSA-N,,CCC/C=C\CCC(=O)OCC,,Fatty acids,170.25199999999998,490.78000000000003,1,1,plants,1.0,0.0,0.0,0.0,Cephalotaxus fortunei
OZQBPZSICOOLGU-PLNGDYQASA-N,,CCC/C=C\CCCO,,Fatty acids,128.215,478.97999999999996,1,1,plants,1.0,0.0,0.0,0.0,Acorus tatarinowii
RADIRXJQODWKGQ-HWKANZROSA-N,,C/C=C/c1ccc(OCC)c(O)c1,,Shikimates and Phenylpropanoids,178.231,590.14,1,1,plants,1.0,0.0,0.0,0.0,Citrus limon
VPYJHNADOJDSGU-VAWYXSNFSA-N,,CCCCCCCCCC/C=C/CO,,Fatty acids,198.35,593.38,1,1,plants,1.0,0.0,0.0,0.0,Houttuynia cordata
VTIODUHBZHNXFP-IHWYPQMZSA-N,,C/C=C\CCCO,,Fatty acids,100.161,433.21999999999997,1,1,plants,1.0,0.0,0.0,0.0,Passiflora edulis
ONKUXPIBXRRIDU-UHFFFAOYSA-N,DIETHYL SEBACATE,CCOC(=O)CCCCCCCCC(=O)OCC,,Fatty acids,258.3579999999999,636.3599999999999,1,1,plants,1.0,0.0,0.0,0.0,Cistanche deserticola
XKYICAQFSCFURC-UHFFFAOYSA-N,Isopentyl formate,CC(C)CCOC=O,,Fatty acids,116.15999999999998,312.85999999999996,1,1,plants,1.0,0.0,0.0,0.0,Plectranthus glabratus
VYHVQEYOFIYNJP-UHFFFAOYSA-N,METHYL THIOCYANATE,CSC#N,,Fatty acids,73.12,416.22,1,1,plants,1.0,0.0,0.0,0.0,Carica papaya
NDVWOBYBJYUSMF-UHFFFAOYSA-N,,CC1CCCCC1O,,Fatty acids,114.18799999999999,466.82,1,0,,,,,,tomato
IXYLIUKQQQXXON-UHFFFAOYSA-N,"4,6-Dimethyl-2H-pyran-2-one",Cc1cc(C)oc(=O)c1,,Polyketides,124.13899999999998,441.94,1,1,plants,1.0,0.0,0.0,0.0,Ficus carica
OGRAOKJKVGDSFR-UHFFFAOYSA-N,"2,3,5-TRIMETHYLPHENOL",Cc1cc(C)c(C)c(O)c1,,,136.194,522.78,1,0,,,,,,tomato
CSACPVARWHDAET-UHFFFAOYSA-N,76788-46-0,CCC1N=C(C)C(C)S1,,,143.25499999999997,476.04,1,1,plants,1.0,0.0,0.0,0.0,Allium cepa
NUBWFSDCZULDCI-BLHCBFLLSA-N,,CCCCC/C=C/C=C/CO,,Fatty acids,154.25299999999996,528.9,1,1,plants,1.0,0.0,0.0,0.0,Artemisia annua
IYMKNYVCXUEFJE-SNAWJCMRSA-N,,CC(=O)/C=C/C(C)C,,Fatty acids,112.17199999999998,417.34999999999997,1,1,plants,1.0,0.0,0.0,0.0,Cryptomeria japonica
JRPDANVNRUIUAB-CMDGGOBGSA-N,,CCCCCC/C=C/C(C)=O,,Fatty acids,154.253,486.43,1,1,plants,1.0,0.0,0.0,0.0,Magnolia liliiflora
GYGAZRPDUOHMAF-KHPPLWFESA-N,,CCCCCCCC/C=C\CCCCCCCCOC(C)=O,,Fatty acids,310.522,719.5799999999999,1,1,animals,0.0,1.0,0.0,0.0,Bombus muscorum
LPEYLSKLVYWOEQ-VMPITWQZSA-N,,C/C=C(\C)C1CCC(C)(C)O1,,Terpenoids,154.253,470.24,1,1,plants,1.0,0.0,0.0,0.0,Citrus Aurantifolia
AISZSTYLOVXFII-CMDGGOBGSA-N,,CCCCC/C=C/C(=O)OCC,,Fatty acids,170.25199999999995,490.78000000000003,1,1,plants,1.0,0.0,0.0,0.0,Carica papaya
GFUGBRNILVVWIE-AATRIKPKSA-N,,CCC/C=C/C(=O)OC,,Fatty acids,128.17099999999996,422.14,1,1,plants,1.0,0.0,0.0,0.0,Carica papaya
HBRWKAJTMKFEQR-UHFFFAOYSA-N,alpha-Campholene acetate,CC(=O)OCCC1CC=C(C)C1(C)C,,Terpenoids,196.29,547.3699999999999,1,1,plants,1.0,0.0,0.0,0.0,Psidium friedrichsthalianum
LOUPRKONTZGTKE-VOMFEXJBSA-N,Quininae,C=C[C@H]1CN2CCC1C[C@H]2[C@H](O)c1ccnc2ccc(OC)cc12,,Alkaloids,324.4240000000001,902.8799999999999,1,1,plants,1.0,0.0,0.0,0.0,Cinchona calisaya
PGERSOCMRDCWLK-UHFFFAOYSA-N,51605-49-3,Cc1coc2c1CC(C)CC2,,Terpenoids,150.22099999999998,499.57,1,1,plants,1.0,0.0,0.0,0.0,Mentha pulegium
LJOISVFAMDWVFA-UHFFFAOYSA-N,6-Hydroxydihydrotheaspirane,CC1CCC2(O1)C(C)(C)CCCC2(C)O,,Terpenoids,212.33299999999994,638.1099999999999,1,1,plants,1.0,0.0,0.0,0.0,Camellia sinensis
ZJVAWPKTWVFKHG-UHFFFAOYSA-N,4'-Methoxypropiophenone,CCC(=O)c1ccc(OC)cc1,,Shikimates and Phenylpropanoids,164.20399999999998,536.3499999999999,1,1,plants,1.0,0.0,0.0,0.0,Foeniculum vulgare
MPWGZBWDLMDIHO-UHFFFAOYSA-N,3-n-Propylphenol,CCCc1cccc(O)c1,,,136.19399999999996,512.8199999999999,1,1,animals,0.0,1.0,0.0,0.0,Bos indicus
HZFQGYWRFABYSR-UHFFFAOYSA-N,1-Methoxycyclohexene,COC1=CCCCC1,,,112.17200000000001,410.53999999999996,1,1,plants,1.0,0.0,0.0,0.0,Foeniculum vulgare
OLLPXZHNCXACMM-CMDGGOBGSA-N,,CCCOC(=O)/C=C/c1ccccc1,,Shikimates and Phenylpropanoids,190.242,563.22,1,1,plants,1.0,0.0,0.0,0.0,Artemisia salsoloides
CRHITZQXHNFRAZ-FPLPWBNLSA-N,,CCCCC/C=C\CCC(=O)OC,,Fatty acids,184.27899999999997,513.6600000000001,1,1,plants,1.0,0.0,0.0,0.0,Humulus lupulus
RBGFLIOXJWFKKX-VMPITWQZSA-N,,C/C=C(\C)C(=O)OCCCC,,Fatty acids,156.22499999999997,467.78000000000003,1,1,plants,1.0,0.0,0.0,0.0,Heracleum dissectum
ZBDAMDWKXGTKBT-UHFFFAOYSA-N,Ethyl cyclohexylacetate,CCOC(=O)CC1CCCCC1,,Fatty acids,170.25199999999995,506.17,1,1,plants,1.0,0.0,0.0,0.0,Kaempferia galanga
CARJCVDELAMAEJ-UHFFFAOYSA-N,"2-Methyl-1,3-dithiolane",CC1SCCS1,,Alkaloids,120.24199999999999,402.06,1,1,plants,1.0,0.0,0.0,0.0,Psidium friedrichsthalianum
MFPZQZZWAMAHOY-UHFFFAOYSA-N,2-Propionylthiophene,CCC(=O)c1cccs1,,,140.20699999999997,484.71,1,1,plants,1.0,0.0,0.0,0.0,Coffea arabica
GHKOFFNLGXMVNJ-UHFFFAOYSA-N,DILAURYL THIODIPROPIONATE,CCCCCCCCCCCCOC(=O)CCSCCC(=O)OCCCCCCCCCCCC,,Fatty acids,514.8570000000005,1071.22,1,1,plants,1.0,0.0,0.0,0.0,Amaranthus viridis
YAIMUUJMEBJXAA-UHFFFAOYSA-N,2-ISOBUTYLPYRAZINE,CC(C)Cc1cnccn1,,Alkaloids,136.19799999999998,516.28,1,1,plants,1.0,0.0,0.0,0.0,Coffea arabica
MGIXHQSSTZKVOO-UHFFFAOYSA-N,EGOMAKETONE,CC(C)=CCC(=O)c1ccoc1,,Terpenoids,164.204,536.51,1,1,plants,1.0,0.0,0.0,0.0,Perilla frutescens var. crispa
GCORITRBZMICMI-CMDGGOBGSA-N,,CCCCCCC/C=C/CCC(=O)O,,Fatty acids,198.30599999999995,623.8299999999999,1,1,plants,1.0,0.0,0.0,0.0,Aucklandia lappa
VVGOCOMZRGWHPI-ONEGZZNKSA-N,,CC/C=C/CCC=O,,Fatty acids,112.172,412.58,1,1,plants,1.0,0.0,0.0,0.0,Senna alexandrina
WHOZNOZYMBRCBL-OUKQBFOZSA-N,,CCCCCCCCCCC/C=C/C=O,,Fatty acids,210.361,572.74,1,1,plants,1.0,0.0,0.0,0.0,Pelargonium endlicherianum
ADLXTJMPCFOTOO-BQYQJAHWSA-N,,CCCCCC/C=C/C(=O)O,,Fatty acids,156.225,555.19,1,1,plants,1.0,0.0,0.0,0.0,Bupleurum chinense
ASFYPVGAALGVNR-AATRIKPKSA-N,,CCCC/C=C/CO,,Fatty acids,114.18799999999997,456.09999999999997,1,1,plants,1.0,0.0,0.0,0.0,Camellia sinensis
SDZQUCJFTUULJX-SNAWJCMRSA-N,,CCC/C=C/CCO,,Fatty acids,114.18799999999999,456.09999999999997,1,1,plants,1.0,0.0,0.0,0.0,Camellia sinensis
PQDRXUSSKFWCFA-SOFGYWHQSA-N,,C=C(C)/C=C/C(CCC(C)=O)C(C)C,,Terpenoids,194.31799999999998,550.75,1,1,plants,1.0,0.0,0.0,0.0,Nicotiana tabacum
DYIDDAHHUMHEEQ-VURMDHGXSA-N,(Z)-3-Hexenyl octanoate,CC/C=C\CCOC(=O)CCCCCCC,,Fatty acids,226.35999999999993,582.3,1,1,plants,1.0,0.0,0.0,0.0,Psidium friedrichsthalianum
IJMWOMHMDSDKGK-UHFFFAOYSA-N,ISOPROPYL PROPIONATE,CCC(=O)OC(C)C,,Fatty acids,116.15999999999998,394.65999999999997,1,1,animals,0.0,1.0,0.0,0.0,Homo sapiens
DIQMPQMYFZXDAX-UHFFFAOYSA-N,Pentyl formate,CCCCCOC=O,,Fatty acids,116.15999999999998,313.29999999999995,1,0,,,,,,tomato
AZFUASHXSOTBNU-UHFFFAOYSA-N,PROPYL ISOBUTYRATE,CCCOC(=O)C(C)C,,Fatty acids,130.18699999999995,417.53999999999996,1,1,animals,0.0,1.0,0.0,0.0,Homo sapiens
UZLQSPYGTUMKGS-UHFFFAOYSA-N,"2,3-Dimethyl-2-cyclopenten-1-one",CC1=C(C)C(=O)CC1,,Terpenoids,110.15599999999999,456.65,1,1,plants,1.0,0.0,0.0,0.0,Mangifera indica
LFWLUDLUCDRDAF-UHFFFAOYSA-N,5-Methyl-1H-pyrrole-2-carbaldehyde,Cc1ccc(C=O)[nH]1,,Alkaloids,109.128,390.08,1,0,,,,,,liquorice
BTBFUBUCCJKJOZ-UHFFFAOYSA-N,1-FURFURYLPYRROLE,c1coc(Cn2cccc2)c1,,,147.177,482.16,1,1,plants,1.0,0.0,0.0,0.0,Santalum album
LHGWJCBYBIICPP-UHFFFAOYSA-N,2-Oxobutyl acetate,CCC(=O)COC(C)=O,,Fatty acids,130.143,448.96999999999997,1,1,plants,1.0,0.0,0.0,0.0,Coffea arabica
BZLVMXJERCGZMT-UHFFFAOYSA-N,tert-Butyl methyl ether,COC(C)(C)C,,,88.14999999999999,333.19,1,1,plants,1.0,0.0,0.0,0.0,Vitis vinifera
FAGYGFPZNTYLAO-UHFFFAOYSA-N,22418-66-2,C=C(C=O)C(C)CCC=C(C)C,,Terpenoids,166.26399999999998,500.1,1,1,plants,1.0,0.0,0.0,0.0,Camellia sinensis
VCOCESNMLNDPLX-UHFFFAOYSA-N,23787-90-8,CC1(C)C2CCC3(C2)C1C(=O)CCC3(C)C,,Terpenoids,220.35599999999997,630.76,1,1,plants,1.0,0.0,0.0,0.0,Artemisia annua
BHNHHSOHWZKFOX-UHFFFAOYSA-N,2-METHYLINDOLE,Cc1cc2ccccc2[nH]1,,Alkaloids,131.17799999999997,501.28000000000003,1,1,bacteria,0.0,0.0,0.0,1.0,Streptomyces VITBRK
NKTOLZVEWDHZMU-UHFFFAOYSA-N,"2,5-DIMETHYLPHENOL",Cc1ccc(C)c(O)c1,,Terpenoids,122.16699999999999,494.92,1,0,,,,,,Pericarpium arecae
SUPCQIBBMFXVTL-UHFFFAOYSA-N,Ethyl methacrylate,C=C(C)C(=O)OCC,,Fatty acids,114.14399999999998,391.65999999999997,1,1,plants,1.0,0.0,0.0,0.0,Mangifera indica
RUMACXVDVNRZJZ-UHFFFAOYSA-N,Isobutyl methacrylate,C=C(C)C(=O)OCC(C)C,,Fatty acids,142.19799999999998,436.98,1,1,plants,1.0,0.0,0.0,0.0,Chamaemelum nobile
SOGAXMICEFXMKE-UHFFFAOYSA-N,BUTYL METHACRYLATE,C=C(C)C(=O)OCCCC,,Fatty acids,142.19799999999998,437.41999999999996,1,1,plants,1.0,0.0,0.0,0.0,Mosla chinensis
JFDZBHWFFUWGJE-UHFFFAOYSA-N,BENZONITRILE,N#Cc1ccccc1,,Shikimates and Phenylpropanoids,103.12399999999997,488.52,1,1,plants,1.0,0.0,0.0,0.0,Arctostaphylos uva-ursi
VJHGSLHHMIELQD-UHFFFAOYSA-N,"1,8-Nonadiene",C=CCCCCCC=C,,Fatty acids,124.22699999999999,398.88,1,1,plants,1.0,0.0,0.0,0.0,Oryza sativa
VUHMHACHBVTPMF-UHFFFAOYSA-N,Nonyl benzoate,CCCCCCCCCOC(=O)c1ccccc1,,Shikimates and Phenylpropanoids,248.366,650.5799999999999,1,1,plants,1.0,0.0,0.0,0.0,Buddleja crispa
WOPKYMRPOKFYNI-UHFFFAOYSA-N,2-Hydroxycyclopent-2-en-1-one,O=C1CCC=C1O,,Shikimates and Phenylpropanoids,98.10099999999998,498.09,1,1,plants,1.0,0.0,0.0,0.0,Cerbera manghas
IRICXAFZMINCTB-UHFFFAOYSA-N,2-Prop-1-enyl-p-cymene,CC=Cc1cc(C(C)C)ccc1C,,Terpenoids,174.28699999999998,537.4,1,1,animals,0.0,1.0,0.0,0.0,Homo sapiens
NBSLHMOSERBUOV-UHFFFAOYSA-N,4-Undecanone,CCCCCCCC(=O)CCC,,Fatty acids,170.29599999999996,505.15,1,1,plants,1.0,0.0,0.0,0.0,Capillipedium parviflorum
IRSIKJPEFMMRHD-UHFFFAOYSA-N,2-Butyl-3-methylpyrazine,CCCCc1nccnc1C,,Alkaloids,150.225,544.5799999999999,1,1,plants,1.0,0.0,0.0,0.0,Perilla frutescens
GIHNOWFSKYCHNL-UHFFFAOYSA-N,Terpinyl valerate,CCCCC(=O)OC(C)(C)C1CC=C(C)CC1,,Terpenoids,238.37099999999992,621.48,1,1,plants,1.0,0.0,0.0,0.0,Eucalyptus microcorys
IUDWWFNDSJRYRV-UHFFFAOYSA-N,"3,7-Dimethyl-1-octen-3-ol",C=CC(C)(O)CCCC(C)C,,Terpenoids,156.26899999999998,513.5899999999999,1,1,plants,1.0,0.0,0.0,0.0,Lycopus lucidus
HMKKIXGYKWDQSV-KAMYIIQDSA-N,,CCCCC/C(C=O)=C/c1ccccc1,,Shikimates and Phenylpropanoids,202.297,599.3,1,1,animals,0.0,1.0,0.0,0.0,Homo sapiens
YGBXXWTZWLALGR-UHFFFAOYSA-N,"2,3-Dimethylbenzofuran",Cc1oc2ccccc2c1C,,Shikimates and Phenylpropanoids,146.18899999999996,507.54,1,0,,,,,,parsley
VIVJHDGDCOQORO-UHFFFAOYSA-N,3-(Methylthio)hexanal,CCCC(CC=O)SC,,Fatty acids,146.255,476.75999999999993,1,1,plants,1.0,0.0,0.0,0.0,Prunus persica
NXBIDOXPIIWDMX-UHFFFAOYSA-N,3-Methylbutyl hexadecanoate,CCCCCCCCCCCCCCCC(=O)OCCC(C)C,,Fatty acids,326.56500000000005,737.8599999999999,1,1,plants,1.0,0.0,0.0,0.0,Mangifera indica
QQVQBUXUAZCLLZ-UHFFFAOYSA-N,Isopropyl 3-methyl-2-butenoate,CC(C)=CC(=O)OC(C)C,,Fatty acids,142.19799999999998,444.4599999999999,1,1,plants,1.0,0.0,0.0,0.0,Artemisia capillaris
NQMUGNMMFTYOHK-UHFFFAOYSA-N,1-METHOXYNAPHTHALENE,COc1cccc2ccccc12,,Polyketides,158.2,524.34,1,1,plants,1.0,0.0,0.0,0.0,Engelhardia roxburghiana
BGYICJVBGZQOCY-UHFFFAOYSA-N,HEPTYL PROPIONATE,CCCCCCCOC(=O)CC,,Fatty acids,172.26799999999997,486.61999999999995,1,1,plants,1.0,0.0,0.0,0.0,Humulus lupulus
RNPXCFINMKSQPQ-UHFFFAOYSA-N,Dihexadecyl hydrogen phosphate,CCCCCCCCCCCCCCCCOP(=O)(O)OCCCCCCCCCCCCCCCC,,Fatty acids,546.8580000000004,1058.98,1,1,plants,1.0,0.0,0.0,0.0,Lygodium japonicum
YURNCBVQZBJDAJ-AATRIKPKSA-N,,CCCC/C=C/C(=O)O,,Fatty acids,128.17099999999996,509.43,1,1,plants,1.0,0.0,0.0,0.0,Astragalus complanatus
IWPOSDLLFZKGOW-AATRIKPKSA-N,,CCCC/C=C/CC(=O)O,,Fatty acids,142.19799999999998,532.31,1,1,plants,1.0,0.0,0.0,0.0,Cinnamomum camphora
OUWSNHWQZPEFEX-UHFFFAOYSA-N,DIETHYL GLUTARATE,CCOC(=O)CCCC(=O)OCC,,Fatty acids,188.22299999999998,521.96,1,1,plants,1.0,0.0,0.0,0.0,Vitis vinifera
LGICWIVABSMSDK-UHFFFAOYSA-N,"1,1,3-Triethoxypropane",CCOCCC(OCC)OCC,,Fatty acids,176.25599999999997,472.34,1,1,plants,1.0,0.0,0.0,0.0,Abrus precatorius
MEIRRNXMZYDVDW-MQQKCMAXSA-N,,C/C=C/C=C/CO,,Fatty acids,98.145,437.38,1,0,,,,,,soybean
KCMITHMNVLRGJU-CMDGGOBGSA-N,,C=CCOC(=O)/C=C/c1ccccc1,,Shikimates and Phenylpropanoids,188.226,559.9000000000001,1,1,plants,1.0,0.0,0.0,0.0,Styrax benzoin
WRRZKDVBPZBNJN-ONEGZZNKSA-N,,COc1ccc(/C=C/C(C)=O)cc1,,Shikimates and Phenylpropanoids,176.21499999999997,563.39,1,1,plants,1.0,0.0,0.0,0.0,Thalictrum delavayi
IRAQOCYXUMOFCW-ABHRYQDASA-N,2-Epi-alpha-cedrene,CC1=CC[C@@]23C[C@@H]1C(C)(C)[C@@H]2CC[C@@H]3C,,Terpenoids,204.35699999999997,566.8399999999999,1,1,bacteria,0.0,0.0,0.0,1.0,Streptomyces coelicolor
DKIDEFUBRARXTE-UHFFFAOYSA-N,3-MERCAPTOPROPIONIC ACID,O=C(O)CCS,,,106.146,476.60999999999996,1,1,,0.0,0.0,0.0,0.0,Thalassiosira pseudonana
HBNHCGDYYBMKJN-UHFFFAOYSA-N,Dihydroterpinyl acetate,CC(=O)OC(C)(C)C1CCC(C)CC1,,Terpenoids,198.30599999999995,544.03,1,1,plants,1.0,0.0,0.0,0.0,Elettaria cardamomum
GGHMUJBZYLPWFD-DUNKBJDJSA-N,"(6S,8S)-2,2,6,8-tetramethyltricyclo[5.3.1.0^{3,8}]undecan-3-ol",C[C@H]1CCC2(O)C(C)(C)C3CC[C@@]2(C)C1C3,,Terpenoids,222.37199999999996,650.4499999999999,1,0,,,,,,Heterotropa
FSUXYWPILZJGCC-NSCUHMNNSA-N,,C/C=C/CCO,,Fatty acids,86.134,410.34,1,1,plants,1.0,0.0,0.0,0.0,Opuntia ficus-indica
SXMUYNHMPAZLEB-UHFFFAOYSA-N,Nonyl 2-methylpropanoate,CCCCCCCCCOC(=O)C(C)C,,Fatty acids,214.349,554.8199999999999,1,1,plants,1.0,0.0,0.0,0.0,Nerium oleander
KZDFOVZPOBSHDH-UHFFFAOYSA-N,Isobutyraldehyde Diethyl Acetal,CCOC(OCC)C(C)C,,Fatty acids,146.23,426.59999999999997,1,1,plants,1.0,0.0,0.0,0.0,Carica papaya
HRAOWRVFLSYJKN-UHFFFAOYSA-N,25343-57-1,CC(=O)C1=CCCCN1,,,125.17099999999999,490.53999999999996,1,1,plants,1.0,0.0,0.0,0.0,Nicotiana tabacum
ABUPWXCYFWRZKL-UHFFFAOYSA-N,Methyl butyl disulfide,CCCCSSC,,Fatty acids,136.285,451.56,1,1,plants,1.0,0.0,0.0,0.0,Azadirachta indica
OSIGJGFTADMDOB-UHFFFAOYSA-N,3-Methylanisole,COc1cccc(C)c1,,,122.16699999999997,436.71999999999997,1,1,fungi,0.0,0.0,1.0,0.0,Aspergillus candidus
QWBQBUWZZBUFHN-UHFFFAOYSA-N,Isoamyl phenylacetate,CC(C)CCOC(=O)Cc1ccccc1,,Fatty acids,206.285,581.5,1,1,plants,1.0,0.0,0.0,0.0,Mentha X piperita
LCYXQUJDODZYIJ-ZQTLJVIJSA-N,,C=C1C(O)C[C@@H]2C[C@H]1C2(C)C,,Terpenoids,152.237,528.39,1,1,plants,1.0,0.0,0.0,0.0,Chrysanthemum indicum
PUKWIVZFEZFVAT-UHFFFAOYSA-N,"2,2,5-Trimethyl-5-pentylcyclopentanone",CCCCCC1(C)CCC(C)(C)C1=O,,Terpenoids,196.33399999999997,575.95,1,1,plants,1.0,0.0,0.0,0.0,Pelargonium tomentosum
RGVQNSFGUOIKFF-UHFFFAOYSA-N,5413-60-5,CC(=O)OC1CC2CC1C1CC=CC21,,Terpenoids,192.258,546.69,1,0,,,,,,tomato
UDPCCAUIDDVTEL-UHFFFAOYSA-N,citronellyl benzoate,CC(C)=CCCC(C)CCOC(=O)c1ccccc1,,Shikimates and Phenylpropanoids,260.377,677.06,1,1,plants,1.0,0.0,0.0,0.0,Daphne odora
HPAQTXNDJUZELN-UHFFFAOYSA-N,2-Pinen-10-yl isobutyrate,CC(C)C(=O)OCC1=CCC2CC1C2(C)C,,Terpenoids,222.32799999999995,595.1600000000001,1,1,plants,1.0,0.0,0.0,0.0,Chamaemelum nobile
HJCMDXDYPOUFDY-WHFBIAKZSA-N,l-Alanyl-l-glutamine,C[C@H](N)C(=O)N[C@@H](CCC(N)=O)C(=O)O,,Amino acids and Peptides,217.22499999999997,830.24,1,1,bacteria,0.0,0.0,0.0,1.0,Corynebacterium glutamicum CGGN -GNA -CgglmS GNA nagA gamA ldh glmS
RXHCEQYNSQNEOK-UHFFFAOYSA-N,oct-7-en-2-one,C=CCCCCC(C)=O,,Fatty acids,126.19899999999998,433.19,1,1,plants,1.0,0.0,0.0,0.0,Vitis vinifera
DDGBOLJFAMEBOE-UHFFFAOYSA-N,"1,1-DIETHOXY-3-METHYLBUTANE",CCOC(CC(C)C)OCC,,Terpenoids,160.25699999999998,449.47999999999996,1,1,plants,1.0,0.0,0.0,0.0,Eucalyptus camaldulensis
PZGMUSDNQDCNAG-UHFFFAOYSA-N,Allyl octanoate,C=CCOC(=O)CCCCCCC,,Fatty acids,184.27899999999997,506.18,1,1,plants,1.0,0.0,0.0,0.0,Carica papaya
ZQWPRMPSCMSAJU-UHFFFAOYSA-N,Methyl cyclohexanecarboxylate,COC(=O)C1CCCCC1,,,142.19799999999998,460.40999999999997,1,1,animals,0.0,1.0,0.0,0.0,Homo sapiens
OIFXLYCBBBXCIB-UHFFFAOYSA-N,8-Nonen-2-one,C=CCCCCCC(C)=O,,Fatty acids,140.226,456.07,1,1,plants,1.0,0.0,0.0,0.0,Artemisia capillaries
INVWRXWYYVMFQC-UHFFFAOYSA-N,Prenyl benzoate,CC(C)=CCOC(=O)c1ccccc1,,Shikimates and Phenylpropanoids,190.24200000000002,563.0999999999999,1,1,plants,1.0,0.0,0.0,0.0,Croton eluteria
HRSXWUSONDBHSP-UHFFFAOYSA-N,BENZYL HEXANOATE,CCCCCC(=O)OCc1ccccc1,,Fatty acids,206.285,581.94,1,1,plants,1.0,0.0,0.0,0.0,Lippia chevalieri
HNKJADCVZUBCPG-UHFFFAOYSA-N,Thioanisole,CSc1ccccc1,,Shikimates and Phenylpropanoids,124.20799999999996,455.21999999999997,1,1,,0.0,0.0,0.0,0.0,Ascophyllum nodosum
LWKWNIYBQLKBMQ-UHFFFAOYSA-N,Terpinyl butyrate,CCCC(=O)OC(C)(C)C1CC=C(C)CC1,,Terpenoids,224.34399999999994,598.5999999999999,1,1,plants,1.0,0.0,0.0,0.0,Scutellaria barbata
DVLGEHCERRWDIX-UHFFFAOYSA-N,1-Ethyl-1H-pyrrole-2-carbaldehyde,CCn1cccc1C=O,,Alkaloids,123.15499999999997,367.6,1,1,plants,1.0,0.0,0.0,0.0,Ficus carica
AILGMPPHXLHASV-UHFFFAOYSA-N,tetrathiane,C1CSSSS1,,Amino acids and Peptides,156.322,460.9,1,1,fungi,0.0,0.0,1.0,0.0,Lentinula edodes
YIYBQIKDCADOSF-ONEGZZNKSA-N,,CC/C=C/C(=O)O,,Fatty acids,100.11699999999999,463.67,1,1,animals,0.0,1.0,0.0,0.0,Anonychomyrma nitidiceps
IEPRKVQEAMIZSS-AATRIKPKSA-N,,CCOC(=O)/C=C/C(=O)OCC,,Fatty acids,172.17999999999995,503.23999999999995,1,1,plants,1.0,0.0,0.0,0.0,Vitis vinifera
YCTDZYMMFQCTEO-FNORWQNLSA-N,,CC/C=C/CCCC,,Fatty acids,112.21600000000001,386.8,1,1,animals,0.0,1.0,0.0,0.0,Homo sapiens
VTIODUHBZHNXFP-NSCUHMNNSA-N,,C/C=C/CCCO,,Fatty acids,100.161,433.21999999999997,1,0,,,,,,basil
LCPDWSOZIOUXRV-UHFFFAOYSA-N,PHENOXYACETIC ACID,O=C(O)COc1ccccc1,,Shikimates and Phenylpropanoids,152.149,577.25,1,1,fungi,0.0,0.0,1.0,0.0,Aspergillus niger
KYWLAHNPWLJLDJ-UHFFFAOYSA-N,ETHYL 3-ACETOXY-2-METHYLBUTYRATE,CCOC(=O)C(C)C(C)OC(C)=O,,Fatty acids,188.22299999999996,521.0799999999999,1,0,,,,,,tomato
WWAGWEFPCZVKGN-UHFFFAOYSA-N,"2(3H)-Furanone, 5-ethyl-",CCC1=CCC(=O)O1,,,112.12799999999999,410.65,1,1,plants,1.0,0.0,0.0,0.0,Picea abies
UYXMBPVOGLUKIV-UHFFFAOYSA-N,Guaiacol propionate,CCC(=O)Oc1ccccc1OC,,Shikimates and Phenylpropanoids,180.20299999999997,540.7,1,1,plants,1.0,0.0,0.0,0.0,Gossypium hirsutum
RAOIDOHSFRTOEL-UHFFFAOYSA-N,tetrahydrothiophene,C1CCSC1,,Alkaloids,88.175,358.9,1,1,plants,1.0,0.0,0.0,0.0,Eruca sativa
SBWFWBJCYMBZEY-UHFFFAOYSA-N,S-Propyl thioacetate,CCCSC(C)=O,,Fatty acids,118.20099999999998,436.65,1,1,plants,1.0,0.0,0.0,0.0,Allium cepa
RJMSGTVQHHFVLK-UHFFFAOYSA-N,"1,1-Diethoxynonane",CCCCCCCCC(OCC)OCC,,Fatty acids,216.36499999999995,541.44,1,1,plants,1.0,0.0,0.0,0.0,Hippophae rhamnoides
KNYRCCKTQMBSFP-UHFFFAOYSA-N,Citronellyl hexanoate,CCCCCC(=O)OCCC(C)CCC=C(C)C,,Terpenoids,254.41399999999993,627.5,1,1,animals,0.0,1.0,0.0,0.0,Caiman crocodilus
ILHZVKAXFCDFMT-UHFFFAOYSA-N,2-Pentyl-2-cyclopenten-1-one,CCCCCC1=CCCC1=O,,,152.237,520.31,1,1,plants,1.0,0.0,0.0,0.0,Cupressus sempervirens
LUYISICIYVKBTA-UHFFFAOYSA-N,6-METHYLQUINOLINE,Cc1ccc2ncccc2c1,,Alkaloids,143.189,532.74,1,1,plants,1.0,0.0,0.0,0.0,Camellia sinensis
FXFYOPQLGGEACP-UHFFFAOYSA-N,6-Methylcoumarin,Cc1ccc2oc(=O)ccc2c1,,Shikimates and Phenylpropanoids,160.172,529.56,1,1,plants,1.0,0.0,0.0,0.0,Citrullus lanatus
LUZDYPLAQQGJEA-UHFFFAOYSA-N,2-METHOXYNAPHTHALENE,COc1ccc2ccccc2c1,,Shikimates and Phenylpropanoids,158.2,524.34,1,0,,,,,,Pericarpium arecae
UYXTWWCETRIEDR-UHFFFAOYSA-N,TRIBUTYRIN,CCCC(=O)OCC(COC(=O)CCC)OC(=O)CCC,,Fatty acids,302.367,717.02,1,1,animals,0.0,1.0,0.0,0.0,Caenorhabditis elegans
DNJIEGIFACGWOD-UHFFFAOYSA-N,Ethanethiol,CCS,,Fatty acids,62.137,308.21999999999997,1,1,plants,1.0,0.0,0.0,0.0,Coffea arabica
DKGAVHZHDRPRBM-UHFFFAOYSA-N,tert-Butanol,CC(C)(C)O,,Fatty acids,74.12299999999999,380.07,1,1,plants,1.0,0.0,0.0,0.0,Psidium guajava
HQKQRXZEXPXXIG-GXTNNVKYSA-N,SCHEMBL1532502,CC(=O)OC1(C)CCC23CC1C(C)(C)[C@@H]2CC[C@H]3C,,Terpenoids,264.409,662.25,1,1,plants,1.0,0.0,0.0,0.0,Artemisia argyi
DOOTYTYQINUNNV-UHFFFAOYSA-N,TRIETHYL CITRATE,CCOC(=O)CC(O)(CC(=O)OCC)C(=O)OCC,,Fatty acids,276.28499999999997,737.77,1,1,fungi,0.0,0.0,1.0,0.0,Sclerotium poriae cocos
LDOXTQYWWYXYSQ-UHFFFAOYSA-N,Butyl phenylacetate,CCCCOC(=O)Cc1ccccc1,,Fatty acids,192.258,559.06,1,1,bacteria,0.0,0.0,0.0,1.0,Streptomyces
WRFHVMFZOJHYGN-UHFFFAOYSA-N,6-isothiocyanatohex-1-ene,C=CCCCCN=C=S,,Fatty acids,141.239,433.61,1,1,plants,1.0,0.0,0.0,0.0,Eutrema japonicum
GONWJZJNVDRECJ-UHFFFAOYSA-N,4208-57-5,CCCC(=O)c1ccco1,,,138.16599999999997,486.71,1,1,plants,1.0,0.0,0.0,0.0,Cichorium endivia
HUOYUOXEIKDMFT-UHFFFAOYSA-N,Decyl propionate,CCCCCCCCCCOC(=O)CC,,Fatty acids,214.34899999999996,555.26,1,1,plants,1.0,0.0,0.0,0.0,Nelumbo nucifera
HTOZHTBIOGGHDJ-UHFFFAOYSA-N,2-Pentanoylfuran,CCCCC(=O)c1ccco1,,,152.19299999999998,509.59,1,1,plants,1.0,0.0,0.0,0.0,Polygala senega
ZFBNNSOJNZBLLS-UHFFFAOYSA-N,"2,6-Dimethoxy-4-methylphenol",COc1cc(C)cc(OC)c1O,,Polyketides,168.19199999999998,567.6200000000001,1,1,plants,1.0,0.0,0.0,0.0,Drynaria fortunei
OHGVWVVPDOAZSH-UHFFFAOYSA-N,5-Oxooctanoic acid,CCCC(=O)CCCC(=O)O,,Fatty acids,158.197,582.02,1,1,plants,1.0,0.0,0.0,0.0,Sarracenia flava
RUDZCBJWUDOPTP-UHFFFAOYSA-N,1-Phenylethyl formate,CC(OC=O)c1ccccc1,,Shikimates and Phenylpropanoids,150.177,408.17999999999995,1,1,plants,1.0,0.0,0.0,0.0,Coffea arabica
WOVLKKLXYZJMSN-UHFFFAOYSA-N,1-Hydroxy-2-pentanone,CCCC(=O)CO,,Fatty acids,102.13299999999998,460.05,1,1,animals,0.0,1.0,0.0,0.0,Homo sapiens
BKOJTZORTHALGP-UHFFFAOYSA-N,Ethyl 9-decenoate,C=CCCCCCCCC(=O)OCC,,Fatty acids,198.30599999999998,529.06,1,1,plants,1.0,0.0,0.0,0.0,Vitis vinifera
VITWKRWSBFUVDT-UHFFFAOYSA-N,Butyl propyl disulfide,CCCCSSCCC,,Fatty acids,164.33899999999997,497.32,1,1,plants,1.0,0.0,0.0,0.0,Azadirachta indica
SGFIFPRTWTUJDX-UHFFFAOYSA-N,Hexyl isohexanoate,CCCCCCOC(=O)CCC(C)C,,Fatty acids,200.32199999999997,531.94,1,1,plants,1.0,0.0,0.0,0.0,Capsicum annuum
SHVSKYACDKKPBR-UHFFFAOYSA-N,"Benzeneethanamine, N-(3-methylbutylidene)-",CC(C)CC=NCCc1ccccc1,,,189.30200000000002,599.96,1,1,bacteria,0.0,0.0,0.0,1.0,Chryseobacterium polytrichastri
FPRQARNPKWVCNI-UHFFFAOYSA-N,Furfuryl formate,O=COCc1ccco1,,Polyketides,126.11099999999996,363.5,1,0,,,,,,liquorice
ALKCLFLTXBBMMP-UHFFFAOYSA-N,Linalyl hexanoate,C=CC(C)(CCC=C(C)C)OC(=O)CCCCC,,Terpenoids,252.3979999999999,621.3899999999999,1,1,plants,1.0,0.0,0.0,0.0,Nelumbo lutea
XKPTXCDASJWOLK-UHFFFAOYSA-N,1-(1-Ethoxyethoxy)propane,CCCOC(C)OCC,,Fatty acids,132.20299999999997,404.15999999999997,1,1,plants,1.0,0.0,0.0,0.0,Pterocarpus indicus
KRLBLPBPZSSIGH-CSKARUKUSA-N,,C=CC(C)(O)CC/C=C(\C)CC,"floral, herbal, lavender, fresh, green, bergamot",Terpenoids,168.27999999999997,540.95,1,1,plants,1.0,0.0,0.0,0.0,Foeniculum vulgare
UIKJRDSCEYGECG-UHFFFAOYSA-N,Benzyl isobutyrate,CC(C)C(=O)OCc1ccccc1,"floral, fruity, sweet, juicy, rose, oily, powdery, jasmine, tropical, woody",,178.231,535.74,1,1,plants,1.0,0.0,0.0,0.0,Tanacetum parthenium
VNWOJVJCRAHBJJ-UHFFFAOYSA-N,2-PENTYLCYCLOPENTANONE,CCCCCC1CCCC1=O,"floral, rose, herbal, oily, coconut, green, jasmine",,154.253,511.49999999999994,1,1,plants,1.0,0.0,0.0,0.0,Eucalyptus exserta
HFNGYHHRRMSKEU-UHFFFAOYSA-N,4-Methoxybenzyl acetate,COc1ccc(COC(C)=O)cc1,"balsamic, cherry, coumarinic, floral, fruity, vanilla, sweet, plum, powdery",Shikimates and Phenylpropanoids,180.203,540.7,1,1,plants,1.0,0.0,0.0,0.0,Spathiphyllum cannifolium
IGVGCQGTEINVOH-UHFFFAOYSA-N,2-Methyloctan-1-ol,CCCCCCC(C)CO,,Fatty acids,144.258,497.26,1,1,plants,1.0,0.0,0.0,0.0,Ruta chalepensis
MBZRJSQZCBXRGK-UHFFFAOYSA-N,4-tert-Butylcyclohexyl acetate,CC(=O)OC1CCC(C(C)(C)C)CC1,,Terpenoids,198.30599999999995,544.03,1,1,plants,1.0,0.0,0.0,0.0,Solanum betaceum
JNRDWRMJYGDQQE-UHFFFAOYSA-N,"1,5-Dimethylhexyl acetate",CC(=O)OC(C)CCCC(C)C,,Fatty acids,172.268,485.73999999999995,1,1,plants,1.0,0.0,0.0,0.0,Vitis vinifera
MIYFJEKZLFWKLZ-UHFFFAOYSA-N,Benzyl phenylacetate,O=C(Cc1ccccc1)OCc1ccccc1,,Shikimates and Phenylpropanoids,226.27499999999998,654.3799999999999,1,1,plants,1.0,0.0,0.0,0.0,Geleznowia verrucosa
JQNFKXWEJORMGJ-UHFFFAOYSA-N,,CCCCC1OC1C=CC=O,,Fatty acids,154.20899999999997,487.35999999999996,1,1,plants,1.0,0.0,0.0,0.0,Citrullus lanatus
SBTJQRLWWVYRND-UHFFFAOYSA-N,"4,6-diethyl-1,2,3,5-tetrathiane",CCC1SSSC(CC)S1,,,212.43,543.0799999999999,1,1,plants,1.0,0.0,0.0,0.0,Allium cepa
DWGZTTFGUFHAJX-UHFFFAOYSA-N,4883-60-7,CC1=C(O)C(=O)CC(C)(C)C1,,Terpenoids,154.20899999999997,594.4300000000001,1,1,plants,1.0,0.0,0.0,0.0,Crocus sativus
CTROGWVSSFFUJS-UHFFFAOYSA-N,trans-.beta.-Terpinyl benzoate,C=C1CCC(C(C)(C)OC(=O)c2ccccc2)CC1,,Terpenoids,258.361,688.94,1,1,plants,1.0,0.0,0.0,0.0,Perilla frutescens var. arguta
ZTULNMNIVVMLIU-LURJTMIESA-N,151409-53-9,CCC[C@H](C)C(=O)OC,,Fatty acids,130.18699999999998,417.53999999999996,1,1,bacteria,0.0,0.0,0.0,1.0,Streptomyces
GAEKPEKOJKCEMS-SCSAIBSYSA-N,(R)-gamma-Valerolactone,C[C@@H]1CCC(=O)O1,,Fatty acids,100.11699999999999,378.96,1,1,plants,1.0,0.0,0.0,0.0,Aerva lanata
HLCSDJLATUNSSI-YFHOEESVSA-N,,CC(C)=CCC/C(C)=C\C#N,,Terpenoids,149.237,538.56,1,1,plants,1.0,0.0,0.0,0.0,Oplopanax elatus
DPVYDTACPLLHCF-UHFFFAOYSA-N,2-Phenylethyl pivalate,CC(C)(C)C(=O)OCCc1ccccc1,"rose, spicy, floral, geranium",,206.285,578.71,1,1,plants,1.0,0.0,0.0,0.0,Vitis vinifera
MLTULPRRIKTZBN-UHFFFAOYSA-N,,CCCCCCCCCCCCC=CC=O,,Fatty acids,224.38799999999998,595.62,1,1,plants,1.0,0.0,0.0,0.0,Zingiber mioga
HVLGGQYBXOJMLO-RMEBNNNOSA-N,72445-42-2,C=C1CC[C@@H]2S[C@@H]1[C@H]1[C@H](C(C)C)CC[C@]12C,,Terpenoids,236.42399999999995,609.01,1,1,plants,1.0,0.0,0.0,0.0,Mentha Piperita
HRNPZFOYXWWMFL-UHFFFAOYSA-N,Methyl N-formylanthranilate,COC(=O)c1ccccc1NC=O,,Alkaloids,179.17499999999998,521.99,1,1,plants,1.0,0.0,0.0,0.0,Isatis tinctoria
MYCXIDKAJBXPCZ-UHFFFAOYSA-N,,CCOC(C)OC,,,104.149,358.4,1,1,plants,1.0,0.0,0.0,0.0,Carica papaya
ZHMIODDNZRIENW-UHFFFAOYSA-N,2-ISOBUTYL-3-METHYLPYRAZINE,Cc1nccnc1CC(C)C,,Alkaloids,150.225,544.14,1,1,plants,1.0,0.0,0.0,0.0,Perilla frutescens
DGVVWUTYPXICAM-UHFFFAOYSA-N,2-mercaptoethanol,OCCS,,Fatty acids,78.136,400.4,1,0,,,,,,Rhizoma wenyujin concisum
SXRSQZLOMIGNAQ-UHFFFAOYSA-N,glutaraldehyde,O=CCCCC=O,,Fatty acids,100.11699999999999,411.32,1,1,bacteria,0.0,0.0,0.0,1.0,Streptomyces sp. DST
QUHIXSUMNSRNNP-UHFFFAOYSA-N,P-Menth-1-en-9-yl acetate,CC(=O)OCC(C)C1CC=C(C)CC1,,Terpenoids,196.28999999999996,555.6299999999999,1,1,plants,1.0,0.0,0.0,0.0,Agathosma betulina
DZECLZDTSQJBSU-UHFFFAOYSA-N,9-Decen-2-one,C=CCCCCCCC(C)=O,,Fatty acids,154.253,478.95,1,1,plants,1.0,0.0,0.0,0.0,Mangifera indica
AXTPGRJJIGEOOY-UHFFFAOYSA-N,Isobutyl decanoate,CCCCCCCCCC(=O)OCC(C)C,,Fatty acids,228.37599999999998,577.7,1,1,plants,1.0,0.0,0.0,0.0,Vitis vinifera
VVDZWMOQABVVHC-UHFFFAOYSA-N,Methylcyclohexyl acetate,CC(=O)OC1(C)CCCCC1,,Fatty acids,156.22499999999997,483.53,1,1,plants,1.0,0.0,0.0,0.0,Trigonella foenum-graecum
TWWSMHPNERSWRN-UHFFFAOYSA-N,4285-59-0,CC(C)OC(C)OC(C)C,,Fatty acids,146.23,426.15999999999997,1,1,plants,1.0,0.0,0.0,0.0,Comptonia peregrina
INBDPOJZYZJUDA-UHFFFAOYSA-N,Methanedithiol,SCS,,,80.17699999999999,348.2,1,1,fungi,0.0,0.0,1.0,0.0,Lentinula edodes
CIYDRAJJTMIKGP-UHFFFAOYSA-N,"1,1-Bis(ethylsulfanyl)ethane",CCSC(C)SCC,,Fatty acids,150.31199999999998,474.0,1,1,plants,1.0,0.0,0.0,0.0,Durio zibethinus
ZSJUABCTGCNBPF-UHFFFAOYSA-N,3-Methylhexanal,CCCC(C)CC=O,,Fatty acids,114.18799999999999,407.97999999999996,1,1,animals,0.0,1.0,0.0,0.0,Homo sapiens
WOFAGNLBCJWEOE-UHFFFAOYSA-N,Benzyl acetoacetate,CC(=O)CC(=O)OCc1ccccc1,,Shikimates and Phenylpropanoids,192.21400000000003,590.05,1,1,plants,1.0,0.0,0.0,0.0,Litchi chinensis
CRORGGSWAKIXSA-UHFFFAOYSA-N,Isoamyl lactate,CC(C)CCOC(=O)C(C)O,,Fatty acids,160.213,532.16,1,1,plants,1.0,0.0,0.0,0.0,Vitis vinifera
MPLWTJZAFOVXKP-UHFFFAOYSA-N,S-Methyl 3-methylbutanethioate,CSC(=O)CC(C)C,,Fatty acids,132.22799999999998,459.09,1,1,animals,0.0,1.0,0.0,0.0,Homo sapiens
NPBMPHKEFVCCEY-UHFFFAOYSA-N,Heptyl isovalerate,CCCCCCCOC(=O)CC(C)C,,Fatty acids,200.32199999999997,531.94,1,1,plants,1.0,0.0,0.0,0.0,Capsicum annuum
ZVZRJSHOOULAGB-UHFFFAOYSA-N,alpha-Cyclocitral,CC1=CCCC(C)(C)C1C=O,,Terpenoids,152.237,496.31999999999994,1,1,,0.0,0.0,0.0,0.0,Porphyra tenera
CMBYOWLFQAFZCP-UHFFFAOYSA-N,Hexyl laurate,CCCCCCCCCCCC(=O)OCCCCCC,,Fatty acids,284.484,669.6600000000001,1,1,animals,0.0,1.0,0.0,0.0,Homo sapiens
NSTQUZVZBUTVPY-UHFFFAOYSA-N,2092-49-1,COc1cc(C=O)cc(-c2cc(C=O)cc(OC)c2O)c1O,,Shikimates and Phenylpropanoids,302.28200000000004,797.8799999999999,1,1,plants,1.0,0.0,0.0,0.0,Styrax benzoin
SATZAQAJSHXNSJ-UHFFFAOYSA-N,"2-(1-Phenylethyl)-1,3-dioxolane",CC(c1ccccc1)C1OCCO1,,,178.23099999999994,546.7,1,1,plants,1.0,0.0,0.0,0.0,Vitis vinifera
PPQPRIGCIRJGJH-UHFFFAOYSA-N,1-Methylhexyl hexanoate,CCCCCC(=O)OC(C)CCCCC,,Fatty acids,214.34899999999993,554.8199999999999,1,1,plants,1.0,0.0,0.0,0.0,Passiflora edulis
XXHDAWYDNSXJQM-ONEGZZNKSA-N,,CC/C=C/CC(=O)O,,Fatty acids,114.14399999999999,486.55,1,1,plants,1.0,0.0,0.0,0.0,Coronopus squamatus
YBJDKNXEWQSGEL-UHFFFAOYSA-N,2-Acetyl-3-methylthiophene,CC(=O)c1sccc1C,,,140.20699999999997,489.69,1,1,plants,1.0,0.0,0.0,0.0,Coffea arabica
YOSDTJYMDAEEAZ-UHFFFAOYSA-N,2-Acetyl-5-methylthiophene,CC(=O)c1ccc(C)s1,,,140.20699999999997,489.69,1,1,plants,1.0,0.0,0.0,0.0,Coffea arabica
LMSQHVXHZCNJEP-UHFFFAOYSA-N,Methyl phenyl disulfide,CSSc1ccccc1,,Shikimates and Phenylpropanoids,156.275,524.0,1,1,plants,1.0,0.0,0.0,0.0,Allium stipitatum
DPBVJRXPSXTHOL-UHFFFAOYSA-N,Propyl tetradecanoate,CCCCCCCCCCCCCC(=O)OCCC,,Fatty acids,270.45699999999994,646.78,1,1,plants,1.0,0.0,0.0,0.0,Mangifera indica
QNBDJTKBKITRJI-UHFFFAOYSA-N,Allyl isobutyrate,C=CCOC(=O)C(C)C,,Fatty acids,128.17099999999996,414.21999999999997,1,1,plants,1.0,0.0,0.0,0.0,Leibnitzia anandria
XAWKNALRUSOTOY-UHFFFAOYSA-N,2-Methyl-3-propylpyrazine,CCCc1nccnc1C,,Alkaloids,136.19799999999998,521.7,1,1,plants,1.0,0.0,0.0,0.0,Perilla frutescens
LPZQTNIAYMRVMF-UHFFFAOYSA-N,3-(Methylthio)propyl acetate,CSCCCOC(C)=O,,Fatty acids,148.227,463.87999999999994,1,1,plants,1.0,0.0,0.0,0.0,Vitis vinifera
CETBSQOFQKLHHZ-UHFFFAOYSA-N,DIETHYL DISULFIDE,CCSSCC,"alliaceous, fruity, garlic, onion, sulfurous, tropical, vegetable, ripe",,122.258,428.67999999999995,1,1,plants,1.0,0.0,0.0,0.0,Citrullus lanatus
YIKYNHJUKRTCJL-UHFFFAOYSA-N,Ethyl maltol,CCc1occc(=O)c1O,"caramellic, fruity, sweet, strawberry",Polyketides,140.13799999999998,562.6700000000001,1,1,plants,1.0,0.0,0.0,0.0,Mangifera indica
PFWYHTORQZAGCA-UHFFFAOYSA-N,PIPERONYL ACETATE,CC(=O)OCc1ccc2c(c1)OCO2,"cherry, floral, sweet, metallic, strawberry, jammy, powdery, hawthorn, jasmine, soapy, aromatic",Shikimates and Phenylpropanoids,194.18599999999998,588.5699999999999,1,1,plants,1.0,0.0,0.0,0.0,Cichorium endivia
XPDORSROGAZEGY-UHFFFAOYSA-N,4-Methoxybenzyl formate,COc1ccc(COC=O)cc1,"floral, green, spicy, sweet, vanilla, fruity, anisic, powdery",Shikimates and Phenylpropanoids,166.176,436.02,1,1,plants,1.0,0.0,0.0,0.0,Vanilla planifolia
DFJMIMVMOIFPQG-UHFFFAOYSA-N,3-methyl-5-phenylpentanal,CC(CC=O)CCc1ccccc1,"aldehydic, fresh, green, lily, woody, waxy",,176.25900000000001,549.06,1,1,plants,1.0,0.0,0.0,0.0,Anethum graveolens
GTDLILFCRHJTRW-UHFFFAOYSA-N,1-Methoxyhexane-3-thiol,CCCC(S)CCOC,,Fatty acids,148.271,444.6,1,1,plants,1.0,0.0,0.0,0.0,Salvia sclarea
VOFRQXZPJRQJIW-UHFFFAOYSA-N,EPOXYOXOPHORONE,CC1(C)CC(=O)C2OC2(C)C1=O,,Terpenoids,168.19199999999998,581.6700000000001,1,1,plants,1.0,0.0,0.0,0.0,Nicotiana tabacum
GXEGJTGWYVZSNR-SJRHNVSNSA-N,,CC(C)=C1C/C=C(\C)CC/C=C(\C)CC1,,Terpenoids,204.35699999999994,598.8999999999999,1,1,plants,1.0,0.0,0.0,0.0,Citrus unshiu
LGBXNZSSTFWRFS-UHFFFAOYSA-N,Furfuryl propionate,CCC(=O)OCc1ccco1,,Fatty acids,154.165,491.06,1,0,,,,,,liquorice
IXISGRHWGVGCAK-UHFFFAOYSA-N,FURFURYL BUTYRATE,CCCC(=O)OCc1ccco1,,Fatty acids,168.19199999999998,513.94,1,0,,,,,,liquorice
APTGPWJUOYMUCE-UHFFFAOYSA-N,S-Ethyl ethanethioate,CCSC(C)=O,,,104.17399999999999,413.77,1,1,plants,1.0,0.0,0.0,0.0,Durio zibethinus
NZFLWVDXYUGFAV-UHFFFAOYSA-N,2-Acetyl-1-methylpyrrole,CC(=O)c1cccn1C,,Alkaloids,123.15499999999997,445.04999999999995,1,1,plants,1.0,0.0,0.0,0.0,Coffea arabica
ZHHZHHSFKCANOC-UHFFFAOYSA-N,ALLYL FORMATE,C=CCOC=O,,Fatty acids,86.08999999999999,264.22,1,1,plants,1.0,0.0,0.0,0.0,Capparis spinosa
PXRBWNLUQYZAAX-UHFFFAOYSA-N,DELTA-NONALACTONE,CCCCC1CCCC(=O)O1,"coconut, fatty, oily, sweet, creamy, coumarinic, milky",Fatty acids,156.225,474.74999999999994,1,1,plants,1.0,0.0,0.0,0.0,Mangifera indica
RZZLMGATMUAJPX-UHFFFAOYSA-N,7370-92-5,CCCCCCCCC1CCCC(=O)O1,"buttery, creamy, dairy, fatty, musty, oily, milky",Fatty acids,212.33299999999994,566.27,1,1,plants,1.0,0.0,0.0,0.0,Citrullus lanatus
LJSQFQKUNVCTIA-UHFFFAOYSA-N,Diethyl sulfide,CCSCC,"garlic, meaty, savory, sulfurous, tomato, ethereal",Fatty acids,90.191,359.9,1,1,plants,1.0,0.0,0.0,0.0,Zingiber officinale
QPUIPSFYQGKAFL-UHFFFAOYSA-N,1-(4-Methylthiazol-2-yl)ethanone,CC(=O)c1nc(C)cs1,,Alkaloids,141.195,520.51,1,1,plants,1.0,0.0,0.0,0.0,Brassica oleracea
SSPBQLGVUAXSMH-WAYWQWQTSA-N,,CCC/C=C\CCC(=O)OC,,Fatty acids,156.225,467.90000000000003,1,1,plants,1.0,0.0,0.0,0.0,Humulus lupulus
XEAIHUDTEINXFG-PLNGDYQASA-N,,CC/C=C\CC(=O)OC,,Fatty acids,128.171,422.14,1,1,plants,1.0,0.0,0.0,0.0,Nicotiana tabacum
DFRXMRZQBMFKMI-PLNGDYQASA-N,,CC/C=C\CCCCCOC(C)=O,,Fatty acids,184.279,513.6600000000001,1,1,plants,1.0,0.0,0.0,0.0,Cucumis melo
KUPODEXLSGEWFR-PLNGDYQASA-N,(Z)-1-Methoxyhex-3-ene,CC/C=C\CCOC,,Fatty acids,114.188,386.34,1,1,plants,1.0,0.0,0.0,0.0,Psidium friedrichsthalianum
ZAMCMCQRTZKGDX-SNAWJCMRSA-N,,C/C=C(\C)C(C)=O,,Fatty acids,98.14499999999998,394.78999999999996,1,1,plants,1.0,0.0,0.0,0.0,Terminalia chebula
SJDDHMSVZMBJPH-UHFFFAOYSA-N,beta-Caryophyllene alcohol acetate,CC(=O)OC12CCCC(C)(CCC3C1CC3(C)C)C2,,Terpenoids,264.409,671.19,1,0,,,,,,common myrtle
CMKQOKAXUWQAHG-UHFFFAOYSA-N,Terpinyl propionate,CCC(=O)OC(C)(C)C1CC=C(C)CC1,,Terpenoids,210.31699999999995,575.72,1,1,plants,1.0,0.0,0.0,0.0,Elettaria cardamomum
GPHBCFMWKGZPRP-UHFFFAOYSA-N,hexyl nonanoate,CCCCCCCCC(=O)OCCCCCC,,Fatty acids,242.40299999999993,601.02,1,1,plants,1.0,0.0,0.0,0.0,Capsicum annuum
MWQWCHLIPMDVLS-UHFFFAOYSA-N,Benzyl octanoate,CCCCCCCC(=O)OCc1ccccc1,,Fatty acids,234.339,627.7,1,1,plants,1.0,0.0,0.0,0.0,Mkilua fragrans
DGPNTCACXCHFDI-UHFFFAOYSA-N,Hexyl decanoate,CCCCCCCCCC(=O)OCCCCCC,,Fatty acids,256.4299999999999,623.9000000000001,1,1,plants,1.0,0.0,0.0,0.0,Capsicum annuum
ZMANZCXQSJIPKH-UHFFFAOYSA-N,TRIETHYLAMINE,CCN(CC)CC,"cheesy, fishy, ripe",Fatty acids,101.193,349.32,1,1,plants,1.0,0.0,0.0,0.0,Bulbophyllum variegatum
KVFQMAZOBTXCAZ-UHFFFAOYSA-N,"3,4-HEXANEDIONE",CCC(=O)C(=O)CC,"buttery, caramellic, nutty",Fatty acids,114.14399999999999,444.62,1,1,animals,0.0,1.0,0.0,0.0,Homo sapiens
IPBVNPXQWQGGJP-UHFFFAOYSA-N,PHENYL ACETATE,CC(=O)Oc1ccccc1,"jasmine, metallic, animal, medicinal, smoky, burnt, phenolic, woody",Shikimates and Phenylpropanoids,136.14999999999998,467.54,1,1,plants,1.0,0.0,0.0,0.0,Arabidopsis thaliana
LYRAHIUDQRJGGZ-BUHFOSPRSA-N,,O=C(/C=C/c1ccccc1)OCCCc1ccccc1,,Shikimates and Phenylpropanoids,266.34,727.1800000000001,1,1,plants,1.0,0.0,0.0,0.0,Styrax benzoin
YYJWBYNQJLBIGS-SNAWJCMRSA-N,,C/C=C(\C)C(=O)OC,,Fatty acids,114.14399999999998,399.14,1,1,plants,1.0,0.0,0.0,0.0,Nymphaea gardneriana
OAEQYDZVVPONKW-UHFFFAOYSA-N,sec-Butyl formate,CCC(C)OC=O,,Fatty acids,102.13299999999998,289.97999999999996,1,1,plants,1.0,0.0,0.0,0.0,Mangifera indica
SWTCCCJQNPGXLQ-UHFFFAOYSA-N,1-(1-Butoxyethoxy)butane,CCCCOC(C)OCCCC,,Fatty acids,174.28399999999993,472.8,1,1,plants,1.0,0.0,0.0,0.0,Mosla chinensis
HGOZECVJNYXKMC-UHFFFAOYSA-N,Decyl isobutyrate,CCCCCCCCCCOC(=O)C(C)C,,Fatty acids,228.37599999999998,577.7,1,1,plants,1.0,0.0,0.0,0.0,Mangifera indica
CFQRBRGFNFRMBD-UHFFFAOYSA-N,Isobutyl octanoate,CCCCCCCC(=O)OCC(C)C,,Fatty acids,200.32199999999997,531.94,1,1,plants,1.0,0.0,0.0,0.0,Bothriochloa bladhii
CXCPJZXJNRBTGF-UHFFFAOYSA-N,Propiosyringone,CCC(=O)c1cc(OC)c(O)c(OC)c1,,,210.22899999999998,667.25,1,1,plants,1.0,0.0,0.0,0.0,Baccharis magellanica
BSQKBHXYEKVKMN-UHFFFAOYSA-N,,Cc1ccsc1C=O,,,126.17999999999999,389.36,1,1,plants,1.0,0.0,0.0,0.0,Nicotiana tabacum
FVGJPCFYGPKBKJ-UHFFFAOYSA-N,Dodecyl propionate,CCCCCCCCCCCCOC(=O)CC,,Fatty acids,242.40299999999993,601.02,1,1,plants,1.0,0.0,0.0,0.0,Backhousia angustifolia
PWYXVVREDGESBB-UHFFFAOYSA-N,Allyl valerate,C=CCOC(=O)CCCC,,Fatty acids,142.198,437.53999999999996,1,1,plants,1.0,0.0,0.0,0.0,Heracleum dissectum
UEGBWDUVDAKUGA-UHFFFAOYSA-N,,CC(C)=CCCC(C)CCCC(C)C=O,,Terpenoids,210.361,571.74,1,1,plants,1.0,0.0,0.0,0.0,Capsicum annuum
SZFOMJOELAAHAF-UHFFFAOYSA-N,,CCCCCCCCCCCC(=O)OCC(C)C,,Fatty acids,256.42999999999995,623.46,1,1,plants,1.0,0.0,0.0,0.0,Mangifera indica
KIYWRWLZHQZKKD-UHFFFAOYSA-N,Ethyl 2-hydroxy-2-methylbutanoate,CCOC(=O)C(C)(O)CC,,Fatty acids,146.18599999999998,506.93,1,1,plants,1.0,0.0,0.0,0.0,Durio zibethinus
YTHRBOFHFYZBRJ-VXGBXAGGSA-N,,C=C(C)[C@@H]1CC=C(C)[C@H](OC(C)=O)C1,,Terpenoids,194.27399999999994,547.96,1,1,plants,1.0,0.0,0.0,0.0,Artemisia annua
KKYSBGWCYXYOHA-UHFFFAOYSA-N,3-(Methylthio)propylamine,CSCCCN,,Amino acids and Peptides,105.20600000000002,432.42999999999995,1,1,plants,1.0,0.0,0.0,0.0,Iberis amara
CPLJMYOQYRCCBY-UHFFFAOYSA-N,2-Propylfuran,CCCc1ccco1,,Polyketides,110.15599999999996,409.96,1,1,plants,1.0,0.0,0.0,0.0,Mangifera indica
WXYAXKKXIGHXDS-UHFFFAOYSA-N,Hexyl isothiocyanate,CCCCCCN=C=S,,Fatty acids,143.255,436.92999999999995,1,1,plants,1.0,0.0,0.0,0.0,Eruca sativa
ICBJCVRQDSQPGI-UHFFFAOYSA-N,Hexyl methyl ether,CCCCCCOC,,Fatty acids,116.204,382.18,1,1,plants,1.0,0.0,0.0,0.0,Psidium friedrichsthalianum
LGNGQZVFJGUASS-AAXQSMANSA-N,,CC(=O)/C=C/C1=CCC[C@@H](C)C1(C)C,,Terpenoids,192.302,574.3299999999999,1,1,plants,1.0,0.0,0.0,0.0,Arctostaphylos uva-ursi
BXBYGLDDEZXFSZ-VQHVLOKHSA-N,,C=C/C=C(\C)CC(C)(O)C=C,,Terpenoids,152.23699999999997,514.75,1,0,,,,,,Fructus syzygii
UKYIGGARIIFOAB-POHAHGRESA-N,,C/C=C(/C)C(=O)OCCC(C)CC,,Fatty acids,184.27899999999997,513.0999999999999,1,1,plants,1.0,0.0,0.0,0.0,Chamaemelum nobile
UNAJREJGSQDJGU-ZRDIBKRKSA-N,,CCC(=O)/C(C)=C/C1C(C)=CCCC1(C)C,,Terpenoids,220.35599999999994,619.97,1,1,plants,1.0,0.0,0.0,0.0,Daucus carota
VBBXZFLAYWAXSK-HYJCDKNOSA-N,Acetoxyvalerenic Acid,CC(=O)O[C@@H]1CC(C)=C2[C@H]1[C@H](C)CC[C@H]2/C=C(\C)C(=O)O,,Terpenoids,292.375,822.4000000000001,1,1,plants,1.0,0.0,0.0,0.0,Valeriana officinalis
HABNNYNSJFKZFE-UHFFFAOYSA-N,227456-27-1,CCC(S)C(C)CO,"onion, sulfurous",Fatty acids,134.244,491.03999999999996,1,1,plants,1.0,0.0,0.0,0.0,Allium cepa
ALHUZKCOMYUFRB-OAHLLOKOSA-N,10403-00-6,C[C@@H]1CCCCCCCCCCCCC(=O)C1,"powdery, animal, musk",Fatty acids,238.41499999999994,691.48,1,0,,,,,,Siberian musk deer
NCNSBFDGXBKAKB-UHFFFAOYSA-N,23328-62-3,CSCC=O,,Fatty acids,90.14699999999999,385.67999999999995,1,1,plants,1.0,0.0,0.0,0.0,Allium cepa
KUFFULVDNCHOFZ-UHFFFAOYSA-N,"2,4-DIMETHYLPHENOL",Cc1ccc(O)c(C)c1,"burnt, phenolic, sharp, roasted, smoky",,122.16699999999999,494.92,1,1,plants,1.0,0.0,0.0,0.0,Trichosanthes kirilowii
NXXYKOUNUYWIHA-UHFFFAOYSA-N,"2,6-DIMETHYLPHENOL",Cc1cccc(C)c1O,"phenolic, sharp, smoky, sweet, medicinal, coffee",,122.16699999999999,494.92,1,1,plants,1.0,0.0,0.0,0.0,Coffea arabica
FZOZFDAMVVEZSJ-UHFFFAOYSA-N,2-Acetyl-2-thiazoline,CC(=O)C1=NCCS1,"green, onion, popcorn, chicken, roasted, nutty, herbal, grassy, bready",,129.184,493.49,1,1,animals,0.0,1.0,0.0,0.0,Homo sapiens
ZMRFRBHYXOQLDK-UHFFFAOYSA-N,2-Phenylethanethiol,SCCc1ccccc1,"roasted, sulfurous, tropical",Shikimates and Phenylpropanoids,138.23499999999999,472.18,1,0,,,,,,striped skunk
JUCARGIKESIVLB-UHFFFAOYSA-N,3-Mercaptohexyl acetate,CCCC(S)CCOC(C)=O,"fruity, grapefruit, sulfurous, tropical, floral, pear, raspberry",Fatty acids,176.28099999999998,503.28000000000003,1,1,plants,1.0,0.0,0.0,0.0,Psidium friedrichsthalianum
XVHGKKGBUDMTIQ-UHFFFAOYSA-N,4-Methoxy-2-methyl-2-butanethiol,COCCC(C)(C)S,"sulfurous, sweet, tropical, minty, grapefruit, peach",,134.244,418.93,1,1,plants,1.0,0.0,0.0,0.0,Mentha viridis
PDDMWQFBZZFOQR-UHFFFAOYSA-N,"Cadina-1,4-diene-3-ol",CC1=CC2C(=CC1O)C(C)CCC2C(C)C,,Terpenoids,220.35599999999997,664.04,1,1,plants,1.0,0.0,0.0,0.0,Hypericum perforatum
KRNURAJANZKGQN-QVSSJFJDSA-N,,C/C=C(/C)C(=O)OC/C=C/c1ccccc1,,Shikimates and Phenylpropanoids,216.28,613.02,1,1,plants,1.0,0.0,0.0,0.0,Culcitium albifolium
VAUMDUIUEPIGHM-UHFFFAOYSA-N,,Cc1ccc(C=O)s1,,,126.18,389.36,1,1,plants,1.0,0.0,0.0,0.0,Nicotiana tabacum
YMZZPMVKABUEBL-UHFFFAOYSA-N,13679-85-1,CC1SCCC1=O,,,116.18499999999999,444.92999999999995,1,1,plants,1.0,0.0,0.0,0.0,Vitis vinifera
CQLOYHZZZCWHSG-UHFFFAOYSA-N,5-Methylquinoxaline,Cc1cccc2nccnc12,,Alkaloids,144.177,563.56,1,1,plants,1.0,0.0,0.0,0.0,Coffea arabica
OFLXNHNYPQPQKW-UHFFFAOYSA-N,2-Isopropyl-4-methylthiazole,Cc1csc(C(C)C)n1,,Alkaloids,141.23899999999998,489.08,1,1,plants,1.0,0.0,0.0,0.0,Durio zibethinus
HQADRFRTIALOCB-UHFFFAOYSA-N,2-Acetyl-1-ethylpyrrole,CCn1cccc1C(C)=O,,Alkaloids,137.182,467.93,1,1,plants,1.0,0.0,0.0,0.0,Coffea arabica
ZFKUTGNRVJOCIO-UHFFFAOYSA-N,3-Heptyldihydro-5-methyl-2(3H)-furanone,CCCCCCCC1CC(C)OC1=O,,Polyketides,198.30599999999998,534.45,1,1,plants,1.0,0.0,0.0,0.0,Curcuma longa
JJOYCHKVKWDMEA-UHFFFAOYSA-N,Ethyl cyclohexanecarboxylate,CCOC(=O)C1CCCCC1,"apple, berry, brandy, cheesy, fermented, fruity, winey",Fatty acids,156.22499999999997,483.28999999999996,1,1,animals,0.0,1.0,0.0,0.0,Homo sapiens
VWYBQOFZVSNDAW-WAYWQWQTSA-N,,C=CC(=O)C/C=C\CC,"geranium, metallic, green",Fatty acids,124.18299999999998,437.35,1,1,plants,1.0,0.0,0.0,0.0,Diplotaxis tenuifolia
PFOJEJPZUVQHEH-UHFFFAOYSA-N,CITRONELLYL VALERATE,CCCCC(=O)OCCC(C)CCC=C(C)C,,Terpenoids,240.38699999999994,604.6199999999999,1,1,plants,1.0,0.0,0.0,0.0,Curcuma longa
YWIJRJQYADFRTL-UHFFFAOYSA-N,ANISYL PROPIONATE,CCC(=O)OCc1ccc(OC)cc1,,,194.23,563.5799999999999,1,1,animals,0.0,1.0,0.0,0.0,Radix moghaniae philippinensis
ILUAVCBOWYHFAI-MQYJIDSJSA-N,,CCCCC(=O)O[C@@H]1CC2CCC1(C)C2(C)C,,Terpenoids,238.37099999999992,609.9099999999999,1,1,plants,1.0,0.0,0.0,0.0,Artemisia annua
NRVPMFHPHGBQLP-UHFFFAOYSA-N,Ethyl 3-cyclohexylpropanoate,CCOC(=O)CCC1CCCCC1,,Fatty acids,184.27899999999994,529.05,1,1,plants,1.0,0.0,0.0,0.0,Coronopus didymus
KBSVBCHYXYXDAG-UHFFFAOYSA-N,"3-Acetyl-2,5-dimethylfuran",CC(=O)c1cc(C)oc1C,,Polyketides,138.16599999999997,496.67,1,1,animals,0.0,1.0,0.0,0.0,Plakortis angulospiculatus
DMMJVMYCBULSIS-UHFFFAOYSA-N,Methyl 3-(methylthio)propionate,COC(=O)CCSC,,Fatty acids,134.20000000000002,441.0,1,1,plants,1.0,0.0,0.0,0.0,Ananas comosus
RESBOJMQOGJOMW-UHFFFAOYSA-N,2-Methyl-5-(methylthio)furan,CSc1ccc(C)o1,,Polyketides,128.19599999999997,460.84,1,1,animals,0.0,1.0,0.0,0.0,Homo sapiens
GANSPRKOWQQXPE-UHFFFAOYSA-N,2-(Methoxymethyl)furan,COCc1ccco1,,Polyketides,112.12799999999997,409.5,1,1,bacteria,0.0,0.0,0.0,1.0,Chondromyces crocatus
GCYHRYNSUGLLMA-UHFFFAOYSA-N,2-Allyloxyethanol,C=CCOCCO,,Fatty acids,102.133,425.28,1,1,plants,1.0,0.0,0.0,0.0,Cleome gynandra
NTLJTUMJJWVCTL-UHFFFAOYSA-N,Methyl 2-nonynoate,CCCCCCC#CC(=O)OC,,Fatty acids,168.236,495.61999999999995,1,1,plants,1.0,0.0,0.0,0.0,Artemisia annua
NQBXSWAWVZHKBZ-UHFFFAOYSA-N,2-Butoxyethyl acetate,CCCCOCCOC(C)=O,,Fatty acids,160.213,463.28000000000003,1,1,plants,1.0,0.0,0.0,0.0,Prunus avium
XEAMDSXSXYAICO-UHFFFAOYSA-N,Heptyl formate,CCCCCCCOC=O,,Fatty acids,144.214,359.06,1,1,plants,1.0,0.0,0.0,0.0,Camellia saluenensis
WXEHBUMAEPOYKP-UHFFFAOYSA-N,Ethyl methyl sulfide,CCSC,,,76.164,337.02,1,1,plants,1.0,0.0,0.0,0.0,Coffea arabica
BGKCUGPVLVNPSG-CMDGGOBGSA-N,,CC(=O)/C=C/C1=C(C)CCC(C)C1(C)C,,Terpenoids,206.32899999999998,602.19,1,1,plants,1.0,0.0,0.0,0.0,Iris sibirica
LMWNGLDCJDIIBR-CMDGGOBGSA-N,,CCC(=O)/C=C/C1=C(C)CCCC1(C)C,,Terpenoids,206.32899999999992,606.8599999999999,1,0,,,,,,tomato
RSNMTAYSENLHOW-GQCTYLIASA-N,,CC(=O)/C=C/CC(C)C,,Fatty acids,126.19899999999998,440.22999999999996,1,1,animals,0.0,1.0,0.0,0.0,Plakortis zyggompha
YUXIBTJKHLUKBD-UHFFFAOYSA-N,DIBUTYL SUCCINATE,CCCCOC(=O)CCC(=O)OCCCC,,Fatty acids,230.30399999999992,590.5999999999999,1,1,plants,1.0,0.0,0.0,0.0,Nicotiana tabacum
XYIBRDXRRQCHLP-UHFFFAOYSA-N,ethyl acetoacetate,CCOC(=O)CC(C)=O,,Fatty acids,130.143,448.96999999999997,1,1,plants,1.0,0.0,0.0,0.0,Mangifera indica
WEGYGNROSJDEIW-UHFFFAOYSA-N,3-ACETYLPYRIDINE,CC(=O)c1cccnc1,,Alkaloids,121.13899999999997,494.01,1,1,plants,1.0,0.0,0.0,0.0,Nicotiana tabacum
CGZZMOTZOONQIA-UHFFFAOYSA-N,CYCLOHEPTANONE,O=C1CCCCCC1,,Fatty acids,112.17200000000001,456.07,1,1,plants,1.0,0.0,0.0,0.0,Gossypium hirsutum
WSGCRAOTEDLMFQ-UHFFFAOYSA-N,5-Nonanone,CCCCC(=O)CCCC,,Fatty acids,142.242,459.39,1,0,,,,,,pomegranate
BPRYUXCVCCNUFE-UHFFFAOYSA-N,"2,4,6-TRIMETHYLPHENOL",Cc1cc(C)c(O)c(C)c1,,,136.194,522.78,1,1,plants,1.0,0.0,0.0,0.0,Rosmarinus officinalis
QWTDNUCVQCZILF-UHFFFAOYSA-N,ISOPENTANE,CCC(C)C,,Fatty acids,72.151,313.55999999999995,1,0,,,,,,pomegranate
PMBXCGGQNSVESQ-UHFFFAOYSA-N,1-HEXANETHIOL,CCCCCCS,,Fatty acids,118.24499999999999,399.74,1,0,,,,,,striped skunk
MFNTTYYYVNGQPW-UHFFFAOYSA-N,dibutyl trisulfide,CCCCSSSCCCC,,Fatty acids,210.43299999999996,588.98,1,1,plants,1.0,0.0,0.0,0.0,Ferula assa-foetida
DKPIPSAKYWRSNN-UHFFFAOYSA-N,NS00045302,CCCCCC=C(C)O,,Fatty acids,128.21499999999997,478.86,1,1,plants,1.0,0.0,0.0,0.0,Cymbopogon citratus
BMDFMIDRAZHCDP-UHFFFAOYSA-N,,O=C1C=CCCCCCCO1,,Fatty acids,154.209,495.65999999999997,1,1,animals,0.0,1.0,0.0,0.0,Rhabdastrella globostellata
IQQBFWHNQBNSSQ-UHFFFAOYSA-N,"1,3,5,7-Undecatetraene",C=CC=CC=CC=CCCC,,Fatty acids,148.24899999999997,460.44,1,1,,0.0,0.0,0.0,0.0,Scytosiphon lomentaria
UBSHDOVFGRHFJF-UHFFFAOYSA-N,4-Methylpentyl isovalerate,CC(C)CCCOC(=O)CC(C)C,,Fatty acids,186.295,508.61999999999995,1,1,plants,1.0,0.0,0.0,0.0,Capsicum annuum
XKBCNTPVQJGJPY-UHFFFAOYSA-N,nonenol,CCCCCCCC=CO,,Fatty acids,142.242,501.86,1,1,plants,1.0,0.0,0.0,0.0,Dendrobium fimbriatum var. oculatum
BQOKYGYERMXUDU-UHFFFAOYSA-N,4-Methylpentyl 4-methylpentanoate,CC(C)CCCOC(=O)CCC(C)C,,Fatty acids,200.32199999999997,531.5,1,1,plants,1.0,0.0,0.0,0.0,Capsicum annuum
JIGUQPWFLRLWPJ-UHFFFAOYSA-N,ETHYL ACRYLATE,C=CC(=O)OCC,,Fatty acids,100.11699999999999,368.9,1,1,plants,1.0,0.0,0.0,0.0,Ananas comosus
NIFXVRWMHZPIFE-KCLHJWPFSA-N,Cyclotetraglucose,OC[C@H]1O[C@@H]2OC[C@H]3O[C@H](O[C@@H]4[C@@H](O)[C@@H](OC[C@H]5O[C@H](O[C@H]([C@H]2O)[C@@H]1O)[C@H](O)[C@@H](O)[C@@H]5O)O[C@H](CO)[C@H]4O)[C@H](O)[C@@H](O)[C@@H]3O,,Carbohydrates,648.5640000000004,,1,1,bacteria,0.0,0.0,0.0,1.0,Agreia sp. D and Microbacterium trichothecenolyticum D
GIJGXNFNUUFEGH-UHFFFAOYSA-N,3-Methyl-1-butanethiol,CC(C)CCS,,Fatty acids,104.218,376.41999999999996,1,0,,,,,,striped skunk
LFSAPCRASZRSKS-UHFFFAOYSA-N,2-METHYLCYCLOHEXANONE,CC1CCCCC1=O,,,112.172,447.13,1,0,,,,,,tomato
HPYNZHMRTTWQTB-UHFFFAOYSA-N,"2,3-Lutidine",Cc1cccnc1C,,Alkaloids,107.156,445.12,1,1,plants,1.0,0.0,0.0,0.0,Nicotiana tabacum
ZXGMEZJVBHJYEQ-UKTHLTGXSA-N,,CC(C)=CCC/C(C)=C/CCC(C)C=O,,Terpenoids,208.34499999999997,576.22,1,1,animals,0.0,1.0,0.0,0.0,Doris odhneri
RUEMHHSAZHTSOK-UHFFFAOYSA-N,diallyl hexasulfide,C=CCSSSSSSCC=C,,,274.54800000000006,742.9200000000001,1,0,,,,,,garlic
RORXPBSQGSNAIO-UHFFFAOYSA-N,,CCCC(=S)OCC,,Fatty acids,132.228,360.56,1,1,plants,1.0,0.0,0.0,0.0,Durio zibethinus
IOEBTJGVQXONLC-UHFFFAOYSA-N,3-decen-4-olide,CCCCCCC1=CCC(=O)O1,,Polyketides,168.236,502.16999999999996,1,1,plants,1.0,0.0,0.0,0.0,Ziziphus mauritiana
