inchikey,name,smiles,odours,np_classifier_pathway,MolWt,Tb_joback,n_organisms,n_resolved,dominant_group,share_plants,share_animals,share_fungi,share_bacteria,top_organisms
IPCSVZSSVZVIGE-UHFFFAOYSA-N,palmitic acid,CCCCCCCCCCCCCCCC(=O)O,"odorless, creamy, fatty, waxy",Fatty acids,256.4299999999999,711.19,1585,1522,plants,0.8377135348226018,0.06701708278580815,0.05387647831800263,0.021681997371879105,Aaptos aaptos; Abelmoschus esculentus; Abies pinsapo subsp. marocana
HFPZCAJZSCWRBC-UHFFFAOYSA-N,P-CYMENE,Cc1ccc(C(C)C)cc1,"citrus, fresh, woody",Terpenoids,134.222,459.61999999999995,1335,1284,plants,0.9228971962616822,0.035046728971962614,0.02881619937694704,0.009345794392523364,Abies sachalinensis; Abrus pulchellus; Aceriphyllum rossii
UAHWPYUMFXYFJY-UHFFFAOYSA-N,MYRCENE,C=CC(=C)CCC=C(C)C,"spicy, peppery, terpenic, herbal, rose, balsamic, woody, celery",Terpenoids,136.238,425.67999999999995,1323,1267,plants,0.920284135753749,0.035516969218626675,0.028413575374901343,0.009471191791633781,Salvia africana-lutea L.; Abies balsamea; Abies grandis
QIQXTHQIDYTFRH-UHFFFAOYSA-N,stearic acid,CCCCCCCCCCCCCCCCCC(=O)O,odorless,Fatty acids,284.4839999999999,756.95,1313,1267,plants,0.8224151539068666,0.07261247040252565,0.06629834254143646,0.025256511444356748,Aaptos aaptos; Abelmoschus esculentus; Abies nobilis
WKOLLVMJNQIZCI-UHFFFAOYSA-N,Vanillic acid,COc1cc(C(=O)O)ccc1O,"odorless, sweet, vanilla, powdery, creamy, phenolic, brown, milky, dairy",Shikimates and Phenylpropanoids,168.148,662.8499999999999,1302,1252,plants,0.8730031948881789,0.04472843450479233,0.050319488817891375,0.02476038338658147,Abies nephrolepis; Abies pinsapo subsp. marocana; Abutilon indicum
NGSWKAQJJWESNS-ZZXKWVIFSA-N,,O=C(O)/C=C/c1ccc(O)cc1,balsamic,Shikimates and Phenylpropanoids,164.16,662.49,1152,1113,plants,0.9110512129380054,0.03773584905660377,0.026954177897574125,0.013477088948787063,Abeliophyllum distichum; Abies sachalinensis; Abies spectabilis
XMGQYMWWDOXHJM-JTQLQIEISA-N,D-Limonene,C=C(C)[C@H]1CC=C(C)CC1,"citrus, fresh, gasoline, orange, sweet",Terpenoids,136.23799999999997,448.65,914,882,plants,0.8492063492063492,0.0691609977324263,0.05782312925170068,0.01473922902494331,Abies alba; Abies alba Mill.; Abies balsamea
TUNFSRHWOTWDNC-UHFFFAOYSA-N,Tetradecanoic acid,CCCCCCCCCCCCCC(=O)O,"odorless, oily, waxy, fatty, pineapple, coconut, soapy",Fatty acids,228.37599999999995,665.4300000000001,769,737,plants,0.8154681139755766,0.08548168249660787,0.048846675712347354,0.031207598371777476,Aaptos aaptos; Abies nobilis; Abies pinsapo subsp. marocana
GRWFGVWFFZKLTI-RKDXNWHRSA-N,(+)-alpha-Pinene,CC1=CC[C@@H]2C[C@H]1C2(C)C,"herbal, terpenic, minty, aromatic",Terpenoids,136.238,445.85999999999996,760,734,plants,0.8310626702997275,0.0776566757493188,0.0653950953678474,0.013623978201634877,Abies alba; Abies alba Mill.; Abies magnifica
MWOOGOJBHIARFG-UHFFFAOYSA-N,vanillin,COc1cc(C=O)ccc1O,"creamy, vanilla, sweet, chocolate",Shikimates and Phenylpropanoids,152.14899999999997,493.76,678,659,plants,0.8209408194233687,0.08649468892261002,0.05918057663125948,0.019726858877086494,Abies nephrolepis; Abies nobilis; Abies sachalinensis
MGSRCZKZVOBKFT-UHFFFAOYSA-N,THYMOL,Cc1ccc(C(C)C)c(O)c1,"herbal, medicinal, phenolic, spicy, sweet, chemical, camphoreous",Terpenoids,150.221,540.24,663,642,plants,0.9096573208722741,0.04205607476635514,0.03426791277258567,0.00778816199376947,Abies sp.; Abrus pulchellus; Acanthospermum australe
RRAFCDWBNXTKKO-UHFFFAOYSA-N,eugenol,C=CCc1ccc(O)c(OC)c1,"dry, pungent, smoky, spicy, sweet, cinnamon, savory, phenolic, woody, clove",Shikimates and Phenylpropanoids,164.20399999999995,559.78,648,612,plants,0.9003267973856209,0.05555555555555555,0.02287581699346405,0.017973856209150325,Acarus calamus; Achillea Millefolium; Achillea abrotanoides
WTARULDDTDQWMU-IUCAKERBSA-N,(-)-beta-Pinene,C=C1CC[C@H]2C[C@@H]1C2(C)C,"dry, herbal, fresh, green, woody, hay, pine",Terpenoids,136.23799999999997,440.88,587,569,plants,0.8383128295254832,0.07205623901581722,0.06678383128295255,0.01757469244288225,Abies alba; Abies alba Mill.; Abies magnifica
RECUKUPTGUEGMW-UHFFFAOYSA-N,CARVACROL,Cc1ccc(C(C)C)cc1O,"herbal, medicinal, phenolic, smoky, spicy, camphoreous, cooling, woody",Terpenoids,150.221,540.24,565,543,plants,0.9005524861878453,0.04419889502762431,0.03130755064456722,0.016574585635359115,Acacia aulacocarpa; Aceriphyllum rossii; Achillea abrotanoides
GLZPCOQZEFWAFX-JXMROGBWSA-N,GERANIOL,CC(C)=CCC/C(C)=C/CO,"floral, rose, sweet, fruity, citrus, waxy",Terpenoids,154.253,528.6600000000001,556,539,plants,0.9053803339517625,0.05009276437847866,0.02411873840445269,0.012987012987012988,Abies sibirica; Acacia aulacocarpa; Acca sellowiana
KDYFGRWQOYBRFD-UHFFFAOYSA-N,succinic acid,O=C(O)CCC(=O)O,odorless,Fatty acids,118.088,582.14,511,494,plants,0.8016194331983806,0.0708502024291498,0.06882591093117409,0.03643724696356275,A new engineered strain of Yarrowia lipolytica n.a.; Acacia adunca; Acanthamoeba culbertsoni
KRKNYBCHXYNGOX-UHFFFAOYSA-N,citric acid,O=C(O)CC(O)(CC(=O)O)C(=O)O,odorless,Fatty acids,192.123,862.3599999999999,459,447,plants,0.785234899328859,0.08053691275167785,0.06711409395973154,0.0447427293064877,Aaptos aaptos; Acacia adunca; Aconitum japonicum
WPYMKLBDIGXBTP-UHFFFAOYSA-N,benzoic acid,O=C(O)c1ccccc1,balsamic,Shikimates and Phenylpropanoids,122.12299999999996,531.95,449,432,plants,0.8310185185185185,0.05324074074074074,0.06944444444444445,0.034722222222222224,Aaptos aaptos; Abies nephrolepis; Aca sellowiana
POULHZVOKOAJMA-UHFFFAOYSA-N,lauric acid,CCCCCCCCCCCC(=O)O,"fatty, fresh, waxy, coconut",Fatty acids,200.32199999999997,619.6700000000001,442,430,plants,0.8604651162790697,0.06744186046511629,0.037209302325581395,0.01627906976744186,Acanthophora spicifera; Acantophora spicifera; Achyranthes aspera
GLZPCOQZEFWAFX-YFHOEESVSA-N,nerol,CC(C)=CCC/C(C)=C\CO,"fresh, rose, sweet, natural, citrus",Terpenoids,154.253,528.6600000000001,431,406,plants,0.9113300492610837,0.05172413793103448,0.022167487684729065,0.012315270935960592,Aca sellowiana; Acca sellowiana; Aceriphyllum rossii
GYHFUZHODSMOHU-UHFFFAOYSA-N,NONANAL,CCCCCCCCC=O,"fatty, floral, rose, waxy, aldehydic, cucumber, fresh, green, orris, citrus",Fatty acids,142.242,454.18,406,382,plants,0.8926701570680629,0.05235602094240838,0.028795811518324606,0.015706806282722512,Abrus pulchellus; Acacia howittii; Acca sellowiana
GRWFGVWFFZKLTI-IUCAKERBSA-N,(-)-alpha-Pinene,CC1=CC[C@H]2C[C@@H]1C2(C)C,"warm, herbal, terpenic, fresh, woody, earthy, pine, sharp",Terpenoids,136.238,445.85999999999996,405,394,plants,0.883248730964467,0.05583756345177665,0.04314720812182741,0.015228426395939087,Abies alba; Abies alba Mill.; Abies grandis
DHMQDGOQFOQNFH-UHFFFAOYSA-N,glycine,NCC(=O)O,odorless,Amino acids and Peptides,75.067,463.4,402,394,plants,0.7842639593908629,0.1446700507614213,0.050761421319796954,0.012690355329949238,Abelmoschus esculentus; Abies balsamea; Acacia lemmoni
HUMNYLRZRPPJDN-UHFFFAOYSA-N,benzaldehyde,O=Cc1ccccc1,"almond, sweet, cherry, nutty, fruity, powdery, sharp",Shikimates and Phenylpropanoids,106.12399999999997,362.86,392,363,plants,0.8622589531680441,0.049586776859504134,0.046831955922865015,0.02203856749311295,Aca sellowiana; Achillea abrotanoides; Aconitum leucostomum
KCDXJAYRVLXPFO-UHFFFAOYSA-N,SYRINGALDEHYDE,COc1cc(C=O)cc(OC)c1O,"balsamic, floral, smoky, sweet, vanilla, green, woody, chocolate",Shikimates and Phenylpropanoids,182.17499999999998,544.04,387,377,plants,0.8010610079575596,0.07957559681697612,0.06896551724137931,0.034482758620689655,Achyranthes aspera; Acicarpha tribuloides; Acinetobacter baumannii
ZFMSMUAANRJZFM-UHFFFAOYSA-N,Estragole,C=CCc1ccc(OC)cc1,"anisic, herbal, sweet, anise, spicy, phenolic, green, minty",Shikimates and Phenylpropanoids,148.20499999999998,479.15999999999997,384,361,plants,0.8310249307479224,0.0997229916897507,0.05263157894736842,0.002770083102493075,Acacia simplicifolia; Acanthopanax ricinifolius; Achillea abrotanoides
WTEVQBCEXWBHNA-JXMROGBWSA-N,Citral,CC(C)=CCC/C(C)=C/C=O,"citrus, fresh, fruity, lemon",Terpenoids,152.237,485.14,384,360,plants,0.8611111111111112,0.058333333333333334,0.041666666666666664,0.03333333333333333,Acer triflorum; Aceriphyllum rossii; Achillea millefolium
WQEPLUUGTLDZJY-UHFFFAOYSA-N,PENTADECANOIC ACID,CCCCCCCCCCCCCCC(=O)O,"fatty, waxy",Fatty acids,242.40299999999993,688.31,374,355,plants,0.7295774647887324,0.16056338028169015,0.05352112676056338,0.03943661971830986,Aaptos aaptos; Abies pinsapo subsp. marocana; Acacia auriculiformis
WRMNZCZEMHIOCP-UHFFFAOYSA-N,2-PHENYLETHANOL,OCCc1ccccc1,"floral, rose, sweet, honey, bready, fresh",Shikimates and Phenylpropanoids,122.16699999999996,501.49999999999994,373,354,plants,0.807909604519774,0.06779661016949153,0.07909604519774012,0.02824858757062147,Acacia aulacocarpa; Achillea abrotanoides; Achillea cuneatiloba
CRPUJAZIXJMDBK-BDAKNGLRSA-N,(-)-camphene,C=C1[C@@H]2CC[C@@H](C2)C1(C)C,"woody, fresh, terpenic",Terpenoids,136.238,440.88,359,342,plants,0.8567251461988304,0.07602339181286549,0.04678362573099415,0.011695906432748537,Abies alba; Abrus pulchellus; Acer mandshuricum
WBYWAXJHAXSJNI-VOTSOKGWSA-N,,O=C(O)/C=C/c1ccccc1,"balsamic, sweet",Shikimates and Phenylpropanoids,148.161,581.8699999999999,357,341,plants,0.9325513196480938,0.02932551319648094,0.011730205278592375,0.020527859237536656,Achillea alexandri-regis; Achillea alexandri-regis Bornm. Rudski; Achyranthes aspera
ZYEMGPIYFIJGTP-UHFFFAOYSA-N,METHYLEUGENOL,C=CCc1ccc(OC)c(OC)c1,"herbal, musty, spicy, tea, sweet, vegetable, warm, cinnamon, peppery, phenolic, fresh, clove, waxy",Shikimates and Phenylpropanoids,178.23099999999997,529.44,339,315,plants,0.9396825396825397,0.04126984126984127,0.015873015873015872,0.0,Achillea abrotanoides; Achillea arabica; Achillea biebersteinii
ZYGHJZDHTFUPRJ-UHFFFAOYSA-N,coumarin,O=c1ccc2ccccc2o1,"sweet, hay",Shikimates and Phenylpropanoids,146.14499999999998,501.7,327,318,plants,0.8584905660377359,0.06289308176100629,0.05345911949685535,0.0220125786163522,Abies sp.; Achlys triphylla; Acourtia cordata
JARKCYVAAOWBJS-UHFFFAOYSA-N,HEXANAL,CCCCCC=O,"fatty, fruity, grassy, green, vegetable, aldehydic, clean, leafy, fresh, woody",Fatty acids,100.16099999999999,385.53999999999996,327,307,plants,0.8664495114006515,0.06188925081433225,0.035830618892508145,0.02280130293159609,Achillea arabica; Achillea biebersteinii; Aconitum kamtschaticum
ULDHMXUKGWMISQ-VIFPVBQESA-N,d-Carvone,C=C(C)[C@H]1CC=C(C)C(=O)C1,"minty, bready, spicy",Terpenoids,150.22099999999998,516.47,301,292,plants,0.9178082191780822,0.0273972602739726,0.030821917808219176,0.017123287671232876,Achillea abrotanoides; Achillea ageratum; Achillea arabica
KSMVZQYAVGTKIV-UHFFFAOYSA-N,Decanal,CCCCCCCCCC=O,"orange, sweet, waxy, aldehydic, floral, citrus",Fatty acids,156.269,477.06,298,281,plants,0.8647686832740213,0.060498220640569395,0.042704626334519574,0.014234875444839857,Aceriphyllum rossii; Actaea dahurica; Actaea heracleifolia
WUOACPNHFRMFPN-SECBINFHSA-N,10482-56-1,CC1=CC[C@@H](C(C)(C)O)CC1,"floral, terpenic",Terpenoids,154.25299999999996,541.04,298,275,plants,0.9636363636363636,0.01090909090909091,0.01090909090909091,0.01090909090909091,Acca sellowiana; Aconitum macrorhynchum; Acorus calamus
XMGQYMWWDOXHJM-SNVBAGLBSA-N,(-)-Limonene,C=C(C)[C@@H]1CC=C(C)CC1,"herbal, orange, peppery, terpenic, pine",Terpenoids,136.23799999999997,448.65,297,271,plants,0.955719557195572,0.01845018450184502,0.014760147601476014,0.01107011070110701,Abies alba; Abies alba Mill.; Abies grandis
WVDDGKGOMKODPV-UHFFFAOYSA-N,benzyl alcohol,OCc1ccccc1,"almond, fruity, sweet, floral, rose, phenolic, balsamic, chemical",Shikimates and Phenylpropanoids,108.13999999999997,478.61999999999995,290,278,plants,0.8669064748201439,0.046762589928057555,0.04316546762589928,0.017985611510791366,Abies alba; Acacia aulacocarpa; Acacia longifolia
ZSIAUFGUXNUGDI-UHFFFAOYSA-N,1-Hexanol,CCCCCCO,"fatty, fruity, winey, sweet, pungent, herbal, oily, green, ethereal, alcoholic",Fatty acids,102.17699999999999,429.05999999999995,289,271,plants,0.9188191881918819,0.04059040590405904,0.01845018450184502,0.01107011070110701,Abies alba; Abies sachalinensis; Aca sellowiana
ZMQAAUBTXCXRIC-UHFFFAOYSA-N,safrole,C=CCc1ccc2c(c1)OCO2,"aromatic, spicy, sweet, anise, warm, floral, woody",Shikimates and Phenylpropanoids,162.18799999999993,527.03,280,270,plants,0.8814814814814815,0.05555555555555555,0.037037037037037035,0.022222222222222223,Acanthopanax ricinifolius; Aconitum episcopale; Aconitum macrorhynchum
HIGQPQRQIQDZMP-DHZHZOJOSA-N,GERANYL ACETATE,CC(=O)OC/C=C(\C)CCC=C(C)C,"floral, fruity, green, rose, sweet, lavender, waxy",Terpenoids,196.29,540.46,278,269,plants,0.9516728624535316,0.026022304832713755,0.011152416356877323,0.0037174721189591076,Abutilon indicum; Achillea erba-rotta; Achillea moschata
KBPLFHHGFOOTCA-UHFFFAOYSA-N,1-octanol,CCCCCCCCO,"orange, rose, sweet, waxy, aldehydic, mushroom, fatty, floral, coconut, green, citrus",Fatty acids,130.23100000000002,474.82,278,263,plants,0.8479087452471483,0.06844106463878327,0.060836501901140684,0.015209125475285171,Acanthus montanus; Aceriphyllum rossii; Actaea dahurica
GHVNFZFCNZKVNT-UHFFFAOYSA-N,Decanoic acid,CCCCCCCCCC(=O)O,"cheesy, dairy, fatty, waxy, citrus, sour",Fatty acids,172.268,573.9100000000001,275,264,plants,0.9015151515151515,0.05303030303030303,0.01893939393939394,0.01893939393939394,Aconitum macrorhynchum; Actinidia chinensis; Agaricus bisporus
UHEPJGULSIKKTP-UHFFFAOYSA-N,6-METHYL-5-HEPTEN-2-ONE,CC(=O)CCC=C(C)C,"green, herbal, oily, musty, banana, fruity, cheesy, apple, creamy, citrus, ketonic",Fatty acids,126.19899999999998,440.55,257,242,plants,0.8388429752066116,0.06611570247933884,0.05371900826446281,0.028925619834710745,Aceriphyllum rossii; Actaea dahurica; Actaea heracleifolia
NDVASEGYNIMXJL-NXEZZACHSA-N,(+)-Sabinene,C=C1CC[C@]2(C(C)C)C[C@H]12,,Terpenoids,136.238,440.8399999999999,256,246,plants,0.926829268292683,0.04065040650406504,0.016260162601626018,0.016260162601626018,Abies alba; Achillea fragrantissima; Acmella ciliata
NUJGJRNETVAIRJ-UHFFFAOYSA-N,Octanal,CCCCCCCC=O,"fatty, fruity, aldehydic, herbal, fresh, orange, green, citrus, waxy",Fatty acids,128.215,431.3,254,243,plants,0.8477366255144033,0.06995884773662552,0.04526748971193416,0.01646090534979424,Aceriphyllum rossii; Acmella ciliata; Agnorhiza bolanderi
FLIACVVOZYBSBS-UHFFFAOYSA-N,METHYL PALMITATE,CCCCCCCCCCCCCCCC(=O)OC,"sweet, waxy, orris, fatty, oily",Fatty acids,270.45699999999994,646.78,251,240,plants,0.8291666666666667,0.075,0.05,0.029166666666666667,Acanthophora spicifera; Achillea millefolium; Actaea dahurica
DSSYKIVIOFKYAU-XCBNKYQSSA-N,D-CAMPHOR,CC1(C)[C@@H]2CC[C@@]1(C)C(=O)C2,"medicinal, mentholic, herbal, camphoreous, cooling, phenolic, green, woody, minty",Terpenoids,152.237,509.78000000000003,247,238,plants,0.9117647058823529,0.04201680672268908,0.02100840336134454,0.012605042016806723,Abies alba; Achillea alpina; Achillea santolinoides
NEHNMFOYXAPHSD-SNVBAGLBSA-N,(R)-(+)-Citronellal,CC(C)=CCC[C@@H](C)CC=O,"citrus, fresh, green, lemon, woody, herbal",Terpenoids,154.25300000000001,480.66,230,222,plants,0.8063063063063063,0.0945945945945946,0.06756756756756757,0.02702702702702703,Aceriphyllum rossii; Acicarpha tribuloides; Aconitum palmatum
FQTLCLSUCSAZDY-SDNWHVSQSA-N,,C=CC(C)(O)CC/C=C(\C)CCC=C(C)C,"floral, green, woody, citrus, waxy",Terpenoids,222.37199999999996,636.51,222,214,plants,0.9813084112149533,0.004672897196261682,0.004672897196261682,0.009345794392523364,Achillea arabica; Achillea aspleniifolia; Achillea biebersteinii
CXENHBSYCFFKJS-VDQVFBMKSA-N,alpha-Farnesene,C=C/C(C)=C/C/C=C(\C)CCC=C(C)C,"apple, berry, citrus, green, herbal, vegetable, floral, lavender, bergamot, woody",Terpenoids,204.35699999999994,551.6,221,209,plants,0.937799043062201,0.028708133971291867,0.019138755980861243,0.009569377990430622,Aca sellowiana; Acca sellowiana; Agastache rugosa
ULDHMXUKGWMISQ-SECBINFHSA-N,(-)-Carvone,C=C(C)[C@@H]1CC=C(C)C(=O)C1,"sweet, herbal, minty",Terpenoids,150.22099999999998,516.47,221,217,plants,0.8294930875576036,0.06451612903225806,0.059907834101382486,0.041474654377880185,Aceriphyllum rossii; Actinomadura hibisca; Agnorhiza bolanderi
PSQYTAPXSHCGMF-BQYQJAHWSA-N,,CC(=O)/C=C/C1=C(C)CCCC1(C)C,"fruity, violet, woody, sweet, berry, floral, tropical",Terpenoids,192.30199999999996,583.98,218,210,plants,0.8333333333333334,0.05238095238095238,0.03333333333333333,0.06190476190476191,Aconitum kamtschaticum; Aconitum vilmorinianum; Actinidia kolomikta
WWZKQHOCKIZLMA-UHFFFAOYSA-N,octanoic acid,CCCCCCCC(=O)O,"animal, fatty, vegetable, oily, cheesy, waxy",Fatty acids,144.214,528.1500000000001,201,193,plants,0.8963730569948186,0.05699481865284974,0.025906735751295335,0.02072538860103627,Actaea dahurica; Actaea heracleifolia; Actaea simplex
QMVPMAAFGQKVCJ-SNVBAGLBSA-N,D-Citronellol,CC(C)=CCC[C@@H](C)CCO,"rose, leafy, floral, oily",Terpenoids,156.269,524.1800000000001,197,192,plants,0.8385416666666666,0.08854166666666667,0.052083333333333336,0.020833333333333332,Aceriphyllum rossii; Acicarpha tribuloides; Aconitum palmatum
CRPUJAZIXJMDBK-DTWKUNHWSA-N,(+)-Camphene,C=C1[C@H]2CC[C@H](C2)C1(C)C,"herbal, camphoreous, fresh, woody",Terpenoids,136.238,440.88,193,184,plants,0.9891304347826086,0.0,0.010869565217391304,0.0,Abies alba; Abies alba Mill.; Abies balsamea
RUVINXPYWBROJD-ONEGZZNKSA-N,,C/C=C/c1ccc(OC)cc1,"anisic, herbal, sweet, anise, medicinal",Shikimates and Phenylpropanoids,148.20499999999998,486.64,180,171,plants,0.9239766081871345,0.05263157894736842,0.017543859649122806,0.0,Acanthopanax ricinifolius; Achillea abrotanoides; Achillea arabica
HIGQPQRQIQDZMP-FLIBITNWSA-N,Neryl acetate,CC(=O)OC/C=C(/C)CCC=C(C)C,"floral, fruity, sweet, rose, grapefruit, pear, tropical, soapy, citrus",Terpenoids,196.29,540.46,174,165,plants,0.9272727272727272,0.03636363636363636,0.030303030303030304,0.0,Achillea pannonica; Agathosma betulina; Agrimonia pilosa
DTUQWGWMVIHBKE-UHFFFAOYSA-N,phenylacetaldehyde,O=CCc1ccccc1,"floral, green, honey, rose, sweet, fermented, cocoa, powdery, earthy, hyacinth, chocolate",Shikimates and Phenylpropanoids,120.15099999999995,457.97999999999996,173,160,plants,0.89375,0.025,0.05625,0.0125,Actaea dahurica; Actaea heracleifolia; Actaea simplex
MBDOYVRWFFCFHM-SNAWJCMRSA-N,,CCC/C=C/C=O,"apple, fresh, fruity, grassy, green, leafy, pungent, vegetable, aldehydic, clean, spicy, fatty, banana, herbal, cheesy, sharp",Fatty acids,98.14499999999998,389.7,173,166,plants,0.8554216867469879,0.0783132530120482,0.030120481927710843,0.030120481927710843,Aca sellowiana; Acacia mearnsii; Aconitum kamtschaticum
YZXBAPSDXZZRGB-DOFZRALJSA-N,,CCCCC/C=C\C/C=C\C/C=C\C/C=C\CCCC(=O)O,,Fatty acids,304.47400000000005,819.3499999999999,169,162,plants,0.7469135802469136,0.12345679012345678,0.08641975308641975,0.018518518518518517,Salvia hispanica; Abies pinsapo subsp. marocana; Acanthosyris spinescens
CRDAMVZIKSXKFV-YFVJMOTDSA-N,,CC(C)=CCC/C(C)=C/CC/C(C)=C/CO,"floral, oily, sweet, muguet, lily, waxy",Terpenoids,222.37199999999996,647.0999999999999,166,162,plants,0.8395061728395061,0.07407407407407407,0.04938271604938271,0.024691358024691357,Abelmoschus Moschatus; Abelmoschus moschatus; Abies firma
LIIALPBMIOVAHH-UHFFFAOYSA-N,7-Methoxycoumarin,COc1ccc2ccc(=O)oc2c1,"sweet, balsamic",Shikimates and Phenylpropanoids,176.17099999999996,551.98,165,158,plants,0.8670886075949367,0.04430379746835443,0.05063291139240506,0.03164556962025317,Adenia fruticosa; Adina cordifolia; Aeromonas hydrophila
UFLHIIWVXFIJGU-ARJAWSKDSA-N,,CC/C=C\CCO,"fresh, grassy, green, vegetable, herbal, oily, pungent",Fatty acids,100.161,433.21999999999997,163,156,plants,0.8846153846153846,0.0641025641025641,0.019230769230769232,0.019230769230769232,Aca sellowiana; Acacia armata; Acca sellowiana
BDJRBEYXGGNYIS-UHFFFAOYSA-N,azelaic acid,O=C(O)CCCCCCCC(=O)O,odorless,Fatty acids,188.22299999999998,696.54,162,153,plants,0.7516339869281046,0.1111111111111111,0.08496732026143791,0.0392156862745098,Achillea biebersteinii; Acorus calamus; Acrisione denticulata
OSWPMRLSEDHDFF-UHFFFAOYSA-N,methyl salicylate,COC(=O)c1ccccc1O,"sweet, warm, camphoreous, phenolic, minty, aromatic",Shikimates and Phenylpropanoids,152.14899999999997,548.1600000000001,158,148,plants,0.8918918918918919,0.0472972972972973,0.04054054054054054,0.02027027027027027,Aconitum sajanense; Actaea simplex; Akebia quinata
ZRSNZINYAWTAHE-UHFFFAOYSA-N,4-Methoxybenzaldehyde,COc1ccc(C=O)cc1,"anisic, floral, fruity, hay, herbal, sweet, vanilla, powdery, hawthorn",Shikimates and Phenylpropanoids,136.14999999999998,413.14,157,150,plants,0.8133333333333334,0.07333333333333333,0.07333333333333333,0.02,Acacia spp.; Acanthopanax ricinifolius; Agastache Rugosa
FXHGMKSSBGDXIY-UHFFFAOYSA-N,Heptanal,CCCCCCC=O,"citrus, cognac, fatty, green, nutty, sweet, aldehydic, herbal, ozone, fresh",Fatty acids,114.18799999999999,408.41999999999996,155,146,plants,0.8698630136986302,0.0684931506849315,0.0273972602739726,0.00684931506849315,Akebia quinata; Akebia trifoliata; Alangium premnifolium
JZQKTMZYLHNFPL-BLHCBFLLSA-N,,CCCCC/C=C/C=C/C=O,"citrus, fatty, chicken, melon, cucumber, nutty, oily, brothy",Fatty acids,152.23699999999997,485.38,154,149,plants,0.7651006711409396,0.0738255033557047,0.08053691275167785,0.053691275167785234,Aconitum kamtschaticum; Aconitum vilmorinianum; Actaea dahurica
FERIUCNNQQJTOY-UHFFFAOYSA-N,butyric acid,CCCC(=O)O,"buttery, cheesy, sour, fruity, dairy, sharp",Fatty acids,88.10599999999998,436.63,154,147,plants,0.7959183673469388,0.06802721088435375,0.02040816326530612,0.09523809523809523,Acacia adunca; Acer mandshuricum; Adiantum lunulatum
HPEUJPJOZXNMSJ-UHFFFAOYSA-N,METHYL STEARATE,CCCCCCCCCCCCCCCCCC(=O)OC,"odorless, oily, waxy",Fatty acids,298.51099999999997,692.54,150,144,plants,0.7777777777777778,0.11805555555555555,0.06944444444444445,0.006944444444444444,Acyrthosiphon pisum; Adenophora triphylla; Ailanthus altissima
WTOYNNBCKUYIKC-JMSVASOKSA-N,NOOTKATONE,C=C(C)[C@@H]1CCC2=CC(=O)C[C@@H](C)[C@]2(C)C1,"sweet, orange, citrus, woody, grapefruit",Terpenoids,218.33999999999995,637.45,148,144,plants,0.8194444444444444,0.05555555555555555,0.05555555555555555,0.041666666666666664,Aconitum contortum; Acremonium furcatum; Agardhiella tenera
BSAIUMLZVGUGKX-BQYQJAHWSA-N,,CCCCCC/C=C/C=O,"cucumber, fatty, melon, orris, waxy, aldehydic, green, citrus",Fatty acids,140.22599999999997,458.34,148,141,plants,0.7659574468085106,0.09219858156028368,0.07801418439716312,0.0425531914893617,Acacia mearnsii; Acca sellowiana; Aconitum kamtschaticum
HYBBIBNJHNGZAN-UHFFFAOYSA-N,FURFURAL,O=Cc1ccco1,"almond, caramellic, spicy, sweet, bready, brown, phenolic, woody",Polyketides,96.08499999999998,340.62,147,137,plants,0.927007299270073,0.014598540145985401,0.029197080291970802,0.021897810218978103,Acorus tatarinowii; Actaea dahurica; Actaea heracleifolia
FBUKVWPVBMHYJY-UHFFFAOYSA-N,NONANOIC ACID,CCCCCCCCC(=O)O,"cheesy, dairy, fatty, nutty, waxy",Fatty acids,158.241,551.03,143,138,plants,0.8768115942028986,0.07246376811594203,0.021739130434782608,0.021739130434782608,Acorus calamus; Acorus gramineus; Acorus tatarinowii
FUZZWVXGSFPDMH-UHFFFAOYSA-N,HEXANOIC ACID,CCCCCC(=O)O,"cheesy, fatty, sour",Fatty acids,116.15999999999998,482.39,140,131,plants,0.8931297709923665,0.030534351145038167,0.030534351145038167,0.04580152671755725,Actaea dahurica; Actaea heracleifolia; Actaea simplex
QMVPMAAFGQKVCJ-JTQLQIEISA-N,7540-51-4,CC(C)=CCC[C@H](C)CCO,"citrus, floral, fruity, green, rose, sweet, powdery, geranium, waxy",Terpenoids,156.269,524.1800000000001,139,136,plants,0.8014705882352942,0.09558823529411764,0.08088235294117647,0.022058823529411766,Acicarpha tribuloides; Acokanthera oblongifolia; Aconitum palmatum
NFLGAXVYCFJBMK-BDAKNGLRSA-N,(-)-Menthone,CC(C)[C@@H]1CC[C@@H](C)CC1=O,"sweet, anise, mentholic, herbal, camphoreous, cooling, fresh, green, minty",Terpenoids,154.253,510.65999999999997,137,132,plants,0.9696969696969697,0.007575757575757576,0.015151515151515152,0.007575757575757576,Achillea abrotanoides; Achillea cuneatiloba; Aconitum leucostomum
PHTQWCKDNZKARW-UHFFFAOYSA-N,Isoamyl alcohol,CC(C)CCO,"alcoholic, fermented, banana, pungent, cognac, fruity, ethereal",Fatty acids,88.14999999999999,405.73999999999995,136,126,plants,0.7857142857142857,0.07142857142857142,0.0873015873015873,0.031746031746031744,Agaricus bisporus; Alangium premnifolium; Alkanna cappadocica
MMSLOZQEMPDGPI-UHFFFAOYSA-N,1195-32-0,C=C(C)c1ccc(C)cc1,"citrus, lemon, phenolic, pine, spicy, musty, nutty, coffee, clove",Terpenoids,132.20599999999996,456.62,135,130,plants,0.8923076923076924,0.05384615384615385,0.038461538461538464,0.015384615384615385,Acca sellowiana; Aceriphyllum rossii; Acmella ciliata
WTWBUQJHJGUZCY-UHFFFAOYSA-N,4-isopropylbenzaldehyde,CC(C)c1ccc(C=O)cc1,"green, herbal, pungent, spicy",Terpenoids,148.20499999999998,436.03999999999996,134,130,plants,0.9692307692307692,0.03076923076923077,0.0,0.0,Achillea abrotanoides; Achillea arabica; Achillea biebersteinii
BVWTXUYLKBHMOX-UHFFFAOYSA-N,Methyl vanillate,COC(=O)c1ccc(O)c(OC)c1,"floral, fresh, green, spicy, sweet, vanilla, warm, phenolic",Shikimates and Phenylpropanoids,182.17499999999998,598.44,132,131,plants,0.8320610687022901,0.022900763358778626,0.0916030534351145,0.030534351145038167,Acer rubrum; Alchornea cordifolia; Alexandrium excavatum
XEKOWRVHYACXOJ-UHFFFAOYSA-N,ETHYL ACETATE,CCOC(C)=O,"brandy, ethereal, sharp, winey, sweet, rummy, grape, weedy, fruity, green",Fatty acids,88.106,349.34,130,120,plants,0.825,0.06666666666666667,0.06666666666666667,0.025,Acca sellowiana; Actinidia chinensis; Agaricus bisporus
NZGWDASTMWDZIW-MRVPVSSYSA-N,(+)-Pulegone,CC(C)=C1CC[C@@H](C)CC1=O,"herbal, minty, sweet, metallic, sulfurous, camphoreous, fresh",Terpenoids,152.237,522.29,127,122,plants,0.9836065573770492,0.01639344262295082,0.0,0.0,Achillea cuneatiloba; Actaea dahurica; Actaea heracleifolia
KJPRLNWUNMBNBZ-QPJJXVBHSA-N,,O=C/C=C/c1ccccc1,"cinnamon, spicy, sweet, warm",Shikimates and Phenylpropanoids,132.16199999999998,485.02,126,115,plants,0.9217391304347826,0.05217391304347826,0.02608695652173913,0.0,Aconitum fischeri; Actaea dahurica; Actaea heracleifolia
SIKJAQJRHWYJAI-UHFFFAOYSA-N,indole,c1ccc2[nH]ccc2c1,"animal, cheesy, floral, musty, pungent",Alkaloids,117.15099999999997,473.42,125,119,plants,0.8319327731092437,0.058823529411764705,0.03361344537815126,0.058823529411764705,Actaea dahurica; Actaea heracleifolia; Actaea simplex
XIRNKXNNONJFQO-UHFFFAOYSA-N,ETHYL PALMITATE,CCCCCCCCCCCCCCCC(=O)OCC,"sweet, waxy, fruity, oily, creamy, balsamic, milky",Fatty acids,284.484,669.6600000000001,124,119,plants,0.8823529411764706,0.03361344537815126,0.058823529411764705,0.01680672268907563,Abrus precatorius; Acacia aulacocarpa; Achillea millefolium
POIARNZEYGURDG-FNORWQNLSA-N,,C/C=C/C(=O)C1=C(C)C=CCC1(C)C,"apple, floral, fruity, plum, rose, tea, tobacco, sweet, natural, grape, raspberry, green, woody, earthy",Terpenoids,190.28599999999997,583.14,118,112,plants,0.8928571428571429,0.044642857142857144,0.008928571428571428,0.03571428571428571,Acacia adunca; Achillea grandifolia; Actaea dahurica
LFQSCWFLJHTTHZ-UHFFFAOYSA-N,ethanol,CCO,"alcoholic, ethereal, sweet, medicinal",Fatty acids,46.069,337.53999999999996,117,110,plants,0.8090909090909091,0.1,0.02727272727272727,0.06363636363636363,Aca sellowiana; Acca sellowiana; Allium cepa
QTBSBXVTEAMEQO-UHFFFAOYSA-N,acetic acid,CC(=O)O,"pungent, sour, acidic, sharp",Amino acids and Peptides,60.05200000000001,390.87,117,113,plants,0.8495575221238938,0.05309734513274336,0.017699115044247787,0.061946902654867256,Abies sachalinensis; Acorus calamus; Ailanthus altissima
ZWRUINPWMLAQRD-UHFFFAOYSA-N,Nonan-1-ol,CCCCCCCCCO,"fatty, floral, orange, rose, clean, oily, fresh",Fatty acids,144.258,497.7,116,107,plants,0.8691588785046729,0.056074766355140186,0.04672897196261682,0.009345794392523364,Abies sachalinensis; Aca sellowiana; Alangium premnifolium
KMPQYAYAQWNLME-UHFFFAOYSA-N,UNDECANAL,CCCCCCCCCCC=O,"citrus, fatty, floral, sweet, waxy, aldehydic, pineapple, orange, green, soapy",Fatty acids,170.296,499.94,115,110,plants,0.8090909090909091,0.1,0.05454545454545454,0.01818181818181818,Aceriphyllum rossii; Agnorhiza bolanderi; Alligator mississippiensis
NOOLISFMXDJSKH-KXUCPTDWSA-N,l-Menthol,CC(C)[C@@H]1CC[C@@H](C)C[C@H]1O,"minty, mentholic, cooling",Terpenoids,156.269,530.3499999999999,111,109,plants,0.9357798165137615,0.01834862385321101,0.01834862385321101,0.027522935779816515,Aconitum leucostomum; Actaea dahurica; Actaea heracleifolia
JFCQEDHGNNZCLN-UHFFFAOYSA-N,GLUTARIC ACID,O=C(O)CCCC(=O)O,odorless,Fatty acids,132.115,605.02,111,108,plants,0.6666666666666666,0.1574074074074074,0.09259259259259259,0.05555555555555555,Acanthamoeba culbertsoni; Acicarpha tribuloides; Aconitum palmatum
OGLDWXZKYODSOB-SNVBAGLBSA-N,4221-98-1,CC1=CC[C@H](C(C)C)C=C1,"citrus, fresh, spicy, terpenic, medicinal",Terpenoids,136.238,450.80999999999995,110,106,plants,0.9245283018867925,0.04716981132075472,0.018867924528301886,0.009433962264150943,Adenanthera macrocarpa; Aloe arborescens; Alphinia galanga
DSSYKIVIOFKYAU-OIBJUYFYSA-N,(-)-Camphor,CC1(C)[C@H]2CC[C@]1(C)C(=O)C2,,Terpenoids,152.237,509.78000000000003,110,107,plants,0.9532710280373832,0.009345794392523364,0.018691588785046728,0.009345794392523364,Acorus calamus; Acorus gramineus; Acorus tatarinowii
QUKGYYKBILRGFE-UHFFFAOYSA-N,BENZYL ACETATE,CC(=O)OCc1ccccc1,"floral, fruity, jasmine, sweet, fresh",Shikimates and Phenylpropanoids,150.177,490.42,108,102,plants,0.7549019607843137,0.11764705882352941,0.0784313725490196,0.029411764705882353,Aconitum fischeri; Aconitum sajanense; Alangium premnifolium
HGBOYTHUEUWSSQ-UHFFFAOYSA-N,Valeraldehyde,CCCCC=O,"chocolate, nutty, pungent, fermented, berry, fruity, bready",Fatty acids,86.13399999999999,362.65999999999997,106,98,plants,0.7857142857142857,0.10204081632653061,0.07142857142857142,0.02040816326530612,Actinidia chinensis; Alangium premnifolium; Allium ampeloprasum
VKCYHJWLYTUGCC-UHFFFAOYSA-N,2-NONANONE,CCCCCCCC(C)=O,"cheesy, coconut, fatty, fruity, herbal, sweet, weedy, fresh, green, earthy, soapy, waxy",Fatty acids,142.242,459.39,104,95,plants,0.8947368421052632,0.05263157894736842,0.021052631578947368,0.021052631578947368,Acca sellowiana; Alkanna cappadocica; Alpinia mutica
MNWFXJYAOYHMED-UHFFFAOYSA-N,HEPTANOIC ACID,CCCCCCC(=O)O,"fatty, sour, fermented, fruity, pineapple, cheesy, waxy",Fatty acids,130.187,505.27,103,100,plants,0.76,0.2,0.02,0.02,Actaea dahurica; Actaea heracleifolia; Actaea simplex
BJIOGJUNALELMI-ONEGZZNKSA-N,,C/C=C/c1ccc(O)c(OC)c1,"sweet, spicy, floral, phenolic",Shikimates and Phenylpropanoids,164.20399999999998,567.26,102,97,plants,0.9278350515463918,0.030927835051546393,0.030927835051546393,0.010309278350515464,Achillea cuneatiloba; Actaea dahurica; Actaea heracleifolia
YGHRJJRRZDOVPD-UHFFFAOYSA-N,3-Methylbutanal,CC(C)CC=O,"cheesy, cocoa, fruity, green, pungent, aldehydic, fatty, ethereal, chocolate, peach",Fatty acids,86.13399999999999,362.21999999999997,102,93,plants,0.8279569892473119,0.07526881720430108,0.07526881720430108,0.010752688172043012,Aesculus hippocastanum; Alkanna cappadocica; Allium ampeloprasum
LHGVFZTZFXWLCP-UHFFFAOYSA-N,guaiacol,COc1ccccc1O,"medicinal, phenolic, smoky, sweet, vanilla, meaty, spicy, savory, woody",Shikimates and Phenylpropanoids,124.13899999999997,489.48,100,92,plants,0.8369565217391305,0.06521739130434782,0.05434782608695652,0.03260869565217391,Acorus tatarinowii; Actaea dahurica; Actaea heracleifolia
LRHPLDYGYMQRHN-UHFFFAOYSA-N,1-butanol,CCCCO,"alcoholic, solvent, winey, sweet, fermented, oily, balsamic",Fatty acids,74.12299999999999,383.29999999999995,99,93,plants,0.7634408602150538,0.0967741935483871,0.03225806451612903,0.08602150537634409,Acacia longifolia; Alangium premnifolium; Aloe arborescens
WLJVXDMOQOGPHL-UHFFFAOYSA-N,PHENYLACETIC ACID,O=C(O)Cc1ccccc1,"animal, honey, sweet, sour, floral, rose, powdery, tobacco, chocolate, waxy",Shikimates and Phenylpropanoids,136.14999999999998,554.8299999999999,97,96,plants,0.5520833333333334,0.11458333333333333,0.15625,0.15625,Allium neapolitanum; Angelica sinensis; Anthopleura xanthogrammica
YWHLKYXPLRWGSE-UHFFFAOYSA-N,Dimethyl trisulfide,CSSSC,"cabbage, garlic, onion, vegetable, meaty, sulfurous, savory, alliaceous, fresh, cooked",,126.27100000000002,451.7,95,88,plants,0.7954545454545454,0.06818181818181818,0.045454545454545456,0.056818181818181816,Alkanna cappadocica; Allium; Allium Sativum
TYFQFVWCELRYAO-UHFFFAOYSA-N,Octanedioic acid,O=C(O)CCCCCCC(=O)O,,Fatty acids,174.196,673.6600000000001,94,89,plants,0.7528089887640449,0.14606741573033707,0.07865168539325842,0.011235955056179775,Agave cocui; Alcyonium coralloides; Aloe africana
WTARULDDTDQWMU-RKDXNWHRSA-N,(+)-beta-Pinene,C=C1CC[C@@H]2C[C@H]1C2(C)C,"sweet, terpenic, fresh, green, woody, hay, pine",Terpenoids,136.23799999999997,440.88,93,93,plants,0.7956989247311828,0.10752688172043011,0.08602150537634409,0.010752688172043012,Abies alba; Abies alba Mill.; Abies nordmanniana Stev. Spach
NTYJJOPFIAHURM-UHFFFAOYSA-N,Histamine,NCCc1cnc[nH]1,,Alkaloids,111.14799999999998,512.03,92,84,plants,0.7142857142857143,0.21428571428571427,0.03571428571428571,0.0,Aconitum paniculatum; Anguilla japonica; Apis cerana
DRLFMBDRBRZALE-UHFFFAOYSA-N,Melatonin,COc1ccc2[nH]cc(CCNC(C)=O)c2c1,,Alkaloids,232.28299999999996,724.24,90,84,plants,0.8928571428571429,0.07142857142857142,0.023809523809523808,0.011904761904761904,Agastache rugosa; Aloe vera; Andrographis paniculata
HFJRKMMYBMWEAD-UHFFFAOYSA-N,DODECANAL,CCCCCCCCCCCC=O,"floral, sweet, waxy, aldehydic, green, soapy, citrus",Fatty acids,184.32299999999998,522.8199999999999,88,83,plants,0.8795180722891566,0.04819277108433735,0.024096385542168676,0.0,Actaea dahurica; Actaea heracleifolia; Actaea simplex
CATSNJVOTSVZJV-UHFFFAOYSA-N,2-HEPTANONE,CCCCCC(C)=O,"cheesy, cinnamon, coconut, fruity, sweet, spicy, banana, herbal, creamy, green, woody, ketonic",Fatty acids,114.18799999999999,413.63,87,78,plants,0.7948717948717948,0.10256410256410256,0.08974358974358974,0.0,Aconitum sajanense; Allium cepa; Aloe africana
XMIIGOLPHOKFCH-UHFFFAOYSA-N,hydrocinnamic acid,O=C(O)CCc1ccccc1,"balsamic, sweet, fatty, cinnamon, floral, rose, musk",Shikimates and Phenylpropanoids,150.177,577.71,86,82,plants,0.8292682926829268,0.06097560975609756,0.036585365853658534,0.07317073170731707,Aloe africana; Aloe ferox; Aloe spicata
KWOLFJPFCHCOCG-UHFFFAOYSA-N,ACETOPHENONE,CC(=O)c1ccccc1,"cherry, pungent, sweet, vanilla, floral, nutty, coumarinic, hawthorn, almond, chemical",Shikimates and Phenylpropanoids,120.15099999999995,463.19,86,78,plants,0.9487179487179487,0.038461538461538464,0.01282051282051282,0.0,Acca sellowiana; Agastache rugosa; Aloe africana
NUPSHWCALHZGOV-UHFFFAOYSA-N,DECYL ACETATE,CCCCCCCCCCOC(C)=O,"fatty, fruity, orange, pineapple, rose, sweet, clean, creamy, fresh, soapy, citrus, waxy",Fatty acids,200.32199999999997,532.3799999999999,84,80,plants,0.825,0.0875,0.05,0.0375,Aceriphyllum rossii; Agnorhiza bolanderi; Aguacate
NDFKTBCGKNOHPJ-AATRIKPKSA-N,,CCCC/C=C/C=O,"apple, fatty, fresh, fruity, green, pungent, sweet, vegetable, oily",Fatty acids,112.17199999999997,412.58,83,76,plants,0.8157894736842105,0.07894736842105263,0.06578947368421052,0.013157894736842105,Akebia quinata; Akebia trifoliata; Alangium premnifolium
RUMOYJJNUMEFDD-JTQLQIEISA-N,(+)-Perillaldehyde,C=C(C)[C@H]1CC=C(C=O)CC1,,Terpenoids,150.22099999999995,497.30999999999995,83,83,plants,0.8192771084337349,0.07228915662650602,0.07228915662650602,0.03614457831325301,Aceriphyllum rossii; Aconitum leucostomum; Agnorhiza bolanderi
NFLGAXVYCFJBMK-DTWKUNHWSA-N,(+)-Menthone,CC(C)[C@H]1CC[C@H](C)CC1=O,"minty, mentholic",Terpenoids,154.253,510.65999999999997,80,77,plants,1.0,0.0,0.0,0.0,Achillea abrotanoides; Actaea dahurica; Actaea heracleifolia
MMFCJPPRCYDLLZ-CMDGGOBGSA-N,,CCCCCCC/C=C/C=O,"chicken, earthy, fatty, green, mushroom, waxy, aldehydic",Fatty acids,154.253,481.22,79,74,plants,0.8108108108108109,0.06756756756756757,0.08108108108108109,0.013513513513513514,Acacia dealbata; Akebia trifoliata; Alangium premnifolium
YOMSJEATGXXYPX-UHFFFAOYSA-N,2-Methoxy-4-vinylphenol,C=Cc1ccc(O)c(OC)c1,"smoky, spicy, sweet, peppery, powdery, phenolic, woody, clove",Shikimates and Phenylpropanoids,150.177,536.9,76,74,plants,0.972972972972973,0.0,0.02702702702702703,0.0,Abrus precatorius; Akebia trifoliata; Allium ampeloprasum
XVFMGWDSJLBXDZ-UHFFFAOYSA-O,Pelargonidin chloride,Oc1ccc(-c2[o+]c3cc(O)cc(O)c3cc2O)cc1,,Shikimates and Phenylpropanoids,271.248,969.97,76,73,plants,0.9863013698630136,0.0136986301369863,0.0,0.0,Acacia melanoxylon; Fragaria sp.; Punica Granatum
RHLVCLIPMVJYKS-UHFFFAOYSA-N,3-Octanone,CCCCCC(=O)CC,"cheesy, earthy, fruity, herbal, sweet, musty, fermented, vegetable, mushroom, lavender, fresh, green, ketonic",Fatty acids,128.21499999999997,436.51,76,70,plants,0.7857142857142857,0.04285714285714286,0.15714285714285714,0.014285714285714285,Aca sellowiana; Acca sellowiana; Acorus gramineus
IWDCLRJOBJJRNH-UHFFFAOYSA-N,4-methylphenol,Cc1ccc(O)cc1,"animal, medicinal, phenolic, smoky",,108.13999999999999,467.06,75,71,plants,0.9014084507042254,0.04225352112676056,0.0,0.056338028169014086,Actaea dahurica; Actaea heracleifolia; Actaea simplex
XBDQKXXYIPTUBI-UHFFFAOYSA-N,propionic acid,CCC(=O)O,"milky, pungent, sour, acidic, dairy, cheesy",Fatty acids,74.079,413.75,74,69,plants,0.8405797101449275,0.043478260869565216,0.014492753623188406,0.08695652173913043,Alpinia oxyphylla; Alstonia boonei; Angelica acutiloba
AMQJEAYHLZJPGS-UHFFFAOYSA-N,1-Pentanol,CCCCCO,"alcoholic, solvent, sweet, fermented, winey, oily, bready, balsamic, pungent",Fatty acids,88.14999999999999,406.17999999999995,71,63,plants,0.9523809523809523,0.015873015873015872,0.031746031746031744,0.0,Acca sellowiana; Aguacate; Akebia quinata
IKHGUXGNUITLKF-UHFFFAOYSA-N,acetaldehyde,CC=O,"alcoholic, nutty, pungent, musty, aldehydic, fruity, fresh, ethereal",Fatty acids,44.053,294.02,71,64,plants,0.8125,0.0625,0.046875,0.078125,Aca sellowiana; Acca sellowiana; Allium ampeloprasum
MWKFXSUHUHTGQN-UHFFFAOYSA-N,1-DECANOL,CCCCCCCCCCO,"fatty, floral, oily, sweet, waxy, clean, orange",Fatty acids,158.285,520.5799999999999,71,67,plants,0.9701492537313433,0.014925373134328358,0.0,0.014925373134328358,Aesculus hippocastanum; Alpinia hainanensis; Alpinia katsumadai
LVBXEMGDVWVTGY-VOTSOKGWSA-N,,CCCCC/C=C/C=O,"fatty, green, vegetable, leafy, banana, herbal, cucumber, fresh, waxy",Fatty acids,126.19899999999997,435.46,70,64,plants,0.8125,0.046875,0.078125,0.0,Acacia dealbata; Angelica acutiloba; Angelica gigas
YLYBTZIQSIBWLI-UHFFFAOYSA-N,Octyl acetate,CCCCCCCCOC(C)=O,"citrus, floral, fruity, green, jasmine, orange, peach, mushroom, herbal, earthy, waxy",Fatty acids,172.268,486.61999999999995,70,67,plants,0.8955223880597015,0.04477611940298507,0.029850746268656716,0.014925373134328358,Acanthus montanus; Akebia quinata; Akebia trifoliata
AZOCECCLWFDTAP-RKDXNWHRSA-N,5524-05-0,C=C(C)[C@@H]1CC[C@@H](C)C(=O)C1,"mentholic, herbal, minty",Terpenoids,152.23699999999997,507.66,69,67,plants,0.8059701492537313,0.05970149253731343,0.05970149253731343,0.07462686567164178,Actinomadura hibisca; Anastrepha suspensa; Anethum graveolens
QSJXEFYPDANLFS-UHFFFAOYSA-N,"2,3-butanedione",CC(=O)C(C)=O,"buttery, sweet, caramellic, creamy, pungent",Fatty acids,86.08999999999999,398.86,68,62,plants,0.7741935483870968,0.11290322580645161,0.06451612903225806,0.016129032258064516,Alangium premnifolium; Aloe africana; Aloe ferox
QPJVMBTYPHYUOC-UHFFFAOYSA-N,METHYL BENZOATE,COC(=O)c1ccccc1,"floral, fruity, sweet, phenolic, almond",Shikimates and Phenylpropanoids,136.14999999999998,467.54,67,60,plants,0.9,0.03333333333333333,0.03333333333333333,0.03333333333333333,Aca sellowiana; Acca sellowiana; Actaea japonica
MTZQAGJQAFMTAQ-UHFFFAOYSA-N,ETHYL BENZOATE,CCOC(=O)c1ccccc1,"floral, fruity, dry, musty, sweet, medicinal, grape, cherry, minty",Shikimates and Phenylpropanoids,150.177,490.42,67,62,plants,0.8225806451612904,0.08064516129032258,0.04838709677419355,0.016129032258064516,Aca sellowiana; Acca sellowiana; Actinidia chinensis
WQOXQRCZOLPYPM-UHFFFAOYSA-N,Dimethyl disulfide,CSSC,"cabbage, onion, vegetable, sulfurous",,94.20400000000001,382.91999999999996,66,61,plants,0.819672131147541,0.06557377049180328,0.03278688524590164,0.08196721311475409,Allium ampeloprasum; Allium cepa; Allium chinense
ZAZKJZBWRNNLDS-UHFFFAOYSA-N,Methyl tetradecanoate,CCCCCCCCCCCCCC(=O)OC,"cognac, fatty, oily, orris, waxy",Fatty acids,242.40299999999993,601.02,66,65,plants,0.7230769230769231,0.12307692307692308,0.12307692307692308,0.015384615384615385,Acyrthosiphon pisum; Aleuroglyphus ovatus; Aloe vera
XPCTZQVDEJYUGT-UHFFFAOYSA-N,MALTOL,Cc1occc(=O)c1O,"berry, caramellic, fruity, strawberry, sweet, burnt, jammy, bready",Polyketides,126.11099999999998,539.79,64,60,plants,0.7833333333333333,0.05,0.06666666666666667,0.1,Abies koreana; Abies sibirica; Abrus precatorius
NQPDZGIKBAWPEJ-UHFFFAOYSA-N,Valeric acid,CCCCC(=O)O,"cheesy, sour, fruity, acidic, tobacco, milky, sharp",Fatty acids,102.13299999999998,459.51,62,58,plants,0.8448275862068966,0.08620689655172414,0.05172413793103448,0.0,Actaea dahurica; Actaea heracleifolia; Actaea simplex
CXMXRPHRNRROMY-UHFFFAOYSA-N,sebacic acid,O=C(O)CCCCCCCCC(=O)O,,Fatty acids,202.24999999999997,719.4200000000001,62,60,plants,0.7,0.15,0.11666666666666667,0.016666666666666666,Aeschynanthus parvifolius; Agelas longissima; Alpinia pulcherrima
RTUMCNDCAVLXEP-UHFFFAOYSA-N,"1,1,6-Trimethyl-1,2-dihydronaphthalene",Cc1ccc2c(c1)C=CCC2(C)C,"gasoline, woody",Terpenoids,172.27099999999996,544.0899999999999,61,59,plants,0.7966101694915254,0.0847457627118644,0.01694915254237288,0.06779661016949153,Acacia adunca; Acca sellowiana; Adiantum lunulatum
CJPNOLIZCWDHJK-UHFFFAOYSA-N,2-PENTADECANONE,CCCCCCCCCCCCCC(C)=O,"dairy, fatty, fruity, waxy, floral, oily, burnt, fresh, jasmine, celery",Fatty acids,226.40399999999994,596.6700000000001,61,58,plants,0.8103448275862069,0.06896551724137931,0.034482758620689655,0.05172413793103448,Alkanna cappadocica; Artemisia dentata; Atalantia racemosa
AOGQPLXWSUTHQB-UHFFFAOYSA-N,Hexyl acetate,CCCCCCOC(C)=O,"apple, fruity, pear, sweet, fatty, banana, fresh, green",Fatty acids,144.21399999999997,440.86,61,55,plants,0.9636363636363636,0.01818181818181818,0.0,0.01818181818181818,Aca sellowiana; Acca sellowiana; Amaranthus retroflexus
LQZZUXJYWNFBMV-UHFFFAOYSA-N,1-DODECANOL,CCCCCCCCCCCCO,"citrus, fatty, floral, oily, waxy, honey, coconut, earthy, soapy",Fatty acids,186.33899999999997,566.3399999999999,60,57,plants,0.8947368421052632,0.017543859649122806,0.05263157894736842,0.0,Abelmoschus manihot; Angelica acutiloba; Angelica gigas
GVOWHGSUZUUUDR-UHFFFAOYSA-N,Methyl 2-(methylamino)benzoate,CNc1ccccc1C(=O)OC,"floral, musty, orange, sweet, fruity, powdery, phenolic",Alkaloids,165.19199999999998,545.5699999999999,60,59,plants,0.8135593220338984,0.0847457627118644,0.06779661016949153,0.03389830508474576,Aceriphyllum rossii; Agnorhiza bolanderi; Alligator mississippiensis
XMLSXPIVAXONDL-PLNGDYQASA-N,,CC/C=C\CC1=C(C)CCC1=O,"floral, fruity, jasmine, spicy, herbal, woody, celery, citrus",Fatty acids,164.248,552.3299999999999,59,58,plants,1.0,0.0,0.0,0.0,Acacia dealbata; Achillea arabica; Achillea biebersteinii
NJGBTKGETPDVIK-UHFFFAOYSA-N,4-(4-Hydroxyphenyl)-2-butanone,CC(=O)CCc1ccc(O)cc1,"fruity, sweet, ripe, berry, floral, jammy, raspberry, woody",Shikimates and Phenylpropanoids,164.204,589.5699999999999,58,57,plants,0.8771929824561403,0.0,0.08771929824561403,0.03508771929824561,Abies nephrolepis; Abies spectabilis; Acer maximowiczianum
NOOLISFMXDJSKH-AEJSXWLSSA-N,(+)-Menthol,CC(C)[C@H]1CC[C@H](C)C[C@@H]1O,mentholic,Terpenoids,156.269,530.3499999999999,57,57,plants,0.9122807017543859,0.017543859649122806,0.05263157894736842,0.017543859649122806,Aconitum leucostomum; Actaea dahurica; Actaea heracleifolia
JLPUXFOGCDVKGO-TUAOUCFPSA-N,GEOSMIN,C[C@H]1CCC[C@@]2(C)CCCC[C@]12O,"earthy, green, herbal, musty, fresh",Terpenoids,182.307,592.71,57,56,bacteria,0.125,0.0,0.07142857142857142,0.7857142857142857,Basella alba; Beta vulgaris; Chaetomium globosum
GUBGYTABKSRVRQ-QUYVBRFLSA-N,maltose,OC[C@H]1O[C@H](O[C@H]2[C@H](O)[C@@H](O)[C@H](O)O[C@@H]2CO)[C@H](O)[C@@H](O)[C@@H]1O,,Carbohydrates,342.297,1289.66,57,54,plants,0.9629629629629629,0.037037037037037035,0.0,0.0,Acorus calamus var. americanus; Actinidia chinensis; Actinostemma paniculatum
NNWHUJCUHAELCL-SNAWJCMRSA-N,Methylisoeugenol,C/C=C/c1ccc(OC)c(OC)c1,"floral, spicy, sweet, tea, clove",Shikimates and Phenylpropanoids,178.23099999999997,536.9200000000001,56,54,plants,0.9259259259259259,0.05555555555555555,0.0,0.018518518518518517,Acarus calamus; Acorus Calamus; Acorus Gramineus
OOCCDEMITAIZTP-QPJJXVBHSA-N,,OC/C=C/c1ccccc1,"sweet, spicy, powdery, balsamic, green, hyacinth",Shikimates and Phenylpropanoids,134.178,528.54,56,52,plants,0.9230769230769231,0.038461538461538464,0.038461538461538464,0.0,Aconitum fischeri; Apocynum androsaemifolium; Artemisia argyi
XPFVYQJUAUNWIW-UHFFFAOYSA-N,FURFURYL ALCOHOL,OCc1ccco1,"sweet, musty, estery, sulfurous, caramellic, coffee, bready, brown, chemical, alcoholic",Polyketides,98.10099999999998,456.37999999999994,54,47,plants,0.8936170212765957,0.02127659574468085,0.0851063829787234,0.0,Allium cepa; Angelica acutiloba; Angelica gigas
SATCULPHIDQDRE-UHFFFAOYSA-N,PIPERONAL,O=Cc1ccc2c(c1)OCO2,"cherry, floral, sweet, vanilla, spicy, creamy, tropical",Shikimates and Phenylpropanoids,150.13299999999995,461.01,53,52,plants,0.8076923076923077,0.019230769230769232,0.09615384615384616,0.07692307692307693,Abies webbiana; Achillea grandifolia; Agaricus xanthodermus
ZXEKIIBDNHEJCQ-UHFFFAOYSA-N,Isobutanol,CC(C)CO,"fermented, sweet, winey, ethereal",Fatty acids,74.12299999999999,382.85999999999996,52,45,plants,0.6444444444444445,0.044444444444444446,0.15555555555555556,0.15555555555555556,A new engineered strain of Escherichia coli BL DE cscB cscA cscK ino miox udh suhB zwf pgi ptsG uxaC gudD glk; A new engineered strain of Escherichia coli mdtC; A new engineered strain of Escherichia coli mdtE
CCRCUPLGCSFEDV-BQYQJAHWSA-N,,COC(=O)/C=C/c1ccccc1,"balsamic, fruity, sweet, strawberry, cherry",Shikimates and Phenylpropanoids,162.188,517.46,52,50,plants,0.92,0.04,0.04,0.0,Alpinia formosana; Alpinia galanga; Alpinia hainanensis
GETQZCLCWQTVFV-UHFFFAOYSA-N,trimethylamine,CN(C)C,"fishy, pungent, fruity, oily",,59.111999999999995,280.67999999999995,52,49,plants,0.6938775510204082,0.20408163265306123,0.08163265306122448,0.02040816326530612,Amorphophallus brachyphyllus; Asarum europaeum; Asarum sieboldii
BBMCTIGTTCKYKF-UHFFFAOYSA-N,1-HEPTANOL,CCCCCCCO,"fatty, fresh, green, sweet, musty, vegetable, leafy, banana, herbal, fruity, violet, apple, woody, pungent",Fatty acids,116.204,451.94,50,46,plants,0.9565217391304348,0.021739130434782608,0.021739130434782608,0.0,Acacia dealbata; Achillea grandifolia; Actinidia chinensis
BSAIUMLZVGUGKX-FPLPWBNLSA-N,,CCCCCC/C=C\C=O,"cucumber, fatty, melon, orris, waxy",Fatty acids,140.22599999999997,458.34,50,43,plants,1.0,0.0,0.0,0.0,Aloe africana; Aloe ferox; Aloe spicata
NEHNMFOYXAPHSD-JTQLQIEISA-N,(-)-Citronellal,CC(C)=CCC[C@H](C)CC=O,"herbal, clean, citrus",Terpenoids,154.25300000000001,480.66,50,48,plants,1.0,0.0,0.0,0.0,Acorus calamus; Backhousia citriodora; Citrus Hystrix
ZDPHROOEEOARMN-UHFFFAOYSA-N,UNDECANOIC ACID,CCCCCCCCCCC(=O)O,"fatty, coconut, creamy, cheesy, waxy",Fatty acids,186.295,596.79,50,48,plants,0.8958333333333334,0.041666666666666664,0.020833333333333332,0.041666666666666664,Alliaria petiolata; Arabidopsis thaliana; Arnica montana
AQIXEPGDORPWBJ-UHFFFAOYSA-N,3-PENTANOL,CCC(O)CC,"ethereal, fermented, fruity, sweet, herbal, nutty, oily",Fatty acids,88.15,405.73999999999995,49,46,plants,0.7608695652173914,0.10869565217391304,0.06521739130434782,0.021739130434782608,Alangium premnifolium; Amaranthus retroflexus; Angelica tarokoensis
LHXDLQBQYFFVNW-XCBNKYQSSA-N,"(+)-1,3,3-Trimethyl-2-norbornanone",CC1(C)C(=O)[C@@]2(C)CC[C@@H]1C2,"camphoreous, minty, sweet, mentholic, herbal, terpenic, pine, cooling, fresh, balsamic, cedar, earthy, woody",Terpenoids,152.237,509.78000000000003,49,45,plants,0.9777777777777777,0.0,0.022222222222222223,0.0,Abies alba; Alphinia galanga; Amomum compactum
KJIOQYGWTQBHNH-UHFFFAOYSA-N,1-UNDECANOL,CCCCCCCCCCCO,"citrus, floral, fruity, oily",Fatty acids,172.31199999999998,543.46,49,48,plants,0.8541666666666666,0.0625,0.020833333333333332,0.041666666666666664,Alkanna cappadocica; Artemisia dentata; Atalantia racemosa
SCCDQYPEOIRVGX-UHFFFAOYSA-N,Eugenol acetate,C=CCc1ccc(OC(C)=O)c(OC)c1,"balsamic, fruity, spicy, sweet, malty, floral, fresh, woody, clove",Shikimates and Phenylpropanoids,206.24099999999996,588.1199999999999,48,41,plants,0.8292682926829268,0.0975609756097561,0.07317073170731707,0.0,Aconitum sajanense; Alpinia chinensis; Alpinia galanga
AEMFNILZOJDQLW-QAGGRKNESA-N,androstenedione,C[C@]12CCC(=O)C=C1CC[C@@H]1[C@@H]2CC[C@]2(C)C(=O)CC[C@@H]12,,Terpenoids,286.415,818.22,48,48,plants,0.5625,0.2916666666666667,0.14583333333333334,0.0,Alcea rosea; Alcyonium utinomii; Aldisa sanguinea
KQNPFQTWMSNSAP-UHFFFAOYSA-N,ISOBUTYRIC ACID,CC(C)C(=O)O,"cheesy, fruity, sour, acidic, dairy, buttery",Fatty acids,88.10599999999998,436.19,48,43,plants,0.813953488372093,0.11627906976744186,0.0,0.046511627906976744,Actinidia chinensis; Alstonia boonei; Apium graveolens
QQZOPKMRPOGIEB-UHFFFAOYSA-N,2-HEXANONE,CCCCC(C)=O,"cheesy, dairy, fruity, ketonic, buttery, meaty",Fatty acids,100.16099999999999,390.75,47,43,plants,0.8372093023255814,0.09302325581395349,0.023255813953488372,0.023255813953488372,Acca sellowiana; Alkanna cappadocica; Aloe africana
YRHYCMZPEVDGFQ-UHFFFAOYSA-N,METHYL DECANOATE,CCCCCCCCCC(=O)OC,"cognac, fatty, fruity, oily, winey, fermented, floral",Fatty acids,186.295,509.49999999999994,47,47,plants,0.8085106382978723,0.02127659574468085,0.14893617021276595,0.0,Achillea millefolium; Apium graveolens; Arnebia euchroma
QWVGKYWNOKOFNN-UHFFFAOYSA-N,o-cresol,Cc1ccccc1O,"medicinal, phenolic, musty, herbal, leathery",Shikimates and Phenylpropanoids,108.13999999999999,467.06,45,41,plants,0.926829268292683,0.04878048780487805,0.024390243902439025,0.0,Actaea dahurica; Actaea heracleifolia; Actaea simplex
HZYHMHHBBBSGHB-ODYTWBPASA-N,,CC/C=C\CC/C=C/C=O,"cucumber, green, leafy, melon, violet, dry, vegetable, fatty",Fatty acids,138.20999999999998,462.5,45,43,plants,0.7441860465116279,0.11627906976744186,0.06976744186046512,0.023255813953488372,Acacia dealbata; Alangium premnifolium; Angelica tarokoensis
OBNCKNCVKJNDBV-UHFFFAOYSA-N,ETHYL BUTYRATE,CCCC(=O)OCC,"banana, buttery, ethereal, fruity, pineapple, ripe, juicy, cognac",Fatty acids,116.15999999999998,395.09999999999997,44,40,plants,0.975,0.025,0.0,0.0,Aca sellowiana; Acca sellowiana; Actinidia chinensis
ZCTQGTTXIYCGGC-UHFFFAOYSA-N,BENZYL SALICYLATE,O=C(OCc1ccccc1)c1ccccc1O,"balsamic, sweet, clean, herbal, oily",Shikimates and Phenylpropanoids,228.24699999999999,712.1200000000001,44,43,plants,0.8372093023255814,0.046511627906976744,0.06976744186046512,0.046511627906976744,Acca sellowiana; Aniba; Aniba affinis
MDHYEMXUFSJLGV-UHFFFAOYSA-N,Phenethyl acetate,CC(=O)OCCc1ccccc1,"fruity, honey, rose, sweet, floral, cocoa, balsamic, tropical",Shikimates and Phenylpropanoids,164.204,513.3,44,37,plants,0.8918918918918919,0.0,0.02702702702702703,0.08108108108108109,Artemisia argyi; Artemisia montana; Artemisia princeps
QMMFVYPAHWMCMS-UHFFFAOYSA-N,dimethyl sulfide,CSC,"cabbage, pungent, vegetable, sweet, sulfurous, berry, fruity, onion, creamy, fishy, tomato, green, radish",,62.137,314.14,43,38,plants,0.8157894736842105,0.10526315789473684,0.02631578947368421,0.05263157894736842,Acmella ciliata; Allium ampeloprasum; Allium cepa
UBJVUCKUDDKUJF-UHFFFAOYSA-N,DIALLYL SULFIDE,C=CCSCC=C,"garlic, horseradish, pungent, sweet, metallic, sulfurous, onion",,114.21299999999998,399.02,43,39,plants,0.7948717948717948,0.10256410256410256,0.0,0.07692307692307693,Adenocalymma alliaceum; Alliaria petiolata; Allium Sativum
NUKZAGXMHTUAFE-UHFFFAOYSA-N,METHYL HEXANOATE,CCCCCC(=O)OC,"apple, ethereal, fruity, pineapple, banana, strawberry, apricot",Fatty acids,130.18699999999998,417.98,43,39,plants,0.9743589743589743,0.02564102564102564,0.0,0.0,Akebia quinata; Akebia trifoliata; Angelica acutiloba
GNKZMNRKLCTJAY-UHFFFAOYSA-N,4'-Methylacetophenone,CC(=O)c1ccc(C)cc1,"floral, fruity, hay, sweet, vanilla, powdery, coumarinic, hawthorn, cherry",Shikimates and Phenylpropanoids,134.17799999999997,491.05,43,40,plants,0.825,0.05,0.075,0.025,Alkanna cappadocica; Apium graveolens; Artemisia dentata
RWGFKTVRMDUZSP-UHFFFAOYSA-N,CUMENE,CC(C)c1ccccc1,,Terpenoids,120.19499999999995,431.76,41,41,plants,0.975609756097561,0.024390243902439025,0.0,0.0,Artemisia maritima; Atherosperma moschatum; Backhousia angustifolia
ALVPFGSHPUPROW-UHFFFAOYSA-N,Dipropyl disulfide,CCCSSCCC,"alliaceous, garlic, green, onion, metallic, sulfurous, tropical, burnt, fresh, earthy",,150.31199999999998,474.44,41,38,plants,0.8947368421052632,0.07894736842105263,0.0,0.02631578947368421,Allium; Allium Sativum; Allium ampeloprasum
SHZIWNPUGXLXDT-UHFFFAOYSA-N,ETHYL HEXANOATE,CCCCCC(=O)OCC,"banana, fruity, pear, pineapple, strawberry, tropical, sweet, estery, fatty, green, waxy",Fatty acids,144.21399999999997,440.86,41,35,plants,0.9714285714285714,0.02857142857142857,0.0,0.0,Aca sellowiana; Acca sellowiana; Actinidia chinensis
RUMOYJJNUMEFDD-SNVBAGLBSA-N,18031-40-8,C=C(C)[C@@H]1CC=C(C=O)CC1,"fatty, herbal, spicy, oily, grassy, fresh, green, cherry, minty",Terpenoids,150.22099999999995,497.30999999999995,40,40,plants,0.85,0.075,0.05,0.025,Aconitum leucostomum; Anarsia lineatella; Apollonias barbujana
KMRMUZKLFIEVAO-IUCAKERBSA-N,(-)-Myrtenal,CC1(C)[C@H]2CC=C(C=O)[C@@H]1C2,,Terpenoids,150.22099999999998,494.5199999999999,40,39,plants,1.0,0.0,0.0,0.0,Alpinia oxyphylla; Amomum kravanh; Amomum krervanh
KPGXRSRHYNQIFN-UHFFFAOYSA-N,2-ketoglutaric acid,O=C(O)CCC(=O)C(=O)O,odorless,Fatty acids,146.098,658.89,40,37,plants,0.6216216216216216,0.08108108108108109,0.10810810810810811,0.16216216216216217,Agaricus xanthodermus; Anigozanthos flavidus; Arabidopsis thaliana
DKPFZGUDAPQIHT-UHFFFAOYSA-N,Butyl acetate,CCCCOC(C)=O,"banana, fruity, pear, pineapple, sweet, solvent, ethereal, sharp",Fatty acids,116.15999999999998,395.09999999999997,39,36,plants,0.8611111111111112,0.08333333333333333,0.0,0.027777777777777776,Aesculus hippocastanum; Alpinia galanga; Angelica acutiloba
UZFLPKAIBPNNCA-BQYQJAHWSA-N,,CC(=O)/C=C/C1C(C)=CCCC1(C)C,"balsamic, violet, woody, sweet, floral, fruity, tropical, orris",Terpenoids,192.30199999999994,574.3299999999999,39,36,plants,0.9166666666666666,0.027777777777777776,0.027777777777777776,0.0,Apium graveolens; Artemisia tridentata; Bitter bush
ZFRKQXVRDFCRJG-UHFFFAOYSA-N,3-METHYLINDOLE,Cc1c[nH]c2ccccc12,"animal, floral, fruity",Alkaloids,131.17799999999997,501.28000000000003,39,38,plants,0.7368421052631579,0.13157894736842105,0.05263157894736842,0.02631578947368421,Aria latifolia; Arum sp; Arum sp.
NPFVOOAXDOBMCE-PLNGDYQASA-N,cis-3-Hexenyl acetate,CC/C=C\CCOC(C)=O,"banana, fruity, grassy, green, sweet, melon, apple, pear, fresh",Fatty acids,142.198,445.02,37,33,plants,0.9696969696969697,0.030303030303030304,0.0,0.0,Aca sellowiana; Acacia mearnsii; Acca sellowiana
YYZUSRORWSJGET-UHFFFAOYSA-N,ETHYL OCTANOATE,CCCCCCCC(=O)OCC,"fruity, sweet, winey, musty, banana, brandy, apricot, pineapple, pear, creamy, dairy, waxy",Fatty acids,172.26799999999997,486.61999999999995,37,34,plants,0.9705882352941176,0.029411764705882353,0.0,0.0,Acca sellowiana; Allium cepa; Apium graveolens
UQDUPQYQJKYHQI-UHFFFAOYSA-N,Methyl laurate,CCCCCCCCCCCC(=O)OC,"mushroom, coconut, creamy, soapy, waxy",Fatty acids,214.34899999999996,555.26,36,36,plants,0.8611111111111112,0.027777777777777776,0.1111111111111111,0.0,Acyrthosiphon pisum; Aloe vera; Angelica dahurica
PFRGXCVKLLPLIP-UHFFFAOYSA-N,DIALLYL DISULFIDE,C=CCSSCC=C,"garlic, pungent, metallic, onion, alliaceous",,146.28,467.8,35,34,plants,0.9411764705882353,0.029411764705882353,0.0,0.029411764705882353,Adenocalymma alliaceum; Alliaria petiolata; Allium
IVSZLXZYQVIEFR-UHFFFAOYSA-N,M-XYLENE,Cc1cccc(C)c1,,,106.16799999999999,414.29999999999995,34,32,plants,0.90625,0.0625,0.0,0.0,Acorus gramineus; Acorus tatarinowii; Actinidia chinensis
XNLICIUVMPYHGG-UHFFFAOYSA-N,2-Pentanone,CCCC(C)=O,"banana, dairy, ethereal, fruity, ketonic, rummy, sweet, fermented, winey, woody",Fatty acids,86.13399999999999,367.87,33,31,plants,0.9354838709677419,0.06451612903225806,0.0,0.0,Aglaia odoratissima; Aloe africana; Aloe ferox
XAPCMTMQBXLDBB-UHFFFAOYSA-N,HEXYL BUTYRATE,CCCCCCOC(=O)CCC,"fruity, sweet, vegetable, estery, apple, green, soapy, waxy",Fatty acids,172.26799999999997,486.61999999999995,32,31,plants,0.9354838709677419,0.06451612903225806,0.0,0.0,Acacia nuperrima; Acca sellowiana; Cannabis sativa
BYCHQEILESTMQU-FMIVXFBMSA-N,,CCC(=O)OC/C=C(\C)CCC=C(C)C,"fruity, grape, rose, sweet, vegetable, floral, honey, powdery, geranium, tropical, citrus, waxy",Fatty acids,210.31699999999995,563.3399999999999,32,31,plants,1.0,0.0,0.0,0.0,Achillea erba-rotta; Achillea moschata; Achillea nana
LSKONYYRONEBKA-UHFFFAOYSA-N,2-Dodecanone,CCCCCCCCCCC(C)=O,"citrus, floral, fruity, orange",Fatty acids,184.32299999999998,528.03,31,29,plants,0.8275862068965517,0.06896551724137931,0.034482758620689655,0.06896551724137931,Aca sellowiana; Akebia quinata; Akebia trifoliata
XSQUKJJJFZCRTK-UHFFFAOYSA-N,urea,NC(N)=O,,Alkaloids,60.056,421.40999999999997,31,27,fungi,0.2962962962962963,0.2962962962962963,0.37037037037037035,0.037037037037037035,Arabidopsis thaliana; Ascochyta medicaginicola; Bas taurus
FUGYGGDSWSUORM-UHFFFAOYSA-N,4-Vinylphenol,C=Cc1ccc(O)cc1,"medicinal, phenolic, spicy, sweet, musty, meaty, chemical",Shikimates and Phenylpropanoids,120.15099999999997,486.62,31,30,plants,0.8,0.03333333333333333,0.06666666666666667,0.1,Abrus precatorius; Alliaria petiolata; Aloe microstigma
JUJWROOIHBZHMG-UHFFFAOYSA-N,PYRIDINE,c1ccncc1,"burnt, fishy, sour",Alkaloids,79.10199999999998,389.4,30,28,plants,0.9285714285714286,0.07142857142857142,0.0,0.0,Arabidopsis thaliana; Basella alba; Brassica oleracea
MLFHJEHSLIIPHL-UHFFFAOYSA-N,ISOAMYL ACETATE,CC(=O)OCCC(C)C,"banana, fruity, pear, sweet, solvent, estery, ripe",Fatty acids,130.18699999999998,417.53999999999996,30,26,plants,0.8846153846153846,0.038461538461538464,0.038461538461538464,0.038461538461538464,Amorphophallus annulifer; Amorphophallus haematospadix; Annona reticulata
ZAJNGDIORYACQU-UHFFFAOYSA-N,2-Decanone,CCCCCCCCC(C)=O,"floral, orange, peach, fatty",Fatty acids,156.269,482.27,30,29,plants,0.8620689655172413,0.06896551724137931,0.06896551724137931,0.0,Acca sellowiana; Aloe africana; Aloe ferox
ZTQSAGDEMFDKMZ-UHFFFAOYSA-N,butyraldehyde,CCCC=O,"cocoa, fruity, green, malty, musty, bready, pungent, chocolate",Fatty acids,72.107,339.78,29,28,plants,0.75,0.17857142857142858,0.03571428571428571,0.03571428571428571,Aloe africana; Aloe ferox; Aloe spicata
JGHZJRVDZXSNKQ-UHFFFAOYSA-N,Methyl octanoate,CCCCCCCC(=O)OC,"fruity, orange, winey, sweet, vegetable, aldehydic, herbal, green, waxy",Fatty acids,158.24099999999999,463.73999999999995,29,27,plants,1.0,0.0,0.0,0.0,Achillea millefolium; Alafia barteri; Ananas comosus
UUIQMZJEGPQKFD-UHFFFAOYSA-N,Methyl butyrate,CCCC(=O)OC,"apple, buttery, ethereal, fermented, fruity, sweet, banana, pineapple, creamy, pungent",Fatty acids,102.13299999999998,372.21999999999997,29,27,plants,0.9629629629629629,0.037037037037037035,0.0,0.0,Aca sellowiana; Actinidia chinensis; Annona muricata
ZPVFWPFBNIEHGJ-UHFFFAOYSA-N,2-OCTANONE,CCCCCCC(C)=O,"apple, cheesy, fatty, fruity, green, musty, natural, weedy, herbal, woody, earthy, dairy, ketonic",Fatty acids,128.215,436.51,29,25,plants,0.8,0.08,0.12,0.0,Aloe africana; Aloe ferox; Aloe spicata
AMIMRNSIRUDHCM-UHFFFAOYSA-N,ISOBUTYRALDEHYDE,CC(C)C=O,"banana, cheesy, chocolate, fruity, green, floral, aldehydic, fresh, pungent",Fatty acids,72.107,339.34,28,26,plants,0.8461538461538461,0.07692307692307693,0.07692307692307693,0.0,Aloe africana; Aloe ferox; Aloe spicata
RLSSMJSEOOYNOY-UHFFFAOYSA-N,m-cresol,Cc1cccc(O)c1,"dry, leathery, medicinal, phenolic, woody",,108.13999999999999,467.06,27,27,plants,0.7777777777777778,0.1111111111111111,0.1111111111111111,0.0,Artemisia capillaries; Artemisia capillaris; Artemisia dolosa
DUNCVNHORHNONW-UHFFFAOYSA-N,Myrcenol,C=CC(=C)CCCC(C)(C)O,"floral, woody, lavender, fresh, citrus",Terpenoids,154.25300000000001,510.59000000000003,27,26,plants,1.0,0.0,0.0,0.0,Acca sellowiana; Atractylodes chinensis; Atractylodes lancea
KBEBGUQPQBELIU-CMDGGOBGSA-N,,CCOC(=O)/C=C/c1ccccc1,"balsamic, cinnamon, honey, plum, floral",Shikimates and Phenylpropanoids,176.215,540.3399999999999,27,23,plants,1.0,0.0,0.0,0.0,Aca sellowiana; Artemisia judaica; Artemisia salsoloides
BDERNNFJNOPAEC-UHFFFAOYSA-N,1-propanol,CCCO,"alcoholic, fermented, sweet, musty, fruity, apple, pear",Fatty acids,60.096,360.41999999999996,26,24,plants,0.875,0.041666666666666664,0.08333333333333333,0.0,Allium cepa; Aloe africana; Aloe ferox
IOJUPLGTWVMSFF-UHFFFAOYSA-N,BENZOTHIAZOLE,c1ccc2scnc2c1,"beefy, burnt, coffee, sulfurous, vegetable, meaty, nutty, brown, cooked",Alkaloids,135.191,503.52000000000004,26,24,plants,0.875,0.0,0.0,0.0,Allium cepa; Basella alba; Brassica carinata
LCZUOKDVTBMCMX-UHFFFAOYSA-N,"2,5-DIMETHYLPYRAZINE",Cc1cnc(C)cn1,"chocolate, earthy, roasted, musty, medicinal, cocoa, nutty, grassy, powdery, woody",Alkaloids,108.14399999999999,475.94,25,24,plants,0.7083333333333334,0.125,0.0,0.16666666666666666,Abrus precatorius; Aconitum kongboense; Anastrepha Serpentina
WNLRTRBMVRJNCN-UHFFFAOYSA-N,adipic acid,O=C(O)CCCCC(=O)O,odorless,Fatty acids,146.14200000000002,627.9,24,22,plants,0.8181818181818182,0.18181818181818182,0.0,0.0,Anthyllis sericea; Arabidopsis thaliana; Beta Vulgaris
GXANMBISFKBPEX-ARJAWSKDSA-N,cis-3-Hexenal,CC/C=C\CC=O,"fresh, grassy, green, leafy, pungent, fatty, weedy, fruity, apple",Fatty acids,98.145,389.7,24,22,plants,1.0,0.0,0.0,0.0,Aca sellowiana; Aloe arborescens var. natalensis; Apium graveolens
RGXWDWUGBIJHDO-UHFFFAOYSA-N,ETHYL DECANOATE,CCCCCCCCCC(=O)OCC,"cognac, fatty, nutty, sweet, winey, grape, brandy, fruity, oily, apple, waxy",Fatty acids,200.32199999999997,532.3799999999999,24,20,plants,0.9,0.05,0.05,0.0,Aca sellowiana; Baccharis dracunculifolia; Carica papaya
ZWEHNKRNPOVVGH-UHFFFAOYSA-N,2-Butanone,CCC(C)=O,"camphoreous, fruity, ketonic, solvent, sweet, ethereal",Fatty acids,72.10699999999999,344.99,24,22,plants,0.8181818181818182,0.09090909090909091,0.09090909090909091,0.0,Acacia dealbata; Ageratum conyzoides; Aloe africana
XUPYJHCZDLZNFP-UHFFFAOYSA-N,Butyl butyrate,CCCCOC(=O)CCC,"apple, banana, fruity, pear, pineapple, sweet, ripe, fresh, green, cherry",Fatty acids,144.21399999999997,440.86,24,23,plants,0.9130434782608695,0.043478260869565216,0.0,0.043478260869565216,Annona reticulata; Carica papaya; Citrus iyo
WJSDHUCWMSHDCR-VMPITWQZSA-N,,CC(=O)OC/C=C/c1ccccc1,"balsamic, cinnamon, floral, fruity, spicy, sweet",Shikimates and Phenylpropanoids,176.215,540.3399999999999,24,22,plants,1.0,0.0,0.0,0.0,Bidens graveolens; Cinamomum cassia; Cinnamomum aromaticum
FQMZVFJYMPNUCT-YRNVUSSQSA-N,,CC(C)=CCC/C(C)=C/COC=O,"fresh, fruity, green, leafy, rose, floral, apple, tropical, peach",Terpenoids,182.26299999999998,435.78,24,23,plants,1.0,0.0,0.0,0.0,Cassia alata; Cleistopholis patens; Cryptomeria japonica
YDGMGEXADBMOMJ-LURJTMIESA-N,"(2~{S})-2-amino-5-[(~{N},~{N}-dimethylcarbamimidoyl)amino]pentanoic acid",CN(C)C(N)=NCCC[C@H](N)C(=O)O,,Amino acids and Peptides,202.258,761.77,24,24,plants,0.9166666666666666,0.08333333333333333,0.0,0.0,Caenorhabditis elegans; Allium cepa; Amelanchier alnifolia
DVVATNQISMINCX-YTXTXJHMSA-N,,CCC/C=C/C=C/C=O,"citrus, fatty, fruity, green, melon, pear",Fatty acids,124.18299999999996,439.62,23,22,plants,0.7272727272727273,0.045454545454545456,0.045454545454545456,0.0,Annona foetida; Bupleurum chinense; Bupleurum falcatum
HXDOZKJGKXYMEW-UHFFFAOYSA-N,4-ETHYLPHENOL,CCc1ccc(O)cc1,"animal, phenolic, woody, smoky, savory",Shikimates and Phenylpropanoids,122.16699999999996,489.94,23,21,plants,0.8095238095238095,0.047619047619047616,0.09523809523809523,0.047619047619047616,Aloe africana; Aloe ferox; Aloe spicata
IAEGWXHKWJGQAZ-UHFFFAOYSA-N,"2,3,5-Trimethylpyrazine",Cc1cnc(C)c(C)n1,"burnt, cocoa, coffee, nutty, potato, roasted, musty, powdery, hazelnut, earthy",Alkaloids,122.17099999999999,503.8,23,22,plants,0.6363636363636364,0.09090909090909091,0.0,0.2727272727272727,Bactrocera cucumis; Brassica oleracea; Camellia sinensis
MMXKVMNBHPAILY-UHFFFAOYSA-N,Ethyl dodecanoate,CCCCCCCCCCCC(=O)OCC,"fatty, floral, fruity, oily, waxy, sweet, clean, soapy",Fatty acids,228.37599999999995,578.1399999999999,23,21,plants,0.9523809523809523,0.047619047619047616,0.0,0.0,Angelica dahurica; Azadirachta indica; Carica papaya
NVLPQIPTCCLBEU-UHFFFAOYSA-N,Allyl methyl sulfide,C=CCSC,"garlic, onion, sulfurous, alliaceous",,88.17499999999998,356.58,23,22,plants,0.8636363636363636,0.09090909090909091,0.0,0.045454545454545456,Allium; Allium Sativum; Allium ampeloprasum
BMFVGAAISNGQNM-UHFFFAOYSA-N,ISOAMYLAMINE,CC(C)CCN,cheesy,Amino acids and Peptides,87.16600000000001,386.09,22,22,plants,0.7727272727272727,0.09090909090909091,0.13636363636363635,0.0,Astragalus oxyphysus; Centaurea glastifolia; Clavaria pyxidata
LHXDLQBQYFFVNW-OIBJUYFYSA-N, EINECS 232-107-5,CC1(C)C(=O)[C@]2(C)CC[C@H]1C2,"camphoreous, pine, sweet, herbal, earthy, woody",Terpenoids,152.237,509.78000000000003,22,20,plants,1.0,0.0,0.0,0.0,Amomum compactum; Amomum krervanh; Amomum longiligulare
PANBRUWVURLWGY-MDZDMXLPSA-N,,CCCCCCCC/C=C/C=O,"citrus, fresh, lemon, orange, sweet, aldehydic, fatty, fruity, green, waxy",Fatty acids,168.28,504.1,21,17,plants,0.8235294117647058,0.11764705882352941,0.0,0.0,Ailanthus altissima; Anthemis aciphylla; Anthemis aciphylla BOISS.var.discoidea BOISS
RDOXTESZEPMUJZ-UHFFFAOYSA-N,ANISOLE,COc1ccccc1,"anisic, sweet, gasoline, anise, phenolic, ethereal",Shikimates and Phenylpropanoids,108.13999999999997,408.86,21,20,plants,0.7,0.1,0.15,0.0,Achillea abrotanoides; Achillea millefolium; Aspergillus candidus
ZKVZSBSZTMPBQR-UPHRSURJSA-N,,O=C1CCCCCCC/C=C\CCCCCCC1,"animal, musk, sweet, dry, clean",Fatty acids,250.42599999999993,726.73,21,21,plants,0.7142857142857143,0.14285714285714285,0.047619047619047616,0.0,Aria latifolia; Athyrium yokoscense; Citrus japonica
AKGGYBADQZYZPD-UHFFFAOYSA-N,BENZYLACETONE,CC(=O)CCc1ccccc1,"floral, fresh, green, jasmine, balsamic",Shikimates and Phenylpropanoids,148.20499999999998,508.95,21,21,plants,0.8571428571428571,0.047619047619047616,0.047619047619047616,0.0,Alpinia latilabris; Aquilaria agallochum; Aquilaria malaccensis
CHWNEIVBYREQRF-UHFFFAOYSA-N,4-Ethyl-2-methoxyphenol,CCc1ccc(O)c(OC)c1,"phenolic, smoky, spicy, vanilla, sweet, medicinal, woody, clove",,152.19299999999998,540.22,20,18,plants,0.8888888888888888,0.0,0.1111111111111111,0.0,Angelica acutiloba; Angelica gigas; Angelica sinensis
CZCBTSFUTPZVKJ-ZJUUUORDSA-N,trans-Rose oxide,CC(C)=C[C@H]1C[C@H](C)CCO1,,Terpenoids,154.253,474.2699999999999,20,19,plants,1.0,0.0,0.0,0.0,Corymbia citriodora; Ephedra sinica; Eucalyptus citriodora
UHOVQNZJYSORNB-UHFFFAOYSA-N,benzene,c1ccccc1,,Shikimates and Phenylpropanoids,78.11399999999999,358.58,20,19,plants,0.9473684210526315,0.05263157894736842,0.0,0.0,Basella alba; Capsicum annuum; Carthamus tinctorius
CAWHJQAVHZEVTJ-UHFFFAOYSA-N,2-METHYLPYRAZINE,Cc1cnccn1,"cocoa, fishy, green, musty, nutty, potato, brown, roasted, earthy, chocolate",Alkaloids,94.11699999999999,448.08,20,19,plants,0.7368421052631579,0.10526315789473684,0.0,0.10526315789473684,Allium cepa; Arctostaphylos uva-ursi; Artemisia argyi
ZSBOMYJPSRFZAL-JLHYYAGUSA-N,,CCCC(=O)OC/C=C(\C)CCC=C(C)C,"fruity, rose, sweet, apricot, fresh, raspberry, green, tropical, peach, waxy",Fatty acids,224.34399999999994,586.22,20,19,plants,1.0,0.0,0.0,0.0,Bothriochloa bladhii; Chamomilla suaveolens; Cryptomeria japonica
CBOQJANXLMLOSS-UHFFFAOYSA-N,3-Ethoxy-4-hydroxybenzaldehyde,CCOc1cc(C=O)ccc1O,"sweet, vanilla, creamy",Shikimates and Phenylpropanoids,166.176,516.64,20,19,plants,0.7368421052631579,0.15789473684210525,0.05263157894736842,0.0,Achyranthes aspera; Barnettia kerrii; Betula davurica
NTPLXRHDUXRPNE-UHFFFAOYSA-N,4'-Methoxyacetophenone,COc1ccc(C(C)=O)cc1,"floral, hay, sweet, vanilla, powdery, anisic, balsamic, hawthorn",Shikimates and Phenylpropanoids,150.177,513.47,20,19,plants,1.0,0.0,0.0,0.0,Abies nephrolepis; Angelica pubescens; Aronia melanocarpa
MVLVMROFTAUDAG-UHFFFAOYSA-N,ETHYL STEARATE,CCCCCCCCCCCCCCCCCC(=O)OCC,"odorless, waxy",Fatty acids,312.538,715.4200000000001,19,19,plants,0.9473684210526315,0.0,0.05263157894736842,0.0,Aloe vera; Cerbera manghas; Citrullus lanatus subsp. vulgaris
MMKRHZKQPFCLLS-UHFFFAOYSA-N,Ethyl myristate,CCCCCCCCCCCCCC(=O)OCC,"fatty, sweet, waxy, orris, violet",Fatty acids,256.4299999999999,623.9000000000001,19,18,plants,0.8333333333333334,0.0,0.05555555555555555,0.1111111111111111,Carica papaya; Cerbera manghas; Coriandrum sativum
MUMGGOZAMZWBJJ-DYKIIFRCSA-N,testosterone,C[C@]12CC[C@H]3[C@@H](CCC4=CC(=O)CC[C@@]43C)[C@@H]1CC[C@@H]2O,,Terpenoids,288.431,837.9100000000001,19,19,plants,0.5263157894736842,0.3684210526315789,0.10526315789473684,0.0,Arabidopsis thaliana; Asimina triloba; Botrytis cinerea
VAJVDSVGBWFCLW-UHFFFAOYSA-N,3-PHENYL-1-PROPANOL,OCCCc1ccccc1,"balsamic, floral, sweet, spicy, hyacinth",Shikimates and Phenylpropanoids,136.194,524.38,19,17,plants,0.9411764705882353,0.058823529411764705,0.0,0.0,Acacia cyclops; Cinamomum cassia; Cinnamomum aromaticum
FYGHSUNMUKGBRK-UHFFFAOYSA-N,"1,2,3-TRIMETHYLBENZENE",Cc1cccc(C)c1C,,,120.195,442.15999999999997,19,19,plants,0.9473684210526315,0.05263157894736842,0.0,0.0,Allium ampeloprasum; Angelica acutiloba; Angelica gigas
KLTVSWGXIAYTHO-UHFFFAOYSA-N,1-OCTEN-3-ONE,C=CC(=O)CCCCC,"metallic, mushroom, vegetable, musty, chicken, herbal, savory, cabbage, fishy, earthy",Fatty acids,126.199,433.19,19,16,plants,0.75,0.0625,0.125,0.0,Acacia howittii; Acca sellowiana; Achillea crithmifolia
LVBXEMGDVWVTGY-SREVYHEPSA-N,,CCCCC/C=C\C=O,"leafy, fatty, fruity, green",Fatty acids,126.19899999999997,435.46,18,18,plants,0.8888888888888888,0.0,0.1111111111111111,0.0,Angelica acutiloba; Angelica gigas; Angelica sinensis
JIMGVOCOYZFDKB-UHFFFAOYSA-N,140-26-1,CC(C)CC(=O)OCCc1ccccc1,"balsamic, fruity, rose, sweet, ripe, floral, pineapple, apricot, apple, peach",Fatty acids,206.285,581.5,18,17,plants,0.8823529411764706,0.058823529411764705,0.0,0.058823529411764705,Ajuga reptans; Artemisia argyi; Artemisia montana
ZOYASYRPGHCQHW-UHFFFAOYSA-N,Methyl propyl trisulfide,CCCSSSC,"garlic, green, onion, sweet, metallic, clean, sulfurous, cooked",,154.325,497.46,18,17,plants,0.8823529411764706,0.058823529411764705,0.0,0.058823529411764705,Allium ampeloprasum; Allium cepa; Allium chinense
NBBJYMSMWIIQGU-UHFFFAOYSA-N,Propionaldehyde,CCC=O,"green, meaty, cocoa, pungent, nutty, winey, cognac, grape, ethereal, earthy, alcoholic, brandy",Fatty acids,58.08,316.9,17,15,plants,0.8,0.06666666666666667,0.06666666666666667,0.06666666666666667,Allium ampeloprasum; Allium cepa; Allium schoenoprasum
DULCUDSUACXJJC-UHFFFAOYSA-N,ETHYL PHENYLACETATE,CCOC(=O)Cc1ccccc1,"honey, sweet, floral, rose, cocoa, anisic, balsamic",Fatty acids,164.204,513.3,17,15,plants,0.8666666666666667,0.0,0.06666666666666667,0.06666666666666667,Artemisia ammaniana; Artemisia judaica; Artemisia sericea
KLIDCXVFHGNTTM-UHFFFAOYSA-N,"2,6-DIMETHOXYPHENOL",COc1cccc(OC)c1O,"medicinal, phenolic, smoky, woody, sweet, powdery, balsamic",Shikimates and Phenylpropanoids,154.165,539.76,17,16,plants,0.9375,0.0,0.0,0.0625,Allium spp.; Bistorta manshuriensis; Bistorta officinalis
JHIVVAPYMSGYDF-UHFFFAOYSA-N,CYCLOHEXANONE,O=C1CCCCC1,"camphoreous, ketonic, minty, solvent, sweet",,98.14500000000001,428.91999999999996,16,16,plants,0.6875,0.125,0.0,0.0,Caenorhabditis elegans; Chenopodium murale; Cichorium endivia
XNCNNDVCAUWAIT-UHFFFAOYSA-N,METHYL HEPTANOATE,CCCCCCC(=O)OC,"apple, berry, fruity, green, orris, waxy, sweet, floral",Fatty acids,144.214,440.86,16,16,plants,0.9375,0.0625,0.0,0.0,Apium graveolens; Arnebia euchroma; Arnebia guttata
IYTXKIXETAELAV-UHFFFAOYSA-N,3-NONANONE,CCCCCCC(=O)CC,"fruity, grassy, green, herbal, sweet, spicy, leafy, floral, fresh, jasmine",Fatty acids,142.242,459.39,15,15,plants,0.9333333333333333,0.06666666666666667,0.0,0.0,Acca sellowiana; Artemisia vulgaris; Calamintha incana
PPXUHEORWJQRHJ-UHFFFAOYSA-N,ETHYL ISOVALERATE,CCOC(=O)CC(C)C,"apple, banana, buttery, fruity, winey, sweet, estery, pineapple, orange, green, sharp",Fatty acids,130.18699999999998,417.53999999999996,15,15,plants,0.8666666666666667,0.13333333333333333,0.0,0.0,Ananas comosus; Artemisia salsoloides; Artemisia thuscula
ZHHYXNZJDGDGPJ-BSWSSELBSA-N,,CCCC/C=C/C=C/C=O,"chicken, fatty, nutty, melon, cucumber, green, waxy",Fatty acids,138.20999999999995,462.5,15,13,plants,0.8461538461538461,0.0,0.15384615384615385,0.0,Agaricus bisporus; Artemisia annua; Bupleurum chinense
DEFJQIDDEAULHB-QWWZWVQMSA-N,D-alanyl-D-alanine,C[C@@H](N)C(=O)N[C@H](C)C(=O)O,,Amino acids and Peptides,160.17299999999997,658.08,15,15,plants,0.8,0.13333333333333333,0.0,0.06666666666666667,Caenorhabditis elegans; Escherichia coli; Homo sapiens
WLJVNTCWHIRURA-UHFFFAOYSA-N,pimelic acid,O=C(O)CCCCCC(=O)O,,Fatty acids,160.169,650.78,14,13,plants,0.5384615384615384,0.3076923076923077,0.07692307692307693,0.07692307692307693,Anthyllis sericea; Apium graveolens; Bombus subterraneus
XLSMFKSTNGKWQX-UHFFFAOYSA-N,Hydroxyacetone,CC(=O)CO,"caramellic, green, sweet, winey, ethereal, pungent",,74.079,414.28999999999996,14,13,plants,0.7692307692307693,0.15384615384615385,0.0,0.07692307692307693,Allium cepa; Astragalus membranaceus; Astragalus mongholicus
IJXHLVMUNBOGRR-UHFFFAOYSA-N,METHYL NONANOATE,CCCCCCCCC(=O)OC,"coconut, fruity, green, nutty, winey, sweet, pear, tropical, waxy",Fatty acids,172.268,486.61999999999995,14,14,plants,0.9285714285714286,0.07142857142857142,0.0,0.0,Akebia quinata; Akebia trifoliata; Apium graveolens
PETRWTHZSKVLRE-UHFFFAOYSA-N,2-METHOXY-4-METHYLPHENOL,COc1cc(C)ccc1O,"phenolic, smoky, spicy, sweet, vanilla, medicinal, burnt, woody, clove, leathery",,138.166,517.34,14,13,plants,0.9230769230769231,0.07692307692307693,0.0,0.0,Atractylodes macrocephala; Capsicum annuum; Cynanchum paniculatum
KWKAKUADMBZCLK-UHFFFAOYSA-N,1-OCTENE,C=CCCCCCC,gasoline,Fatty acids,112.216,379.32,14,14,plants,0.8571428571428571,0.07142857142857142,0.07142857142857142,0.0,Artemisia argyi; Artemisia montana; Artemisia princeps
CLUWOWRTHNNBBU-UHFFFAOYSA-N,3-(Methylthio)propionaldehyde,CSCCC=O,"meaty, onion, potato, tomato, vegetable, musty, savory, oily, brothy, creamy, bready, earthy",Fatty acids,104.17399999999999,408.55999999999995,14,13,plants,0.9230769230769231,0.07692307692307693,0.0,0.0,Allium cepa; Allium sativum; Artemisia argyi
LSDPWZHWYPCBBB-UHFFFAOYSA-N,methanethiol,CS,"cabbage, vegetable, sulfurous, garlic, savory, alliaceous, oily, creamy",,48.11000000000001,285.34,14,12,plants,0.5833333333333334,0.16666666666666666,0.16666666666666666,0.08333333333333333,Allium ampeloprasum; Biflustra perfragilis; Brevibacterium linens
DHKHKXVYLBGOIT-UHFFFAOYSA-N,Acetal,CCOC(C)OCC,"alcoholic, fruity, green, sweet, vegetable, nutty, ethereal, earthy",Fatty acids,118.176,381.28,13,13,plants,0.9230769230769231,0.0,0.0,0.0,Allium ampeloprasum; Allium cepa; Citrus reticulata
LWBHHRRTOZQPDM-UHFFFAOYSA-N,UNDECANEDIOIC ACID,O=C(O)CCCCCCCCCC(=O)O,,Fatty acids,216.27699999999996,742.3,13,12,plants,0.75,0.25,0.0,0.0,Aloe africana; Aloe ferox; Aloe spicata
OGJYXQFXLSCKTP-LCYFTJDESA-N,,CC(C)=CCC/C(C)=C\COC(=O)C(C)C,"floral, rose, sweet, strawberry, melon, fruity, pear, fresh, raspberry, green, citrus",Fatty acids,224.34399999999997,585.78,13,13,plants,1.0,0.0,0.0,0.0,Aloysia citriodora; Aloysia citrodora; Aloysia triphylla
ACWQBUSCFPJUPN-HWKANZROSA-N,,C/C=C(\C)C=O,"almond, fruity, green, herbal",Fatty acids,84.11799999999998,366.7,13,12,plants,1.0,0.0,0.0,0.0,Allium cepa; Allium schoenoprasum; Aloe africana
KGEKLUUHTZCSIP-FOGDFJRCSA-N,Isobornyl acetate,CC(=O)O[C@@H]1C[C@H]2CC[C@]1(C)C2(C)C,,Terpenoids,196.29,541.27,12,12,plants,1.0,0.0,0.0,0.0,Chrysanthemum indicum; Chrysanthemum x morifolium; Curcuma kwangsiensis
KRCZYMFUWVJCLI-OPRDCNLKSA-N,(-)-dihydrocarveol,C=C(C)[C@@H]1CC[C@@H](C)[C@H](O)C1,,Terpenoids,154.253,527.3499999999999,12,11,plants,0.7272727272727273,0.09090909090909091,0.18181818181818182,0.0,Artemisia argyi; Artemisia montana; Artemisia princeps
ICMAFTSLXCXHRK-UHFFFAOYSA-N,ETHYL VALERATE,CCCCC(=O)OCC,"apple, fruity, pineapple, tropical, sweet, berry, acidic, green",Fatty acids,130.18699999999998,417.98,12,10,plants,0.9,0.1,0.0,0.0,Aca sellowiana; Asystasia gangetica; Eriostemon trachyphyllus
WDAXFOBOLVPGLV-UHFFFAOYSA-N,ETHYL ISOBUTYRATE,CCOC(=O)C(C)C,"apple, ethereal, fruity, rummy, sweet, pungent, alcoholic",Fatty acids,116.15999999999998,394.65999999999997,12,12,plants,0.8333333333333334,0.0,0.0,0.16666666666666666,Acacia dealbata; Amaranthus retroflexus; Carica papaya
CCEFMUBVSUDRLG-IDKOKCKLSA-N,"Limonene oxide, (-)-",C=C(C)[C@H]1CCC2(C)OC2C1,minty,Terpenoids,152.237,465.22999999999996,12,12,plants,1.0,0.0,0.0,0.0,Angelica acutiloba; Angelica gigas; Angelica sinensis
ZCZSIDMEHXZRLG-UHFFFAOYSA-N,Heptyl acetate,CCCCCCCOC(C)=O,"fatty, floral, fruity, aldehydic, rummy, winey, apricot, pear, fresh, green, woody, citrus, waxy",Fatty acids,158.24099999999999,463.73999999999995,12,11,plants,1.0,0.0,0.0,0.0,Bupleurum fruticosum; Citrus maxima; Cucumis melo
CETWDUZRCINIHU-ZETCQYMHSA-N,(S)-(+)-2-Heptanol,CCCCC[C@H](C)O,"mushroom, fatty, oily, cheesy",Fatty acids,116.20399999999998,451.5,12,11,plants,1.0,0.0,0.0,0.0,Aframomum melegueta; Bistorta manshuriensis; Bistorta officinalis
SMWDFEZZVXVKRB-UHFFFAOYSA-N,QUINOLINE,c1ccc2ncccc2c1,"animal, musty, sweet, tobacco, medicinal, earthy, leathery",Alkaloids,129.16199999999998,504.88,11,9,plants,0.6666666666666666,0.1111111111111111,0.0,0.0,Gymnodinium nagasakiense; Karenia mikimotoi; Mentha gentilis
UENWRTRMUIOCKN-UHFFFAOYSA-N,BENZYL MERCAPTAN,SCc1ccccc1,"garlic, onion, sulfurous, horseradish, alliaceous, coffee, minty, sharp",Shikimates and Phenylpropanoids,124.20799999999996,449.29999999999995,11,10,plants,0.8,0.1,0.1,0.0,Agave atrovirens; Anemarrhena asphodeloides; Coronopus didymus
FGKJLKRYENPLQH-UHFFFAOYSA-N,4-Methylvaleric acid,CC(C)CCC(=O)O,"cheesy, pungent, sour",Fatty acids,116.15999999999998,481.95,11,11,plants,0.7272727272727273,0.09090909090909091,0.0,0.18181818181818182,Amorphophallus elatus; Capsicum annuum var. annuum; Fragaria
SUAUILGSCPYJCS-UHFFFAOYSA-N,MUSK AMBRETTE,COc1c(C(C)(C)C)cc([N+](=O)[O-])c(C)c1[N+](=O)[O-],"floral, musk, sweet, musty",,268.26899999999995,843.6299999999999,11,11,plants,0.8181818181818182,0.09090909090909091,0.09090909090909091,0.0,Agave atrovirens; Anemarrhena asphodeloides; Euphorbia royleana
RJUFJBKOKNCXHH-UHFFFAOYSA-N,METHYL PROPIONATE,CCC(=O)OC,"ethereal, fruity, rummy, strawberry, apple, fresh",Fatty acids,88.106,349.34,11,10,plants,0.9,0.1,0.0,0.0,Actinidia chinensis; Amaranthus retroflexus; Carica papaya
YGCZTXZTJXYWCO-UHFFFAOYSA-N,3-Phenylpropanal,O=CCCc1ccccc1,"balsamic, floral, green, aldehydic, leafy, cortex, melon, fresh",Shikimates and Phenylpropanoids,134.17799999999997,480.85999999999996,11,10,plants,0.9,0.1,0.0,0.0,Aleuroglyphus ovatus; Chondropetalum paniculatum; Cinnamomum cassia
JLIDVCMBCGBIEY-UHFFFAOYSA-N,ETHYL VINYL KETONE,C=CC(=O)CC,"alliaceous, pungent, radish, spicy, peppery, garlic, onion, ethereal",Fatty acids,84.118,364.54999999999995,11,11,plants,0.9090909090909091,0.09090909090909091,0.0,0.0,Actinidia chinensis; Carica papaya; Cichorium endivia
OSOIQJGOYGSIMF-UHFFFAOYSA-N,CYCLOPENTADECANONE,O=C1CCCCCCCCCCCCCC1,"natural, animal, powdery, musk",Fatty acids,224.38799999999992,673.27,11,9,plants,0.5555555555555556,0.4444444444444444,0.0,0.0,Acidum thymici; Angelica acutiloba; Angelica gigas
WAPNOHKVXSQRPX-ZETCQYMHSA-N,(S)-1-Phenylethanol,C[C@H](O)c1ccccc1,"floral, strawberry, hyacinth",Shikimates and Phenylpropanoids,122.16699999999996,501.06,11,11,plants,0.9090909090909091,0.09090909090909091,0.0,0.0,Aloe africana; Aloe ferox; Aloe spicata
RFMMMVDNIPUKGG-YFKPBYRVSA-N,N-Acetyl-L-glutamic acid,CC(=O)N[C@@H](CCC(=O)O)C(=O)O,,Amino acids and Peptides,189.167,754.3799999999999,11,9,animals,0.3333333333333333,0.3333333333333333,0.1111111111111111,0.2222222222222222,Caenorhabditis elegans; Homo sapiens; Hypericum japonicum
CETWDUZRCINIHU-SSDOTTSWSA-N,(R)-(-)-2-Heptanol,CCCCC[C@@H](C)O,"sweet, fruity, fatty, oily",Fatty acids,116.20399999999998,451.5,11,10,plants,1.0,0.0,0.0,0.0,Bistorta manshuriensis; Bistorta officinalis; Curcuma kwangsiensis
QUOGESRFPZDMMT-YFKPBYRVSA-N,L-Homoarginine,NC(N)=NCCCC[C@H](N)C(=O)O,,Amino acids and Peptides,188.23099999999997,798.98,11,11,plants,0.6363636363636364,0.2727272727272727,0.0,0.0,Caenorhabditis elegans; Capparis masaikai; Homo sapiens
KGEKLUUHTZCSIP-JFGNBEQYSA-N,Isobornyl acetate,CC(=O)O[C@H]1C[C@H]2CC[C@@]1(C)C2(C)C,"camphoreous, earthy, fruity, herbal, pine, woody",Terpenoids,196.29,541.27,11,11,plants,1.0,0.0,0.0,0.0,Callitris baileyi; Chrysanthemum indicum; Chrysanthemum x morifolium
UXFSPRAGHGMRSQ-UHFFFAOYSA-N,2-ISOBUTYL-3-METHOXYPYRAZINE,COc1nccnc1CC(C)C,green,Alkaloids,166.224,566.56,11,11,plants,0.6363636363636364,0.2727272727272727,0.0,0.09090909090909091,Amata; Asclepias curassavica; Capsicum annuum
TVQGDYNRXLTQAP-UHFFFAOYSA-N,ETHYL HEPTANOATE,CCCCCCC(=O)OCC,"cognac, fruity, winey, sweet, rummy, estery, berry, banana, pineapple, green",Fatty acids,158.24099999999999,463.73999999999995,11,11,plants,0.9090909090909091,0.09090909090909091,0.0,0.0,Carica papaya; Hippophae rhamnoides; Homo sapiens
YNBADRVTZLEFNH-UHFFFAOYSA-N,METHYL NICOTINATE,COC(=O)c1cccnc1,"herbal, sweet, tobacco, warm",Alkaloids,137.138,498.35999999999996,11,11,plants,0.8181818181818182,0.0,0.0,0.18181818181818182,Annona muricata; Areca Catechu; Areca catechu
SJWFXCIHNDVPSH-QMMMGPOBSA-N,(S)-(+)-2-Octanol,CCCCCC[C@H](C)O,"mushroom, fatty, grape, oily, creamy",Fatty acids,130.231,474.38,10,10,plants,1.0,0.0,0.0,0.0,Actaea dahurica; Actaea heracleifolia; Actaea simplex
RWCCWEUUXYIKHB-UHFFFAOYSA-N,BENZOPHENONE,O=C(c1ccccc1)c1ccccc1,"rose, metallic, herbal, powdery, balsamic, geranium",Shikimates and Phenylpropanoids,182.222,604.27,10,9,plants,0.5555555555555556,0.1111111111111111,0.0,0.3333333333333333,Acacia dealbata; Capsicum annuum; Daucus carota
NTOPKICPEQUPPH-UHFFFAOYSA-N,2-ISOPROPYL-3-METHOXYPYRAZINE,COc1nccnc1C(C)C,"earthy, potato, vegetable, nutty, chocolate",Alkaloids,152.19699999999997,543.6800000000001,10,10,plants,0.7,0.2,0.0,0.1,Asclepias curassavica; Coccinella septempunctata; Coffea arabica
HNJBEVLQSNELDL-UHFFFAOYSA-N,"3,4-dihydro-2H-pyrrol-5-ol",O=C1CCCN1,,,85.10600000000001,427.43999999999994,10,9,plants,0.6666666666666666,0.1111111111111111,0.2222222222222222,0.0,Capparis spinosa; Homo sapiens; Panax ginseng
PGMYKACGEOXYJE-UHFFFAOYSA-N,Amyl acetate,CCCCCOC(C)=O,"banana, ethereal, fruity, apple, pear",Fatty acids,130.18699999999998,417.98,10,7,plants,0.8571428571428571,0.14285714285714285,0.0,0.0,Akebia quinata; Akebia trifoliata; Homo sapiens
PBGWNXWNCSSXCO-UHFFFAOYSA-N,Hexyl octanoate,CCCCCCCC(=O)OCCCCCC,"fatty, fruity, green, herbal, estery, berry, apple, waxy",Fatty acids,228.37599999999992,578.1399999999999,10,10,plants,1.0,0.0,0.0,0.0,Boswellia carteri; Boswellia carterii; Boswellia sacra
CIBKSMZEVHTQLG-UHFFFAOYSA-N,"5-Ethyl-2,3-dimethylpyrazine",CCc1cnc(C)c(C)n1,"almond, burnt, chocolate, cocoa, nutty, roasted, popcorn",Alkaloids,136.19799999999998,526.6800000000001,10,10,plants,0.6,0.1,0.0,0.3,Aconitum kongboense; Chimaphila umbellata; Collinsonia canadensis
RWRDLPDLKQPQOW-UHFFFAOYSA-N,PYRROLIDINE,C1CCNC1,"animal, fishy",Alkaloids,71.123,359.62,9,9,plants,1.0,0.0,0.0,0.0,Camellia sinensis; Cannabis sativa; Daucus carota
YTZKOQUCBOVLHL-UHFFFAOYSA-N,tert-Butylbenzene,CC(C)(C)c1ccccc1,,,134.22199999999998,451.84999999999997,9,9,plants,0.8888888888888888,0.1111111111111111,0.0,0.0,Aristolochiaceae; Chrysanthemum indicum; Chrysanthemum x morifolium
WAPNOHKVXSQRPX-SSDOTTSWSA-N,(R)-1-phenylethanol,C[C@@H](O)c1ccccc1,"floral, earthy, green",Shikimates and Phenylpropanoids,122.16699999999996,501.06,9,9,plants,0.8888888888888888,0.1111111111111111,0.0,0.0,Aloe africana; Aloe ferox; Aloe spicata
FKUPPRZPSYCDRS-UHFFFAOYSA-N,Oxacyclohexadecan-2-one,O=C1CCCCCCCCCCCCCCO1,"musk, pear, sweet, natural, animal, fruity, powdery, tobacco, coumarinic, brown",Fatty acids,240.38699999999992,659.3999999999999,9,9,plants,1.0,0.0,0.0,0.0,Angelica acutiloba; Angelica archangelica; Angelica archangelica L.
HUAZGNHGCJGYNP-UHFFFAOYSA-N,Propyl butyrate,CCCOC(=O)CCC,"fruity, sweet, pineapple, apricot, ethereal",Fatty acids,130.18699999999998,417.98,9,9,plants,0.8888888888888888,0.1111111111111111,0.0,0.0,Annona reticulata; Carica papaya; Homo sapiens
TZMFJUDUGYTVRY-UHFFFAOYSA-N,"2,3-PENTANEDIONE",CCC(=O)C(C)=O,"buttery, fatty, oily, sweet, caramellic, nutty, creamy, pungent, cheesy",Fatty acids,100.11699999999999,421.74,9,8,plants,0.75,0.125,0.125,0.0,Allium cepa; Carica papaya; Citrullus lanatus
IXQGCWUGDFDQMF-UHFFFAOYSA-N,2-ETHYLPHENOL,CCc1ccccc1O,"phenolic, sweet",Polyketides,122.16699999999996,489.94,9,8,plants,1.0,0.0,0.0,0.0,Artemisia capillaris; Cichorium endivia; Ligusticum chuanxiong
OXQOBQJCDNLAPO-UHFFFAOYSA-N,"2,3-DIMETHYLPYRAZINE",Cc1nccnc1C,"caramellic, cocoa, coffee, green, meaty, nutty, potato, musty, powdery, roasted",Alkaloids,108.14399999999999,475.94,8,7,bacteria,0.42857142857142855,0.0,0.0,0.5714285714285714,Allium cepa; Capparis spinosa; Corynebacterium glutamicum
VONGZNXBKCOUHB-UHFFFAOYSA-N,Benzyl butyrate,CCCC(=O)OCc1ccccc1,"apricot, floral, fruity, plum, sweet, pineapple, apple, fresh, jasmine, tropical, waxy",Fatty acids,178.231,536.1800000000001,8,8,plants,1.0,0.0,0.0,0.0,Austromyrtus dulcis; Carica papaya; Diospyros blancoi
KVFIJIWMDBAGDP-UHFFFAOYSA-N,2-ETHYLPYRAZINE,CCc1cnccn1,"buttery, musty, nutty, fermented, meaty, cocoa, coffee, roasted, woody",Alkaloids,108.14399999999998,470.96,8,7,plants,0.8571428571428571,0.0,0.14285714285714285,0.0,Arctostaphylos uva-ursi; Camellia sinensis; Coffea arabica
BTANRVKWQNVYAZ-BYPYZUCNSA-N,(S)-(+)-2-butanol,CC[C@H](C)O,"winey, oily",Fatty acids,74.12299999999999,382.85999999999996,8,8,plants,1.0,0.0,0.0,0.0,Aloe africana; Aloe ferox; Aloe spicata
KRCZYMFUWVJCLI-GUBZILKMSA-N,(+)-Dihydrocarveol,C=C(C)[C@H]1CC[C@H](C)[C@@H](O)C1,,Terpenoids,154.253,527.3499999999999,8,8,plants,1.0,0.0,0.0,0.0,Artemisia argyi; Artemisia montana; Artemisia princeps
CFNJLPHOBMVMNS-UHFFFAOYSA-N,PENTYL BUTYRATE,CCCCCOC(=O)CCC,"sweet, banana, fruity, pineapple, cherry, tropical",Fatty acids,158.24099999999996,463.73999999999995,7,4,plants,1.0,0.0,0.0,0.0,Annona reticulata; Capsicum annuum; Liquor jiu
CHLICZRVGGXEOD-UHFFFAOYSA-N,4-Methylanisole,COc1ccc(C)cc1,"floral, green, leathery, nutty, phenolic, sharp, sweet, powdery",,122.16699999999997,436.71999999999997,7,6,plants,0.6666666666666666,0.16666666666666666,0.16666666666666666,0.0,Antidesma laciniatum; Cananga odorata; Dianthus armeria
NMJJFJNHVMGPGM-UHFFFAOYSA-N,BUTYL FORMATE,CCCCOC=O,"ethereal, plum, rummy, fruity, brandy",Fatty acids,102.13299999999998,290.41999999999996,7,7,plants,0.8571428571428571,0.14285714285714285,0.0,0.0,Aloe africana; Aloe ferox; Aloe spicata
FYTRVXSHONWYNE-UHFFFAOYSA-N,698-76-0,CCCC1CCCC(=O)O1,"coconut, coumarinic, sweet, fatty, creamy, lactonic, green, tropical, dairy",Fatty acids,142.198,451.87,6,6,plants,0.8333333333333334,0.16666666666666666,0.0,0.0,Carica papaya; Gossypium hirsutum; Kobus ellipsiprymnus
GAZXPZNJTZIGBO-UHFFFAOYSA-N,Dipropyl trisulfide,CCCSSSCCC,"green, onion, vegetable, sulfurous, garlic, alliaceous, tropical, pungent",Fatty acids,182.37899999999996,543.22,6,4,plants,1.0,0.0,0.0,0.0,Allium; Allium ampeloprasum; Allium cepa
PFCHFHIRKBAQGU-UHFFFAOYSA-N,3-HEXANONE,CCCC(=O)CC,"ethereal, grape, winey, sweet, rummy, fruity, waxy",Fatty acids,100.16099999999999,390.75,6,6,plants,0.5,0.16666666666666666,0.3333333333333333,0.0,Citrullus lanatus; Coffea arabica; Homo sapiens
VPQWBNWSLZYYFH-UHFFFAOYSA-N,3-methylcyclotetradecan-1-one,CC1CCCCCCCCCCCC(=O)C1,,Fatty acids,224.38799999999995,664.3299999999999,6,4,animals,0.0,1.0,0.0,0.0,Acidum thymici; Essentia; Moschus berezovskii
GTDQGKWDWVUKTI-UHFFFAOYSA-N,2'-Aminoacetophenone,CC(=O)c1ccccc1N,"grape, sweet",Amino acids and Peptides,135.16599999999994,540.7,6,6,bacteria,0.3333333333333333,0.16666666666666666,0.0,0.5,Castanopsis cuspidata; Pseudomonas aeruginosa; Streptomyces
HQKQRXZEXPXXIG-DTWJZALFSA-N,Cedryl acetate,CC(=O)O[C@]1(C)CC[C@@]23C[C@@H]1C(C)(C)[C@@H]2CC[C@H]3C,,Terpenoids,264.409,662.25,6,6,plants,1.0,0.0,0.0,0.0,Artemisia annua; Artemisia annua L.cultivar Jwarharti; Artemisia argyi
VHOMAPWVLKRQAZ-UHFFFAOYSA-N,BENZYL PROPIONATE,CCC(=O)OCc1ccccc1,"floral, fruity, jasmine, sweet, banana",Fatty acids,164.204,513.3,6,5,plants,1.0,0.0,0.0,0.0,Chamomilla recutita; Cucumis melo; Hesperis matronalis
HJFZAYHYIWGLNL-UHFFFAOYSA-N,"2,6-DIMETHYLPYRAZINE",Cc1cncc(C)n1,"chocolate, potato, roasted, cocoa, nutty, coffee, beefy, brown, ethereal",Alkaloids,108.14399999999999,475.94,6,6,plants,0.8333333333333334,0.16666666666666666,0.0,0.0,Carica papaya; Coffea; Homo sapiens
KLZGKIDSEJWEDW-UHFFFAOYSA-N,N-(4-aminobutyl)acetamide,CC(=O)NCCCCN,,Alkaloids,130.191,513.45,5,5,animals,0.2,0.6,0.2,0.0,Caenorhabditis elegans; Homo sapiens; Mus musculus
PXIKRTCSSLJURC-UHFFFAOYSA-N,2-METHOXY-4-PROPYLPHENOL,CCCc1ccc(O)c(OC)c1,"balsamic, spicy, sweet, powdery, phenolic, clove, sharp",,166.21999999999997,563.1,5,5,plants,1.0,0.0,0.0,0.0,Angelica acutiloba; Angelica gigas; Angelica sinensis
KYQCOXFCLRTKLS-UHFFFAOYSA-N,PYRAZINE,c1cnccn1,"musty, nutty, roasted, sweet, hazelnut, pungent",Alkaloids,80.09,420.21999999999997,5,5,plants,0.8,0.2,0.0,0.0,Coffea arabica; Daphnia magna; Nelumbo nucifera
BGTBFNDXYDYBEY-FNORWQNLSA-N,,C/C=C/C(=O)C1=C(C)CCCC1(C)C,"honey, plum, rose, tobacco, berry, floral, fruity, woody, minty",Terpenoids,192.30199999999996,583.98,5,5,plants,1.0,0.0,0.0,0.0,Baccharis dracunculifolia; Nicotiana tabacum; Rosa centifolia L.
BYEVBITUADOIGY-UHFFFAOYSA-N,ETHYL NONANOATE,CCCCCCCCC(=O)OCC,"cognac, fatty, grape, nutty, oily, waxy, natural, rose, fruity, tropical, rummy",Fatty acids,186.295,509.49999999999994,5,5,plants,1.0,0.0,0.0,0.0,Aristolochiaceae; Citrus iyo; Opuntia ficus-indica
MQTAVJHICJWXBR-UHFFFAOYSA-N,N1-Acetylspermidine,CC(=O)NCCCNCCCCN,,Alkaloids,187.28699999999995,632.26,5,5,animals,0.2,0.4,0.2,0.2,Caenorhabditis elegans; Citrullus lanatus; Escherichia coli
PRNJXUQTUSFYLV-NTCAYCPXSA-N,,C=CC(C)(CC/C=C(\C)CCC=C(C)C)OC(C)=O,"sweet, floral, fresh, woody, citrus, waxy",Terpenoids,264.40899999999993,648.31,5,5,plants,1.0,0.0,0.0,0.0,Citrus maxima; Elettaria cardamomum; Lonicera japonica
GUUHFMWKWLOQMM-NTCAYCPXSA-N,,CCCCCC/C(C=O)=C\c1ccccc1,"floral, jasmine, sweet",Shikimates and Phenylpropanoids,216.324,622.1800000000001,5,5,plants,0.8,0.2,0.0,0.0,Bupleurum chinense; Bupleurum falcatum; Bupleurum scorzonerifolium
VXIXUWQIVKSKSA-UHFFFAOYSA-N,4-Hydroxycoumarin,O=c1cc(O)c2ccccc2o1,,Shikimates and Phenylpropanoids,162.14399999999998,582.3199999999999,5,5,plants,1.0,0.0,0.0,0.0,Cullen drupaceum; Morinda citrifolia; Morus alba
SSNZFFBDIMUILS-ZHACJKMWSA-N,,CCCCCCCCC/C=C/C=O,"orange, waxy, metallic, aldehydic, herbal, citrus",Fatty acids,182.30700000000002,526.98,5,5,plants,1.0,0.0,0.0,0.0,Acorus calamus var. angustatus; Coriandrum sativum; Ducrosia anethifolia
JZBCTZLGKSYRSF-UHFFFAOYSA-N,"2-ETHYL-3,5-DIMETHYLPYRAZINE",CCc1ncc(C)nc1C,"almond, burnt, chocolate, cocoa, hazelnut, nutty, musty, caramellic, coffee, roasted",Alkaloids,136.19799999999998,526.6800000000001,4,4,bacteria,0.25,0.0,0.0,0.75,Corynebacterium glutamicum; Flavobacterium; Flavobacterium aRK
YSNWHRKJEKWJNY-UHFFFAOYSA-N,13327-56-5,CCOC(=O)CCSC,"caramellic, fruity, pineapple, metallic, sulfurous, ripe, tomato",Fatty acids,148.227,463.87999999999994,4,4,plants,1.0,0.0,0.0,0.0,Ananas comosus; Cucumis melo; Cucumis melo var. conomon
OTMFQLIUPDESAI-UHFFFAOYSA-N,Ethyleugenol,C=CCc1ccc(OCC)c(OC)c1,"herbal, musty, spicy, sweet, tea, warm",Shikimates and Phenylpropanoids,192.25799999999995,552.3199999999999,4,4,plants,1.0,0.0,0.0,0.0,Aloysia citriodora; Aloysia citrodora; Aloysia triphylla
SRONXYPFSAKOGH-UHFFFAOYSA-N,Cyclopentadecane,C1CCCCCCCCCCCCCC1,,Fatty acids,210.40499999999994,605.45,4,4,plants,1.0,0.0,0.0,0.0,Astilbe chinensis; Pittosporum angustifolium; Pittosporum phillyraeoides
DLHQZZUEERVIGQ-UHFFFAOYSA-N,"3,7-Dimethyloctan-3-ol",CCC(C)(O)CCCC(C)C,"floral, sweet, fresh, lily, citrus",Terpenoids,158.28499999999997,516.91,4,4,plants,0.75,0.25,0.0,0.0,Homo sapiens; Mangifera indica; Persicaria hydropiperoides
VGHBEMPMIVEGJP-UHFFFAOYSA-N,3-Methyl-2(5H)-furanone,CC1=CCOC1=O,,,98.101,387.77,4,4,plants,1.0,0.0,0.0,0.0,Achillea ageratum; Elsholtzia bodinieri; Morithamnus crassus
QRNZMFDCKKEPSX-UHFFFAOYSA-N,19872-52-7,CC(=O)CC(C)(C)S,"fruity, meaty, savory, tropical, sulfurous, green",Fatty acids,132.228,450.38,4,4,plants,1.0,0.0,0.0,0.0,Buxus sempervirens; Cytisus scoparius; Humulus lupulus
TWSRVQVEYJNFKQ-UHFFFAOYSA-N,Pentyl propionate,CCCCCOC(=O)CC,"apple, banana, fruity, pineapple, sweet, tropical, apricot",Fatty acids,144.21399999999997,440.86,4,4,plants,0.75,0.25,0.0,0.0,Ammi visnaga; Homo sapiens; Polygala senega
HMNKTRSOROOSPP-UHFFFAOYSA-N,3-ETHYLPHENOL,CCc1cccc(O)c1,"phenolic, musty",,122.16699999999996,489.94,4,4,plants,0.75,0.25,0.0,0.0,Angelica sinensis; Artemisia capillaries; Artemisia capillaris
YPQSPODHFDGVAC-UHFFFAOYSA-N,BUTYL HEPTANOATE,CCCCCCC(=O)OCCCC,"apple, fruity, green, herbal, winey, oily, grassy, pear, tropical",Fatty acids,186.29499999999996,509.49999999999994,4,4,plants,1.0,0.0,0.0,0.0,Angelica acutiloba; Angelica gigas; Angelica sinensis
HHDDCCUIIUWNGJ-UHFFFAOYSA-N,3-Hydroxypyruvic acid,O=C(O)C(=O)CO,"burnt, buttery, creamy, cabbage, radish, sour",Fatty acids,104.06099999999999,559.8,4,4,plants,0.5,0.25,0.0,0.25,Citrullus lanatus; Eremosphaera viridis; Homo sapiens
MWVFCEVNXHTDNF-UHFFFAOYSA-N,"2,3-HEXANEDIONE",CCCC(=O)C(C)=O,"buttery, creamy, sweet, dry, fatty, caramellic, fruity, oily, jammy, phenolic",Fatty acids,114.14399999999998,444.62,4,3,bacteria,0.3333333333333333,0.3333333333333333,0.0,0.3333333333333333,Corynebacterium glutamicum; Homo sapiens; Vitis vinifera
QGFSQVPRCWJZQK-UHFFFAOYSA-N,9-DECEN-1-OL,C=CCCCCCCCCO,"aldehydic, fresh, rose, waxy, clean",Fatty acids,156.269,517.26,4,4,plants,1.0,0.0,0.0,0.0,Artemisia Annua; Artemisia annua; Etlingera elatior
HEQOJEGTZCTHCF-UHFFFAOYSA-N,2-Aminoacetophenone,NCC(=O)c1ccccc1,,Alkaloids,135.16599999999997,535.72,4,3,plants,0.6666666666666666,0.0,0.0,0.3333333333333333,Prunus padus; Streptomyces; Zea mays
IFNDEOYXGHGERA-UHFFFAOYSA-N,2-Methoxy-5-methylphenol,COc1ccc(C)cc1O,"medicinal, phenolic, smoky, sweet, vanilla",,138.166,517.34,4,4,plants,1.0,0.0,0.0,0.0,Atractylodes chinensis; Atractylodes lancea; Capsicum annuum
ZQISRDCJNBUVMM-YFKPBYRVSA-N,(2S)-2-amino-3-(1H-imidazol-4-yl)propan-1-ol,N[C@H](CO)Cc1cnc[nH]1,,Alkaloids,141.174,626.65,4,4,plants,0.25,0.25,0.25,0.25,Arabidopsis thaliana; Escherichia coli; Homo sapiens
LBTVHXHERHESKG-UHFFFAOYSA-N,Tetrahydrocurcumin,COc1cc(CCC(=O)CC(=O)CCc2ccc(O)c(OC)c2)ccc1O,,Shikimates and Phenylpropanoids,372.4170000000001,1057.22,3,3,plants,0.6666666666666666,0.3333333333333333,0.0,0.0,Curcuma longa; Curcuma sp.; Homo sapiens
HXYVTAGFYLMHSO-UHFFFAOYSA-N,Palmitoylethanolamide,CCCCCCCCCCCCCCCC(=O)NCCO,,Fatty acids,299.499,807.6599999999999,3,3,animals,0.3333333333333333,0.6666666666666666,0.0,0.0,Abrus precatorius; Caenorhabditis elegans; Homo sapiens
PROQIPRRNZUXQM-ZXXIGWHRSA-N,estriol,C[C@]12CC[C@@H]3c4ccc(O)cc4CC[C@H]3[C@@H]1C[C@@H](O)[C@@H]2O,,Terpenoids,288.38699999999994,923.0699999999999,3,3,animals,0.0,1.0,0.0,0.0,Homo sapiens; Mus musculus; Sarcophaga bullata
FHUODBDRWMIBQP-UHFFFAOYSA-N,Ethyl 4-methoxybenzoate,CCOC(=O)c1ccc(OC)cc1,"anisic, floral, sweet, spicy, fruity, powdery, cherry",Shikimates and Phenylpropanoids,180.20299999999997,540.7,3,3,plants,1.0,0.0,0.0,0.0,Acacia dealbata; Acca sellowiana; Feijoa sellowiana
JSJWCHRYRHKBBW-UHFFFAOYSA-N,3-Ureidopropionic acid,NC(=O)NCCC(=O)O,,Amino acids and Peptides,132.119,613.2,3,3,animals,0.3333333333333333,0.6666666666666666,0.0,0.0,Citrullus lanatus; Homo sapiens; Mus musculus
RAJWOBJTTGJROA-WZNAKSSCSA-N,Androstanedione,C[C@]12CCC(=O)C[C@@H]1CC[C@@H]1[C@@H]2CC[C@]2(C)C(=O)CC[C@@H]12,,Terpenoids,288.43100000000004,809.4100000000001,3,3,animals,0.3333333333333333,0.6666666666666666,0.0,0.0,Arabidopsis thaliana; Homo sapiens; Mus musculus
FONIWJIDLJEJTL-UHFFFAOYSA-N,N8-Acetylspermidine,CC(=O)NCCCCNCCCN,,Alkaloids,187.28699999999998,632.26,3,3,bacteria,0.3333333333333333,0.3333333333333333,0.0,0.3333333333333333,Escherichia coli; Homo sapiens; Phaseolus vulgaris
FKCRAVPPBFWEJD-XVFCMESISA-N,Orotidine,O=C(O)c1cc(=O)[nH]c(=O)n1[C@@H]1O[C@H](CO)[C@@H](O)[C@H]1O,,Carbohydrates,288.212,1099.39,3,3,fungi,0.0,0.3333333333333333,0.6666666666666666,0.0,Neurospora; Neurospora sp.; Homo sapiens
BHIWKHZACMWKOJ-UHFFFAOYSA-N,METHYL ISOBUTYRATE,COC(=O)C(C)C,"apple, apricot, fruity, pineapple, rummy, sweet, floral, ethereal",Fatty acids,102.133,371.78,3,3,plants,0.6666666666666666,0.3333333333333333,0.0,0.0,Carica papaya; Homo sapiens; Vaccinium angustifolium
OFQRUTMGVBMTFQ-UHFFFAOYSA-N,Ethyl 4-methylvalerate,CCOC(=O)CCC(C)C,"apple, fruity, pineapple",Fatty acids,144.21399999999997,440.41999999999996,3,3,plants,0.6666666666666666,0.3333333333333333,0.0,0.0,Artemisia salsoloides; Capsicum annuum; Homo sapiens
PQYGSSYFJIJDFK-UHFFFAOYSA-N,8-PENTADECANONE,CCCCCCCC(=O)CCCCCCC,,Fatty acids,226.4039999999999,596.6700000000001,3,2,plants,1.0,0.0,0.0,0.0,Terminalia chebula; Zanthoxylum zanthoxyloides; tomato
VADKRMSMGWJZCF-UHFFFAOYSA-N,2-BROMOPHENOL,Oc1ccccc1Br,,Shikimates and Phenylpropanoids,173.009,510.34,3,3,animals,0.0,0.3333333333333333,0.0,0.0,Melanothamnus sphaerocarpus; Polysiphonia sphaerocarpa; Sea lettuce
WRFZKAGPPQGDDQ-UHFFFAOYSA-N,PENTYL HEXANOATE,CCCCCOC(=O)CCCCC,"apple, fruity, green, pear, pineapple, waxy, sweet, estery, fatty, cognac",Fatty acids,186.29499999999993,509.49999999999994,3,3,plants,1.0,0.0,0.0,0.0,Capsicum annuum; Heracleum dissectum; Polygala senega
WYURNTSHIVDZCO-UHFFFAOYSA-N,TETRAHYDROFURAN,C1CCOC1,,,72.107,338.02,3,3,plants,0.6666666666666666,0.3333333333333333,0.0,0.0,Castanopsis cuspidata; Coffea arabica; Homo sapiens
USIUVYZYUHIAEV-UHFFFAOYSA-N,DIPHENYL ETHER,c1ccc(Oc2ccccc2)cc1,"floral, green, metallic, geranium, phenolic",Shikimates and Phenylpropanoids,170.21099999999998,549.94,3,3,plants,0.6666666666666666,0.3333333333333333,0.0,0.0,Centella asiatica; Homo sapiens; Mangifera indica
XSAYZAUNJMRRIR-UHFFFAOYSA-N,2-Acetylnaphthalene,CC(=O)c1ccc2ccccc2c1,"orange, sweet, floral, honey, powdery, orangeflower",Shikimates and Phenylpropanoids,170.21099999999998,578.6700000000001,3,3,plants,1.0,0.0,0.0,0.0,Acorus calamus; Acorus gramineus; Acorus tatarinowii
KDSNLYIMUZNERS-UHFFFAOYSA-N,ISOBUTYLAMINE,CC(C)CN,"cheesy, fishy, malty, ripe",Amino acids and Peptides,73.139,363.21,3,3,plants,1.0,0.0,0.0,0.0,Abrus precatorius; Cannabis sativa; Vitis vinifera
CZUGFKJYCPYHHV-UHFFFAOYSA-N,Methionol,CSCCCO,"meaty, mushroom, sweet, vegetable, sulfurous, savory, onion, cooked",Fatty acids,106.19,452.08,3,2,animals,0.5,0.5,0.0,0.0,Homo sapiens; Vinegar; Vitis vinifera
MUMGGOZAMZWBJJ-KZYORJDKSA-N,Epitestosterone,C[C@]12CC[C@H]3[C@@H](CCC4=CC(=O)CC[C@@]43C)[C@@H]1CC[C@H]2O,,Terpenoids,288.431,837.9100000000001,2,2,animals,0.5,0.5,0.0,0.0,Homo sapiens; Vitex agnus-castus
SDQFDHOLCGWZPU-UHFFFAOYSA-N,80-54-6,CC(C=O)Cc1ccc(C(C)(C)C)cc1,"floral, fresh, green",,204.313,596.5699999999999,2,1,plants,1.0,0.0,0.0,0.0,Pinellia ternata; tomato
LNIMMWYNSBZESE-UHFFFAOYSA-N,2-ETHYL-3-METHYLPYRAZINE,CCc1nccnc1C,"burnt, earthy, green, hazelnut, nutty, potato, roasted, musty, bready",Alkaloids,122.17099999999998,498.82,2,2,plants,1.0,0.0,0.0,0.0,Coffea arabica; Perilla frutescens
UZTFMUBKZQVKLK-UHFFFAOYSA-N,4-Acetamidobutyric acid,CC(=O)NCCCC(=O)O,,Fatty acids,145.15800000000002,586.4300000000001,2,2,plants,0.5,0.5,0.0,0.0,Citrullus lanatus; Homo sapiens
XMWRWTSZNLOZFN-UHFFFAOYSA-N,Musk xylene,Cc1c([N+](=O)[O-])c(C)c([N+](=O)[O-])c(C(C)(C)C)c1[N+](=O)[O-],"dry, sweet, fatty, soapy, musk",,297.267,978.03,2,2,plants,0.5,0.5,0.0,0.0,Carduus pycnocephalus; Moschus
CLGFIVUFZRGQRP-UHFFFAOYSA-N,"2-imino-3,9-dihydropurine-6,8-diol",Nc1nc(=O)c2[nH]c(=O)[nH]c2[nH]1,,Alkaloids,167.128,770.4100000000001,2,2,animals,0.0,1.0,0.0,0.0,Homo sapiens; Caenorhabditis elegans
MYHGOWDLVRDUFA-UHFFFAOYSA-N,3-Phenylbutyraldehyde,CC(CC=O)c1ccccc1,"herbal, hyacinth, green",,148.20499999999998,503.29999999999995,2,2,plants,1.0,0.0,0.0,0.0,Mentha arvensis; Mentha canadensis
PSINWXIDJYEXLO-UHFFFAOYSA-N,"2,3-DIETHYL-5-METHYLPYRAZINE",CCc1ncc(C)nc1CC,"chocolate, hazelnut, meaty, nutty, roasted, musty, vegetable, potato, green, earthy",Alkaloids,150.22499999999997,549.56,2,2,plants,1.0,0.0,0.0,0.0,Elsholtzia ciliata; Mosla chinensis
PJXHBTZLHITWFX-UHFFFAOYSA-N,2-HEPTYLCYCLOPENTANONE,CCCCCCCC1CCCC1=O,"fruity, oily, fresh, jasmine, tropical, peach",,182.30699999999996,557.26,2,2,plants,1.0,0.0,0.0,0.0,Mentha arvensis; Mentha canadensis
TWXUTZNBHUWMKJ-UHFFFAOYSA-N,2705-87-5,C=CCOC(=O)CCC1CCCCC1,"fruity, pineapple, sweet, tropical, waxy",Fatty acids,196.28999999999994,548.6099999999999,2,2,plants,1.0,0.0,0.0,0.0,Carica papaya; Mangifera indica
WXCMHFPAUCOJIG-UHFFFAOYSA-N,MUSK KETONE,CC(=O)c1c(C)c([N+](=O)[O-])c(C(C)(C)C)c([N+](=O)[O-])c1C,"dry, fatty, floral, powdery, soapy, musk",,294.307,925.8199999999999,2,2,animals,0.5,0.5,0.0,0.0,Moschus; Zingiber officinale
RFDUMBPGZUIKOG-UHFFFAOYSA-N,Heptyl 2-methylpropanoate,CCCCCCCOC(=O)C(C)C,"fruity, herbal, tropical, sweet, estery, warm, floral, pineapple, apricot, apple, green, cherry, peach",Fatty acids,186.295,509.06,2,2,plants,1.0,0.0,0.0,0.0,Capsicum annuum; Humulus lupulus
QXZGBUJJYSLZLT-FDISYFBBSA-N,BRADYKININ,NC(N)=NCCC[C@H](NC(=O)[C@H](Cc1ccccc1)NC(=O)[C@@H]1CCCN1C(=O)[C@H](CO)NC(=O)[C@H](Cc1ccccc1)NC(=O)CNC(=O)[C@@H]1CCCN1C(=O)[C@@H]1CCCN1C(=O)[C@@H](N)CCCN=C(N)N)C(=O)O,,Amino acids and Peptides,1060.2279999999992,,2,2,animals,0.0,1.0,0.0,0.0,Pelophylax lessonae; Rana temporaria
RBNPOMFGQQGHHO-REOHCLBHSA-N,"(2S)-2,3-dihydroxypropanoic acid",O=C(O)[C@@H](O)CO,,Fatty acids,106.077,597.6700000000001,2,2,animals,0.5,0.5,0.0,0.0,Homo sapiens; Pogostemon cablin
CCPPLLJZDQAOHD-FLIBITNWSA-N,,CCCCCC1OC1C/C=C\CCCCCCCC(=O)O,,Fatty acids,296.45099999999996,790.1300000000001,2,2,animals,0.5,0.5,0.0,0.0,Homo sapiens; Vernonia galamensis
PHENTZNALBMCQD-UHFFFAOYSA-N,beta-Ureidoisobutyric acid,CC(CNC(N)=O)C(=O)O,,Amino acids and Peptides,146.14600000000002,635.64,2,2,animals,0.0,1.0,0.0,0.0,Homo sapiens; Mus musculus
JAELLLITIZHOGQ-UHFFFAOYSA-N,tert-Butyl propionate,CCC(=O)OC(C)(C)C,"brandy, fruity, rummy",Fatty acids,130.18699999999998,414.75,2,2,plants,1.0,0.0,0.0,0.0,Malus domestica; Malus pumila
HJWLCRVIBGQPNF-UHFFFAOYSA-N,ALLYLBENZENE,C=CCc1ccccc1,,Shikimates and Phenylpropanoids,118.17899999999995,428.88,2,2,plants,1.0,0.0,0.0,0.0,Alpinia officinarum; Daucus carota
NGAZZOYFWWSOGK-UHFFFAOYSA-N,3-Heptanone,CCCCC(=O)CC,"banana, fatty, fruity, green, sweet, musty, cheesy, ketonic",Fatty acids,114.18799999999999,413.63,2,1,animals,0.0,1.0,0.0,0.0,Homo sapiens; rooibos
MSTDXOZUKAQDRL-UHFFFAOYSA-N,4-Chromanone,O=C1CCOc2ccccc21,,Shikimates and Phenylpropanoids,148.16099999999997,547.63,2,2,fungi,0.5,0.0,0.5,0.0,Lactarius deliciosus; Lasiolaena morii
XXIKYCPRDXIMQM-UHFFFAOYSA-N,Prenyl acetate,CC(=O)OCC=C(C)C,"apple, banana, fruity, green, sweet, ripe, fresh, balsamic, jasmine",Terpenoids,128.171,422.02,2,1,plants,1.0,0.0,0.0,0.0,Pandanus tectorius; tomato
VKJIAEQRKBQLLA-UHFFFAOYSA-N,2-METHOXY-3-METHYLPYRAZINE,COc1nccnc1C,"hazelnut, nutty, roasted, chocolate",Alkaloids,124.14299999999999,498.35999999999996,2,2,plants,0.5,0.0,0.0,0.5,Arctium lappa; Chondromyces crocatus
VVGOCOMZRGWHPI-ARJAWSKDSA-N,,CC/C=C\CCC=O,"creamy, green, vegetable, fatty, oily, milky, dairy",Fatty acids,112.172,412.58,2,2,plants,1.0,0.0,0.0,0.0,Capsella bursa-pastoris; Senna alexandrina
VXCUURYYWGCLIH-UHFFFAOYSA-N,Dodecanenitrile,CCCCCCCCCCCC#N,"dry, metallic, spicy, citrus",Fatty acids,181.32299999999998,576.24,2,2,bacteria,0.0,0.0,0.0,1.0,Pseudomonas veronii; Pseudomonas veronii R
AVBRYQRTMPHARE-UHFFFAOYSA-N,Octyl formate,CCCCCCCCOC=O,"citrus, fruity, green, orange, orris, rose, cucumber, waxy",Fatty acids,158.241,381.94,2,2,plants,1.0,0.0,0.0,0.0,Boswellia species; Vitis vinifera
NHIMSNHOEAVUKE-UHFFFAOYSA-N,3-Methylheptan-4-one,CCCC(=O)C(C)CC,,Fatty acids,128.21499999999997,436.07,2,2,plants,1.0,0.0,0.0,0.0,Thymus quinquecostatus; Thymus vulgaris
DLRJIFUOBPOJNS-UHFFFAOYSA-N,PHENETOLE,CCOc1ccccc1,"anisic, sweet",Shikimates and Phenylpropanoids,122.16699999999996,431.74,2,2,plants,1.0,0.0,0.0,0.0,Prunus persica; Scutellaria barbata
HSDXVAOHEOSTFZ-UHFFFAOYSA-N,2-PENTYLPYRIDINE,CCCCCc1ccccn1,"fatty, green, meaty, vegetable, mushroom, herbal",Alkaloids,149.237,508.78,2,1,plants,1.0,0.0,0.0,0.0,Mentha gentilis; corn mint
LOCDPORVFVOGCR-UHFFFAOYSA-N,Bis(methylthio)methane,CSCSC,"alliaceous, meaty, mushroom, onion, metallic, spicy, sulfurous, garlic, horseradish, green, pungent",Amino acids and Peptides,108.231,405.79999999999995,2,2,plants,1.0,0.0,0.0,0.0,Bruguiera gymnorhiza; Psidium friedrichsthalianum
AMXYRHBJZOVHOL-DYWGDJMRSA-N,,CC/C=C/CC/C=C/CO,green,Fatty acids,140.226,506.02,2,2,plants,1.0,0.0,0.0,0.0,Artemisia capillaries; Cucumis sativus
CWRKZMLUDFBPAO-SREVYHEPSA-N,,CCCCC/C=C\CCC=O,"aldehydic, orange, citrus",Fatty acids,154.253,481.22,2,2,plants,1.0,0.0,0.0,0.0,Coriandrum sativum; Porophyllum ruderale
BDFAOUQQXJIZDG-UHFFFAOYSA-N,Isobutyl mercaptan,CC(C)CS,"garlic, onion, vegetable, sulfurous, cooked",Fatty acids,90.19099999999999,353.53999999999996,2,1,plants,1.0,0.0,0.0,0.0,Psidium guajava; striped skunk
JRFITZGBELIFQM-UHFFFAOYSA-N,r-limonene,C=C(C)C1CCC2(C)OOC(C1)O2,,Terpenoids,184.23499999999999,527.6700000000001,2,2,plants,1.0,0.0,0.0,0.0,Citrus reticulata; Citrus unshiu
TVIDDXQYHWJXFK-UHFFFAOYSA-N,DODECANEDIOIC ACID,O=C(O)CCCCCCCCCCC(=O)O,,Fatty acids,230.30399999999995,765.1800000000001,2,2,animals,0.5,0.5,0.0,0.0,Homo sapiens; Phaseolus vulgaris
RTNPCOBSXBGDMO-ARJAWSKDSA-N,,CC/C=C\CCCCC=O,"citrus, cucumber, fresh, vegetable, melon, green, woody, orris, waxy",Fatty acids,140.226,458.34,2,2,plants,1.0,0.0,0.0,0.0,Artemisia capillaries; Artemisia capillaris
VOATZOQREKBJMT-UHFFFAOYSA-N,2-Methyl-6-methyleneoctan-2-ol,C=C(CC)CCCC(C)(C)O,,Terpenoids,156.269,513.91,2,2,plants,1.0,0.0,0.0,0.0,Curcuma amada; Vitex negundo
JFLIEFSWGNOPJJ-JTQLQIEISA-N,Phenylacetylglutamine,NC(=O)CC[C@H](NC(=O)Cc1ccccc1)C(=O)O,,Amino acids and Peptides,264.281,899.23,2,2,animals,0.0,1.0,0.0,0.0,Caenorhabditis elegans; Homo sapiens
FJPGAMCQJNLTJC-UHFFFAOYSA-N,"2,3-HEPTANEDIONE",CCCCC(=O)C(C)=O,"buttery, cheesy, fatty, sweet, oily",Fatty acids,128.171,467.5,2,2,bacteria,0.0,0.5,0.0,0.5,Corynebacterium glutamicum; Homo sapiens
HABNNYNSJFKZFE-UHFFFAOYSA-N,227456-27-1,CCC(S)C(C)CO,"onion, sulfurous",Fatty acids,134.244,491.03999999999996,1,1,plants,1.0,0.0,0.0,0.0,Allium cepa
ALHUZKCOMYUFRB-OAHLLOKOSA-N,10403-00-6,C[C@@H]1CCCCCCCCCCCCC(=O)C1,"powdery, animal, musk",Fatty acids,238.41499999999994,691.48,1,0,,,,,,Siberian musk deer
KRLBLPBPZSSIGH-CSKARUKUSA-N,,C=CC(C)(O)CC/C=C(\C)CC,"floral, herbal, lavender, fresh, green, bergamot",Terpenoids,168.27999999999997,540.95,1,1,plants,1.0,0.0,0.0,0.0,Foeniculum vulgare
UIKJRDSCEYGECG-UHFFFAOYSA-N,Benzyl isobutyrate,CC(C)C(=O)OCc1ccccc1,"floral, fruity, sweet, juicy, rose, oily, powdery, jasmine, tropical, woody",,178.231,535.74,1,1,plants,1.0,0.0,0.0,0.0,Tanacetum parthenium
WXPWPYISTQCNDP-UHFFFAOYSA-N,,C=CCCCCCCO,,Fatty acids,128.215,471.5,1,1,plants,1.0,0.0,0.0,0.0,Aristolochia triangularis
OTGQIQQTPXJQRG-UHFFFAOYSA-N,N-(2-Hydroxyethyl)octadecanamide,CCCCCCCCCCCCCCCCCC(=O)NCCO,,Fatty acids,327.553,853.4199999999998,1,1,animals,0.0,1.0,0.0,0.0,Homo sapiens
RWNUSVWFHDHRCJ-UHFFFAOYSA-N,1-Butoxy-2-propanol,CCCCOCC(C)O,,Fatty acids,132.203,473.92,1,1,plants,1.0,0.0,0.0,0.0,Cedronella canariensis
JUCARGIKESIVLB-UHFFFAOYSA-N,3-Mercaptohexyl acetate,CCCC(S)CCOC(C)=O,"fruity, grapefruit, sulfurous, tropical, floral, pear, raspberry",Fatty acids,176.28099999999998,503.28000000000003,1,1,plants,1.0,0.0,0.0,0.0,Psidium friedrichsthalianum
XVHGKKGBUDMTIQ-UHFFFAOYSA-N,4-Methoxy-2-methyl-2-butanethiol,COCCC(C)(C)S,"sulfurous, sweet, tropical, minty, grapefruit, peach",,134.244,418.93,1,1,plants,1.0,0.0,0.0,0.0,Mentha viridis
LJSQFQKUNVCTIA-UHFFFAOYSA-N,Diethyl sulfide,CCSCC,"garlic, meaty, savory, sulfurous, tomato, ethereal",Fatty acids,90.191,359.9,1,1,plants,1.0,0.0,0.0,0.0,Zingiber officinale
ALVZNPYWJMLXKV-UHFFFAOYSA-N,"1,9-NONANEDIOL",OCCCCCCCCCO,,Fatty acids,160.257,589.8799999999999,1,1,plants,1.0,0.0,0.0,0.0,Asparagus racemosus
JJOYCHKVKWDMEA-UHFFFAOYSA-N,Ethyl cyclohexanecarboxylate,CCOC(=O)C1CCCCC1,"apple, berry, brandy, cheesy, fermented, fruity, winey",Fatty acids,156.22499999999997,483.28999999999996,1,1,animals,0.0,1.0,0.0,0.0,Homo sapiens
IPBVNPXQWQGGJP-UHFFFAOYSA-N,PHENYL ACETATE,CC(=O)Oc1ccccc1,"jasmine, metallic, animal, medicinal, smoky, burnt, phenolic, woody",Shikimates and Phenylpropanoids,136.14999999999998,467.54,1,1,plants,1.0,0.0,0.0,0.0,Arabidopsis thaliana
CETBSQOFQKLHHZ-UHFFFAOYSA-N,DIETHYL DISULFIDE,CCSSCC,"alliaceous, fruity, garlic, onion, sulfurous, tropical, vegetable, ripe",,122.258,428.67999999999995,1,1,plants,1.0,0.0,0.0,0.0,Citrullus lanatus
YIKYNHJUKRTCJL-UHFFFAOYSA-N,Ethyl maltol,CCc1occc(=O)c1O,"caramellic, fruity, sweet, strawberry",Polyketides,140.13799999999998,562.6700000000001,1,1,plants,1.0,0.0,0.0,0.0,Mangifera indica
PFWYHTORQZAGCA-UHFFFAOYSA-N,PIPERONYL ACETATE,CC(=O)OCc1ccc2c(c1)OCO2,"cherry, floral, sweet, metallic, strawberry, jammy, powdery, hawthorn, jasmine, soapy, aromatic",Shikimates and Phenylpropanoids,194.18599999999998,588.5699999999999,1,1,plants,1.0,0.0,0.0,0.0,Cichorium endivia
HFNGYHHRRMSKEU-UHFFFAOYSA-N,4-Methoxybenzyl acetate,COc1ccc(COC(C)=O)cc1,"balsamic, cherry, coumarinic, floral, fruity, vanilla, sweet, plum, powdery",Shikimates and Phenylpropanoids,180.203,540.7,1,1,plants,1.0,0.0,0.0,0.0,Spathiphyllum cannifolium
PXRBWNLUQYZAAX-UHFFFAOYSA-N,DELTA-NONALACTONE,CCCCC1CCCC(=O)O1,"coconut, fatty, oily, sweet, creamy, coumarinic, milky",Fatty acids,156.225,474.74999999999994,1,1,plants,1.0,0.0,0.0,0.0,Mangifera indica
RZZLMGATMUAJPX-UHFFFAOYSA-N,7370-92-5,CCCCCCCCC1CCCC(=O)O1,"buttery, creamy, dairy, fatty, musty, oily, milky",Fatty acids,212.33299999999994,566.27,1,1,plants,1.0,0.0,0.0,0.0,Citrullus lanatus
GJYXGIIWJFZCLN-UHFFFAOYSA-N,"2,4-Octanedione",CCCCC(=O)CC(C)=O,,Fatty acids,142.19799999999998,490.38,1,0,,,,,,Bulbus allii fistulosi
XPDORSROGAZEGY-UHFFFAOYSA-N,4-Methoxybenzyl formate,COc1ccc(COC=O)cc1,"floral, green, spicy, sweet, vanilla, fruity, anisic, powdery",Shikimates and Phenylpropanoids,166.176,436.02,1,1,plants,1.0,0.0,0.0,0.0,Vanilla planifolia
DFJMIMVMOIFPQG-UHFFFAOYSA-N,3-methyl-5-phenylpentanal,CC(CC=O)CCc1ccccc1,"aldehydic, fresh, green, lily, woody, waxy",,176.25900000000001,549.06,1,1,plants,1.0,0.0,0.0,0.0,Anethum graveolens
VMJQLPNCUPGMNQ-UHFFFAOYSA-N,Gamma-CEHC,Cc1c(O)cc2c(c1C)OC(C)(CCC(=O)O)CC2,,Terpenoids,264.32099999999997,848.75,1,1,animals,0.0,1.0,0.0,0.0,Homo sapiens
ZMANZCXQSJIPKH-UHFFFAOYSA-N,TRIETHYLAMINE,CCN(CC)CC,"cheesy, fishy, ripe",Fatty acids,101.193,349.32,1,1,plants,1.0,0.0,0.0,0.0,Bulbophyllum variegatum
KVFQMAZOBTXCAZ-UHFFFAOYSA-N,"3,4-HEXANEDIONE",CCC(=O)C(=O)CC,"buttery, caramellic, nutty",Fatty acids,114.14399999999999,444.62,1,1,animals,0.0,1.0,0.0,0.0,Homo sapiens
BGVBGAIWXAXBLP-UHFFFAOYSA-N,"3-methylnonane-2,4-dione",CCCCCC(=O)C(C)C(C)=O,"caramellic, burnt, fruity, hay",Fatty acids,170.25199999999998,535.7,1,1,plants,1.0,0.0,0.0,0.0,Mangifera indica
NXXYKOUNUYWIHA-UHFFFAOYSA-N,"2,6-DIMETHYLPHENOL",Cc1cccc(C)c1O,"phenolic, sharp, smoky, sweet, medicinal, coffee",,122.16699999999999,494.92,1,1,plants,1.0,0.0,0.0,0.0,Coffea arabica
FZOZFDAMVVEZSJ-UHFFFAOYSA-N,2-Acetyl-2-thiazoline,CC(=O)C1=NCCS1,"green, onion, popcorn, chicken, roasted, nutty, herbal, grassy, bready",,129.184,493.49,1,1,animals,0.0,1.0,0.0,0.0,Homo sapiens
PZDOWFGHCNHPQD-OQPGPFOOSA-N,Kojibiose,O=C[C@H](O[C@H]1O[C@H](CO)[C@@H](O)[C@H](O)[C@H]1O)[C@@H](O)[C@H](O)[C@H](O)CO,,Carbohydrates,342.2970000000001,1308.74,1,1,animals,0.0,1.0,0.0,0.0,Homo sapiens
KANZWHBYRHQMKZ-UHFFFAOYSA-N,2-Vinylpyrazine,C=Cc1cnccn1,"burnt, green, nutty",Alkaloids,106.12799999999999,467.64,1,1,plants,1.0,0.0,0.0,0.0,Prunus mume
DBZAKQWXICEWNW-UHFFFAOYSA-N,Acetylpyrazine,CC(=O)c1cnccn1,"nutty, popcorn, musty, potato, coffee, roasted, hazelnut, chocolate",Alkaloids,122.12699999999998,524.8299999999999,1,1,plants,1.0,0.0,0.0,0.0,Polygala senega
PPJSYGVFDJEMRP-UHFFFAOYSA-N,2-Acetyl-3-ethylpyrazine,CCc1nccnc1C(C)=O,"earthy, hazelnut, meaty, nutty, popcorn, potato, musty",Alkaloids,150.18099999999998,575.5699999999999,1,1,plants,1.0,0.0,0.0,0.0,Teucrium leucocladum
KFUSEUYYWQURPO-UHFFFAOYSA-N,,ClC=CCl,,,96.94400000000002,324.38,1,1,animals,0.0,1.0,0.0,0.0,Homo sapiens
QUNOTZOHYZZWKQ-UHFFFAOYSA-N,2-ACETYL-3-METHYLPYRAZINE,CC(=O)c1nccnc1C,"cocoa, coffee, hazelnut, nutty, popcorn, roasted, vegetable, caramellic",Alkaloids,136.154,552.69,1,1,plants,1.0,0.0,0.0,0.0,Nicotiana tabacum
WQAQPCDUOCURKW-UHFFFAOYSA-N,1-Butanethiol,CCCCS,"beefy, cheesy, garlic, meaty, onion, roasted, savory, sulfurous, fatty, coffee",Fatty acids,90.19099999999999,353.98,1,0,,,,,,striped skunk
ZSKAJFSSXURRGL-PKNBQFBNSA-N,,COC(/C=C(\C)CCC=C(C)C)OC,"citrus, lemon",Terpenoids,198.30599999999998,526.6400000000001,1,0,,,,,,garlic
VWYBQOFZVSNDAW-WAYWQWQTSA-N,,C=CC(=O)C/C=C\CC,"geranium, metallic, green",Fatty acids,124.18299999999998,437.35,1,1,plants,1.0,0.0,0.0,0.0,Diplotaxis tenuifolia
KUFFULVDNCHOFZ-UHFFFAOYSA-N,"2,4-DIMETHYLPHENOL",Cc1ccc(O)c(C)c1,"burnt, phenolic, sharp, roasted, smoky",,122.16699999999999,494.92,1,1,plants,1.0,0.0,0.0,0.0,Trichosanthes kirilowii
VNWOJVJCRAHBJJ-UHFFFAOYSA-N,2-PENTYLCYCLOPENTANONE,CCCCCC1CCCC1=O,"floral, rose, herbal, oily, coconut, green, jasmine",,154.253,511.49999999999994,1,1,plants,1.0,0.0,0.0,0.0,Eucalyptus exserta
GZXXANJCCWGCSV-UHFFFAOYSA-N,"2,3-DIETHYLPYRAZINE",CCc1nccnc1CC,"earthy, nutty, potato, roasted",Alkaloids,136.19799999999998,521.7,1,1,plants,1.0,0.0,0.0,0.0,Perilla frutescens
ZMRFRBHYXOQLDK-UHFFFAOYSA-N,2-Phenylethanethiol,SCCc1ccccc1,"roasted, sulfurous, tropical",Shikimates and Phenylpropanoids,138.23499999999999,472.18,1,0,,,,,,striped skunk
NVIPUOMWGQAOIT-RQOWECAXSA-N,,O=C1CCCCC/C=C\CCCCCCCCO1,"musk, musty, animal",Fatty acids,252.39799999999988,685.71,1,1,plants,1.0,0.0,0.0,0.0,Abelmoschus moschatus
CXBDYQVECUFKRK-UHFFFAOYSA-N,,CCCCOC,,Fatty acids,88.14999999999999,336.41999999999996,1,1,plants,1.0,0.0,0.0,0.0,Mangifera indica
ARJWAURHQDJJAC-GQCTYLIASA-N,,C/C=C/C(=O)C(C)CC,"hazelnut, metallic, nutty",Fatty acids,126.19899999999998,440.22999999999996,1,1,plants,1.0,0.0,0.0,0.0,Corylus avellana
FZWLAAWBMGSTSO-UHFFFAOYSA-N,THIAZOLE,c1cscn1,"meaty, nutty, fishy",Alkaloids,85.131,388.03999999999996,1,1,animals,0.0,1.0,0.0,0.0,Homo sapiens
ZCDYAMJXVAUTIM-UHFFFAOYSA-N,Allyl phenylacetate,C=CCOC(=O)Cc1ccccc1,"fruity, honey, pineapple, sweet, rummy",Shikimates and Phenylpropanoids,176.215,532.8599999999999,1,1,plants,1.0,0.0,0.0,0.0,Mangifera indica
BADXJIPKFRBFOT-UHFFFAOYSA-N,Dimedone,CC1(C)CC(=O)CC(=O)C1,,,140.182,538.0699999999999,1,1,plants,1.0,0.0,0.0,0.0,Geijera parviflora
GRLJIIJNZJVMGP-UHFFFAOYSA-N,Methyl thiobutyrate,CCCC(=O)SC,"cheesy, cocoa, fruity, milky, sweet, sulfurous, garlic, cabbage, tomato",Fatty acids,118.201,436.65,1,1,animals,0.0,1.0,0.0,0.0,Homo sapiens
DPVYDTACPLLHCF-UHFFFAOYSA-N,2-Phenylethyl pivalate,CC(C)(C)C(=O)OCCc1ccccc1,"rose, spicy, floral, geranium",,206.285,578.71,1,1,plants,1.0,0.0,0.0,0.0,Vitis vinifera
SHGAZHPCJJPHSC-XFYACQKRSA-N,,CC1=C(/C=C/C(C)=C/C=C/C(C)=C\C(=O)O)C(C)(C)CCC1,,Terpenoids,300.44200000000006,848.02,1,1,animals,0.0,1.0,0.0,0.0,Homo sapiens
UKDKTHYZLXZOSS-UHFFFAOYSA-N,N-Acetylvanilalanine,COc1cc(CC(NC(C)=O)C(=O)O)ccc1O,,Alkaloids,253.254,857.97,1,1,animals,0.0,1.0,0.0,0.0,Homo sapiens
NPAGDVCDWIYMMC-IZPLOLCNSA-N,nandrolone,C[C@]12CC[C@H]3[C@@H](CCC4=CC(=O)CC[C@@H]43)[C@@H]1CC[C@@H]2O,,Terpenoids,274.40399999999994,814.79,1,1,animals,0.0,1.0,0.0,0.0,Homo sapiens
