rank,taxid,pct_odorant,pct_background,odds_ratio,ci_lo,ci_hi,n_odorant,n_background,p,q,taxon
superkingdom,2759,96.81372549019608,90.39198754432103,3.229664166121557,1.8582725150896375,5.613132918465675,395,138175,8.112601020774915e-07,2.4337803062324748e-06,Eukaryota
superkingdom,2,3.1862745098039214,9.216809933142311,0.32416868892241096,0.1865171577414297,0.5634084292843212,13,14089,2.8665753349122404e-06,4.299863002368361e-06,Bacteria
superkingdom,2157,0.0,0.04644712224097552,2.615598599686727,0.1617531528194653,42.29503979016031,0,71,1.0,1.0,Archaea
kingdom,33090,84.06862745098039,61.6091638209627,3.2882363079014065,2.521897401860895,4.287445638598377,343,94177,4.606333228376583e-23,3.224433259863608e-22,Viridiplantae
kingdom,1783272,2.450980392156863,7.739006424094935,0.2995365670278697,0.15987992060242465,0.5611846356238483,10,11830,9.817972598573115e-06,2.2908602730003933e-05,Bacillati
kingdom,33208,10.53921568627451,16.013136031191532,0.6178891417174158,0.45034139727810313,0.8477723650542316,43,24478,0.001836962198483176,0.003214683847345558,Metazoa
kingdom,4751,1.2254901960784315,9.897816331069853,0.1129434069331304,0.046748579338639476,0.27286846680962556,5,15130,1.394109764148593e-12,4.8793841745200754e-12,Fungi
kingdom,3379134,0.7352941176470589,1.4470568224934908,0.5044873082847766,0.1619031210421209,1.5719736752585909,3,2212,0.2987946588340631,0.41831252236768834,Pseudomonadati
kingdom,3366610,0.0,0.035980165116248644,3.3699979048816258,0.2078277028928345,54.64567870801458,0,55,1.0,1.0,Methanobacteriati
kingdom,3384194,0.0,0.014392066046499457,8.314456684346526,0.5035248109414775,137.29251956148255,0,22,1.0,1.0,Thermotogati
phylum,35493,84.06862745098039,61.31085554290798,3.329910134252811,2.553860421184442,4.341780549250607,343,93721,1.709193300677454e-23,5.640337892235598e-22,Streptophyta
phylum,201174,2.450980392156863,6.127095026886996,0.38494844497954217,0.2054552585104196,0.7212534075133076,10,9366,0.0008512118432451235,0.00468166513784818,Actinomycetota
phylum,3041,0.0,0.298308278054716,0.40863978893207187,0.025477849511444956,6.554182566446038,0,456,0.6386240344400116,1.0,Chlorophyta
phylum,6040,0.7352941176470589,6.515680810142482,0.10627844712182062,0.03412778419643726,0.330965182433519,3,9960,8.533052476727763e-09,7.039768293300404e-08,Porifera
phylum,1239,0.0,0.38204393505253104,0.3188834780168636,0.019888331167982075,5.112881100644352,0,584,0.4148176850255244,0.9125989070561537,Bacillota
phylum,4890,0.49019607843137253,7.1927620991482515,0.06356091102762787,0.015840184122667113,0.25504687189089237,2,10995,6.506583376027616e-11,7.157241713630377e-10,Ascomycota
phylum,1224,0.24509803921568626,0.9714644581387134,0.25046037773310503,0.035172514708669875,1.7835062785188598,1,1485,0.19831024701863073,0.5415699301908292,Pseudomonadota
phylum,976,0.24509803921568626,0.05822244900629326,4.2175689479060265,0.5862055986465938,30.344111129967107,1,89,0.21334573007517516,0.5415699301908292,Bacteroidota
phylum,5204,0.7352941176470589,2.5879551490887205,0.27881885930419803,0.08951037184930254,0.868502215973086,3,3956,0.01172543343084724,0.04407960199788503,Basidiomycota
phylum,6656,0.7352941176470589,0.4297994269340974,1.7160493827160495,0.5497308577391206,5.356849524567941,3,657,0.25763856787332867,0.6072909099871319,Arthropoda
phylum,6073,0.0,4.500791563632557,0.025969210166527954,0.0016214207263555566,0.4159314517886651,0,6880,1.2117399931468315e-08,7.997483954769088e-08,Cnidaria
phylum,7711,8.333333333333334,1.772840863000615,5.036967460583697,3.5384101504014813,7.170180991059017,34,2710,2.401830533304557e-13,3.963020379952519e-12,Chordata
phylum,1117,0.0,1.2095877327262499,0.09994000826582194,0.006238174710319016,1.6011102150843393,0,1849,0.011533342579395537,0.04407960199788503,Cyanobacteriota
phylum,2763,0.24509803921568626,1.3286493700200182,0.18246781762291364,0.025628759561630018,1.2991071373550047,1,2031,0.04963138684052528,0.16378357657373344,Rhodophyta
phylum,6447,0.49019607843137253,1.0316494616058929,0.47257216576963806,0.11768266915677068,1.8976834351259075,2,1577,0.4544515454080819,0.937306312404169,Mollusca
phylum,2818505,0.24509803921568626,0.3676518690060316,0.66583892206668,0.09340362969030588,4.74651222451296,1,562,1.0,1.0,Myxococcota
phylum,7586,0.0,1.270426921013725,0.09509663536591322,0.005935961661718096,1.5234886229538007,0,1942,0.012021709635786826,0.04407960199788503,Echinodermata
phylum,1913637,0.0,0.08504402663840588,1.4325140571289223,0.08897688445927684,23.06325442099711,0,130,1.0,1.0,Mucoromycota
phylum,6231,0.24509803921568626,0.1661629443550392,1.4762135077095706,0.2066464229945757,10.545579685167825,1,254,0.49352067743479766,0.9580107267851955,Nematoda
phylum,2605435,0.0,0.07915636325574701,1.5387168754501817,0.09553590898359683,24.78282404997775,0,121,1.0,1.0,Evosea
phylum,6157,0.0,0.018317174968272038,6.563787068650819,0.4000627239996083,107.69136462368809,0,28,1.0,1.0,Platyhelminthes
phylum,544448,0.0,0.018317174968272038,6.563787068650819,0.4000627239996083,107.69136462368809,0,28,1.0,1.0,Mycoplasmatota
phylum,10205,0.0,0.21784354515837814,0.559803941358574,0.03488311316246885,8.983729499744411,0,333,1.0,1.0,Bryozoa
phylum,5878,0.0,0.03467179547565778,3.4960248916139514,0.21549969568320929,56.715579128943666,0,53,1.0,1.0,Ciliophora
phylum,4761,0.0,0.017662990147976607,6.802514743518415,0.41425020102343746,111.70593694694989,0,27,1.0,1.0,Chytridiomycota
phylum,2836,0.24509803921568626,0.04317619813949837,5.688184051820415,0.7876038680950653,41.08085183182306,1,66,0.16358321852034283,0.4907496555610285,Bacillariophyta
phylum,28890,0.0,0.03532598029595321,3.431855187360336,0.21159420800033213,55.66140084039331,0,54,1.0,1.0,Methanobacteriota
phylum,6340,0.0,0.041213643678612084,2.9452770362089074,0.18191973740988576,47.68397834960888,0,63,1.0,1.0,Annelida
phylum,33682,0.0,0.017008805327681176,7.059259601394887,0.4294804974759218,116.03122007345566,0,26,1.0,1.0,Euglenozoa
phylum,1297,0.0,0.013737881226204026,8.701232529674646,0.5262025995419242,143.88269385475752,0,21,1.0,1.0,Deinococcota
phylum,2830,0.0,0.018317174968272038,6.563787068650819,0.4000627239996083,107.69136462368809,0,28,1.0,1.0,Haptophyta
phylum,10219,0.0,0.04186782849890751,2.89959484975283,0.1791282719939651,46.936478530850756,0,64,1.0,1.0,Hemichordata
phylum,74201,0.0,0.015046250866794886,7.960597932237818,0.48272014659282364,131.27920988183405,0,23,1.0,1.0,Verrucomicrobiota
class,3398,82.3529411764706,57.914982140754404,3.39112165367672,2.6285341724004128,4.374950187363721,336,88530,9.796702561075403e-26,6.661757741531275e-24,Magnoliopsida
class,1760,2.450980392156863,6.123169917965224,0.38521131297513206,0.20559551394746767,0.7217460770177125,10,9360,0.0008505608290339042,0.009639689395717582,Actinomycetes
class,33103,0.0,0.21195588177571928,0.575364038073828,0.035850647637465594,9.233969206254041,0,324,1.0,1.0,Ulvophyceae
class,80999,0.49019607843137253,0.36699768418573614,1.3373462237559601,0.33250605759376906,5.3788341034657945,2,561,0.6646261334686503,1.0,Homoscleromorpha
class,91061,0.0,0.35325980295953213,0.34494218033304763,0.021511503213842487,5.531231666615968,0,540,0.4116702480699528,1.0,Bacilli
class,147541,0.0,1.1408983265952297,0.10602898495814612,0.006618094611000354,1.6986982374909678,0,1744,0.017152143853369724,0.11440479148098905,Dothideomycetes
class,28216,0.0,0.149154139027358,0.8176067107874515,0.05089905352164394,13.133460983521339,0,228,1.0,1.0,Betaproteobacteria
class,768503,0.0,0.01635462050738575,7.336141310869513,0.4458729452486765,120.70472072045065,0,25,1.0,1.0,Cytophagia
class,27929,0.0,0.045792937420680094,2.652716650607221,0.16402613990736323,42.90112315258417,0,70,1.0,1.0,Calcarea
class,50557,0.49019607843137253,0.34279284583480524,1.432124995299515,0.3560091818278175,5.761036812678572,2,524,0.40865511352297423,1.0,Insecta
class,147547,0.0,0.2760659941646714,0.44162290962027334,0.02753091990964085,7.084063843183815,0,422,0.6338305093472825,1.0,Lecanoromycetes
class,2870,0.49019607843137253,1.029032722324711,0.4737864016860882,0.11798478242080407,1.902563617247221,2,1573,0.45411767575343276,1.0,Phaeophyceae
class,147545,0.49019607843137253,2.561787756276903,0.1873657144869853,0.04668332050334491,0.7520011555883888,2,3916,0.003977606822561274,0.03863960913345238,Eurotiomycetes
class,6042,0.24509803921568626,6.0780311653648385,0.03796731242646645,0.005334755762034509,0.27021233533269823,1,9291,4.760415362237497e-10,1.079027482107166e-08,Demospongiae
class,147550,0.0,2.810377987989167,0.0423237382167974,0.0026423767928051857,0.6779119546922482,0,4296,1.5308683733408483e-05,0.00020819809877435538,Sordariomycetes
class,58019,1.2254901960784315,1.5576140571234185,0.784128486164768,0.3243103642565534,1.895892177928218,5,2381,0.8396054341340675,1.0,Pinopsida
class,1236,0.0,0.6751187345448836,0.1799893901090922,0.011231465222003556,2.884412666690688,0,1032,0.1229946936161729,0.554653262232423,Gammaproteobacteria
class,6101,0.0,4.436681451243605,0.026362123345549174,0.0016459503729559816,0.42222509177956513,0,6782,1.8525986443267223e-08,3.1494176953554277e-07,Anthozoa
class,40674,8.088235294117647,0.7503499888788581,11.639860505666958,8.116053504476346,16.693624865417526,33,1147,3.2024528424729796e-23,1.088833966440813e-21,Mammalia
class,186770,0.0,0.10532375606756421,1.1573073731199623,0.07195627006862566,18.61353228287767,0,161,1.0,1.0,Marchantiopsida
class,155619,0.7352941176470589,2.5330036241839045,0.28502831343740437,0.09150297091835811,0.8878524778551423,3,3872,0.016358018238625656,0.11440479148098905,Agaricomycetes
class,3028117,0.0,1.2030458845232954,0.10048996204931693,0.006272489617553108,1.6099241431048346,0,1839,0.01850665744545411,0.11440479148098905,Cyanophyceae
class,1521260,0.0,0.24531930761078619,0.49705248163607235,0.03098006540276306,7.9748433803675285,0,375,0.6311777854559583,1.0,Lycopodiopsida
class,28211,0.24509803921568626,0.1465373997461763,1.6742497367497367,0.23424767620900427,11.96644605560793,1,224,0.45128764072379296,1.0,Alphaproteobacteria
class,6658,0.0,0.021588099069749185,5.583934671806207,0.3415673826641469,91.28601851792796,0,33,1.0,1.0,Branchiopoda
class,2806,0.0,1.3194907825358821,0.09151594296539307,0.005712529411131482,1.466104979787967,0,2017,0.007835492982957163,0.06660169035513588,Florideophyceae
class,241806,0.49019607843137253,0.5495152490481611,0.8915200562983814,0.22184097602834396,3.5827826987234266,2,840,1.0,1.0,Polypodiopsida
class,7713,0.0,0.811189177166333,0.1496045589071805,0.009336479935690761,2.3972122470111783,0,1240,0.08625961328915606,0.4326889144434679,Ascidiacea
class,186771,0.0,0.634559275686567,0.19156613362239933,0.01195335015111855,3.070066808642842,0,970,0.1938990686085216,0.7755962744340864,Jungermanniopsida
class,6448,0.49019607843137253,0.8641781476102629,0.5651077889194259,0.14070254088377832,2.269659176668217,2,1321,0.5934137248842278,1.0,Gastropoda
class,5257,0.0,0.013737881226204026,8.701232529674646,0.5262025995419242,143.88269385475752,0,21,1.0,1.0,Ustilaginomycetes
class,186623,0.0,0.07719380879486072,1.5777027201503906,0.0979423588458154,25.414395798741694,0,118,1.0,1.0,Actinopteri
class,147549,0.0,0.03859690439743036,3.143361138825175,0.19401299614893774,50.92813082218049,0,59,1.0,1.0,Pezizomycetes
class,32015,0.0,0.14719158456647172,0.8285002456122258,0.05157513922639054,13.308983112318716,0,225,1.0,1.0,Myxococcia
class,6854,0.0,0.030746686553885204,3.9377826451072604,0.24233563127626728,63.986183453272886,0,47,1.0,1.0,Arachnida
class,2864,0.0,0.2760659941646714,0.44162290962027334,0.02753091990964085,7.084063843183815,0,422,0.6338305093472825,1.0,Dinophyceae
class,3214,0.0,0.05102641598304353,2.3822513623712664,0.14744942855762946,38.48859645666024,0,78,1.0,1.0,Bryopsida
class,6074,0.0,0.06214755792806584,1.9579677917550482,0.12137831524117905,31.58420732675925,0,95,1.0,1.0,Hydrozoa
class,7618,0.0,0.03401761065536235,3.562639156029609,0.21955200269001668,57.81043944288514,0,52,1.0,1.0,Ophiuroidea
class,6544,0.0,0.16092946579267575,0.7578137995585691,0.04718715374212637,12.170298677894296,0,246,1.0,1.0,Bivalvia
class,7705,0.0,0.43634127513705173,0.27907985275443636,0.017408396351664943,4.4740229163031975,0,667,0.4309615652972957,1.0,Holothuroidea
class,8292,0.0,0.0876607659195876,1.389875007393993,0.08634207066799929,22.37324772539201,0,134,1.0,1.0,Amphibia
class,2212703,0.0,0.07261451505279272,1.6768281638500255,0.10405787424882876,27.02104681051849,0,111,1.0,1.0,Mucoromycetes
class,119089,0.24509803921568626,0.1661629443550392,1.4762135077095706,0.2066464229945757,10.545579685167825,1,254,0.49352067743479766,1.0,Chromadorea
class,3372,0.0,0.10401538642697335,1.1718344121585584,0.07285558590198649,18.848189504183953,0,159,1.0,1.0,Gnetopsida
class,142796,0.0,0.07915636325574701,1.5387168754501817,0.09553590898359683,24.78282404997775,0,121,1.0,1.0,Eumycetozoa
class,147100,0.0,0.015046250866794886,7.960597932237818,0.48272014659282364,131.27920988183405,0,23,1.0,1.0,Rhabditophora
class,7588,0.0,0.7300702594496997,0.16635578155858408,0.010381242107788994,2.665793338660649,0,1116,0.1305066499370407,0.554653262232423,Asteroidea
class,4891,0.0,0.030092501733589773,4.022492465221569,0.24747157536688544,65.38304695711498,0,46,1.0,1.0,Saccharomycetes
class,147548,0.0,0.25774881919639936,0.4730543752608154,0.02948693946678078,7.589137631781203,0,394,0.6316284807292556,1.0,Leotiomycetes
class,10206,0.0,0.21784354515837814,0.559803941358574,0.03488311316246885,8.983729499744411,0,333,1.0,1.0,Gymnolaemata
class,35069,0.0,0.03859690439743036,3.143361138825175,0.19401299614893774,50.92813082218049,0,59,1.0,1.0,Crinoidea
class,3296,0.0,0.013083696405908597,9.125742603815267,0.5510182991635482,151.13686459688856,0,20,1.0,1.0,Cycadopsida
class,451435,0.0,0.017662990147976607,6.802514743518415,0.41425020102343746,111.70593694694989,0,27,1.0,1.0,Chytridiomycetes
class,33849,0.0,0.019625544608862896,6.133294540201056,0.3744153412088822,100.46944603125601,0,30,1.0,1.0,Bacillariophyceae
class,29811,0.0,0.10990304980963221,1.1091784737532189,0.06897609506059538,17.836279156666144,0,168,1.0,1.0,Ginkgoopsida
class,75966,0.0,0.07065196059190643,1.7232259192617703,0.10691882918102764,27.773476304980917,0,108,1.0,1.0,Trebouxiophyceae
class,33836,0.24509803921568626,0.022242283890044616,11.04408151466975,1.5082325887991679,80.87064117861435,1,34,0.08908301179718457,0.4326889144434679,Coscinodiscophyceae
class,33829,0.0,0.028784132092998915,4.203333654229643,0.25842518532972136,68.36800285636681,0,44,1.0,1.0,Spirotrichea
class,6341,0.0,0.03401761065536235,3.562639156029609,0.21955200269001668,57.81043944288514,0,52,1.0,1.0,Polychaeta
class,7625,0.0,0.031400871374180635,3.856566013451274,0.23740845520212414,62.64773258999906,0,48,1.0,1.0,Echinoidea
class,183963,0.0,0.013737881226204026,8.701232529674646,0.5262025995419242,143.88269385475752,0,21,1.0,1.0,Halobacteria
class,188787,0.0,0.013737881226204026,8.701232529674646,0.5262025995419242,143.88269385475752,0,21,1.0,1.0,Deinococci
class,117743,0.24509803921568626,0.022242283890044616,11.04408151466975,1.5082325887991679,80.87064117861435,1,34,0.08908301179718457,0.4326889144434679,Flavobacteriia
class,186801,0.0,0.028784132092998915,4.203333654229643,0.25842518532972136,68.36800285636681,0,44,1.0,1.0,Clostridia
class,3035,0.0,0.01635462050738575,7.336141310869513,0.4458729452486765,120.70472072045065,0,25,1.0,1.0,Euglenida
class,33627,0.0,0.029438316913294345,4.11092579391233,0.25282984209022225,66.84223168965575,0,45,1.0,1.0,Pterobranchia
class,60882,0.0,0.024859023171226336,4.858589391025132,0.2979917108340321,79.21660238304207,0,38,1.0,1.0,Hexactinellida
order,3400,0.49019607843137253,1.4725700304850127,0.3295984488557904,0.08210005551353344,1.3232041904068579,2,2251,0.14247918126083242,0.8166489657633078,Magnoliales
order,85011,1.9607843137254901,4.978346482448221,0.38173981603153745,0.1895234389376484,0.7689037723283106,8,7610,0.0027961557782048467,0.05201549961329637,Kitasatosporales
order,81000,0.49019607843137253,0.36699768418573614,1.3373462237559601,0.33250605759376906,5.3788341034657945,2,561,0.6646261334686503,1.0,Homosclerophorida
order,1385,0.0,0.31662545302298806,0.3849531309012686,0.02400313832127873,6.173730743338679,0,484,0.6440356598483776,1.0,Bacillales
order,92860,0.0,0.8752992895552851,0.1385614525842105,0.008647658174056902,2.2201705659278392,0,1338,0.05620793620112372,0.4402955002421358,Pleosporales
order,4209,7.598039215686274,9.37316010519292,0.7950439642953938,0.5510285966722017,1.1471181513625848,31,14328,0.23437679717607673,1.0,Asterales
order,80840,0.0,0.12560348549672254,0.9707386860385636,0.06039788584806433,15.602095724714472,0,192,1.0,1.0,Burkholderiales
order,768507,0.0,0.01635462050738575,7.336141310869513,0.4458729452486765,120.70472072045065,0,25,1.0,1.0,Cytophagales
order,72025,2.2058823529411766,4.320890738051315,0.49947465180741407,0.2578681566307451,0.9674514723249591,9,6605,0.0367816437184659,0.3245538755976518,Fabales
order,41937,8.088235294117647,4.437335636063901,1.895172047766475,1.3265695723615638,2.707492441758225,33,6783,0.0010351778027255663,0.024326678364050808,Sapindales
order,1538097,0.24509803921568626,0.25774881919639936,0.950797590391499,0.13327861952933243,6.782903822734462,1,394,1.0,1.0,Boraginales
order,4143,8.088235294117647,5.311326555978595,1.5688365562261362,1.0982865939366198,2.2409889674875854,33,8119,0.019474053248716944,0.20801829606584007,Lamiales
order,3646,0.9803921568627451,4.400701286127357,0.21508565305765004,0.08031140740264311,0.576030723995422,4,6727,0.00013991837443163722,0.004110102248929343,Malpighiales
order,82956,0.24509803921568626,0.5776451963208645,0.4228910265150356,0.05936053458650575,3.0127225361544325,1,883,0.7359000012751847,1.0,Austrobaileyales
order,45126,0.0,0.041213643678612084,2.9452770362089074,0.18191973740988576,47.68397834960888,0,63,1.0,1.0,Clathrinida
order,1802790,0.0,0.035980165116248644,3.3699979048816258,0.2078277028928345,54.64567870801458,0,55,1.0,1.0,Icacinales
order,3524,1.2254901960784315,1.5170545982651018,0.8054243882395616,0.33311007329395287,1.9474296851978403,5,2319,0.8384410152045667,1.0,Caryophyllales
order,7399,0.49019607843137253,0.0896233203804739,5.49153212757542,1.355039007905507,22.25539259921881,2,137,0.05340916853624371,0.43279843469025076,Hymenoptera
order,5197,0.0,0.16289202025356203,0.7486870926675873,0.04662042998944313,12.023320309443156,0,249,1.0,1.0,Lecanorales
order,2873,0.0,0.4356870903167563,0.27950041365910633,0.017434602900828062,4.480772041667848,0,666,0.4306999675845766,1.0,Dictyotales
order,5042,0.49019607843137253,2.4453428582643166,0.19652246795657433,0.048963959567781254,0.7887654665321597,2,3738,0.005494540191905286,0.07173427472765234,Eurotiales
order,4069,5.637254901960785,1.7741492326412058,3.3075221238938055,2.167941141576156,5.046125279994228,23,2712,1.8183560069095504e-06,7.121894360395739e-05,Solanales
order,6049,0.0,1.0839842472295274,0.11165855288542308,0.006969334602825063,1.7889272280617716,0,1657,0.0262559163913269,0.2570891813317426,Haplosclerida
order,5139,0.0,0.3192421923041698,0.3817909845666987,0.023806246215054568,6.122945826050935,0,488,0.6449028876808219,1.0,Sordariales
order,41768,0.24509803921568626,2.003113919744606,0.12020214502252385,0.016885890324094748,0.8556585048642049,1,3062,0.004155077650170034,0.06509621651933054,Ranunculales
order,16736,0.7352941176470589,0.5063390509086627,1.4555268446741314,0.46645438221578966,4.541834049244611,3,774,0.46726983962261986,1.0,Piperales
order,1779164,0.24509803921568626,0.961651685834282,0.2530411673268816,0.03553469985093464,1.8018959673432215,1,1470,0.19735513100256247,1.0,Tetractinellida
order,1446379,0.7352941176470589,0.9001583127265115,0.8154931093884582,0.26159157384290915,2.5422417155508943,3,1376,1.0,1.0,Cupressales
order,73496,4.6568627450980395,2.1431094712878282,2.230237200674219,1.4053859290735613,3.5392114495909595,19,3276,0.0017305707989951117,0.03697128525125921,Asparagales
order,3744,3.676470588235294,1.781999450484751,2.1036923697750276,1.254423265109697,3.5279332819633797,15,2724,0.008101567372534825,0.09519341662728419,Rosales
order,72274,0.0,0.3002708325156023,0.40596385566238646,0.025311261136263943,6.511198759201658,0,459,0.6391452742779664,1.0,Pseudomonadales
order,3432,0.24509803921568626,0.7326869987308815,0.33288434538434536,0.046737396653829096,2.3709490758057776,1,1120,0.38125786419777197,1.0,Laurales
order,41946,0.0,0.5096099750101398,0.2388052787816312,0.01489837561650407,3.8277972472917376,0,779,0.28044910716173627,1.0,Saxifragales
order,3028843,0.0,3.4678337323860737,0.03406843932648331,0.002127042764446279,0.5456677117840754,0,5301,9.725015727190393e-07,4.570757391779484e-05,Malacalcyonacea
order,9443,7.352941176470588,0.6443720479909985,12.237289501248892,8.393670432583587,17.840973807603095,30,985,6.9312665262596195e-22,1.6288476336710106e-19,Primates
order,41945,3.1862745098039214,1.3404246967853357,2.4223844913542267,1.3917559317634878,4.216218152933053,13,2049,0.004047725454574345,0.06509621651933054,Ericales
order,3699,5.147058823529412,0.7712839031283119,6.981221768546463,4.483262519858766,10.87098004315891,21,1179,2.2089412470924416e-11,1.7303373102224126e-09,Brassicales
order,403666,0.0,0.14719158456647172,0.8285002456122258,0.05157513922639054,13.308983112318716,0,225,1.0,1.0,Zygophyllales
order,28908,0.0,0.09681935340372362,1.2587276271486798,0.07823280842258058,20.252311930170162,0,148,1.0,1.0,Marchantiales
order,5303,0.0,1.007444623254962,0.12023191058872698,0.0075042154023649416,1.9263456002688755,0,1540,0.03981551010009535,0.3341658883400859,Polyporales
order,41944,4.166666666666667,0.908662715390352,4.7413841675274675,2.9092014993660453,7.727455052178061,17,1389,3.561145744438572e-07,2.092173124857661e-05,Myrtales
order,3009,0.24509803921568626,0.4880218759403907,0.5010045385380506,0.0703108977618379,3.5699380270459486,1,746,1.0,1.0,Fucales
order,4055,4.411764705882353,4.243696929256454,1.0414319763787931,0.6488421746121713,1.6715629838219428,18,6487,0.8057663553913852,1.0,Gentianales
order,27925,0.0,0.6888566157710877,0.17637716325891606,0.01100620682202832,2.826487292333957,0,1053,0.12427545741683169,0.786171699897698,Poecilosclerida
order,4667,0.0,0.4023236644816894,0.30276108725330036,0.018883925826170884,4.854090023366051,0,615,0.4194343729935262,1.0,Liliales
order,88639,0.0,0.015046250866794886,7.960597932237818,0.48272014659282364,131.27920988183405,0,23,1.0,1.0,Pertusariales
order,6125,0.0,0.0634559275686567,1.9177792423814455,0.11890458740468537,30.931331606170016,0,97,1.0,1.0,Scleractinia
order,4036,4.166666666666667,2.0188143554316964,2.1101749837977963,1.2967736722476664,3.433782284095907,17,3086,0.006774438930043907,0.08378911308212202,Apiales
order,1161,0.0,0.35325980295953213,0.34494218033304763,0.021511503213842487,5.531231666615968,0,540,0.4116702480699528,1.0,Nostocales
order,452342,0.0,0.30354175661707944,0.4015807787423599,0.025038388584705928,6.4407947544126785,0,464,0.6400465373303965,1.0,Russulales
order,4618,2.450980392156863,0.6077376980544543,4.109162605276111,2.1866704478237318,7.721884810490969,10,929,0.00025317703715809446,0.006610733748016911,Zingiberales
order,91883,0.0,0.15373343276942603,0.7932677939850367,0.04938830978733901,12.741351054196324,0,235,1.0,1.0,Aquifoliales
order,3028851,0.0,0.7896010780965839,0.15372658136747328,0.009593579643173679,2.463299696036365,0,1207,0.08406702370484932,0.6070288802231053,Scleralcyonacea
order,3249,0.0,0.1995263701901061,0.6112238499800676,0.038080004105814164,9.810781368256594,0,305,1.0,1.0,Lycopodiales
order,1779162,0.0,0.3722311627480996,0.32731475461629145,0.020413541717088948,5.248229340812346,0,569,0.41327008430993994,1.0,Suberitida
order,356,0.0,0.050372231162748096,2.41300588304971,0.14933603330639236,38.98990258892374,0,77,1.0,1.0,Hyphomicrobiales
order,84337,0.0,0.018317174968272038,6.563787068650819,0.4000627239996083,107.69136462368809,0,28,1.0,1.0,Diplostraca
order,35203,0.0,0.11448234355170023,1.0648889167861015,0.06623271669938337,17.12127271240913,0,175,1.0,1.0,Plocamiales
order,388450,0.0,0.03859690439743036,3.143361138825175,0.19401299614893774,50.92813082218049,0,59,1.0,1.0,Peltigerales
order,1446378,0.0,0.16485457471444834,0.7397772580195596,0.04606713600782932,11.87984404739047,0,252,1.0,1.0,Araucariales
order,3268,0.24509803921568626,0.3872774136148945,0.6319725745401421,0.08866068906488096,4.5046946869387225,1,592,1.0,1.0,Polypodiales
order,91347,0.0,0.21784354515837814,0.559803941358574,0.03488311316246885,8.983729499744411,0,333,1.0,1.0,Enterobacterales
order,32436,0.0,0.6424094935301121,0.18921144508706525,0.01180652508363493,3.0323038064399985,0,982,0.1216406268686893,0.786171699897698,Aplousobranchia
order,71239,1.7156862745098038,0.6770812890057699,2.5607213849434385,1.2099247100082557,5.419588472791748,7,1035,0.022758326867337336,0.232530731035838,Cucurbitales
order,3502,0.7352941176470589,0.4232575787311431,1.7426870456236763,0.558241988445502,5.440218044940305,3,647,0.2505405977251505,1.0,Fagales
order,139380,0.0,0.12822022477790426,0.9509531862676396,0.05917118965177898,15.282977540158146,0,196,1.0,1.0,Hymenochaetales
order,3199,0.0,0.43372453585587,0.28076970259897305,0.017513696022874954,4.501141609089959,0,663,0.4299239376510501,1.0,Jungermanniales
order,1150,0.0,0.5442817704857976,0.22352413613123528,0.01394581749788964,3.5826540423876683,0,832,0.18151172464353338,1.0,Oscillatoriales
order,233875,0.0,0.9394094019442373,0.12902509797673098,0.008052775832790956,2.0672965761838804,0,1436,0.03728916868568765,0.3245538755976518,Celastrales
order,85008,0.0,0.3748479020292813,0.32502328996189306,0.020270802471536647,5.211443363724152,0,573,0.4136366774280171,1.0,Micromonosporales
order,5267,0.0,0.013737881226204026,8.701232529674646,0.5262025995419242,143.88269385475752,0,21,1.0,1.0,Ustilaginales
order,85012,0.0,0.1929845219871518,0.6319496652148611,0.039368230460579905,10.144229869947074,0,295,1.0,1.0,Streptosporangiales
order,1779151,0.0,0.3401761065536235,0.35824347410984403,0.022339907598033476,5.744803830504106,0,520,0.6525792259194059,1.0,Verongiida
order,41938,2.450980392156863,0.8438984181811046,2.9522028748393128,1.5724425881904533,5.542651846029678,10,1290,0.002877453170097246,0.05201549961329637,Malvales
order,4199,0.9803921568627451,0.4762465491750729,2.069062125992819,0.7707322878143172,5.554481301618047,4,728,0.1330254714458697,0.7960659069309076,Dipsacales
order,5592,0.0,0.05102641598304353,2.3822513623712664,0.14744942855762946,38.48859645666024,0,78,1.0,1.0,Microascales
order,7720,0.0,0.12233256139524538,0.9966576907384741,0.06200458608188053,16.02021100820518,0,187,1.0,1.0,Stolidobranchia
order,400718,0.0,0.01635462050738575,7.336141310869513,0.4458729452486765,120.70472072045065,0,25,1.0,1.0,Pelliales
order,5338,0.7352941176470589,0.8733367350943989,0.8407657095297545,0.26968827954150315,2.6211260627375035,3,1335,1.0,1.0,Agaricales
order,2802,0.0,0.802030589682197,0.15132620561538565,0.009443863823540323,2.4248147721983297,0,1226,0.08524235339303181,0.6070288802231053,Ceramiales
order,69554,0.0,0.041213643678612084,2.9452770362089074,0.18191973740988576,47.68397834960888,0,63,1.0,1.0,Cephalaspidea
order,5185,0.0,0.03859690439743036,3.143361138825175,0.19401299614893774,50.92813082218049,0,59,1.0,1.0,Pezizales
order,9989,0.0,0.08177310253692874,1.4896350948714323,0.09250528738800595,23.987955483724413,0,125,1.0,1.0,Rodentia
order,29,0.0,0.14719158456647172,0.8285002456122258,0.05157513922639054,13.308983112318716,0,225,1.0,1.0,Myxococcales
order,37989,0.0,0.6306341667647943,0.19276545010034943,0.01202813176400613,3.0893009389526482,0,964,0.1928865172565607,1.0,Xylariales
order,5125,0.0,1.4444400832123092,0.08349541897348317,0.005212033843062015,1.337574773969967,0,2208,0.005432845978738976,0.07173427472765234,Hypocreales
order,1446380,0.49019607843137253,0.4926011696824587,0.9950935175553942,0.24756660941852357,3.999776508659806,2,753,1.0,1.0,Pinales
order,91812,0.24509803921568626,0.05756826418599783,4.265523788251061,0.592797233307826,30.692945523056434,1,88,0.21124486838911902,1.0,Acorales
order,33183,0.0,0.09943609268490534,1.2256797158737485,0.0761881083447814,19.7181791035668,0,152,1.0,1.0,Onygenales
order,28017,0.0,0.21784354515837814,0.559803941358574,0.03488311316246885,8.983729499744411,0,333,1.0,1.0,Gigartinales
order,3031712,0.24509803921568626,0.20606821839306041,1.1898677898677898,0.16668669365296002,8.493691525926534,1,315,0.5696565706899995,1.0,Polyangiales
order,16360,0.49019607843137253,0.22111446925985528,2.2229282653685836,0.5517936632106029,8.955177274459917,2,338,0.22928664775820837,1.0,Alismatales
order,41934,0.0,0.20672240321335583,0.5899381430540973,0.036756771598314,9.468378138140956,0,316,1.0,1.0,Cornales
order,38820,1.7156862745098038,0.5724117177585011,3.032159600997506,1.4320282066402372,6.420258905019686,7,875,0.01004770515893173,0.11243860534995032,Poales
order,232378,0.49019607843137253,0.15635017205060775,3.1457633406847085,0.7795502175624516,12.694277767683438,2,239,0.13550057990313322,0.7960659069309076,Proteales
order,3226,0.0,0.018971359788567465,6.341244320892891,0.38681452837657604,103.95519451148766,0,29,1.0,1.0,Bryales
order,7041,0.0,0.07653962397456529,1.591140394281101,0.0987716551373077,25.632128476469564,0,117,1.0,1.0,Coleoptera
order,70849,0.24509803921568626,0.33167170388978295,0.7383365075672768,0.10355401545270206,5.264313469868626,1,507,1.0,1.0,Nudibranchia
order,6479,0.0,0.030092501733589773,4.022492465221569,0.24747157536688544,65.38304695711498,0,46,1.0,1.0,Neogastropoda
order,85007,0.24509803921568626,0.149154139027358,1.6448338290443554,0.23014964033095767,11.755301121818869,1,228,0.4571155520969518,1.0,Mycobacteriales
order,6497,0.0,0.22896468710340045,0.5325928861898634,0.033190848494313134,8.546186532973083,0,350,1.0,1.0,Aplysiida
order,7088,0.0,0.06411011238895213,1.8982969760607398,0.11770512966107005,30.614905397051583,0,98,1.0,1.0,Lepidoptera
order,56487,0.0,0.04644712224097552,2.615598599686727,0.1617531528194653,42.29503979016031,0,71,1.0,1.0,Thelephorales
order,406427,0.0,0.03467179547565778,3.4960248916139514,0.21549969568320929,56.715579128943666,0,53,1.0,1.0,Anthoathecata
order,2886,0.0,0.074577069513679,1.6328617318659704,0.10134593167028771,26.308282843227488,0,114,1.0,1.0,Laminariales
order,31468,0.0,0.031400871374180635,3.856566013451274,0.23740845520212414,62.64773258999906,0,48,1.0,1.0,Gracilariales
order,41943,0.49019607843137253,0.07196033023249729,6.840662785490371,1.6837957177194258,27.79117849769373,2,110,0.03625972441931804,0.3245538755976518,Geraniales
order,2783457,0.0,0.031400871374180635,3.856566013451274,0.23740845520212414,62.64773258999906,0,48,1.0,1.0,Amphilepidida
order,41947,0.24509803921568626,0.21130169695542383,1.1603365256616032,0.16256219624327825,8.282250633287143,1,323,0.5787549159945519,1.0,Santalales
order,2942,0.0,0.028129947272703484,4.299990151802923,0.26427369385824634,69.96502389496219,0,43,1.0,1.0,Prorocentrales
order,85823,0.0,0.027475762452408053,4.401195190438476,0.27039294578907297,71.6384040560335,0,42,1.0,1.0,Blattodea
order,33104,0.0,0.1602752809723803,0.7609056031828731,0.04737913090776133,12.220091965854277,0,245,1.0,1.0,Bryopsidales
order,186826,0.0,0.036634349936544075,3.310330260720746,0.2041928915688953,53.6663463201221,0,56,1.0,1.0,Lactobacillales
order,7707,0.0,0.18055501040153865,0.6754588856598369,0.04207193117432037,10.844396572299702,0,276,1.0,1.0,Dendrochirotida
order,8342,0.0,0.08242728735722417,1.4778496475585507,0.09177741491912154,23.797135523087118,0,126,1.0,1.0,Anura
order,403667,4.411764705882353,0.1360704426214494,33.87292899408284,20.716432478797906,55.3847927152733,18,208,3.439662437618578e-21,4.0416033642018295e-19,Vitales
order,1028384,0.0,0.07392288469338358,1.6472589628974599,0.10223408052315927,26.54165887696647,0,113,1.0,1.0,Glomerellales
order,4827,0.0,0.07261451505279272,1.6768281638500255,0.10405787424882876,27.02104681051849,0,111,1.0,1.0,Mucorales
order,68889,0.0,0.10794049534874593,1.129306615093907,0.07022257275828138,18.16130313659659,0,165,1.0,1.0,Boletales
order,40550,0.24509803921568626,0.2276563174628096,1.0768025078369905,0.15089194423128172,7.684330974666128,1,348,0.6059687385182725,1.0,Pandanales
order,6236,0.24509803921568626,0.1661629443550392,1.4762135077095706,0.2066464229945757,10.545579685167825,1,254,0.49352067743479766,1.0,Rhabditida
order,3385,0.0,0.019625544608862896,6.133294540201056,0.3744153412088822,100.46944603125601,0,30,1.0,1.0,Ephedrales
order,211104,0.0,0.018971359788567465,6.341244320892891,0.38681452837657604,103.95519451148766,0,29,1.0,1.0,Liceales
order,2448547,0.0,0.03990527403802122,3.0410982077997035,0.1877719417860069,49.252717000830245,0,61,1.0,1.0,Siphonariida
order,451869,0.0,0.08635239627899674,1.4108727281125146,0.08763969608862508,22.713016404332418,0,132,1.0,1.0,Botryosphaeriales
order,6163,0.0,0.014392066046499457,8.314456684346526,0.5035248109414775,137.29251956148255,0,22,1.0,1.0,Polycladida
order,186798,0.0,0.1465373997461763,0.8321961219410468,0.05180450410021468,13.368536141838053,0,224,1.0,1.0,Porellales
order,38074,0.0,0.020279729429158327,5.938547920188067,0.36278609655577165,97.20976557586583,0,31,1.0,1.0,Ostropales
order,71243,0.0,0.08896913556017846,1.3694926044987243,0.08508227800351503,22.04348587962366,0,136,1.0,1.0,Oxalidales
order,1802789,0.0,0.015700435687090317,7.63562560887268,0.46356580011661014,125.77023245503916,0,24,1.0,1.0,Metteniusales
order,280577,0.0,0.18055501040153865,0.6754588856598369,0.04207193117432037,10.844396572299702,0,276,1.0,1.0,Buxales
order,119428,0.0,1.4509819314152634,0.08311354198821581,0.0051882032700334094,1.3314553232187507,0,2218,0.005474576846326885,0.07173427472765234,Dictyoceratida
order,232392,0.0,0.03467179547565778,3.4960248916139514,0.21549969568320929,56.715579128943666,0,53,1.0,1.0,Crossosomatales
order,44927,0.0,0.08242728735722417,1.4778496475585507,0.09177741491912154,23.797135523087118,0,126,1.0,1.0,Zoantharia
order,40551,0.0,0.05822244900629326,2.0893102575849785,0.12945771533849665,33.7192521978003,0,89,1.0,1.0,Arecales
order,7591,0.0,0.023550653530635474,5.124880535202294,0.31401652500994026,83.64018581271783,0,36,1.0,1.0,Velatida
order,1302181,0.0,0.020933914249453754,5.755785707560493,0.35185724898147364,94.15485742373322,0,32,1.0,1.0,Caliciales
order,261008,0.0,0.11448234355170023,1.0648889167861015,0.06623271669938337,17.12127271240913,0,175,1.0,1.0,Chloranthales
order,500008,0.0,0.027475762452408053,4.401195190438476,0.27039294578907297,71.6384040560335,0,42,1.0,1.0,Leptothecata
order,2790996,0.0,0.017662990147976607,6.802514743518415,0.41425020102343746,111.70593694694989,0,27,1.0,1.0,Mycoplasmoidales
order,4892,0.0,0.029438316913294345,4.11092579391233,0.25282984209022225,66.84223168965575,0,45,1.0,1.0,Saccharomycetales
order,5114,0.0,0.22176865408015073,0.5498888674575434,0.03426653085475117,8.824288861789292,0,339,1.0,1.0,Diaporthales
order,5178,0.0,0.20475984875246955,0.5955951969609123,0.037108464433083715,9.559372613830076,0,313,1.0,1.0,Helotiales
order,261007,0.24509803921568626,0.0327092410147715,7.509189189189189,1.0348659467640302,54.48814163356882,1,50,0.12712563657920223,0.786171699897698,Nymphaeales
order,1118,0.0,0.23550653530635476,0.5177852058459538,0.03226981065574343,8.308121862041961,0,360,1.0,1.0,Chroococcales
order,452339,0.0,0.017662990147976607,6.802514743518415,0.41425020102343746,111.70593694694989,0,27,1.0,1.0,Gloeophyllales
order,1890424,0.0,0.024204838350930905,4.988184414524683,0.3057943970748501,81.36834419244289,0,37,1.0,1.0,Synechococcales
order,40548,0.0,0.18120919522183407,0.6730203888098625,0.04192042389566767,10.805149415499828,0,277,1.0,1.0,Dioscoreales
order,71187,0.0,0.07784799361515615,1.5644899443314915,0.0971268615703757,25.200328172251943,0,119,1.0,1.0,Canellales
order,106218,0.0,0.0327092410147715,3.7037822509301113,0.22813148245683518,60.13200288960779,0,50,1.0,1.0,Pectinida
order,85010,0.0,0.3329800735303738,0.36600430258383254,0.022823214206273205,5.8694252395465645,0,509,0.6498004457149689,1.0,Pseudonocardiales
order,2726946,0.0,0.06083918828747498,1.9998756373585376,0.12395708750880721,32.26521891792633,0,93,1.0,1.0,Cladosporiales
order,693761,0.0,0.023550653530635474,5.124880535202294,0.31401652500994026,83.64018581271783,0,36,1.0,1.0,Gleicheniales
order,13827,0.0,0.0327092410147715,3.7037822509301113,0.22813148245683518,60.13200288960779,0,50,1.0,1.0,Ophioglossales
order,40984,0.0,0.07523125433397443,1.6187138035363249,0.10047306982297145,26.078972030771602,0,115,1.0,1.0,Gonyaulacales
order,51985,0.0,0.04513875260038466,2.6909028468779446,0.16636388525762877,43.52481982566455,0,69,1.0,1.0,Ctenostomatida
order,3378,0.0,0.07915636325574701,1.5387168754501817,0.09553590898359683,24.78282404997775,0,121,1.0,1.0,Gnetales
order,135622,0.0,0.04252201331920294,2.8553075392190754,0.1764211411841665,46.21204175870614,0,65,1.0,1.0,Alteromonadales
order,55648,0.0,0.07653962397456529,1.591140394281101,0.0987716551373077,25.632128476469564,0,117,1.0,1.0,Paxillosida
order,85006,0.24509803921568626,0.05822244900629326,4.2175689479060265,0.5862055986465938,30.344111129967107,1,89,0.21334573007517516,1.0,Micrococcales
order,6580,0.0,0.03925108921772579,3.0913845251221463,0.1908414801675602,50.07642087964242,0,60,1.0,1.0,Venerida
order,208471,0.0,0.014392066046499457,8.314456684346526,0.5035248109414775,137.29251956148255,0,22,1.0,1.0,Trichiida
order,2726947,0.0,0.06411011238895213,1.8982969760607398,0.11770512966107005,30.614905397051583,0,98,1.0,1.0,Mycosphaerellales
order,2058949,0.0,0.021588099069749185,5.583934671806207,0.3415673826641469,91.28601851792796,0,33,1.0,1.0,Dictyosteliales
order,1779152,0.0,0.4095196975049391,0.29742375947664407,0.018551390384628892,4.768423868354179,0,626,0.4214996432185295,1.0,Axinellida
order,10207,0.0,0.17270479255799348,0.7061590539411791,0.04397914238968311,11.338570567034974,0,264,1.0,1.0,Cheilostomatida
order,639021,0.0,0.01635462050738575,7.336141310869513,0.4458729452486765,120.70472072045065,0,25,1.0,1.0,Magnaporthales
order,41166,0.0,0.43372453585587,0.28076970259897305,0.017513696022874954,4.501141609089959,0,663,0.4299239376510501,1.0,Valvatida
order,6103,0.0,0.024204838350930905,4.988184414524683,0.3057943970748501,81.36834419244289,0,37,1.0,1.0,Actiniaria
order,3255,0.0,0.017008805327681176,7.059259601394887,0.4294804974759218,116.03122007345566,0,26,1.0,1.0,Equisetales
order,55644,0.0,0.05429734008452068,2.2395282873665154,0.1386886048620507,36.16365565796518,0,83,1.0,1.0,Spinulosida
order,7581,0.0,0.03336342583506692,3.6318403821701466,0.22375956620198006,58.94838279072905,0,51,1.0,1.0,Comatulida
order,119424,0.0,0.1792466407609478,0.680389179837381,0.04237824901229328,10.923750905930424,0,274,1.0,1.0,Dendroceratida
order,7599,0.0,0.13934136672292657,0.8751357998503694,0.05446886656557922,14.06055819534385,0,213,1.0,1.0,Forcipulatida
order,135623,0.0,0.03532598029595321,3.431855187360336,0.21159420800033213,55.66140084039331,0,54,1.0,1.0,Vibrionales
order,204455,0.24509803921568626,0.030746686553885204,7.988655967379372,1.0995819894932348,58.03898642843193,1,47,0.12011541292050254,0.786171699897698,Rhodobacterales
order,36064,0.0,0.013737881226204026,8.701232529674646,0.5262025995419242,143.88269385475752,0,21,1.0,1.0,Cantharellales
order,3297,0.0,0.013083696405908597,9.125742603815267,0.5510182991635482,151.13686459688856,0,20,1.0,1.0,Cycadales
order,7524,0.0,0.04840967670186181,2.510223193382238,0.15529690715348807,40.57531213011407,0,74,1.0,1.0,Hemiptera
order,3079749,0.0,0.013737881226204026,8.701232529674646,0.5262025995419242,143.88269385475752,0,21,1.0,1.0,Leptolyngbyales
order,2910,0.0,0.019625544608862896,6.133294540201056,0.3744153412088822,100.46944603125601,0,30,1.0,1.0,Peridiniales
order,85807,0.0,0.30812105035914744,0.3956006443146758,0.024666075444980028,6.344741389090214,0,471,0.6413745613408784,1.0,Agelasida
order,7682,0.0,0.24401093797019535,0.49972062874099415,0.031146057102880067,8.017730975205943,0,373,1.0,1.0,Aspidochirotida
order,1779153,0.0,0.032055056194476066,3.778630861862196,0.23267757237753822,61.364105892639024,0,49,1.0,1.0,Biemnida
order,2953,0.0,0.03794271957713493,3.1971147307744614,0.19729165725367032,51.80929971404,0,58,1.0,1.0,Gymnodiniales
order,4739,0.0,0.05429734008452068,2.2395282873665154,0.1386886048620507,36.16365565796518,0,83,1.0,1.0,Commelinales
order,6893,0.0,0.022242283890044616,5.422046014936228,0.3318620573885193,88.58675565211773,0,34,1.0,1.0,Araneae
order,206351,0.0,0.018317174968272038,6.563787068650819,0.4000627239996083,107.69136462368809,0,28,1.0,1.0,Neisseriales
order,5151,0.0,0.013083696405908597,9.125742603815267,0.5510182991635482,151.13686459688856,0,20,1.0,1.0,Ophiostomatales
order,693763,0.0,0.015046250866794886,7.960597932237818,0.48272014659282364,131.27920988183405,0,23,1.0,1.0,Cyatheales
order,38748,0.0,0.015700435687090317,7.63562560887268,0.46356580011661014,125.77023245503916,0,24,1.0,1.0,Naviculales
order,3308,0.0,0.10990304980963221,1.1091784737532189,0.06897609506059538,17.836279156666144,0,168,1.0,1.0,Ginkgoales
order,4810,0.0,0.017662990147976607,6.802514743518415,0.41425020102343746,111.70593694694989,0,27,1.0,1.0,Chytridiales
order,452338,0.0,0.015700435687090317,7.63562560887268,0.46356580011661014,125.77023245503916,0,24,1.0,1.0,Corticiales
order,2922898,0.0,0.09027750520076933,1.349698863058915,0.0838586873389306,21.7232952094735,0,138,1.0,1.0,Amphidiniales
order,89954,0.0,0.017008805327681176,7.059259601394887,0.4294804974759218,116.03122007345566,0,26,1.0,1.0,Suessiales
order,13798,0.0,0.017662990147976607,6.802514743518415,0.41425020102343746,111.70593694694989,0,27,1.0,1.0,Hypnales
order,91561,0.7352941176470589,0.020279729429158327,36.51875746714457,11.119992960107043,119.92990029116794,3,31,0.00010537856321158962,0.0035377089078176514,Artiodactyla
order,204441,0.0,0.0327092410147715,3.7037822509301113,0.22813148245683518,60.13200288960779,0,50,1.0,1.0,Rhodospirillales
order,2340904,0.0,0.01635462050738575,7.336141310869513,0.4458729452486765,120.70472072045065,0,25,1.0,1.0,Pleurobranchida
order,33831,0.0,0.025513207991521764,4.735556140867328,0.2905771718773189,77.17568389293244,0,39,1.0,1.0,Euplotida
order,7716,0.0,0.04644712224097552,2.615598599686727,0.1617531528194653,42.29503979016031,0,71,1.0,1.0,Phlebobranchia
order,1779155,0.0,0.08373565699781502,1.4548290461925333,0.09035547310792108,23.424453227282463,0,128,1.0,1.0,Clionaida
order,44598,0.0,0.017662990147976607,6.802514743518415,0.41425020102343746,111.70593694694989,0,27,1.0,1.0,Pterioida
order,3244,0.0,0.045792937420680094,2.652716650607221,0.16402613990736323,42.90112315258417,0,70,1.0,1.0,Selaginellales
order,6348,0.0,0.013083696405908597,9.125742603815267,0.5510182991635482,151.13686459688856,0,20,1.0,1.0,Phyllodocida
order,5789,0.0,0.015046250866794886,7.960597932237818,0.48272014659282364,131.27920988183405,0,23,1.0,1.0,Physariida
order,2235,0.0,0.013737881226204026,8.701232529674646,0.5262025995419242,143.88269385475752,0,21,1.0,1.0,Halobacteriales
order,68933,0.0,0.013083696405908597,9.125742603815267,0.5510182991635482,151.13686459688856,0,20,1.0,1.0,Thermales
order,8252,0.0,0.01635462050738575,7.336141310869513,0.4458729452486765,120.70472072045065,0,25,1.0,1.0,Pleuronectiformes
order,91889,0.0,0.026167392811817194,4.618598606766701,0.2835225230990664,75.23724343753044,0,40,1.0,1.0,Garryales
order,2807,0.0,0.0327092410147715,3.7037822509301113,0.22813148245683518,60.13200288960779,0,50,1.0,1.0,Nemaliales
order,6546,0.0,0.05756826418599783,2.1129321134922447,0.13090995710385855,34.10345717770626,0,88,1.0,1.0,Mytilida
order,1779154,0.0,0.11121141945022307,1.0961532249090982,0.06816938002395177,17.625976531639907,0,170,1.0,1.0,Bubarida
order,200644,0.24509803921568626,0.022242283890044616,11.04408151466975,1.5082325887991679,80.87064117861435,1,34,0.08908301179718457,0.6157208168334816,Flavobacteriales
order,6993,0.0,0.014392066046499457,8.314456684346526,0.5035248109414775,137.29251956148255,0,22,1.0,1.0,Orthoptera
order,31364,0.0,0.07065196059190643,1.7232259192617703,0.10691882918102764,27.773476304980917,0,108,1.0,1.0,Bonnemaisoniales
order,186802,0.0,0.028784132092998915,4.203333654229643,0.25842518532972136,68.36800285636681,0,44,1.0,1.0,Eubacteriales
order,204457,0.0,0.015700435687090317,7.63562560887268,0.46356580011661014,125.77023245503916,0,24,1.0,1.0,Sphingomonadales
order,34395,0.0,0.017008805327681176,7.059259601394887,0.4294804974759218,116.03122007345566,0,26,1.0,1.0,Chaetothyriales
order,36931,0.0,0.017008805327681176,7.059259601394887,0.4294804974759218,116.03122007345566,0,26,1.0,1.0,Systellommatophora
order,135614,0.0,0.027475762452408053,4.401195190438476,0.27039294578907297,71.6384040560335,0,42,1.0,1.0,Lysobacterales
order,629768,0.0,0.04971804634245267,2.444564443484452,0.15127151475448342,39.504432331807095,0,76,1.0,1.0,Picramniales
order,34158,0.0,0.015700435687090317,7.63562560887268,0.46356580011661014,125.77023245503916,0,24,1.0,1.0,Metzgeriales
order,1779149,0.0,0.015700435687090317,7.63562560887268,0.46356580011661014,125.77023245503916,0,24,1.0,1.0,Chondrillida
order,693762,0.24509803921568626,0.015046250866794886,16.32720863155646,2.199769059646057,121.18442185074832,1,23,0.06197365943770609,0.46980032154390095,Schizaeales
order,2340871,0.0,0.020933914249453754,5.755785707560493,0.35185724898147364,94.15485742373322,0,32,1.0,1.0,Ellobiida
order,1779158,0.0,0.013737881226204026,8.701232529674646,0.5262025995419242,143.88269385475752,0,21,1.0,1.0,Polymastiida
order,693760,0.0,0.024859023171226336,4.858589391025132,0.2979917108340321,79.21660238304207,0,38,1.0,1.0,Hymenophyllales
order,3134,0.0,0.020933914249453754,5.755785707560493,0.35185724898147364,94.15485742373322,0,32,1.0,1.0,Dasycladales
order,135619,0.0,0.024204838350930905,4.988184414524683,0.3057943970748501,81.36834419244289,0,37,1.0,1.0,Oceanospirillales
order,33628,0.0,0.029438316913294345,4.11092579391233,0.25282984209022225,66.84223168965575,0,45,1.0,1.0,Cephalodiscida
order,1779165,0.0,0.018971359788567465,6.341244320892891,0.38681452837657604,103.95519451148766,0,29,1.0,1.0,Trachycladida
order,5014,0.0,0.024859023171226336,4.858589391025132,0.2979917108340321,79.21660238304207,0,38,1.0,1.0,Dothideales
order,60884,0.0,0.023550653530635474,5.124880535202294,0.31401652500994026,83.64018581271783,0,36,1.0,1.0,Lyssacinosida
family,22140,0.24509803921568626,1.136973217673457,0.21364329074340582,0.030005115215584577,1.521189148974317,1,1738,0.09914937152955325,1.0,Annonaceae
family,2062,1.9607843137254901,4.975729743167039,0.3819510912437549,0.18962829548850307,0.7693294701957605,8,7606,0.0027942190300816157,0.08631032115140991,Streptomycetaceae
family,81001,0.49019607843137253,0.35195143331894124,1.394729613419525,0.34673689612175596,5.610221226258827,2,538,0.657965077234617,1.0,Plakinidae
family,186817,0.0,0.228310502283105,0.5341202592267674,0.03328584536631927,8.570743755396343,0,349,1.0,1.0,Bacillaceae
family,4210,7.598039215686274,9.27699493660949,0.8041377514689304,0.5573292231070389,1.1602433472492004,31,14181,0.2668079695798515,1.0,Asteraceae
family,3803,1.7156862745098038,4.072300506339051,0.41120451882342335,0.19469335577904326,0.8684896083084714,7,6225,0.01159209481114359,0.26855019645815986,Fabaceae
family,4011,4.6568627450980395,0.1844801193233112,26.427282174697808,16.433354474340643,42.49900677500734,19,282,2.2622924868738395e-20,4.192782075672849e-18,Anacardiaceae
family,21571,0.24509803921568626,0.14849995420706258,1.652090616848326,0.2311606678494981,11.80738674823053,1,227,0.4556643888228263,1.0,Boraginaceae
family,4136,7.352941176470588,3.2545694809697636,2.359208742123315,1.6249657099866979,3.4252205167804037,30,4975,5.898828101657713e-05,0.002733123687101407,Lamiaceae
family,3977,0.24509803921568626,1.9592835367848125,0.12294610591772528,0.017271236074505463,0.8751976346756842,1,2995,0.006105082322636056,0.16972128856928237,Euphorbiaceae
family,16733,0.24509803921568626,0.5730659025787965,0.4262899262899263,0.059837102993572415,3.0369635588105113,1,876,0.7351686946861964,1.0,Schisandraceae
family,81544,0.0,0.028784132092998915,4.203333654229643,0.25842518532972136,68.36800285636681,0,44,1.0,1.0,Leucettidae
family,4321,0.0,0.035980165116248644,3.3699979048816258,0.2078277028928345,54.64567870801458,0,55,1.0,1.0,Icacinaceae
family,3542,0.0,0.022242283890044616,5.422046014936228,0.3318620573885193,88.58675565211773,0,34,1.0,1.0,Aizoaceae
family,36668,0.24509803921568626,0.035980165116248644,6.826312262675899,0.9424163524318224,49.445809155704836,1,55,0.138685747390774,1.0,Formicidae
family,2874,0.0,0.4356870903167563,0.27950041365910633,0.017434602900828062,4.480772041667848,0,666,0.4306999675845766,1.0,Dictyotaceae
family,1131492,0.49019607843137253,2.2438539336133245,0.21461172787200736,0.053469159995693336,0.8613973689490969,2,3430,0.010722269266801183,0.2591992048844112,Aspergillaceae
family,4070,5.637254901960785,1.37705904672188,4.278509424067619,2.803027947645103,6.530667276155586,23,2105,2.3885428393014294e-08,2.6560596373031894e-06,Solanaceae
family,3688,0.0,0.33036333424919206,0.3689101644456874,0.023004169989727652,5.91608866966799,0,505,0.6488249639275596,1.0,Salicaceae
family,6056,0.0,0.1884052282450838,0.6473126308577053,0.04032299792435494,10.39143078731359,0,288,1.0,1.0,Chalinidae
family,35718,0.0,0.23943164422812732,0.5092884659378387,0.03174126777910199,8.171530618826948,0,366,1.0,1.0,Chaetomiaceae
family,3440,0.24509803921568626,1.1232353364472532,0.21628633451580453,0.03037610815218084,1.5400188287426804,1,1717,0.09895558353791274,1.0,Ranunculaceae
family,16739,0.0,0.31400871374180633,0.3881679248335004,0.024203303823597946,6.225362411996013,0,480,0.6431907860699674,1.0,Piperaceae
family,6045,0.0,0.15765854169119858,0.7735288676696798,0.04816289271587031,12.423400576211105,0,241,1.0,1.0,Geodiidae
family,25623,0.24509803921568626,0.4533500804647329,0.5395088122360849,0.07570698982874939,3.8446880418676836,1,693,1.0,1.0,Taxaceae
family,1804623,0.0,0.2322356112048776,0.5250849132447447,0.03272386513223324,8.42547678897688,0,355,1.0,1.0,Chenopodiaceae
family,4747,0.9803921568627451,0.4036320341222802,2.4430733186770865,0.9096154591863186,6.561681840555998,4,617,0.08564446692674368,1.0,Orchidaceae
family,78060,0.0,0.09093169002106476,1.3400148282684707,0.08325998358981489,21.566659787319935,0,139,1.0,1.0,Parmeliaceae
family,3745,1.2254901960784315,0.5102641598304353,2.4190685245275816,0.9986382544134194,5.859872181441056,5,780,0.06037128573570097,0.8935380958596455,Rosaceae
family,135621,0.0,0.29699990841412516,0.4104433699183872,0.025590128336998905,6.583154163646475,0,454,0.638284839883375,1.0,Pseudomonadaceae
family,3433,0.24509803921568626,0.6613808533186796,0.36903885271837794,0.05180865759128991,2.628704952945797,1,1011,0.5325848368784492,1.0,Lauraceae
family,3781,0.0,0.1818633800421295,0.6705994036069255,0.04177000193529505,10.766184804458224,0,278,1.0,1.0,Crassulaceae
family,3037717,0.0,0.022896468710340047,5.269277845777234,0.3226928456601489,86.04246852513235,0,35,1.0,1.0,Carijoidae
family,23513,2.2058823529411766,1.6145281364891209,1.3745323600736037,0.709119501932268,2.6643452954562408,9,2468,0.3213959322147531,1.0,Rutaceae
family,9604,7.352941176470588,0.6443720479909985,12.237289501248892,8.393670432583587,17.840973807603095,30,985,6.9312665262596195e-22,3.8537841886003487e-19,Hominidae
family,24079,0.0,0.2884955057502846,0.42256494564125024,0.026344697250368927,6.777877596687591,0,441,0.6362478731369523,1.0,Bignoniaceae
family,3367,0.49019607843137253,0.4252201331920294,1.1535581659719591,0.2869072360846473,4.638072083647238,2,650,0.6937444916321706,1.0,Cupressaceae
family,3737,0.0,0.07588543915426986,1.6048087580964587,0.09961510366866888,25.853621139914747,0,116,1.0,1.0,Sapotaceae
family,3700,2.9411764705882355,0.6097002525153407,4.939849135128105,2.771625774707231,8.804258388888556,12,932,1.143832909182639e-05,0.0007949638718819341,Brassicaceae
family,43873,0.0,0.13737881226204027,0.8876254880697296,0.05524367980098851,14.261884977780353,0,210,1.0,1.0,Zygophyllaceae
family,1931355,0.0,0.04840967670186181,2.510223193382238,0.15529690715348807,40.57531213011407,0,74,1.0,1.0,Irpicaceae
family,3934,0.0,0.023550653530635474,5.124880535202294,0.31401652500994026,83.64018581271783,0,36,1.0,1.0,Onagraceae
family,3536,0.0,0.05233478562363439,2.323034583425196,0.1438156260451462,37.523667102039525,0,80,1.0,1.0,Nyctaginaceae
family,3014,0.0,0.45400426528502835,0.268182511127384,0.01672931829402932,4.29915062948251,0,694,0.27235322213235247,1.0,Sargassaceae
family,4056,0.49019607843137253,2.389737148539205,0.2012098835021893,0.05013140733018048,0.8075858902646696,2,3653,0.005390549752274357,0.15774450854023908,Apocynaceae
family,7458,0.24509803921568626,0.023550653530635474,10.43038493038493,1.4266713016099182,76.25647875108608,1,36,0.09392734320939075,1.0,Apidae
family,43707,0.49019607843137253,1.716580968455208,0.28204598702390965,0.07026128796168363,1.1322015451762464,2,2624,0.05420184349265324,0.8760182423348184,Meliaceae
family,27926,0.0,0.054951524904816106,2.2130105089336802,0.13705983462226143,35.731952589525896,0,84,1.0,1.0,Microcionidae
family,55961,0.0,0.49390953932304954,0.2464302985774658,0.015373644967827753,3.9501297307218612,0,755,0.2769573847800054,1.0,Clusiaceae
family,41218,0.0,0.05233478562363439,2.323034583425196,0.1438156260451462,37.523667102039525,0,80,1.0,1.0,Colchicaceae
family,50931,0.0,0.013083696405908597,9.125742603815267,0.5510182991635482,151.13686459688856,0,20,1.0,1.0,Pertusariaceae
family,24966,3.9215686274509802,1.1729533827897058,3.4389746975198334,2.0815626269089815,5.681571535391886,16,1793,3.742850058528533e-05,0.0019888802817865144,Rubiaceae
family,4037,3.676470588235294,1.2671559969122477,2.9739267853413045,1.7723589281517529,4.990095620074763,15,1937,0.000293878031487536,0.01167115610764786,Apiaceae
family,629714,0.24509803921568626,0.489984430401277,0.49898800366090085,0.0700282653291413,3.5555504142107863,1,749,0.7283022769906076,1.0,Hypericaceae
family,1892259,0.0,0.059530818646884115,2.0436155199282995,0.12664774013661192,32.976225148485604,0,91,1.0,1.0,Aphanizomenonaceae
family,19955,0.0,0.12822022477790426,0.9509531862676396,0.05917118965177898,15.282977540158146,0,196,1.0,1.0,Ebenaceae
family,4642,2.450980392156863,0.5743742722193874,4.349309188310573,2.3140227683780106,8.174720955222961,10,878,0.00016263887536204776,0.006955939592407581,Zingiberaceae
family,40552,0.24509803921568626,0.5913830775470686,0.41301015416059667,0.057975064337548,2.942254387965967,1,904,0.7382783627288443,1.0,Asparagaceae
family,4294,0.0,0.15177087830853972,0.8035193008778511,0.050024665438736904,12.906498448728712,0,232,1.0,1.0,Aquifoliaceae
family,86541,0.0,0.4311077965746883,0.2824800510011386,0.017620271680180672,4.528589607580198,0,659,0.42890991742747114,1.0,Briareidae
family,3250,0.0,0.1995263701901061,0.6112238499800676,0.038080004105814164,9.810781368256594,0,305,1.0,1.0,Lycopodiaceae
family,40678,0.0,0.8367023851578548,0.1450072057102324,0.009049723538940273,2.3235063057353846,0,1279,0.05514503324050116,0.8760182423348184,Alcyoniidae
family,26339,0.49019607843137253,0.24859023171226335,1.9766917293233082,0.49089204614354937,7.959611942118481,2,380,0.2704621662647666,1.0,Iridaceae
family,6060,0.0,0.28391621200821654,0.4293923853442314,0.026769676030665872,6.88756264290968,0,434,0.6352768941570649,1.0,Halichondriidae
family,82115,0.0,0.014392066046499457,8.314456684346526,0.5035248109414775,137.29251956148255,0,22,1.0,1.0,Rhizobiaceae
family,77658,0.0,0.018317174968272038,6.563787068650819,0.4000627239996083,107.69136462368809,0,28,1.0,1.0,Daphniidae
family,31450,0.0,0.11448234355170023,1.0648889167861015,0.06623271669938337,17.12127271240913,0,175,1.0,1.0,Plocamiaceae
family,5317,0.0,0.7359579228323586,0.1650157389589395,0.010297669344782143,2.644306511741172,0,1125,0.08179299968530462,1.0,Polyporaceae
family,4335,0.0,0.36241839044366814,0.33620218684778924,0.02096713213941425,5.39090943337726,0,554,0.41220511335807775,1.0,Primulaceae
family,3931,3.676470588235294,0.5998874802109092,6.324348397945507,3.7610893460904107,10.634520740692455,15,917,4.8310992150519e-08,4.476818605948094e-06,Myrtaceae
family,41773,0.0,0.16550875953474375,0.7368541761725078,0.045885606890218804,11.832775324120293,0,253,1.0,1.0,Berberidaceae
family,25664,0.0,0.040559458858316653,2.992421052631579,0.18479954051034558,48.455660287377086,0,62,1.0,1.0,Araucariaceae
family,23672,0.24509803921568626,0.3238214860462378,0.7562951381133199,0.10606781065335366,5.392609995535537,1,495,1.0,1.0,Sapindaceae
family,86538,0.0,0.2433567531498999,0.501065446509985,0.031229720133307323,8.039347794810414,0,372,1.0,1.0,Xeniidae
family,1903411,0.0,0.017008805327681176,7.059259601394887,0.4294804974759218,116.03122007345566,0,26,1.0,1.0,Yersiniaceae
family,107393,0.0,0.30157920215619316,0.404199227944638,0.02520140365253001,6.482853817336468,0,461,0.6395009495008024,1.0,Didemnidae
family,3362,0.0,0.12429511585613168,0.9809430185975835,0.06103048178293713,15.766698502523766,0,190,1.0,1.0,Podocarpaceae
family,3650,1.7156862745098038,0.6541848202954299,2.6509576059850373,1.2524522570061538,5.611053187391389,7,1000,0.01933739979931174,0.4300637715366931,Cucurbitaceae
family,3503,0.0,0.1138281587314048,1.070998446339077,0.06661120591007427,17.219890503246976,0,174,1.0,1.0,Fagaceae
family,3481,0.9803921568627451,0.17859245594065234,5.534000652812534,2.052294675120017,14.922400567812515,4,273,0.006719699696917955,0.17791204911839917,Cannabaceae
family,40424,0.0,0.12233256139524538,0.9966576907384741,0.06200458608188053,16.02021100820518,0,187,1.0,1.0,Hymenochaetaceae
family,3568,0.49019607843137253,0.36634349936544075,1.3397431386347642,0.33310054229447245,5.388498214848792,2,560,0.6643271831815825,1.0,Caryophyllaceae
family,209791,0.0,0.04252201331920294,2.8553075392190754,0.1764211411841665,46.21204175870614,0,65,1.0,1.0,Gymnomitriaceae
family,3593,0.24509803921568626,0.06868940613102013,3.5745173745173746,0.4976559932214609,25.674712320887572,1,105,0.2462103332472803,1.0,Cactaceae
family,4345,0.7352941176470589,0.30812105035914744,2.3966501533380513,0.7669812112772244,7.489012602968665,3,471,0.13369569358560704,1.0,Ericaceae
family,1892254,0.0,0.12298674621554082,0.9913638887175374,0.061676452195849156,15.934806962182897,0,188,1.0,1.0,Oscillatoriaceae
family,26122,0.0,0.04448456778008923,2.7302039685872295,0.16876919625021794,44.166908865514195,0,68,1.0,1.0,Gesneriaceae
family,543,0.0,0.13410788816056313,0.9092519960570242,0.05658513755635283,14.6105360530464,0,205,1.0,1.0,Enterobacteriaceae
family,4305,0.0,0.9276340751789196,0.13067788866219207,0.008155880711173794,2.093791117103108,0,1418,0.03722667166480381,0.689934314854364,Celastraceae
family,28056,0.0,0.3748479020292813,0.32502328996189306,0.020270802471536647,5.211443363724152,0,573,0.4136366774280171,1.0,Micromonosporaceae
family,3487,0.49019607843137253,0.6286716123039081,0.7786480626195004,0.19379463567927036,3.128532445162797,2,961,1.0,1.0,Moraceae
family,71492,0.0,0.0680352213107247,1.7892335712988938,0.1109872670660278,28.844360774812706,0,104,1.0,1.0,Plakobranchidae
family,5268,0.0,0.013737881226204026,8.701232529674646,0.5262025995419242,143.88269385475752,0,21,1.0,1.0,Ustilaginaceae
family,86519,0.0,0.18709685860449293,0.6518399371129638,0.040604337258616334,10.464283677608078,0,286,1.0,1.0,Clavulariidae
family,83676,0.0,0.07130614541220186,1.7074775182620456,0.10594786937417709,27.51805668761198,0,109,1.0,1.0,Nocardiopsidaceae
family,283600,0.0,0.09616516858342819,1.2672696720121155,0.07876123007220379,20.390392838321983,0,147,1.0,1.0,Pseudoceratinidae
family,3629,1.9607843137254901,0.2963457235938297,6.728874172185431,3.32181184015173,13.630437184255445,8,453,3.934835089865406e-05,0.0019888802817865144,Malvaceae
family,683158,0.0,0.13279951851997226,0.9182001629982046,0.05714011526196277,14.754809917073475,0,203,1.0,1.0,Didymellaceae
family,4206,0.0,0.1818633800421295,0.6705994036069255,0.04177000193529505,10.766184804458224,0,278,1.0,1.0,Adoxaceae
family,283433,0.0,0.08700658109929217,1.4002952246044953,0.08698604856407877,22.541852957094598,0,133,1.0,1.0,Crambeidae
family,5593,0.0,0.0438303829597938,2.7706695679767894,0.17124504491152814,44.8282159573068,0,67,1.0,1.0,Microascaceae
family,7721,0.0,0.08504402663840588,1.4325140571289223,0.08897688445927684,23.06325442099711,0,130,1.0,1.0,Styelidae
family,24943,0.0,0.10270701678638249,1.1867303918711507,0.07377764109892757,19.08883236185667,0,157,1.0,1.0,Paeoniaceae
family,40338,0.0,0.01635462050738575,7.336141310869513,0.4458729452486765,120.70472072045065,0,25,1.0,1.0,Pelliaceae
family,201955,0.0,0.15635017205060775,0.7799986201362998,0.04856456271201375,12.527608886799017,0,239,1.0,1.0,Polyclinidae
family,2982168,0.0,0.026167392811817194,4.618598606766701,0.2835225230990664,75.23724343753044,0,40,1.0,1.0,Clitocybaceae
family,3465,0.0,0.279991103086444,0.4354220195409965,0.027144976987673677,6.984435285660855,0,428,0.634518387759191,1.0,Papaveraceae
family,2803,0.0,0.7680129790268346,0.15808023727381063,0.009865118325385983,2.5331030599236652,0,1174,0.08259763122158548,1.0,Rhodomelaceae
family,195876,0.0,0.024204838350930905,4.988184414524683,0.3057943970748501,81.36834419244289,0,37,1.0,1.0,Aglajidae
family,51108,0.0,0.36830605382632703,0.33081294888238943,0.020631445541057992,5.3043887269302035,0,563,0.41278469451406863,1.0,Nephtheidae
family,301453,0.24509803921568626,0.05233478562363439,4.692321867321867,0.6513904711717096,33.801361059122634,1,80,0.1942352345285211,1.0,Capparaceae
family,4118,0.0,0.39512763145843965,0.3082926602095868,0.019228549603818684,4.942877455522097,0,604,0.41758696671695944,1.0,Convolvulaceae
family,4185,0.0,0.3689602386466224,0.3302247523560998,0.020594806954933664,5.29494582334621,0,564,0.41286015882773414,1.0,Acanthaceae
family,10066,0.0,0.07196033023249729,1.6920141561944428,0.10499437338161814,27.26728883229486,0,110,1.0,1.0,Muridae
family,51383,0.0,0.19363870680744724,0.6298141722792019,0.039235506658017304,10.109870507373254,0,296,1.0,1.0,Asphodelaceae
family,1162,0.0,0.1596210961520849,0.7640226976343698,0.047572673991380106,12.270293711181093,0,244,1.0,1.0,Nostocaceae
family,31,0.0,0.08569821145870131,1.421611106198603,0.08830323267812325,22.8867967340895,0,131,1.0,1.0,Myxococcaceae
family,1561080,0.0,0.06476429720924756,1.8792063130831638,0.11652961384918305,30.304883458226403,0,99,1.0,1.0,Cordiaceae
family,156152,0.0,0.33625099763185096,0.362435514510053,0.022600970910426968,5.812117660731298,0,514,0.6510463935985905,1.0,Plantaginaceae
family,21910,0.24509803921568626,0.11579071319229109,2.1194769499854247,0.296197314368345,15.16618255334054,1,177,0.3779512516888309,1.0,Verbenaceae
family,37990,0.0,0.19690963090892438,0.6193491944601757,0.03858506366154594,9.94150037027824,0,301,1.0,1.0,Xylariaceae
family,110618,0.0,0.3447554002956915,0.35347328974922704,0.022042829965363563,5.668208971464534,0,527,0.6544173832563829,1.0,Nectriaceae
family,16748,0.49019607843137253,0.08896913556017846,5.531947261663286,1.3649109180390162,22.420833551387233,2,136,0.05273100492487234,0.8760182423348184,Saururaceae
family,77184,0.24509803921568626,0.32251311640564695,0.7593732401034632,0.10649865052279132,5.414601170573763,1,493,1.0,1.0,Ancorinidae
family,3615,0.0,0.15765854169119858,0.7735288676696798,0.04816289271587031,12.423400576211105,0,241,1.0,1.0,Polygonaceae
family,233880,0.0,0.28784132092998915,0.42352700905975044,0.026404582863651268,6.793333124380728,0,440,0.6361036191771854,1.0,Phyllanthaceae
family,91896,0.24509803921568626,0.17008805327681176,1.4420903420903421,0.20188763971696902,10.300900826151192,1,260,0.5015698606000447,1.0,Orobanchaceae
family,119859,0.0,0.023550653530635474,5.124880535202294,0.31401652500994026,83.64018581271783,0,36,1.0,1.0,Tolypothrichaceae
family,3318,0.49019607843137253,0.4926011696824587,0.9950935175553942,0.24756660941852357,3.999776508659806,2,753,1.0,1.0,Pinaceae
family,4050,0.49019607843137253,0.6777354738260654,0.7219221332521825,0.179695037583577,2.9003114025170715,2,1036,1.0,1.0,Araliaceae
family,3037730,0.0,0.22438539336133245,0.5434712504832713,0.03386741852133523,8.721095760982907,0,343,1.0,1.0,Cladiellidae
family,3581,0.0,0.06868940613102013,1.7722624095784485,0.10994142484948703,28.568977095801795,0,105,1.0,1.0,Portulacaceae
family,3514,0.24509803921568626,0.1556959872303123,1.575619928561105,0.22050472696826565,11.258616508643762,1,238,0.4714166064668588,1.0,Betulaceae
family,40588,0.0,0.139995551543222,0.8710502064235235,0.05421539618307788,13.994704743064906,0,214,1.0,1.0,Dipterocarpaceae
family,4144,0.0,0.33167170388978295,0.367451507678579,0.02291333602141365,5.892664881668796,0,507,0.6493103031547354,1.0,Oleaceae
family,3525,0.0,0.09812772304431448,1.2419840840608822,0.0771969348416262,19.98168020822489,0,150,1.0,1.0,Phytolaccaceae
family,3563,0.49019607843137253,0.15831272651149403,3.1067052070186865,0.769926219977143,12.53576900342938,2,242,0.13820727314323494,1.0,Amaranthaceae
family,40458,0.0,0.06738103649042927,1.8065326781733573,0.11205318361379654,29.12510124260651,0,103,1.0,1.0,Hericiaceae
family,4668,2.9411764705882355,0.4265285028326203,7.07427031046663,3.9631302433541022,12.627720350465939,12,652,3.160952076981005e-07,2.5106990782877694e-05,Amaryllidaceae
family,3587,0.0,0.023550653530635474,5.124880535202294,0.31401652500994026,83.64018581271783,0,36,1.0,1.0,Basellaceae
family,42228,0.24509803921568626,0.05756826418599783,4.265523788251061,0.592797233307826,30.692945523056434,1,88,0.21124486838911902,1.0,Acoraceae
family,21472,0.0,0.24989860135285422,0.48793369653042773,0.030412739608543567,7.828275100312444,0,382,0.631238389767748,1.0,Gentianaceae
family,703253,0.0,0.20672240321335583,0.5899381430540973,0.036756771598314,9.468378138140956,0,316,1.0,1.0,Calophyllaceae
family,13819,0.0,0.11055723462992764,1.1026274267681966,0.06857036757303553,17.73050495852306,0,169,1.0,1.0,Pteridaceae
family,5351,0.0,0.10336120160667792,1.1792354115425752,0.0733137175156022,18.967748505455997,0,158,1.0,1.0,Tricholomataceae
family,49,0.24509803921568626,0.20606821839306041,1.1898677898677898,0.16668669365296002,8.493691525926534,1,315,0.5696565706899995,1.0,Polyangiaceae
family,22973,0.0,0.027475762452408053,4.401195190438476,0.27039294578907297,71.6384040560335,0,42,1.0,1.0,Chrysobalanaceae
family,25926,0.0,0.013737881226204026,8.701232529674646,0.5262025995419242,143.88269385475752,0,21,1.0,1.0,Cymodoceaceae
family,23097,0.0,0.040559458858316653,2.992421052631579,0.18479954051034558,48.455660287377086,0,62,1.0,1.0,Hydrangeaceae
family,139826,0.0,0.026821577632112625,4.507277580333574,0.27680218497729686,73.39375297143675,0,41,1.0,1.0,Adelanthaceae
family,4609,0.0,0.14326647564469913,0.851180634746266,0.05298257785662906,13.674466254314337,0,219,1.0,1.0,Cyperaceae
family,4328,0.0,0.10466957124726878,1.1645256370659316,0.07240313846468424,18.730126734012806,0,160,1.0,1.0,Proteaceae
family,72117,0.49019607843137253,0.069997775771611,7.032595184383776,1.7304345862611528,28.580909917131013,2,107,0.03451292160651882,0.6616960142491195,Omphalotaceae
family,71294,0.0,0.1380329970823357,0.883422890063688,0.05498297443862967,14.194139379628837,0,211,1.0,1.0,Chromodorididae
family,29607,0.0,0.07392288469338358,1.6472589628974599,0.10223408052315927,26.54165887696647,0,113,1.0,1.0,Dryopteridaceae
family,4479,0.9803921568627451,0.32251311640564695,3.0600486012090053,1.1384281267740757,8.225286446756495,4,493,0.04491573198480813,0.8055853865662361,Poaceae
family,3928,0.24509803921568626,0.08373565699781502,2.931779791154791,0.40885328091968826,21.023024994416083,1,128,0.29106804307782097,1.0,Lythraceae
family,4454,0.49019607843137253,0.09681935340372362,5.083011583011583,1.2551708470824274,20.58445415067324,2,148,0.061069150436450594,0.8935380958596455,Araceae
family,32084,0.0,0.031400871374180635,3.856566013451274,0.23740845520212414,62.64773258999906,0,48,1.0,1.0,Dennstaedtiaceae
family,1762,0.0,0.03794271957713493,3.1971147307744614,0.19729165725367032,51.80929971404,0,58,1.0,1.0,Mycobacteriaceae
family,28556,0.0,0.37746464131046303,0.32276356854080235,0.020130038195092702,5.17516758624876,0,577,0.41403708690291113,1.0,Pleosporaceae
family,6498,0.0,0.22896468710340045,0.5325928861898634,0.033190848494313134,8.546186532973083,0,350,1.0,1.0,Aplysiidae
family,56488,0.0,0.04644712224097552,2.615598599686727,0.1617531528194653,42.29503979016031,0,71,1.0,1.0,Thelephoraceae
family,2033035,0.0,0.14522903010558544,0.8396875386794659,0.05226939971982088,13.48925310780278,0,222,1.0,1.0,Hypoxylaceae
family,233881,0.0,0.03794271957713493,3.1971147307744614,0.19729165725367032,51.80929971404,0,58,1.0,1.0,Picrodendraceae
family,33636,0.0,0.019625544608862896,6.133294540201056,0.3744153412088822,100.46944603125601,0,30,1.0,1.0,Laminariaceae
family,22118,0.0,0.05168060080333896,2.3522705403262436,0.14560987221472704,38.00001064987604,0,79,1.0,1.0,Erythroxylaceae
family,4200,0.9803921568627451,0.29438316913294343,3.3533993399339934,1.2470936983146874,9.017195057810438,4,450,0.03407148180715819,0.6616960142491195,Caprifoliaceae
family,104366,0.0,0.030092501733589773,4.022492465221569,0.24747157536688544,65.38304695711498,0,46,1.0,1.0,Pleurotaceae
family,25692,0.0,0.04186782849890751,2.89959484975283,0.1791282719939651,46.936478530850756,0,64,1.0,1.0,Balsaminaceae
family,31469,0.0,0.031400871374180635,3.856566013451274,0.23740845520212414,62.64773258999906,0,48,1.0,1.0,Gracilariaceae
family,3455,0.0,0.3375593672724418,0.3610273460503507,0.022513276780682996,5.789505715489432,0,516,0.6515528419720629,1.0,Menispermaceae
family,55660,0.0,0.07130614541220186,1.7074775182620456,0.10594786937417709,27.51805668761198,0,109,1.0,1.0,Suberitidae
family,85174,0.0,0.015046250866794886,7.960597932237818,0.48272014659282364,131.27920988183405,0,23,1.0,1.0,Francoaceae
family,41837,0.0,0.015046250866794886,7.960597932237818,0.48272014659282364,131.27920988183405,0,23,1.0,1.0,Conocephalaceae
family,654128,0.0,0.03794271957713493,3.1971147307744614,0.19729165725367032,51.80929971404,0,58,1.0,1.0,Marasmiaceae
family,29600,0.0,0.022896468710340047,5.269277845777234,0.3226928456601489,86.04246852513235,0,35,1.0,1.0,Blechnaceae
family,3037760,0.0,0.041213643678612084,2.9452770362089074,0.18191973740988576,47.68397834960888,0,63,1.0,1.0,Eunicellidae
family,1561072,0.0,0.0327092410147715,3.7037822509301113,0.22813148245683518,60.13200288960779,0,50,1.0,1.0,Heliotropiaceae
family,3608,0.24509803921568626,0.3643809449045544,0.6718379878164439,0.09424370428306873,4.789352087833182,1,557,1.0,1.0,Rhamnaceae
family,16714,0.24509803921568626,0.11644489801258652,2.107555972724512,0.2945404800324798,15.080413319340538,1,178,0.3796090515011187,1.0,Juglandaceae
family,474942,0.0,0.08242728735722417,1.4778496475585507,0.09177741491912154,23.797135523087118,0,126,1.0,1.0,Ophiocordycipitaceae
family,4014,0.49019607843137253,0.15373343276942603,3.199392097264438,0.7927622030763798,12.911954874130046,2,235,0.13191064189707602,1.0,Burseraceae
family,25673,0.0,0.05168060080333896,2.3522705403262436,0.14560987221472704,38.00001064987604,0,79,1.0,1.0,Balanophoraceae
family,26468,0.0,0.32447567086653323,0.3756195448925835,0.023421966171229755,6.023834270524168,0,496,0.6467021419260388,1.0,Loganiaceae
family,31386,0.0,0.029438316913294345,4.11092579391233,0.25282984209022225,66.84223168965575,0,45,1.0,1.0,Delesseriaceae
family,28568,0.0,0.1687796836362209,0.7225780027415487,0.044998972075673556,11.602908821293349,0,258,1.0,1.0,Trichocomaceae
family,4149,0.24509803921568626,0.2721408852428988,0.9003850878850879,0.12622857874769555,6.422422834263572,1,416,1.0,1.0,Scrophulariaceae
family,81541,0.0,0.07326869987308815,1.6619121447028424,0.10313792152150884,26.77920919838212,0,112,1.0,1.0,Latrunculiidae
family,2943,0.0,0.028129947272703484,4.299990151802923,0.26427369385824634,69.96502389496219,0,43,1.0,1.0,Prorocentraceae
family,4449,0.0,0.07915636325574701,1.5387168754501817,0.09553590898359683,24.78282404997775,0,121,1.0,1.0,Alismataceae
family,4274,0.49019607843137253,0.24401093797019535,2.01388026783238,0.5000934002458461,8.109912530680926,2,373,0.26358979949787065,1.0,Polygalaceae
family,3792,0.0,0.05168060080333896,2.3522705403262436,0.14560987221472704,38.00001064987604,0,79,1.0,1.0,Saxifragaceae
family,4004,0.0,0.05168060080333896,2.3522705403262436,0.14560987221472704,38.00001064987604,0,79,1.0,1.0,Linaceae
family,178475,0.0,0.15896691133178945,0.7671653945043594,0.047767802230694933,12.320908960446998,0,243,1.0,1.0,Niphatidae
family,4703,0.0,0.05822244900629326,2.0893102575849785,0.12945771533849665,33.7192521978003,0,89,1.0,1.0,Smilacaceae
family,3131,0.0,0.015046250866794886,7.960597932237818,0.48272014659282364,131.27920988183405,0,23,1.0,1.0,Codiaceae
family,39987,0.24509803921568626,0.2950373539532389,0.8303197371933514,0.11642706971344274,5.921568477757832,1,451,1.0,1.0,Thymelaeaceae
family,33958,0.0,0.018317174968272038,6.563787068650819,0.4000627239996083,107.69136462368809,0,28,1.0,1.0,Lactobacillaceae
family,42389,0.0,0.023550653530635474,5.124880535202294,0.31401652500994026,83.64018581271783,0,36,1.0,1.0,Phyllophoridae
family,2004,0.0,0.03925108921772579,3.0913845251221463,0.1908414801675602,50.07642087964242,0,60,1.0,1.0,Streptosporangiaceae
family,4386,0.0,0.11055723462992764,1.1026274267681966,0.06857036757303553,17.73050495852306,0,169,1.0,1.0,Daphniphyllaceae
family,4437,0.0,0.03859690439743036,3.143361138825175,0.19401299614893774,50.92813082218049,0,59,1.0,1.0,Plumbaginaceae
family,282279,0.0,0.054951524904816106,2.2130105089336802,0.13705983462226143,35.731952589525896,0,84,1.0,1.0,Pseudodistomidae
family,146272,0.24509803921568626,0.060185003467179546,4.079959406046362,0.5672813493258281,29.343585462079442,1,92,0.21961488227243744,1.0,Dorididae
family,233879,0.0,0.020933914249453754,5.755785707560493,0.35185724898147364,94.15485742373322,0,32,1.0,1.0,Putranjivaceae
family,4381,0.0,0.07196033023249729,1.6920141561944428,0.10499437338161814,27.26728883229486,0,110,1.0,1.0,Campanulaceae
family,40029,0.0,0.15765854169119858,0.7735288676696798,0.04816289271587031,12.423400576211105,0,241,1.0,1.0,Rhizophoraceae
family,56627,0.0,0.05298897044392982,2.294516073319266,0.1420650363994175,37.059111405275026,0,81,1.0,1.0,Ochnaceae
family,3602,4.411764705882353,0.13410788816056313,34.36930581613508,21.014238145372037,56.21184903832271,18,205,2.697877373090601e-21,7.500099097191871e-19,Vitaceae
family,5198,0.0,0.017008805327681176,7.059259601394887,0.4294804974759218,116.03122007345566,0,26,1.0,1.0,Cladoniaceae
family,681950,0.0,0.04644712224097552,2.615598599686727,0.1617531528194653,42.29503979016031,0,71,1.0,1.0,Glomerellaceae
family,3401,0.24509803921568626,0.14588321492588086,1.6817686010511124,0.23529505552762045,12.020421003489407,1,223,0.44982093753113855,1.0,Magnoliaceae
family,69450,0.24509803921568626,0.055605709725111536,4.416158404393698,0.6134920396361329,31.7892552677035,1,85,0.20490864280199172,1.0,Cistaceae
family,23808,0.0,0.3748479020292813,0.32502328996189306,0.020270802471536647,5.211443363724152,0,573,0.4136366774280171,1.0,Simaroubaceae
family,37506,0.0,0.22242283890044615,0.5482703274937677,0.03416587545715067,8.798262827689662,0,340,1.0,1.0,Gorgoniidae
family,91852,0.0,0.013737881226204026,8.701232529674646,0.5262025995419242,143.88269385475752,0,21,1.0,1.0,Muntingiaceae
family,91851,0.0,0.06934359095131556,1.755609955120359,0.10891509517435359,28.298798339970332,0,106,1.0,1.0,Nitrariaceae
family,68562,0.0,0.5141892687522078,0.23666897250963123,0.014765214312562586,3.793524520745227,0,786,0.28163211412390377,1.0,Petrosiidae
family,1003255,0.0,0.03859690439743036,3.143361138825175,0.19401299614893774,50.92813082218049,0,59,1.0,1.0,Viscaceae
family,5401,0.0,0.11971582211406366,1.0184098799689167,0.06335275059279859,16.371170531878995,0,183,1.0,1.0,Russulaceae
family,22788,0.0,0.08896913556017846,1.3694926044987243,0.08508227800351503,22.04348587962366,0,136,1.0,1.0,Lardizabalaceae
family,5368,0.0,0.03467179547565778,3.4960248916139514,0.21549969568320929,56.715579128943666,0,53,1.0,1.0,Boletaceae
family,3954,0.24509803921568626,0.139995551543222,1.752600518955659,0.24515994397018598,12.528998535817843,1,214,0.4364433664189655,1.0,Combretaceae
family,16376,0.0,0.08046473289633788,1.5137785618362827,0.09399619631472686,24.378917702184705,0,123,1.0,1.0,Velloziaceae
family,27065,1.4705882352941178,0.25316952545433136,5.88048131435844,2.6100995882071163,13.24855980390844,6,387,0.0007120668550443151,0.02474432321278995,Theaceae
family,4677,0.0,0.1550418024100169,0.7865773368549893,0.04897297795329593,12.633577387185376,0,237,1.0,1.0,Liliaceae
family,6243,0.24509803921568626,0.16289202025356203,1.5059056866285783,0.21078657731617936,10.758521561924066,1,249,0.4867140646113053,1.0,Rhabditidae
family,862241,0.0,0.08635239627899674,1.4108727281125146,0.08763969608862508,22.713016404332418,0,132,1.0,1.0,Physalacriaceae
family,3386,0.0,0.019625544608862896,6.133294540201056,0.3744153412088822,100.46944603125601,0,30,1.0,1.0,Ephedraceae
family,4027,0.49019607843137253,0.0569140793657024,8.650416171224732,2.1222658489605974,35.25934320247155,2,87,0.023770060251493735,0.4997447122133749,Geraniaceae
family,26766,0.24509803921568626,0.026821577632112625,9.15808713369689,1.256753053288228,66.73591102797927,1,41,0.10592603266793303,1.0,Myricaceae
family,3642,0.0,0.05756826418599783,2.1129321134922447,0.13090995710385855,34.10345717770626,0,88,1.0,1.0,Lecythidaceae
family,8382,0.0,0.018971359788567465,6.341244320892891,0.38681452837657604,103.95519451148766,0,29,1.0,1.0,Bufonidae
family,52929,0.0,0.03990527403802122,3.0410982077997035,0.1877719417860069,49.252717000830245,0,61,1.0,1.0,Siphonariidae
family,45122,0.0,0.37288534756839503,0.32673887601011375,0.020377669483285347,5.238984427729595,0,570,0.4133585350485763,1.0,Theonellidae
family,50362,0.0,0.13476207298085854,0.9048429113777744,0.05631166650054597,14.539450617442986,0,206,1.0,1.0,Melanthiaceae
family,41972,0.0,0.028784132092998915,4.203333654229643,0.25842518532972136,68.36800285636681,0,44,1.0,1.0,Aspleniaceae
family,930979,0.0,0.026167392811817194,4.618598606766701,0.2835225230990664,75.23724343753044,0,40,1.0,1.0,Lyophyllaceae
family,5339,0.0,0.04775549188156638,2.544392542818841,0.1573909805799464,41.132810711880076,0,73,1.0,1.0,Agaricaceae
family,5129,0.0,0.3460637699362824,0.35213354553786796,0.021959391462977894,5.646697182029036,0,529,0.654952090046057,1.0,Hypocreaceae
family,83620,0.0,0.10663212570815507,1.1431357356480598,0.07107886266590031,18.38464011808874,0,163,1.0,1.0,Gelsemiaceae
family,45131,0.0,0.055605709725111536,2.187113029411554,0.1354688557389249,35.31042893460664,0,85,1.0,1.0,Botryosphaeriaceae
family,61611,0.0,0.030746686553885204,3.9377826451072604,0.24233563127626728,63.986183453272886,0,47,1.0,1.0,Clathriidae
family,94394,0.0,0.021588099069749185,5.583934671806207,0.3415673826641469,91.28601851792796,0,33,1.0,1.0,Sciadopityaceae
family,1641604,0.0,0.013083696405908597,9.125742603815267,0.5510182991635482,151.13686459688856,0,20,1.0,1.0,Notoplanidae
family,1812776,0.0,0.1988721853698107,0.6132351729363505,0.03820502783466108,9.843138420255302,0,304,1.0,1.0,Sporocadaceae
family,72383,0.0,0.04252201331920294,2.8553075392190754,0.1764211411841665,46.21204175870614,0,65,1.0,1.0,Caryocaraceae
family,400721,0.0,0.0327092410147715,3.7037822509301113,0.22813148245683518,60.13200288960779,0,50,1.0,1.0,Frullaniaceae
family,71598,0.0,0.017662990147976607,6.802514743518415,0.41425020102343746,111.70593694694989,0,27,1.0,1.0,Graphidaceae
family,26000,0.0,0.055605709725111536,2.187113029411554,0.1354688557389249,35.31042893460664,0,85,1.0,1.0,Elaeocarpaceae
family,418793,0.0,0.015700435687090317,7.63562560887268,0.46356580011661014,125.77023245503916,0,24,1.0,1.0,Metteniusaceae
family,4000,0.0,0.18055501040153865,0.6754588856598369,0.04207193117432037,10.844396572299702,0,276,1.0,1.0,Buxaceae
family,34450,0.0,0.04710130706127095,2.5795044949985226,0.15954227001501392,41.70583406573954,0,72,1.0,1.0,Cortinariaceae
family,379500,0.0,0.04317619813949837,2.812352177874306,0.1737945801637306,45.50961695665673,0,66,1.0,1.0,Halimedaceae
family,39933,0.0,0.022896468710340047,5.269277845777234,0.3226928456601489,86.04246852513235,0,35,1.0,1.0,Lecanoraceae
family,155891,0.0,0.06607266684983841,1.8421534992252082,0.11424759680159877,29.703290132227888,0,101,1.0,1.0,Paulowniaceae
family,86014,0.0,0.09681935340372362,1.2587276271486798,0.07823280842258058,20.252311930170162,0,148,1.0,1.0,Mycalidae
family,121495,0.0,0.6267090578430218,0.19397978149508138,0.012103848933503676,3.1087760460000537,0,958,0.19191364091086052,1.0,Thorectidae
family,167839,0.0,0.026167392811817194,4.618598606766701,0.2835225230990664,75.23724343753044,0,40,1.0,1.0,Sphenopidae
family,3275,0.24509803921568626,0.06672685167013384,3.679722503251915,0.5121632297173606,26.43758262070248,1,102,0.24015431645513793,1.0,Polypodiaceae
family,86595,0.0,0.035980165116248644,3.3699979048816258,0.2078277028928345,54.64567870801458,0,55,1.0,1.0,Zoanthidae
family,1892252,0.0,0.4140989912470071,0.29412378434200626,0.018345783044177486,4.715459694870797,0,633,0.4229230367528805,1.0,Microcoleaceae
family,4710,0.0,0.05822244900629326,2.0893102575849785,0.12945771533849665,33.7192521978003,0,89,1.0,1.0,Arecaceae
family,441552,0.0,0.015700435687090317,7.63562560887268,0.46356580011661014,125.77023245503916,0,24,1.0,1.0,Petiveriaceae
family,7596,0.0,0.014392066046499457,8.314456684346526,0.5035248109414775,137.29251956148255,0,22,1.0,1.0,Solasteridae
family,2956716,0.0,0.027475762452408053,4.401195190438476,0.27039294578907297,71.6384040560335,0,42,1.0,1.0,Asaraceae
family,119429,0.0,0.27475762452408053,0.4437291968965081,0.02766201103730918,7.117906211260517,0,420,0.6336173366694027,1.0,Spongiidae
family,16737,0.0,0.11448234355170023,1.0648889167861015,0.06623271669938337,17.12127271240913,0,175,1.0,1.0,Chloranthaceae
family,44191,0.0,0.270832515602308,0.4501700150451872,0.028062862058473963,7.221396093652903,0,414,0.6330274802834857,1.0,Plexauridae
family,63083,0.0,0.031400871374180635,3.856566013451274,0.23740845520212414,62.64773258999906,0,48,1.0,1.0,Tamaricaceae
family,86619,0.0,0.01635462050738575,7.336141310869513,0.4458729452486765,120.70472072045065,0,25,1.0,1.0,Sertulariidae
family,2790998,0.0,0.017662990147976607,6.802514743518415,0.41425020102343746,111.70593694694989,0,27,1.0,1.0,Mycoplasmoidaceae
family,4893,0.0,0.029438316913294345,4.11092579391233,0.25282984209022225,66.84223168965575,0,45,1.0,1.0,Saccharomycetaceae
family,3499,0.0,0.04186782849890751,2.89959484975283,0.1791282719939651,46.936478530850756,0,64,1.0,1.0,Urticaceae
family,767018,0.0,0.09158587484136019,1.3304686445070717,0.08266976031329251,21.412264984296343,0,140,1.0,1.0,Diaporthaceae
family,5117,0.0,0.11317397391110937,1.0771784027456888,0.06699404069702017,17.31964961763178,0,173,1.0,1.0,Valsaceae
family,28983,0.0,0.12037000693435909,1.012883409127849,0.06301024968884388,16.28199865184945,0,184,1.0,1.0,Sclerotiniaceae
family,4410,0.24509803921568626,0.0327092410147715,7.509189189189189,1.0348659467640302,54.48814163356882,1,50,0.12712563657920223,1.0,Nymphaeaceae
family,40562,0.0,0.04644712224097552,2.615598599686727,0.1617531528194653,42.29503979016031,0,71,1.0,1.0,Strophariaceae
family,452340,0.0,0.017662990147976607,6.802514743518415,0.41425020102343746,111.70593694694989,0,27,1.0,1.0,Gloeophyllaceae
family,29616,0.0,0.017008805327681176,7.059259601394887,0.4294804974759218,116.03122007345566,0,26,1.0,1.0,Thelypteridaceae
family,41845,0.0,0.027475762452408053,4.401195190438476,0.27039294578907297,71.6384040560335,0,42,1.0,1.0,Scapaniaceae
family,4671,0.0,0.13476207298085854,0.9048429113777744,0.05631166650054597,14.539450617442986,0,206,1.0,1.0,Dioscoreaceae
family,3417,0.0,0.026821577632112625,4.507277580333574,0.27680218497729686,73.39375297143675,0,41,1.0,1.0,Winteraceae
family,6566,0.0,0.0327092410147715,3.7037822509301113,0.22813148245683518,60.13200288960779,0,50,1.0,1.0,Pectinidae
family,4033,0.0,0.020279729429158327,5.938547920188067,0.36278609655577165,97.20976557586583,0,31,1.0,1.0,Oxalidaceae
family,2070,0.0,0.3329800735303738,0.36600430258383254,0.022823214206273205,5.8694252395465645,0,509,0.6498004457149689,1.0,Pseudonocardiaceae
family,178536,0.0,0.12625767031701796,0.9657156231122244,0.06008647417655378,15.521074875898487,0,193,1.0,1.0,Callyspongiidae
family,452563,0.0,0.06083918828747498,1.9998756373585376,0.12395708750880721,32.26521891792633,0,93,1.0,1.0,Cladosporiaceae
family,3272,0.0,0.017008805327681176,7.059259601394887,0.4294804974759218,116.03122007345566,0,26,1.0,1.0,Gleicheniaceae
family,31462,0.0,0.050372231162748096,2.41300588304971,0.14933603330639236,38.98990258892374,0,77,1.0,1.0,Rhizophyllidaceae
family,13828,0.0,0.0327092410147715,3.7037822509301113,0.22813148245683518,60.13200288960779,0,50,1.0,1.0,Ophioglossaceae
family,1573500,0.0,0.05887663382658869,2.0662104316425136,0.1280373217767016,33.34360238551314,0,90,1.0,1.0,Pyrocystaceae
family,51005,0.0,0.04448456778008923,2.7302039685872295,0.16876919625021794,44.166908865514195,0,68,1.0,1.0,Hygrophoraceae
family,1033978,0.0,0.027475762452408053,4.401195190438476,0.27039294578907297,71.6384040560335,0,42,1.0,1.0,Plectosphaerellaceae
family,98850,0.0,0.0438303829597938,2.7706695679767894,0.17124504491152814,44.8282159573068,0,67,1.0,1.0,Vesiculariidae
family,3379,0.0,0.07915636325574701,1.5387168754501817,0.09553590898359683,24.78282404997775,0,121,1.0,1.0,Gnetaceae
family,46569,0.0,0.017008805327681176,7.059259601394887,0.4294804974759218,116.03122007345566,0,26,1.0,1.0,Termitidae
family,267888,0.0,0.031400871374180635,3.856566013451274,0.23740845520212414,62.64773258999906,0,48,1.0,1.0,Pseudoalteromonadaceae
family,3122586,0.0,0.19756381572921983,0.6172977128579665,0.03845754942530817,9.90849578285689,0,302,1.0,1.0,Sarcophytidae
family,3037776,0.0,0.45727518938650547,0.2662568034695179,0.016609310320918103,4.268249796291769,0,699,0.2724837653278944,1.0,Sinulariidae
family,275430,0.0,0.19821800054951524,0.6152597500801542,0.038330873563362386,9.875709183693541,0,303,1.0,1.0,Irciniidae
family,42219,0.0,0.13214533369967682,0.9227405291868777,0.057421701003992,14.82801918642022,0,202,1.0,1.0,Cornaceae
family,4429,0.49019607843137253,0.031400871374180635,15.682881773399014,3.799000890021751,64.741438035568,2,48,0.007958321829781689,0.20112849715266448,Nelumbonaceae
family,119060,0.0,0.10205283196608705,1.1943211546959382,0.07424746718823826,19.211470432222356,0,156,1.0,1.0,Burkholderiaceae
family,1176409,0.0,0.013083696405908597,9.125742603815267,0.5510182991635482,151.13686459688856,0,20,1.0,1.0,Cyrenidae
family,190525,0.0,0.35129724849864585,0.34687427058723064,0.021631838830371626,5.562252961430567,0,537,0.41161551621439996,1.0,Dysideidae
family,208472,0.0,0.014392066046499457,8.314456684346526,0.5035248109414775,137.29251956148255,0,22,1.0,1.0,Trichiidae
family,106263,0.0,0.04186782849890751,2.89959484975283,0.1791282719939651,46.936478530850756,0,64,1.0,1.0,Apiosporaceae
family,1892263,0.0,0.0327092410147715,3.7037822509301113,0.22813148245683518,60.13200288960779,0,50,1.0,1.0,Hapalosiphonaceae
family,93133,0.0,0.06083918828747498,1.9998756373585376,0.12395708750880721,32.26521891792633,0,93,1.0,1.0,Mycosphaerellaceae
family,2058185,0.0,0.01635462050738575,7.336141310869513,0.4458729452486765,120.70472072045065,0,25,1.0,1.0,Dictyosteliaceae
family,4674,0.0,0.06738103649042927,1.8065326781733573,0.11205318361379654,29.12510124260651,0,103,1.0,1.0,Hypoxidaceae
family,5020,0.0,0.04971804634245267,2.444564443484452,0.15127151475448342,39.504432331807095,0,76,1.0,1.0,Phaeosphaeriaceae
family,474943,0.0,0.14326647564469913,0.851180634746266,0.05298257785662906,13.674466254314337,0,219,1.0,1.0,Cordycipitaceae
family,4724,0.24509803921568626,0.023550653530635474,10.43038493038493,1.4266713016099182,76.25647875108608,1,36,0.09392734320939075,1.0,Pandanaceae
family,45118,0.0,0.3179338226635789,0.3833655579470678,0.02390428813281393,6.148233747999335,0,486,0.6444665152539257,1.0,Axinellidae
family,10210,0.0,0.05168060080333896,2.3522705403262436,0.14560987221472704,38.00001064987604,0,79,1.0,1.0,Bugulidae
family,24921,0.0,0.028129947272703484,4.299990151802923,0.26427369385824634,69.96502389496219,0,43,1.0,1.0,Violaceae
family,112800,0.0,0.018971359788567465,6.341244320892891,0.38681452837657604,103.95519451148766,0,29,1.0,1.0,Achariaceae
family,60561,0.0,0.13934136672292657,0.8751357998503694,0.05446886656557922,14.06055819534385,0,213,1.0,1.0,Ophidiasteridae
family,35432,0.0,0.07653962397456529,1.591140394281101,0.0987716551373077,25.632128476469564,0,117,1.0,1.0,Caulerpaceae
family,2012,0.0,0.08242728735722417,1.4778496475585507,0.09177741491912154,23.797135523087118,0,126,1.0,1.0,Thermomonosporaceae
family,34397,0.0,0.17008805327681176,0.7170209816824344,0.044653822864540574,11.513439503991544,0,260,1.0,1.0,Clavicipitaceae
family,984509,0.0,0.022242283890044616,5.422046014936228,0.3318620573885193,88.58675565211773,0,34,1.0,1.0,Lophocoleaceae
family,53016,0.0,0.05168060080333896,2.3522705403262436,0.14560987221472704,38.00001064987604,0,79,1.0,1.0,Plagiochilaceae
family,86559,0.0,0.24859023171226335,0.49050482760395475,0.03057270656792832,7.869600467600623,0,380,0.6312082054464513,1.0,Ellisellidae
family,103887,0.0,0.08700658109929217,1.4002952246044953,0.08698604856407877,22.541852957094598,0,133,1.0,1.0,Bionectriaceae
family,3037771,0.0,0.030092501733589773,4.022492465221569,0.24747157536688544,65.38304695711498,0,46,1.0,1.0,Pterogorgiidae
family,7089,0.0,0.015046250866794886,7.960597932237818,0.48272014659282364,131.27920988183405,0,23,1.0,1.0,Bombycidae
family,3256,0.0,0.017008805327681176,7.059259601394887,0.4294804974759218,116.03122007345566,0,26,1.0,1.0,Equisetaceae
family,283421,0.0,0.018317174968272038,6.563787068650819,0.4000627239996083,107.69136462368809,0,28,1.0,1.0,Coelosphaeridae
family,60576,0.0,0.05298897044392982,2.294516073319266,0.1420650363994175,37.059111405275026,0,81,1.0,1.0,Echinasteridae
family,16727,0.24509803921568626,0.07588543915426986,3.2353215284249766,0.4508285842643444,23.21792751755198,1,116,0.2680066773917232,1.0,Aristolochiaceae
family,41167,0.0,0.13018277923879054,0.9366347324860499,0.058283336933412803,15.052065792003102,0,199,1.0,1.0,Oreasteridae
family,3683,0.49019607843137253,0.05756826418599783,8.55206000895656,2.0985101286104144,34.85221700846602,2,88,0.024268178470793385,0.4997447122133749,Passifloraceae
family,4180,0.0,0.018317174968272038,6.563787068650819,0.4000627239996083,107.69136462368809,0,28,1.0,1.0,Pedaliaceae
family,119425,0.0,0.11055723462992764,1.1026274267681966,0.06857036757303553,17.73050495852306,0,169,1.0,1.0,Darwinellidae
family,7600,0.0,0.13214533369967682,0.9227405291868777,0.057421701003992,14.82801918642022,0,202,1.0,1.0,Asteriidae
family,641,0.0,0.03532598029595321,3.431855187360336,0.21159420800033213,55.66140084039331,0,54,1.0,1.0,Vibrionaceae
family,3963,0.0,0.013083696405908597,9.125742603815267,0.5510182991635482,151.13686459688856,0,20,1.0,1.0,Loranthaceae
family,3647,1.7156862745098038,0.013083696405908597,133.40324189526186,56.09725461674403,317.2423511587288,7,20,7.630148291282595e-13,1.0605906124882807e-10,Caricaceae
family,71304,0.0,0.020933914249453754,5.755785707560493,0.35185724898147364,94.15485742373322,0,32,1.0,1.0,Dendrodorididae
family,85278,0.0,0.015700435687090317,7.63562560887268,0.46356580011661014,125.77023245503916,0,24,1.0,1.0,Staphyleaceae
family,398018,0.0,0.015700435687090317,7.63562560887268,0.46356580011661014,125.77023245503916,0,24,1.0,1.0,Jackiellaceae
family,1890438,0.0,0.013737881226204026,8.701232529674646,0.5262025995419242,143.88269385475752,0,21,1.0,1.0,Leptolyngbyaceae
family,4268,0.0,0.04644712224097552,2.615598599686727,0.1617531528194653,42.29503979016031,0,71,1.0,1.0,Malpighiaceae
family,3201,0.0,0.050372231162748096,2.41300588304971,0.14933603330639236,38.98990258892374,0,77,1.0,1.0,Jungermanniaceae
family,1131839,0.0,0.027475762452408053,4.401195190438476,0.27039294578907297,71.6384040560335,0,42,1.0,1.0,Anastrophyllaceae
family,121475,0.0,0.10139864714579162,1.2020095479107549,0.0747233091504907,19.335692833929166,0,155,1.0,1.0,Aplysinidae
family,1268,0.0,0.023550653530635474,5.124880535202294,0.31401652500994026,83.64018581271783,0,36,1.0,1.0,Micrococcaceae
family,37822,0.0,0.013737881226204026,8.701232529674646,0.5262025995419242,143.88269385475752,0,21,1.0,1.0,Loasaceae
family,22299,0.0,0.018317174968272038,6.563787068650819,0.4000627239996083,107.69136462368809,0,28,1.0,1.0,Eupomatiaceae
family,85771,0.0,0.2976540932344206,0.40953959964368586,0.02553386586370464,6.568636514799018,0,455,0.6384536005780441,1.0,Agelasidae
family,7683,0.0,0.14522903010558544,0.8396875386794659,0.05226939971982088,13.48925310780278,0,222,1.0,1.0,Holothuriidae
family,1779171,0.0,0.032055056194476066,3.778630861862196,0.23267757237753822,61.364105892639024,0,49,1.0,1.0,Biemnidae
family,26019,0.0,0.024859023171226336,4.858589391025132,0.2979917108340321,79.21660238304207,0,38,1.0,1.0,Eriocaulaceae
family,260822,0.0,0.07392288469338358,1.6472589628974599,0.10223408052315927,26.54165887696647,0,113,1.0,1.0,Polycitoridae
family,42302,0.0,0.014392066046499457,8.314456684346526,0.5035248109414775,137.29251956148255,0,22,1.0,1.0,Lasiosphaeriaceae
family,3590,0.0,0.041213643678612084,2.9452770362089074,0.18191973740988576,47.68397834960888,0,63,1.0,1.0,Molluginaceae
family,44985,0.0,0.21195588177571928,0.575364038073828,0.035850647637465594,9.233969206254041,0,324,1.0,1.0,Hyacinthaceae
family,23121,0.0,0.07196033023249729,1.6920141561944428,0.10499437338161814,27.26728883229486,0,110,1.0,1.0,Pittosporaceae
family,34374,0.0,0.055605709725111536,2.187113029411554,0.1354688557389249,35.31042893460664,0,85,1.0,1.0,Leptosphaeriaceae
family,3474,0.0,0.014392066046499457,8.314456684346526,0.5035248109414775,137.29251956148255,0,22,1.0,1.0,Ulmaceae
family,1521047,0.0,0.020279729429158327,5.938547920188067,0.36278609655577165,97.20976557586583,0,31,1.0,1.0,Vulcanellidae
family,221678,0.0,0.030092501733589773,4.022492465221569,0.24747157536688544,65.38304695711498,0,46,1.0,1.0,Didymosphaeriaceae
family,25996,0.7352941176470589,0.0438303829597938,16.89275843007186,5.291696270029696,53.92699671615173,3,67,0.0008979317470480076,0.02936765007992307,Elaeagnaceae
family,984551,0.0,0.026821577632112625,4.507277580333574,0.27680218497729686,73.39375297143675,0,41,1.0,1.0,Solenostomataceae
family,56912,0.0,0.03336342583506692,3.6318403821701466,0.22375956620198006,58.94838279072905,0,51,1.0,1.0,Porellaceae
family,1131624,0.0,0.0327092410147715,3.7037822509301113,0.22813148245683518,60.13200288960779,0,50,1.0,1.0,Thermoascaceae
family,68773,0.0,0.07392288469338358,1.6472589628974599,0.10223408052315927,26.54165887696647,0,113,1.0,1.0,Nidulariaceae
family,1344955,0.0,0.029438316913294345,4.11092579391233,0.25282984209022225,66.84223168965575,0,45,1.0,1.0,Rhizopodaceae
family,85025,0.0,0.0876607659195876,1.389875007393993,0.08634207066799929,22.37324772539201,0,134,1.0,1.0,Nocardiaceae
family,1424649,0.0,0.024204838350930905,4.988184414524683,0.3057943970748501,81.36834419244289,0,37,1.0,1.0,Phyllostictaceae
family,1667166,0.0,0.18644267378419752,0.6541273764380813,0.0407464814807773,10.501093813649323,0,285,1.0,1.0,Stachybotryaceae
family,491774,0.0,0.04775549188156638,2.544392542818841,0.1573909805799464,41.132810711880076,0,73,1.0,1.0,Chondropsidae
family,1890449,0.0,0.23027305674399132,0.5295641379549815,0.03300246854184054,8.497490902914217,0,352,1.0,1.0,Microcystaceae
family,3037761,0.0,0.027475762452408053,4.401195190438476,0.27039294578907297,71.6384040560335,0,42,1.0,1.0,Euplexauridae
family,1903414,0.0,0.05429734008452068,2.2395282873665154,0.1386886048620507,36.16365565796518,0,83,1.0,1.0,Morganellaceae
family,1499392,0.0,0.017662990147976607,6.802514743518415,0.41425020102343746,111.70593694694989,0,27,1.0,1.0,Chromobacteriaceae
family,5152,0.0,0.013083696405908597,9.125742603815267,0.5510182991635482,151.13686459688856,0,20,1.0,1.0,Ophiostomataceae
family,44204,0.0,0.10139864714579162,1.2020095479107549,0.0747233091504907,19.335692833929166,0,155,1.0,1.0,Isididae
family,1185,0.0,0.022242283890044616,5.422046014936228,0.3318620573885193,88.58675565211773,0,34,1.0,1.0,Rivulariaceae
family,6515,0.0,0.022242283890044616,5.422046014936228,0.3318620573885193,88.58675565211773,0,34,1.0,1.0,Discodorididae
family,42364,0.0,0.029438316913294345,4.11092579391233,0.25282984209022225,66.84223168965575,0,45,1.0,1.0,Diatrypaceae
family,1769247,0.0,0.074577069513679,1.6328617318659704,0.10134593167028771,26.308282843227488,0,114,1.0,1.0,Fomitopsidaceae
family,20019,0.0,0.020279729429158327,5.938547920188067,0.36278609655577165,97.20976557586583,0,31,1.0,1.0,Symplocaceae
family,3309,0.0,0.10990304980963221,1.1091784737532189,0.06897609506059538,17.836279156666144,0,168,1.0,1.0,Ginkgoaceae
family,278974,0.0,0.032055056194476066,3.778630861862196,0.23267757237753822,61.364105892639024,0,49,1.0,1.0,Tedaniidae
family,1352827,0.0,0.017662990147976607,6.802514743518415,0.41425020102343746,111.70593694694989,0,27,1.0,1.0,Chytriomycetaceae
family,49662,0.0,0.12364093103583625,0.9861259579580356,0.061351768809813155,15.850307559561545,0,189,1.0,1.0,Stemonaceae
family,139835,0.0,0.0327092410147715,3.7037822509301113,0.22813148245683518,60.13200288960779,0,50,1.0,1.0,Radulaceae
family,22274,0.0,0.17008805327681176,0.7170209816824344,0.044653822864540574,11.513439503991544,0,260,1.0,1.0,Myristicaceae
family,29820,0.0,0.013737881226204026,8.701232529674646,0.5262025995419242,143.88269385475752,0,21,1.0,1.0,Sarcosomataceae
family,7080,0.0,0.022242283890044616,5.422046014936228,0.3318620573885193,88.58675565211773,0,34,1.0,1.0,Coccinellidae
family,252952,0.0,0.08373565699781502,1.4548290461925333,0.09035547310792108,23.424453227282463,0,128,1.0,1.0,Ianthellidae
family,5304,0.0,0.013083696405908597,9.125742603815267,0.5510182991635482,151.13686459688856,0,20,1.0,1.0,Corticiaceae
family,2922899,0.0,0.09027750520076933,1.349698863058915,0.0838586873389306,21.7232952094735,0,138,1.0,1.0,Amphidiniaceae
family,252141,0.0,0.017008805327681176,7.059259601394887,0.4294804974759218,116.03122007345566,0,26,1.0,1.0,Symbiodiniaceae
family,129109,0.0,0.018971359788567465,6.341244320892891,0.38681452837657604,103.95519451148766,0,29,1.0,1.0,Lobariaceae
family,227335,0.0,0.015046250866794886,7.960597932237818,0.48272014659282364,131.27920988183405,0,23,1.0,1.0,Tapinellaceae
family,106121,0.0,0.026167392811817194,4.618598606766701,0.2835225230990664,75.23724343753044,0,40,1.0,1.0,Comatulidae
family,478206,0.0,0.06672685167013384,1.8241693285965908,0.11313975805741625,29.411356330670657,0,102,1.0,1.0,Flustridae
family,103376,0.0,0.07392288469338358,1.6472589628974599,0.10223408052315927,26.54165887696647,0,113,1.0,1.0,Stereaceae
family,30189,0.0,0.020279729429158327,5.938547920188067,0.36278609655577165,97.20976557586583,0,31,1.0,1.0,Coccidae
family,7727,0.0,0.0372885347568395,3.2527380128785057,0.20068298612614216,52.7214826959691,0,57,1.0,1.0,Pyuridae
family,41295,0.0,0.014392066046499457,8.314456684346526,0.5035248109414775,137.29251956148255,0,22,1.0,1.0,Rhodospirillaceae
family,301454,0.24509803921568626,0.04710130706127095,5.213963963963964,0.7228282105880066,37.60979416589179,1,72,0.1768597034875799,1.0,Cleomaceae
family,55176,0.0,0.04317619813949837,2.812352177874306,0.1737945801637306,45.50961695665673,0,66,1.0,1.0,Sporormiaceae
family,33184,0.0,0.020933914249453754,5.755785707560493,0.35185724898147364,94.15485742373322,0,32,1.0,1.0,Onygenaceae
family,71291,0.0,0.01635462050738575,7.336141310869513,0.4458729452486765,120.70472072045065,0,25,1.0,1.0,Pleurobranchidae
family,35120,0.0,0.04317619813949837,2.812352177874306,0.1737945801637306,45.50961695665673,0,66,1.0,1.0,Lessoniaceae
family,5148,0.0,0.025513207991521764,4.735556140867328,0.2905771718773189,77.17568389293244,0,39,1.0,1.0,Sordariaceae
family,2983386,0.0,0.023550653530635474,5.124880535202294,0.31401652500994026,83.64018581271783,0,36,1.0,1.0,Taiwanofungaceae
family,100127,0.0,0.025513207991521764,4.735556140867328,0.2905771718773189,77.17568389293244,0,39,1.0,1.0,Euplotidae
family,44164,0.0,0.019625544608862896,6.133294540201056,0.3744153412088822,100.46944603125601,0,30,1.0,1.0,Primnoidae
family,30274,0.0,0.017662990147976607,6.802514743518415,0.41425020102343746,111.70593694694989,0,27,1.0,1.0,Ascidiidae
family,1898022,0.0,0.03990527403802122,3.0410982077997035,0.1877719417860069,49.252717000830245,0,61,1.0,1.0,Taccaceae
family,227336,0.0,0.020279729429158327,5.938547920188067,0.36278609655577165,97.20976557586583,0,31,1.0,1.0,Suillaceae
family,252956,0.0,0.10794049534874593,1.129306615093907,0.07022257275828138,18.16130313659659,0,165,1.0,1.0,Hymedesmiidae
family,71377,0.0,0.03336342583506692,3.6318403821701466,0.22375956620198006,58.94838279072905,0,51,1.0,1.0,Phyllidiidae
family,283973,0.0,0.020279729429158327,5.938547920188067,0.36278609655577165,97.20976557586583,0,31,1.0,1.0,Neopeltidae
family,122242,0.0,0.06149337310777041,1.9786999799239702,0.12265415703904475,31.921083680064505,0,94,1.0,1.0,Spirastrellidae
family,3037714,0.0,0.023550653530635474,5.124880535202294,0.31401652500994026,83.64018581271783,0,36,1.0,1.0,Astrogorgiidae
family,54924,0.0,0.0327092410147715,3.7037822509301113,0.22813148245683518,60.13200288960779,0,50,1.0,1.0,Haemodoraceae
family,39998,0.0,0.04710130706127095,2.5795044949985226,0.15954227001501392,41.70583406573954,0,72,1.0,1.0,Melastomataceae
family,39,0.0,0.05429734008452068,2.2395282873665154,0.1386886048620507,36.16365565796518,0,83,1.0,1.0,Archangiaceae
family,37243,0.0,0.03467179547565778,3.4960248916139514,0.21549969568320929,56.715579128943666,0,53,1.0,1.0,Gymnoascaceae
family,2844866,0.0,0.015700435687090317,7.63562560887268,0.46356580011661014,125.77023245503916,0,24,1.0,1.0,Thalassospiraceae
family,7687,0.0,0.0922400596616556,1.3210573891380601,0.08208783859260081,21.260063065585143,0,141,1.0,1.0,Stichopodidae
family,283429,0.0,0.0569140793657024,2.137093897534534,0.13239513035088632,34.49651293650295,0,87,1.0,1.0,Podospongiidae
family,2962669,0.0,0.03336342583506692,3.6318403821701466,0.22375956620198006,58.94838279072905,0,51,1.0,1.0,Malbrancheaceae
family,4630,0.0,0.017008805327681176,7.059259601394887,0.4294804974759218,116.03122007345566,0,26,1.0,1.0,Costaceae
family,3245,0.0,0.045792937420680094,2.652716650607221,0.16402613990736323,42.90112315258417,0,70,1.0,1.0,Selaginellaceae
family,29585,0.0,0.029438316913294345,4.11092579391233,0.25282984209022225,66.84223168965575,0,45,1.0,1.0,Marchantiaceae
family,31441,0.0,0.0634559275686567,1.9177792423814455,0.11890458740468537,30.931331606170016,0,97,1.0,1.0,Solieriaceae
family,5398,0.0,0.022896468710340047,5.269277845777234,0.3226928456601489,86.04246852513235,0,35,1.0,1.0,Bolbitiaceae
family,13806,0.0,0.05756826418599783,2.1129321134922447,0.13090995710385855,34.10345717770626,0,88,1.0,1.0,Lepidoziaceae
family,31465,0.0,0.04710130706127095,2.5795044949985226,0.15954227001501392,41.70583406573954,0,72,1.0,1.0,Sphaerococcaceae
family,41850,0.0,0.015700435687090317,7.63562560887268,0.46356580011661014,125.77023245503916,0,24,1.0,1.0,Calypogeiaceae
family,283990,0.0,0.06868940613102013,1.7722624095784485,0.10994142484948703,28.568977095801795,0,105,1.0,1.0,Dictyodendrillidae
family,2028206,0.0,0.020279729429158327,5.938547920188067,0.36278609655577165,97.20976557586583,0,31,1.0,1.0,Cerrenaceae
family,184208,0.0,0.030746686553885204,3.9377826451072604,0.24233563127626728,63.986183453272886,0,47,1.0,1.0,Psathyrellaceae
family,4613,0.7352941176470589,0.013737881226204026,53.91216931216931,16.018043328634874,181.45299899071475,3,21,3.6354535853056044e-05,0.0019888802817865144,Bromeliaceae
family,188786,0.0,0.013083696405908597,9.125742603815267,0.5510182991635482,151.13686459688856,0,20,1.0,1.0,Thermaceae
family,283401,0.0,0.09616516858342819,1.2672696720121155,0.07876123007220379,20.390392838321983,0,147,1.0,1.0,Phloeodictyidae
family,3037713,0.0,0.032055056194476066,3.778630861862196,0.23267757237753822,61.364105892639024,0,49,1.0,1.0,Anthogorgiidae
family,3424,0.0,0.05102641598304353,2.3822513623712664,0.14744942855762946,38.48859645666024,0,78,1.0,1.0,Canellaceae
family,30948,0.0,0.01635462050738575,7.336141310869513,0.4458729452486765,120.70472072045065,0,25,1.0,1.0,Soleidae
family,36325,0.0,0.09943609268490534,1.2256797158737485,0.0761881083447814,19.7181791035668,0,152,1.0,1.0,Cucumariidae
family,23066,0.0,0.01635462050738575,7.336141310869513,0.4458729452486765,120.70472072045065,0,25,1.0,1.0,Grossulariaceae
family,41867,0.0,0.015046250866794886,7.960597932237818,0.48272014659282364,131.27920988183405,0,23,1.0,1.0,Stilbaceae
family,2589077,0.0,0.028784132092998915,4.203333654229643,0.25842518532972136,68.36800285636681,0,44,1.0,1.0,Lachnaceae
family,63072,0.0,0.021588099069749185,5.583934671806207,0.3415673826641469,91.28601851792796,0,33,1.0,1.0,Dioncophyllaceae
family,6547,0.0,0.05756826418599783,2.1129321134922447,0.13090995710385855,34.10345717770626,0,88,1.0,1.0,Mytilidae
family,111866,0.0,0.024204838350930905,4.988184414524683,0.3057943970748501,81.36834419244289,0,37,1.0,1.0,Perophoridae
family,14101,0.0,0.04906386152215724,2.476958992275082,0.15325779716544768,40.03271587408416,0,75,1.0,1.0,Juncaceae
family,283410,0.0,0.05887663382658869,2.0662104316425136,0.1280373217767016,33.34360238551314,0,90,1.0,1.0,Aplysinellidae
family,85793,0.0,0.10597794088785964,1.150177949345636,0.07151487815562264,18.498378928677827,0,162,1.0,1.0,Dictyonellidae
family,2983429,0.0,0.01635462050738575,7.336141310869513,0.4458729452486765,120.70472072045065,0,25,1.0,1.0,Phaeolaceae
family,42822,0.0,0.017662990147976607,6.802514743518415,0.41425020102343746,111.70593694694989,0,27,1.0,1.0,Actiniidae
family,2762318,0.24509803921568626,0.013737881226204026,17.88241488241488,2.3997711739219074,133.25468923947463,1,21,0.05695891430819862,0.8796987876488453,Weeksellaceae
family,3958,0.24509803921568626,0.07326869987308815,3.350956475956476,0.4668017538353405,24.054985251224064,1,112,0.26015445079593225,1.0,Santalaceae
family,22009,0.0,0.032055056194476066,3.778630861862196,0.23267757237753822,61.364105892639024,0,49,1.0,1.0,Hernandiaceae
family,3623,0.0,0.032055056194476066,3.778630861862196,0.23267757237753822,61.364105892639024,0,49,1.0,1.0,Actinidiaceae
family,1653,0.24509803921568626,0.022896468710340047,10.72846612846613,1.466319140076536,78.49586241071451,1,35,0.09150839850168639,1.0,Corynebacteriaceae
family,4390,0.0,0.020279729429158327,5.938547920188067,0.36278609655577165,97.20976557586583,0,31,1.0,1.0,Eucommiaceae
family,3427,0.0,0.015046250866794886,7.960597932237818,0.48272014659282364,131.27920988183405,0,23,1.0,1.0,Calycanthaceae
family,1182,0.0,0.0438303829597938,2.7706695679767894,0.17124504491152814,44.8282159573068,0,67,1.0,1.0,Scytonemataceae
family,396331,0.0,0.018971359788567465,6.341244320892891,0.38681452837657604,103.95519451148766,0,29,1.0,1.0,Phanerochaetaceae
family,66670,0.0,0.040559458858316653,2.992421052631579,0.18479954051034558,48.455660287377086,0,62,1.0,1.0,Bixaceae
family,168713,0.0,0.01635462050738575,7.336141310869513,0.4458729452486765,120.70472072045065,0,25,1.0,1.0,Bougainvilliidae
family,31365,0.0,0.07065196059190643,1.7232259192617703,0.10691882918102764,27.773476304980917,0,108,1.0,1.0,Bonnemaisoniaceae
family,31979,0.0,0.024204838350930905,4.988184414524683,0.3057943970748501,81.36834419244289,0,37,1.0,1.0,Clostridiaceae
family,261678,0.0,0.04775549188156638,2.544392542818841,0.1573909805799464,41.132810711880076,0,73,1.0,1.0,Raspailiidae
family,42216,0.0,0.018971359788567465,6.341244320892891,0.38681452837657604,103.95519451148766,0,29,1.0,1.0,Hamamelidaceae
family,6592,0.0,0.015700435687090317,7.63562560887268,0.46356580011661014,125.77023245503916,0,24,1.0,1.0,Veneridae
family,1427709,0.0,0.013737881226204026,8.701232529674646,0.5262025995419242,143.88269385475752,0,21,1.0,1.0,Parasphaerascleridae
family,7592,0.0,0.026167392811817194,4.618598606766701,0.2835225230990664,75.23724343753044,0,40,1.0,1.0,Asterinidae
family,6126,0.0,0.015046250866794886,7.960597932237818,0.48272014659282364,131.27920988183405,0,23,1.0,1.0,Acroporidae
family,150780,0.0,0.021588099069749185,5.583934671806207,0.3415673826641469,91.28601851792796,0,33,1.0,1.0,Astraeaceae
family,71495,0.0,0.013083696405908597,9.125742603815267,0.5510182991635482,151.13686459688856,0,20,1.0,1.0,Limapontiidae
family,3127,0.0,0.013737881226204026,8.701232529674646,0.5262025995419242,143.88269385475752,0,21,1.0,1.0,Bryopsidaceae
family,60582,0.0,0.030746686553885204,3.9377826451072604,0.24233563127626728,63.986183453272886,0,47,1.0,1.0,Luidiidae
family,43219,0.0,0.017008805327681176,7.059259601394887,0.4294804974759218,116.03122007345566,0,26,1.0,1.0,Herpotrichiellaceae
family,42451,0.0,0.017008805327681176,7.059259601394887,0.4294804974759218,116.03122007345566,0,26,1.0,1.0,Onchidiidae
family,42392,0.0,0.04710130706127095,2.5795044949985226,0.15954227001501392,41.70583406573954,0,72,1.0,1.0,Sclerodactylidae
family,328234,0.0,0.05756826418599783,2.1129321134922447,0.13090995710385855,34.10345717770626,0,88,1.0,1.0,Subergorgiidae
family,186822,0.0,0.04252201331920294,2.8553075392190754,0.1764211411841665,46.21204175870614,0,65,1.0,1.0,Paenibacillaceae
family,32033,0.0,0.024204838350930905,4.988184414524683,0.3057943970748501,81.36834419244289,0,37,1.0,1.0,Lysobacteraceae
family,4289,0.0,0.020279729429158327,5.938547920188067,0.36278609655577165,97.20976557586583,0,31,1.0,1.0,Nyssaceae
family,55649,0.0,0.029438316913294345,4.11092579391233,0.25282984209022225,66.84223168965575,0,45,1.0,1.0,Astropectinidae
family,2028216,0.0,0.014392066046499457,8.314456684346526,0.5035248109414775,137.29251956148255,0,22,1.0,1.0,Grifolaceae
family,2599947,0.0,0.015046250866794886,7.960597932237818,0.48272014659282364,131.27920988183405,0,23,1.0,1.0,Oscarellidae
family,1003176,0.0,0.032055056194476066,3.778630861862196,0.23267757237753822,61.364105892639024,0,49,1.0,1.0,Kareniaceae
family,3037715,0.0,0.05625989454540697,2.161814335543119,0.13391436804855827,34.89872886279922,0,86,1.0,1.0,Capnellidae
family,186818,0.0,0.022896468710340047,5.269277845777234,0.3226928456601489,86.04246852513235,0,35,1.0,1.0,Caryophanaceae
family,85159,0.0,0.04971804634245267,2.444564443484452,0.15127151475448342,39.504432331807095,0,76,1.0,1.0,Picramniaceae
family,2024004,0.0,0.05364315526422525,2.266688921034086,0.14035652912829014,36.60591136478226,0,82,1.0,1.0,Mycenaceae
family,76784,0.0,0.019625544608862896,6.133294540201056,0.3744153412088822,100.46944603125601,0,30,1.0,1.0,Clionaidae
family,315489,0.0,0.01635462050738575,7.336141310869513,0.4458729452486765,120.70472072045065,0,25,1.0,1.0,Odontasteridae
family,136935,0.0,0.022896468710340047,5.269277845777234,0.3226928456601489,86.04246852513235,0,35,1.0,1.0,Archasteridae
family,161712,0.0,0.0327092410147715,3.7037822509301113,0.22813148245683518,60.13200288960779,0,50,1.0,1.0,Paramuriceidae
family,1898439,0.0,0.030746686553885204,3.9377826451072604,0.24233563127626728,63.986183453272886,0,47,1.0,1.0,Periconiaceae
family,37393,0.0,0.020933914249453754,5.755785707560493,0.35185724898147364,94.15485742373322,0,32,1.0,1.0,Aytoniaceae
family,80649,0.0,0.030092501733589773,4.022492465221569,0.24747157536688544,65.38304695711498,0,46,1.0,1.0,Hymenogastraceae
family,86525,0.0,0.013083696405908597,9.125742603815267,0.5510182991635482,151.13686459688856,0,20,1.0,1.0,Tubiporidae
family,16362,0.0,0.013083696405908597,9.125742603815267,0.5510182991635482,151.13686459688856,0,20,1.0,1.0,Potamogetonaceae
family,26958,0.0,0.015046250866794886,7.960597932237818,0.48272014659282364,131.27920988183405,0,23,1.0,1.0,Resedaceae
family,65055,0.0,0.03990527403802122,3.0410982077997035,0.1877719417860069,49.252717000830245,0,61,1.0,1.0,Lejeuneaceae
family,4313,0.0,0.015700435687090317,7.63562560887268,0.46356580011661014,125.77023245503916,0,24,1.0,1.0,Dichapetalaceae
family,106737,0.0,0.045792937420680094,2.652716650607221,0.16402613990736323,42.90112315258417,0,70,1.0,1.0,Goniasteridae
family,984539,0.0,0.013083696405908597,9.125742603815267,0.5510182991635482,151.13686459688856,0,20,1.0,1.0,Myliaceae
family,41954,0.0,0.026167392811817194,4.618598606766701,0.2835225230990664,75.23724343753044,0,40,1.0,1.0,Amanitaceae
family,20008,0.7352941176470589,0.030092501733589773,24.60805152979066,7.622518021105482,79.44306571872289,3,46,0.00031498101681656625,0.011675296356667388,Styracaceae
family,73096,0.0,0.030746686553885204,3.9377826451072604,0.24233563127626728,63.986183453272886,0,47,1.0,1.0,Galaxauraceae
family,1344966,0.0,0.013737881226204026,8.701232529674646,0.5262025995419242,143.88269385475752,0,21,1.0,1.0,Phycomycetaceae
family,53009,0.0,0.013083696405908597,9.125742603815267,0.5510182991635482,151.13686459688856,0,20,1.0,1.0,Hypnaceae
family,129258,0.0,0.015700435687090317,7.63562560887268,0.46356580011661014,125.77023245503916,0,24,1.0,1.0,Chondrillidae
family,1115744,0.0,0.015046250866794886,7.960597932237818,0.48272014659282364,131.27920988183405,0,23,1.0,1.0,Physaraceae
family,942713,0.0,0.035980165116248644,3.3699979048816258,0.2078277028928345,54.64567870801458,0,55,1.0,1.0,Heteroxyidae
family,2609812,0.0,0.014392066046499457,8.314456684346526,0.5035248109414775,137.29251956148255,0,22,1.0,1.0,Podosporaceae
family,97151,0.0,0.022242283890044616,5.422046014936228,0.3318620573885193,88.58675565211773,0,34,1.0,1.0,Notheiaceae
family,156309,0.0,0.017662990147976607,6.802514743518415,0.41425020102343746,111.70593694694989,0,27,1.0,1.0,Colletidae
family,159415,0.0,0.036634349936544075,3.310330260720746,0.2041928915688953,53.6663463201221,0,56,1.0,1.0,Clavelinidae
family,693765,0.24509803921568626,0.012429511585613168,19.76503297555929,2.6397442068184365,147.99029675522496,1,19,0.051917426109032536,0.8760182423348184,Lygodiaceae
family,283495,0.0,0.030746686553885204,3.9377826451072604,0.24233563127626728,63.986183453272886,0,47,1.0,1.0,Iotrochotidae
family,90964,0.0,0.015046250866794886,7.960597932237818,0.48272014659282364,131.27920988183405,0,23,1.0,1.0,Staphylococcaceae
family,68749,0.0,0.017662990147976607,6.802514743518415,0.41425020102343746,111.70593694694989,0,27,1.0,1.0,Albatrellaceae
family,6906,0.0,0.019625544608862896,6.133294540201056,0.3744153412088822,100.46944603125601,0,30,1.0,1.0,Agelenidae
family,2028212,0.0,0.013083696405908597,9.125742603815267,0.5510182991635482,151.13686459688856,0,20,1.0,1.0,Laetiporaceae
family,290882,0.0,0.026821577632112625,4.507277580333574,0.27680218497729686,73.39375297143675,0,41,1.0,1.0,Massarinaceae
family,85023,0.24509803921568626,0.025513207991521764,9.627858627858627,1.3196225109291486,70.24407433968724,1,39,0.10114569583313449,1.0,Microbacteriaceae
family,453448,0.0,0.020933914249453754,5.755785707560493,0.35185724898147364,94.15485742373322,0,32,1.0,1.0,Trimusculidae
family,63070,0.0,0.06411011238895213,1.8982969760607398,0.11770512966107005,30.614905397051583,0,98,1.0,1.0,Ancistrocladaceae
family,2854170,0.24509803921568626,0.020933914249453754,11.734490171990172,1.5996799794369057,86.0786290799265,1,32,0.08421284391646962,1.0,Roseobacteraceae
family,283512,0.0,0.013737881226204026,8.701232529674646,0.5262025995419242,143.88269385475752,0,21,1.0,1.0,Polymastiidae
family,283583,0.0,0.017008805327681176,7.059259601394887,0.4294804974759218,116.03122007345566,0,26,1.0,1.0,Scleritodermidae
family,29619,0.0,0.024859023171226336,4.858589391025132,0.2979917108340321,79.21660238304207,0,38,1.0,1.0,Hymenophyllaceae
family,8418,0.0,0.018317174968272038,6.563787068650819,0.4000627239996083,107.69136462368809,0,28,1.0,1.0,Hylidae
family,3135,0.0,0.020933914249453754,5.755785707560493,0.35185724898147364,94.15485742373322,0,32,1.0,1.0,Dasycladaceae
family,629717,0.0,0.015046250866794886,7.960597932237818,0.48272014659282364,131.27920988183405,0,23,1.0,1.0,Peraceae
family,27223,0.0,0.013083696405908597,9.125742603815267,0.5510182991635482,151.13686459688856,0,20,1.0,1.0,Vochysiaceae
family,117497,0.0,0.029438316913294345,4.11092579391233,0.25282984209022225,66.84223168965575,0,45,1.0,1.0,Cephalodiscidae
family,133432,0.0,0.03794271957713493,3.1971147307744614,0.19729165725367032,51.80929971404,0,58,1.0,1.0,Acanthasteridae
family,44299,0.0,0.028784132092998915,4.203333654229643,0.25842518532972136,68.36800285636681,0,44,1.0,1.0,Dendrophylliidae
family,44928,0.0,0.017008805327681176,7.059259601394887,0.4294804974759218,116.03122007345566,0,26,1.0,1.0,Parazoanthidae
family,53020,0.0,0.013737881226204026,8.701232529674646,0.5262025995419242,143.88269385475752,0,21,1.0,1.0,Trichocoleaceae
family,991070,0.0,0.020933914249453754,5.755785707560493,0.35185724898147364,94.15485742373322,0,32,1.0,1.0,Catenicellidae
family,283967,0.0,0.018971359788567465,6.341244320892891,0.38681452837657604,103.95519451148766,0,29,1.0,1.0,Trachycladidae
family,1570301,0.0,0.023550653530635474,5.124880535202294,0.31401652500994026,83.64018581271783,0,36,1.0,1.0,Saccotheciaceae
family,60885,0.0,0.023550653530635474,5.124880535202294,0.31401652500994026,83.64018581271783,0,36,1.0,1.0,Rossellidae
family,190922,0.0,0.01635462050738575,7.336141310869513,0.4458729452486765,120.70472072045065,0,25,1.0,1.0,Hexabranchidae
family,34672,0.0,0.013083696405908597,9.125742603815267,0.5510182991635482,151.13686459688856,0,20,1.0,1.0,Meloidae
family,147544,0.0,0.015046250866794886,7.960597932237818,0.48272014659282364,131.27920988183405,0,23,1.0,1.0,Teichosporaceae
genus,13336,0.0,0.44092056887911973,0.2761708432648328,0.017227124058326642,4.427339955954168,0,674,0.4328329933168601,1.0,Annona
genus,1883,1.9607843137254901,4.873676911200953,0.39036778523489934,0.19380549479583756,0.786288375929336,8,7450,0.003701863448054298,0.20701959436426728,Streptomyces
genus,86044,0.49019607843137253,0.279991103086444,1.7544542148151558,0.4358789045370278,7.061845755421688,2,428,0.317423687187983,1.0,Plakortis
genus,1386,0.0,0.21718936033808273,0.5614912434083986,0.03498803582156812,9.010863542958942,0,332,1.0,1.0,Bacillus
genus,4219,2.450980392156863,0.6051209587732727,4.127040608447643,2.1961530143666548,7.755590831947498,10,925,0.0002448129251198778,0.01977544406246124,Artemisia
genus,3812,0.0,0.1118656042705185,1.0897545239463158,0.06777304983417837,17.522671996716973,0,171,1.0,1.0,Albizia
genus,41385,0.0,0.022242283890044616,5.422046014936228,0.3318620573885193,88.58675565211773,0,34,1.0,1.0,Caryopteris
genus,53862,0.0,0.13868718190263113,0.8792598459212326,0.054724714778246114,14.127033457956868,0,212,1.0,1.0,Dalbergia
genus,3990,0.0,1.0048278839737803,0.12054809907111372,0.007523941347510572,1.9314138054076095,0,1536,0.039650634860537035,1.0,Euphorbia
genus,13097,0.0,0.13672462744174485,0.891868206343132,0.05550686577143446,14.330279442567043,0,209,1.0,1.0,Illicium
genus,3045828,0.0,0.028784132092998915,4.203333654229643,0.25842518532972136,68.36800285636681,0,44,1.0,1.0,Leucetta
genus,531987,0.0,0.01635462050738575,7.336141310869513,0.4458729452486765,120.70472072045065,0,25,1.0,1.0,Stoechospermum
genus,5052,0.49019607843137253,1.4333189412672869,0.338759322171085,0.08438052969833533,1.3600042423065866,2,2191,0.1394972593087285,1.0,Aspergillus
genus,4085,3.676470588235294,0.18775104342478838,20.290847674016543,11.961564373379533,34.42012152243415,15,287,7.861420672132757e-15,1.905084276213505e-12,Nicotiana
genus,3689,0.0,0.031400871374180635,3.856566013451274,0.23740845520212414,62.64773258999906,0,48,1.0,1.0,Populus
genus,6057,0.0,0.18317174968272038,0.6658092189807936,0.041472367653376724,10.689091102415524,0,280,1.0,1.0,Haliclona
genus,5149,0.0,0.18317174968272038,0.6658092189807936,0.041472367653376724,10.689091102415524,0,280,1.0,1.0,Chaetomium
genus,183055,0.0,0.020933914249453754,5.755785707560493,0.35185724898147364,94.15485742373322,0,32,1.0,1.0,Neurolaena
genus,46246,0.0,0.20083473983069697,0.607240449393478,0.03783239064193112,9.746700039909799,0,307,1.0,1.0,Delphinium
genus,13215,0.0,0.2570946343761039,0.4742596570027948,0.02956193660270485,7.608507699723193,0,393,0.6315826068899912,1.0,Piper
genus,77185,0.0,0.036634349936544075,3.310330260720746,0.2041928915688953,53.6663463201221,0,56,1.0,1.0,Penares
genus,204130,0.0,0.5423192160249114,0.2243369684145601,0.013996488542002248,3.5956929658755588,0,829,0.29042119621111256,1.0,Isodon
genus,25624,0.0,0.021588099069749185,5.583934671806207,0.3415673826641469,91.28601851792796,0,33,1.0,1.0,Amentotaxus
genus,41503,0.0,0.1707422380971072,0.7142743469906925,0.04448322283971712,11.469219409018537,0,261,1.0,1.0,Centaurea
genus,71045,0.0,0.028784132092998915,4.203333654229643,0.25842518532972136,68.36800285636681,0,44,1.0,1.0,Grindelia
genus,286,0.0,0.2884955057502846,0.42256494564125024,0.026344697250368927,6.777877596687591,0,441,0.6362478731369523,1.0,Pseudomonas
genus,3784,0.0,0.07130614541220186,1.7074775182620456,0.10594786937417709,27.51805668761198,0,109,1.0,1.0,Sedum
genus,55669,0.0,0.1360704426214494,0.8961516221539293,0.055772567923512435,14.399332141035519,0,208,1.0,1.0,Stevia
genus,360971,0.0,0.022896468710340047,5.269277845777234,0.3226928456601489,86.04246852513235,0,35,1.0,1.0,Carijoa
genus,68543,0.0,0.055605709725111536,2.187113029411554,0.1354688557389249,35.31042893460664,0,85,1.0,1.0,Glycosmis
genus,9605,7.352941176470588,0.6443720479909985,12.237289501248892,8.393670432583587,17.840973807603095,30,985,6.9312665262596195e-22,2.5195153822953715e-19,Homo
genus,3841,0.0,0.1642003898941529,0.7427235850502858,0.046250104722435834,11.92728810238457,0,251,1.0,1.0,Erythrina
genus,21880,0.49019607843137253,0.5436275856655022,0.9012288595258843,0.22425286910458997,3.62186428421353,2,831,1.0,1.0,Salvia
genus,3368,0.24509803921568626,0.020279729429158327,12.113101371165888,1.6496900678772353,88.94229751709928,1,31,0.08176802837214979,1.0,Cryptomeria
genus,161755,0.24509803921568626,0.07196033023249729,3.411927630109448,0.4752201038366748,24.496543936418096,1,110,0.25619688447285044,1.0,Isatis
genus,21013,0.0,0.018317174968272038,6.563787068650819,0.4000627239996083,107.69136462368809,0,28,1.0,1.0,Mimosa
genus,4074,0.0,0.08111891771663331,1.501609866639139,0.09324478756381688,24.18185777993009,0,124,1.0,1.0,Datura
genus,5318,0.0,0.03925108921772579,3.0913845251221463,0.1908414801675602,50.07642087964242,0,60,1.0,1.0,Irpex
genus,41629,0.24509803921568626,0.07130614541220186,3.4432522597660213,0.47954408992448777,24.7234537417628,1,109,0.25421018922805855,1.0,Saussurea
genus,47097,0.0,0.12756603995760882,0.955823657758564,0.05947317437327595,15.361528527077958,0,195,1.0,1.0,Tephrosia
genus,429487,0.0,0.04840967670186181,2.510223193382238,0.15529690715348807,40.57531213011407,0,74,1.0,1.0,Anodendron
genus,7459,0.0,0.017008805327681176,7.059259601394887,0.4294804974759218,116.03122007345566,0,26,1.0,1.0,Apis
genus,124946,0.0,0.024859023171226336,4.858589391025132,0.2979917108340321,79.21660238304207,0,38,1.0,1.0,Cedrela
genus,81539,0.0,0.04513875260038466,2.6909028468779446,0.16636388525762877,43.52481982566455,0,69,1.0,1.0,Clathria
genus,58227,0.0,0.42587431801232484,0.28596375373279437,0.01783734486284179,4.584497809385409,0,651,0.42695435120265,1.0,Garcinia
genus,128634,0.0,0.021588099069749185,5.583934671806207,0.3415673826641469,91.28601851792796,0,33,1.0,1.0,Licaria
genus,53907,0.0,0.017662990147976607,6.802514743518415,0.41425020102343746,111.70593694694989,0,27,1.0,1.0,Ormosia
genus,56018,0.0,0.09747353822401905,1.2502998571329156,0.07771142321740775,20.11608677366769,0,149,1.0,1.0,Petasites
genus,25473,0.0,0.11709908283288195,1.0411315261009946,0.06476076866966313,16.7378318217702,0,179,1.0,1.0,Rubia
genus,24674,0.0,0.019625544608862896,6.133294540201056,0.3744153412088822,100.46944603125601,0,30,1.0,1.0,Schizanthus
genus,81519,0.0,0.0438303829597938,2.7706695679767894,0.17124504491152814,44.8282159573068,0,67,1.0,1.0,Sphaeranthus
genus,41549,0.0,0.023550653530635474,5.124880535202294,0.31401652500994026,83.64018581271783,0,36,1.0,1.0,Cirsium
genus,49990,0.24509803921568626,0.021588099069749185,11.378825106097834,1.5526115098989681,83.3934696282058,1,33,0.08665116599148746,1.0,Thymus
genus,55962,0.24509803921568626,0.3931650769975534,0.6224719652340285,0.08732999001755587,4.436864671854657,1,601,1.0,1.0,Hypericum
genus,3828,0.0,0.07065196059190643,1.7232259192617703,0.10691882918102764,27.773476304980917,0,108,1.0,1.0,Crotalaria
genus,21896,0.24509803921568626,0.18971359788567466,1.2926544098957893,0.1810374885000246,9.22988623664432,1,290,0.5399414806447347,1.0,Teucrium
genus,13492,0.0,0.10990304980963221,1.1091784737532189,0.06897609506059538,17.836279156666144,0,168,1.0,1.0,Diospyros
genus,4650,0.7352941176470589,0.15700435687090317,4.710555555555556,1.502305823392888,14.770184137249581,3,240,0.027682091836687,1.0,Zingiber
genus,4295,0.0,0.15177087830853972,0.8035193008778511,0.050024665438736904,12.906498448728712,0,232,1.0,1.0,Ilex
genus,86542,0.0,0.4311077965746883,0.2824800510011386,0.017620271680180672,4.528589607580198,0,659,0.42890991742747114,1.0,Briareum
genus,49188,0.0,0.3447554002956915,0.35347328974922704,0.022042829965363563,5.668208971464534,0,527,0.6544173832563829,1.0,Aconitum
genus,59430,0.0,0.1707422380971072,0.7142743469906925,0.04448322283971712,11.469219409018537,0,261,1.0,1.0,Helichrysum
genus,37428,0.0,0.08569821145870131,1.421611106198603,0.08830323267812325,22.8867967340895,0,131,1.0,1.0,Huperzia
genus,24663,0.0,0.16550875953474375,0.7368541761725078,0.045885606890218804,11.832775324120293,0,253,1.0,1.0,Physalis
genus,174969,0.0,0.1072863105284505,1.136179141569907,0.07064812596247806,18.27228994615006,0,164,1.0,1.0,Uvaria
genus,58949,0.24509803921568626,0.06280174274836127,3.9098587223587224,0.5438701598545618,28.107802849291318,1,96,0.22789629166987546,1.0,Crocus
genus,6065,0.0,0.023550653530635474,5.124880535202294,0.31401652500994026,83.64018581271783,0,36,1.0,1.0,Hymeniacidon
genus,6668,0.0,0.018317174968272038,6.563787068650819,0.4000627239996083,107.69136462368809,0,28,1.0,1.0,Daphnia
genus,31451,0.0,0.11448234355170023,1.0648889167861015,0.06623271669938337,17.12127271240913,0,175,1.0,1.0,Plocamium
genus,22027,0.0,0.09681935340372362,1.2587276271486798,0.07823280842258058,20.252311930170162,0,148,1.0,1.0,Cryptocarya
genus,37818,0.24509803921568626,0.1511166934882443,1.6234404416222599,0.2271688563879021,11.601761391950358,1,231,0.4614459273327399,1.0,Dendrobium
genus,261082,0.0,0.07261451505279272,1.6768281638500255,0.10405787424882876,27.02104681051849,0,111,1.0,1.0,Goniothalamus
genus,43710,0.24509803921568626,0.16289202025356203,1.5059056866285783,0.21078657731617936,10.758521561924066,1,249,0.4867140646113053,1.0,Murraya
genus,5314,0.0,0.6038125891326818,0.2013778670496137,0.01256512683900286,3.2274282509885186,0,923,0.18705433589495746,1.0,Ganoderma
genus,13344,0.0,0.08700658109929217,1.4002952246044953,0.08698604856407877,22.541852957094598,0,133,1.0,1.0,Ardisia
genus,164925,0.0,0.03859690439743036,3.143361138825175,0.19401299614893774,50.92813082218049,0,59,1.0,1.0,Melaleuca
genus,57654,0.0,0.04775549188156638,2.544392542818841,0.1573909805799464,41.132810711880076,0,73,1.0,1.0,Sapindus
genus,86539,0.0,0.12364093103583625,0.9861259579580356,0.061351768809813155,15.850307559561545,0,189,1.0,1.0,Xenia
genus,613,0.0,0.015046250866794886,7.960597932237818,0.48272014659282364,131.27920988183405,0,23,1.0,1.0,Serratia
genus,53171,0.0,0.035980165116248644,3.3699979048816258,0.2078277028928345,54.64567870801458,0,55,1.0,1.0,Stachys
genus,59979,0.0,0.09158587484136019,1.3304686445070717,0.08266976031329251,21.412264984296343,0,140,1.0,1.0,Maesa
genus,322846,0.0,0.04644712224097552,2.615598599686727,0.1617531528194653,42.29503979016031,0,71,1.0,1.0,Trididemnum
genus,36011,0.0,0.015046250866794886,7.960597932237818,0.48272014659282364,131.27920988183405,0,23,1.0,1.0,Nageia
genus,3363,0.0,0.06672685167013384,1.8241693285965908,0.11313975805741625,29.411356330670657,0,102,1.0,1.0,Podocarpus
genus,3676,0.24509803921568626,0.0569140793657024,4.31458103871897,0.5995387001433872,31.04988808098811,1,87,0.2091384098746505,1.0,Trichosanthes
genus,3482,0.0,0.08700658109929217,1.4002952246044953,0.08698604856407877,22.541852957094598,0,133,1.0,1.0,Cannabis
genus,3764,0.24509803921568626,0.08373565699781502,2.931779791154791,0.40885328091968826,21.023024994416083,1,128,0.29106804307782097,1.0,Rosa
genus,40470,0.0,0.03990527403802122,3.0410982077997035,0.1877719417860069,49.252717000830245,0,61,1.0,1.0,Phellinus
genus,53892,0.0,0.07653962397456529,1.591140394281101,0.0987716551373077,25.632128476469564,0,117,1.0,1.0,Lespedeza
genus,99568,0.7352941176470589,0.1687796836362209,4.381395348837209,1.3980119890781364,13.731373802788902,3,258,0.03316545837046519,1.0,Curcuma
genus,418401,0.0,0.015046250866794886,7.960597932237818,0.48272014659282364,131.27920988183405,0,23,1.0,1.0,Pseudostellaria
genus,13428,0.24509803921568626,0.06214755792806584,3.9510409931462562,0.5495400313017604,28.406893111213726,1,95,0.2258341946557703,1.0,Cinnamomum
genus,3097332,0.0,0.020279729429158327,5.938547920188067,0.36278609655577165,97.20976557586583,0,31,1.0,1.0,Hedera
genus,3573,0.0,0.06149337310777041,1.9786999799239702,0.12265415703904475,31.921083680064505,0,94,1.0,1.0,Silene
genus,106975,0.24509803921568626,0.03925108921772579,6.257248157248157,0.8651244236357547,45.257252519633184,1,60,0.15009312951752768,1.0,Opuntia
genus,4346,0.0,0.11775326765317738,1.035356703295958,0.06440293610275771,16.64463715364638,0,180,1.0,1.0,Rhododendron
genus,316752,0.0,0.03467179547565778,3.4960248916139514,0.21549969568320929,56.715579128943666,0,53,1.0,1.0,Chrozophora
genus,211590,0.0,0.017662990147976607,6.802514743518415,0.41425020102343746,111.70593694694989,0,27,1.0,1.0,Iphiona
genus,201013,0.0,0.03401761065536235,3.562639156029609,0.21955200269001668,57.81043944288514,0,52,1.0,1.0,Chukrasia
genus,1155738,0.0,0.08177310253692874,1.4896350948714323,0.09250528738800595,23.987955483724413,0,125,1.0,1.0,Moorena
genus,561,0.0,0.12102419175465452,1.0074165228780596,0.06267142773271706,16.193791768970776,0,185,1.0,1.0,Escherichia
genus,85180,0.0,0.16289202025356203,0.7486870926675873,0.04662042998944313,12.023320309443156,0,249,1.0,1.0,Celastrus
genus,107394,0.0,0.12037000693435909,1.012883409127849,0.06301024968884388,16.28199865184945,0,184,1.0,1.0,Didemnum
genus,168694,0.0,0.07523125433397443,1.6187138035363249,0.10047306982297145,26.078972030771602,0,115,1.0,1.0,Salinispora
genus,289660,0.0,0.0372885347568395,3.2527380128785057,0.20068298612614216,52.7214826959691,0,57,1.0,1.0,Trigonostemon
genus,3488,0.0,0.10009027750520078,1.2176868578536715,0.07569350886577204,19.589015042477957,0,153,1.0,1.0,Artocarpus
genus,71493,0.0,0.05233478562363439,2.323034583425196,0.1438156260451462,37.523667102039525,0,80,1.0,1.0,Elysia
genus,86520,0.0,0.1838259345030158,0.6634396516302115,0.041325132584143144,10.650956060673527,0,281,1.0,1.0,Clavularia
genus,141490,0.0,0.03532598029595321,3.431855187360336,0.21159420800033213,55.66140084039331,0,54,1.0,1.0,Marsdenia
genus,56016,0.0,0.013737881226204026,8.701232529674646,0.5262025995419242,143.88269385475752,0,21,1.0,1.0,Matricaria
genus,123430,0.0,0.07065196059190643,1.7232259192617703,0.10691882918102764,27.773476304980917,0,108,1.0,1.0,Maytenus
genus,2013,0.0,0.06149337310777041,1.9786999799239702,0.12265415703904475,31.921083680064505,0,94,1.0,1.0,Nocardiopsis
genus,283601,0.0,0.09616516858342819,1.2672696720121155,0.07876123007220379,20.390392838321983,0,147,1.0,1.0,Pseudoceratina
genus,104397,0.0,0.018971359788567465,6.341244320892891,0.38681452837657604,103.95519451148766,0,29,1.0,1.0,Epicoccum
genus,4204,0.0,0.15242506312883516,0.8000728628003952,0.04981073541490626,12.850976410158761,0,233,1.0,1.0,Viburnum
genus,3040157,0.0,0.028784132092998915,4.203333654229643,0.25842518532972136,68.36800285636681,0,44,1.0,1.0,Crambe (in: sponges)
genus,13516,0.0,0.1753215318391752,0.695620759056274,0.04332451228130547,11.168925279254083,0,268,1.0,1.0,Eupatorium
genus,39196,0.0,0.018971359788567465,6.341244320892891,0.38681452837657604,103.95519451148766,0,29,1.0,1.0,Hamigera
genus,23216,0.0,0.041213643678612084,2.9452770362089074,0.18191973740988576,47.68397834960888,0,63,1.0,1.0,Rubus
genus,13673,0.24509803921568626,0.20933914249453756,1.171237714987715,0.1640847896547406,8.360298281736627,1,320,0.5753657439578379,1.0,Schisandra
genus,13625,0.0,0.10270701678638249,1.1867303918711507,0.07377764109892757,19.08883236185667,0,157,1.0,1.0,Paeonia
genus,40339,0.0,0.01635462050738575,7.336141310869513,0.4458729452486765,120.70472072045065,0,25,1.0,1.0,Pellia
genus,4022,0.0,0.022242283890044616,5.422046014936228,0.3318620573885193,88.58675565211773,0,34,1.0,1.0,Acer
genus,201956,0.0,0.12364093103583625,0.9861259579580356,0.061351768809813155,15.850307559561545,0,189,1.0,1.0,Aplidium
genus,3463,0.0,0.0876607659195876,1.389875007393993,0.08634207066799929,22.37324772539201,0,134,1.0,1.0,Corydalis
genus,123484,0.0,0.25513207991521764,0.47791254033604097,0.02978922857316874,7.6672141962134965,0,390,0.6314593558655577,1.0,Tripterygium
genus,361004,0.0,0.028784132092998915,4.203333654229643,0.25842518532972136,68.36800285636681,0,44,1.0,1.0,Paralemnalia
genus,63801,0.0,0.07784799361515615,1.5644899443314915,0.0971268615703757,25.200328172251943,0,119,1.0,1.0,Ocotea
genus,53922,0.24509803921568626,0.1550418024100169,1.5822784810126582,0.22143274315394995,11.306391077561218,1,237,0.470003578207435,1.0,Senna
genus,53864,0.0,0.023550653530635474,5.124880535202294,0.31401652500994026,83.64018581271783,0,36,1.0,1.0,Derris
genus,5097,0.0,0.041213643678612084,2.9452770362089074,0.18191973740988576,47.68397834960888,0,63,1.0,1.0,Monascus
genus,5073,0.0,0.7366121076526541,0.16486816707330523,0.010288465862644106,2.6419402928480635,0,1126,0.08179259281444734,1.0,Penicillium
genus,76958,0.0,0.16092946579267575,0.7578137995585691,0.04718715374212637,12.170298677894296,0,246,1.0,1.0,Clausena
genus,52470,0.24509803921568626,0.28784132092998915,0.8511391556846102,0.11933989167197394,6.070374727092533,1,440,1.0,1.0,Ferula
genus,4119,0.0,0.27279507006319426,0.44692646530684044,0.027860998753319623,7.169278716825151,0,417,0.6333130088052124,1.0,Ipomoea
genus,13426,0.9803921568627451,0.030746686553885204,32.19191068042974,11.544675178995268,89.76598277466277,4,47,1.1199119798195943e-05,0.0010855680124384598,Cichorium
genus,175693,0.0,0.09158587484136019,1.3304686445070717,0.08266976031329251,21.412264984296343,0,140,1.0,1.0,Andrographis
genus,10088,0.0,0.06607266684983841,1.8421534992252082,0.11424759680159877,29.703290132227888,0,101,1.0,1.0,Mus
genus,2364055,0.0,0.08635239627899674,1.4108727281125146,0.08763969608862508,22.713016404332418,0,132,1.0,1.0,Monteverdia
genus,13328,0.0,0.12429511585613168,0.9809430185975835,0.06103048178293713,15.766698502523766,0,190,1.0,1.0,Achillea
genus,20400,0.0,0.20868495767424214,0.5843873249014008,0.036411669009193216,9.379096174338821,0,319,1.0,1.0,Astragalus
genus,1865,0.0,0.04252201331920294,2.8553075392190754,0.1764211411841665,46.21204175870614,0,65,1.0,1.0,Actinoplanes
genus,55597,0.0,0.030746686553885204,3.9377826451072604,0.24233563127626728,63.986183453272886,0,47,1.0,1.0,Ageratum
genus,25641,0.0,0.0942026141225419,1.2936051805703201,0.0803901675314294,20.816157181711695,0,144,1.0,1.0,Aloe
genus,1163,0.0,0.0372885347568395,3.2527380128785057,0.20068298612614216,52.7214826959691,0,57,1.0,1.0,Anabaena
genus,4188,0.0,0.022242283890044616,5.422046014936228,0.3318620573885193,88.58675565211773,0,34,1.0,1.0,Barleria
genus,4221,0.0,0.09616516858342819,1.2672696720121155,0.07876123007220379,20.390392838321983,0,147,1.0,1.0,Carthamus
genus,2706,0.7352941176470589,0.1184074524734728,6.248455084919173,1.9882385118212802,19.63707609329408,3,181,0.013412316269564633,0.5909547835135447,Citrus
genus,13432,0.0,0.05168060080333896,2.3522705403262436,0.14560987221472704,38.00001064987604,0,79,1.0,1.0,Clerodendrum
genus,79331,0.0,0.05625989454540697,2.161814335543119,0.13391436804855827,34.89872886279922,0,86,1.0,1.0,Cordia
genus,130251,0.0,0.018971359788567465,6.341244320892891,0.38681452837657604,103.95519451148766,0,29,1.0,1.0,Dicoma
genus,4163,0.0,0.04971804634245267,2.444564443484452,0.15127151475448342,39.504432331807095,0,76,1.0,1.0,Digitalis
genus,56524,0.0,0.04252201331920294,2.8553075392190754,0.1764211411841665,46.21204175870614,0,65,1.0,1.0,Dittrichia
genus,39166,0.0,0.026167392811817194,4.618598606766701,0.2835225230990664,75.23724343753044,0,40,1.0,1.0,Dracocephalum
genus,167916,0.0,0.019625544608862896,6.133294540201056,0.3744153412088822,100.46944603125601,0,30,1.0,1.0,Duranta
genus,53718,0.0,0.01635462050738575,7.336141310869513,0.4458729452486765,120.70472072045065,0,25,1.0,1.0,Eclipta
genus,41574,0.0,0.01635462050738575,7.336141310869513,0.4458729452486765,120.70472072045065,0,25,1.0,1.0,Erigeron
genus,4306,0.0,0.07261451505279272,1.6768281638500255,0.10405787424882876,27.02104681051849,0,111,1.0,1.0,Euonymus
genus,5506,0.0,0.2826078423676257,0.4313836749421612,0.026893621204986354,6.919554402443239,0,432,0.6350163610891629,1.0,Fusarium
genus,49818,0.0,0.013083696405908597,9.125742603815267,0.5510182991635482,151.13686459688856,0,20,1.0,1.0,Genista
genus,16751,0.49019607843137253,0.019625544608862896,25.095566502463054,5.977639561247294,105.35721527313599,2,30,0.0033255878882698705,0.1934161915817757,Houttuynia
genus,1336932,0.0,0.07392288469338358,1.6472589628974599,0.10223408052315927,26.54165887696647,0,113,1.0,1.0,Jaspis
genus,2063,0.0,0.05625989454540697,2.161814335543119,0.13391436804855827,34.89872886279922,0,86,1.0,1.0,Kitasatospora
genus,99900,0.0,0.541665031204616,0.22460922062774372,0.014013460368520154,3.6000602752145237,0,828,0.29018844245875364,1.0,Laurencia
genus,4239,0.0,0.22242283890044615,0.5482703274937677,0.03416587545715067,8.798262827689662,0,340,1.0,1.0,Ligularia
genus,320344,0.24509803921568626,0.017662990147976607,13.907998907998907,1.8854474911970143,102.59232067083144,1,27,0.07192348580062548,1.0,Lippia
genus,41229,0.0,0.05298897044392982,2.294516073319266,0.1420650363994175,37.059111405275026,0,81,1.0,1.0,Marrubium
genus,61508,0.0,0.028784132092998915,4.203333654229643,0.25842518532972136,68.36800285636681,0,44,1.0,1.0,Persicaria
genus,58880,0.0,0.035980165116248644,3.3699979048816258,0.2078277028928345,54.64567870801458,0,55,1.0,1.0,Phyllanthus
genus,26867,0.0,0.026167392811817194,4.618598606766701,0.2835225230990664,75.23724343753044,0,40,1.0,1.0,Plantago
genus,46786,0.0,0.017008805327681176,7.059259601394887,0.4294804974759218,116.03122007345566,0,26,1.0,1.0,Polygonum
genus,56534,0.0,0.08438984181811045,1.4435853934017948,0.08966088450593022,23.242451817494413,0,129,1.0,1.0,Pulicaria
genus,107239,0.0,0.0327092410147715,3.7037822509301113,0.22813148245683518,60.13200288960779,0,50,1.0,1.0,Scoparia
genus,4139,0.24509803921568626,0.2080307728539467,1.1786194427703862,0.1651157629444873,8.413150665351145,1,318,0.5730911978981452,1.0,Scutellaria
genus,3705,0.24509803921568626,0.08111891771663331,3.02643259094872,0.4219494651727233,21.70708813153077,1,124,0.28346260009300234,1.0,Brassica
genus,99105,0.24509803921568626,0.0942026141225419,2.6057534807534806,0.3636948127703981,18.669364984167093,1,144,0.3206929800719098,1.0,Tanacetum
genus,111782,0.0,0.021588099069749185,5.583934671806207,0.3415673826641469,91.28601851792796,0,33,1.0,1.0,Tolypothrix
genus,43574,0.0,0.08504402663840588,1.4325140571289223,0.08897688445927684,23.06325442099711,0,130,1.0,1.0,Uncaria
genus,4173,0.0,0.03401761065536235,3.562639156029609,0.21955200269001668,57.81043944288514,0,52,1.0,1.0,Veronica
genus,1465383,0.0,0.027475762452408053,4.401195190438476,0.27039294578907297,71.6384040560335,0,42,1.0,1.0,Volkameria
genus,68528,0.0,0.022242283890044616,5.422046014936228,0.3318620573885193,88.58675565211773,0,34,1.0,1.0,Boronia
genus,205093,0.0,0.12167837657494995,1.0020082627542732,0.062336225765618605,16.10653430323018,0,186,1.0,1.0,Cladiella
genus,3582,0.0,0.06868940613102013,1.7722624095784485,0.10994142484948703,28.568977095801795,0,105,1.0,1.0,Portulaca
genus,3701,0.24509803921568626,0.18317174968272038,1.3389083889083888,0.18749284054594265,9.56130201382269,1,280,0.527490103352973,1.0,Arabidopsis
genus,16046,0.0,0.017662990147976607,6.802514743518415,0.41425020102343746,111.70593694694989,0,27,1.0,1.0,Chlorophytum
genus,3504,0.0,0.06934359095131556,1.755609955120359,0.10891509517435359,28.298798339970332,0,106,1.0,1.0,Betula
genus,13596,0.0,0.05625989454540697,2.161814335543119,0.13391436804855827,34.89872886279922,0,86,1.0,1.0,Ligustrum
genus,3526,0.0,0.09812772304431448,1.2419840840608822,0.0771969348416262,19.98168020822489,0,150,1.0,1.0,Phytolacca
genus,49647,0.0,0.026167392811817194,4.618598606766701,0.2835225230990664,75.23724343753044,0,40,1.0,1.0,Primula
genus,46977,0.0,0.03532598029595321,3.431855187360336,0.21159420800033213,55.66140084039331,0,54,1.0,1.0,Pulsatilla
genus,58440,0.0,0.017662990147976607,6.802514743518415,0.41425020102343746,111.70593694694989,0,27,1.0,1.0,Tarenna
genus,4038,0.24509803921568626,0.050372231162748096,4.875235329780784,0.6764621099758932,35.135625736066366,1,77,0.18776270702910758,1.0,Daucus
genus,3564,0.24509803921568626,0.031400871374180635,7.822174447174447,1.0771293729133904,56.80507339293281,1,48,0.1224583722304044,1.0,Amaranthus
genus,40459,0.0,0.06738103649042927,1.8065326781733573,0.11205318361379654,29.12510124260651,0,103,1.0,1.0,Hericium
genus,4678,2.9411764705882355,0.219151914798969,13.797105382180009,7.692436570916004,24.746400593890456,12,335,2.540202835298676e-10,3.693454922524275e-08,Allium
genus,3588,0.0,0.017662990147976607,6.802514743518415,0.41425020102343746,111.70593694694989,0,27,1.0,1.0,Basella
genus,4464,0.24509803921568626,0.05756826418599783,4.265523788251061,0.592797233307826,30.692945523056434,1,88,0.21124486838911902,1.0,Acorus
genus,3815,0.49019607843137253,0.059530818646884115,8.269961565528067,2.0303283987913727,33.68532121996838,2,91,0.02578799933188029,1.0,Abrus
genus,20685,0.0,0.01635462050738575,7.336141310869513,0.4458729452486765,120.70472072045065,0,25,1.0,1.0,Indigofera
genus,109562,0.0,0.0327092410147715,3.7037822509301113,0.22813148245683518,60.13200288960779,0,50,1.0,1.0,Euryops
genus,21496,0.0,0.08242728735722417,1.4778496475585507,0.09177741491912154,23.797135523087118,0,126,1.0,1.0,Gentiana
genus,155231,0.0,0.11906163729376823,1.023996914873996,0.0636989906907136,16.461323331836226,0,182,1.0,1.0,Sideritis
genus,39241,0.0,0.05625989454540697,2.161814335543119,0.13391436804855827,34.89872886279922,0,86,1.0,1.0,Swertia
genus,3808,0.0,0.0680352213107247,1.7892335712988938,0.1109872670660278,28.844360774812706,0,104,1.0,1.0,Acacia
genus,4246,0.0,0.059530818646884115,2.0436155199282995,0.12664774013661192,32.976225148485604,0,91,1.0,1.0,Arnica
genus,41479,0.0,0.10990304980963221,1.1091784737532189,0.06897609506059538,17.836279156666144,0,168,1.0,1.0,Aster
genus,41487,0.24509803921568626,0.20214310947128783,1.2130197275828343,0.16991977598360383,8.659479751474692,1,309,0.5627044022043055,1.0,Baccharis
genus,22774,0.0,0.05102641598304353,2.3822513623712664,0.14744942855762946,38.48859645666024,0,78,1.0,1.0,Berberis
genus,73121,0.0,0.1269118551373134,0.9607442112185468,0.05977825328152373,15.440890101672444,0,194,1.0,1.0,Calophyllum
genus,23159,0.0,0.03401761065536235,3.562639156029609,0.21955200269001668,57.81043944288514,0,52,1.0,1.0,Crataegus
genus,53720,0.0,0.04710130706127095,2.5795044949985226,0.15954227001501392,41.70583406573954,0,72,1.0,1.0,Helenium
genus,1006602,0.0,0.031400871374180635,3.856566013451274,0.23740845520212414,62.64773258999906,0,48,1.0,1.0,Phlomoides
genus,13820,0.0,0.025513207991521764,4.735556140867328,0.2905771718773189,77.17568389293244,0,39,1.0,1.0,Pteris
genus,18794,0.0,0.25316952545433136,0.4816219844434793,0.03002003361403679,7.726831318097364,0,387,0.6313579359958761,1.0,Senecio
genus,137301,0.0,0.014392066046499457,8.314456684346526,0.5035248109414775,137.29251956148255,0,22,1.0,1.0,Styphnolobium
genus,40144,0.0,0.06672685167013384,1.8241693285965908,0.11313975805741625,29.411356330670657,0,102,1.0,1.0,Tricholoma
genus,201006,0.0,0.214572621056901,0.568343179281963,0.03541410097787433,9.121055187540666,0,328,1.0,1.0,Aglaia
genus,142579,0.0,0.013737881226204026,8.701232529674646,0.5262025995419242,143.88269385475752,0,21,1.0,1.0,Bonamia
genus,200992,0.0,0.021588099069749185,5.583934671806207,0.3415673826641469,91.28601851792796,0,33,1.0,1.0,Fumaria
genus,23109,0.0,0.03401761065536235,3.562639156029609,0.21955200269001668,57.81043944288514,0,52,1.0,1.0,Hydrangea
genus,306424,0.0,0.022896468710340047,5.269277845777234,0.3226928456601489,86.04246852513235,0,35,1.0,1.0,Syzygiella
genus,3468,0.0,0.069997775771611,1.7392673137684667,0.1079077370193933,28.03367832836409,0,107,1.0,1.0,Papaver
genus,71962,0.0,0.031400871374180635,3.856566013451274,0.23740845520212414,62.64773258999906,0,48,1.0,1.0,Omphalotus
genus,3445,0.0,0.014392066046499457,8.314456684346526,0.5035248109414775,137.29251956148255,0,22,1.0,1.0,Ranunculus
genus,178174,0.0,0.06149337310777041,1.9786999799239702,0.12265415703904475,31.921083680064505,0,94,1.0,1.0,Syzygium
genus,53845,0.0,0.014392066046499457,8.314456684346526,0.5035248109414775,137.29251956148255,0,22,1.0,1.0,Caesalpinia
genus,71297,0.0,0.0327092410147715,3.7037822509301113,0.22813148245683518,60.13200288960779,0,50,1.0,1.0,Chromodoris
genus,3287,0.0,0.054951524904816106,2.2130105089336802,0.13705983462226143,35.731952589525896,0,84,1.0,1.0,Dryopteris
genus,1763,0.0,0.031400871374180635,3.856566013451274,0.23740845520212414,62.64773258999906,0,48,1.0,1.0,Mycobacterium
genus,4697,0.0,0.021588099069749185,5.583934671806207,0.3415673826641469,91.28601851792796,0,33,1.0,1.0,Narcissus
genus,95729,0.0,0.017008805327681176,7.059259601394887,0.4294804974759218,116.03122007345566,0,26,1.0,1.0,Stemphylium
genus,6499,0.0,0.16354620507385748,0.7456934356501196,0.04643453022702176,11.975111996461862,0,250,1.0,1.0,Aplysia
genus,4048,0.0,0.028784132092998915,4.203333654229643,0.25842518532972136,68.36800285636681,0,44,1.0,1.0,Hydrocotyle
genus,83938,0.0,0.023550653530635474,5.124880535202294,0.31401652500994026,83.64018581271783,0,36,1.0,1.0,Crescentia
genus,68815,0.0,0.013737881226204026,8.701232529674646,0.5262025995419242,143.88269385475752,0,21,1.0,1.0,Hydnellum
genus,87005,0.0,0.04840967670186181,2.510223193382238,0.15529690715348807,40.57531213011407,0,74,1.0,1.0,Lantana
genus,211923,0.0,0.020933914249453754,5.755785707560493,0.35185724898147364,94.15485742373322,0,32,1.0,1.0,Newbouldia
genus,49703,0.0,0.025513207991521764,4.735556140867328,0.2905771718773189,77.17568389293244,0,39,1.0,1.0,Bulbine
genus,100370,0.24509803921568626,0.3355968128115555,0.7296722559880454,0.10234113541940773,5.202420307110612,1,513,1.0,1.0,Croton
genus,42360,0.0,0.07850217843545158,1.5514964676963081,0.09632482174481172,24.989833831732746,0,120,1.0,1.0,Daldinia
genus,41585,0.0,0.01635462050738575,7.336141310869513,0.4458729452486765,120.70472072045065,0,25,1.0,1.0,Gutenbergia
genus,2045129,0.0,0.014392066046499457,8.314456684346526,0.5035248109414775,137.29251956148255,0,22,1.0,1.0,Mesosphaerum
genus,26378,0.24509803921568626,0.1596210961520849,1.5368147581262335,0.21509573020575612,10.980225402593273,1,244,0.4798162043965592,1.0,Iris
genus,51812,0.0,0.3885857832554853,0.31349899579272666,0.019552897803659992,5.026447810955741,0,594,0.41610464163569394,1.0,Sarcophyton
genus,39550,0.0,0.026821577632112625,4.507277580333574,0.27680218497729686,73.39375297143675,0,41,1.0,1.0,Yucca
genus,13511,0.0,0.05168060080333896,2.3522705403262436,0.14560987221472704,38.00001064987604,0,79,1.0,1.0,Erythroxylum
genus,19952,0.24509803921568626,0.09681935340372362,2.535261305531576,0.3539207445636793,18.16098656564956,1,148,0.32790419182045377,1.0,Valeriana
genus,77014,0.0,0.07326869987308815,1.6619121447028424,0.10313792152150884,26.77920919838212,0,112,1.0,1.0,Melicope
genus,41589,0.0,0.09878190786460991,1.2337780901713182,0.07668920734948415,19.84905605882526,0,151,1.0,1.0,Inula
genus,35939,0.0,0.04186782849890751,2.89959484975283,0.1791282719939651,46.936478530850756,0,64,1.0,1.0,Impatiens
genus,112054,0.0,0.05233478562363439,2.323034583425196,0.1438156260451462,37.523667102039525,0,80,1.0,1.0,Dictyopteris
genus,13753,0.0,0.030092501733589773,4.022492465221569,0.24747157536688544,65.38304695711498,0,46,1.0,1.0,Vernonia
genus,237077,0.0,0.032055056194476066,3.778630861862196,0.23267757237753822,61.364105892639024,0,49,1.0,1.0,Aaptos
genus,41838,0.0,0.015046250866794886,7.960597932237818,0.48272014659282364,131.27920988183405,0,23,1.0,1.0,Conocephalum
genus,97204,0.0,0.07392288469338358,1.6472589628974599,0.10223408052315927,26.54165887696647,0,113,1.0,1.0,Cystophora
genus,6151,0.0,0.041213643678612084,2.9452770362089074,0.18191973740988576,47.68397834960888,0,63,1.0,1.0,Eunicella
genus,354074,0.0,0.018971359788567465,6.341244320892891,0.38681452837657604,103.95519451148766,0,29,1.0,1.0,Fridericia
genus,21621,0.0,0.031400871374180635,3.856566013451274,0.23740845520212414,62.64773258999906,0,48,1.0,1.0,Heliotropium
genus,71056,0.0,0.04775549188156638,2.544392542818841,0.1573909805799464,41.132810711880076,0,73,1.0,1.0,Heterotheca
genus,99291,0.0,0.028784132092998915,4.203333654229643,0.25842518532972136,68.36800285636681,0,44,1.0,1.0,Hovenia
genus,16718,0.0,0.04644712224097552,2.615598599686727,0.1617531528194653,42.29503979016031,0,71,1.0,1.0,Juglans
genus,97748,0.24509803921568626,0.022896468710340047,10.72846612846613,1.466319140076536,78.49586241071451,1,35,0.09150839850168639,1.0,Kaempferia
genus,23461,4.6568627450980395,0.04448456778008923,109.74920610917889,65.3629860499218,184.27689690302068,19,68,4.650226723114272e-31,6.7614296554081515e-28,Mangifera
genus,43525,0.0,0.032055056194476066,3.778630861862196,0.23267757237753822,61.364105892639024,0,49,1.0,1.0,Nauclea
genus,37564,0.24509803921568626,0.05756826418599783,4.265523788251061,0.592797233307826,30.692945523056434,1,88,0.21124486838911902,1.0,Ruta
genus,3896,0.0,0.18120919522183407,0.6730203888098625,0.04192042389566767,10.805149415499828,0,277,1.0,1.0,Sophora
genus,43894,0.0,0.07915636325574701,1.5387168754501817,0.09553590898359683,24.78282404997775,0,121,1.0,1.0,Trichilia
genus,378919,0.24509803921568626,0.013083696405908597,18.776658476658476,2.514048535340778,140.237111015552,1,20,0.054441521966588774,1.0,Agathosma
genus,25674,0.0,0.0438303829597938,2.7706695679767894,0.17124504491152814,44.8282159573068,0,67,1.0,1.0,Balanophora
genus,3869,0.0,0.07719380879486072,1.5777027201503906,0.0979423588458154,25.414395798741694,0,118,1.0,1.0,Lupinus
genus,26496,0.0,0.29111224503146627,0.4187598822441744,0.026107839085745748,6.716750413591182,0,445,0.6368429703336553,1.0,Strychnos
genus,183008,0.0,0.12364093103583625,0.9861259579580356,0.061351768809813155,15.850307559561545,0,189,1.0,1.0,Calea
genus,46968,0.24509803921568626,0.13214533369967682,1.8568613618118568,0.25967392275171736,13.277937501204024,1,202,0.418100540730302,1.0,Thalictrum
genus,53849,0.0,0.013083696405908597,9.125742603815267,0.5510182991635482,151.13686459688856,0,20,1.0,1.0,Campylotropis
genus,16055,0.0,0.035980165116248644,3.3699979048816258,0.2078277028928345,54.64567870801458,0,55,1.0,1.0,Crinum
genus,3932,0.9803921568627451,0.219151914798969,4.5079651248706964,1.6739848603331597,12.139745136647173,4,335,0.01332487780757072,0.5909547835135447,Eucalyptus
genus,146094,0.0,0.0569140793657024,2.137093897534534,0.13239513035088632,34.49651293650295,0,87,1.0,1.0,Gypsophila
genus,13100,0.0,0.10597794088785964,1.150177949345636,0.07151487815562264,18.498378928677827,0,162,1.0,1.0,Juniperus
genus,21819,3.1862745098039214,0.032055056194476066,102.63854301214157,55.24750931159907,190.6813654211831,13,49,2.0535253368589795e-21,5.971651679585912e-19,Mentha
genus,58889,0.0,0.04840967670186181,2.510223193382238,0.15529690715348807,40.57531213011407,0,74,1.0,1.0,Ononis
genus,63484,0.0,0.07653962397456529,1.591140394281101,0.0987716551373077,25.632128476469564,0,117,1.0,1.0,Periploca
genus,41227,0.24509803921568626,0.05298897044392982,4.6343616343616345,0.6434409877650675,33.37883064093021,1,81,0.19638128956080664,1.0,Plectranthus
genus,81513,0.0,0.015046250866794886,7.960597932237818,0.48272014659282364,131.27920988183405,0,23,1.0,1.0,Pterocaulon
genus,202994,0.0,0.04775549188156638,2.544392542818841,0.1573909805799464,41.132810711880076,0,73,1.0,1.0,Rhodiola
genus,122811,0.0,0.013083696405908597,9.125742603815267,0.5510182991635482,151.13686459688856,0,20,1.0,1.0,Sonneratia
genus,147243,0.0,0.08242728735722417,1.4778496475585507,0.09177741491912154,23.797135523087118,0,126,1.0,1.0,Stephania
genus,5094,0.0,0.14522903010558544,0.8396875386794659,0.05226939971982088,13.48925310780278,0,222,1.0,1.0,Talaromyces
genus,13422,0.24509803921568626,0.08373565699781502,2.931779791154791,0.40885328091968826,21.023024994416083,1,128,0.29106804307782097,1.0,Chrysanthemum
genus,76950,0.0,0.041213643678612084,2.9452770362089074,0.18191973740988576,47.68397834960888,0,63,1.0,1.0,Atalantia
genus,26473,0.24509803921568626,0.05756826418599783,4.265523788251061,0.592797233307826,30.692945523056434,1,88,0.21124486838911902,1.0,Buddleja
genus,3484,0.9803921568627451,0.08242728735722417,12.001885902876001,4.414394690232349,32.630807921271746,4,126,0.0004313742869448699,0.03136091066089204,Humulus
genus,53625,0.0,0.0876607659195876,1.389875007393993,0.08634207066799929,22.37324772539201,0,134,1.0,1.0,Millettia
genus,81542,0.0,0.03401761065536235,3.562639156029609,0.21955200269001668,57.81043944288514,0,52,1.0,1.0,Negombata
genus,2944,0.0,0.028129947272703484,4.299990151802923,0.26427369385824634,69.96502389496219,0,43,1.0,1.0,Prorocentrum
genus,4450,0.0,0.015046250866794886,7.960597932237818,0.48272014659282364,131.27920988183405,0,23,1.0,1.0,Sagittaria
genus,4005,0.0,0.04252201331920294,2.8553075392190754,0.1764211411841665,46.21204175870614,0,65,1.0,1.0,Linum
genus,179012,0.0,0.027475762452408053,4.401195190438476,0.27039294578907297,71.6384040560335,0,42,1.0,1.0,Pachychalina
genus,41619,0.0,0.021588099069749185,5.583934671806207,0.3415673826641469,91.28601851792796,0,33,1.0,1.0,Palafoxia
genus,57937,0.0,0.040559458858316653,2.992421052631579,0.18479954051034558,48.455660287377086,0,62,1.0,1.0,Sanguisorba
genus,49656,0.0,0.05822244900629326,2.0893102575849785,0.12945771533849665,33.7192521978003,0,89,1.0,1.0,Smilax
genus,430986,0.0,0.030092501733589773,4.022492465221569,0.24747157536688544,65.38304695711498,0,46,1.0,1.0,Vepris
genus,41495,0.0,0.05887663382658869,2.0662104316425136,0.1280373217767016,33.34360238551314,0,90,1.0,1.0,Calendula
genus,25628,0.0,0.3146628985621018,0.3873592188832583,0.024152951112149126,6.212373956173542,0,481,0.6433998773711496,1.0,Taxus
genus,41477,0.0,0.023550653530635474,5.124880535202294,0.31401652500994026,83.64018581271783,0,36,1.0,1.0,Arctotis
genus,3132,0.0,0.015046250866794886,7.960597932237818,0.48272014659282364,131.27920988183405,0,23,1.0,1.0,Codium
genus,66679,0.24509803921568626,0.11513652837199566,2.1315333928970293,0.29787287181695754,15.252931820615933,1,176,0.3762890328136015,1.0,Daphne
genus,106722,0.0,0.06083918828747498,1.9998756373585376,0.12395708750880721,32.26521891792633,0,93,1.0,1.0,Dorstenia
genus,55623,0.0,0.05625989454540697,2.161814335543119,0.13391436804855827,34.89872886279922,0,86,1.0,1.0,Gaillardia
genus,295145,0.0,0.015700435687090317,7.63562560887268,0.46356580011661014,125.77023245503916,0,24,1.0,1.0,Guatteria
genus,42308,0.0,0.04971804634245267,2.444564443484452,0.15127151475448342,39.504432331807095,0,76,1.0,1.0,Hypoxylon
genus,102782,0.0,0.04317619813949837,2.812352177874306,0.1737945801637306,45.50961695665673,0,66,1.0,1.0,Liatris
genus,3337,0.0,0.14522903010558544,0.8396875386794659,0.05226939971982088,13.48925310780278,0,222,1.0,1.0,Pinus
genus,41656,0.0,0.04644712224097552,2.615598599686727,0.1617531528194653,42.29503979016031,0,71,1.0,1.0,Ursinia
genus,3883,0.0,0.074577069513679,1.6328617318659704,0.10134593167028771,26.308282843227488,0,114,1.0,1.0,Phaseolus
genus,40948,0.0,0.139995551543222,0.8710502064235235,0.05421539618307788,13.994704743064906,0,214,1.0,1.0,Angelica
genus,21019,0.0,0.020279729429158327,5.938547920188067,0.36278609655577165,97.20976557586583,0,31,1.0,1.0,Castanea
genus,99043,0.0,0.028784132092998915,4.203333654229643,0.25842518532972136,68.36800285636681,0,44,1.0,1.0,Cotula
genus,4387,0.0,0.11055723462992764,1.1026274267681966,0.06857036757303553,17.73050495852306,0,169,1.0,1.0,Daphniphyllum
genus,128717,0.0,0.03336342583506692,3.6318403821701466,0.22375956620198006,58.94838279072905,0,51,1.0,1.0,Hymenoxys
genus,233713,0.0,0.015700435687090317,7.63562560887268,0.46356580011661014,125.77023245503916,0,24,1.0,1.0,Mimusops
genus,282280,0.0,0.054951524904816106,2.2130105089336802,0.13705983462226143,35.731952589525896,0,84,1.0,1.0,Pseudodistoma
genus,59293,0.0,0.08700658109929217,1.4002952246044953,0.08698604856407877,22.541852957094598,0,133,1.0,1.0,Solidago
genus,52858,0.0,0.024859023171226336,4.858589391025132,0.2979917108340321,79.21660238304207,0,38,1.0,1.0,Strophanthus
genus,37991,0.0,0.1184074524734728,1.0296455149019965,0.06404903155138254,16.552473326740138,0,181,1.0,1.0,Xylaria
genus,41660,0.0,0.040559458858316653,2.992421052631579,0.18479954051034558,48.455660287377086,0,62,1.0,1.0,Verbesina
genus,247880,0.0,0.018317174968272038,6.563787068650819,0.4000627239996083,107.69136462368809,0,28,1.0,1.0,Dalea
genus,20145,0.0,0.017662990147976607,6.802514743518415,0.41425020102343746,111.70593694694989,0,27,1.0,1.0,Drypetes
genus,179681,0.0,0.09551098376313276,1.275928331822492,0.0792968315752821,20.530367678080022,0,146,1.0,1.0,Excoecaria
genus,43488,0.0,0.014392066046499457,8.314456684346526,0.5035248109414775,137.29251956148255,0,22,1.0,1.0,Guettarda
genus,41617,0.0,0.015046250866794886,7.960597932237818,0.48272014659282364,131.27920988183405,0,23,1.0,1.0,Osteospermum
genus,69923,0.0,0.032055056194476066,3.778630861862196,0.23267757237753822,61.364105892639024,0,49,1.0,1.0,Penstemon
genus,1622065,0.0,0.030746686553885204,3.9377826451072604,0.24233563127626728,63.986183453272886,0,47,1.0,1.0,Phlegmariurus
genus,3653,1.2254901960784315,0.15177087830853972,8.162381278343458,3.3475902820108967,19.902216974124595,5,232,0.00046987110915077686,0.03158279170294132,Citrullus
genus,59969,0.0,0.01635462050738575,7.336141310869513,0.4458729452486765,120.70472072045065,0,25,1.0,1.0,Aegiceras
genus,99023,0.0,0.015046250866794886,7.960597932237818,0.48272014659282364,131.27920988183405,0,23,1.0,1.0,Ajania
genus,3515,0.0,0.06411011238895213,1.8982969760607398,0.11770512966107005,30.614905397051583,0,98,1.0,1.0,Alnus
genus,25666,0.0,0.024859023171226336,4.858589391025132,0.2979917108340321,79.21660238304207,0,38,1.0,1.0,Araucaria
genus,4216,0.0,0.04710130706127095,2.5795044949985226,0.15954227001501392,41.70583406573954,0,72,1.0,1.0,Arctium
genus,80276,0.0,0.055605709725111536,2.187113029411554,0.1354688557389249,35.31042893460664,0,85,1.0,1.0,Boswellia
genus,39983,0.0,0.03401761065536235,3.562639156029609,0.21955200269001668,57.81043944288514,0,52,1.0,1.0,Bruguiera
genus,12979,0.0,0.022896468710340047,5.269277845777234,0.3226928456601489,86.04246852513235,0,35,1.0,1.0,Butea
genus,112816,0.0,0.20606821839306041,0.5918118740628522,0.03687326103044031,9.498516933250015,0,315,1.0,1.0,Casearia
genus,61134,0.0,0.07784799361515615,1.5644899443314915,0.0971268615703757,25.200328172251943,0,119,1.0,1.0,Ceriops
genus,149357,0.0,0.013083696405908597,9.125742603815267,0.5510182991635482,151.13686459688856,0,20,1.0,1.0,Cissus
genus,5199,0.0,0.014392066046499457,8.314456684346526,0.5035248109414775,137.29251956148255,0,22,1.0,1.0,Cladonia
genus,16399,0.0,0.026167392811817194,4.618598606766701,0.2835225230990664,75.23724343753044,0,40,1.0,1.0,Codonopsis
genus,13442,3.676470588235294,0.03859690439743036,98.85043343252684,55.605172612930176,175.72840314367124,15,59,2.914647426206798e-24,2.118948678852342e-21,Coffea
genus,5455,0.0,0.04644712224097552,2.615598599686727,0.1617531528194653,42.29503979016031,0,71,1.0,1.0,Colletotrichum
genus,3655,0.24509803921568626,0.029438316913294345,8.343816543816544,1.14741618635455,60.674823437913766,1,45,0.11541075734914787,1.0,Cucumis
genus,406287,0.0,0.013083696405908597,9.125742603815267,0.5510182991635482,151.13686459688856,0,20,1.0,1.0,Curio
genus,132436,0.0,0.018971359788567465,6.341244320892891,0.38681452837657604,103.95519451148766,0,29,1.0,1.0,Deguelia
genus,48243,0.0,0.020279729429158327,5.938547920188067,0.36278609655577165,97.20976557586583,0,31,1.0,1.0,Discaria
genus,155633,0.0,0.024859023171226336,4.858589391025132,0.2979917108340321,79.21660238304207,0,38,1.0,1.0,Dysoxylum
genus,32194,0.0,0.022896468710340047,5.269277845777234,0.3226928456601489,86.04246852513235,0,35,1.0,1.0,Echinops
genus,3402,0.24509803921568626,0.1314911488793814,1.8661117019325975,0.260961266827959,13.344405192459305,1,201,0.41654535286476657,1.0,Magnolia
genus,434654,0.0,0.023550653530635474,5.124880535202294,0.31401652500994026,83.64018581271783,0,36,1.0,1.0,Eremanthus
genus,53876,0.0,0.04317619813949837,2.812352177874306,0.1737945801637306,45.50961695665673,0,66,1.0,1.0,Erythrophleum
genus,43486,0.0,0.135416257801154,0.9004763239002521,0.056040822514229045,14.46905262139989,0,207,1.0,1.0,Gardenia
genus,123423,0.0,0.03467179547565778,3.4960248916139514,0.21549969568320929,56.715579128943666,0,53,1.0,1.0,Gymnosporia
genus,335160,0.0,0.022896468710340047,5.269277845777234,0.3226928456601489,86.04246852513235,0,35,1.0,1.0,Halimium
genus,190259,0.0,0.03794271957713493,3.1971147307744614,0.19729165725367032,51.80929971404,0,58,1.0,1.0,Ixeris
genus,179689,0.0,0.013083696405908597,9.125742603815267,0.5510182991635482,151.13686459688856,0,20,1.0,1.0,Joannesia
genus,189218,0.0,0.017008805327681176,7.059259601394887,0.4294804974759218,116.03122007345566,0,26,1.0,1.0,Kleinia
genus,37507,0.0,0.028129947272703484,4.299990151802923,0.26427369385824634,69.96502389496219,0,43,1.0,1.0,Leptogorgia
genus,114078,0.0,0.028129947272703484,4.299990151802923,0.26427369385824634,69.96502389496219,0,43,1.0,1.0,Mesua
genus,306970,0.0,0.01635462050738575,7.336141310869513,0.4458729452486765,120.70472072045065,0,25,1.0,1.0,Monanthotaxis
genus,3495,0.0,0.036634349936544075,3.310330260720746,0.2041928915688953,53.6663463201221,0,56,1.0,1.0,Maclura
genus,45163,0.0,0.013737881226204026,8.701232529674646,0.5262025995419242,143.88269385475752,0,21,1.0,1.0,Muntingia
genus,41607,0.0,0.020279729429158327,5.938547920188067,0.36278609655577165,97.20976557586583,0,31,1.0,1.0,Mutisia
genus,128654,0.0,0.030092501733589773,4.022492465221569,0.24747157536688544,65.38304695711498,0,46,1.0,1.0,Neolitsea
genus,43874,0.0,0.028129947272703484,4.299990151802923,0.26427369385824634,69.96502389496219,0,43,1.0,1.0,Nitraria
genus,37459,0.0,0.020279729429158327,5.938547920188067,0.36278609655577165,97.20976557586583,0,31,1.0,1.0,Notholaena
genus,68563,0.0,0.214572621056901,0.568343179281963,0.03541410097787433,9.121055187540666,0,328,1.0,1.0,Petrosia
genus,68553,0.0,0.023550653530635474,5.124880535202294,0.31401652500994026,83.64018581271783,0,36,1.0,1.0,Phellodendron
genus,122541,0.0,0.014392066046499457,8.314456684346526,0.5035248109414775,137.29251956148255,0,22,1.0,1.0,Picris
genus,4439,0.0,0.028784132092998915,4.203333654229643,0.25842518532972136,68.36800285636681,0,44,1.0,1.0,Plumbago
genus,56064,0.0,0.028784132092998915,4.203333654229643,0.25842518532972136,68.36800285636681,0,44,1.0,1.0,Pongamia
genus,41687,0.0,0.015700435687090317,7.63562560887268,0.46356580011661014,125.77023245503916,0,24,1.0,1.0,Scedosporium
genus,100169,0.49019607843137253,0.06476429720924756,7.601283773697567,1.868432444727311,30.924058919727525,2,99,0.030023065667769654,1.0,Pterocarpus
genus,3892,0.0,0.028129947272703484,4.299990151802923,0.26427369385824634,69.96502389496219,0,43,1.0,1.0,Pueraria
genus,3511,0.0,0.07065196059190643,1.7232259192617703,0.10691882918102764,27.773476304980917,0,108,1.0,1.0,Quercus
genus,5402,0.0,0.04775549188156638,2.544392542818841,0.1573909805799464,41.132810711880076,0,73,1.0,1.0,Russula
genus,4319,0.0,0.021588099069749185,5.583934671806207,0.3415673826641469,91.28601851792796,0,33,1.0,1.0,Salacia
genus,468156,0.0,0.022242283890044616,5.422046014936228,0.3318620573885193,88.58675565211773,0,34,1.0,1.0,Senegalia
genus,76975,0.0,0.015700435687090317,7.63562560887268,0.46356580011661014,125.77023245503916,0,24,1.0,1.0,Skimmia
genus,41787,0.0,0.031400871374180635,3.856566013451274,0.23740845520212414,62.64773258999906,0,48,1.0,1.0,Stauntonia
genus,1745162,0.0,0.013737881226204026,8.701232529674646,0.5262025995419242,143.88269385475752,0,21,1.0,1.0,Symphyopappus
genus,49743,0.0,0.01635462050738575,7.336141310869513,0.4458729452486765,120.70472072045065,0,25,1.0,1.0,Taraxacum
genus,39992,0.24509803921568626,0.054951524904816106,4.468760968760969,0.6207149819745469,32.172293525759216,1,84,0.20278530437868764,1.0,Terminalia
genus,49852,0.0,0.014392066046499457,8.314456684346526,0.5035248109414775,137.29251956148255,0,22,1.0,1.0,Thermopsis
genus,13730,0.0,0.03925108921772579,3.0913845251221463,0.1908414801675602,50.07642087964242,0,60,1.0,1.0,Tragopogon
genus,16383,0.0,0.07588543915426986,1.6048087580964587,0.09961510366866888,25.853621139914747,0,116,1.0,1.0,Vellozia
genus,67937,0.24509803921568626,0.19756381572921983,1.2411930292724995,0.17385354743480153,8.861252235835938,1,302,0.554451816776493,1.0,Zanthoxylum
genus,55170,0.0,0.014392066046499457,8.314456684346526,0.5035248109414775,137.29251956148255,0,22,1.0,1.0,Didymella
genus,4441,1.4705882352941178,0.2341981656657639,6.358042191278246,2.8206728129968552,14.331580862483877,6,358,0.0004778689253539952,0.03158279170294132,Camellia
genus,59070,0.0,0.08896913556017846,1.3694926044987243,0.08508227800351503,22.04348587962366,0,136,1.0,1.0,Fritillaria
genus,6237,0.24509803921568626,0.16289202025356203,1.5059056866285783,0.21078657731617936,10.758521561924066,1,249,0.4867140646113053,1.0,Caenorhabditis
genus,38944,0.0,0.026821577632112625,4.507277580333574,0.27680218497729686,73.39375297143675,0,41,1.0,1.0,Flammulina
genus,12952,0.0,0.03532598029595321,3.431855187360336,0.21159420800033213,55.66140084039331,0,54,1.0,1.0,Asimina
genus,51109,0.0,0.06476429720924756,1.8792063130831638,0.11652961384918305,30.304883458226403,0,99,1.0,1.0,Dendronephthya
genus,6510,0.0,0.045792937420680094,2.652716650607221,0.16402613990736323,42.90112315258417,0,70,1.0,1.0,Dolabella
genus,459628,0.0,0.023550653530635474,5.124880535202294,0.31401652500994026,83.64018581271783,0,36,1.0,1.0,Embelia
genus,3387,0.0,0.019625544608862896,6.133294540201056,0.3744153412088822,100.46944603125601,0,30,1.0,1.0,Ephedra
genus,65352,0.0,0.022242283890044616,5.422046014936228,0.3318620573885193,88.58675565211773,0,34,1.0,1.0,Erysimum
genus,372452,0.0,0.018317174968272038,6.563787068650819,0.4000627239996083,107.69136462368809,0,28,1.0,1.0,Esenbeckia
genus,266078,0.0,0.06214755792806584,1.9579677917550482,0.12137831524117905,31.58420732675925,0,95,1.0,1.0,Haplophyllum
genus,37500,0.0,0.023550653530635474,5.124880535202294,0.31401652500994026,83.64018581271783,0,36,1.0,1.0,Maackia
genus,190583,0.0,0.020279729429158327,5.938547920188067,0.36278609655577165,97.20976557586583,0,31,1.0,1.0,Morella
genus,32,0.0,0.07261451505279272,1.6768281638500255,0.10405787424882876,27.02104681051849,0,111,1.0,1.0,Myxococcus
genus,92914,0.0,0.01635462050738575,7.336141310869513,0.4458729452486765,120.70472072045065,0,25,1.0,1.0,Onopordum
genus,82238,0.0,0.013083696405908597,9.125742603815267,0.5510182991635482,151.13686459688856,0,20,1.0,1.0,Pancratium
genus,32100,0.0,0.015700435687090317,7.63562560887268,0.46356580011661014,125.77023245503916,0,24,1.0,1.0,Pteridium
genus,52930,0.0,0.03990527403802122,3.0410982077997035,0.1877719417860069,49.252717000830245,0,61,1.0,1.0,Siphonaria
genus,37504,0.0,0.24924441653255877,0.48921589230169515,0.03049251381353463,7.848883524136084,0,381,0.6312220244460003,1.0,Theonella
genus,434719,0.0,0.028784132092998915,4.203333654229643,0.25842518532972136,68.36800285636681,0,44,1.0,1.0,Vernonanthura
genus,79021,0.0,0.055605709725111536,2.187113029411554,0.1354688557389249,35.31042893460664,0,85,1.0,1.0,Thapsia
genus,49674,0.0,0.026821577632112625,4.507277580333574,0.27680218497729686,73.39375297143675,0,41,1.0,1.0,Trillium
genus,3319,0.24509803921568626,0.18055501040153865,1.3583484670441193,0.19020549549327737,9.700616447153719,1,276,0.5224159332600997,1.0,Abies
genus,52821,0.0,0.28326202718792115,0.43038573338472114,0.026831505887512576,6.903521564449777,0,433,0.6351456746794999,1.0,Alstonia
genus,32071,0.0,0.028784132092998915,4.203333654229643,0.25842518532972136,68.36800285636681,0,44,1.0,1.0,Asplenium
genus,102753,0.0,0.05429734008452068,2.2395282873665154,0.1386886048620507,36.16365565796518,0,83,1.0,1.0,Brickellia
genus,176608,0.0,0.08569821145870131,1.421611106198603,0.08830323267812325,22.8867967340895,0,131,1.0,1.0,Melampodium
genus,2005,0.0,0.014392066046499457,8.314456684346526,0.5035248109414775,137.29251956148255,0,22,1.0,1.0,Microbispora
genus,35912,0.0,0.015046250866794886,7.960597932237818,0.48272014659282364,131.27920988183405,0,23,1.0,1.0,Ophiorrhiza
genus,43174,0.0,0.03794271957713493,3.1971147307744614,0.19729165725367032,51.80929971404,0,58,1.0,1.0,Pedicularis
genus,3328,0.24509803921568626,0.08373565699781502,2.931779791154791,0.40885328091968826,21.023024994416083,1,128,0.29106804307782097,1.0,Picea
genus,48130,0.0,0.031400871374180635,3.856566013451274,0.23740845520212414,62.64773258999906,0,48,1.0,1.0,Amorpha
genus,82256,0.0,0.035980165116248644,3.3699979048816258,0.2078277028928345,54.64567870801458,0,55,1.0,1.0,Zephyranthes
genus,40958,0.0,0.013083696405908597,9.125742603815267,0.5510182991635482,151.13686459688856,0,20,1.0,1.0,Pimpinella
genus,102786,0.0,0.12887440959819968,0.9461320360070031,0.05887225228170103,15.205224785276261,0,197,1.0,1.0,Mikania
genus,5543,0.0,0.3127003441012155,0.38979547724746727,0.024304639714725133,6.251502423651503,0,478,0.642776912173574,1.0,Trichoderma
genus,1495523,0.0,0.019625544608862896,6.133294540201056,0.3744153412088822,100.46944603125601,0,30,1.0,1.0,Heynea
genus,67917,0.0,0.08046473289633788,1.5137785618362827,0.09399619631472686,24.378917702184705,0,123,1.0,1.0,Toona
genus,3603,4.411764705882353,0.10139864714579162,45.47106699751861,27.632895438258274,74.8245126361304,18,155,2.5534203287945588e-23,1.2375577193557628e-20,Vitis
genus,672824,0.0,0.0372885347568395,3.2527380128785057,0.20068298612614216,52.7214826959691,0,57,1.0,1.0,Meehania
genus,26478,0.0,0.10663212570815507,1.1431357356480598,0.07107886266590031,18.38464011808874,0,163,1.0,1.0,Gelsemium
genus,66739,0.0,0.01635462050738575,7.336141310869513,0.4458729452486765,120.70472072045065,0,25,1.0,1.0,Lasiodiplodia
genus,434622,0.0,0.017008805327681176,7.059259601394887,0.4294804974759218,116.03122007345566,0,26,1.0,1.0,Baccharoides
genus,458510,0.0,0.030746686553885204,3.9377826451072604,0.24233563127626728,63.986183453272886,0,47,1.0,1.0,Pandaros
genus,39643,0.0,0.1602752809723803,0.7609056031828731,0.04737913090776133,12.220091965854277,0,245,1.0,1.0,Sorangium
genus,25610,0.0,0.021588099069749185,5.583934671806207,0.3415673826641469,91.28601851792796,0,33,1.0,1.0,Sciadopitys
genus,2290857,0.0,0.013083696405908597,9.125742603815267,0.5510182991635482,151.13686459688856,0,20,1.0,1.0,Amyris
genus,3569,0.49019607843137253,0.03925108921772579,12.545320197044335,3.0561986413749187,51.49699915302765,2,60,0.012030207676686342,0.5642555471581271,Dianthus
genus,43868,0.49019607843137253,0.05625989454540697,8.751059686103792,2.146565228149521,35.676085974694,2,86,0.02327622998977833,0.9669610972896484,Commiphora
genus,5598,0.0,0.16681712917533462,0.7310766562791177,0.04552680001622888,11.73974619709122,0,255,1.0,1.0,Alternaria
genus,37840,0.0,0.15046250866794886,0.8105018890868396,0.050458077435331816,13.018992113903863,0,230,1.0,1.0,Pestalotiopsis
genus,3671,0.0,0.15177087830853972,0.8035193008778511,0.050024665438736904,12.906498448728712,0,232,1.0,1.0,Momordica
genus,3925,0.0,0.0327092410147715,3.7037822509301113,0.22813148245683518,60.13200288960779,0,50,1.0,1.0,Lonchocarpus
genus,55957,0.0,0.065418482029543,1.8604955637966836,0.11537733021958986,30.001073315868947,0,100,1.0,1.0,Lindera
genus,72384,0.0,0.04252201331920294,2.8553075392190754,0.1764211411841665,46.21204175870614,0,65,1.0,1.0,Caryocar
genus,549420,0.0,0.013083696405908597,9.125742603815267,0.5510182991635482,151.13686459688856,0,20,1.0,1.0,Hortia
genus,239140,0.0,0.014392066046499457,8.314456684346526,0.5035248109414775,137.29251956148255,0,22,1.0,1.0,Dolomiaea
genus,95763,0.0,0.0327092410147715,3.7037822509301113,0.22813148245683518,60.13200288960779,0,50,1.0,1.0,Frullania
genus,198760,0.0,0.04513875260038466,2.6909028468779446,0.16636388525762877,43.52481982566455,0,69,1.0,1.0,Cratoxylum
genus,3898,0.0,0.030746686553885204,3.9377826451072604,0.24233563127626728,63.986183453272886,0,47,1.0,1.0,Trifolium
genus,4137,0.0,0.08177310253692874,1.4896350948714323,0.09250528738800595,23.987955483724413,0,125,1.0,1.0,Leonurus
genus,13326,0.0,0.028784132092998915,4.203333654229643,0.25842518532972136,68.36800285636681,0,44,1.0,1.0,Acanthus
genus,4057,0.0,0.09027750520076933,1.349698863058915,0.0838586873389306,21.7232952094735,0,138,1.0,1.0,Catharanthus
genus,21101,0.0,0.1838259345030158,0.6634396516302115,0.041325132584143144,10.650956060673527,0,281,1.0,1.0,Kopsia
genus,141584,0.0,0.04710130706127095,2.5795044949985226,0.15954227001501392,41.70583406573954,0,72,1.0,1.0,Melodinus
genus,179730,0.0,0.020279729429158327,5.938547920188067,0.36278609655577165,97.20976557586583,0,31,1.0,1.0,Itoa
genus,13444,0.0,0.03990527403802122,3.0410982077997035,0.1877719417860069,49.252717000830245,0,61,1.0,1.0,Colchicum
genus,159387,0.0,0.014392066046499457,8.314456684346526,0.5035248109414775,137.29251956148255,0,22,1.0,1.0,Emmotum
genus,4001,0.0,0.10401538642697335,1.1718344121585584,0.07285558590198649,18.848189504183953,0,159,1.0,1.0,Buxus
genus,34451,0.0,0.030092501733589773,4.022492465221569,0.24747157536688544,65.38304695711498,0,46,1.0,1.0,Cortinarius
genus,634378,0.0,0.014392066046499457,8.314456684346526,0.5035248109414775,137.29251956148255,0,22,1.0,1.0,Hesperocyparis
genus,2731549,0.0,0.017662990147976607,6.802514743518415,0.41425020102343746,111.70593694694989,0,27,1.0,1.0,Goniocheton
genus,71051,0.0,0.03859690439743036,3.143361138825175,0.19401299614893774,50.92813082218049,0,59,1.0,1.0,Haplopappus
genus,39934,0.0,0.022242283890044616,5.422046014936228,0.3318620573885193,88.58675565211773,0,34,1.0,1.0,Lecanora
genus,77003,0.0,0.020933914249453754,5.755785707560493,0.35185724898147364,94.15485742373322,0,32,1.0,1.0,Phebalium
genus,5320,0.0,0.022896468710340047,5.269277845777234,0.3226928456601489,86.04246852513235,0,35,1.0,1.0,Pleurotus
genus,145816,0.0,0.023550653530635474,5.124880535202294,0.31401652500994026,83.64018581271783,0,36,1.0,1.0,Leuzea
genus,13259,0.0,0.06934359095131556,1.755609955120359,0.10891509517435359,28.298798339970332,0,106,1.0,1.0,Saururus
genus,3904,0.0,0.019625544608862896,6.133294540201056,0.3744153412088822,100.46944603125601,0,30,1.0,1.0,Vicia
genus,54476,0.0,0.16550875953474375,0.7368541761725078,0.045885606890218804,11.832775324120293,0,253,1.0,1.0,Vitex
genus,72968,0.0,0.018317174968272038,6.563787068650819,0.4000627239996083,107.69136462368809,0,28,1.0,1.0,Psiadia
genus,59169,0.0,0.014392066046499457,8.314456684346526,0.5035248109414775,137.29251956148255,0,22,1.0,1.0,Nardostachys
genus,109810,0.0,0.04317619813949837,2.812352177874306,0.1737945801637306,45.50961695665673,0,66,1.0,1.0,Macaranga
genus,39251,0.0,0.06607266684983841,1.8421534992252082,0.11424759680159877,29.703290132227888,0,101,1.0,1.0,Paulownia
genus,86015,0.0,0.09681935340372362,1.2587276271486798,0.07823280842258058,20.252311930170162,0,148,1.0,1.0,Mycale
genus,40679,0.0,0.05625989454540697,2.161814335543119,0.13391436804855827,34.89872886279922,0,86,1.0,1.0,Alcyonium
genus,13330,0.0,0.04186782849890751,2.89959484975283,0.1791282719939651,46.936478530850756,0,64,1.0,1.0,Akebia
genus,886329,0.0,0.028129947272703484,4.299990151802923,0.26427369385824634,69.96502389496219,0,43,1.0,1.0,Fascaplysinopsis
genus,169205,0.0,0.019625544608862896,6.133294540201056,0.3744153412088822,100.46944603125601,0,30,1.0,1.0,Achyranthes
genus,3497,0.0,0.15700435687090317,0.7767502932741611,0.04836289504552327,12.475287460222953,0,240,1.0,1.0,Morus
genus,86596,0.0,0.026167392811817194,4.618598606766701,0.2835225230990664,75.23724343753044,0,40,1.0,1.0,Palythoa
genus,105401,0.0,0.03532598029595321,3.431855187360336,0.21159420800033213,55.66140084039331,0,54,1.0,1.0,Zoanthus
genus,124942,0.49019607843137253,0.15438761758972144,3.185814477749019,0.7894174645890478,12.856839811516965,2,236,0.1328060513157581,1.0,Azadirachta
genus,123400,0.0,0.013737881226204026,8.701232529674646,0.5262025995419242,143.88269385475752,0,21,1.0,1.0,Cassine
genus,28073,0.0,0.31400871374180633,0.3881679248335004,0.024203303823597946,6.225362411996013,0,480,0.6431907860699674,1.0,Lyngbya
genus,13406,0.0,0.04775549188156638,2.544392542818841,0.1573909805799464,41.132810711880076,0,73,1.0,1.0,Catalpa
genus,294142,0.0,0.018317174968272038,6.563787068650819,0.4000627239996083,107.69136462368809,0,28,1.0,1.0,Duguetia
genus,1745122,0.0,0.029438316913294345,4.11092579391233,0.25282984209022225,66.84223168965575,0,45,1.0,1.0,Ophryosporus
genus,198767,0.0,0.01635462050738575,7.336141310869513,0.4458729452486765,120.70472072045065,0,25,1.0,1.0,Harungana
genus,3725,0.0,0.018317174968272038,6.563787068650819,0.4000627239996083,107.69136462368809,0,28,1.0,1.0,Raphanus
genus,182083,0.0,0.060185003467179546,2.021509146845744,0.125287978611427,32.61685020440019,0,92,1.0,1.0,Gynostemma
genus,4065,0.0,0.04906386152215724,2.476958992275082,0.15325779716544768,40.03271587408416,0,75,1.0,1.0,Calotropis
genus,283434,0.0,0.05822244900629326,2.0893102575849785,0.12945771533849665,33.7192521978003,0,89,1.0,1.0,Monanchora
genus,2781,0.0,0.013083696405908597,9.125742603815267,0.5510182991635482,151.13686459688856,0,20,1.0,1.0,Gracilariopsis
genus,16728,0.0,0.027475762452408053,4.401195190438476,0.27039294578907297,71.6384040560335,0,42,1.0,1.0,Asarum
genus,4610,0.0,0.09093169002106476,1.3400148282684707,0.08325998358981489,21.566659787319935,0,139,1.0,1.0,Cyperus
genus,178513,0.0,0.05429734008452068,2.2395282873665154,0.1386886048620507,36.16365565796518,0,83,1.0,1.0,Amphimedon
genus,1162776,0.0,0.0327092410147715,3.7037822509301113,0.22813148245683518,60.13200288960779,0,50,1.0,1.0,Coscinoderma
genus,1548540,0.0,0.024204838350930905,4.988184414524683,0.3057943970748501,81.36834419244289,0,37,1.0,1.0,Francoeuria
genus,130238,0.0,0.015700435687090317,7.63562560887268,0.46356580011661014,125.77023245503916,0,24,1.0,1.0,Brachylaena
genus,436463,0.0,0.029438316913294345,4.11092579391233,0.25282984209022225,66.84223168965575,0,45,1.0,1.0,Hyattella
genus,53851,0.0,0.07261451505279272,1.6768281638500255,0.10405787424882876,27.02104681051849,0,111,1.0,1.0,Cassia
genus,47981,0.0,0.013737881226204026,8.701232529674646,0.5262025995419242,143.88269385475752,0,21,1.0,1.0,Plexaura
genus,63084,0.0,0.024204838350930905,4.988184414524683,0.3057943970748501,81.36834419244289,0,37,1.0,1.0,Tamarix
genus,468162,0.0,0.026821577632112625,4.507277580333574,0.27680218497729686,73.39375297143675,0,41,1.0,1.0,Vachellia
genus,2995234,0.0,0.017662990147976607,6.802514743518415,0.41425020102343746,111.70593694694989,0,27,1.0,1.0,Mycoplasmoides
genus,2875,0.0,0.2806452879067394,0.43440538156719194,0.027081699828048866,6.968101586411139,0,429,0.6346399665677611,1.0,Dictyota
genus,4930,0.0,0.024859023171226336,4.858589391025132,0.2979917108340321,79.21660238304207,0,38,1.0,1.0,Saccharomyces
genus,126908,0.0,0.12887440959819968,0.9461320360070031,0.05887225228170103,15.205224785276261,0,197,1.0,1.0,Withania
genus,587658,0.0,0.031400871374180635,3.856566013451274,0.23740845520212414,62.64773258999906,0,48,1.0,1.0,Coleus
genus,39169,0.24509803921568626,0.01635462050738575,15.020835380835381,2.030522999229529,111.1169366827012,1,25,0.06696180301274554,1.0,Lavandula
genus,3609,0.0,0.032055056194476066,3.778630861862196,0.23267757237753822,61.364105892639024,0,49,1.0,1.0,Rhamnus
genus,152317,0.0,0.017008805327681176,7.059259601394887,0.4294804974759218,116.03122007345566,0,26,1.0,1.0,Truncatella
genus,36922,0.0,0.08569821145870131,1.421611106198603,0.08830323267812325,22.8867967340895,0,131,1.0,1.0,Diaporthe
genus,34399,0.0,0.08635239627899674,1.4108727281125146,0.08763969608862508,22.713016404332418,0,132,1.0,1.0,Phomopsis
genus,89791,0.0,0.018317174968272038,6.563787068650819,0.4000627239996083,107.69136462368809,0,28,1.0,1.0,Sagenomella
genus,40468,0.0,0.04448456778008923,2.7302039685872295,0.16876919625021794,44.166908865514195,0,68,1.0,1.0,Inonotus
genus,33196,0.0,0.09747353822401905,1.2502998571329156,0.07771142321740775,20.11608677366769,0,149,1.0,1.0,Botrytis
genus,4685,0.24509803921568626,0.10990304980963221,2.2331519831519833,0.3119912507443423,15.984319329333209,1,168,0.3628307789226762,1.0,Asparagus
genus,78532,0.24509803921568626,0.030092501733589773,8.162375814549728,1.1229901544447158,59.32766077623368,1,46,0.11776621348553118,1.0,Trigonella
genus,4415,0.0,0.013083696405908597,9.125742603815267,0.5510182991635482,151.13686459688856,0,20,1.0,1.0,Nuphar
genus,4418,0.24509803921568626,0.01635462050738575,15.020835380835381,2.030522999229529,111.1169366827012,1,25,0.06696180301274554,1.0,Nymphaea
genus,98582,0.0,0.021588099069749185,5.583934671806207,0.3415673826641469,91.28601851792796,0,33,1.0,1.0,Rhodomyrtus
genus,5502,0.0,0.06149337310777041,1.9786999799239702,0.12265415703904475,31.921083680064505,0,94,1.0,1.0,Curvularia
genus,74094,0.0,0.04186782849890751,2.89959484975283,0.1791282719939651,46.936478530850756,0,64,1.0,1.0,Cystoseira
genus,71944,0.0,0.017662990147976607,6.802514743518415,0.41425020102343746,111.70593694694989,0,27,1.0,1.0,Hypholoma
genus,34444,0.0,0.06934359095131556,1.755609955120359,0.10891509517435359,28.298798339970332,0,106,1.0,1.0,Lactarius
genus,3137121,0.0,0.030092501733589773,4.022492465221569,0.24747157536688544,65.38304695711498,0,46,1.0,1.0,Anemone
genus,84858,0.0,0.04448456778008923,2.7302039685872295,0.16876919625021794,44.166908865514195,0,68,1.0,1.0,Aspidosperma
genus,49606,0.7352941176470589,0.07523125433397443,9.838776167471819,3.114099037133992,31.084919046987356,3,115,0.003985158177374471,0.21460814777416595,Lonicera
genus,88359,0.0,0.029438316913294345,4.11092579391233,0.25282984209022225,66.84223168965575,0,45,1.0,1.0,Symphyocladia
genus,39500,0.0,0.027475762452408053,4.401195190438476,0.27039294578907297,71.6384040560335,0,42,1.0,1.0,Cordyline
genus,307001,0.0,0.014392066046499457,8.314456684346526,0.5035248109414775,137.29251956148255,0,22,1.0,1.0,Disepalum
genus,255893,0.0,0.07915636325574701,1.5387168754501817,0.09553590898359683,24.78282404997775,0,121,1.0,1.0,Eremophila
genus,151229,0.0,0.023550653530635474,5.124880535202294,0.31401652500994026,83.64018581271783,0,36,1.0,1.0,Haloxylon
genus,4147,0.0,0.08177310253692874,1.4896350948714323,0.09250528738800595,23.987955483724413,0,125,1.0,1.0,Jasminum
genus,3434,0.0,0.025513207991521764,4.735556140867328,0.2905771718773189,77.17568389293244,0,39,1.0,1.0,Persea
genus,23263,0.0,0.017008805327681176,7.059259601394887,0.4294804974759218,116.03122007345566,0,26,1.0,1.0,Rodgersia
genus,41847,0.0,0.024859023171226336,4.858589391025132,0.2979917108340321,79.21660238304207,0,38,1.0,1.0,Scapania
genus,289408,0.0,0.0438303829597938,2.7706695679767894,0.17124504491152814,44.8282159573068,0,67,1.0,1.0,Smenospongia
genus,429501,0.0,0.01635462050738575,7.336141310869513,0.4458729452486765,120.70472072045065,0,25,1.0,1.0,Vallaris
genus,3971,0.0,0.03532598029595321,3.431855187360336,0.21159420800033213,55.66140084039331,0,54,1.0,1.0,Viscum
genus,31392,0.0,0.026821577632112625,4.507277580333574,0.27680218497729686,73.39375297143675,0,41,1.0,1.0,Chondria
genus,4672,0.0,0.13476207298085854,0.9048429113777744,0.05631166650054597,14.539450617442986,0,206,1.0,1.0,Dioscorea
genus,49680,0.0,0.019625544608862896,6.133294540201056,0.3744153412088822,100.46944603125601,0,30,1.0,1.0,Menispermum
genus,186466,0.0,0.030746686553885204,3.9377826451072604,0.24233563127626728,63.986183453272886,0,47,1.0,1.0,Mizuhopecten
genus,4034,0.0,0.014392066046499457,8.314456684346526,0.5035248109414775,137.29251956148255,0,22,1.0,1.0,Oxalis
genus,3618,0.0,0.026821577632112625,4.507277580333574,0.27680218497729686,73.39375297143675,0,41,1.0,1.0,Rumex
genus,41789,0.0,0.07981054807604245,1.5261459296080733,0.09475980362809588,24.579213013150607,0,122,1.0,1.0,Tinospora
genus,225838,0.0,0.04775549188156638,2.544392542818841,0.1573909805799464,41.132810711880076,0,73,1.0,1.0,Xylopia
genus,48025,0.0,0.013737881226204026,8.701232529674646,0.5262025995419242,143.88269385475752,0,21,1.0,1.0,Ammi
genus,1813,0.0,0.14522903010558544,0.8396875386794659,0.05226939971982088,13.48925310780278,0,222,1.0,1.0,Amycolatopsis
genus,178537,0.0,0.11709908283288195,1.0411315261009946,0.06476076866966313,16.7378318217702,0,179,1.0,1.0,Callyspongia
genus,99036,2.2058823529411766,0.05168060080333896,43.62320357856667,21.73866522832319,87.53913225443503,9,79,2.9161922063318103e-12,4.711270520007168e-10,Chamaemelum
genus,5498,0.0,0.05756826418599783,2.1129321134922447,0.13090995710385855,34.10345717770626,0,88,1.0,1.0,Cladosporium
genus,155635,0.0,0.018971359788567465,6.341244320892891,0.38681452837657604,103.95519451148766,0,29,1.0,1.0,Entandrophragma
genus,3493,0.49019607843137253,0.08700658109929217,5.656839142190451,1.3954081441014932,22.932236146022184,2,133,0.050715346798110766,1.0,Ficus
genus,3853,0.0,0.018971359788567465,6.341244320892891,0.38681452837657604,103.95519451148766,0,29,1.0,1.0,Lathyrus
genus,508040,0.0,0.022896468710340047,5.269277845777234,0.3226928456601489,86.04246852513235,0,35,1.0,1.0,Ochtodes
genus,5637,0.0,0.032055056194476066,3.778630861862196,0.23267757237753822,61.364105892639024,0,49,1.0,1.0,Polyporus
genus,405757,0.0,0.020933914249453754,5.755785707560493,0.35185724898147364,94.15485742373322,0,32,1.0,1.0,Jacobaea
genus,64596,0.0,0.014392066046499457,8.314456684346526,0.5035248109414775,137.29251956148255,0,22,1.0,1.0,Hopea
genus,2924,0.0,0.030746686553885204,3.9377826451072604,0.24233563127626728,63.986183453272886,0,47,1.0,1.0,Alexandrium
genus,71941,0.0,0.03859690439743036,3.143361138825175,0.19401299614893774,50.92813082218049,0,59,1.0,1.0,Hygrophorus
genus,49562,0.0,0.019625544608862896,6.133294540201056,0.3744153412088822,100.46944603125601,0,30,1.0,1.0,Peucedanum
genus,4059,0.0,0.060185003467179546,2.021509146845744,0.125287978611427,32.61685020440019,0,92,1.0,1.0,Rauvolfia
genus,13817,0.0,0.032055056194476066,3.778630861862196,0.23267757237753822,61.364105892639024,0,49,1.0,1.0,Adiantum
genus,98848,0.0,0.0438303829597938,2.7706695679767894,0.17124504491152814,44.8282159573068,0,67,1.0,1.0,Amathia
genus,205091,0.0,0.019625544608862896,6.133294540201056,0.3744153412088822,100.46944603125601,0,30,1.0,1.0,Asterospicularia
genus,313925,0.0,0.017008805327681176,7.059259601394887,0.4294804974759218,116.03122007345566,0,26,1.0,1.0,Calostephane
genus,20483,0.0,0.026821577632112625,4.507277580333574,0.27680218497729686,73.39375297143675,0,41,1.0,1.0,Caragana
genus,3380,0.0,0.07915636325574701,1.5387168754501817,0.09553590898359683,24.78282404997775,0,121,1.0,1.0,Gnetum
genus,99898,0.0,0.022896468710340047,5.269277845777234,0.3226928456601489,86.04246852513235,0,35,1.0,1.0,Osmundea
genus,32162,0.0,0.015046250866794886,7.960597932237818,0.48272014659282364,131.27920988183405,0,23,1.0,1.0,Lepisorus
genus,59977,0.0,0.04252201331920294,2.8553075392190754,0.1764211411841665,46.21204175870614,0,65,1.0,1.0,Lysimachia
genus,46570,0.0,0.013737881226204026,8.701232529674646,0.5262025995419242,143.88269385475752,0,21,1.0,1.0,Nasutitermes
genus,41393,0.0,0.04840967670186181,2.510223193382238,0.15529690715348807,40.57531213011407,0,74,1.0,1.0,Premna
genus,53246,0.0,0.030746686553885204,3.9377826451072604,0.24233563127626728,63.986183453272886,0,47,1.0,1.0,Pseudoalteromonas
genus,3122587,0.0,0.19756381572921983,0.6172977128579665,0.03845754942530817,9.90849578285689,0,302,1.0,1.0,Sclerophytum
genus,4107,0.24509803921568626,0.32120474676505606,0.762476418280899,0.1069329932963027,5.436771856030798,1,491,1.0,1.0,Solanum
genus,13749,0.0,0.026167392811817194,4.618598606766701,0.2835225230990664,75.23724343753044,0,40,1.0,1.0,Vaccinium
genus,142693,0.0,0.028784132092998915,4.203333654229643,0.25842518532972136,68.36800285636681,0,44,1.0,1.0,Wikstroemia
genus,102749,0.0,0.09158587484136019,1.3304686445070717,0.08266976031329251,21.412264984296343,0,140,1.0,1.0,Ageratina
genus,41623,0.0,0.07981054807604245,1.5261459296080733,0.09475980362809588,24.579213013150607,0,122,1.0,1.0,Pluchea
genus,13384,0.0,0.015046250866794886,7.960597932237818,0.48272014659282364,131.27920988183405,0,23,1.0,1.0,Calluna
genus,79556,0.0,0.022896468710340047,5.269277845777234,0.3226928456601489,86.04246852513235,0,35,1.0,1.0,Barringtonia
genus,43712,0.0,0.017008805327681176,7.059259601394887,0.4294804974759218,116.03122007345566,0,26,1.0,1.0,Flindersia
genus,20202,0.0,0.06476429720924756,1.8792063130831638,0.11652961384918305,30.304883458226403,0,99,1.0,1.0,Mallotus
genus,38595,0.0,0.16092946579267575,0.7578137995585691,0.04718715374212637,12.170298677894296,0,246,1.0,1.0,Ajuga
genus,167619,0.0,0.01635462050738575,7.336141310869513,0.4458729452486765,120.70472072045065,0,25,1.0,1.0,Neorautanenia
genus,13340,0.0,0.07196033023249729,1.6920141561944428,0.10499437338161814,27.26728883229486,0,110,1.0,1.0,Aralia
genus,38871,0.0,0.05756826418599783,2.1129321134922447,0.13090995710385855,34.10345717770626,0,88,1.0,1.0,Fraxinus
genus,204122,0.0,0.041213643678612084,2.9452770362089074,0.18191973740988576,47.68397834960888,0,63,1.0,1.0,Hyptis
genus,25613,0.0,0.09354842930224647,1.3026283803666854,0.08094820896708028,20.962053626495898,0,143,1.0,1.0,Taiwania
genus,51814,0.0,0.45727518938650547,0.2662568034695179,0.016609310320918103,4.268249796291769,0,699,0.2724837653278944,1.0,Sinularia
genus,241840,0.0,0.24924441653255877,0.48921589230169515,0.03049251381353463,7.848883524136084,0,381,0.6312220244460003,1.0,Xylocarpus
genus,86557,0.0,0.1596210961520849,0.7640226976343698,0.047572673991380106,12.270293711181093,0,244,1.0,1.0,Eunicea
genus,48110,0.0,0.015700435687090317,7.63562560887268,0.46356580011661014,125.77023245503916,0,24,1.0,1.0,Cnidium
genus,49551,0.0,0.032055056194476066,3.778630861862196,0.23267757237753822,61.364105892639024,0,49,1.0,1.0,Ligusticum
genus,94326,0.0,0.1118656042705185,1.0897545239463158,0.06777304983417837,17.522671996716973,0,171,1.0,1.0,Alpinia
genus,275431,0.0,0.11121141945022307,1.0961532249090982,0.06816938002395177,17.625976531639907,0,170,1.0,1.0,Ircinia
genus,1868718,0.24509803921568626,0.013737881226204026,17.88241488241488,2.3997711739219074,133.25468923947463,1,21,0.05695891430819862,1.0,Phyllolobium
genus,4281,0.0,0.059530818646884115,2.0436155199282995,0.12664774013661192,32.976225148485604,0,91,1.0,1.0,Cornus
genus,124948,0.0,0.04448456778008923,2.7302039685872295,0.16876919625021794,44.166908865514195,0,68,1.0,1.0,Ekebergia
genus,4430,0.49019607843137253,0.031400871374180635,15.682881773399014,3.799000890021751,64.741438035568,2,48,0.007958321829781689,0.39901379105181295,Nelumbo
genus,118777,0.0,0.026167392811817194,4.618598606766701,0.2835225230990664,75.23724343753044,0,40,1.0,1.0,Tussilago
genus,1562292,0.0,0.017008805327681176,7.059259601394887,0.4294804974759218,116.03122007345566,0,26,1.0,1.0,Pseudopestalotiopsis
genus,32008,0.0,0.06607266684983841,1.8421534992252082,0.11424759680159877,29.703290132227888,0,101,1.0,1.0,Burkholderia
genus,37493,0.0,0.018317174968272038,6.563787068650819,0.4000627239996083,107.69136462368809,0,28,1.0,1.0,Consolida
genus,279618,0.0,0.06280174274836127,1.9376652862424768,0.12012872603712445,31.254362593913118,0,96,1.0,1.0,Lamellodysidea
genus,121489,0.0,0.1642003898941529,0.7427235850502858,0.046250104722435834,11.92728810238457,0,251,1.0,1.0,Spongia
genus,253167,0.0,0.07326869987308815,1.6619121447028424,0.10313792152150884,26.77920919838212,0,112,1.0,1.0,Stelletta
genus,52860,0.0,0.2884955057502846,0.42256494564125024,0.026344697250368927,6.777877596687591,0,441,0.6362478731369523,1.0,Tabernaemontana
genus,205095,0.0,0.2826078423676257,0.4313836749421612,0.026893621204986354,6.919554402443239,0,432,0.6350163610891629,1.0,Lobophytum
genus,213021,0.0,0.017662990147976607,6.802514743518415,0.41425020102343746,111.70593694694989,0,27,1.0,1.0,Stillingia
genus,1873,0.0,0.22700213264251418,0.5372013772091262,0.03347747607559371,8.620283053111374,0,347,1.0,1.0,Micromonospora
genus,2915487,0.0,0.026167392811817194,4.618598606766701,0.2835225230990664,75.23724343753044,0,40,1.0,1.0,Heptapleurum
genus,279624,0.0,0.065418482029543,1.8604955637966836,0.11537733021958986,30.001073315868947,0,100,1.0,1.0,Phyllospongia
genus,506629,0.0,0.015046250866794886,7.960597932237818,0.48272014659282364,131.27920988183405,0,23,1.0,1.0,Koanophyllon
genus,117544,0.0,0.022896468710340047,5.269277845777234,0.3226928456601489,86.04246852513235,0,35,1.0,1.0,Cytospora
genus,43521,0.0,0.09812772304431448,1.2419840840608822,0.0771969348416262,19.98168020822489,0,150,1.0,1.0,Morinda
genus,93803,0.0,0.026167392811817194,4.618598606766701,0.2835225230990664,75.23724343753044,0,40,1.0,1.0,Waltheria
genus,162985,0.0,0.018971359788567465,6.341244320892891,0.38681452837657604,103.95519451148766,0,29,1.0,1.0,Hapalosiphon
genus,13398,0.0,0.03990527403802122,3.0410982077997035,0.1877719417860069,49.252717000830245,0,61,1.0,1.0,Carex
genus,41555,0.0,0.015700435687090317,7.63562560887268,0.46356580011661014,125.77023245503916,0,24,1.0,1.0,Cosmos
genus,5782,0.0,0.01635462050738575,7.336141310869513,0.4458729452486765,120.70472072045065,0,25,1.0,1.0,Dictyostelium
genus,283119,0.0,0.021588099069749185,5.583934671806207,0.3415673826641469,91.28601851792796,0,33,1.0,1.0,Flueggea
genus,55182,0.0,0.031400871374180635,3.856566013451274,0.23740845520212414,62.64773258999906,0,48,1.0,1.0,Forsythia
genus,4725,0.24509803921568626,0.023550653530635474,10.43038493038493,1.4266713016099182,76.25647875108608,1,36,0.09392734320939075,1.0,Pandanus
genus,159191,0.0,0.0438303829597938,2.7706695679767894,0.17124504491152814,44.8282159573068,0,67,1.0,1.0,Nodularia
genus,41485,0.0,0.05625989454540697,2.161814335543119,0.13391436804855827,34.89872886279922,0,86,1.0,1.0,Atractylodes
genus,12958,0.0,0.16223783543326661,0.7517048435041092,0.04680782175794385,12.071917695072829,0,248,1.0,1.0,Axinella
genus,10211,0.0,0.04186782849890751,2.89959484975283,0.1791282719939651,46.936478530850756,0,64,1.0,1.0,Bugula
genus,48043,0.0,0.032055056194476066,3.778630861862196,0.23267757237753822,61.364105892639024,0,49,1.0,1.0,Oenanthe
genus,2995706,0.0,0.015046250866794886,7.960597932237818,0.48272014659282364,131.27920988183405,0,23,1.0,1.0,Streptantibioticus
genus,1036719,0.0,0.017662990147976607,6.802514743518415,0.41425020102343746,111.70593694694989,0,27,1.0,1.0,Verticillium
genus,13757,0.0,0.024859023171226336,4.858589391025132,0.2979917108340321,79.21660238304207,0,38,1.0,1.0,Viola
genus,103474,0.0,0.035980165116248644,3.3699979048816258,0.2078277028928345,54.64567870801458,0,55,1.0,1.0,Cestrum
genus,1177,0.0,0.11579071319229109,1.0528763769889842,0.06548848236888656,16.927383642472666,0,177,1.0,1.0,Nostoc
genus,85813,0.0,0.027475762452408053,4.401195190438476,0.27039294578907297,71.6384040560335,0,42,1.0,1.0,Phakellia
genus,553185,0.0,0.028784132092998915,4.203333654229643,0.25842518532972136,68.36800285636681,0,44,1.0,1.0,Latrunculia
genus,60562,0.0,0.065418482029543,1.8604955637966836,0.11537733021958986,30.001073315868947,0,100,1.0,1.0,Certonardoa
genus,206345,0.0,0.10270701678638249,1.1867303918711507,0.07377764109892757,19.08883236185667,0,157,1.0,1.0,Klyxum
genus,76312,0.0,0.07653962397456529,1.591140394281101,0.0987716551373077,25.632128476469564,0,117,1.0,1.0,Caulerpa
genus,1988,0.0,0.06868940613102013,1.7722624095784485,0.10994142484948703,28.568977095801795,0,105,1.0,1.0,Actinomadura
genus,40921,1.7156862745098038,0.060185003467179546,28.98704326141169,13.358623491149674,62.89934569947515,7,92,1.0848473488403473e-08,1.213360034779896e-06,Anethum
genus,59595,0.0,0.026167392811817194,4.618598606766701,0.2835225230990664,75.23724343753044,0,40,1.0,1.0,Palicourea
genus,40685,0.0,0.022242283890044616,5.422046014936228,0.3318620573885193,88.58675565211773,0,34,1.0,1.0,Salix
genus,4201,0.0,0.028784132092998915,4.203333654229643,0.25842518532972136,68.36800285636681,0,44,1.0,1.0,Sambucus
genus,39249,0.0,0.06214755792806584,1.9579677917550482,0.12137831524117905,31.58420732675925,0,95,1.0,1.0,Scrophularia
genus,41387,0.0,0.020933914249453754,5.755785707560493,0.35185724898147364,94.15485742373322,0,32,1.0,1.0,Gmelina
genus,4051,0.0,0.026821577632112625,4.507277580333574,0.27680218497729686,73.39375297143675,0,41,1.0,1.0,Hedera
genus,23012,0.0,0.031400871374180635,3.856566013451274,0.23740845520212414,62.64773258999906,0,48,1.0,1.0,Kalanchoe
genus,53018,0.0,0.04840967670186181,2.510223193382238,0.15529690715348807,40.57531213011407,0,74,1.0,1.0,Plagiochila
genus,3620,0.0,0.0327092410147715,3.7037822509301113,0.22813148245683518,60.13200288960779,0,50,1.0,1.0,Rheum
genus,86560,0.0,0.16354620507385748,0.7456934356501196,0.04643453022702176,11.975111996461862,0,250,1.0,1.0,Junceella
genus,159075,0.0,0.03532598029595321,3.431855187360336,0.21159420800033213,55.66140084039331,0,54,1.0,1.0,Acremonium
genus,199219,0.24509803921568626,0.014392066046499457,17.069466160375253,2.295424674094704,126.93366865332158,1,22,0.05946962089437696,1.0,Pinellia
genus,3754,0.9803921568627451,0.09616516858342819,10.285916346736714,3.7915017884040907,27.90452991889492,4,147,0.0007564762732509902,0.04782245657856259,Prunus
genus,313936,0.0,0.0327092410147715,3.7037822509301113,0.22813148245683518,60.13200288960779,0,50,1.0,1.0,Pentanema
genus,4211,0.0,0.055605709725111536,2.187113029411554,0.1354688557389249,35.31042893460664,0,85,1.0,1.0,Ambrosia
genus,21922,0.0,0.04317619813949837,2.812352177874306,0.1737945801637306,45.50961695665673,0,66,1.0,1.0,Callicarpa
genus,120289,2.450980392156863,0.074577069513679,33.66569690558053,17.50749945491382,64.73678043270249,10,114,1.99348905683704e-12,3.6231663608013203e-10,Psidium
genus,5340,0.0,0.028784132092998915,4.203333654229643,0.25842518532972136,68.36800285636681,0,44,1.0,1.0,Agaricus
genus,283086,0.0,0.020933914249453754,5.755785707560493,0.35185724898147364,94.15485742373322,0,32,1.0,1.0,Bridelia
genus,43068,0.0,0.018971359788567465,6.341244320892891,0.38681452837657604,103.95519451148766,0,29,1.0,1.0,Centella
genus,141544,0.24509803921568626,0.04906386152215724,5.005307125307126,0.69427634203403,36.085198215528855,1,75,0.1834189009363472,1.0,Cerbera
genus,43572,0.0,0.017008805327681176,7.059259601394887,0.4294804974759218,116.03122007345566,0,26,1.0,1.0,Sarcocephalus
genus,4275,0.49019607843137253,0.1988721853698107,2.4720961887477313,0.6133644054455076,9.963505400973247,2,304,0.19629429519802497,1.0,Polygala
genus,39702,0.0,0.013737881226204026,8.701232529674646,0.5262025995419242,143.88269385475752,0,21,1.0,1.0,Septoria
genus,128729,0.0,0.025513207991521764,4.735556140867328,0.2905771718773189,77.17568389293244,0,39,1.0,1.0,Tetraneuris
genus,7090,0.0,0.015046250866794886,7.960597932237818,0.48272014659282364,131.27920988183405,0,23,1.0,1.0,Bombyx
genus,35715,0.0,0.013737881226204026,8.701232529674646,0.5262025995419242,143.88269385475752,0,21,1.0,1.0,Prosopis
genus,41642,0.0,0.018317174968272038,6.563787068650819,0.4000627239996083,107.69136462368809,0,28,1.0,1.0,Santolina
genus,3257,0.0,0.017008805327681176,7.059259601394887,0.4294804974759218,116.03122007345566,0,26,1.0,1.0,Equisetum
genus,1310091,0.0,0.022896468710340047,5.269277845777234,0.3226928456601489,86.04246852513235,0,35,1.0,1.0,Monoon
genus,72171,0.24509803921568626,0.11775326765317738,2.084111384111384,0.2912817392787228,14.911749264262752,1,180,0.38291144080327777,1.0,Ziziphus
genus,60577,0.0,0.03401761065536235,3.562639156029609,0.21955200269001668,57.81043944288514,0,52,1.0,1.0,Henricia
genus,146270,0.24509803921568626,0.0569140793657024,4.31458103871897,0.5995387001433872,31.04988808098811,1,87,0.2091384098746505,1.0,Doris
genus,12947,0.24509803921568626,0.07326869987308815,3.350956475956476,0.4668017538353405,24.054985251224064,1,112,0.26015445079593225,1.0,Aristolochia
genus,4231,0.0,0.09878190786460991,1.2337780901713182,0.07668920734948415,19.84905605882526,0,151,1.0,1.0,Helianthus
genus,35934,0.0,0.06083918828747498,1.9998756373585376,0.12395708750880721,32.26521891792633,0,93,1.0,1.0,Parthenium
genus,64579,0.0,0.03401761065536235,3.562639156029609,0.21955200269001668,57.81043944288514,0,52,1.0,1.0,Vatica
genus,39130,0.0,0.017662990147976607,6.802514743518415,0.41425020102343746,111.70593694694989,0,27,1.0,1.0,Agastache
genus,88849,0.0,0.028129947272703484,4.299990151802923,0.26427369385824634,69.96502389496219,0,43,1.0,1.0,Beilschmiedia
genus,68549,0.0,0.018317174968272038,6.563787068650819,0.4000627239996083,107.69136462368809,0,28,1.0,1.0,Micromelum
genus,559836,0.0,0.013737881226204026,8.701232529674646,0.5262025995419242,143.88269385475752,0,21,1.0,1.0,Pentaceraster
genus,3703,0.0,0.017662990147976607,6.802514743518415,0.41425020102343746,111.70593694694989,0,27,1.0,1.0,Armoracia
genus,19205,0.49019607843137253,0.0634559275686567,7.758112843431009,1.9064382848299875,31.571079625468524,2,97,0.028939911829929933,1.0,Lepidium
genus,3846,0.0,0.030092501733589773,4.022492465221569,0.24747157536688544,65.38304695711498,0,46,1.0,1.0,Glycine
genus,4053,0.24509803921568626,0.30812105035914744,0.7949576675691326,0.11147887741297288,5.66885591147345,1,471,1.0,1.0,Panax
genus,3684,0.49019607843137253,0.05168060080333896,9.526906528652491,2.3335874269409156,38.89374229473833,2,79,0.019941705390100928,0.8528011658001985,Passiflora
genus,178550,0.0,0.19233033716685638,0.6340996606492343,0.03950185349390706,10.178823120223791,0,294,1.0,1.0,Xestospongia
genus,6061,0.0,0.08111891771663331,1.501609866639139,0.09324478756381688,24.18185777993009,0,124,1.0,1.0,Halichondria
genus,33194,0.0,0.06214755792806584,1.9579677917550482,0.12137831524117905,31.58420732675925,0,95,1.0,1.0,Bipolaris
genus,91200,0.0,0.019625544608862896,6.133294540201056,0.3744153412088822,100.46944603125601,0,30,1.0,1.0,Gastrodia
genus,47605,0.0,0.03859690439743036,3.143361138825175,0.19401299614893774,50.92813082218049,0,59,1.0,1.0,Hibiscus
genus,3325,0.0,0.024204838350930905,4.988184414524683,0.3057943970748501,81.36834419244289,0,37,1.0,1.0,Larix
genus,52847,0.0,0.024859023171226336,4.858589391025132,0.2979917108340321,79.21660238304207,0,38,1.0,1.0,Plumeria
genus,69461,0.0,0.0569140793657024,2.137093897534534,0.13239513035088632,34.49651293650295,0,87,1.0,1.0,Aquilaria
genus,119426,0.0,0.035980165116248644,3.3699979048816258,0.2078277028928345,54.64567870801458,0,55,1.0,1.0,Aplysilla
genus,54723,0.0,0.018971359788567465,6.341244320892891,0.38681452837657604,103.95519451148766,0,29,1.0,1.0,Hansenia
genus,100495,0.0,0.013737881226204026,8.701232529674646,0.5262025995419242,143.88269385475752,0,21,1.0,1.0,Rohdea
genus,549428,0.0,0.024859023171226336,4.858589391025132,0.2979917108340321,79.21660238304207,0,38,1.0,1.0,Philotheca
genus,52291,0.0,0.032055056194476066,3.778630861862196,0.23267757237753822,61.364105892639024,0,49,1.0,1.0,Ratibida
genus,43852,0.0,0.017662990147976607,6.802514743518415,0.41425020102343746,111.70593694694989,0,27,1.0,1.0,Toxicodendron
genus,1306264,0.0,0.16289202025356203,0.7486870926675873,0.04662042998944313,12.023320309443156,0,249,1.0,1.0,Antillogorgia
genus,662,0.0,0.023550653530635474,5.124880535202294,0.31401652500994026,83.64018581271783,0,36,1.0,1.0,Vibrio
genus,190526,0.0,0.25905718883699025,0.4706620505926243,0.029338078100168787,7.55069112270103,0,396,0.6317273356864284,1.0,Dysidea
genus,39257,0.0,0.04971804634245267,2.444564443484452,0.15127151475448342,39.504432331807095,0,76,1.0,1.0,Verbascum
genus,72901,0.0,0.045792937420680094,2.652716650607221,0.16402613990736323,42.90112315258417,0,70,1.0,1.0,Blumea
genus,43896,0.0,0.032055056194476066,3.778630861862196,0.23267757237753822,61.364105892639024,0,49,1.0,1.0,Cipadessa
genus,3660,0.0,0.035980165116248644,3.3699979048816258,0.2078277028928345,54.64567870801458,0,55,1.0,1.0,Cucurbita
genus,85785,0.0,0.020933914249453754,5.755785707560493,0.35185724898147364,94.15485742373322,0,32,1.0,1.0,Cymbastela
genus,39173,0.0,0.018971359788567465,6.341244320892891,0.38681452837657604,103.95519451148766,0,29,1.0,1.0,Ocimum
genus,63461,0.24509803921568626,0.024859023171226336,9.881287986551145,1.3534754617293656,72.14009786952722,1,38,0.09874597487353946,1.0,Nerium
genus,360998,0.0,0.14588321492588086,0.8359250709886938,0.052035915097278805,13.428623730381842,0,223,1.0,1.0,Litophyton
genus,43708,0.0,0.20083473983069697,0.607240449393478,0.03783239064193112,9.746700039909799,0,307,1.0,1.0,Melia
genus,20802,0.0,0.036634349936544075,3.310330260720746,0.2041928915688953,53.6663463201221,0,56,1.0,1.0,Oxytropis
genus,4030,0.49019607843137253,0.027475762452408053,17.92399718508093,4.324439991337323,74.29162521259481,2,42,0.006210657651671892,0.3225105794832475,Pelargonium
genus,4071,1.7156862745098038,0.12822022477790426,13.596900605628786,6.357208076190711,29.081273392914863,7,196,1.4592824876275164e-06,0.00015155690978645777,Capsicum
genus,1175191,0.0,0.026167392811817194,4.618598606766701,0.2835225230990664,75.23724343753044,0,40,1.0,1.0,Doriprismatica
genus,183066,0.0,0.018971359788567465,6.341244320892891,0.38681452837657604,103.95519451148766,0,29,1.0,1.0,Perymenium
genus,3648,1.7156862745098038,0.013083696405908597,133.40324189526186,56.09725461674403,317.2423511587288,7,20,7.630148291282595e-13,1.5848908022178418e-10,Carica
genus,154603,0.0,0.017008805327681176,7.059259601394887,0.4294804974759218,116.03122007345566,0,26,1.0,1.0,Dendrodoris
genus,318056,0.0,0.022896468710340047,5.269277845777234,0.3226928456601489,86.04246852513235,0,35,1.0,1.0,Elephantopus
genus,22042,0.0,0.0680352213107247,1.7892335712988938,0.1109872670660278,28.844360774812706,0,104,1.0,1.0,Litsea
genus,50241,0.0,0.0569140793657024,2.137093897534534,0.13239513035088632,34.49651293650295,0,87,1.0,1.0,Veratrum
genus,66735,0.0,0.015046250866794886,7.960597932237818,0.48272014659282364,131.27920988183405,0,23,1.0,1.0,Diplodia
genus,148695,0.0,0.015700435687090317,7.63562560887268,0.46356580011661014,125.77023245503916,0,24,1.0,1.0,Entada
genus,373097,0.0,0.024859023171226336,4.858589391025132,0.2979917108340321,79.21660238304207,0,38,1.0,1.0,Gambierdiscus
genus,398019,0.0,0.015700435687090317,7.63562560887268,0.46356580011661014,125.77023245503916,0,24,1.0,1.0,Jackiella
genus,3995,0.0,0.0680352213107247,1.7892335712988938,0.1109872670660278,28.844360774812706,0,104,1.0,1.0,Jatropha
genus,4688,0.0,0.04513875260038466,2.6909028468779446,0.16636388525762877,43.52481982566455,0,69,1.0,1.0,Lilium
genus,3067300,0.0,0.08046473289633788,1.5137785618362827,0.09399619631472686,24.378917702184705,0,123,1.0,1.0,Emblica
genus,3913,0.0,0.017008805327681176,7.059259601394887,0.4294804974759218,116.03122007345566,0,26,1.0,1.0,Vigna
genus,1048900,0.0,0.024204838350930905,4.988184414524683,0.3057943970748501,81.36834419244289,0,37,1.0,1.0,Aldama
genus,50188,0.0,0.022896468710340047,5.269277845777234,0.3226928456601489,86.04246852513235,0,35,1.0,1.0,Torreya
genus,461587,0.0,0.017662990147976607,6.802514743518415,0.41425020102343746,111.70593694694989,0,27,1.0,1.0,Fibraurea
genus,72403,0.0,0.031400871374180635,3.856566013451274,0.23740845520212414,62.64773258999906,0,48,1.0,1.0,Clusia
genus,3887,0.0,0.04971804634245267,2.444564443484452,0.15127151475448342,39.504432331807095,0,76,1.0,1.0,Pisum
genus,47251,0.0,0.013737881226204026,8.701232529674646,0.5262025995419242,143.88269385475752,0,21,1.0,1.0,Leptolyngbya
genus,31169,0.0,0.04252201331920294,2.8553075392190754,0.1764211411841665,46.21204175870614,0,65,1.0,1.0,Culcita
genus,128591,0.0,0.05298897044392982,2.294516073319266,0.1420650363994175,37.059111405275026,0,81,1.0,1.0,Aniba
genus,72956,0.0,0.0438303829597938,2.7706695679767894,0.17124504491152814,44.8282159573068,0,67,1.0,1.0,Nidorella
genus,1175194,0.0,0.032055056194476066,3.778630861862196,0.23267757237753822,61.364105892639024,0,49,1.0,1.0,Goniobranchus
genus,3202,0.0,0.04513875260038466,2.6909028468779446,0.16636388525762877,43.52481982566455,0,69,1.0,1.0,Jungermannia
genus,468352,0.0,0.041213643678612084,2.9452770362089074,0.18191973740988576,47.68397834960888,0,63,1.0,1.0,Strepsichordaia
genus,561730,0.0,0.017662990147976607,6.802514743518415,0.41425020102343746,111.70593694694989,0,27,1.0,1.0,Zyzzya
genus,46347,0.0,0.1687796836362209,0.7225780027415487,0.044998972075673556,11.602908821293349,0,258,1.0,1.0,Glycyrrhiza
genus,13570,0.0,0.035980165116248644,3.3699979048816258,0.2078277028928345,54.64567870801458,0,55,1.0,1.0,Hypoestes
genus,46988,0.0,0.1092488649893368,1.115807742194779,0.0693866470296638,17.94332152999905,0,167,1.0,1.0,Actaea
genus,3103835,0.0,0.019625544608862896,6.133294540201056,0.3744153412088822,100.46944603125601,0,30,1.0,1.0,Phyllogeiton
genus,4564,0.0,0.026821577632112625,4.507277580333574,0.27680218497729686,73.39375297143675,0,41,1.0,1.0,Triticum
genus,2201458,0.0,0.026167392811817194,4.618598606766701,0.2835225230990664,75.23724343753044,0,40,1.0,1.0,Conglomeratusclera
genus,121476,0.0,0.07915636325574701,1.5387168754501817,0.09553590898359683,24.78282404997775,0,121,1.0,1.0,Aplysina
genus,43722,0.0,0.0922400596616556,1.3210573891380601,0.08208783859260081,21.260063065585143,0,141,1.0,1.0,Brucea
genus,55566,0.0,0.024859023171226336,4.858589391025132,0.2979917108340321,79.21660238304207,0,38,1.0,1.0,Suberites
genus,39509,0.0,0.05102641598304353,2.3822513623712664,0.14744942855762946,38.48859645666024,0,78,1.0,1.0,Agave
genus,4028,0.0,0.024859023171226336,4.858589391025132,0.2979917108340321,79.21660238304207,0,38,1.0,1.0,Geranium
genus,494674,0.0,0.014392066046499457,8.314456684346526,0.5035248109414775,137.29251956148255,0,22,1.0,1.0,Gypothamnium
genus,46402,0.0,0.020279729429158327,5.938547920188067,0.36278609655577165,97.20976557586583,0,31,1.0,1.0,Meryta
genus,59066,0.0,0.015700435687090317,7.63562560887268,0.46356580011661014,125.77023245503916,0,24,1.0,1.0,Ruscus
genus,64233,0.0,0.030092501733589773,4.022492465221569,0.24747157536688544,65.38304695711498,0,46,1.0,1.0,Hemsleya
genus,13520,0.0,0.018317174968272038,6.563787068650819,0.4000627239996083,107.69136462368809,0,28,1.0,1.0,Eupomatia
genus,39172,0.0,0.06738103649042927,1.8065326781733573,0.11205318361379654,29.12510124260651,0,103,1.0,1.0,Nepeta
genus,99027,0.0,0.05233478562363439,2.323034583425196,0.1438156260451462,37.523667102039525,0,80,1.0,1.0,Anthemis
genus,72714,0.0,0.293728984312648,0.4150225396639541,0.02587518992249852,6.656712818148327,0,449,0.6374664895880127,1.0,Agelas
genus,5110,0.0,0.050372231162748096,2.41300588304971,0.14933603330639236,38.98990258892374,0,77,1.0,1.0,Claviceps
genus,285276,0.0,0.025513207991521764,4.735556140867328,0.2905771718773189,77.17568389293244,0,39,1.0,1.0,Scleronephthya
genus,5324,0.0,0.019625544608862896,6.133294540201056,0.3744153412088822,100.46944603125601,0,30,1.0,1.0,Trametes
genus,344323,0.0,0.028784132092998915,4.203333654229643,0.25842518532972136,68.36800285636681,0,44,1.0,1.0,Biemna
genus,286195,0.0,0.04513875260038466,2.6909028468779446,0.16636388525762877,43.52481982566455,0,69,1.0,1.0,Eudistoma
genus,191157,0.0,0.028129947272703484,4.299990151802923,0.26427369385824634,69.96502389496219,0,43,1.0,1.0,Flourensia
genus,72167,0.0,0.018971359788567465,6.341244320892891,0.38681452837657604,103.95519451148766,0,29,1.0,1.0,Berchemia
genus,38208,0.24509803921568626,0.020279729429158327,12.113101371165888,1.6496900678772353,88.94229751709928,1,31,0.08176802837214979,1.0,Bulbophyllum
genus,3558,0.0,0.06476429720924756,1.8792063130831638,0.11652961384918305,30.304883458226403,0,99,1.0,1.0,Chenopodium
genus,23242,0.0,0.013737881226204026,8.701232529674646,0.5262025995419242,143.88269385475752,0,21,1.0,1.0,Chrysosplenium
genus,240058,0.0,0.013083696405908597,9.125742603815267,0.5510182991635482,151.13686459688856,0,20,1.0,1.0,Dysphania
genus,63350,0.0,0.054951524904816106,2.2130105089336802,0.13705983462226143,35.731952589525896,0,84,1.0,1.0,Epimedium
genus,200485,0.0,0.022896468710340047,5.269277845777234,0.3226928456601489,86.04246852513235,0,35,1.0,1.0,Incarvillea
genus,23129,0.0,0.0680352213107247,1.7892335712988938,0.1109872670660278,28.844360774812706,0,104,1.0,1.0,Pittosporum
genus,5021,0.0,0.030092501733589773,4.022492465221569,0.24747157536688544,65.38304695711498,0,46,1.0,1.0,Leptosphaeria
genus,13707,0.0,0.024859023171226336,4.858589391025132,0.2979917108340321,79.21660238304207,0,38,1.0,1.0,Tagetes
genus,458530,0.0,0.024859023171226336,4.858589391025132,0.2979917108340321,79.21660238304207,0,38,1.0,1.0,Eurycoma
genus,170021,0.0,0.022242283890044616,5.422046014936228,0.3318620573885193,88.58675565211773,0,34,1.0,1.0,Mitragyna
genus,237149,0.0,0.09354842930224647,1.3026283803666854,0.08094820896708028,20.962053626495898,0,143,1.0,1.0,Axinyssa
genus,21199,0.0,0.13018277923879054,0.9366347324860499,0.058283336933412803,15.052065792003102,0,199,1.0,1.0,Asclepias
genus,77188,0.0,0.015046250866794886,7.960597932237818,0.48272014659282364,131.27920988183405,0,23,1.0,1.0,Poecillastra
genus,283572,0.24509803921568626,0.10859468016904136,2.2600870311713686,0.3157322200272011,16.178245565273464,1,166,0.35942119500369807,1.0,Rhabdastrella
genus,1162792,0.0,0.023550653530635474,5.124880535202294,0.31401652500994026,83.64018581271783,0,36,1.0,1.0,Scalarispongia
genus,122809,0.0,0.015700435687090317,7.63562560887268,0.46356580011661014,125.77023245503916,0,24,1.0,1.0,Lagerstroemia
genus,251260,0.0,0.03925108921772579,3.0913845251221463,0.1908414801675602,50.07642087964242,0,60,1.0,1.0,Machilus
genus,36776,0.0,0.022896468710340047,5.269277845777234,0.3226928456601489,86.04246852513235,0,35,1.0,1.0,Elaeagnus
genus,389506,0.0,0.026821577632112625,4.507277580333574,0.27680218497729686,73.39375297143675,0,41,1.0,1.0,Solenostoma
genus,56942,0.0,0.03336342583506692,3.6318403821701466,0.22375956620198006,58.94838279072905,0,51,1.0,1.0,Porella
genus,33202,0.0,0.0327092410147715,3.7037822509301113,0.22813148245683518,60.13200288960779,0,50,1.0,1.0,Paecilomyces
genus,563157,0.0,0.03532598029595321,3.431855187360336,0.21159420800033213,55.66140084039331,0,54,1.0,1.0,Dendrilla
genus,63800,0.0,0.013737881226204026,8.701232529674646,0.5262025995419242,143.88269385475752,0,21,1.0,1.0,Nectandra
genus,124952,0.0,0.07065196059190643,1.7232259192617703,0.10691882918102764,27.773476304980917,0,108,1.0,1.0,Khaya
genus,984609,0.0,0.017008805327681176,7.059259601394887,0.4294804974759218,116.03122007345566,0,26,1.0,1.0,Desmos
genus,235748,0.0,0.03925108921772579,3.0913845251221463,0.1908414801675602,50.07642087964242,0,60,1.0,1.0,Miliusa
genus,3443,0.0,0.030746686553885204,3.9377826451072604,0.24233563127626728,63.986183453272886,0,47,1.0,1.0,Nigella
genus,43714,0.0,0.019625544608862896,6.133294540201056,0.3744153412088822,100.46944603125601,0,30,1.0,1.0,Acronychia
genus,46366,0.49019607843137253,0.13018277923879054,3.779067752555883,0.9354058198734893,15.267547811856975,2,199,0.10072427345651826,1.0,Bupleurum
genus,85201,0.0,0.013083696405908597,9.125742603815267,0.5510182991635482,151.13686459688856,0,20,1.0,1.0,Euclea
genus,109566,0.0,0.018971359788567465,6.341244320892891,0.38681452837657604,103.95519451148766,0,29,1.0,1.0,Othonna
genus,4842,0.0,0.029438316913294345,4.11092579391233,0.25282984209022225,66.84223168965575,0,45,1.0,1.0,Rhizopus
genus,23224,0.0,0.06738103649042927,1.8065326781733573,0.11205318361379654,29.12510124260651,0,103,1.0,1.0,Spiraea
genus,24208,0.0,0.05298897044392982,2.294516073319266,0.1420650363994175,37.059111405275026,0,81,1.0,1.0,Syringa
genus,13659,0.0,0.020279729429158327,5.938547920188067,0.36278609655577165,97.20976557586583,0,31,1.0,1.0,Ruellia
genus,73722,0.0,0.031400871374180635,3.856566013451274,0.23740845520212414,62.64773258999906,0,48,1.0,1.0,Callistemon
genus,74721,0.0,0.11448234355170023,1.0648889167861015,0.06623271669938337,17.12127271240913,0,175,1.0,1.0,Stachybotrys
genus,1779225,0.0,0.029438316913294345,4.11092579391233,0.25282984209022225,66.84223168965575,0,45,1.0,1.0,Batzella
genus,4581,0.0,0.015046250866794886,7.960597932237818,0.48272014659282364,131.27920988183405,0,23,1.0,1.0,Bambusa
genus,5112,0.0,0.017008805327681176,7.059259601394887,0.4294804974759218,116.03122007345566,0,26,1.0,1.0,Epichloe
genus,3554,0.0,0.03532598029595321,3.431855187360336,0.21159420800033213,55.66140084039331,0,54,1.0,1.0,Beta
genus,53747,0.0,0.036634349936544075,3.310330260720746,0.2041928915688953,53.6663463201221,0,56,1.0,1.0,Echinacea
genus,1125,0.0,0.23027305674399132,0.5295641379549815,0.03300246854184054,8.497490902914217,0,352,1.0,1.0,Microcystis
genus,2588178,0.0,0.020933914249453754,5.755785707560493,0.35185724898147364,94.15485742373322,0,32,1.0,1.0,Mesostemma
genus,16896,0.0,0.07261451505279272,1.6768281638500255,0.10405787424882876,27.02104681051849,0,111,1.0,1.0,Alangium
genus,13392,0.0,0.03925108921772579,3.0913845251221463,0.1908414801675602,50.07642087964242,0,60,1.0,1.0,Cananga
genus,58799,0.0,0.027475762452408053,4.401195190438476,0.27039294578907297,71.6384040560335,0,42,1.0,1.0,Euplexaura
genus,3669,0.0,0.028784132092998915,4.203333654229643,0.25842518532972136,68.36800285636681,0,44,1.0,1.0,Luffa
genus,626,0.0,0.0327092410147715,3.7037822509301113,0.22813148245683518,60.13200288960779,0,50,1.0,1.0,Xenorhabdus
genus,535,0.0,0.017662990147976607,6.802514743518415,0.41425020102343746,111.70593694694989,0,27,1.0,1.0,Chromobacterium
genus,113422,0.0,0.024859023171226336,4.858589391025132,0.2979917108340321,79.21660238304207,0,38,1.0,1.0,Cerinthe
genus,5130,0.0,0.013737881226204026,8.701232529674646,0.5262025995419242,143.88269385475752,0,21,1.0,1.0,Hypomyces
genus,123493,0.0,0.014392066046499457,8.314456684346526,0.5035248109414775,137.29251956148255,0,22,1.0,1.0,Crossopetalum
genus,1074817,0.0,0.08438984181811045,1.4435853934017948,0.08966088450593022,23.242451817494413,0,129,1.0,1.0,Isis
genus,118259,0.0,0.017008805327681176,7.059259601394887,0.4294804974759218,116.03122007345566,0,26,1.0,1.0,Plenodomus
genus,37463,0.0,0.0569140793657024,2.137093897534534,0.13239513035088632,34.49651293650295,0,87,1.0,1.0,Phoma
genus,2571159,0.0,0.01635462050738575,7.336141310869513,0.4458729452486765,120.70472072045065,0,25,1.0,1.0,Mycetohabitans
genus,141608,0.0,0.017008805327681176,7.059259601394887,0.4294804974759218,116.03122007345566,0,26,1.0,1.0,Rhazya
genus,50190,0.0,0.03401761065536235,3.562639156029609,0.21955200269001668,57.81043944288514,0,52,1.0,1.0,Sonchus
genus,5027,0.0,0.01635462050738575,7.336141310869513,0.4458729452486765,120.70472072045065,0,25,1.0,1.0,Pyrenophora
genus,35753,0.0,0.017662990147976607,6.802514743518415,0.41425020102343746,111.70593694694989,0,27,1.0,1.0,Dactylosporangium
genus,4044,0.0,0.04317619813949837,2.812352177874306,0.1737945801637306,45.50961695665673,0,66,1.0,1.0,Apium
genus,190915,0.0,0.013737881226204026,8.701232529674646,0.5262025995419242,143.88269385475752,0,21,1.0,1.0,Diaulula
genus,126747,0.0,0.032055056194476066,3.778630861862196,0.23267757237753822,61.364105892639024,0,49,1.0,1.0,Cynanchum
genus,54873,0.0,0.028784132092998915,4.203333654229643,0.25842518532972136,68.36800285636681,0,44,1.0,1.0,Gleditsia
genus,183075,0.0,0.0372885347568395,3.2527380128785057,0.20068298612614216,52.7214826959691,0,57,1.0,1.0,Sigesbeckia
genus,106663,0.0,0.023550653530635474,5.124880535202294,0.31401652500994026,83.64018581271783,0,36,1.0,1.0,Colubrina
genus,4527,0.24509803921568626,0.069997775771611,3.507658040368321,0.4884323161602978,25.190112367836466,1,107,0.25022090443881323,1.0,Oryza
genus,66647,0.0,0.08242728735722417,1.4778496475585507,0.09177741491912154,23.797135523087118,0,126,1.0,1.0,Tribulus
genus,52496,0.0,0.013083696405908597,9.125742603815267,0.5510182991635482,151.13686459688856,0,20,1.0,1.0,Prangos
genus,165301,0.0,0.025513207991521764,4.735556140867328,0.2905771718773189,77.17568389293244,0,39,1.0,1.0,Lentzea
genus,34474,0.0,0.05822244900629326,2.0893102575849785,0.12945771533849665,33.7192521978003,0,89,1.0,1.0,Fomitopsis
genus,194252,0.0,0.03336342583506692,3.6318403821701466,0.22375956620198006,58.94838279072905,0,51,1.0,1.0,Brosimum
genus,55372,0.0,0.020279729429158327,5.938547920188067,0.36278609655577165,97.20976557586583,0,31,1.0,1.0,Symplocos
genus,136893,0.0,0.013083696405908597,9.125742603815267,0.5510182991635482,151.13686459688856,0,20,1.0,1.0,Catunaregam
genus,53925,0.0,0.020279729429158327,5.938547920188067,0.36278609655577165,97.20976557586583,0,31,1.0,1.0,Swartzia
genus,3310,0.0,0.10990304980963221,1.1091784737532189,0.06897609506059538,17.836279156666144,0,168,1.0,1.0,Ginkgo
genus,155078,0.0,0.032055056194476066,3.778630861862196,0.23267757237753822,61.364105892639024,0,49,1.0,1.0,Jaborosa
genus,314340,0.0,0.021588099069749185,5.583934671806207,0.3415673826641469,91.28601851792796,0,33,1.0,1.0,Suregada
genus,279594,0.0,0.0569140793657024,2.137093897534534,0.13239513035088632,34.49651293650295,0,87,1.0,1.0,Topsentia
genus,119171,0.0,0.06868940613102013,1.7722624095784485,0.10994142484948703,28.568977095801795,0,105,1.0,1.0,Carpesium
genus,169248,0.0,0.03859690439743036,3.143361138825175,0.19401299614893774,50.92813082218049,0,59,1.0,1.0,Glinus
genus,278975,0.0,0.032055056194476066,3.778630861862196,0.23267757237753822,61.364105892639024,0,49,1.0,1.0,Tedania
genus,252676,0.0,0.017662990147976607,6.802514743518415,0.41425020102343746,111.70593694694989,0,27,1.0,1.0,Siphonaria
genus,51679,0.0,0.035980165116248644,3.3699979048816258,0.2078277028928345,54.64567870801458,0,55,1.0,1.0,Pieris
genus,91493,0.0,0.017662990147976607,6.802514743518415,0.41425020102343746,111.70593694694989,0,27,1.0,1.0,Exserohilum
genus,85281,0.0,0.11775326765317738,1.035356703295958,0.06440293610275771,16.64463715364638,0,180,1.0,1.0,Stemona
genus,1744887,0.0,0.028784132092998915,4.203333654229643,0.25842518532972136,68.36800285636681,0,44,1.0,1.0,Trichogonia
genus,76024,0.0,0.024859023171226336,4.858589391025132,0.2979917108340321,79.21660238304207,0,38,1.0,1.0,Fallopia
genus,109564,0.0,0.014392066046499457,8.314456684346526,0.5035248109414775,137.29251956148255,0,22,1.0,1.0,Gynura
genus,60092,0.0,0.030746686553885204,3.9377826451072604,0.24233563127626728,63.986183453272886,0,47,1.0,1.0,Vinca
genus,40030,0.0,0.020933914249453754,5.755785707560493,0.35185724898147364,94.15485742373322,0,32,1.0,1.0,Rhizophora
genus,139836,0.0,0.0327092410147715,3.7037822509301113,0.22813148245683518,60.13200288960779,0,50,1.0,1.0,Radula
genus,1622067,0.0,0.017008805327681176,7.059259601394887,0.4294804974759218,116.03122007345566,0,26,1.0,1.0,Palhinhaea
genus,325644,0.0,0.013737881226204026,8.701232529674646,0.5262025995419242,143.88269385475752,0,21,1.0,1.0,Tydemania
genus,26005,0.0,0.022242283890044616,5.422046014936228,0.3318620573885193,88.58675565211773,0,34,1.0,1.0,Elaeocarpus
genus,1163034,0.0,0.026821577632112625,4.507277580333574,0.27680218497729686,73.39375297143675,0,41,1.0,1.0,Euryspongia
genus,4101,0.0,0.027475762452408053,4.401195190438476,0.27039294578907297,71.6384040560335,0,42,1.0,1.0,Petunia
genus,224865,0.0,0.065418482029543,1.8604955637966836,0.11537733021958986,30.001073315868947,0,100,1.0,1.0,Virola
genus,58485,0.0,0.017008805327681176,7.059259601394887,0.4294804974759218,116.03122007345566,0,26,1.0,1.0,Genipa
genus,36590,0.0,0.06672685167013384,1.8241693285965908,0.11313975805741625,29.411356330670657,0,102,1.0,1.0,Xanthium
genus,241856,0.0,0.04448456778008923,2.7302039685872295,0.16876919625021794,44.166908865514195,0,68,1.0,1.0,Antiaris
genus,49669,0.0,0.031400871374180635,3.856566013451274,0.23740845520212414,62.64773258999906,0,48,1.0,1.0,Paris
genus,201020,0.0,0.06411011238895213,1.8982969760607398,0.11770512966107005,30.614905397051583,0,98,1.0,1.0,Turraea
genus,4067,0.0,0.07981054807604245,1.5261459296080733,0.09475980362809588,24.579213013150607,0,122,1.0,1.0,Gymnema
genus,375145,0.0,0.07850217843545158,1.5514964676963081,0.09632482174481172,24.989833831732746,0,120,1.0,1.0,Ianthella
genus,114468,0.0,0.026821577632112625,4.507277580333574,0.27680218497729686,73.39375297143675,0,41,1.0,1.0,Diplospora
genus,2960,0.0,0.09027750520076933,1.349698863058915,0.0838586873389306,21.7232952094735,0,138,1.0,1.0,Amphidinium
genus,2949,0.0,0.017008805327681176,7.059259601394887,0.4294804974759218,116.03122007345566,0,26,1.0,1.0,Symbiodinium
genus,51443,0.0,0.013737881226204026,8.701232529674646,0.5262025995419242,143.88269385475752,0,21,1.0,1.0,Brodiaea
genus,51088,0.0,0.020279729429158327,5.938547920188067,0.36278609655577165,97.20976557586583,0,31,1.0,1.0,Myristica
genus,125762,0.0,0.028784132092998915,4.203333654229643,0.25842518532972136,68.36800285636681,0,44,1.0,1.0,Rhodanthe
genus,72121,0.0,0.013083696405908597,9.125742603815267,0.5510182991635482,151.13686459688856,0,20,1.0,1.0,Tapinella
genus,55367,0.0,0.015046250866794886,7.960597932237818,0.48272014659282364,131.27920988183405,0,23,1.0,1.0,Sideroxylon
genus,478207,0.0,0.04252201331920294,2.8553075392190754,0.1764211411841665,46.21204175870614,0,65,1.0,1.0,Flustra
genus,24735,0.0,0.013083696405908597,9.125742603815267,0.5510182991635482,151.13686459688856,0,20,1.0,1.0,Ulmus
genus,305387,0.0,0.021588099069749185,5.583934671806207,0.3415673826641469,91.28601851792796,0,33,1.0,1.0,Rhaponticoides
genus,361028,0.0,0.029438316913294345,4.11092579391233,0.25282984209022225,66.84223168965575,0,45,1.0,1.0,Cespitularia
genus,260823,0.0,0.024204838350930905,4.988184414524683,0.3057943970748501,81.36834419244289,0,37,1.0,1.0,Cystodytes
genus,86620,0.0,0.013737881226204026,8.701232529674646,0.5262025995419242,143.88269385475752,0,21,1.0,1.0,Usnea
genus,5644,0.0,0.050372231162748096,2.41300588304971,0.14933603330639236,38.98990258892374,0,77,1.0,1.0,Stereum
genus,536004,0.0,0.018317174968272038,6.563787068650819,0.4000627239996083,107.69136462368809,0,28,1.0,1.0,Ceroplastes
genus,200427,0.0,0.024859023171226336,4.858589391025132,0.2979917108340321,79.21660238304207,0,38,1.0,1.0,Stypopodium
genus,40890,0.0,0.018317174968272038,6.563787068650819,0.4000627239996083,107.69136462368809,0,28,1.0,1.0,Torilis
genus,341085,0.0,0.015700435687090317,7.63562560887268,0.46356580011661014,125.77023245503916,0,24,1.0,1.0,Microcosmus
genus,1081,0.0,0.013083696405908597,9.125742603815267,0.5510182991635482,151.13686459688856,0,20,1.0,1.0,Rhodospirillum
genus,41225,0.0,0.024859023171226336,4.858589391025132,0.2979917108340321,79.21660238304207,0,38,1.0,1.0,Elsholtzia
genus,39174,0.0,0.015046250866794886,7.960597932237818,0.48272014659282364,131.27920988183405,0,23,1.0,1.0,Origanum
genus,42336,0.0,0.050372231162748096,2.41300588304971,0.14933603330639236,38.98990258892374,0,77,1.0,1.0,Bidens
genus,46984,0.0,0.023550653530635474,5.124880535202294,0.31401652500994026,83.64018581271783,0,36,1.0,1.0,Adonis
genus,468351,0.0,0.06672685167013384,1.8241693285965908,0.11313975805741625,29.411356330670657,0,102,1.0,1.0,Sarcotragus
genus,31463,0.0,0.027475762452408053,4.401195190438476,0.27039294578907297,71.6384040560335,0,42,1.0,1.0,Portieria
genus,97724,0.0,0.017662990147976607,6.802514743518415,0.41425020102343746,111.70593694694989,0,27,1.0,1.0,Boesenbergia
genus,40568,0.0,0.013737881226204026,8.701232529674646,0.5262025995419242,143.88269385475752,0,21,1.0,1.0,Campanula
genus,46995,0.0,0.022242283890044616,5.422046014936228,0.3318620573885193,88.58675565211773,0,34,1.0,1.0,Helleborus
genus,172634,0.0,0.020279729429158327,5.938547920188067,0.36278609655577165,97.20976557586583,0,31,1.0,1.0,Parmotrema
genus,2731548,0.0,0.069997775771611,1.7392673137684667,0.1079077370193933,28.03367832836409,0,107,1.0,1.0,Didymocheton
genus,182998,0.0,0.03532598029595321,3.431855187360336,0.21159420800033213,55.66140084039331,0,54,1.0,1.0,Acanthospermum
genus,69062,0.0,0.020279729429158327,5.938547920188067,0.36278609655577165,97.20976557586583,0,31,1.0,1.0,Globularia
genus,1745092,0.0,0.031400871374180635,3.856566013451274,0.23740845520212414,62.64773258999906,0,48,1.0,1.0,Lasiolaena
genus,243023,0.0,0.015046250866794886,7.960597932237818,0.48272014659282364,131.27920988183405,0,23,1.0,1.0,Pochonia
genus,45234,0.0,0.026821577632112625,4.507277580333574,0.27680218497729686,73.39375297143675,0,41,1.0,1.0,Cordyceps
genus,13005,0.0,0.0942026141225419,1.2936051805703201,0.0803901675314294,20.816157181711695,0,144,1.0,1.0,Chloranthus
genus,1458928,0.0,0.017008805327681176,7.059259601394887,0.4294804974759218,116.03122007345566,0,26,1.0,1.0,Okeania
genus,581073,0.0,0.013083696405908597,9.125742603815267,0.5510182991635482,151.13686459688856,0,20,1.0,1.0,Stolonica
genus,40411,0.0,0.017008805327681176,7.059259601394887,0.4294804974759218,116.03122007345566,0,26,1.0,1.0,Chrysosporium
genus,157720,0.0,0.015046250866794886,7.960597932237818,0.48272014659282364,131.27920988183405,0,23,1.0,1.0,Pleurobranchus
genus,105406,0.0,0.020933914249453754,5.755785707560493,0.35185724898147364,94.15485742373322,0,32,1.0,1.0,Ecklonia
genus,5140,0.0,0.018317174968272038,6.563787068650819,0.4000627239996083,107.69136462368809,0,28,1.0,1.0,Neurospora
genus,4190,0.0,0.04513875260038466,2.6909028468779446,0.16636388525762877,43.52481982566455,0,69,1.0,1.0,Justicia
genus,40566,0.0,0.01635462050738575,7.336141310869513,0.4458729452486765,120.70472072045065,0,25,1.0,1.0,Actinosynnema
genus,43877,0.0,0.041213643678612084,2.9452770362089074,0.18191973740988576,47.68397834960888,0,63,1.0,1.0,Peganum
genus,320360,0.0,0.023550653530635474,5.124880535202294,0.31401652500994026,83.64018581271783,0,36,1.0,1.0,Taiwanofungus
genus,5935,0.0,0.022242283890044616,5.422046014936228,0.3318620573885193,88.58675565211773,0,34,1.0,1.0,Euplotes
genus,572251,0.0,0.040559458858316653,2.992421052631579,0.18479954051034558,48.455660287377086,0,62,1.0,1.0,Fasciospongia
genus,54304,0.0,0.026167392811817194,4.618598606766701,0.2835225230990664,75.23724343753044,0,40,1.0,1.0,Planktothrix
genus,183051,0.0,0.023550653530635474,5.124880535202294,0.31401652500994026,83.64018581271783,0,36,1.0,1.0,Milleria
genus,133572,0.0,0.017662990147976607,6.802514743518415,0.41425020102343746,111.70593694694989,0,27,1.0,1.0,Melochia
genus,56696,0.0,0.013737881226204026,8.701232529674646,0.5262025995419242,143.88269385475752,0,21,1.0,1.0,Phallusia
genus,373121,0.0,0.013083696405908597,9.125742603815267,0.5510182991635482,151.13686459688856,0,20,1.0,1.0,Arnebia
genus,225832,0.0,0.020279729429158327,5.938547920188067,0.36278609655577165,97.20976557586583,0,31,1.0,1.0,Artabotrys
genus,50178,0.24509803921568626,0.08046473289633788,3.051057709594295,0.42535554575367446,21.885110562695345,1,123,0.2815485560410032,1.0,Cephalotaxus
genus,39502,0.0,0.09485679894283733,1.2847060110117057,0.0798397602645186,20.672275683962567,0,145,1.0,1.0,Dracaena
genus,224860,0.0,0.04252201331920294,2.8553075392190754,0.1764211411841665,46.21204175870614,0,65,1.0,1.0,Iryanthera
genus,13109,0.0,0.1138281587314048,1.070998446339077,0.06661120591007427,17.219890503246976,0,174,1.0,1.0,Lissoclinum
genus,133238,0.0,0.01635462050738575,7.336141310869513,0.4458729452486765,120.70472072045065,0,25,1.0,1.0,Otanthus
genus,2071,0.0,0.041213643678612084,2.9452770362089074,0.18191973740988576,47.68397834960888,0,63,1.0,1.0,Saccharothrix
genus,63501,0.0,0.06672685167013384,1.8241693285965908,0.11313975805741625,29.411356330670657,0,102,1.0,1.0,Vincetoxicum
genus,44981,0.0,0.03990527403802122,3.0410982077997035,0.1877719417860069,49.252717000830245,0,61,1.0,1.0,Tacca
genus,45153,0.0,0.017662990147976607,6.802514743518415,0.41425020102343746,111.70593694694989,0,27,1.0,1.0,Westerdykella
genus,43890,0.0,0.0922400596616556,1.3210573891380601,0.08208783859260081,21.260063065585143,0,141,1.0,1.0,Swietenia
genus,5379,0.0,0.020279729429158327,5.938547920188067,0.36278609655577165,97.20976557586583,0,31,1.0,1.0,Suillus
genus,99055,0.0,0.01635462050738575,7.336141310869513,0.4458729452486765,120.70472072045065,0,25,1.0,1.0,Gonospermum
genus,56527,0.0,0.03990527403802122,3.0410982077997035,0.1877719417860069,49.252717000830245,0,61,1.0,1.0,Geigeria
genus,259855,0.0,0.024859023171226336,4.858589391025132,0.2979917108340321,79.21660238304207,0,38,1.0,1.0,Gymnanthemum
genus,279622,0.0,0.020933914249453754,5.755785707560493,0.35185724898147364,94.15485742373322,0,32,1.0,1.0,Lendenfeldia
genus,56520,0.0,0.019625544608862896,6.133294540201056,0.3744153412088822,100.46944603125601,0,30,1.0,1.0,Asteriscus
genus,3577,0.0,0.013737881226204026,8.701232529674646,0.5262025995419242,143.88269385475752,0,21,1.0,1.0,Arenaria
genus,59167,0.0,0.013083696405908597,9.125742603815267,0.5510182991635482,151.13686459688856,0,20,1.0,1.0,Morina
genus,50304,0.0,0.08504402663840588,1.4325140571289223,0.08897688445927684,23.06325442099711,0,130,1.0,1.0,Eleutherococcus
genus,252957,0.0,0.060185003467179546,2.021509146845744,0.125287978611427,32.61685020440019,0,92,1.0,1.0,Phorbas
genus,5529,0.0,0.04840967670186181,2.510223193382238,0.15529690715348807,40.57531213011407,0,74,1.0,1.0,Metarhizium
genus,562744,0.0,0.030746686553885204,3.9377826451072604,0.24233563127626728,63.986183453272886,0,47,1.0,1.0,Synoicum
genus,105749,0.0,0.22634794782221873,0.5387552743733894,0.033574119342540384,8.645267585540898,0,346,1.0,1.0,Kadsura
genus,1342520,0.0,0.013083696405908597,9.125742603815267,0.5510182991635482,151.13686459688856,0,20,1.0,1.0,Paradendryphiella
genus,43363,0.0,0.08373565699781502,1.4548290461925333,0.09035547310792108,23.424453227282463,0,128,1.0,1.0,Aesculus
genus,154615,0.0,0.017008805327681176,7.059259601394887,0.4294804974759218,116.03122007345566,0,26,1.0,1.0,Phyllidiella
genus,328230,0.0,0.015046250866794886,7.960597932237818,0.48272014659282364,131.27920988183405,0,23,1.0,1.0,Echinogorgia
genus,308461,0.0,0.01635462050738575,7.336141310869513,0.4458729452486765,120.70472072045065,0,25,1.0,1.0,Pinnigorgia
genus,186950,0.0,0.026821577632112625,4.507277580333574,0.27680218497729686,73.39375297143675,0,41,1.0,1.0,Farfugium
genus,85789,0.0,0.018317174968272038,6.563787068650819,0.4000627239996083,107.69136462368809,0,28,1.0,1.0,Ptilocaulis
genus,125672,0.0,0.022242283890044616,5.422046014936228,0.3318620573885193,88.58675565211773,0,34,1.0,1.0,Cassinia
genus,3452,0.0,0.07261451505279272,1.6768281638500255,0.10405787424882876,27.02104681051849,0,111,1.0,1.0,Clematis
genus,66655,1.2254901960784315,0.011775326765317737,105.35153019023987,38.92670549860815,285.12417815121506,5,18,4.218830252594125e-09,5.111815989393216e-07,Durio
genus,178473,0.0,0.04186782849890751,2.89959484975283,0.1791282719939651,46.936478530850756,0,64,1.0,1.0,Acanthostrongylophora
genus,283506,0.0,0.03401761065536235,3.562639156029609,0.21955200269001668,57.81043944288514,0,52,1.0,1.0,Spirastrella
genus,279627,0.0,0.10074446232549619,1.2097974672513299,0.0752052832745177,19.4615304675497,0,154,1.0,1.0,Hyrtios
genus,3251,0.0,0.024859023171226336,4.858589391025132,0.2979917108340321,79.21660238304207,0,38,1.0,1.0,Lycopodium
genus,287910,0.0,0.020933914249453754,5.755785707560493,0.35185724898147364,94.15485742373322,0,32,1.0,1.0,Astrogorgia
genus,767258,0.0,0.06738103649042927,1.8065326781733573,0.11205318361379654,29.12510124260651,0,103,1.0,1.0,Dichotella
genus,7684,0.0,0.11055723462992764,1.1026274267681966,0.06857036757303553,17.73050495852306,0,169,1.0,1.0,Holothuria
genus,63462,0.0,0.015700435687090317,7.63562560887268,0.46356580011661014,125.77023245503916,0,24,1.0,1.0,Araujia
genus,53158,0.0,0.013737881226204026,8.701232529674646,0.5262025995419242,143.88269385475752,0,21,1.0,1.0,Lamium
genus,316257,0.0,0.021588099069749185,5.583934671806207,0.3415673826641469,91.28601851792796,0,33,1.0,1.0,Phlomis
genus,99299,0.0,0.06934359095131556,1.755609955120359,0.10891509517435359,28.298798339970332,0,106,1.0,1.0,Rehmannia
genus,183088,0.0,0.024204838350930905,4.988184414524683,0.3057943970748501,81.36834419244289,0,37,1.0,1.0,Tetragonotheca
genus,126676,0.0,0.027475762452408053,4.401195190438476,0.27039294578907297,71.6384040560335,0,42,1.0,1.0,Goniophlebium
genus,3015,0.0,0.15373343276942603,0.7932677939850367,0.04938830978733901,12.741351054196324,0,235,1.0,1.0,Sargassum
genus,6046,0.0,0.03467179547565778,3.4960248916139514,0.21549969568320929,56.715579128943666,0,53,1.0,1.0,Geodia
genus,78593,0.0,0.018971359788567465,6.341244320892891,0.38681452837657604,103.95519451148766,0,29,1.0,1.0,Gymnascella
genus,168934,0.0,0.015700435687090317,7.63562560887268,0.46356580011661014,125.77023245503916,0,24,1.0,1.0,Thalassospira
genus,307971,0.0,0.07588543915426986,1.6048087580964587,0.09961510366866888,25.853621139914747,0,116,1.0,1.0,Apostichopus
genus,71047,0.0,0.06738103649042927,1.8065326781733573,0.11205318361379654,29.12510124260651,0,103,1.0,1.0,Gutierrezia
genus,41491,0.0,0.029438316913294345,4.11092579391233,0.25282984209022225,66.84223168965575,0,45,1.0,1.0,Bellis
genus,474995,0.0,0.01635462050738575,7.336141310869513,0.4458729452486765,120.70472072045065,0,25,1.0,1.0,Ophiocordyceps
genus,4496,0.0,0.017008805327681176,7.059259601394887,0.4294804974759218,116.03122007345566,0,26,1.0,1.0,Avena
genus,1158,0.0,0.024859023171226336,4.858589391025132,0.2979917108340321,79.21660238304207,0,38,1.0,1.0,Oscillatoria
genus,283431,0.0,0.0569140793657024,2.137093897534534,0.13239513035088632,34.49651293650295,0,87,1.0,1.0,Diacarnus
genus,5040,0.0,0.03336342583506692,3.6318403821701466,0.22375956620198006,58.94838279072905,0,51,1.0,1.0,Malbranchea
genus,2823492,0.0,0.01635462050738575,7.336141310869513,0.4458729452486765,120.70472072045065,0,25,1.0,1.0,Gongolaria
genus,2783850,0.0,0.013083696405908597,9.125742603815267,0.5510182991635482,151.13686459688856,0,20,1.0,1.0,Vickifunkia
genus,25168,0.0,0.024859023171226336,4.858589391025132,0.2979917108340321,79.21660238304207,0,38,1.0,1.0,Galium
genus,3246,0.0,0.045792937420680094,2.652716650607221,0.16402613990736323,42.90112315258417,0,70,1.0,1.0,Selaginella
genus,69388,0.0,0.026167392811817194,4.618598606766701,0.2835225230990664,75.23724343753044,0,40,1.0,1.0,Trachelospermum
genus,1744984,0.0,0.06214755792806584,1.9579677917550482,0.12137831524117905,31.58420732675925,0,95,1.0,1.0,Acritopappus
genus,99434,0.0,0.06738103649042927,1.8065326781733573,0.11205318361379654,29.12510124260651,0,103,1.0,1.0,Combretum
genus,3196,0.0,0.029438316913294345,4.11092579391233,0.25282984209022225,66.84223168965575,0,45,1.0,1.0,Marchantia
genus,109179,0.0,0.017008805327681176,7.059259601394887,0.4294804974759218,116.03122007345566,0,26,1.0,1.0,Fromia
genus,65496,0.0,0.018317174968272038,6.563787068650819,0.4000627239996083,107.69136462368809,0,28,1.0,1.0,Actinoalloteichus
genus,746490,0.0,0.017662990147976607,6.802514743518415,0.41425020102343746,111.70593694694989,0,27,1.0,1.0,Achyrocline
genus,5581,0.0,0.06868940613102013,1.7722624095784485,0.10994142484948703,28.568977095801795,0,105,1.0,1.0,Beauveria
genus,53866,0.0,0.013737881226204026,8.701232529674646,0.5262025995419242,143.88269385475752,0,21,1.0,1.0,Desmodium
genus,55512,0.0,0.01635462050738575,7.336141310869513,0.4458729452486765,120.70472072045065,0,25,1.0,1.0,Pistacia
genus,81738,0.0,0.015700435687090317,7.63562560887268,0.46356580011661014,125.77023245503916,0,24,1.0,1.0,Bellevalia
genus,16161,0.0,0.017008805327681176,7.059259601394887,0.4294804974759218,116.03122007345566,0,26,1.0,1.0,Muscari
genus,4277,0.0,0.023550653530635474,5.124880535202294,0.31401652500994026,83.64018581271783,0,36,1.0,1.0,Securidaca
genus,1408200,0.0,0.021588099069749185,5.583934671806207,0.3415673826641469,91.28601851792796,0,33,1.0,1.0,Eschenbachia
genus,69374,0.0,0.025513207991521764,4.735556140867328,0.2905771718773189,77.17568389293244,0,39,1.0,1.0,Adenium
genus,24646,0.0,0.03532598029595321,3.431855187360336,0.21159420800033213,55.66140084039331,0,54,1.0,1.0,Lycium
genus,46414,0.0,0.013737881226204026,8.701232529674646,0.5262025995419242,143.88269385475752,0,21,1.0,1.0,Schefflera
genus,61137,0.0,0.013737881226204026,8.701232529674646,0.5262025995419242,143.88269385475752,0,21,1.0,1.0,Kandelia
genus,14999,0.0,0.055605709725111536,2.187113029411554,0.1354688557389249,35.31042893460664,0,85,1.0,1.0,Alisma
genus,85837,0.0,0.018317174968272038,6.563787068650819,0.4000627239996083,107.69136462368809,0,28,1.0,1.0,Stephanotis
genus,69380,0.0,0.04448456778008923,2.7302039685872295,0.16876919625021794,44.166908865514195,0,68,1.0,1.0,Holarrhena
genus,457137,0.0,0.013083696405908597,9.125742603815267,0.5510182991635482,151.13686459688856,0,20,1.0,1.0,Galeopsis
genus,13807,0.0,0.04906386152215724,2.476958992275082,0.15325779716544768,40.03271587408416,0,75,1.0,1.0,Bazzania
genus,21610,0.24509803921568626,0.019625544608862896,12.516953316953318,1.7029263514325876,92.00287505504065,1,30,0.07931670210574929,1.0,Echium
genus,1904978,0.0,0.040559458858316653,2.992421052631579,0.18479954051034558,48.455660287377086,0,62,1.0,1.0,Biancaea
genus,31466,0.0,0.04710130706127095,2.5795044949985226,0.15954227001501392,41.70583406573954,0,72,1.0,1.0,Sphaerococcus
genus,141570,0.0,0.041213643678612084,2.9452770362089074,0.18191973740988576,47.68397834960888,0,63,1.0,1.0,Hunteria
genus,648091,0.0,0.015700435687090317,7.63562560887268,0.46356580011661014,125.77023245503916,0,24,1.0,1.0,Picradeniopsis
genus,59634,0.0,0.015046250866794886,7.960597932237818,0.48272014659282364,131.27920988183405,0,23,1.0,1.0,Gynochthodes
genus,4675,0.0,0.054951524904816106,2.2130105089336802,0.13705983462226143,35.731952589525896,0,84,1.0,1.0,Curculigo
genus,558782,0.0,0.030746686553885204,3.9377826451072604,0.24233563127626728,63.986183453272886,0,47,1.0,1.0,Acanthodendrilla
genus,51466,0.0,0.074577069513679,1.6328617318659704,0.10134593167028771,26.308282843227488,0,114,1.0,1.0,Ornithogalum
genus,82236,0.0,0.020933914249453754,5.755785707560493,0.35185724898147364,94.15485742373322,0,32,1.0,1.0,Lycoris
genus,47424,0.0,0.03990527403802122,3.0410982077997035,0.1877719417860069,49.252717000830245,0,61,1.0,1.0,Armillaria
genus,197385,0.0,0.013083696405908597,9.125742603815267,0.5510182991635482,151.13686459688856,0,20,1.0,1.0,Erycibe
genus,520842,0.0,0.026821577632112625,4.507277580333574,0.27680218497729686,73.39375297143675,0,41,1.0,1.0,Flemingia
genus,13637,0.0,0.020279729429158327,5.938547920188067,0.36278609655577165,97.20976557586583,0,31,1.0,1.0,Platycladus
genus,176612,0.0,0.0327092410147715,3.7037822509301113,0.22813148245683518,60.13200288960779,0,50,1.0,1.0,Smallanthus
genus,43462,0.24509803921568626,0.018317174968272038,13.411196911196912,1.8204119308602664,98.80192474123231,1,28,0.07439444818713722,1.0,Cinchona
genus,296846,0.0,0.03336342583506692,3.6318403821701466,0.22375956620198006,58.94838279072905,0,51,1.0,1.0,Fissistigma
genus,183558,0.0,0.027475762452408053,4.401195190438476,0.27039294578907297,71.6384040560335,0,42,1.0,1.0,Cephalaria
genus,49149,0.0,0.022242283890044616,5.422046014936228,0.3318620573885193,88.58675565211773,0,34,1.0,1.0,Lyonia
genus,4122,0.0,0.013083696405908597,9.125742603815267,0.5510182991635482,151.13686459688856,0,20,1.0,1.0,Convolvulus
genus,1413811,0.0,0.026167392811817194,4.618598606766701,0.2835225230990664,75.23724343753044,0,40,1.0,1.0,Laurenciella
genus,176578,0.0,0.031400871374180635,3.856566013451274,0.23740845520212414,62.64773258999906,0,48,1.0,1.0,Schkuhria
genus,64583,0.0,0.030092501733589773,4.022492465221569,0.24747157536688544,65.38304695711498,0,46,1.0,1.0,Upuna
genus,1811811,0.0,0.021588099069749185,5.583934671806207,0.3415673826641469,91.28601851792796,0,33,1.0,1.0,Apiospora
genus,90645,0.0,0.013737881226204026,8.701232529674646,0.5262025995419242,143.88269385475752,0,21,1.0,1.0,Bacopa
genus,182371,0.0,0.03859690439743036,3.143361138825175,0.19401299614893774,50.92813082218049,0,59,1.0,1.0,Clinopodium
genus,4015,0.0,0.015700435687090317,7.63562560887268,0.46356580011661014,125.77023245503916,0,24,1.0,1.0,Bursera
genus,470705,0.0,0.017662990147976607,6.802514743518415,0.41425020102343746,111.70593694694989,0,27,1.0,1.0,Neopicrorhiza
genus,34448,0.0,0.026167392811817194,4.618598606766701,0.2835225230990664,75.23724343753044,0,40,1.0,1.0,Marasmius
genus,4264,0.0,0.018317174968272038,6.563787068650819,0.4000627239996083,107.69136462368809,0,28,1.0,1.0,Cynara
genus,48118,0.0,0.032055056194476066,3.778630861862196,0.23267757237753822,61.364105892639024,0,49,1.0,1.0,Glehnia
genus,313966,0.0,0.020933914249453754,5.755785707560493,0.35185724898147364,94.15485742373322,0,32,1.0,1.0,Laggera
genus,378905,0.0,0.03336342583506692,3.6318403821701466,0.22375956620198006,58.94838279072905,0,51,1.0,1.0,Leucas
genus,21634,0.0,0.020279729429158327,5.938547920188067,0.36278609655577165,97.20976557586583,0,31,1.0,1.0,Lithospermum
genus,108422,0.0,0.04317619813949837,2.812352177874306,0.1737945801637306,45.50961695665673,0,66,1.0,1.0,Sarcococca
genus,183097,0.0,0.03532598029595321,3.431855187360336,0.21159420800033213,55.66140084039331,0,54,1.0,1.0,Wedelia
genus,183092,0.0,0.030092501733589773,4.022492465221569,0.24747157536688544,65.38304695711498,0,46,1.0,1.0,Tridax
genus,1859940,0.0,0.041213643678612084,2.9452770362089074,0.18191973740988576,47.68397834960888,0,63,1.0,1.0,Paramyrothecium
genus,99295,0.0,0.023550653530635474,5.124880535202294,0.31401652500994026,83.64018581271783,0,36,1.0,1.0,Breynia
genus,3606,0.0,0.013083696405908597,9.125742603815267,0.5510182991635482,151.13686459688856,0,20,1.0,1.0,Parthenocissus
genus,13273,0.0,0.025513207991521764,4.735556140867328,0.2905771718773189,77.17568389293244,0,39,1.0,1.0,Stellaria
genus,82022,0.0,0.018971359788567465,6.341244320892891,0.38681452837657604,103.95519451148766,0,29,1.0,1.0,Honorius
genus,2593550,0.0,0.031400871374180635,3.856566013451274,0.23740845520212414,62.64773258999906,0,48,1.0,1.0,Siliquariaspongia
genus,7601,0.0,0.05168060080333896,2.3522705403262436,0.14560987221472704,38.00001064987604,0,79,1.0,1.0,Asterias
genus,13420,0.0,0.017008805327681176,7.059259601394887,0.4294804974759218,116.03122007345566,0,26,1.0,1.0,Chromolaena
genus,283402,0.0,0.05625989454540697,2.161814335543119,0.13391436804855827,34.89872886279922,0,86,1.0,1.0,Oceanapia
genus,361056,0.0,0.017662990147976607,6.802514743518415,0.41425020102343746,111.70593694694989,0,27,1.0,1.0,Anthogorgia
genus,35162,0.0,0.03336342583506692,3.6318403821701466,0.22375956620198006,58.94838279072905,0,51,1.0,1.0,Rhodomela
genus,132964,0.0,0.013083696405908597,9.125742603815267,0.5510182991635482,151.13686459688856,0,20,1.0,1.0,Cinnamosma
genus,8285,0.0,0.015700435687090317,7.63562560887268,0.46356580011661014,125.77023245503916,0,24,1.0,1.0,Pardachirus
genus,283416,0.0,0.04775549188156638,2.544392542818841,0.1573909805799464,41.132810711880076,0,73,1.0,1.0,Plakinastrella
genus,50505,0.0,0.013083696405908597,9.125742603815267,0.5510182991635482,151.13686459688856,0,20,1.0,1.0,Sargentodoxa
genus,210333,0.0,0.12298674621554082,0.9913638887175374,0.061676452195849156,15.934806962182897,0,188,1.0,1.0,Picrasma
genus,42385,0.0,0.018971359788567465,6.341244320892891,0.38681452837657604,103.95519451148766,0,29,1.0,1.0,Pseudocnus
genus,3801,0.0,0.01635462050738575,7.336141310869513,0.4458729452486765,120.70472072045065,0,25,1.0,1.0,Ribes
genus,77180,0.0,0.07784799361515615,1.5644899443314915,0.0971268615703757,25.200328172251943,0,119,1.0,1.0,Erylus
genus,4711,0.0,0.015700435687090317,7.63562560887268,0.46356580011661014,125.77023245503916,0,24,1.0,1.0,Calamus
genus,3450,0.0,0.017008805327681176,7.059259601394887,0.4294804974759218,116.03122007345566,0,26,1.0,1.0,Aquilegia
genus,109218,0.0,0.015046250866794886,7.960597932237818,0.48272014659282364,131.27920988183405,0,23,1.0,1.0,Cullen
genus,198794,0.0,0.024204838350930905,4.988184414524683,0.3057943970748501,81.36834419244289,0,37,1.0,1.0,Vismia
genus,93758,0.0,0.026167392811817194,4.618598606766701,0.2835225230990664,75.23724343753044,0,40,1.0,1.0,Corchorus
genus,889755,0.0,0.014392066046499457,8.314456684346526,0.5035248109414775,137.29251956148255,0,22,1.0,1.0,Peroneutypa
genus,48233,0.7352941176470589,0.018317174968272038,40.43227513227513,12.243279474511917,133.52377324843866,3,28,7.962793267697614e-05,0.006810530241901371,Hippophae
genus,434658,0.0,0.022242283890044616,5.422046014936228,0.3318620573885193,88.58675565211773,0,34,1.0,1.0,Ethulia
genus,72958,0.0,0.028784132092998915,4.203333654229643,0.25842518532972136,68.36800285636681,0,44,1.0,1.0,Olearia
genus,43908,0.0,0.025513207991521764,4.735556140867328,0.2905771718773189,77.17568389293244,0,39,1.0,1.0,Guarea
genus,142737,0.0,0.032055056194476066,3.778630861862196,0.23267757237753822,61.364105892639024,0,49,1.0,1.0,Stellera
genus,78477,0.0,0.022896468710340047,5.269277845777234,0.3226928456601489,86.04246852513235,0,35,1.0,1.0,Beesia
genus,39977,0.0,0.03794271957713493,3.1971147307744614,0.19729165725367032,51.80929971404,0,58,1.0,1.0,Baeckea
genus,99049,0.0,0.024859023171226336,4.858589391025132,0.2979917108340321,79.21660238304207,0,38,1.0,1.0,Eriocephalus
genus,1898724,0.0,0.030092501733589773,4.022492465221569,0.24747157536688544,65.38304695711498,0,46,1.0,1.0,Microglossa
genus,16195,0.0,0.04710130706127095,2.5795044949985226,0.15954227001501392,41.70583406573954,0,72,1.0,1.0,Polygonatum
genus,89038,0.0,0.01635462050738575,7.336141310869513,0.4458729452486765,120.70472072045065,0,25,1.0,1.0,Youngia
genus,626274,0.0,0.01635462050738575,7.336141310869513,0.4458729452486765,120.70472072045065,0,25,1.0,1.0,Securiflustra
genus,362376,0.0,0.020279729429158327,5.938547920188067,0.36278609655577165,97.20976557586583,0,31,1.0,1.0,Salpichroa
genus,63073,0.0,0.018971359788567465,6.341244320892891,0.38681452837657604,103.95519451148766,0,29,1.0,1.0,Triphyophyllum
genus,6548,0.0,0.04971804634245267,2.444564443484452,0.15127151475448342,39.504432331807095,0,76,1.0,1.0,Mytilus
genus,284475,0.0,0.022242283890044616,5.422046014936228,0.3318620573885193,88.58675565211773,0,34,1.0,1.0,Ecteinascidia
genus,38880,0.0,0.05887663382658869,2.0662104316425136,0.1280373217767016,33.34360238551314,0,90,1.0,1.0,Botryococcus
genus,13414,0.0,0.05429734008452068,2.2395282873665154,0.1386886048620507,36.16365565796518,0,83,1.0,1.0,Chamaecyparis
genus,13582,0.0,0.01635462050738575,7.336141310869513,0.4458729452486765,120.70472072045065,0,25,1.0,1.0,Knema
genus,595364,0.0,0.0634559275686567,1.9177792423814455,0.11890458740468537,30.931331606170016,0,97,1.0,1.0,Neopetrosia
genus,3877,0.0,0.08111891771663331,1.501609866639139,0.09324478756381688,24.18185777993009,0,124,1.0,1.0,Medicago
genus,3370,0.0,0.015700435687090317,7.63562560887268,0.46356580011661014,125.77023245503916,0,24,1.0,1.0,Metasequoia
genus,16107,0.0,0.036634349936544075,3.310330260720746,0.2041928915688953,53.6663463201221,0,56,1.0,1.0,Hemerocallis
genus,13578,0.0,0.04906386152215724,2.476958992275082,0.15325779716544768,40.03271587408416,0,75,1.0,1.0,Juncus
genus,3561,0.0,0.024204838350930905,4.988184414524683,0.3057943970748501,81.36834419244289,0,37,1.0,1.0,Spinacia
genus,74096,0.0,0.0372885347568395,3.2527380128785057,0.20068298612614216,52.7214826959691,0,57,1.0,1.0,Bifurcaria
genus,2813331,0.0,0.05429734008452068,2.2395282873665154,0.1386886048620507,36.16365565796518,0,83,1.0,1.0,Ericaria
genus,109181,0.0,0.03794271957713493,3.1971147307744614,0.19729165725367032,51.80929971404,0,58,1.0,1.0,Linckia
genus,1089415,0.0,0.022242283890044616,5.422046014936228,0.3318620573885193,88.58675565211773,0,34,1.0,1.0,Microtropis
genus,1161115,0.0,0.031400871374180635,3.856566013451274,0.23740845520212414,62.64773258999906,0,48,1.0,1.0,Suberea
genus,81055,0.0,0.013083696405908597,9.125742603815267,0.5510182991635482,151.13686459688856,0,20,1.0,1.0,Wolfiporia
genus,138854,0.0,0.022896468710340047,5.269277845777234,0.3226928456601489,86.04246852513235,0,35,1.0,1.0,Aristotelia
genus,72970,0.0,0.019625544608862896,6.133294540201056,0.3744153412088822,100.46944603125601,0,30,1.0,1.0,Pteronia
genus,1336954,0.0,0.03925108921772579,3.0913845251221463,0.1908414801675602,50.07642087964242,0,60,1.0,1.0,Hamigera
genus,316902,0.0,0.014392066046499457,8.314456684346526,0.5035248109414775,137.29251956148255,0,22,1.0,1.0,Triadica
genus,92920,0.0,0.0372885347568395,3.2527380128785057,0.20068298612614216,52.7214826959691,0,57,1.0,1.0,Silybum
genus,78702,0.0,0.029438316913294345,4.11092579391233,0.25282984209022225,66.84223168965575,0,45,1.0,1.0,Arundina
genus,78706,0.0,0.028129947272703484,4.299990151802923,0.26427369385824634,69.96502389496219,0,43,1.0,1.0,Bletilla
genus,35973,0.24509803921568626,0.06672685167013384,3.679722503251915,0.5121632297173606,26.43758262070248,1,102,0.24015431645513793,1.0,Santalum
genus,184431,0.0,0.018971359788567465,6.341244320892891,0.38681452837657604,103.95519451148766,0,29,1.0,1.0,Coprinopsis
genus,1336944,0.0,0.020933914249453754,5.755785707560493,0.35185724898147364,94.15485742373322,0,32,1.0,1.0,Siphonodictyon
genus,2712775,0.24509803921568626,0.015700435687090317,15.646805896805898,2.1117624415083185,115.9328009439623,1,24,0.06447104760515866,1.0,Ouret
genus,190522,0.0,0.021588099069749185,5.583934671806207,0.3415673826641469,91.28601851792796,0,33,1.0,1.0,Siraitia
genus,516064,0.49019607843137253,0.012429511585613168,39.627430645579466,9.200411431990513,170.6807647873273,2,19,0.0014355089612184267,0.08696791790048303,Mosla
genus,1817,0.0,0.07915636325574701,1.5387168754501817,0.09553590898359683,24.78282404997775,0,121,1.0,1.0,Nocardia
genus,41912,0.0,0.024859023171226336,4.858589391025132,0.2979917108340321,79.21660238304207,0,38,1.0,1.0,Helminthostachys
genus,694368,0.0,0.013737881226204026,8.701232529674646,0.5262025995419242,143.88269385475752,0,21,1.0,1.0,Leucosceptrum
genus,105756,0.0,0.024859023171226336,4.858589391025132,0.2979917108340321,79.21660238304207,0,38,1.0,1.0,Polyalthia
genus,124956,0.0,0.01635462050738575,7.336141310869513,0.4458729452486765,120.70472072045065,0,25,1.0,1.0,Walsura
genus,2732715,0.0,0.014392066046499457,8.314456684346526,0.5035248109414775,137.29251956148255,0,22,1.0,1.0,Dendroviguiera
genus,3633,0.49019607843137253,0.03401761065536235,14.476127320954907,3.51430532719187,59.630067026630876,2,52,0.009231828488940151,0.44743595409729936,Gossypium
genus,4235,0.0,0.017008805327681176,7.059259601394887,0.4294804974759218,116.03122007345566,0,26,1.0,1.0,Lactuca
genus,13560,0.0,0.022242283890044616,5.422046014936228,0.3318620573885193,88.58675565211773,0,34,1.0,1.0,Hernandia
genus,13196,0.0,0.054951524904816106,2.2130105089336802,0.13705983462226143,35.731952589525896,0,84,1.0,1.0,Peperomia
genus,3624,0.0,0.032055056194476066,3.778630861862196,0.23267757237753822,61.364105892639024,0,49,1.0,1.0,Actinidia
genus,52817,0.0,0.018971359788567465,6.341244320892891,0.38681452837657604,103.95519451148766,0,29,1.0,1.0,Allamanda
genus,1716,0.24509803921568626,0.022896468710340047,10.72846612846613,1.466319140076536,78.49586241071451,1,35,0.09150839850168639,1.0,Corynebacterium
genus,39988,0.0,0.013083696405908597,9.125742603815267,0.5510182991635482,151.13686459688856,0,20,1.0,1.0,Dirca
genus,4391,0.0,0.020279729429158327,5.938547920188067,0.36278609655577165,97.20976557586583,0,31,1.0,1.0,Eucommia
genus,4145,0.0,0.024859023171226336,4.858589391025132,0.2979917108340321,79.21660238304207,0,38,1.0,1.0,Olea
genus,68776,0.0,0.06934359095131556,1.755609955120359,0.10891509517435359,28.298798339970332,0,106,1.0,1.0,Cyathus
genus,3315,0.0,0.014392066046499457,8.314456684346526,0.5035248109414775,137.29251956148255,0,22,1.0,1.0,Thuja
genus,43718,0.0,0.04906386152215724,2.476958992275082,0.15325779716544768,40.03271587408416,0,75,1.0,1.0,Dodonaea
genus,53722,0.0,0.022896468710340047,5.269277845777234,0.3226928456601489,86.04246852513235,0,35,1.0,1.0,Heliopsis
genus,121621,0.0,0.023550653530635474,5.124880535202294,0.31401652500994026,83.64018581271783,0,36,1.0,1.0,Phyllosticta
genus,106719,0.0,0.014392066046499457,8.314456684346526,0.5035248109414775,137.29251956148255,0,22,1.0,1.0,Ventilago
genus,121491,0.0,0.023550653530635474,5.124880535202294,0.31401652500994026,83.64018581271783,0,36,1.0,1.0,Corticium
genus,56628,0.0,0.017662990147976607,6.802514743518415,0.41425020102343746,111.70593694694989,0,27,1.0,1.0,Ochna
genus,1500051,0.0,0.015046250866794886,7.960597932237818,0.48272014659282364,131.27920988183405,0,23,1.0,1.0,Jasminanthes
genus,43523,0.0,0.020279729429158327,5.938547920188067,0.36278609655577165,97.20976557586583,0,31,1.0,1.0,Mussaenda
genus,43170,0.0,0.024859023171226336,4.858589391025132,0.2979917108340321,79.21660238304207,0,38,1.0,1.0,Linaria
genus,1203,0.0,0.03990527403802122,3.0410982077997035,0.1877719417860069,49.252717000830245,0,61,1.0,1.0,Scytonema
genus,178546,0.0,0.03532598029595321,3.431855187360336,0.21159420800033213,55.66140084039331,0,54,1.0,1.0,Niphates
genus,69451,0.24509803921568626,0.031400871374180635,7.822174447174447,1.0771293729133904,56.80507339293281,1,48,0.1224583722304044,1.0,Cistus
genus,40441,0.0,0.015700435687090317,7.63562560887268,0.46356580011661014,125.77023245503916,0,24,1.0,1.0,Fomes
genus,82426,0.0,0.020933914249453754,5.755785707560493,0.35185724898147364,94.15485742373322,0,32,1.0,1.0,Helicteres
genus,132962,0.0,0.026167392811817194,4.618598606766701,0.2835225230990664,75.23724343753044,0,40,1.0,1.0,Warburgia
genus,53878,0.0,0.024204838350930905,4.988184414524683,0.3057943970748501,81.36834419244289,0,37,1.0,1.0,Euchresta
genus,66674,0.0,0.015046250866794886,7.960597932237818,0.48272014659282364,131.27920988183405,0,23,1.0,1.0,Cochlospermum
genus,323322,0.0,0.01635462050738575,7.336141310869513,0.4458729452486765,120.70472072045065,0,25,1.0,1.0,Garveia
genus,183031,0.0,0.018971359788567465,6.341244320892891,0.38681452837657604,103.95519451148766,0,29,1.0,1.0,Greenmaniella
genus,745414,0.0,0.014392066046499457,8.314456684346526,0.5035248109414775,137.29251956148255,0,22,1.0,1.0,Epipolasis
genus,43365,0.0,0.024859023171226336,4.858589391025132,0.2979917108340321,79.21660238304207,0,38,1.0,1.0,Clitoria
genus,1427710,0.0,0.013737881226204026,8.701232529674646,0.5262025995419242,143.88269385475752,0,21,1.0,1.0,Parasphaerasclera
genus,508970,0.0,0.027475762452408053,4.401195190438476,0.27039294578907297,71.6384040560335,0,42,1.0,1.0,Guilandina
genus,1498958,0.0,0.017662990147976607,6.802514743518415,0.41425020102343746,111.70593694694989,0,27,1.0,1.0,Leuconotis
genus,35076,0.0,0.018317174968272038,6.563787068650819,0.4000627239996083,107.69136462368809,0,28,1.0,1.0,Patiria
genus,59732,0.24509803921568626,0.012429511585613168,19.76503297555929,2.6397442068184365,147.99029675522496,1,19,0.051917426109032536,1.0,Chryseobacterium
genus,43850,0.0,0.024859023171226336,4.858589391025132,0.2979917108340321,79.21660238304207,0,38,1.0,1.0,Schinus
genus,13716,0.0,0.018317174968272038,6.563787068650819,0.4000627239996083,107.69136462368809,0,28,1.0,1.0,Tetraclinis
genus,237127,0.0,0.05887663382658869,2.0662104316425136,0.1280373217767016,33.34360238551314,0,90,1.0,1.0,Stylissa
genus,105386,0.0,0.07588543915426986,1.6048087580964587,0.09961510366866888,25.853621139914747,0,116,1.0,1.0,Tithonia
genus,86986,0.0,0.017662990147976607,6.802514743518415,0.41425020102343746,111.70593694694989,0,27,1.0,1.0,Chimarrhis
genus,43535,0.0,0.014392066046499457,8.314456684346526,0.5035248109414775,137.29251956148255,0,22,1.0,1.0,Oldenlandia
genus,358842,0.0,0.018317174968272038,6.563787068650819,0.4000627239996083,107.69136462368809,0,28,1.0,1.0,Saprosma
genus,231006,0.0,0.015046250866794886,7.960597932237818,0.48272014659282364,131.27920988183405,0,23,1.0,1.0,Trichothecium
genus,46703,0.0,0.015046250866794886,7.960597932237818,0.48272014659282364,131.27920988183405,0,23,1.0,1.0,Montipora
genus,59323,0.0,0.018317174968272038,6.563787068650819,0.4000627239996083,107.69136462368809,0,28,1.0,1.0,Gymnadenia
genus,141751,0.0,0.024204838350930905,4.988184414524683,0.3057943970748501,81.36834419244289,0,37,1.0,1.0,Pleione
genus,56514,0.0,0.017662990147976607,6.802514743518415,0.41425020102343746,111.70593694694989,0,27,1.0,1.0,Anisopappus
genus,150781,0.0,0.021588099069749185,5.583934671806207,0.3415673826641469,91.28601851792796,0,33,1.0,1.0,Astraeus
genus,206676,0.0,0.024204838350930905,4.988184414524683,0.3057943970748501,81.36834419244289,0,37,1.0,1.0,Bohadschia
genus,123403,0.0,0.015700435687090317,7.63562560887268,0.46356580011661014,125.77023245503916,0,24,1.0,1.0,Catha
genus,60583,0.0,0.030746686553885204,3.9377826451072604,0.24233563127626728,63.986183453272886,0,47,1.0,1.0,Luidia
genus,38528,0.0,0.013737881226204026,8.701232529674646,0.5262025995419242,143.88269385475752,0,21,1.0,1.0,Ptilonia
genus,194260,0.0,0.013737881226204026,8.701232529674646,0.5262025995419242,143.88269385475752,0,21,1.0,1.0,Streblus
genus,180579,0.0,0.029438316913294345,4.11092579391233,0.25282984209022225,66.84223168965575,0,45,1.0,1.0,Tubocapsicum
genus,71295,0.0,0.017008805327681176,7.059259601394887,0.4294804974759218,116.03122007345566,0,26,1.0,1.0,Cadlina
genus,253178,0.0,0.017662990147976607,6.802514743518415,0.41425020102343746,111.70593694694989,0,27,1.0,1.0,Darwinella
genus,71378,0.0,0.015046250866794886,7.960597932237818,0.48272014659282364,131.27920988183405,0,23,1.0,1.0,Phyllidia
genus,2033683,0.0,0.024204838350930905,4.988184414524683,0.3057943970748501,81.36834419244289,0,37,1.0,1.0,Cladolabes
genus,82283,0.24509803921568626,0.022896468710340047,10.72846612846613,1.466319140076536,78.49586241071451,1,35,0.09150839850168639,1.0,Centipeda
genus,85782,0.0,0.08177310253692874,1.4896350948714323,0.09250528738800595,23.987955483724413,0,125,1.0,1.0,Acanthella
genus,77005,0.0,0.015700435687090317,7.63562560887268,0.46356580011661014,125.77023245503916,0,24,1.0,1.0,Dictamnus
genus,21861,0.0,0.04252201331920294,2.8553075392190754,0.1764211411841665,46.21204175870614,0,65,1.0,1.0,Pogostemon
genus,3921,0.0,0.015700435687090317,7.63562560887268,0.46356580011661014,125.77023245503916,0,24,1.0,1.0,Wisteria
genus,56489,0.0,0.01635462050738575,7.336141310869513,0.4458729452486765,120.70472072045065,0,25,1.0,1.0,Thelephora
genus,211921,0.0,0.015700435687090317,7.63562560887268,0.46356580011661014,125.77023245503916,0,24,1.0,1.0,Markhamia
genus,59981,0.0,0.03990527403802122,3.0410982077997035,0.1877719417860069,49.252717000830245,0,61,1.0,1.0,Myrsine
genus,1734043,0.0,0.014392066046499457,8.314456684346526,0.5035248109414775,137.29251956148255,0,22,1.0,1.0,Corynandra
genus,44249,0.0,0.023550653530635474,5.124880535202294,0.31401652500994026,83.64018581271783,0,36,1.0,1.0,Paenibacillus
genus,6109,0.0,0.013737881226204026,8.701232529674646,0.5262025995419242,143.88269385475752,0,21,1.0,1.0,Anthopleura
genus,166981,0.0,0.08700658109929217,1.4002952246044953,0.08698604856407877,22.541852957094598,0,133,1.0,1.0,Montanoa
genus,59171,0.0,0.031400871374180635,3.856566013451274,0.23740845520212414,62.64773258999906,0,48,1.0,1.0,Patrinia
genus,106709,0.0,0.022896468710340047,5.269277845777234,0.3226928456601489,86.04246852513235,0,35,1.0,1.0,Scutia
genus,201016,0.0,0.019625544608862896,6.133294540201056,0.3744153412088822,100.46944603125601,0,30,1.0,1.0,Lansium
genus,3028165,0.0,0.045792937420680094,2.652716650607221,0.16402613990736323,42.90112315258417,0,70,1.0,1.0,Ticanto
genus,66635,0.0,0.022896468710340047,5.269277845777234,0.3226928456601489,86.04246852513235,0,35,1.0,1.0,Larrea
genus,1965351,0.0,0.018317174968272038,6.563787068650819,0.4000627239996083,107.69136462368809,0,28,1.0,1.0,Spinulum
genus,23809,0.0,0.07915636325574701,1.5387168754501817,0.09553590898359683,24.78282404997775,0,121,1.0,1.0,Ailanthus
genus,107825,0.0,0.017008805327681176,7.059259601394887,0.4294804974759218,116.03122007345566,0,26,1.0,1.0,Polyspora
genus,2043137,0.0,0.013083696405908597,9.125742603815267,0.5510182991635482,151.13686459688856,0,20,1.0,1.0,Neocussonia
genus,260324,0.0,0.017008805327681176,7.059259601394887,0.4294804974759218,116.03122007345566,0,26,1.0,1.0,Stereospermum
genus,270,0.0,0.013083696405908597,9.125742603815267,0.5510182991635482,151.13686459688856,0,20,1.0,1.0,Thermus
genus,59044,0.0,0.032055056194476066,3.778630861862196,0.23267757237753822,61.364105892639024,0,49,1.0,1.0,Anemarrhena
genus,19151,0.7352941176470589,0.017008805327681176,43.54301994301994,13.127239250939086,144.43208884324994,3,26,6.498626056437236e-05,0.005905626428787338,Eruca
genus,55650,0.0,0.026821577632112625,4.507277580333574,0.27680218497729686,73.39375297143675,0,41,1.0,1.0,Astropecten
genus,52831,0.0,0.036634349936544075,3.310330260720746,0.2041928915688953,53.6663463201221,0,56,1.0,1.0,Hoya
genus,38365,0.0,0.050372231162748096,2.41300588304971,0.14933603330639236,38.98990258892374,0,77,1.0,1.0,Callophycus
genus,5626,0.0,0.014392066046499457,8.314456684346526,0.5035248109414775,137.29251956148255,0,22,1.0,1.0,Grifola
genus,121493,0.0,0.015046250866794886,7.960597932237818,0.48272014659282364,131.27920988183405,0,23,1.0,1.0,Oscarella
genus,156229,0.0,0.020933914249453754,5.755785707560493,0.35185724898147364,94.15485742373322,0,32,1.0,1.0,Karenia
genus,91156,0.0,0.01635462050738575,7.336141310869513,0.4458729452486765,120.70472072045065,0,25,1.0,1.0,Sinocrassula
genus,48385,1.4705882352941178,0.027475762452408053,54.30703624733476,22.95815669038495,128.46215076162886,6,42,3.829129904857412e-09,5.061413528784251e-07,Perilla
genus,360993,0.0,0.04775549188156638,2.544392542818841,0.1573909805799464,41.132810711880076,0,73,1.0,1.0,Capnella
genus,23166,0.0,0.015046250866794886,7.960597932237818,0.48272014659282364,131.27920988183405,0,23,1.0,1.0,Eriobotrya
genus,83716,0.0,0.04252201331920294,2.8553075392190754,0.1764211411841665,46.21204175870614,0,65,1.0,1.0,Grevillea
genus,3723,0.0,0.013083696405908597,9.125742603815267,0.5510182991635482,151.13686459688856,0,20,1.0,1.0,Matthiola
genus,39176,0.0,0.01635462050738575,7.336141310869513,0.4458729452486765,120.70472072045065,0,25,1.0,1.0,Prunella
genus,105497,0.0,0.014392066046499457,8.314456684346526,0.5035248109414775,137.29251956148255,0,22,1.0,1.0,Waitzia
genus,66671,0.0,0.025513207991521764,4.735556140867328,0.2905771718773189,77.17568389293244,0,39,1.0,1.0,Bixa
genus,46111,0.0,0.03532598029595321,3.431855187360336,0.21159420800033213,55.66140084039331,0,54,1.0,1.0,Celosia
genus,155620,0.0,0.05168060080333896,2.3522705403262436,0.14560987221472704,38.00001064987604,0,79,1.0,1.0,Chisocheton
genus,1835,0.0,0.04317619813949837,2.812352177874306,0.1737945801637306,45.50961695665673,0,66,1.0,1.0,Saccharopolyspora
genus,85238,0.0,0.022242283890044616,5.422046014936228,0.3318620573885193,88.58675565211773,0,34,1.0,1.0,Picramnia
genus,162714,0.0,0.018317174968272038,6.563787068650819,0.4000627239996083,107.69136462368809,0,28,1.0,1.0,Colophospermum
genus,43716,0.0,0.04710130706127095,2.5795044949985226,0.15954227001501392,41.70583406573954,0,72,1.0,1.0,Harrisonia
genus,41247,0.0,0.040559458858316653,2.992421052631579,0.18479954051034558,48.455660287377086,0,62,1.0,1.0,Mycena
genus,40961,0.0,0.015700435687090317,7.63562560887268,0.46356580011661014,125.77023245503916,0,24,1.0,1.0,Smyrnium
genus,76785,0.0,0.019625544608862896,6.133294540201056,0.3744153412088822,100.46944603125601,0,30,1.0,1.0,Cliona
genus,182992,0.0,0.015046250866794886,7.960597932237818,0.48272014659282364,131.27920988183405,0,23,1.0,1.0,Dimerostemma
genus,86549,0.0,0.05887663382658869,2.0662104316425136,0.1280373217767016,33.34360238551314,0,90,1.0,1.0,Erythropodium
genus,331077,0.0,0.015046250866794886,7.960597932237818,0.48272014659282364,131.27920988183405,0,23,1.0,1.0,Acodontaster
genus,136936,0.0,0.022896468710340047,5.269277845777234,0.3226928456601489,86.04246852513235,0,35,1.0,1.0,Archaster
genus,13394,0.24509803921568626,0.040559458858316653,6.055322184354442,0.8376433385726401,43.7739131535579,1,62,0.15461377012250566,1.0,Capparis
genus,89599,0.0,0.019625544608862896,6.133294540201056,0.3744153412088822,100.46944603125601,0,30,1.0,1.0,Acalycigorgia
genus,97971,0.0,0.030746686553885204,3.9377826451072604,0.24233563127626728,63.986183453272886,0,47,1.0,1.0,Periconia
genus,41377,0.0,0.03990527403802122,3.0410982077997035,0.1877719417860069,49.252717000830245,0,61,1.0,1.0,Avicennia
genus,283593,0.0,0.08242728735722417,1.4778496475585507,0.09177741491912154,23.797135523087118,0,126,1.0,1.0,Luffariella
genus,25782,0.0,0.013737881226204026,8.701232529674646,0.5262025995419242,143.88269385475752,0,21,1.0,1.0,Cleome
genus,186961,0.0,0.022242283890044616,5.422046014936228,0.3318620573885193,88.58675565211773,0,34,1.0,1.0,Parasenecio
genus,180118,0.0,0.0327092410147715,3.7037822509301113,0.22813148245683518,60.13200288960779,0,50,1.0,1.0,Mammea
genus,34453,0.0,0.023550653530635474,5.124880535202294,0.31401652500994026,83.64018581271783,0,36,1.0,1.0,Hebeloma
genus,74824,0.0,0.03336342583506692,3.6318403821701466,0.22375956620198006,58.94838279072905,0,51,1.0,1.0,Pachysandra
genus,13669,0.0,0.014392066046499457,8.314456684346526,0.5035248109414775,137.29251956148255,0,22,1.0,1.0,Sarcandra
genus,86526,0.0,0.013083696405908597,9.125742603815267,0.5510182991635482,151.13686459688856,0,20,1.0,1.0,Tubipora
genus,306910,0.0,0.013737881226204026,8.701232529674646,0.5262025995419242,143.88269385475752,0,21,1.0,1.0,Cleistopholis
genus,313930,0.0,0.024859023171226336,4.858589391025132,0.2979917108340321,79.21660238304207,0,38,1.0,1.0,Duhaldea
genus,4575,0.0,0.027475762452408053,4.401195190438476,0.27039294578907297,71.6384040560335,0,42,1.0,1.0,Zea
genus,1198,0.0,0.01635462050738575,7.336141310869513,0.4458729452486765,120.70472072045065,0,25,1.0,1.0,Phormidium
genus,29909,0.0,0.0438303829597938,2.7706695679767894,0.17124504491152814,44.8282159573068,0,67,1.0,1.0,Tolypocladium
genus,126757,0.0,0.014392066046499457,8.314456684346526,0.5035248109414775,137.29251956148255,0,22,1.0,1.0,Gomphocarpus
genus,25443,0.0,0.015046250866794886,7.960597932237818,0.48272014659282364,131.27920988183405,0,23,1.0,1.0,Psychotria
genus,204383,0.0,0.013083696405908597,9.125742603815267,0.5510182991635482,151.13686459688856,0,20,1.0,1.0,Gorgonia
genus,62113,0.0,0.013083696405908597,9.125742603815267,0.5510182991635482,151.13686459688856,0,20,1.0,1.0,Piscidia
genus,2135803,0.24509803921568626,0.012429511585613168,19.76503297555929,2.6397442068184365,147.99029675522496,1,19,0.051917426109032536,1.0,Lanxangia
genus,89477,0.0,0.013737881226204026,8.701232529674646,0.5262025995419242,143.88269385475752,0,21,1.0,1.0,Austrotaxus
genus,110564,0.0,0.041213643678612084,2.9452770362089074,0.18191973740988576,47.68397834960888,0,63,1.0,1.0,Clonostachys
genus,316724,0.0,0.03401761065536235,3.562639156029609,0.21955200269001668,57.81043944288514,0,52,1.0,1.0,Neoboutonia
genus,197265,0.0,0.024204838350930905,4.988184414524683,0.3057943970748501,81.36834419244289,0,37,1.0,1.0,Hoodia
genus,4314,0.0,0.015700435687090317,7.63562560887268,0.46356580011661014,125.77023245503916,0,24,1.0,1.0,Dichapetalum
genus,43198,0.24509803921568626,0.018317174968272038,13.411196911196912,1.8204119308602664,98.80192474123231,1,28,0.07439444818713722,1.0,Launaea
genus,434625,0.0,0.013737881226204026,8.701232529674646,0.5262025995419242,143.88269385475752,0,21,1.0,1.0,Bothriocline
genus,248335,0.0,0.013083696405908597,9.125742603815267,0.5510182991635482,151.13686459688856,0,20,1.0,1.0,Mylia
genus,41955,0.0,0.026167392811817194,4.618598606766701,0.2835225230990664,75.23724343753044,0,40,1.0,1.0,Amanita
genus,13699,0.7352941176470589,0.030092501733589773,24.60805152979066,7.622518021105482,79.44306571872289,3,46,0.00031498101681656625,0.024104336760594067,Styrax
genus,105591,0.0,0.030746686553885204,3.9377826451072604,0.24233563127626728,63.986183453272886,0,47,1.0,1.0,Symploca
genus,53586,0.0,0.025513207991521764,4.735556140867328,0.2905771718773189,77.17568389293244,0,39,1.0,1.0,Silphium
genus,47817,0.0,0.024859023171226336,4.858589391025132,0.2979917108340321,79.21660238304207,0,38,1.0,1.0,Lachnum
genus,295246,0.0,0.018971359788567465,6.341244320892891,0.38681452837657604,103.95519451148766,0,29,1.0,1.0,Calyx
genus,64630,0.0,0.020279729429158327,5.938547920188067,0.36278609655577165,97.20976557586583,0,31,1.0,1.0,Mariannaea
genus,4836,0.0,0.013737881226204026,8.701232529674646,0.5262025995419242,143.88269385475752,0,21,1.0,1.0,Phycomyces
genus,40443,0.0,0.014392066046499457,8.314456684346526,0.5035248109414775,137.29251956148255,0,22,1.0,1.0,Gloeophyllum
genus,63482,0.0,0.018317174968272038,6.563787068650819,0.4000627239996083,107.69136462368809,0,28,1.0,1.0,Pergularia
genus,66379,0.0,0.05625989454540697,2.161814335543119,0.13391436804855827,34.89872886279922,0,86,1.0,1.0,Broussonetia
genus,100502,0.0,0.0438303829597938,2.7706695679767894,0.17124504491152814,44.8282159573068,0,67,1.0,1.0,Ophiopogon
genus,13338,0.0,0.015046250866794886,7.960597932237818,0.48272014659282364,131.27920988183405,0,23,1.0,1.0,Apocynum
genus,165212,0.0,0.013737881226204026,8.701232529674646,0.5262025995419242,143.88269385475752,0,21,1.0,1.0,Cryptolepis
genus,2954103,0.0,0.031400871374180635,3.856566013451274,0.23740845520212414,62.64773258999906,0,48,1.0,1.0,Gongronemopsis
genus,237137,0.0,0.035980165116248644,3.3699979048816258,0.2078277028928345,54.64567870801458,0,55,1.0,1.0,Myrmekioderma
genus,25227,0.0,0.01635462050738575,7.336141310869513,0.4458729452486765,120.70472072045065,0,25,1.0,1.0,Ixora
genus,16921,0.0,0.018317174968272038,6.563787068650819,0.4000627239996083,107.69136462368809,0,28,1.0,1.0,Camptotheca
genus,68526,0.0,0.035980165116248644,3.3699979048816258,0.2078277028928345,54.64567870801458,0,55,1.0,1.0,Aegle
genus,97152,0.0,0.022242283890044616,5.422046014936228,0.3318620573885193,88.58675565211773,0,34,1.0,1.0,Notheia
genus,1237196,0.0,0.013737881226204026,8.701232529674646,0.5262025995419242,143.88269385475752,0,21,1.0,1.0,Cleistochlamys
genus,119950,0.0,0.017662990147976607,6.802514743518415,0.41425020102343746,111.70593694694989,0,27,1.0,1.0,Eugenia
genus,362350,0.0,0.022242283890044616,5.422046014936228,0.3318620573885193,88.58675565211773,0,34,1.0,1.0,Eriolarynx
genus,72191,0.0,0.018971359788567465,6.341244320892891,0.38681452837657604,103.95519451148766,0,29,1.0,1.0,Roemeria
genus,232804,0.0,0.017662990147976607,6.802514743518415,0.41425020102343746,111.70593694694989,0,27,1.0,1.0,Hylaeus
genus,28832,0.0,0.04513875260038466,2.6909028468779446,0.16636388525762877,43.52481982566455,0,69,1.0,1.0,Cucumaria
genus,3321,0.0,0.026821577632112625,4.507277580333574,0.27680218497729686,73.39375297143675,0,41,1.0,1.0,Cedrus
genus,259619,0.0,0.020933914249453754,5.755785707560493,0.35185724898147364,94.15485742373322,0,32,1.0,1.0,Philinopsis
genus,2771339,0.0,0.013737881226204026,8.701232529674646,0.5262025995419242,143.88269385475752,0,21,1.0,1.0,Carpodesmia
genus,159416,0.0,0.036634349936544075,3.310330260720746,0.2041928915688953,53.6663463201221,0,56,1.0,1.0,Clavelina
genus,1847,0.0,0.013083696405908597,9.125742603815267,0.5510182991635482,151.13686459688856,0,20,1.0,1.0,Pseudonocardia
genus,676613,0.0,0.015700435687090317,7.63562560887268,0.46356580011661014,125.77023245503916,0,24,1.0,1.0,Psammocinia
genus,53714,0.0,0.022896468710340047,5.269277845777234,0.3226928456601489,86.04246852513235,0,35,1.0,1.0,Acmella
genus,71038,0.0,0.021588099069749185,5.583934671806207,0.3415673826641469,91.28601851792796,0,33,1.0,1.0,Chrysothamnus
genus,279629,0.0,0.015700435687090317,7.63562560887268,0.46356580011661014,125.77023245503916,0,24,1.0,1.0,Chelonaplysilla
genus,470589,0.0,0.017008805327681176,7.059259601394887,0.4294804974759218,116.03122007345566,0,26,1.0,1.0,Palisada
genus,20025,0.0,0.026821577632112625,4.507277580333574,0.27680218497729686,73.39375297143675,0,41,1.0,1.0,Acalypha
genus,4046,0.0,0.020933914249453754,5.755785707560493,0.35185724898147364,94.15485742373322,0,32,1.0,1.0,Coriandrum
genus,50180,0.0,0.013083696405908597,9.125742603815267,0.5510182991635482,151.13686459688856,0,20,1.0,1.0,Dacrycarpus
genus,43070,0.0,0.022896468710340047,5.269277845777234,0.3226928456601489,86.04246852513235,0,35,1.0,1.0,Eryngium
genus,112832,0.0,0.018971359788567465,6.341244320892891,0.38681452837657604,103.95519451148766,0,29,1.0,1.0,Galphimia
genus,82156,0.0,0.014392066046499457,8.314456684346526,0.5035248109414775,137.29251956148255,0,22,1.0,1.0,Parinari
genus,283574,0.0,0.040559458858316653,2.992421052631579,0.18479954051034558,48.455660287377086,0,62,1.0,1.0,Melophlus
genus,328235,0.0,0.04906386152215724,2.476958992275082,0.15325779716544768,40.03271587408416,0,75,1.0,1.0,Subergorgia
genus,459968,0.0,0.030746686553885204,3.9377826451072604,0.24233563127626728,63.986183453272886,0,47,1.0,1.0,Cribrochalina
genus,1162778,0.0,0.06214755792806584,1.9579677917550482,0.12137831524117905,31.58420732675925,0,95,1.0,1.0,Dactylospongia
genus,13823,0.24509803921568626,0.012429511585613168,19.76503297555929,2.6397442068184365,147.99029675522496,1,19,0.051917426109032536,1.0,Lygodium
genus,283496,0.0,0.030746686553885204,3.9377826451072604,0.24233563127626728,63.986183453272886,0,47,1.0,1.0,Iotrochota
genus,1279,0.0,0.015046250866794886,7.960597932237818,0.48272014659282364,131.27920988183405,0,23,1.0,1.0,Staphylococcus
genus,38530,0.0,0.03794271957713493,3.1971147307744614,0.19729165725367032,51.80929971404,0,58,1.0,1.0,Delisea
genus,68863,0.0,0.013737881226204026,8.701232529674646,0.5262025995419242,143.88269385475752,0,21,1.0,1.0,Gratiola
genus,45244,0.0,0.017008805327681176,7.059259601394887,0.4294804974759218,116.03122007345566,0,26,1.0,1.0,Emericellopsis
genus,68750,0.0,0.015700435687090317,7.63562560887268,0.46356580011661014,125.77023245503916,0,24,1.0,1.0,Albatrellus
genus,61891,0.0,0.013083696405908597,9.125742603815267,0.5510182991635482,151.13686459688856,0,20,1.0,1.0,Cyclanthera
genus,50,0.24509803921568626,0.028784132092998915,8.533504578959125,1.1729279425301837,62.08454736105187,1,44,0.11304902788662195,1.0,Chondromyces
genus,209794,0.0,0.030746686553885204,3.9377826451072604,0.24233563127626728,63.986183453272886,0,47,1.0,1.0,Marsupella
genus,113200,0.0,0.014392066046499457,8.314456684346526,0.5035248109414775,137.29251956148255,0,22,1.0,1.0,Evolvulus
genus,179710,0.0,0.014392066046499457,8.314456684346526,0.5035248109414775,137.29251956148255,0,22,1.0,1.0,Homalium
genus,53853,0.0,0.026821577632112625,4.507277580333574,0.27680218497729686,73.39375297143675,0,41,1.0,1.0,Chamaecrista
genus,72720,0.0,0.018971359788567465,6.341244320892891,0.38681452837657604,103.95519451148766,0,29,1.0,1.0,Echinaster
genus,6907,0.0,0.019625544608862896,6.133294540201056,0.3744153412088822,100.46944603125601,0,30,1.0,1.0,Agelenopsis
genus,201009,0.0,0.015700435687090317,7.63562560887268,0.46356580011661014,125.77023245503916,0,24,1.0,1.0,Aphanamixis
genus,1745016,0.0,0.018317174968272038,6.563787068650819,0.4000627239996083,107.69136462368809,0,28,1.0,1.0,Bejaranoa
genus,148687,0.0,0.013083696405908597,9.125742603815267,0.5510182991635482,151.13686459688856,0,20,1.0,1.0,Dichrostachys
genus,5629,0.0,0.013083696405908597,9.125742603815267,0.5510182991635482,151.13686459688856,0,20,1.0,1.0,Laetiporus
genus,60425,0.0,0.035980165116248644,3.3699979048816258,0.2078277028928345,54.64567870801458,0,55,1.0,1.0,Rhoiptelea
genus,45319,0.0,0.030092501733589773,4.022492465221569,0.24747157536688544,65.38304695711498,0,46,1.0,1.0,Thevetia
genus,4645,0.0,0.03990527403802122,3.0410982077997035,0.1877719417860069,49.252717000830245,0,61,1.0,1.0,Hedychium
genus,1859696,0.0,0.024859023171226336,4.858589391025132,0.2979917108340321,79.21660238304207,0,38,1.0,1.0,Albifimbria
genus,2769426,0.0,0.026167392811817194,4.618598606766701,0.2835225230990664,75.23724343753044,0,40,1.0,1.0,Anthenea
genus,121882,0.0,0.022896468710340047,5.269277845777234,0.3226928456601489,86.04246852513235,0,35,1.0,1.0,Balsamorhiza
genus,3067301,0.0,0.013737881226204026,8.701232529674646,0.5262025995419242,143.88269385475752,0,21,1.0,1.0,Kirganelia
genus,157843,0.0,0.013083696405908597,9.125742603815267,0.5510182991635482,151.13686459688856,0,20,1.0,1.0,Pallenis
genus,157640,0.0,0.018317174968272038,6.563787068650819,0.4000627239996083,107.69136462368809,0,28,1.0,1.0,Spergularia
genus,464387,0.0,0.025513207991521764,4.735556140867328,0.2905771718773189,77.17568389293244,0,39,1.0,1.0,Ovabunda
genus,320625,0.0,0.01635462050738575,7.336141310869513,0.4458729452486765,120.70472072045065,0,25,1.0,1.0,Corymbium
genus,749461,0.0,0.018317174968272038,6.563787068650819,0.4000627239996083,107.69136462368809,0,28,1.0,1.0,Boeremia
genus,105585,0.0,0.014392066046499457,8.314456684346526,0.5035248109414775,137.29251956148255,0,22,1.0,1.0,Anarrhinum
genus,1090618,0.0,0.018971359788567465,6.341244320892891,0.38681452837657604,103.95519451148766,0,29,1.0,1.0,Ayapana
genus,19013,0.0,0.04644712224097552,2.615598599686727,0.1617531528194653,42.29503979016031,0,71,1.0,1.0,Zinnia
genus,50803,0.0,0.01635462050738575,7.336141310869513,0.4458729452486765,120.70472072045065,0,25,1.0,1.0,Halenia
genus,86533,0.0,0.069997775771611,1.7392673137684667,0.1079077370193933,28.03367832836409,0,107,1.0,1.0,Lemnalia
genus,46141,0.0,0.015046250866794886,7.960597932237818,0.48272014659282364,131.27920988183405,0,23,1.0,1.0,Petiveria
genus,322841,0.0,0.01635462050738575,7.336141310869513,0.4458729452486765,120.70472072045065,0,25,1.0,1.0,Leptoclinides
genus,173682,0.0,0.013737881226204026,8.701232529674646,0.5262025995419242,143.88269385475752,0,21,1.0,1.0,Semecarpus
genus,5144,0.0,0.013737881226204026,8.701232529674646,0.5262025995419242,143.88269385475752,0,21,1.0,1.0,Podospora
genus,499622,0.0,0.015700435687090317,7.63562560887268,0.46356580011661014,125.77023245503916,0,24,1.0,1.0,Rugulopteryx
genus,39965,0.0,0.018317174968272038,6.563787068650819,0.4000627239996083,107.69136462368809,0,28,1.0,1.0,Hypsizygus
genus,453449,0.0,0.020933914249453754,5.755785707560493,0.35185724898147364,94.15485742373322,0,32,1.0,1.0,Trimusculus
genus,991083,0.0,0.014392066046499457,8.314456684346526,0.5035248109414775,137.29251956148255,0,22,1.0,1.0,Muricella
genus,35707,0.0,0.014392066046499457,8.314456684346526,0.5035248109414775,137.29251956148255,0,22,1.0,1.0,Arundo
genus,149684,0.0,0.017008805327681176,7.059259601394887,0.4294804974759218,116.03122007345566,0,26,1.0,1.0,Bowdichia
genus,136939,0.0,0.023550653530635474,5.124880535202294,0.31401652500994026,83.64018581271783,0,36,1.0,1.0,Hippasteria
genus,237082,0.0,0.022242283890044616,5.422046014936228,0.3318620573885193,88.58675565211773,0,34,1.0,1.0,Spheciospongia
genus,119430,0.0,0.040559458858316653,2.992421052631579,0.18479954051034558,48.455660287377086,0,62,1.0,1.0,Hippospongia
genus,1267119,0.0,0.017008805327681176,7.059259601394887,0.4294804974759218,116.03122007345566,0,26,1.0,1.0,Rumphella
genus,63071,0.0,0.06411011238895213,1.8982969760607398,0.11770512966107005,30.614905397051583,0,98,1.0,1.0,Ancistrocladus
genus,73795,0.0,0.0922400596616556,1.3210573891380601,0.08208783859260081,21.260063065585143,0,141,1.0,1.0,Discodermia
genus,47,0.0,0.021588099069749185,5.583934671806207,0.3415673826641469,91.28601851792796,0,33,1.0,1.0,Archangium
genus,46527,0.0,0.018971359788567465,6.341244320892891,0.38681452837657604,103.95519451148766,0,29,1.0,1.0,Oreaster
genus,109225,0.0,0.024859023171226336,4.858589391025132,0.2979917108340321,79.21660238304207,0,38,1.0,1.0,Eriosema
genus,84943,0.0,0.018317174968272038,6.563787068650819,0.4000627239996083,107.69136462368809,0,28,1.0,1.0,Gardneria
genus,55080,0.0,0.018971359788567465,6.341244320892891,0.38681452837657604,103.95519451148766,0,29,1.0,1.0,Brevibacillus
genus,121496,0.0,0.05233478562363439,2.323034583425196,0.1438156260451462,37.523667102039525,0,80,1.0,1.0,Cacospongia
genus,549774,0.0,0.017008805327681176,7.059259601394887,0.4294804974759218,116.03122007345566,0,26,1.0,1.0,Lophira
genus,283513,0.0,0.013737881226204026,8.701232529674646,0.5262025995419242,143.88269385475752,0,21,1.0,1.0,Polymastia
genus,283412,0.0,0.027475762452408053,4.401195190438476,0.27039294578907297,71.6384040560335,0,42,1.0,1.0,Aplysinella
genus,87658,0.0,0.025513207991521764,4.735556140867328,0.2905771718773189,77.17568389293244,0,39,1.0,1.0,Corymbia
genus,381646,0.0,0.015046250866794886,7.960597932237818,0.48272014659282364,131.27920988183405,0,23,1.0,1.0,Actinostemma
genus,38386,0.0,0.022896468710340047,5.269277845777234,0.3226928456601489,86.04246852513235,0,35,1.0,1.0,Hymenophyllum
genus,60057,0.0,0.018317174968272038,6.563787068650819,0.4000627239996083,107.69136462368809,0,28,1.0,1.0,Isertia
genus,942688,0.0,0.013737881226204026,8.701232529674646,0.5262025995419242,143.88269385475752,0,21,1.0,1.0,Homaxinella
genus,72939,0.0,0.015046250866794886,7.960597932237818,0.48272014659282364,131.27920988183405,0,23,1.0,1.0,Grangea
genus,289666,0.0,0.015046250866794886,7.960597932237818,0.48272014659282364,131.27920988183405,0,23,1.0,1.0,Clutia
genus,461640,0.0,0.015700435687090317,7.63562560887268,0.46356580011661014,125.77023245503916,0,24,1.0,1.0,Tiliacora
genus,35856,0.0,0.017008805327681176,7.059259601394887,0.4294804974759218,116.03122007345566,0,26,1.0,1.0,Cymopolia
genus,117498,0.0,0.029438316913294345,4.11092579391233,0.25282984209022225,66.84223168965575,0,45,1.0,1.0,Cephalodiscus
genus,96340,0.0,0.018971359788567465,6.341244320892891,0.38681452837657604,103.95519451148766,0,29,1.0,1.0,Xiphidium
genus,42,0.0,0.015700435687090317,7.63562560887268,0.46356580011661014,125.77023245503916,0,24,1.0,1.0,Cystobacter
genus,123476,0.0,0.020279729429158327,5.938547920188067,0.36278609655577165,97.20976557586583,0,31,1.0,1.0,Semialarium
genus,42393,0.0,0.022896468710340047,5.269277845777234,0.3226928456601489,86.04246852513235,0,35,1.0,1.0,Eupentacta
genus,133433,0.0,0.03794271957713493,3.1971147307744614,0.19729165725367032,51.80929971404,0,58,1.0,1.0,Acanthaster
genus,590102,0.0,0.018317174968272038,6.563787068650819,0.4000627239996083,107.69136462368809,0,28,1.0,1.0,Carpophyllum
genus,37394,0.0,0.013737881226204026,8.701232529674646,0.5262025995419242,143.88269385475752,0,21,1.0,1.0,Reboulia
genus,30298,0.0,0.018317174968272038,6.563787068650819,0.4000627239996083,107.69136462368809,0,28,1.0,1.0,Polycarpa
genus,386452,0.0,0.018971359788567465,6.341244320892891,0.38681452837657604,103.95519451148766,0,29,1.0,1.0,Pseudolagarobasidium
genus,1162788,0.0,0.028784132092998915,4.203333654229643,0.25842518532972136,68.36800285636681,0,44,1.0,1.0,Petrosaspongia
genus,4078,0.0,0.014392066046499457,8.314456684346526,0.5035248109414775,137.29251956148255,0,22,1.0,1.0,Hyoscyamus
genus,1162794,0.0,0.023550653530635474,5.124880535202294,0.31401652500994026,83.64018581271783,0,36,1.0,1.0,Spongionella
genus,29487,0.0,0.020933914249453754,5.755785707560493,0.35185724898147364,94.15485742373322,0,32,1.0,1.0,Photorhabdus
genus,46699,0.0,0.014392066046499457,8.314456684346526,0.5035248109414775,137.29251956148255,0,22,1.0,1.0,Tubastraea
genus,134439,0.0,0.022242283890044616,5.422046014936228,0.3318620573885193,88.58675565211773,0,34,1.0,1.0,Gersemia
genus,1499191,0.0,0.013083696405908597,9.125742603815267,0.5510182991635482,151.13686459688856,0,20,1.0,1.0,Parepigynum
genus,124426,0.0,0.018317174968272038,6.563787068650819,0.4000627239996083,107.69136462368809,0,28,1.0,1.0,Ustilaginoidea
genus,13450,0.24509803921568626,0.020279729429158327,12.113101371165888,1.6496900678772353,88.94229751709928,1,31,0.08176802837214979,1.0,Corylus
genus,34435,0.0,0.015700435687090317,7.63562560887268,0.46356580011661014,125.77023245503916,0,24,1.0,1.0,Macrolepiota
genus,103379,0.0,0.015700435687090317,7.63562560887268,0.46356580011661014,125.77023245503916,0,24,1.0,1.0,Boreostereum
genus,33882,0.0,0.014392066046499457,8.314456684346526,0.5035248109414775,137.29251956148255,0,22,1.0,1.0,Microbacterium
genus,1906669,0.0,0.013737881226204026,8.701232529674646,0.5262025995419242,143.88269385475752,0,21,1.0,1.0,Kyrtuthrix
genus,52507,0.0,0.015700435687090317,7.63562560887268,0.46356580011661014,125.77023245503916,0,24,1.0,1.0,Azorella
genus,1205700,0.0,0.019625544608862896,6.133294540201056,0.3744153412088822,100.46944603125601,0,30,1.0,1.0,Brachystemma
genus,1206315,0.0,0.015700435687090317,7.63562560887268,0.46356580011661014,125.77023245503916,0,24,1.0,1.0,Pantoneura
genus,79830,0.0,0.020279729429158327,5.938547920188067,0.36278609655577165,97.20976557586583,0,31,1.0,1.0,Chrysopogon
genus,268571,0.0,0.013737881226204026,8.701232529674646,0.5262025995419242,143.88269385475752,0,21,1.0,1.0,Tricleocarpa
genus,53021,0.0,0.013737881226204026,8.701232529674646,0.5262025995419242,143.88269385475752,0,21,1.0,1.0,Trichocolea
genus,572527,0.0,0.020279729429158327,5.938547920188067,0.36278609655577165,97.20976557586583,0,31,1.0,1.0,Protoreaster
genus,212328,0.0,0.023550653530635474,5.124880535202294,0.31401652500994026,83.64018581271783,0,36,1.0,1.0,Picrodendron
genus,203654,0.0,0.01635462050738575,7.336141310869513,0.4458729452486765,120.70472072045065,0,25,1.0,1.0,Ptychanthus
genus,297674,0.0,0.018971359788567465,6.341244320892891,0.38681452837657604,103.95519451148766,0,29,1.0,1.0,Trachycladus
genus,85160,0.0,0.027475762452408053,4.401195190438476,0.27039294578907297,71.6384040560335,0,42,1.0,1.0,Alvaradoa
genus,264782,0.0,0.013083696405908597,9.125742603815267,0.5510182991635482,151.13686459688856,0,20,1.0,1.0,Plicanthus
genus,5579,0.0,0.023550653530635474,5.124880535202294,0.31401652500994026,83.64018581271783,0,36,1.0,1.0,Aureobasidium
genus,1924097,0.0,0.015700435687090317,7.63562560887268,0.46356580011661014,125.77023245503916,0,24,1.0,1.0,Senegalia
genus,1081535,0.0,0.019625544608862896,6.133294540201056,0.3744153412088822,100.46944603125601,0,30,1.0,1.0,Rydingia
genus,484443,0.0,0.013737881226204026,8.701232529674646,0.5262025995419242,143.88269385475752,0,21,1.0,1.0,Trikentrion
genus,35937,0.0,0.015700435687090317,7.63562560887268,0.46356580011661014,125.77023245503916,0,24,1.0,1.0,Robinia
genus,287932,0.0,0.03532598029595321,3.431855187360336,0.21159420800033213,55.66140084039331,0,54,1.0,1.0,Menella
genus,2321281,0.0,0.019625544608862896,6.133294540201056,0.3744153412088822,100.46944603125601,0,30,1.0,1.0,Euxylophora
genus,54788,0.0,0.018971359788567465,6.341244320892891,0.38681452837657604,103.95519451148766,0,29,1.0,1.0,Stagonospora
genus,1659840,0.0,0.015700435687090317,7.63562560887268,0.46356580011661014,125.77023245503916,0,24,1.0,1.0,Sanghuangporus
genus,133252,0.0,0.015046250866794886,7.960597932237818,0.48272014659282364,131.27920988183405,0,23,1.0,1.0,Leucanthemopsis
genus,71669,0.0,0.018317174968272038,6.563787068650819,0.4000627239996083,107.69136462368809,0,28,1.0,1.0,Conocybe
genus,81509,0.0,0.013737881226204026,8.701232529674646,0.5262025995419242,143.88269385475752,0,21,1.0,1.0,Pegolettia
genus,472230,0.0,0.023550653530635474,5.124880535202294,0.31401652500994026,83.64018581271783,0,36,1.0,1.0,Aulosaccus
genus,40430,0.0,0.013737881226204026,8.701232529674646,0.5262025995419242,143.88269385475752,0,21,1.0,1.0,Cryptoporus
genus,115725,0.0,0.014392066046499457,8.314456684346526,0.5035248109414775,137.29251956148255,0,22,1.0,1.0,Deprea
genus,117815,0.0,0.018971359788567465,6.341244320892891,0.38681452837657604,103.95519451148766,0,29,1.0,1.0,Eisenia
genus,190923,0.0,0.01635462050738575,7.336141310869513,0.4458729452486765,120.70472072045065,0,25,1.0,1.0,Hexabranchus
genus,648800,0.0,0.01635462050738575,7.336141310869513,0.4458729452486765,120.70472072045065,0,25,1.0,1.0,Solibacillus
genus,278090,0.0,0.015046250866794886,7.960597932237818,0.48272014659282364,131.27920988183405,0,23,1.0,1.0,Teichospora
genus,74097,0.0,0.013083696405908597,9.125742603815267,0.5510182991635482,151.13686459688856,0,20,1.0,1.0,Halidrys
