column,category,n_odorant,n_background,pct_odorant,pct_background,odds_ratio,ci_lo,ci_hi,p,q
annotation_level,1,11,236819,0.3699966363942146,32.68231556605011,0.007649340278704518,0.0042314781941059434,0.013827888037072637,0.0,0.0
annotation_level,3,925,159433,31.113353514968047,22.002624863892112,1.6010956355883035,1.4811890391380438,1.730709022659058,1.829364118224717e-30,1.829364118224717e-30
annotation_level,0,600,74486,20.181634712411704,10.279474861615023,2.2068580039799435,2.0171548246655737,2.4144018050462637,5.65002865118507e-57,8.475042976777605e-57
annotation_level,5,820,51184,27.581567440296,7.063671580121142,5.011004984865945,4.621439741068276,5.433408713568332,1.3964035728042242e-252,4.1892107184126724e-252
annotation_level,4,425,56315,14.29532458795829,7.771777606957683,1.9793973292470268,1.7855695783761136,2.194265535478881,3.9096506044507326e-33,4.691580725340879e-33
annotation_level,2,192,146372,6.458123107971746,20.200135521363936,0.2727395442995196,0.23560469499670667,0.31572740528684884,2.8340944116892414e-98,5.668188823378482e-98
chemical_super_class,Phenylpropanoids and polyketides,21,79327,0.7063572149344097,10.947559304397268,0.057867065837701126,0.03767012245637547,0.08889265790263191,7.384573552674906e-116,7.01534487504116e-115
chemical_super_class,Lipids and lipid-like molecules,673,234150,22.63706693575513,32.313978987288316,0.6129086835826161,0.5623805492862769,0.6679766127895528,3.9268232175026485e-31,1.4921928226510064e-30
chemical_super_class,Organoheterocyclic compounds,438,134303,14.732593340060545,18.534547597393903,0.7594297923969235,0.6860674089830693,0.8406369432923565,5.1138776353517195e-08,9.716367507168267e-08
chemical_super_class,Benzenoids,422,64134,14.194416414396233,8.85084231633888,1.7036094813098168,1.5363837794133495,1.8890366480677812,2.1789571046788034e-21,6.900030831482878e-21
chemical_super_class,Organic acids and derivatives,229,62946,7.702657248570468,8.68689182717852,0.8772433558441828,0.7664140510320786,1.0040994216330636,0.05832456205786741,0.07915476279282006
chemical_super_class,Organic Polymers,0,4466,0.0,0.6163323944361718,0.0271115138460182,0.0016951338960051246,0.4336142323359068,2.1889671390999253e-08,4.621152849210953e-08
chemical_super_class,Alkaloids and derivatives,3,20262,0.10090817356205853,2.7962666762350454,0.03511309920845011,0.011317282988508537,0.10894220258293137,5.977903951657408e-32,2.8395043770372686e-31
chemical_super_class,Organic oxygen compounds,372,34045,12.512613521695258,4.698395962512196,2.9010364361030407,2.600961012051412,3.235731856264779,1.9043283656960092e-63,1.2060746316074726e-62
chemical_super_class,"Lignans, neolignans and related compounds",0,7262,0.0,1.002195666904496,0.016609077256442232,0.0010385362978256572,0.26562523417624084,1.7825873723941111e-13,4.233645009436014e-13
chemical_super_class,Organohalogen compounds,0,657,0.0,0.09066958870232084,0.1851468708701259,0.011565819321937095,2.963850881535111,0.12283519637400894,0.14586679569413563
chemical_super_class,"Nucleosides, nucleotides, and analogues",3,1900,0.10090817356205853,0.26221037828677257,0.3842153110047847,0.12373610388943487,1.1930342120874553,0.10174207251350087,0.12887329185043445
chemical_super_class,"Organic 1,3-dipolar compounds",0,120,0.0,0.01656065547074353,1.0109905827897465,0.06285937352374135,16.260135938254525,1.0,1.0
chemical_super_class,Hydrocarbons,36,1353,1.2108980827447022,0.18672139043263333,6.552285353849917,4.696689693611549,9.141000610850012,9.412202495497986e-18,2.554740677349453e-17
chemical_super_class,Organosulfur compounds,131,806,4.406323578876556,0.11123240257849405,41.393539044778514,34.28989179794806,49.96880960569657,4.900838606662612e-153,9.311593352658963e-152
chemical_super_class,Organic nitrogen compounds,30,2704,1.0090817356205852,0.37316676994075426,2.721475037547726,1.8956068010441751,3.907153306221335,2.0184446269168097e-06,3.4864043555835803e-06
chemical_super_class,Hydrocarbon derivatives,6,645,0.20181634712411706,0.08901352315524648,2.269817606069869,1.0151397642699165,5.075234116683525,0.053124919182154,0.07764411265084047
chemical_super_class,Organometallic compounds,0,89,0.0,0.012282486140801453,1.3612243345078923,0.08446752464147154,21.93661643005823,1.0,1.0
chemical_super_class,Organic salts,5,66,0.16818028927009754,0.009108360508908942,18.493807686024667,7.445452181525899,45.93689065337197,1.1814706098301008e-05,1.8706617988976595e-05
chemical_super_class,Organophosphorus compounds,0,46,0.0,0.006348251263785021,2.620146418814221,0.1614317970913098,42.52673500340135,1.0,1.0
chemical_class,Flavonoids,3,27031,0.10090817356205853,3.730425650247237,0.026067265081729955,0.008401901302021439,0.0808748263536129,4.348128215241153e-44,1.6957700039440496e-42
chemical_class,Prenol lipids,259,102281,8.711738984191053,14.115336685025992,0.580649821203982,0.51107251819845,0.6596993633167709,3.222431628301565e-19,5.8648255635088484e-18
chemical_class,Benzofurans,8,4293,0.2690884628321561,0.5924574494658499,0.4527176874075174,0.22604504002995582,0.9066923320434278,0.01616651006964677,0.05586654745586795
chemical_class,Benzene and substituted derivatives,280,32543,9.418096199125463,4.49111175820339,2.2111163978661885,1.9540956934228015,2.50194283799331,7.073098745553423e-30,2.4136949469201055e-28
chemical_class,Carboxylic acids and derivatives,179,53208,6.020854355869492,7.342994635727682,0.8084100019620195,0.6948509568201322,0.9405279288424483,0.005333571606156598,0.021732314156429122
chemical_class,Glycerolipids,9,45012,0.30272452068617556,6.211901867075899,0.045844522432344624,0.023828294805411765,0.08820271254040457,4.844189239575013e-68,4.408212208013262e-66
chemical_class,Steroids and steroid derivatives,9,58287,0.30272452068617556,8.043924378526903,0.03471177002198183,0.018042166401855273,0.06678283257242636,2.4579417445651634e-92,3.355090481331448e-90
chemical_class,Furans,67,879,2.2536158762193073,0.12130680132319638,18.983089398811607,14.768336314118272,24.400695884666305,8.151423577025126e-59,3.708897727546432e-57
chemical_class,Polypeptides,0,4459,0.0,0.6153663562003784,0.02715433426556928,0.0016978108080146319,0.43429919630946046,2.170124111992074e-08,1.9111092986252778e-07
chemical_class,Cytochalasans,0,581,0.0,0.08018117357084993,0.209366891057306,0.013077003478459054,3.3520290136198048,0.18471485107156776,0.48487648406286543
chemical_class,Isoquinolines and derivatives,1,3209,0.03363605785401951,0.44285952838013326,0.07564106166749221,0.01064828574317511,0.5373231286409208,6.754925330458723e-05,0.0003923605564287726
chemical_class,Organooxygen compounds,368,33911,12.378069290279178,4.679903230569866,2.877316874005349,2.578393841805855,3.2108951934346472,5.409140840385524e-62,3.69173862356312e-60
chemical_class,Stilbenes,0,2569,0.0,0.3545360325361678,0.04725143450286181,0.0029540340907955663,0.7558132350385105,6.238247515330787e-05,0.0003702264286272402
chemical_class,Quinolidines,0,300,0.0,0.04140163867685883,0.40530481818459063,0.025287063476700348,6.496285968317566,0.6395748506817404,1.0
chemical_class,Coumarins and derivatives,7,15184,0.23545240497813658,2.095474938898082,0.11026741336836803,0.05251316236657547,0.23154009210250237,7.831171692549381e-19,1.336193670041238e-17
chemical_class,Diazanaphthalenes,3,4807,0.10090817356205853,0.6633922570655346,0.15125290769143485,0.048737121820558435,0.4694048649270767,7.071398822694205e-06,4.7085167770622394e-05
chemical_class,Isoindoles and derivatives,0,2273,0.0,0.3136864157083337,0.05342526234875333,0.00333988815000567,0.854597078955556,0.0001875212045079594,0.0010080061727916333
chemical_class,Cinnamic acids and derivatives,1,4365,0.03363605785401951,0.602393842748296,0.05551963418789188,0.007816346247850974,0.3943568622238064,5.76846226497375e-07,4.374417217605094e-06
chemical_class,Anthracenes,0,4924,0.0,0.6795388961495096,0.02457438582047467,0.0015365233967168258,0.39303042162842033,3.3351607009464263e-09,3.139651280546119e-08
chemical_class,Glycerophospholipids,0,6241,0.0,0.8612920899409199,0.01935353789578242,0.0012101236955334202,0.309521605490405,1.8384998642618683e-11,2.0076418517739604e-10
chemical_class,Benzodioxoles,11,1924,0.3699966363942146,0.2655225093809213,1.3949273963622377,0.7703629086550803,2.5258516723228523,0.2785847872337889,0.6621105737882711
chemical_class,Depsides and depsidones,5,923,0.16818028927009754,0.127379041662469,1.3208532764073555,0.5480687596906358,3.1832746292287064,0.4379070414051105,0.9056713810878422
chemical_class,Pyridines and derivatives,33,4754,1.1099899091826437,0.6560779675659563,1.6996224446867514,1.2045757162671196,2.398119450253291,0.004262007859945193,0.0176292143297733
chemical_class,Peptidomimetics,1,5933,0.03363605785401951,0.8187864075660115,0.040757730049255717,0.005738428072341614,0.2894856462128903,1.1565839107483511e-09,1.1276693129796423e-08
chemical_class,Benzazepines,0,982,0.0,0.13552136393558456,0.12384673607536632,0.007739197634580391,1.981861009465364,0.039304242663188854,0.1292778102054284
chemical_class,Indoles and derivatives,7,13824,0.23545240497813658,1.9077875102296549,0.12134766454228166,0.057788992815799745,0.2548107342310382,1.5664343807656953e-16,2.375758810827971e-15
chemical_class,Phenanthrenes and derivatives,0,2276,0.0,0.3141004320951023,0.0533546362810729,0.0033354742904376827,0.8534669929391163,0.00018830884546656887,0.0010080061727916333
chemical_class,Organic phosphonic acids and derivatives,0,147,0.0,0.020286802951660826,0.8258971194705776,0.05140497544491642,13.26926131266644,1.0,1.0
chemical_class,Benzopyrans,2,12601,0.06727211570803902,1.739006829890327,0.038037083121658724,0.009507485583247518,0.15217690100454284,6.193962376653826e-20,1.207822663447496e-18
chemical_class,Macrolides and analogues,0,1219,0.0,0.16822865849030305,0.099745441712026,0.006233958961285325,1.5959606414020804,0.011928653914246131,0.043408657980717934
chemical_class,Halohydrins,0,125,0.0,0.01725068278202451,0.9707053742320109,0.06036839965124787,15.608645069381609,1.0,1.0
chemical_class,Diazinanes,1,2254,0.03363605785401951,0.311064311925466,0.10783207601022737,0.015177976472536683,0.7660939939994598,0.002317560110868577,0.0100427604804305
chemical_class,Tetrahydroisoquinolines,0,3034,0.0,0.41870857248529897,0.039984963015562605,0.0024998568943669407,0.6395555165411918,9.582797744324337e-06,6.228818533810818e-05
chemical_class,Aporphines,0,1186,0.0,0.16367447823584858,0.10252432801022035,0.006407534465511589,1.640449675381968,0.018636865669586652,0.06281313984934761
chemical_class,Anthracyclines,0,761,0.0,0.10502215677696523,0.15983792486950554,0.009986247903760953,2.5583344688416876,0.08318668329573799,0.26103407516938476
chemical_class,Diarylheptanoids,1,3342,0.03363605785401951,0.46121425486020734,0.0726174194738364,0.010222760096475656,0.515838145596032,3.079673334630157e-05,0.00018683351563422956
chemical_class,Quinuclidines,0,603,0.0,0.08321729374048625,0.20172849677815455,0.012600458374437967,3.229595718115219,0.1881458678371899,0.48917925637669374
chemical_class,Lactones,43,5632,1.4463504877228388,0.7772467634268965,1.8734977965986659,1.3848485276671512,2.5345688887526365,0.00021297231821341544,0.0011181046706204311
chemical_class,Purine nucleotides,2,330,0.06727211570803902,0.045541802544544714,1.4774721295757984,0.3677942937811944,5.9351760769075295,0.3933754805524431,0.9006044867133435
chemical_class,Benzimidazoles,0,1240,0.0,0.17112677319768316,0.09805403867441996,0.00612830742796802,1.568882536226252,0.012084461562397668,0.043408657980717934
chemical_class,Dibenzocycloheptenes,0,103,0.0,0.014214562612388197,1.1770746261867104,0.07311688413790303,18.949175583021777,1.0,1.0
chemical_class,Isoflavonoids,0,10010,0.0,1.381434677184523,0.012003530478301298,0.0007505792375521966,0.1919647343475689,2.0891805041342674e-18,3.3549781036979705e-17
chemical_class,Fatty Acyls,395,18605,13.286242852337706,2.5675916252765285,5.814222800622721,5.224760422053208,6.470188878439804,1.3487062433891677e-152,3.681968044452428e-150
chemical_class,Azoles,49,6082,1.648166834846956,0.8393492214421847,1.9797729592513802,1.491116573301053,2.6285677728776933,1.825407056963405e-05,0.00011325821057977491
chemical_class,Azaspirodecane derivatives,0,2269,0.0,0.31313439385930897,0.05351972088915108,0.003345791442580296,0.8561085092152727,0.00018654134291760932,0.0010080061727916333
chemical_class,"Allyl-type 1,3-dipolar organic compounds",0,107,0.0,0.014766584461412983,1.1332702437422033,0.07041336375961267,18.2394559324853,1.0,1.0
chemical_class,Benzodiazepines,0,2118,0.0,0.29229556905862336,0.05734642318213371,0.00358494016777909,0.9173409032992862,0.0004198892320774127,0.001970083369285827
chemical_class,Lupin alkaloids,0,6097,0.0,0.8414193033760277,0.01981456673487199,0.001238947317793378,0.3168956817227423,2.444624500475802e-11,2.566855725499592e-10
chemical_class,Aryltetralin lignans,0,2161,0.0,0.29822980393563975,0.05620225166548478,0.003513436568956103,0.8990323377914243,0.00026780168980041494,0.0013794313455757223
chemical_class,Imidazopyrazines,0,223,0.0,0.03077521808313173,0.5449979667525483,0.03397557769329458,8.742243809530049,1.0,1.0
chemical_class,Oxepanes,7,2030,0.23545240497813658,0.2801510883800781,0.8400713837282303,0.39962965092334213,1.7659348552553633,0.8608450787813191,1.0
chemical_class,Neoflavonoids,0,2211,0.0,0.3051300770484496,0.054927768200078914,0.003433788188882646,0.8786388540824216,0.0002882063669280217,0.001457043299469443
chemical_class,Naphthopyrans,0,4218,0.0,0.5821070397966351,0.028715249091282584,0.0017953902708025273,0.4592681289321176,7.07998791316806e-08,6.040114688421501e-07
chemical_class,Pyridopyrimidines,0,659,0.0,0.09094559962683323,0.18458488444744345,0.011530749794458029,2.9548451032084424,0.12293034007935955,0.35132241488696575
chemical_class,Piperidines,2,5459,0.06727211570803902,0.7533718184565745,0.08868164375061388,0.02216306145625011,0.35484420569943353,9.575612921220571e-08,7.921643416646109e-07
chemical_class,Naphthalenes,11,5320,0.3699966363942146,0.7341890592029633,0.5021106319140187,0.2775937743179202,0.9082159255933276,0.01711638647379931,0.058409668841840144
chemical_class,Quinolines and derivatives,5,6899,0.16818028927009754,0.952099684105497,0.1752544120422156,0.07286859926062628,0.42149992248936635,1.9074663239119732e-07,1.531583254199908e-06
chemical_class,Phenol ethers,32,6412,1.0763538513286244,0.8848910239867294,1.2187230547619508,0.8594877838383835,1.7281058697253002,0.2789110475664878,0.6621105737882711
chemical_class,Phenylpropanoic acids,1,456,0.03363605785401951,0.06293049078882543,0.5343387700408491,0.07508249531098424,3.802722858186592,1.0,1.0
chemical_class,Saturated hydrocarbons,23,522,0.7736293306424487,0.07203885129773437,10.81498863562569,7.111997897267636,16.446008685358205,2.8987520047794653e-16,4.165048933183127e-15
chemical_class,Unsaturated hydrocarbons,12,483,0.4036326942482341,0.06665663826974272,6.075889251784587,3.422646616777325,10.785930986562386,1.372748726903331e-06,1.0128659525529982e-05
chemical_class,Pyrrolidines,2,3197,0.06727211570803902,0.44120346283305895,0.15190360114407997,0.03795649691535527,0.6079250172110822,0.0004084696591702803,0.0019563546833945003
chemical_class,Indenes and isoindenes,0,192,0.0,0.026497048753189652,0.632790952111618,0.03942899139048127,10.155582858023507,1.0,1.0
chemical_class,Naphthofurans,2,2470,0.06727211570803902,0.34087349177280435,0.1968118260594655,0.0491715469045458,0.7877501790223392,0.006200435044771166,0.02418169667460755
chemical_class,Furofurans,0,1911,0.0,0.26372843837159077,0.06357478680476039,0.003974157812668763,1.0170088123794419,0.0008608371001065289,0.0038525988250669246
chemical_class,Organic phosphoric acids and derivatives,3,233,0.10090817356205853,0.03215527270569369,3.140313001257207,1.0049171557995076,9.813312161059914,0.07345210127135976,0.23591086643624956
chemical_class,Indanes,2,1072,0.06727211570803902,0.14794185553864223,0.45435289891840025,0.11343276543603574,1.8199023532751895,0.3400990466974314,0.7938922810662882
chemical_class,Coumarans,1,509,0.03363605785401951,0.07024478028840382,0.4786653163646556,0.06727458667222519,3.405750914632819,0.729172645895716,1.0
chemical_class,2-arylbenzofuran flavonoids,0,2924,0.0,0.4035279716371174,0.041495252860920005,0.002594257823649564,0.6637181525656568,1.3502648300808054e-05,8.572611595629299e-05
chemical_class,Tetrapyrroles and derivatives,0,879,0.0,0.12130680132319638,0.13837036708472691,0.008646067179257878,2.214458677014985,0.05734824016843378,0.18638178054740978
chemical_class,Tetrahydrofurans,12,888,0.4036326942482341,0.12254885048350214,3.302942760389569,1.866506531268964,5.844839380761756,0.00042576893328887834,0.001970083369285827
chemical_class,Oxanes,6,2152,0.20181634712411706,0.296987754775334,0.6788962979390395,0.3044147045266383,1.5140536133825335,0.49507678656102794,1.0
chemical_class,Corynanthean-type alkaloids,0,399,0.0,0.055064179440222245,0.3048246578611696,0.019028944630225295,4.8829860954342905,0.4194110477877419,0.9006044867133435
chemical_class,Phenols,65,6682,2.186343760511268,0.9221524987959023,2.401556286428422,1.8759852028906625,3.074369983300992,1.0334785665344926e-09,1.0449616617182091e-08
chemical_class,Thioethers,15,244,0.5045408678102926,0.03367333279051185,15.054305356964718,8.926562202979747,25.38850955467326,4.5079199562324166e-13,5.350704991528042e-12
chemical_class,Dioxolopyrans,0,231,0.0,0.0318792617811813,0.5261585328428476,0.032804623853335435,8.439139644492213,1.0,1.0
chemical_class,Pyrans,8,2750,0.2690884628321561,0.3795150212045393,0.7082473708416372,0.35350499968149474,1.418973815804705,0.4514588303493665,0.9266786517697524
chemical_class,Tetralins,4,1682,0.13454423141607805,0.23212518751492184,0.5790529085929156,0.2169323275674092,1.5456537746580168,0.34023954902840925,0.7938922810662882
chemical_class,Imidazopyrimidines,3,1857,0.10090817356205853,0.2562761434097562,0.39313544709344383,0.1266062079673335,1.2207575145228258,0.1006804803420015,0.2987583818844175
chemical_class,Dihydrofurans,22,2405,0.7399932727884292,0.3319031367261516,2.238712272734638,1.468988711494652,3.4117570821856757,0.0006440751778942202,0.0029305420594187017
chemical_class,Organic sulfuric acids and derivatives,3,306,0.10090817356205853,0.04222967145039601,2.390912391892784,0.7664275833031094,7.458580810818373,0.1339901986173943,0.3657932422254864
chemical_class,Triphenyl compounds,0,260,0.0,0.03588142018661099,0.46756554297445735,0.029161207480996595,7.496861613822576,0.632040953630761,1.0
chemical_class,Piperazinopiperidines,0,200,0.0,0.02760109245123922,0.6075357260120255,0.037860776969929996,9.74886645020802,1.0,1.0
chemical_class,Strychnos alkaloids,0,699,0.0,0.09646581811708108,0.1740200217479804,0.010871431043220891,2.7855548960181427,0.12669951669376792,0.3529486536469249
chemical_class,Oxazinanes,0,818,0.0,0.11288846812556841,0.14869516814122385,0.00929066663785024,2.3798349343920617,0.0883917049744728,0.2651751149234184
chemical_class,Pyrrolopyrazines,0,49,0.0,0.006762267650553609,2.46133947512794,0.15178372761905926,39.91331684136583,1.0,1.0
chemical_class,Furopyrans,0,813,0.0,0.11219844081428743,0.14961012401184856,0.009347785642928,2.3944910657824674,0.0877347030703439,0.2651751149234184
chemical_class,Hydroxy acids and derivatives,13,2166,0.43726875210225363,0.29891983124692073,1.4648622133213547,0.848184090339994,2.5299004407835413,0.17424196540663212,0.46635349564716244
chemical_class,Azolidines,1,1941,0.03363605785401951,0.2678686022392766,0.12527502092343237,0.017631934218212183,0.890079935254983,0.006453061035993938,0.02481247412431472
chemical_class,Pyrrolopyrimidines,0,228,0.0,0.031465245394412714,0.5330687300181508,0.03323415219301409,8.55030900962462,1.0,1.0
chemical_class,Heteroaromatic compounds,18,376,0.6054490413723511,0.051890053808329735,11.732903121287396,7.301812559156916,18.852992258871424,1.2427010866484535e-13,1.5420790757046718e-12
chemical_class,Flavonolignans,0,107,0.0,0.014766584461412983,1.1332702437422033,0.07041336375961267,18.2394559324853,1.0,1.0
chemical_class,Organonitrogen compounds,29,2690,0.9754456777665658,0.3712346934691675,2.6436039023355424,1.8302351003666144,3.8184392764862904,5.0437798071271015e-06,3.510766081928468e-05
chemical_class,Benzothiazoles,5,248,0.16818028927009754,0.03422535463953663,4.920502836709852,2.028634075057891,11.934803059728143,0.004093842706300575,0.017194139366462413
chemical_class,Pyrimidine nucleosides,1,266,0.03363605785401951,0.036709452960148166,0.9162496584664892,0.1285494642916347,6.530664606547015,1.0,1.0
chemical_class,Quinolizines,0,574,0.0,0.07921513533505656,0.21191997252200062,0.013236276215682602,3.392953880829048,0.18392056759335534,0.48487648406286543
chemical_class,Protoberberine alkaloids and derivatives,0,454,0.0,0.06265447986431302,0.267916837084751,0.016728450384129432,4.290859580251104,0.2730249456261042,0.6621105737882711
chemical_class,Epoxides,3,334,0.10090817356205853,0.046093824393569495,2.1903919433859556,0.702473924965724,6.829886057171735,0.16063789282747715,0.43419945289011147
chemical_class,"Linear 1,3-diarylpropanoids",2,881,0.06727211570803902,0.12158281224770877,0.5530021383399345,0.13802268422538655,2.215660177345632,0.5954728071615087,1.0
chemical_class,Benzothiazines,0,194,0.0,0.026773059677702042,0.6262823752054891,0.03902488666441833,10.05075599234608,1.0,1.0
chemical_class,Polycyclic hydrocarbons,1,348,0.03363605785401951,0.04802590086515624,0.7002724663912996,0.09833312053360319,4.986941577005854,1.0,1.0
chemical_class,Pyrrolopyridines,0,362,0.0,0.04995797733674299,0.335954958454857,0.02096857082045171,5.382614536624549,0.4126976892532761,0.9006044867133435
chemical_class,Phenol esters,22,504,0.7399932727884292,0.06955475297712284,10.710863414607909,6.978555353204008,16.439304308693988,1.5250001220090206e-15,2.081625166542313e-14
chemical_class,Diazines,54,1930,1.8163471241170535,0.26635054215445847,6.927041520003834,5.27288582628013,9.100121982673063,7.606796974396714e-27,1.88786870364573e-25
chemical_class,Pyrrolines,3,609,0.10090817356205853,0.08404532651402342,1.200842580152925,0.385999846844081,3.7358121100260906,0.743078319546014,1.0
chemical_class,Thiophenes,5,314,0.16818028927009754,0.04333371514844558,3.885902922038903,1.6050365209676005,9.40803609279075,0.010577403503906735,0.03902204265630458
chemical_class,Pyrimidine nucleotides,0,153,0.0,0.021114835725198004,0.7936079231912294,0.04940430704593819,12.748150382238316,1.0,1.0
chemical_class,Isocoumarins and derivatives,0,388,0.0,0.053546119355404084,0.3134602329154204,0.0195670676090021,5.0215658055060315,0.41674363783385115,0.9006044867133435
chemical_class,Morphinans,0,646,0.0,0.08915152861750268,0.18829994937233002,0.011762576098875368,3.0143797273296387,0.12247623148826718,0.35132241488696575
chemical_class,Benzoxazines,0,419,0.0,0.05782428868534616,0.2902838802749676,0.018122721503769815,4.649673126078954,0.42556036185355794,0.9006044867133435
chemical_class,Benzothiazepines,0,113,0.0,0.01559461723495016,1.0733527955086377,0.06671319530182218,17.269240641434838,1.0,1.0
chemical_class,Thianes,0,34,0.0,0.004692185716710667,3.5315601825789646,0.21646778956224189,57.615580352157025,1.0,1.0
chemical_class,Benzophenanthridine alkaloids,0,200,0.0,0.02760109245123922,0.6075357260120255,0.037860776969929996,9.74886645020802,1.0,1.0
chemical_class,Purine nucleosides,0,738,0.0,0.10184803114507272,0.16482118792734604,0.010297297194844799,2.6381703349672976,0.08255125490672574,0.26103407516938476
chemical_class,Tetracyclines,0,158,0.0,0.021804863036478984,0.7685676684530387,0.04785228394794532,12.344160241837384,1.0,1.0
chemical_class,Lactams,0,632,0.0,0.08721945214591593,0.1924715753317679,0.012022880906110922,3.0812338240715036,0.1947173064179588,0.5014889118122902
chemical_class,Furanoid lignans,0,1426,0.0,0.19679578917733564,0.0852469391530785,0.0053282608185517815,1.363867288490553,0.005619818954470764,0.02256192021427233
chemical_class,Isocoumarans,1,297,0.03363605785401951,0.040987622290090245,0.8205790520729955,0.11517110939213096,5.846518143785653,1.0,1.0
chemical_class,Triazines,1,261,0.03363605785401951,0.03601942564886718,0.9338087797734153,0.13100377487134438,6.656287866806005,1.0,1.0
chemical_class,Fluorenes,0,669,0.0,0.09232565424939519,0.18182531706197877,0.011358541804594205,2.910624135865496,0.12354194809211982,0.35132241488696575
chemical_class,Angucyclines,0,320,0.0,0.044161747921982755,0.3800022927434669,0.023711841781959512,6.089857709836591,0.6457774636480951,1.0
chemical_class,Tropane alkaloids,0,455,0.0,0.06279248532656923,0.2673282860658835,0.016691757701895255,4.2814192374005335,0.2730694717035668,0.6621105737882711
chemical_class,Thioureas,0,47,0.0,0.006486256726041217,2.564981901533723,0.15808233649692185,41.61838887878318,1.0,1.0
chemical_class,Indolonaphthyridine alkaloids,0,810,0.0,0.11178442442751885,0.15016451615011359,0.009382395030978397,2.403371616324524,0.08735861539002357,0.2651751149234184
chemical_class,Pyranopyridines,0,387,0.0,0.05340811389314789,0.31426959648942,0.019617500121468068,5.034554793734431,0.41652796142991544,0.9006044867133435
chemical_class,Tannins,0,3845,0.0,0.530631002375074,0.03151683760007488,0.0019705252078697742,0.5040844178711665,3.148175207221003e-07,2.4555766616323823e-06
chemical_class,Harmala alkaloids,0,2042,0.0,0.28180715392715244,0.059486500398563485,0.003718679176864554,0.9515861846011531,0.0003858555047608857,0.0018810455857093177
chemical_class,"3,4-dihydrocoumarins",1,289,0.03363605785401951,0.039883578592040676,0.8433033572862285,0.11834975410384571,6.0089736374628915,1.0,1.0
chemical_class,Saccharolipids,1,1969,0.03363605785401951,0.2717327551824501,0.12348877315756268,0.017380652063740707,0.8773823352561806,0.006648705415330936,0.025209674699796465
chemical_class,Quinolizidines,0,1469,0.0,0.20273002405435206,0.0827475523412464,0.005172113050867098,1.3238607414660803,0.005958783237531969,0.02357605541806127
chemical_class,"6,6a-secoaporphines",0,77,0.0,0.0106264205937271,1.572020590484766,0.09743146859722107,25.363968874616305,1.0,1.0
chemical_class,Ajmaline-sarpagine alkaloids,0,277,0.0,0.03822751304496632,0.4389115868853552,0.02737856939438621,7.036283683314766,0.6343419361483357,1.0
chemical_class,Azaphilones,0,418,0.0,0.05768628322308997,0.2909779114154321,0.018165978928538936,4.660808275995111,0.4252154808154966,0.9006044867133435
chemical_class,Dihydroisoquinolines,0,199,0.0,0.027463086988983025,0.6105818607389502,0.03804994952538014,9.797915984481564,1.0,1.0
chemical_class,Keto acids and derivatives,24,263,0.8072653884964682,0.03629543657337957,22.414382912555265,14.734756249988756,34.09656412545222,8.977546530358735e-24,1.8852847713753342e-22
chemical_class,Pyrroles,2,345,0.06727211570803902,0.047611884478387656,1.4132049424631339,0.3518599828620003,5.675974270099115,0.6560955147156455,1.0
chemical_class,Alkyl halides,0,240,0.0,0.03312131094148706,0.5064623159460893,0.03158014890432739,8.122320076784941,1.0,1.0
chemical_class,Aspidospermatan-type alkaloids,0,394,0.0,0.05437415212894126,0.3086902194564875,0.019269832345125554,4.945017158501569,0.4181324790702871,0.9006044867133435
chemical_class,Gelsemium alkaloids,0,105,0.0,0.014490573536900591,1.1547572275479214,0.07173966642320233,18.587544674488303,1.0,1.0
chemical_class,Benzoxepines,0,314,0.0,0.04333371514844558,0.38725514701538205,0.024163418286613086,6.206346598444187,0.6437734804913884,1.0
chemical_class,Arylnaphthalene lignans,0,251,0.0,0.034639371026305224,0.4843035280832242,0.03020225289027979,7.765973888303718,0.631443490283333,1.0
chemical_class,Lignan glycosides,0,1353,0.0,0.18672139043263333,0.08985373756819645,0.0056160562959974335,1.4376091921885563,0.00841845653157395,0.03148272100163956
chemical_class,Ibogan-type alkaloids,0,353,0.0,0.048715928176437225,0.34451254825451316,0.02150164565237781,5.519991252004135,0.4121043284084798,0.9006044867133435
chemical_class,Aspidofractine alkaloids,0,348,0.0,0.04802590086515624,0.34945775198857243,0.021809671780410066,5.599383688781511,0.41196761031944973,0.9006044867133435
chemical_class,Lignan lactones,0,482,0.0,0.06651863280748652,0.2523595734689237,0.0157584642606043,4.041342688489551,0.275853596324338,0.6621105737882711
chemical_class,Pyrrolizidines,0,438,0.0,0.06044639246821389,0.2776987295032383,0.017338257679969923,4.4477701157251746,0.43280143663265397,0.9019449786314087
chemical_class,Amaryllidaceae alkaloids,0,708,0.0,0.09770786727738684,0.1718073279387827,0.010733333979031834,2.750101505378385,0.12802148392467416,0.353028940519556
chemical_class,Pyranodioxins,0,251,0.0,0.034639371026305224,0.4843035280832242,0.03020225289027979,7.765973888303718,0.631443490283333,1.0
chemical_class,Sphingolipids,0,1706,0.0,0.23543731860907055,0.07123215712817454,0.004452637955161722,1.139553734264626,0.0017948954805199514,0.00790333009970882
chemical_class,Isothiocyanates,17,54,0.5718129835183317,0.007452294961834589,77.16530722197163,44.686871657187154,133.24908228843492,1.9844434335712385e-25,4.514608811374567e-24
chemical_class,Organic disulfides,19,71,0.6390850992263707,0.009798387820189923,65.63657776040127,39.511710450628854,109.03502508402873,4.2468407900559966e-27,1.1593875356852871e-25
chemical_class,Benzodioxanes,1,546,0.03363605785401951,0.07535098239188306,0.4462054880964706,0.06272065493930351,3.174382311538096,0.732214650483332,1.0
chemical_class,Benzoxazoles,1,438,0.03363605785401951,0.06044639246821389,0.556311725265338,0.07816312562772748,3.9594467747066577,1.0,1.0
chemical_class,Vobasan alkaloids,0,109,0.0,0.015042595385925376,1.1125681725869228,0.06913520397087981,17.90416267774052,1.0,1.0
chemical_class,Naphthacenes,0,653,0.0,0.09011756685329605,0.1862811632825485,0.01163660166403977,2.9820279834046333,0.12267236544590496,0.35132241488696575
chemical_class,Phenanthrolines,1,180,0.03363605785401951,0.0248409832061153,1.3541741438612234,0.18965680017110226,9.66897896752393,0.5234572788462447,1.0
chemical_class,Dithiins,0,31,0.0,0.004278169329942079,3.867915262063572,0.2366350976839967,63.222947994312236,1.0,1.0
chemical_class,Cinchona alkaloids,3,117,0.10090817356205853,0.016146639083974942,6.254787188120521,1.9873045205702382,19.686143901816735,0.013429222724515036,0.047002279535802625
chemical_class,Erythrina alkaloids,0,223,0.0,0.03077521808313173,0.5449979667525483,0.03397557769329458,8.742243809530049,1.0,1.0
chemical_class,Macroline alkaloids,0,300,0.0,0.04140163867685883,0.40530481818459063,0.025287063476700348,6.496285968317566,0.6395748506817404,1.0
chemical_class,Isochromanequinones,0,280,0.0,0.038641529431734906,0.4342155468971758,0.027086360971218644,6.960814757196625,0.6348943902177772,1.0
chemical_class,Benzopyrazoles,0,55,0.0,0.007590300424090785,2.195230542464442,0.13557759518745932,35.54449485481419,1.0,1.0
chemical_class,Organic sulfonic acids and derivatives,1,102,0.03363605785401951,0.014076557150132002,2.3899763808619006,0.33333936748503823,17.13565110587823,0.3441111854094416,0.7961216408201488
chemical_class,Organic oxoanionic compounds,1,75,0.03363605785401951,0.010350409669214708,3.250489008524002,0.4518023050347761,23.38562392620394,0.26743171018026135,0.6621105737882711
chemical_class,Benzodioxins,0,138,0.0,0.019044753791355062,0.8795764511912993,0.05472937109515349,14.136006279794264,1.0,1.0
chemical_class,Azepanes,0,127,0.0,0.017526693706536905,0.9554759855850866,0.059426416582095035,15.362433266838712,1.0,1.0
chemical_class,Macrolide lactams,0,436,0.0,0.0601703815437015,0.2789718881814177,0.017417621939276835,4.4681940317012465,0.4319800273715866,0.9019449786314087
chemical_class,Bi- and oligothiophenes,0,182,0.0,0.02511699413062769,0.667473642748387,0.04158186710262715,10.714311184349228,1.0,1.0
chemical_class,Vallesaman alkaloids,0,30,0.0,0.004140163867685883,3.9947376690823586,0.24421917283070577,65.3426545500901,1.0,1.0
chemical_class,Furopyridines,0,60,0.0,0.008280327735371766,2.0137926338302385,0.1244998169522443,32.573226783333254,1.0,1.0
chemical_class,Aurone flavonoids,0,804,0.0,0.11095639165398166,0.15128570447697148,0.009452387495656998,2.421331583116901,0.08664744158460808,0.2651751149234184
chemical_class,Ergoline and derivatives,0,177,0.0,0.02442696681934671,0.6862804538683251,0.042748916540671145,11.017375397423816,1.0,1.0
chemical_class,Stemona alkaloids,0,127,0.0,0.017526693706536905,0.9554759855850866,0.059426416582095035,15.362433266838712,1.0,1.0
chemical_class,Yohimbine alkaloids,0,89,0.0,0.012282486140801453,1.3612243345078923,0.08446752464147154,21.93661643005823,1.0,1.0
chemical_class,Dioxanes,4,725,0.13454423141607805,0.10005396013574218,1.3451811244933276,0.5031767341654004,3.5961763230060715,0.5495791039764569,1.0
chemical_class,Oxocins,0,698,0.0,0.09632781265482487,0.17426939637039615,0.010886994615980666,2.789550613603073,0.1265631022169321,0.3529486536469249
chemical_class,Azepines,1,405,0.03363605785401951,0.055892212213759424,0.6016682451855175,0.08452043578781866,4.283043194114639,1.0,1.0
chemical_class,Isobenzofurans,0,42,0.0,0.0057962294147602365,2.866764260774093,0.1763801992734908,46.594444051559776,1.0,1.0
chemical_class,Dioxepanes,0,295,0.0,0.04071161136557785,0.41216561294252646,0.02571410766309014,6.606509341801265,0.6382507821811658,1.0
chemical_class,Vinylogous acids,0,126,0.0,0.01738868824428071,0.9630304846965055,0.05989370525286815,15.484560698644945,1.0,1.0
chemical_class,Plumeran-type alkaloids,0,179,0.0,0.0247029777438591,0.6786320014351469,0.04227432487555904,10.894115866487459,1.0,1.0
chemical_class,Biotin and derivatives,0,207,0.0,0.028567130687032594,0.5870348722956396,0.03658745240783194,9.418801217692605,1.0,1.0
chemical_class,Aristolactams,0,83,0.0,0.011454453367264276,1.4590489443175194,0.09048759007872809,23.5261412096609,1.0,1.0
chemical_class,Eburnan-type alkaloids,0,118,0.0,0.01628464454623114,1.0280565529973273,0.06391427749530633,16.536215656014605,1.0,1.0
chemical_class,Cephalotaxus alkaloids,0,144,0.0,0.019872786564892237,0.843047263515145,0.05246731553229439,13.546122596703292,1.0,1.0
chemical_class,Perylenequinones,0,125,0.0,0.01725068278202451,0.9707053742320109,0.06036839965124787,15.608645069381609,1.0,1.0
chemical_class,Phenalenes,0,191,0.0,0.026359043290933457,0.6360962215848349,0.03963419761374862,10.208820348974248,1.0,1.0
chemical_class,Homoisoflavonoids,0,369,0.0,0.05092401557253636,0.32958726759355816,0.020571876901882998,5.280401369203448,0.4134563268103279,0.9006044867133435
chemical_class,Ribonucleoside 3'-phosphates,0,47,0.0,0.006486256726041217,2.564981901533723,0.15808233649692185,41.61838887878318,1.0,1.0
chemical_class,Tropones,1,524,0.03363605785401951,0.07231486222224676,0.46495343305970227,0.06535103126440805,3.3080073983735514,0.730088859589076,1.0
chemical_class,Pyrenes,0,96,0.0,0.013248524376594826,1.2624704753822844,0.07838347835078587,20.333771028623815,1.0,1.0
chemical_class,Phthalide isoquinolines,0,50,0.0,0.006900273112809805,2.4125967498380914,0.14881894394266065,39.1121111541551,1.0,1.0
chemical_class,Pyrrolizines,1,214,0.03363605785401951,0.029533168922825967,1.1389715223707877,0.15965458950303818,8.125392027937556,0.5854033121326252,1.0
chemical_class,Thiophenols,6,89,0.20181634712411706,0.012282486140801453,16.462435100714604,7.196621746355918,37.65819282949946,2.9502904558228507e-06,2.1195507748411532e-05
chemical_class,"Pyrazolo[1,5-a][1,3,5]triazines",0,47,0.0,0.006486256726041217,2.564981901533723,0.15808233649692185,41.61838887878318,1.0,1.0
chemical_class,"Imidazo[1,2-a]pyridines",0,53,0.0,0.007314289499578393,2.2773015216971095,0.1405809775837492,36.8904976324725,1.0,1.0
chemical_class,Orthocarboxylic acid derivatives,0,48,0.0,0.006624262188297413,2.5120922097080918,0.15486902514913442,40.748027334705235,1.0,1.0
chemical_class,Sulfonyls,2,40,0.06727211570803902,0.005520218490247844,12.194025580612589,2.9457406265892607,50.47771637409925,0.012895708330882251,0.045721147718582524
chemical_class,Indolizidines,0,177,0.0,0.02442696681934671,0.6862804538683251,0.042748916540671145,11.017375397423816,1.0,1.0
chemical_class,Nucleoside and nucleotide analogues,0,40,0.0,0.005520218490247844,3.0083411700473524,0.18494277520581456,48.93468579851472,1.0,1.0
chemical_class,Azolines,9,144,0.30272452068617556,0.019872786564892237,15.276336875843455,7.782762067035668,29.985044683903624,1.8441388493536215e-08,1.6781663529117957e-07
chemical_class,Imidazopyridines,0,120,0.0,0.01656065547074353,1.0109905827897465,0.06285937352374135,16.260135938254525,1.0,1.0
chemical_class,Carboximidic acids and derivatives,0,70,0.0,0.009660382357933726,1.728124437257238,0.10701183196410949,27.90732590810382,1.0,1.0
chemical_class,Pyrazolopyridines,0,270,0.0,0.03726147480917295,0.4502740939916894,0.02808553039488923,7.21890442763121,0.633218694265314,1.0
chemical_class,Pteridines and derivatives,0,256,0.0,0.0353293983375862,0.47485963568375755,0.029614899454211453,7.61412929834021,0.6317191669778122,1.0
chemical_class,Dithiolanes,2,199,0.06727211570803902,0.027463086988983025,2.4505225555579986,0.6083435904783652,9.871166375857566,0.19874682536019994,0.5023878085493942
chemical_class,Cycloheptafurans,0,284,0.0,0.03919355128075969,0.42810821896878787,0.02670631261146663,6.862671377176041,0.6356946370960266,1.0
chemical_class,Organic carbonic acids and derivatives,4,132,0.13454423141607805,0.018216721017817884,7.394357859497637,2.7328500910165228,20.00714504394083,0.0024732121790601146,0.0105497957013033
chemical_class,Thiolanes,4,51,0.13454423141607805,0.007038278575066001,19.14047774717836,6.913527251881195,52.991457911812304,8.035759157731458e-05,0.00045703380209597663
chemical_class,Cycloheptapyrans,0,50,0.0,0.006900273112809805,2.4125967498380914,0.14881894394266065,39.1121111541551,1.0,1.0
chemical_class,Cyclobutane lignans,0,55,0.0,0.007590300424090785,2.195230542464442,0.13557759518745932,35.54449485481419,1.0,1.0
chemical_class,Imidazodiazepines,0,30,0.0,0.004140163867685883,3.9947376690823586,0.24421917283070577,65.3426545500901,1.0,1.0
chemical_class,Pyrimidodiazepines,0,59,0.0,0.00814232227311557,2.0476407142645185,0.12656816179765026,33.12707109878833,1.0,1.0
chemical_class,Sulfoxides,1,68,0.03363605785401951,0.009384371433421334,3.5851328081703744,0.49765111309630045,25.827687136575097,0.24612922572432766,0.6164520974563436
chemical_class,Organometalloid compounds,0,86,0.0,0.011868469754032865,1.4084402588957758,0.08737399914182166,22.703595833567586,1.0,1.0
chemical_class,Cularin alkaloids and derivatives,0,33,0.0,0.004554180254454471,3.6369849089845876,0.22279718329341747,59.370854840481435,1.0,1.0
chemical_class,Organic oxides,3,31,0.10090817356205853,0.004278169329942079,23.609579667644184,7.2140396142025764,77.26770046915698,0.0003709711392833776,0.0018413658368065832
chemical_class,5'-deoxyribonucleosides,0,128,0.0,0.0176646991687931,0.9480390662263745,0.05896636167635099,15.242216842621291,1.0,1.0
chemical_class,Vinyl halides,0,139,0.0,0.019182759253611258,0.8732700382651293,0.05433891606004086,14.034151120882825,1.0,1.0
chemical_class,Vinylogous amides,0,60,0.0,0.008280327735371766,2.0137926338302385,0.1244998169522443,32.573226783333254,1.0,1.0
chemical_class,Oxazepines,0,129,0.0,0.017802704631049295,0.9407170027650943,0.05851337385612777,15.123866920872604,1.0,1.0
chemical_class,Benzothiophenes,1,53,0.03363605785401951,0.007314289499578393,4.599888265319079,0.6359319129237294,33.272385963680776,0.19837272676735782,0.5023878085493942
chemical_class,Diazepanes,0,47,0.0,0.006486256726041217,2.564981901533723,0.15808233649692185,41.61838887878318,1.0,1.0
chemical_class,Cinnamyl alcohols,0,165,0.0,0.022770901272272357,0.7360531624516055,0.045836338771904434,11.819754205305165,1.0,1.0
chemical_class,Pleiocarpaman alkaloids,0,64,0.0,0.00883234958439655,1.88889584090995,0.11686089430381194,30.531406755549067,1.0,1.0
chemical_class,Dibenzylbutane lignans,0,315,0.0,0.04347172061070177,0.38602718093289456,0.024086965401499995,6.186623426200371,0.6440993662600332,1.0
chemical_class,Endocannabinoids,0,33,0.0,0.004554180254454471,3.6369849089845876,0.22279718329341747,59.370854840481435,1.0,1.0
chemical_class,Dioxolanes,2,67,0.06727211570803902,0.009246365971165139,7.279743992926649,1.7828217614944868,29.725165884293304,0.032688179557891946,0.10882771974761588
chemical_class,Pyrazolopyrimidines,0,223,0.0,0.03077521808313173,0.5449979667525483,0.03397557769329458,8.742243809530049,1.0,1.0
chemical_class,Pyranopyrimidines,0,43,0.0,0.005934234877016433,2.800857768526196,0.17238946975498262,45.50628440741406,1.0,1.0
chemical_class,Acutumine and related alkaloids,0,31,0.0,0.004278169329942079,3.867915262063572,0.2366350976839967,63.222947994312236,1.0,1.0
chemical_class,Pyrroloazepines,0,117,0.0,0.016146639083974942,1.0368074015505762,0.06445511695002257,16.67780059639906,1.0,1.0
chemical_class,Emetine alkaloids,0,64,0.0,0.00883234958439655,1.88889584090995,0.11686089430381194,30.531406755549067,1.0,1.0
chemical_class,Camptothecins,0,54,0.0,0.007452294961834589,2.235513087317173,0.13803396711316637,36.204992641189335,1.0,1.0
chemical_class,Kavalactones,0,70,0.0,0.009660382357933726,1.728124437257238,0.10701183196410949,27.90732590810382,1.0,1.0
chemical_class,Pavine alkaloids,0,61,0.0,0.008418333197627963,1.9810453039791873,0.12249797770827836,32.03759416962826,1.0,1.0
chemical_class,Daphniphylline-type alkaloids,0,33,0.0,0.004554180254454471,3.6369849089845876,0.22279718329341747,59.370854840481435,1.0,1.0
chemical_class,Thiolactones,9,22,0.30272452068617556,0.0030361201696363143,100.00740706661759,46.01096498094653,217.37169547149992,5.8342423401849606e-15,7.584515042240448e-14
chemical_class,"Saxitoxins, gonyautoxins, and derivatives",0,75,0.0,0.010350409669214708,1.6136679743918967,0.09998910393021328,26.042080879086964,1.0,1.0
chemical_class,Allyl sulfur compounds,8,30,0.2690884628321561,0.004140163867685883,65.16730747611017,29.851428513514378,142.26381031525102,3.376882630330439e-12,3.841203992000875e-11
chemical_class,Vinca alkaloids,0,69,0.0,0.009522376895677531,1.7529919565272618,0.10853642524166467,28.312898575819585,1.0,1.0
chemical_class,Pyrrolopyrimidine nucleosides and nucleotides,0,51,0.0,0.007038278575066001,2.365746945918722,0.1459677487671136,38.34243289627761,1.0,1.0
chemical_class,Aryl halides,0,70,0.0,0.009660382357933726,1.728124437257238,0.10701183196410949,27.90732590810382,1.0,1.0
chemical_class,Triazolopyrimidines,0,39,0.0,0.005382213027991648,3.084505963010815,0.1895435270182853,50.195209435621834,1.0,1.0
chemical_class,Imidazole ribonucleosides and ribonucleotides,0,39,0.0,0.005382213027991648,3.084505963010815,0.1895435270182853,50.195209435621834,1.0,1.0
chemical_class,Rhoeadine alkaloids,0,51,0.0,0.007038278575066001,2.365746945918722,0.1459677487671136,38.34243289627761,1.0,1.0
chemical_class,Imidolactams,0,87,0.0,0.01200647521628906,1.3923418770568594,0.0863832050406304,22.442046479919203,1.0,1.0
chemical_class,Betalains,0,62,0.0,0.008556338659884158,1.9493458886833697,0.120559487313188,31.519289592326263,1.0,1.0
chemical_class,Quebrachamine alkaloids,0,31,0.0,0.004278169329942079,3.867915262063572,0.2366350976839967,63.222947994312236,1.0,1.0
chemical_class,Benzotriazoles,0,43,0.0,0.005934234877016433,2.800857768526196,0.17238946975498262,45.50628440741406,1.0,1.0
chemical_class,Organic metal salts,5,55,0.16818028927009754,0.007590300424090785,22.19290615045332,8.87790193134136,55.47764406634007,5.143979607221199e-06,3.510766081928468e-05
chemical_class,Coumarinolignans,0,76,0.0,0.010488415131470903,1.5925720773147554,0.09869372105014385,25.698553002718498,1.0,1.0
chemical_class,Furopyrroles,0,30,0.0,0.004140163867685883,3.9947376690823586,0.24421917283070577,65.3426545500901,1.0,1.0
chemical_class,Thiols,33,40,1.1099899091826437,0.005520218490247844,203.32293367346938,128.05472726512613,322.8324033051488,6.729039271245868e-59,3.6740554421002444e-57
chemical_class,Hasubanan alkaloids,0,106,0.0,0.014628578999156787,1.1439128577868196,0.07107032881974706,18.411855523122725,1.0,1.0
chemical_class,Vinylogous esters,0,55,0.0,0.007590300424090785,2.195230542464442,0.13557759518745932,35.54449485481419,1.0,1.0
chemical_class,Sulfenyl compounds,19,70,0.6390850992263707,0.009660382357933726,66.5743350420737,40.04573708134844,110.67700108230943,3.3632502536188666e-27,1.0201859102643895e-25
chemical_class,Phenalanes,0,47,0.0,0.006486256726041217,2.564981901533723,0.15808233649692185,41.61838887878318,1.0,1.0
chemical_class,Pyridine nucleotides,0,43,0.0,0.005934234877016433,2.800857768526196,0.17238946975498262,45.50628440741406,1.0,1.0
chemical_class,Imidazopiperidines,0,60,0.0,0.008280327735371766,2.0137926338302385,0.1244998169522443,32.573226783333254,1.0,1.0
chemical_class,Ciguatera toxins,0,69,0.0,0.009522376895677531,1.7529919565272618,0.10853642524166467,28.312898575819585,1.0,1.0
chemical_class,Pyrrolopyrazoles,0,30,0.0,0.004140163867685883,3.9947376690823586,0.24421917283070577,65.3426545500901,1.0,1.0
chemical_class,Protopine alkaloids,0,36,0.0,0.004968196641223059,3.338040821779601,0.20482969417506067,54.398931623380356,1.0,1.0
chemical_class,Triazolopyridines,0,62,0.0,0.008556338659884158,1.9493458886833697,0.120559487313188,31.519289592326263,1.0,1.0
chemical_class,Proaporphines,0,66,0.0,0.009108360508908942,1.8320818862356834,0.11338245518825726,29.60355755482463,1.0,1.0
chemical_class,Yuzurimine-type alkaloids,0,34,0.0,0.004692185716710667,3.5315601825789646,0.21646778956224189,57.615580352157025,1.0,1.0
chemical_class,Macrolactams,0,52,0.0,0.007176284037322197,2.3206818964343765,0.14322373735831748,37.60245727260023,1.0,1.0
chemical_class,Melodinus alkaloids,0,34,0.0,0.004692185716710667,3.5315601825789646,0.21646778956224189,57.615580352157025,1.0,1.0
chemical_class,Triazolodiazepines,0,48,0.0,0.006624262188297413,2.5120922097080918,0.15486902514913442,40.748027334705235,1.0,1.0
chemical_class,Organobromides,0,40,0.0,0.005520218490247844,3.0083411700473524,0.18494277520581456,48.93468579851472,1.0,1.0
chemical_class,Organic sulfonium compounds,0,34,0.0,0.004692185716710667,3.5315601825789646,0.21646778956224189,57.615580352157025,1.0,1.0
chemical_class,Sterigmatocystins,0,40,0.0,0.005520218490247844,3.0083411700473524,0.18494277520581456,48.93468579851472,1.0,1.0
chemical_class,Acyl halides,0,37,0.0,0.005106202103479255,3.249021915811894,0.19946756836778803,52.921602723717264,1.0,1.0
chemical_sub_class,Flavonoid glycosides,1,15622,0.03363605785401951,2.1559213313662955,0.015270485095991727,0.002150206943544843,0.1084489638390205,1.019133396395089e-26,3.752808859666622e-25
chemical_sub_class,Diterpenoids,7,24254,0.23545240497813658,3.34718448156178,0.06814935559773917,0.0324571522721603,0.1430912554941156,5.743498738678573e-34,3.2685729185570786e-32
chemical_sub_class,Benzofuranones,3,2013,0.10090817356205853,0.2778049955217228,0.36259063561597094,0.11677775039246983,1.1258306363544364,0.0768159219996572,0.2613411259336163
chemical_sub_class,Sulfanilides,0,92,0.0,0.012696502527570042,1.3170710646748987,0.08174816606014731,21.219756638057902,1.0,1.0
chemical_sub_class,"Amino acids, peptides, and analogues",43,42573,1.4463504877228388,5.875306544633037,0.23511150371788622,0.1739597194269573,0.3177598777612175,8.62387394895298e-34,4.4987875767038044e-32
chemical_sub_class,Triradylcglycerols,6,40706,0.20181634712411706,5.617650346600718,0.03397580728454209,0.01525070477804694,0.07569194325353498,2.4292472672629915e-64,3.8017719732665816e-62
chemical_sub_class,Triterpenoids,0,14212,0.0,1.961333629585059,0.008404908855547368,0.0005255686361737111,0.13441154591026597,5.042805645254489e-26,1.7537757410718393e-24
chemical_sub_class,"Bile acids, alcohols and derivatives",0,4779,0.0,0.6595281041223612,0.025325022494882922,0.001583450499352103,0.40503745751998466,7.60732022071828e-09,1.058262768482143e-07
chemical_sub_class,Furans,45,467,1.513622603430878,0.06444855087364358,23.831330957980832,17.512735143739263,32.42967649355727,3.4554789093291115e-44,2.4034775524889152e-42
chemical_sub_class,Benzoic acids and derivatives,76,9687,2.5563403969054828,1.3368589128757715,1.9361297532334025,1.540423100883904,2.4334862410234352,2.3325148664281176e-07,2.70398945626667e-06
chemical_sub_class,Sesterterpenoids,0,2097,0.0,0.2893974543512432,0.05792225444746031,0.0036209256860910742,0.9265552102225472,0.0004044342475997705,0.0028535710696869694
chemical_sub_class,Polypeptides,0,4459,0.0,0.6153663562003784,0.02715433426556928,0.0016978108080146319,0.43429919630946046,2.170124111992074e-08,2.953255856754431e-07
chemical_sub_class,Phenylbenzofurans,0,800,0.0,0.11040436980495688,0.15204250076172546,0.009499631540469547,2.433454596570245,0.08620386711228993,0.2796042529134378
chemical_sub_class,Oxosteroids,0,4942,0.0,0.6820229944701212,0.02448427642625352,0.0015308900548455981,0.39158905645752345,3.434409484302439e-09,4.999861249240295e-08
chemical_sub_class,Aspochalasins,0,249,0.0,0.03436336010179283,0.48818706860500893,0.030443767503340234,7.828420510930617,0.6313738162894311,1.0
chemical_sub_class,Isoquinolones and derivatives,0,1455,0.0,0.2007979475827653,0.08354509260982028,0.005221939407152574,1.3366264820352245,0.005820480200851749,0.02966860186131246
chemical_sub_class,Ethers,47,4066,1.5808947191389169,0.5611302095336933,2.846531966234506,2.1303377104457604,3.803502231155374,9.044071262879689e-10,1.3479972882292108e-08
chemical_sub_class,Sesquiterpenoids,73,20317,2.4554322233434243,2.8038569766591364,0.8726056826880156,0.6914560994833451,1.1012133352043105,0.2655849807913312,0.7119813135001057
chemical_sub_class,Stilbenes,0,2510,0.0,0.3463937102630522,0.04836585617353475,0.0030236856113368786,0.7736439379240821,5.8314862954815866e-05,0.0004933122190501991
chemical_sub_class,Quinolidines,0,300,0.0,0.04140163867685883,0.40530481818459063,0.025287063476700348,6.496285968317566,0.6395748506817404,1.0
chemical_sub_class,Methoxybenzenes,10,2000,0.3363605785401951,0.2760109245123922,1.2193874451569355,0.6543972920748843,2.272175877580203,0.4813565935806583,1.0
chemical_sub_class,Furanocoumarins,0,3295,0.0,0.45472799813416614,0.03680488016879594,0.002301079961500205,0.5886797620697584,3.0121581868670266e-06,3.091165614719276e-05
chemical_sub_class,Terpene lactones,2,20259,0.06727211570803902,2.795852659848277,0.02340441866851536,0.005850249219543206,0.09363136383682487,2.56087466908385e-33,1.2331596483434537e-31
chemical_sub_class,Benzodiazines,3,4445,0.10090817356205853,0.6134342797287917,0.16365317971617185,0.05273125599325878,0.507903002246666,2.7381470694482947e-05,0.00024141972753163838
chemical_sub_class,Isoindolines,0,2028,0.0,0.27987507745556567,0.05989821601784459,0.0037444079867947175,0.9581745084332,0.0006157323988261833,0.004100515762395646
chemical_sub_class,Benzylethers,11,589,0.3699966363942146,0.0812852172688995,4.565022257021308,2.5115212932701567,8.297531963173476,4.856377023569778e-05,0.00042223500232703903
chemical_sub_class,Cinnamic acids and derivatives,0,1258,0.0,0.17361087151829468,0.0966491920853782,0.006040553766517482,1.5463923825218548,0.012315269384062317,0.05546301175843892
chemical_sub_class,Anthraquinones,0,3688,0.0,0.5089641448008512,0.03286550057111735,0.00205483181797914,0.5256591407331808,4.3166266853549977e-07,4.913106009149506e-06
chemical_sub_class,Glycerophosphocholines,0,1767,0.0,0.24385565180669852,0.06876798804336942,0.00429866588567816,1.100117177119697,0.0012049110191690556,0.007857023937498217
chemical_sub_class,Benzodioxoles,11,1924,0.3699966363942146,0.2655225093809213,1.3949273963622377,0.7703629086550803,2.5258516723228523,0.2785847872337889,0.7147298229850485
chemical_sub_class,Depsides and depsidones,5,923,0.16818028927009754,0.127379041662469,1.3208532764073555,0.5480687596906358,3.1832746292287064,0.4379070414051105,0.9518396108319416
chemical_sub_class,Hexacarboxylic acids and derivatives,1,766,0.03363605785401951,0.10571218408824622,0.31795583847854125,0.04471632891517822,2.2608277037759446,0.3866033018456875,0.9422282130125896
chemical_sub_class,Carbonyl compounds,234,10712,7.870837537840565,1.4783145116883727,5.69362445368411,4.975384828286199,6.51554815122834,1.3012525414276112e-91,4.0729204546684226e-89
chemical_sub_class,Alcohols and polyols,58,4978,1.9508913555331315,0.6869911911113442,2.8763677160638887,2.214738071551859,3.7356522400038865,7.779705484531237e-12,1.3914558952333012e-10
chemical_sub_class,Androstane steroids,6,3610,0.20181634712411706,0.4981997187448679,0.4038881995580191,0.18118347539344082,0.9003341910071545,0.017699774952122903,0.07413799726902036
chemical_sub_class,Pyridinecarboxylic acids and derivatives,3,894,0.10090817356205853,0.12337688325703931,0.8177016247486046,0.2630757417713893,2.5416100420902623,1.0,1.0
chemical_sub_class,Hybrid peptides,1,2082,0.03363605785401951,0.2873273724174003,0.11676819059218088,0.016435195209702786,0.8296104889659199,0.0031299429183898977,0.018002816295674413
chemical_sub_class,Benzazepines,0,869,0.0,0.11992674670063441,0.13996367955274466,0.008745546030616445,2.239978101465962,0.05681228228402073,0.19980049836964592
chemical_sub_class,Acryloyl compounds,10,85,0.3363605785401951,0.011730464291776668,28.767505112068452,14.924643956736372,55.449855472053216,9.426744187860475e-12,1.5949032058380155e-10
chemical_sub_class,Carbazoles,0,1823,0.0,0.2515839576930455,0.06665094727399404,0.004166380466447705,1.0662369431441576,0.0012662822544057578,0.008172089600597983
chemical_sub_class,Dibenzazepines,0,113,0.0,0.01559461723495016,1.0733527955086377,0.06671319530182218,17.269240641434838,1.0,1.0
chemical_sub_class,Benzofurans,5,1079,0.16818028927009754,0.14890789377443558,1.1296429758011937,0.468889218877632,2.7215239792280306,0.6355556659227466,1.0
chemical_sub_class,Phenylpropanes,28,739,0.9418096199125463,0.10198603660732891,9.312984324708056,6.374642446628006,13.605732048255721,7.585917164057318e-18,2.1113506796609848e-16
chemical_sub_class,Phenanthrenes and derivatives,0,1542,0.0,0.2128044227990544,0.07882350279985359,0.0049269513355156315,1.2610525597952331,0.003941711729633422,0.021271651230607952
chemical_sub_class,Phosphonic acid diesters,0,42,0.0,0.0057962294147602365,2.866764260774093,0.1763801992734908,46.594444051559776,1.0,1.0
chemical_sub_class,"Lignans, neolignans and related compounds",0,1006,0.0,0.13883349502973327,0.1208896001448797,0.007554532856124,1.9345068320593757,0.0407044045788517,0.15077489506722583
chemical_sub_class,1-benzopyrans,2,11417,0.06727211570803902,1.575608362578991,0.04205153038892471,0.010510789188963572,0.16823962275900492,7.757358727188922e-18,2.1113506796609848e-16
chemical_sub_class,Carbohydrates and carbohydrate conjugates,15,14006,0.5045408678102926,1.9329045043602826,0.2572799863518359,0.1548640073311931,0.42742656940059776,5.0200131728323337e-11,8.057764733828309e-10
chemical_sub_class,Zearalenones,0,864,0.0,0.11923671938935343,0.14077415862482193,0.008796147796861447,2.252959385652611,0.05658683121054486,0.19980049836964592
chemical_sub_class,Chlorohydrins,0,79,0.0,0.010902431518239492,1.532468672434598,0.09500139786223145,24.72027027853985,1.0,1.0
chemical_sub_class,Piperazines,1,1984,0.03363605785401951,0.27380283711629305,0.12255259437546129,0.017248952755697343,0.8707275508767054,0.006790182123330628,0.03373534927940455
chemical_sub_class,Tetrahydroisoquinolines,0,2584,0.0,0.3566061144700107,0.046976219259029665,0.0029368329611016005,0.7514098367530835,6.43501461860365e-05,0.0005371092201661179
chemical_sub_class,Other glycerolipids,0,1410,0.0,0.1945877017812365,0.08621584483092319,0.005388791455146685,1.3793764263804666,0.0055576306759506835,0.028992306692876064
chemical_sub_class,Aporphines,0,1085,0.0,0.14973592654797277,0.11207931693880932,0.007004318761275018,1.7934325540580351,0.027054163104233375,0.10718927913449426
chemical_sub_class,Anthracyclines,0,761,0.0,0.10502215677696523,0.15983792486950554,0.009986247903760953,2.5583344688416876,0.08318668329573799,0.27820055529044296
chemical_sub_class,Linear diarylheptanoids,1,3206,0.03363605785401951,0.4424455119933647,0.07571215730263495,0.010658291106892348,0.5378283165593069,6.719481370481087e-05,0.0005534730707791
chemical_sub_class,Quinuclidines,0,602,0.0,0.08307928827823005,0.2020635949504161,0.012621365389636905,3.2349666730835693,0.18795996105497265,0.5348315255473313
chemical_sub_class,Gamma butyrolactones,27,3583,0.9081735620585267,0.49447357126395064,1.8443151724055609,1.2608286158910753,2.6978277715892305,0.0035348947133161043,0.0197575365226418
chemical_sub_class,Terpene glycosides,0,9062,0.0,1.250605498965649,0.013276772409154427,0.0008301888840996487,0.21232840981200868,1.4697046829956963e-16,3.6801405262212235e-15
chemical_sub_class,Purine ribonucleotides,1,298,0.03363605785401951,0.04112562775234644,0.8178243019863243,0.11478573929795546,5.826826511813318,1.0,1.0
chemical_sub_class,Glycerophosphoethanolamines,0,1316,0.0,0.18161518832915408,0.09238378687649244,0.005774106883998941,1.4781098183846422,0.008143307471174538,0.03951713548027334
chemical_sub_class,Benzimidazoles,0,1148,0.0,0.15843027067011312,0.10592207658727408,0.006619758048907963,1.694848395616391,0.01776469583123491,0.07413799726902036
chemical_sub_class,Hydropyridines,3,424,0.10090817356205853,0.058514315996627146,1.7252358490566038,0.5538896208394594,5.373703754114501,0.25448222384227603,0.6866632419192448
chemical_sub_class,Dibenzocycloheptenes,0,103,0.0,0.014214562612388197,1.1770746261867104,0.07311688413790303,18.949175583021777,1.0,1.0
chemical_sub_class,Carboxylic acid derivatives,98,1660,3.296333669693912,0.22908906734528553,14.845259717129387,12.069337305091599,18.2596384953177,1.6687450779920335e-75,3.482114729410043e-73
chemical_sub_class,Xylenes,3,176,0.10090817356205853,0.024288961357090515,4.157673324150597,1.3273673717253798,13.022956446401066,0.037720560621045236,0.14486546594340072
chemical_sub_class,O-methylated isoflavonoids,0,1005,0.0,0.13869548956747707,0.12100999572136334,0.0075620513407745156,1.936434758850047,0.04063689399892792,0.15077489506722583
chemical_sub_class,Fatty amides,2,1018,0.06727211570803902,0.14048956057680764,0.4784898418834589,0.1194505612504736,1.9167137130948373,0.4549758713541976,0.9855186694385041
chemical_sub_class,Isoflav-2-enes,0,2999,0.0,0.4138783813063321,0.040453494112703554,0.0025291426855189388,0.6470513487817555,9.045253863647716e-06,8.711275259451494e-05
chemical_sub_class,Eicosanoids,0,554,0.0,0.07645502608993264,0.2195696794482916,0.013713471750841286,3.5155827064775123,0.18247934274504163,0.5313119467832376
chemical_sub_class,Pyrazoles,1,1244,0.03363605785401951,0.17167879504670794,0.1956538085366962,0.027529668820642103,1.3905148312649167,0.07188074003993433,0.2472381498076862
chemical_sub_class,Azaspirodecane derivatives,0,2269,0.0,0.31313439385930897,0.05351972088915108,0.003345791442580296,0.8561085092152727,0.00018654134291760932,0.0013901771507907554
chemical_sub_class,Organic nitro compounds,0,68,0.0,0.009384371433421334,1.7785855347540747,0.1101050821593759,28.730431351547423,1.0,1.0
chemical_sub_class,Fatty alcohols,39,5210,1.311806256306761,0.7190084583547817,1.835424835831675,1.3366658688753683,2.520289031410765,0.00046872864815235396,0.0032244410301469624
chemical_sub_class,"1,4-benzodiazepines",0,1729,0.0,0.23861144424096306,0.07028263003354339,0.0043933078574653,1.1243573736901382,0.0018467008478933499,0.011115718565204203
chemical_sub_class,Benzene and substituted derivatives,79,1797,2.6572485704675413,0.2479958156743844,10.980088521951082,8.739360237965577,13.795328338352991,4.765565724071741e-52,3.7290551790861373e-50
chemical_sub_class,Indoles,7,4701,0.23545240497813658,0.6487636780663779,0.36142121523906406,0.17205589406986974,0.759202673823174,0.002624840470720771,0.015501416364822667
chemical_sub_class,Cytisine and derivatives,0,4732,0.0,0.65304184739632,0.025578203520070893,0.0015992783752580807,0.40908731427609657,7.0023224605091616e-09,9.962395136997126e-08
chemical_sub_class,Aryltetralin lignans,0,2090,0.0,0.28843141611544987,0.05811676908280982,0.003633081468054452,0.9296677980726238,0.00040034208530204845,0.0028535710696869694
chemical_sub_class,Imidazopyrazines,0,223,0.0,0.03077521808313173,0.5449979667525483,0.03397557769329458,8.742243809530049,1.0,1.0
chemical_sub_class,Oxepanes,7,2030,0.23545240497813658,0.2801510883800781,0.8400713837282303,0.39962965092334213,1.7659348552553633,0.8608450787813191,1.0
chemical_sub_class,Neoflavones,0,1571,0.0,0.21680658120448407,0.07736581397422913,0.004835876942557071,1.2377215638432038,0.004145579483571651,0.02199265048064283
chemical_sub_class,Coumarins and derivatives,6,7551,0.20181634712411706,1.0420792454965369,0.1920363838001355,0.0861770073455384,0.4279328540055436,9.441660898319663e-08,1.206220351499614e-06
chemical_sub_class,Naphthopyranones,0,1140,0.0,0.15732622697206355,0.10666624303074056,0.006666237635603386,1.7067629484923357,0.017654422652625387,0.07413799726902036
chemical_sub_class,"Pyrido[2,3-d]pyrimidines",0,267,0.0,0.03684745842240436,0.4553257827318887,0.028399810824534282,7.300103852850467,0.6328111139253694,1.0
chemical_sub_class,Piperidinecarboxylic acids and derivatives,0,732,0.0,0.10101999837153555,0.16617263644559938,0.01038164994851877,2.6598224020470997,0.13235721382181992,0.39455055167837744
chemical_sub_class,Naphthalenes,11,1503,0.3699966363942146,0.20742220977106274,1.7866957958941447,0.9862565931437872,3.236766059925752,0.06483947921560732,0.2242514585025977
chemical_sub_class,Phenylmethylamines,0,510,0.0,0.07038278575066001,0.23850888529381392,0.014894737675960674,3.819233987310128,0.2817363794560483,0.719865198120352
chemical_sub_class,Steroid lactones,0,6029,0.0,0.8320349319426062,0.020039929513644958,0.001253036992237288,0.32050033430761443,3.676412386677353e-11,6.056405668579008e-10
chemical_sub_class,2-benzopyrans,0,1184,0.0,0.16339846731133617,0.10269772181354604,0.006418364851622708,1.643225698368646,0.01857652739128285,0.07625279679190355
chemical_sub_class,Hydroxysteroids,0,11945,0.0,1.6484752466502623,0.010031892153096496,0.0006272999747826416,0.16043179374625402,7.189779881138675e-22,2.2504011027964054e-20
chemical_sub_class,Carboxylic acids,13,261,0.43726875210225363,0.03601942564886718,12.18872838355597,6.975287207762129,21.29877884351185,1.8996038685204335e-10,2.900370784619003e-09
chemical_sub_class,Quinoline carboxylic acids,0,200,0.0,0.02760109245123922,0.6075357260120255,0.037860776969929996,9.74886645020802,1.0,1.0
chemical_sub_class,Flavonoids,0,793,0.0,0.10943833156916351,0.1533852538422522,0.00958345374019676,2.4549642262653744,0.08548683364382925,0.2796042529134378
chemical_sub_class,Tetrazoles,0,312,0.0,0.04305770422393319,0.38973465612914077,0.024317788697858014,6.246172465569569,0.6431317012162404,1.0
chemical_sub_class,Anisoles,22,3748,0.7399932727884292,0.517244472536223,1.4338556074365834,0.9415010544168406,2.183685183709932,0.09502203877971584,0.3019482044472188
chemical_sub_class,Delta valerolactones,9,1393,0.30272452068617556,0.19224160892288117,1.5764536970567122,0.8177140198426815,3.0392119966854674,0.2000429908634751,0.5590487155381045
chemical_sub_class,Steroids and steroid derivatives,0,530,0.0,0.07314289499578393,0.2295106935010437,0.01433353903943249,3.674958311859848,0.2876219594779296,0.7226972605641765
chemical_sub_class,Phenylpropanoic acids,1,456,0.03363605785401951,0.06293049078882543,0.5343387700408491,0.07508249531098424,3.802722858186592,1.0,1.0
chemical_sub_class,Piperidinones,0,471,0.0,0.06500057272266836,0.25825099442387967,0.01612581103900887,4.135827708732835,0.2743590350825208,0.7119813135001057
chemical_sub_class,Diradylglycerols,1,2096,0.03363605785401951,0.289259448888987,0.11598600294864024,0.016325153117837075,0.8240506403154857,0.0031346756808762156,0.018002816295674413
chemical_sub_class,O-methylated flavonoids,0,3653,0.0,0.5041339536218844,0.03318195817076664,0.00207461379124952,0.5307215987334971,6.584507651332615e-07,7.231406648656521e-06
chemical_sub_class,Naphthalene sulfonic acids and derivatives,0,123,0.0,0.01697467185751212,0.9864280224302526,0.06134072117258487,15.862875832482752,1.0,1.0
chemical_sub_class,Fatty acid esters,239,3097,8.039017827110662,0.42740291660743934,20.36581263364811,17.761312225826593,23.352234280626647,6.664727918056488e-209,4.172119676703362e-206
chemical_sub_class,Cycloalkanes,3,115,0.10090817356205853,0.015870628159462552,6.363583662714097,2.0213685755444555,20.033554257394346,0.012839987155747272,0.05660445041899854
chemical_sub_class,Branched unsaturated hydrocarbons,4,189,0.13454423141607805,0.026083032366421063,5.163907110690539,1.9169586278039816,13.910543639842722,0.008472098685173866,0.03957861027551373
chemical_sub_class,Phenylpyrrolidines,0,1946,0.0,0.2685586295505576,0.06242862556227583,0.003902534941255423,0.9986671095226867,0.0005634903606101201,0.0037929566208810238
chemical_sub_class,Indenes and isoindenes,0,186,0.0,0.025669015979652474,0.6531542476865574,0.04069311516385814,10.483603173489398,1.0,1.0
chemical_sub_class,Rotenoids,0,429,0.0,0.05920434330790813,0.2835213184057154,0.017701208119054148,4.541178062529347,0.42921232878233406,0.9422282130125896
chemical_sub_class,Naphthofurans,2,2449,0.06727211570803902,0.33797537706542424,0.19850524582327683,0.049594393152943714,0.7945320048143528,0.00605472431856764,0.030566592124381797
chemical_sub_class,Furofurans,0,1849,0.0,0.25517209971170657,0.06571161416700909,0.004107684273461072,1.0512045106123933,0.0013287134599679535,0.0084874961830606
chemical_sub_class,Hydroxyflavonoids,1,1410,0.03363605785401951,0.1945877017812365,0.1725797753023491,0.02428526439804732,1.2264136126022205,0.03596071624154301,0.14069630229503702
chemical_sub_class,Indolecarboxylic acids and derivatives,0,1661,0.0,0.22922707280754173,0.07316596026461246,0.004573467416984345,1.1705030895295379,0.0028197619944770706,0.016496925313482676
chemical_sub_class,Phosphate esters,2,207,0.06727211570803902,0.028567130687032594,2.3557903534488784,0.584982874932618,9.487026761325355,0.21061985123141616,0.5782808196090636
chemical_sub_class,Cyclic diarylheptanoids,0,136,0.0,0.01876874286684267,0.8924664820074271,0.05552735692547626,14.344216357636066,1.0,1.0
chemical_sub_class,Isoquinolines and derivatives,1,258,0.03363605785401951,0.03560540926209859,0.9446709338842113,0.13252184958071234,6.734007834550712,1.0,1.0
chemical_sub_class,Glycerophosphoserines,0,324,0.0,0.044713769771007536,0.37531606229967174,0.023420048350988362,6.014596746730734,0.6471764395443728,1.0
chemical_sub_class,Indanones,0,679,0.0,0.09370570887195716,0.17914697314628494,0.011191397314135666,2.867706068029486,0.12437686837613128,0.37980448587052773
chemical_sub_class,Coumarans,1,500,0.03363605785401951,0.06900273112809804,0.4872873485868102,0.06848400981168742,3.467217540936697,0.7288456079744297,1.0
chemical_sub_class,Phenethylamines,0,483,0.0,0.06665663826974272,0.25183728241312564,0.015725896746649468,4.03296663045565,0.2760131431977375,0.7119813135001057
chemical_sub_class,Halopyridines,13,1987,0.43726875210225363,0.27421685350306163,1.5972207864633632,0.9246871358437708,2.7588944863851377,0.10901555971759844,0.344665355470791
chemical_sub_class,Alkaloids and derivatives,0,1524,0.0,0.21032032447844284,0.07975616910786729,0.004985222251595257,1.275980525989029,0.003855919394495761,0.02098961339960301
chemical_sub_class,2-arylbenzofuran flavonoids,0,2924,0.0,0.4035279716371174,0.041495252860920005,0.002594257823649564,0.6637181525656568,1.3502648300808054e-05,0.00012430379171038
chemical_sub_class,Flavans,0,1679,0.0,0.23171117112815326,0.07238000371746597,0.004524358960731267,1.1579242459784043,0.0017643058891570625,0.010976328221595989
chemical_sub_class,Chlorins,0,180,0.0,0.0248409832061153,0.674871335765094,0.04204095788004389,10.83351433468544,1.0,1.0
chemical_sub_class,Dicarboxylic acids and derivatives,16,1095,0.5381769256643122,0.15111598117053474,3.575209355403091,2.179610521377414,5.864406420136047,2.08367133778671e-05,0.00018904032716731602
chemical_sub_class,Tetrahydrofurans,12,888,0.4036326942482341,0.12254885048350214,3.302942760389569,1.866506531268964,5.844839380761756,0.00042576893328887834,0.0029614594693204203
chemical_sub_class,Pyranocoumarins,0,2322,0.0,0.3204486833588873,0.052294550915577734,0.0032692225766829787,0.8365047014439309,0.00012403517037437402,0.0009705752081794767
chemical_sub_class,Benzoquinolines,0,1353,0.0,0.18672139043263333,0.08985373756819645,0.0056160562959974335,1.4376091921885563,0.00841845653157395,0.03957861027551373
chemical_sub_class,Oxanes,6,2152,0.20181634712411706,0.296987754775334,0.6788962979390395,0.3044147045266383,1.5140536133825335,0.49507678656102794,1.0
chemical_sub_class,Steroid esters,0,3388,0.0,0.46756250612399236,0.035790126740265986,0.0022376494172042737,0.5724458720994391,2.071861141834304e-06,2.1982797877767362e-05
chemical_sub_class,Naphthols and derivatives,0,1497,0.0,0.20659417699752555,0.08119720862049944,0.005075253979271146,1.29904566642155,0.003783967174238894,0.02096250841658007
chemical_sub_class,Corynanthean-type alkaloids,0,399,0.0,0.055064179440222245,0.3048246578611696,0.019028944630225295,4.8829860954342905,0.4194110477877419,0.9422282130125896
chemical_sub_class,Pyridoindoles,0,3897,0.0,0.5378072864123962,0.031094100086362614,0.0019440990906534664,0.4973219034096421,2.0529351779461151e-07,2.4714181180659e-06
chemical_sub_class,Halophenols,1,187,0.03363605785401951,0.025807021441908672,1.303470537854197,0.1825926849253797,9.30505755884063,0.5369252209137552,1.0
chemical_sub_class,Aryl thioethers,14,240,0.47090480995627315,0.03312131094148706,14.280114340430325,8.320944899048932,24.507032320220215,5.228033807729158e-12,9.625732834230744e-11
chemical_sub_class,Dioxolopyrans,0,231,0.0,0.0318792617811813,0.5261585328428476,0.032804623853335435,8.439139644492213,1.0,1.0
chemical_sub_class,Phenylbenzimidazoles,0,80,0.0,0.011040436980495689,1.5134297056713182,0.09383125363968882,24.410517659752845,1.0,1.0
chemical_sub_class,Pyranones and derivatives,7,2032,0.23545240497813658,0.2804270993045905,0.8392422189008235,0.39923571005156716,1.764189635978714,0.8608903756930467,1.0
chemical_sub_class,Monoterpenoids,176,9320,5.9199461823074335,1.2862109082277478,4.829318353048407,4.141365964703147,5.631551510749405,5.652573914379077e-60,5.8975187840021705e-58
chemical_sub_class,Tetralins,4,1677,0.13454423141607805,0.23143516020364086,0.5807833801598831,0.21757986480673586,1.5502782620512814,0.3402008886566021,0.8451022075358449
chemical_sub_class,Ergostane steroids,0,2099,0.0,0.2896734652757556,0.05786691707526991,0.003617467488792443,0.925669712905689,0.00040569940128137427,0.0028535710696869694
chemical_sub_class,Purines and purine derivatives,3,1811,0.10090817356205853,0.24992789214597114,0.4031468745991109,0.12982729996998396,1.251873855010522,0.13560294305565246,0.40231015333098785
chemical_sub_class,Pyrrolidine carboxylic acids and derivatives,0,205,0.0,0.0282911197625202,0.5927497435784138,0.03694243751562624,9.510803350852449,1.0,1.0
chemical_sub_class,Furanones,15,2161,0.5045408678102926,0.29822980393563975,1.6952935732367913,1.0189368656679834,2.8206068465035363,0.06008551751642047,0.2089640775848845
chemical_sub_class,Sulfuric acid esters,1,121,0.03363605785401951,0.016698660932999727,2.0146379987319665,0.28141170993104947,14.422876243953061,0.3932094812464337,0.9422282130125896
chemical_sub_class,Piperidines,2,787,0.06727211570803902,0.10861029879562634,0.6191336241867061,0.1544993205273486,2.481088222848923,0.7772086269751801,1.0
chemical_sub_class,Hydroxycoumarins,1,1485,0.03363605785401951,0.2049381114504512,0.1638466314105614,0.023057153488448653,1.1643119189902493,0.03749828128038984,0.14486546594340072
chemical_sub_class,Pregnane steroids,0,4094,0.0,0.5649943624768669,0.029589969261385574,0.001850072012992361,0.4732606486347395,9.795612962545818e-08,1.2264107429107364e-06
chemical_sub_class,Triphenyl compounds,0,260,0.0,0.03588142018661099,0.46756554297445735,0.029161207480996595,7.496861613822576,0.632040953630761,1.0
chemical_sub_class,Depsipeptides,0,3627,0.0,0.5005458116032232,0.03342099410865355,0.0020895560381793796,0.5345455335018726,6.378871969435305e-07,7.130667594404467e-06
chemical_sub_class,Isoflav-3-enes,0,1280,0.0,0.17664699168793102,0.09498579374872416,0.00593664787209906,1.519763544756966,0.012720794642926494,0.056476719478524715
chemical_sub_class,N-phenylureas,0,1393,0.0,0.19224160892288117,0.08726968619890724,0.005454627538673957,1.396245311940624,0.005528681968958405,0.028992306692876064
chemical_sub_class,Anilides,1,2587,0.03363605785401951,0.3570201308567793,0.09390856341964507,0.013218902562680213,0.6671369458792222,0.000537498194205226,0.0036573246692659937
chemical_sub_class,Hydroxycinnamic acids and derivatives,1,3107,0.03363605785401951,0.4287829712300013,0.0781353354406171,0.010999304103954527,0.5550469908567043,9.528393143024455e-05,0.0007550346971561151
chemical_sub_class,Piperazinopiperidines,0,200,0.0,0.02760109245123922,0.6075357260120255,0.037860776969929996,9.74886645020802,1.0,1.0
chemical_sub_class,Lactones,7,628,0.23545240497813658,0.08666743029689115,2.7207862140350727,1.2906352526359894,5.735685281619341,0.01673504217532083,0.07224921656379889
chemical_sub_class,Strychnos alkaloids,0,699,0.0,0.09646581811708108,0.1740200217479804,0.010871431043220891,2.7855548960181427,0.12669951669376792,0.38131681466489764
chemical_sub_class,Quinolones and derivatives,0,1726,0.0,0.23819742785419448,0.07040504668348771,0.004400956955635409,1.1263165371696788,0.0018385694736413312,0.011115718565204203
chemical_sub_class,Phenol ethers,10,2660,0.3363605785401951,0.36709452960148165,0.9159952699839372,0.4917669381850351,1.7061889880796364,1.0,1.0
chemical_sub_class,Naphthoquinones,0,1186,0.0,0.16367447823584858,0.10252432801022035,0.006407534465511589,1.640449675381968,0.018636865669586652,0.07625279679190355
chemical_sub_class,Morpholines,0,796,0.0,0.1098523479559321,0.1528068982646565,0.009547349688963588,2.445699478700024,0.08578487270624013,0.2796042529134378
chemical_sub_class,Pyrrolopyrazines,0,45,0.0,0.006210245801528825,2.6777357500411143,0.16492624657996455,43.47560740474222,1.0,1.0
chemical_sub_class,Benzylisoquinolines,0,1046,0.0,0.1443537135199811,0.11626245242756308,0.007265568100721399,1.8604130684742013,0.025949091826645766,0.10412904797102723
chemical_sub_class,Naphthopyrans,0,3078,0.0,0.4247808128245716,0.039411067592109925,0.002463985036026285,0.6303740591114891,6.123508904033529e-06,6.18276866762095e-05
chemical_sub_class,Furopyrans,0,813,0.0,0.11219844081428743,0.14961012401184856,0.009347785642928,2.3944910657824674,0.0877347030703439,0.28165089293351425
chemical_sub_class,Bipyridines and oligopyridines,0,220,0.0,0.03036120169636314,0.5524151928581533,0.03443652215964508,8.861595949956868,1.0,1.0
chemical_sub_class,1-hydroxy-2-unsubstituted benzenoids,12,2056,0.4036326942482341,0.28373923039873916,1.424260522985583,0.8065934247355201,2.514920125960997,0.22227120304302228,0.607605996091406
chemical_sub_class,Fatty acyl glycosides,2,4109,0.06727211570803902,0.5670644444107098,0.11803890926149993,0.029497485830487568,0.4723515820878456,1.290377635869141e-05,0.00012056364179911675
chemical_sub_class,Furanoisoflavonoids,0,1142,0.0,0.15760223789657596,0.10647922439609696,0.006654556752410202,1.7037686580534381,0.01767961103049271,0.07413799726902036
chemical_sub_class,Medium-chain hydroxy acids and derivatives,1,1475,0.03363605785401951,0.20355805682788924,0.16495973720829438,0.023213690383484517,1.172227011315247,0.03712435507389444,0.14434687128110507
chemical_sub_class,Imidazolidines,0,1712,0.0,0.23626535138260774,0.07098199546112313,0.004437006956106764,1.1355500970554868,0.0018060907227493055,0.01108443914157907
chemical_sub_class,Pyrrolopyrimidines,0,181,0.0,0.024978988668371494,0.6711521099371353,0.04181015260587674,10.773583127504653,1.0,1.0
chemical_sub_class,Heteroaromatic compounds,18,376,0.6054490413723511,0.051890053808329735,11.732903121287396,7.301812559156916,18.852992258871424,1.2427010866484535e-13,2.593102934139773e-12
chemical_sub_class,Pyrazolylpyridines,0,69,0.0,0.009522376895677531,1.7529919565272618,0.10853642524166467,28.312898575819585,1.0,1.0
chemical_sub_class,Flavonolignans,0,107,0.0,0.014766584461412983,1.1332702437422033,0.07041336375961267,18.2394559324853,1.0,1.0
chemical_sub_class,Amines,8,1506,0.2690884628321561,0.20783622615783132,1.295509138264256,0.6460865720476457,2.597707489891038,0.41623206639618926,0.9422282130125896
chemical_sub_class,Benzothiazoles,5,248,0.16818028927009754,0.03422535463953663,4.920502836709852,2.028634075057891,11.934803059728143,0.004093842706300575,0.021903807984138116
chemical_sub_class,Pyrimidine nucleosides,1,262,0.03363605785401951,0.03615743111112338,0.9302433398744516,0.130505446675441,6.630778204474893,1.0,1.0
chemical_sub_class,Methoxyphenols,37,3191,1.2445341405987218,0.44037543005952173,2.8490878637721724,2.056282127257661,3.947562227912488,4.849499868188402e-08,6.324556078095708e-07
chemical_sub_class,N-phenylthioureas,0,219,0.0,0.030223196234106946,0.5549326568438825,0.034592961444175736,8.902107271988374,1.0,1.0
chemical_sub_class,Fatty acids and conjugates,51,3414,1.715438950554995,0.4711506481426535,3.687051084494454,2.7897666831750483,4.872932844763895,2.071486449179968e-14,4.471553507540207e-13
chemical_sub_class,Quinolizines,0,574,0.0,0.07921513533505656,0.21191997252200062,0.013236276215682602,3.392953880829048,0.18392056759335534,0.5315027319886705
chemical_sub_class,Benzenesulfonamides,0,1190,0.0,0.16422650008487336,0.10217928817815101,0.006385982797861528,1.634925627436685,0.018762386293102132,0.07626788194468789
chemical_sub_class,Oxadiazoles,0,600,0.0,0.08280327735371766,0.20273713948650213,0.01266338807508185,3.2457623096971813,0.1875965480661445,0.5348315255473313
chemical_sub_class,Protoberberine alkaloids and derivatives,0,454,0.0,0.06265447986431302,0.267916837084751,0.016728450384129432,4.290859580251104,0.2730249456261042,0.7119813135001057
chemical_sub_class,Stigmastanes and derivatives,0,1941,0.0,0.2678686022392766,0.0625898328184481,0.003912608734385289,1.0012468504231258,0.0009090858164267203,0.005990397064032915
chemical_sub_class,2-pyridylmethylamines,0,123,0.0,0.01697467185751212,0.9864280224302526,0.06134072117258487,15.862875832482752,1.0,1.0
chemical_sub_class,Toluenes,5,836,0.16818028927009754,0.11537256644617994,1.4584858103663962,0.6050284166280906,3.51583628236043,0.40438735837514966,0.9422282130125896
chemical_sub_class,Phenanthrols,0,526,0.0,0.07259087314675915,0.23125564199495033,0.014442372361506488,3.702935405337948,0.28633957791579984,0.7226972605641765
chemical_sub_class,Triazoles,0,912,0.0,0.12586098157765085,0.1333602069421442,0.008333244865997645,2.1342160324869255,0.0599121602507649,0.2089640775848845
chemical_sub_class,Epoxides,2,279,0.06727211570803902,0.03850352396947871,1.7476707334580757,0.43472349149581513,7.025967200613749,0.31869743612844337,0.7948390239697433
chemical_sub_class,Chalcones and dihydrochalcones,1,480,0.03363605785401951,0.06624262188297413,0.5076050078510543,0.07133366178191551,3.6120793123337394,1.0,1.0
chemical_sub_class,Pyrroloindoles,0,690,0.0,0.09522376895677531,0.17629039620680237,0.011013124418670703,2.821933414469002,0.12554808605635534,0.38131681466489764
chemical_sub_class,Phenothiazines,0,132,0.0,0.018216721017817884,0.9194139426569921,0.05719522119496454,14.77959137653439,1.0,1.0
chemical_sub_class,Pyranoisoflavonoids,0,960,0.0,0.13248524376594825,0.12668726448542902,0.007916574755086659,2.0273493877498736,0.038425722550720534,0.14578486252576398
chemical_sub_class,Fatty alcohol esters,46,644,1.5472586612848973,0.08887551769299029,17.667162867880325,13.070913788853824,23.879634495514455,1.1117477362651158e-39,6.959540829019625e-38
chemical_sub_class,Lupinine-type alkaloids,0,577,0.0,0.07962915172182515,0.21081821603092832,0.013167544243629188,3.3752930226125146,0.18424295981076916,0.5315027319886705
chemical_sub_class,Isoflavonoid O-glycosides,0,1519,0.0,0.2096302971671619,0.08001916457057634,0.00500165351131509,1.2801899779917818,0.0038375022504089683,0.02098961339960301
chemical_sub_class,Polycyclic hydrocarbons,1,348,0.03363605785401951,0.04802590086515624,0.7002724663912996,0.09833312053360319,4.986941577005854,1.0,1.0
chemical_sub_class,Tetracarboxylic acids and derivatives,4,2329,0.13454423141607805,0.3214147215946807,0.41781679617388845,0.15657855088603168,1.1149092527499311,0.07274932584883834,0.24885834962498798
chemical_sub_class,Hydroquinolines,1,260,0.03363605785401951,0.03588142018661099,0.93740164613314,0.13150592192968844,6.681994493319792,1.0,1.0
chemical_sub_class,Indolizines,0,46,0.0,0.006348251263785021,2.620146418814221,0.1614317970913098,42.52673500340135,1.0,1.0
chemical_sub_class,Phenol esters,22,504,0.7399932727884292,0.06955475297712284,10.710863414607909,6.978555353204008,16.439304308693988,1.5250001220090206e-15,3.6717310629909496e-14
chemical_sub_class,Pyrazines,52,314,1.7490750084090145,0.04333371514844558,41.06365719793195,30.5523083754,55.19137610652608,6.272847836674414e-62,7.853605491516366e-60
chemical_sub_class,Phenylpyrrolines,0,379,0.0,0.05230407019509832,0.32089806022589085,0.02003051097692706,5.14093550460874,0.41496988952144537,0.9422282130125896
chemical_sub_class,Benzodiazepines,0,386,0.0,0.053270108430891694,0.3150831482319784,0.01966819313642899,5.047611115628893,0.4163168699780581,0.9422282130125896
chemical_sub_class,Thiophene carboxylic acids and derivatives,2,201,0.06727211570803902,0.027739097913495415,2.426132548298561,0.6023302747391417,9.772245209595086,0.2017078428497245,0.5607961783712913
chemical_sub_class,Naphthyridines,0,362,0.0,0.04995797733674299,0.335954958454857,0.02096857082045171,5.382614536624549,0.4126976892532761,0.9422282130125896
chemical_sub_class,Tricarboxylic acids and derivatives,4,2914,0.13454423141607805,0.40214791701455543,0.33366752715604137,0.12506436500084087,0.890213760551849,0.018415623658806425,0.07625279679190355
chemical_sub_class,Biflavonoids and polyflavonoids,0,1365,0.0,0.18837745597970768,0.08906262612555174,0.005566635128702521,1.4249454453158399,0.008564997504163856,0.039716210648937586
chemical_sub_class,Arylsulfates,0,173,0.0,0.023874944970321926,0.7021063583266016,0.043730793595093735,11.272453524784597,1.0,1.0
chemical_sub_class,Isocoumarins and derivatives,0,388,0.0,0.053546119355404084,0.3134602329154204,0.0195670676090021,5.0215658055060315,0.41674363783385115,0.9422282130125896
chemical_sub_class,Morphinans,0,646,0.0,0.08915152861750268,0.18829994937233002,0.011762576098875368,3.0143797273296387,0.12247623148826718,0.3791042132630736
chemical_sub_class,Benzoxazines,0,181,0.0,0.024978988668371494,0.6711521099371353,0.04181015260587674,10.773583127504653,1.0,1.0
chemical_sub_class,Pyrroloquinolines,0,92,0.0,0.012696502527570042,1.3170710646748987,0.08174816606014731,21.219756638057902,1.0,1.0
chemical_sub_class,Benzothiazepines,0,69,0.0,0.009522376895677531,1.7529919565272618,0.10853642524166467,28.312898575819585,1.0,1.0
chemical_sub_class,Metallotetrapyrroles,0,631,0.0,0.08708144668365973,0.19277662636477058,0.012041915265791892,3.0861226683892027,0.19445382264617153,0.5473523467286211
chemical_sub_class,1-phenyltetrahydroisoquinolines,0,416,0.0,0.05741027229857758,0.2923759717440028,0.01825311589764448,4.6832392525531175,0.42453711352251183,0.9422282130125896
chemical_sub_class,Phenoxy compounds,0,111,0.0,0.015318606310437768,1.0926087766300376,0.06790261254010821,17.58097213216717,1.0,1.0
chemical_sub_class,Steroidal glycosides,0,5928,0.0,0.8180963802547305,0.02038420145997695,0.0012745607946926254,0.32600694363985416,5.281204689490742e-11,8.265085339053012e-10
chemical_sub_class,Pentacarboxylic acids and derivatives,0,1443,0.0,0.19914188203569097,0.08424101151209311,0.005265416595770371,1.347765725941069,0.0057235473309727464,0.02961107958007388
chemical_sub_class,Thianes,0,34,0.0,0.004692185716710667,3.5315601825789646,0.21646778956224189,57.615580352157025,1.0,1.0
chemical_sub_class,Dihydrobenzophenanthridine alkaloids,0,107,0.0,0.014766584461412983,1.1332702437422033,0.07041336375961267,18.2394559324853,1.0,1.0
chemical_sub_class,Alkanes,20,396,0.6727211570803902,0.05465016305345365,12.386188330990228,7.892700019622948,19.437918708341783,2.1268355641877423e-15,4.931107641413062e-14
chemical_sub_class,Organic phosphonic acids and derivatives,0,75,0.0,0.010350409669214708,1.6136679743918967,0.09998910393021328,26.042080879086964,1.0,1.0
chemical_sub_class,Benzenoids,0,270,0.0,0.03726147480917295,0.4502740939916894,0.02808553039488923,7.21890442763121,0.633218694265314,1.0
chemical_sub_class,Diphenylethers,3,1063,0.10090817356205853,0.14669980637833646,0.6875395535790644,0.22126588301486755,2.136391888775443,0.8070551238075023,1.0
chemical_sub_class,Benzoxazinones,0,108,0.0,0.014904589923669179,1.1228238069149996,0.06976843133372225,18.07025437256353,1.0,1.0
chemical_sub_class,Purine 2'-deoxyribonucleosides,0,57,0.0,0.007866311348603178,2.1188688487436123,0.13091807998588428,34.293240465030934,1.0,1.0
chemical_sub_class,Tetracyclines,0,158,0.0,0.021804863036478984,0.7685676684530387,0.04785228394794532,12.344160241837384,1.0,1.0
chemical_sub_class,Beta lactams,0,485,0.0,0.06693264919425511,0.2507991549798711,0.01566116362650796,4.016318176521253,0.27634385634591835,0.7119813135001057
chemical_sub_class,Pyrimidines and pyrimidine derivatives,2,1353,0.06727211570803902,0.18672139043263333,0.3598500707628783,0.08986348996387167,1.4409864727055341,0.19365019697604863,0.5473523467286211
chemical_sub_class,Beta hydroxy acids and derivatives,10,592,0.3363605785401951,0.08169923365566809,4.127579106274685,2.207018809469034,7.719421875998453,0.00023221773038080976,0.0017102152849221989
chemical_sub_class,Furan lignans,0,435,0.0,0.0600323760814453,0.27961285268242997,0.01745757698970133,4.47847644786723,0.4315743603275847,0.9422282130125896
chemical_sub_class,Isocoumarans,0,100,0.0,0.01380054622561961,1.2122162016552516,0.07528477986529931,19.518794133218957,1.0,1.0
chemical_sub_class,Cyclohexylphenols,0,367,0.0,0.05064800464802397,0.3313818549111254,0.020683678872647125,5.309207053565322,0.4132137212622965,0.9422282130125896
chemical_sub_class,"1,2,3-triazines",0,41,0.0,0.0056582239525040405,2.935846969515864,0.18056004511200668,47.735906485118264,1.0,1.0
chemical_sub_class,Benzothiazines,0,62,0.0,0.008556338659884158,1.9493458886833697,0.120559487313188,31.519289592326263,1.0,1.0
chemical_sub_class,Indanes,2,359,0.06727211570803902,0.0495439609499744,1.3580676342996225,0.33818469435694876,5.453669932754239,0.6621556019920831,1.0
chemical_sub_class,Benzenesulfonyl compounds,0,206,0.0,0.028429125224776395,0.5898784704762936,0.036764088317310185,9.464578773944956,1.0,1.0
chemical_sub_class,Fluorenes,0,669,0.0,0.09232565424939519,0.18182531706197877,0.011358541804594205,2.910624135865496,0.12354194809211982,0.3791042132630736
chemical_sub_class,Angucyclines,0,320,0.0,0.044161747921982755,0.3800022927434669,0.023711841781959512,6.089857709836591,0.6457774636480951,1.0
chemical_sub_class,Imidazoles,2,1655,0.06727211570803902,0.22839904003400455,0.2940627475465248,0.07344847672612796,1.1773273367812405,0.07793328967995997,0.26370940183597263
chemical_sub_class,Tropane alkaloids,0,449,0.0,0.06196445255303205,0.270898872558546,0.016914358920477945,4.338692320442828,0.2728677542733704,0.7119813135001057
chemical_sub_class,Steroidal alkaloids,0,1329,0.0,0.18340925933848462,0.09147880364556592,0.005717573673545384,1.463622857217142,0.008209871798858803,0.03953369035450469
chemical_sub_class,Coumarin glycosides,0,485,0.0,0.06693264919425511,0.2507991549798711,0.01566116362650796,4.016318176521253,0.27634385634591835,0.7119813135001057
chemical_sub_class,Thioureas,0,47,0.0,0.006486256726041217,2.564981901533723,0.15808233649692185,41.61838887878318,1.0,1.0
chemical_sub_class,Indolonaphthyridine alkaloids,0,810,0.0,0.11178442442751885,0.15016451615011359,0.009382395030978397,2.403371616324524,0.08735861539002357,0.28165089293351425
chemical_sub_class,Quinoline carboxamides,0,533,0.0,0.07355691138255252,0.22821915360126604,0.014252983650295401,3.6542511623100604,0.28861711683872865,0.7226972605641765
chemical_sub_class,Pyranopyridines,0,387,0.0,0.05340811389314789,0.31426959648942,0.019617500121468068,5.034554793734431,0.41652796142991544,0.9422282130125896
chemical_sub_class,Tannins,0,532,0.0,0.07341890592029633,0.2286480499498307,0.01427973472607939,3.661127587361991,0.2882822482522289,0.7226972605641765
chemical_sub_class,Naphthalenecarboxylic acids and derivatives,0,656,0.0,0.09053158324006465,0.18542914813269948,0.011583434129504962,2.968374369189603,0.12279105002578534,0.3791042132630736
chemical_sub_class,N-acylpiperidines,0,1581,0.0,0.21818663582704603,0.07687555810332401,0.0048052460907269745,1.229874874692102,0.002578368814016311,0.01537198931023058
chemical_sub_class,Harmala alkaloids,0,2042,0.0,0.28180715392715244,0.059486500398563485,0.003718679176864554,0.9515861846011531,0.0003858555047608857,0.002808669139305982
chemical_sub_class,Cholestane steroids,1,2161,0.03363605785401951,0.29822980393563975,0.11248717787425816,0.015832912340773993,0.7991811559222237,0.0033040874285301357,0.01863386243477356
chemical_sub_class,Benzonitriles,1,154,0.03363605785401951,0.0212528411874542,1.5828577546276066,0.22148170658064317,11.312169795262523,0.469914052515984,1.0
chemical_sub_class,Cycloartanols and derivatives,0,1384,0.0,0.1909995597625754,0.08783807951337087,0.005490136150937749,1.4053436928480185,0.008855646910057961,0.040762021806590325
chemical_sub_class,Purine nucleosides,0,633,0.0,0.08735745760817214,0.1921674873643785,0.012003906573396533,3.076360431010054,0.1949833439624321,0.5473523467286211
chemical_sub_class,Phenoxyacetic acid derivatives,4,342,0.13454423141607805,0.047197868091619063,2.8531354207906654,1.0640299400201,7.6505194291962795,0.05487890053469045,0.19630966705552128
chemical_sub_class,Phenylacetamides,0,790,0.0,0.10902431518239492,0.15396799921550333,0.009619831585785546,2.464299356077491,0.08520274556065537,0.2796042529134378
chemical_sub_class,Fatty acyl thioesters,7,407,0.23545240497813658,0.056168223138271814,4.1994479614169435,1.9876304546576131,8.872556334264242,0.0017649553072194273,0.010976328221595989
chemical_sub_class,Pyranoflavonoids,0,1688,0.0,0.23295322028845902,0.07199330937246039,0.004500197206462655,1.151735436606095,0.0017709411347942407,0.010976328221595989
chemical_sub_class,"3,4-dihydrocoumarins",1,289,0.03363605785401951,0.039883578592040676,0.8433033572862285,0.11834975410384571,6.0089736374628915,1.0,1.0
chemical_sub_class,Saccharolipids,1,1906,0.03363605785401951,0.2630384110603098,0.12758163284040341,0.017956413773037416,0.9064768301710926,0.006331347174624918,0.031707386650521585
chemical_sub_class,Diphenylmethanes,1,1511,0.03363605785401951,0.2085262534691123,0.1610215084891148,0.022659848066894715,1.1442233028027191,0.02546665701419,0.10285243413472865
chemical_sub_class,Quinolizidines,0,1355,0.0,0.1869974013571457,0.08972091294322025,0.005607758699622204,1.4354829889358873,0.008440908769872071,0.03957861027551373
chemical_sub_class,"6,6a-secoaporphines",0,77,0.0,0.0106264205937271,1.572020590484766,0.09743146859722107,25.363968874616305,1.0,1.0
chemical_sub_class,Furanoquinolines,0,344,0.0,0.04747387901613146,0.3535172690161253,0.022062517437410438,5.664560259143674,0.6548545025850687,1.0
chemical_sub_class,Isoxazoles,0,352,0.0,0.04857792271418103,0.3454903658439144,0.021562553185615663,5.535689204494995,0.41206576159324904,0.9422282130125896
chemical_sub_class,Phenoxazines,0,130,0.0,0.017940710093305494,0.9335071548357876,0.05806729152365025,15.007340367764186,1.0,1.0
chemical_sub_class,Ajmaline-sarpagine alkaloids,0,277,0.0,0.03822751304496632,0.4389115868853552,0.02737856939438621,7.036283683314766,0.6343419361483357,1.0
chemical_sub_class,Benzylpiperidines,0,775,0.0,0.10695423324855198,0.1569493561057339,0.009805938842082484,2.512059352878153,0.0839934583864117,0.27820055529044296
chemical_sub_class,Azaphilones,0,418,0.0,0.05768628322308997,0.2909779114154321,0.018165978928538936,4.660808275995111,0.4252154808154966,0.9422282130125896
chemical_sub_class,Phenylquinolines,0,1137,0.0,0.15691221058529498,0.10694800407260471,0.0066838359302928765,1.7112741387433617,0.01761961231381059,0.07413799726902036
chemical_sub_class,Dihydroisoquinolines,0,199,0.0,0.027463086988983025,0.6105818607389502,0.03804994952538014,9.797915984481564,1.0,1.0
chemical_sub_class,Tyrosols and derivatives,1,370,0.03363605785401951,0.05106202103479256,0.6586146375177331,0.09249893959185702,4.689494200329204,1.0,1.0
chemical_sub_class,N-alkylindoles,0,945,0.0,0.1304151618321053,0.12869977770322139,0.008042242904374197,2.0595787739573996,0.038050163100281094,0.14524025671204857
chemical_sub_class,Furostanes and derivatives,0,1310,0.0,0.1807871555556169,0.09280752715372667,0.005800577227811195,1.4848930991028042,0.008123479610773122,0.03951713548027334
chemical_sub_class,Gamma-keto acids and derivatives,7,93,0.23545240497813658,0.012834507989826237,18.386197695748955,8.521426900620794,39.67085203565339,2.1702490915353244e-07,2.563350813775685e-06
chemical_sub_class,Quaternary ammonium salts,2,119,0.06727211570803902,0.016422650008487336,4.098385230901516,1.012707134194393,16.586000960913022,0.08819131519380982,0.28167226179247423
chemical_sub_class,Pyrrole carboxylic acids and derivatives,0,266,0.0,0.036709452960148166,0.45703495321872284,0.028506139264967867,7.327577632385345,0.6326854113495554,1.0
chemical_sub_class,Matrine alkaloids,0,139,0.0,0.019182759253611258,0.8732700382651293,0.05433891606004086,14.034151120882825,1.0,1.0
chemical_sub_class,Cinnamylphenols,0,248,0.0,0.03422535463953663,0.49015228076039896,0.030565978580185456,7.860021811647927,0.6313478727460584,1.0
chemical_sub_class,Ecdysteroids,0,424,0.0,0.058514315996627146,0.2868627727097805,0.01790948645209591,4.594785595156633,0.4273407718370046,0.9422282130125896
chemical_sub_class,Furoic acid and derivatives,22,395,0.7399932727884292,0.05451215759119746,13.668576624958714,8.883851936690407,21.030290496035597,1.2491033648383384e-17,3.258077943286666e-16
chemical_sub_class,Phenylcarbamic acid esters,0,669,0.0,0.09232565424939519,0.18182531706197877,0.011358541804594205,2.910624135865496,0.12354194809211982,0.3791042132630736
chemical_sub_class,Cyclohexyl halides,0,109,0.0,0.015042595385925376,1.1125681725869228,0.06913520397087981,17.90416267774052,1.0,1.0
chemical_sub_class,Nitrobenzenes,2,933,0.06727211570803902,0.12875909628503096,0.5221434928496005,0.13033214736693868,2.0918386801193742,0.6008678797204013,1.0
chemical_sub_class,Aspidospermatan-type alkaloids,0,394,0.0,0.05437415212894126,0.3086902194564875,0.019269832345125554,4.945017158501569,0.4181324790702871,0.9422282130125896
chemical_sub_class,Hydrolyzable tannins,0,3115,0.0,0.42988701492805087,0.038941020689443745,0.00243460415003972,0.6228540653358148,6.437501608621309e-06,6.396628582534824e-05
chemical_sub_class,Glycosylglycerols,0,462,0.0,0.0637585235623626,0.2632796913274465,0.016439345060234214,4.216481594096303,0.27350133444053143,0.7119813135001057
chemical_sub_class,Gelsemium alkaloids,0,105,0.0,0.014490573536900591,1.1547572275479214,0.07173966642320233,18.587544674488303,1.0,1.0
chemical_sub_class,Phenylpiperidines,0,1066,0.0,0.14711382276510504,0.11407903743577724,0.007129208845949119,1.8254517525697334,0.026408034528883878,0.10529573003236502
chemical_sub_class,Haloquinolines,0,101,0.0,0.013938551687875805,1.2002715282201317,0.07454800607944793,19.32515458455785,1.0,1.0
chemical_sub_class,Lineolic acids and derivatives,2,80,0.06727211570803902,0.011040436980495689,6.096676203298553,1.498044349465559,24.811989538979528,0.04470244822016823,0.1626961196850309
chemical_sub_class,Dibenzoxepines,0,141,0.0,0.01945877017812365,0.8609246221481746,0.05357448132522722,13.834780789038899,1.0,1.0
chemical_sub_class,Pyridazines and derivatives,0,263,0.0,0.03629543657337957,0.462240301665343,0.02882995413666582,7.411253430054112,0.6323393943194693,1.0
chemical_sub_class,Arylnaphthalene lignans,0,251,0.0,0.034639371026305224,0.4843035280832242,0.03020225289027979,7.765973888303718,0.631443490283333,1.0
chemical_sub_class,Lignan glycosides,0,1353,0.0,0.18672139043263333,0.08985373756819645,0.0056160562959974335,1.4376091921885563,0.00841845653157395,0.03957861027551373
chemical_sub_class,Quinone and hydroquinone lipids,1,988,0.03363605785401951,0.13634939670912175,0.2464367156892127,0.03466805693620481,1.7517870975994252,0.20245996215960357,0.5607961783712913
chemical_sub_class,Tetrahydrofuran lignans,0,991,0.0,0.13676341309589032,0.1227210336116618,0.007668901430410306,1.9638343545522479,0.039775422575239514,0.14999647308493938
chemical_sub_class,Pyridopyrimidines,0,392,0.0,0.05409814120442887,0.3102640200754221,0.019367902832385906,4.970272878093704,0.41765165606878085,0.9422282130125896
chemical_sub_class,Methylpyridines,11,311,0.3699966363942146,0.042919698761676985,8.648972732858436,4.73531022084783,15.797218311989564,1.3297509033455053e-07,1.6322040499887966e-06
chemical_sub_class,Ibogan-type alkaloids,0,353,0.0,0.048715928176437225,0.34451254825451316,0.02150164565237781,5.519991252004135,0.4121043284084798,0.9422282130125896
chemical_sub_class,Aspidofractine alkaloids,0,348,0.0,0.04802590086515624,0.34945775198857243,0.021809671780410066,5.599383688781511,0.41196761031944973,0.9422282130125896
chemical_sub_class,Anthracenes,0,847,0.0,0.11689062653099809,0.1436013200180751,0.0089726562418947,2.298242410608514,0.05603412565938415,0.19930319694758225
chemical_sub_class,Lignan lactones,0,392,0.0,0.05409814120442887,0.3102640200754221,0.019367902832385906,4.970272878093704,0.41765165606878085,0.9422282130125896
chemical_sub_class,Pyrrolizidines,0,399,0.0,0.055064179440222245,0.3048246578611696,0.019028944630225295,4.8829860954342905,0.4194110477877419,0.9422282130125896
chemical_sub_class,Glycerophosphoinositols,0,528,0.0,0.07286688407127154,0.23037986604791394,0.014387750041731406,3.6888938525003585,0.2869743643037843,0.7226972605641765
chemical_sub_class,N-arylamides,0,419,0.0,0.05782428868534616,0.2902838802749676,0.018122721503769815,4.649673126078954,0.42556036185355794,0.9422282130125896
chemical_sub_class,Norbelladine-type amaryllidaceae alkaloids,0,191,0.0,0.026359043290933457,0.6360962215848349,0.03963419761374862,10.208820348974248,1.0,1.0
chemical_sub_class,Pyranodioxins,0,251,0.0,0.034639371026305224,0.4843035280832242,0.03020225289027979,7.765973888303718,0.631443490283333,1.0
chemical_sub_class,Glycosphingolipids,0,1276,0.0,0.1760949698389062,0.09528396514162081,0.005955273600592503,1.5245368428087522,0.01263687733655595,0.056476719478524715
chemical_sub_class,Glycerophosphoglycerophosphoglycerols,0,1456,0.0,0.20093595304502151,0.0834876169870127,0.005218348630710973,1.3357065009319775,0.005829453720353726,0.02966860186131246
chemical_sub_class,Isothiocyanates,17,54,0.5718129835183317,0.007452294961834589,77.16530722197163,44.686871657187154,133.24908228843492,1.9844434335712385e-25,6.5382188916610286e-24
chemical_sub_class,Flavones,0,768,0.0,0.10598819501275861,0.15838048500203325,0.00989527292693301,2.5349859690281504,0.08355085461542264,0.27820055529044296
chemical_sub_class,Hopanoids,0,296,0.0,0.04084961682783404,0.41077494257169356,0.0256275492910403,6.584166575138355,0.6385077838824005,1.0
chemical_sub_class,Pyrimidine ribonucleotides,0,115,0.0,0.015870628159462552,1.0547636881923077,0.06556472292137619,16.968369396804402,1.0,1.0
chemical_sub_class,"Benzo-1,4-dioxanes",1,316,0.03363605785401951,0.04360972607295797,0.7712202071656132,0.10826486307114054,5.493754770185618,1.0,1.0
chemical_sub_class,Dibenzofurans,0,294,0.0,0.04057360590332165,0.4135657275943157,0.025801252484988907,6.629004198153726,0.6379977596373969,1.0
chemical_sub_class,Pyrrolidinylpyridines,0,79,0.0,0.010902431518239492,1.532468672434598,0.09500139786223145,24.72027027853985,1.0,1.0
chemical_sub_class,Isoquinoline quinones,0,159,0.0,0.02194286849873518,0.7637480081366597,0.04755350527140403,12.266414780646782,1.0,1.0
chemical_sub_class,8-hydroxyquinolines,0,97,0.0,0.013386529838851021,1.2495203356141644,0.07758513692703177,20.123713522368668,1.0,1.0
chemical_sub_class,Isoflavans,0,263,0.0,0.03629543657337957,0.462240301665343,0.02882995413666582,7.411253430054112,0.6323393943194693,1.0
chemical_sub_class,Cumenes,5,60,0.16818028927009754,0.008280327735371766,20.343356918238992,8.163956021410153,50.692601677119015,7.64905267212995e-06,7.481729644927108e-05
chemical_sub_class,Benzoxazoles,1,313,0.03363605785401951,0.04319570968618938,0.7786153191233193,0.10929975501316384,5.546598115434876,1.0,1.0
chemical_sub_class,Vobasan alkaloids,0,109,0.0,0.015042595385925376,1.1125681725869228,0.06913520397087981,17.90416267774052,1.0,1.0
chemical_sub_class,Anthracenecarboxylic acids and derivatives,0,389,0.0,0.053684124817660286,0.312655025251942,0.019516893596164517,5.008643631407769,0.4169638723197234,0.9422282130125896
chemical_sub_class,N-acylpyrrolidines,0,396,0.0,0.05465016305345365,0.3071322957668739,0.019172749490827767,4.9200166699177945,0.41863089536879583,0.9422282130125896
chemical_sub_class,Acyltrehaloses,0,63,0.0,0.008694344122140355,1.9186448801685227,0.11868138567924466,31.017485641311175,1.0,1.0
chemical_sub_class,Tetracenequinones,0,602,0.0,0.08307928827823005,0.2020635949504161,0.012621365389636905,3.2349666730835693,0.18795996105497265,0.5348315255473313
chemical_sub_class,Butyrophenones,0,108,0.0,0.014904589923669179,1.1228238069149996,0.06976843133372225,18.07025437256353,1.0,1.0
chemical_sub_class,Phenanthrolines,1,180,0.03363605785401951,0.0248409832061153,1.3541741438612234,0.18965680017110226,9.66897896752393,0.5234572788462447,1.0
chemical_sub_class,Isobenzofuranones,1,197,0.03363605785401951,0.02718707606447063,1.2372874408181949,0.17336761341123716,8.830254861818446,0.5555077548474133,1.0
chemical_sub_class,Dithiins,0,31,0.0,0.004278169329942079,3.867915262063572,0.2366350976839967,63.222947994312236,1.0,1.0
chemical_sub_class,Hydrazines and derivatives,0,60,0.0,0.008280327735371766,2.0137926338302385,0.1244998169522443,32.573226783333254,1.0,1.0
chemical_sub_class,"1,2,4-triazines",0,86,0.0,0.011868469754032865,1.4084402588957758,0.08737399914182166,22.703595833567586,1.0,1.0
chemical_sub_class,Aloperine and related alkaloids,0,334,0.0,0.046093824393569495,0.3640908242037349,0.022721032982154638,5.834335453562821,0.6508799765045891,1.0
chemical_sub_class,Aminoquinolines and derivatives,0,144,0.0,0.019872786564892237,0.843047263515145,0.05246731553229439,13.546122596703292,1.0,1.0
chemical_sub_class,Pyrroline carboxylic acids and derivatives,0,32,0.0,0.004416174792198275,3.7488973108613264,0.2295077850906168,61.23640225029506,1.0,1.0
chemical_sub_class,Cinchona alkaloids,3,117,0.10090817356205853,0.016146639083974942,6.254787188120521,1.9873045205702382,19.686143901816735,0.013429222724515036,0.058788065912911976
chemical_sub_class,Erythrinanes,0,142,0.0,0.019596775640379847,0.8548818658382967,0.05320027151874404,13.737204410351113,1.0,1.0
chemical_sub_class,17-furanylsteroids and derivatives,0,35,0.0,0.004830191178966863,3.4320748773792915,0.21048802227061886,55.96108432618532,1.0,1.0
chemical_sub_class,Benzenetriols and derivatives,0,75,0.0,0.010350409669214708,1.6136679743918967,0.09998910393021328,26.042080879086964,1.0,1.0
chemical_sub_class,Pyridines and derivatives,3,108,0.10090817356205853,0.014904589923669179,6.7761036288814065,2.150374035279767,21.35236923253032,0.010896407908143994,0.04942863297462421
chemical_sub_class,Macroline alkaloids,0,300,0.0,0.04140163867685883,0.40530481818459063,0.025287063476700348,6.496285968317566,0.6395748506817404,1.0
chemical_sub_class,Isochromanequinones,0,119,0.0,0.016422650008487336,1.0194521621604509,0.06338243727212271,16.397013994138756,1.0,1.0
chemical_sub_class,Aminotriazines,0,80,0.0,0.011040436980495689,1.5134297056713182,0.09383125363968882,24.410517659752845,1.0,1.0
chemical_sub_class,Indazoles,0,55,0.0,0.007590300424090785,2.195230542464442,0.13557759518745932,35.54449485481419,1.0,1.0
chemical_sub_class,Aminopiperidines,0,33,0.0,0.004554180254454471,3.6369849089845876,0.22279718329341747,59.370854840481435,1.0,1.0
chemical_sub_class,Phenylnaphthalenes,0,313,0.0,0.04319570968618938,0.3884909470122713,0.024240357831542724,6.226195873812566,0.6434509145372087,1.0
chemical_sub_class,Naphthacenes,0,51,0.0,0.007038278575066001,2.365746945918722,0.1459677487671136,38.34243289627761,1.0,1.0
chemical_sub_class,4-alkoxyphenols,1,114,0.03363605785401951,0.015732622697206357,2.1383645014285375,0.2985464091034197,15.316220867308171,0.37556337689946523,0.929259580786819
chemical_sub_class,Benzenediols,1,436,0.03363605785401951,0.0601703815437015,0.5588651573709361,0.07852108410102421,3.9776611301163545,1.0,1.0
chemical_sub_class,Phenanthridine- and phenanthridone-type amaryllidaceae alkaloids,0,41,0.0,0.0056582239525040405,2.935846969515864,0.18056004511200668,47.735906485118264,1.0,1.0
chemical_sub_class,Benzo-p-dioxins,0,137,0.0,0.018906748329098867,0.8859745937600318,0.055125476863411765,14.23935039570145,1.0,1.0
chemical_sub_class,Azepanes,0,127,0.0,0.017526693706536905,0.9554759855850866,0.059426416582095035,15.362433266838712,1.0,1.0
chemical_sub_class,Macrolide lactams,0,436,0.0,0.0601703815437015,0.2789718881814177,0.017417621939276835,4.4681940317012465,0.4319800273715866,0.9422282130125896
chemical_sub_class,Bi- and oligothiophenes,0,182,0.0,0.02511699413062769,0.667473642748387,0.04158186710262715,10.714311184349228,1.0,1.0
chemical_sub_class,Monoradylglycerols,1,255,0.03363605785401951,0.035191392875330005,0.955788668091732,0.13407550658947587,6.813563500824198,1.0,1.0
chemical_sub_class,Vallesaman alkaloids,0,30,0.0,0.004140163867685883,3.9947376690823586,0.24421917283070577,65.3426545500901,1.0,1.0
chemical_sub_class,Diazinanes,0,270,0.0,0.03726147480917295,0.4502740939916894,0.02808553039488923,7.21890442763121,0.633218694265314,1.0
chemical_sub_class,Pyrrolopyridines,0,316,0.0,0.04360972607295797,0.3848069745096961,0.02401099457341926,6.167025159183952,0.6444285395186266,1.0
chemical_sub_class,Terphenyls,0,176,0.0,0.024288961357090515,0.6901696810970942,0.04299022989915735,11.080056790182491,1.0,1.0
chemical_sub_class,Furopyridines,0,45,0.0,0.006210245801528825,2.6777357500411143,0.16492624657996455,43.47560740474222,1.0,1.0
chemical_sub_class,Benzyloxycarbonyls,28,529,0.9418096199125463,0.07300488953352774,13.01378453756808,8.88367642112797,19.064020340437214,1.831920408698826e-21,5.460867504026024e-20
chemical_sub_class,Aurone flavonoids,0,769,0.0,0.1061262004750148,0.15817444388830817,0.009882411495543962,2.5316851773129296,0.08360929822722014,0.27820055529044296
chemical_sub_class,Lysergic acids and derivatives,0,106,0.0,0.014628578999156787,1.1439128577868196,0.07107032881974706,18.411855523122725,1.0,1.0
chemical_sub_class,Thiazoles,39,698,1.311806256306761,0.09632781265482487,13.785872284821957,9.965393228006395,19.071026130640927,4.1340107772600176e-30,1.8484933904034078e-28
chemical_sub_class,Halobenzenes,0,730,0.0,0.10074398744702315,0.1666280527042031,0.010410075168018684,2.6671188728101294,0.13195182494711297,0.39455055167837744
chemical_sub_class,Organosulfonic acids and derivatives,1,62,0.03363605785401951,0.008556338659884158,3.9321137064212217,0.5450606395821587,28.36660194740603,0.22737776178402536,0.6188629516382603
chemical_sub_class,Milbemycins,0,290,0.0,0.04002158405429687,0.41926257963705216,0.02615581710759947,6.720536007756492,0.6370262035769019,1.0
chemical_sub_class,Peptidomimetics,0,109,0.0,0.015042595385925376,1.1125681725869228,0.06913520397087981,17.90416267774052,1.0,1.0
chemical_sub_class,Galanthamine-type amaryllidaceae alkaloids,0,83,0.0,0.011454453367264276,1.4590489443175194,0.09048759007872809,23.5261412096609,1.0,1.0
chemical_sub_class,Stemoamide-type alkaloids,0,101,0.0,0.013938551687875805,1.2002715282201317,0.07454800607944793,19.32515458455785,1.0,1.0
chemical_sub_class,Yohimbine alkaloids,0,89,0.0,0.012282486140801453,1.3612243345078923,0.08446752464147154,21.93661643005823,1.0,1.0
chemical_sub_class,Neoflavonoid 7-O-glycosides,0,33,0.0,0.004554180254454471,3.6369849089845876,0.22279718329341747,59.370854840481435,1.0,1.0
chemical_sub_class,Phenylbenzodioxanes,0,213,0.0,0.02939516346056977,0.5705326795751228,0.03556227223463418,9.153170424980805,1.0,1.0
chemical_sub_class,Retinoids,0,79,0.0,0.010902431518239492,1.532468672434598,0.09500139786223145,24.72027027853985,1.0,1.0
chemical_sub_class,Oxazolidines,0,179,0.0,0.0247029777438591,0.6786320014351469,0.04227432487555904,10.894115866487459,1.0,1.0
chemical_sub_class,Tetraterpenoids,0,997,0.0,0.1375914458694275,0.12198185054025681,0.0076227415286376455,1.9519974283956698,0.04012548683092028,0.15041050752189278
chemical_sub_class,Glycerophosphoglycerols,0,277,0.0,0.03822751304496632,0.4389115868853552,0.02737856939438621,7.036283683314766,0.6343419361483357,1.0
chemical_sub_class,Hydroxypyridines,0,416,0.0,0.05741027229857758,0.2923759717440028,0.01825311589764448,4.6832392525531175,0.42453711352251183,0.9422282130125896
chemical_sub_class,Chaetoglobosins,0,47,0.0,0.006486256726041217,2.564981901533723,0.15808233649692185,41.61838887878318,1.0,1.0
chemical_sub_class,Alkyl chlorides,0,97,0.0,0.013386529838851021,1.2495203356141644,0.07758513692703177,20.123713522368668,1.0,1.0
chemical_sub_class,Cytochalasans,0,233,0.0,0.03215527270569369,0.5216503813665969,0.03252438517238116,8.366618429146891,1.0,1.0
chemical_sub_class,Acetophenones,0,407,0.0,0.056168223138271814,0.29883706895573475,0.01865579899868171,4.786908016556411,0.42167733899426624,0.9422282130125896
chemical_sub_class,"1,2-dioxanes",0,412,0.0,0.05685825044955279,0.29521276324706625,0.01842992047188185,4.728754837381543,0.42322664280112576,0.9422282130125896
chemical_sub_class,Oxazoles,7,269,0.23545240497813658,0.03712346934691675,6.355022347447027,2.9981813901284573,13.47026873341401,0.00016315490567464817,0.0012455484262479239
chemical_sub_class,Oxocins,0,698,0.0,0.09632781265482487,0.17426939637039615,0.010886994615980666,2.789550613603073,0.1265631022169321,0.38131681466489764
chemical_sub_class,Pyrrolines,3,198,0.10090817356205853,0.027325081526726826,3.6955973880216306,1.181100558860529,11.56331690125383,0.05015341295518654,0.18147997982628195
chemical_sub_class,Isoindoles,0,232,0.0,0.032017267243437494,0.523894762155311,0.032663903644864024,8.402722613863883,1.0,1.0
chemical_sub_class,Pyrrolidones,0,357,0.0,0.049267950025462005,0.3406559809788328,0.021261416330162465,5.458079347800633,0.4123138138664638,0.9422282130125896
chemical_sub_class,Azepines,1,405,0.03363605785401951,0.055892212213759424,0.6016682451855175,0.08452043578781866,4.283043194114639,1.0,1.0
chemical_sub_class,Ceramides,0,296,0.0,0.04084961682783404,0.41077494257169356,0.0256275492910403,6.584166575138355,0.6385077838824005,1.0
chemical_sub_class,Delta-7-steroids,0,41,0.0,0.0056582239525040405,2.935846969515864,0.18056004511200668,47.735906485118264,1.0,1.0
chemical_sub_class,C24-propyl sterols and derivatives,0,201,0.0,0.027739097913495415,0.6045198258729614,0.037673475601882965,9.700305428024016,1.0,1.0
chemical_sub_class,Cucurbitacins,0,454,0.0,0.06265447986431302,0.267916837084751,0.016728450384129432,4.290859580251104,0.2730249456261042,0.7119813135001057
chemical_sub_class,Pyrans,1,435,0.03363605785401951,0.0600323760814453,0.5601506783620303,0.07870129489861379,3.986831257016195,1.0,1.0
chemical_sub_class,Isobenzofurans,0,42,0.0,0.0057962294147602365,2.866764260774093,0.1763801992734908,46.594444051559776,1.0,1.0
chemical_sub_class,Oximes,1,56,0.03363605785401951,0.0077283058863469815,4.35344765429725,0.6024526052310792,31.45891695735423,0.2081600426204596,0.5740448752440869
chemical_sub_class,"Linear 1,3-diarylpropanoids",1,153,0.03363605785401951,0.021114835725198004,1.593205429322918,0.2229203669464841,11.38659322516452,0.467738699239103,1.0
chemical_sub_class,"1,3-dioxepanes",0,92,0.0,0.012696502527570042,1.3170710646748987,0.08174816606014731,21.219756638057902,1.0,1.0
chemical_sub_class,Benzoxepines,0,173,0.0,0.023874944970321926,0.7021063583266016,0.043730793595093735,11.272453524784597,1.0,1.0
chemical_sub_class,Organic cyanides,5,93,0.16818028927009754,0.012834507989826237,13.124148624757268,5.333221904245019,32.2962892257717,5.625196311935996e-05,0.00048237984811944296
chemical_sub_class,Benzophenones,1,686,0.03363605785401951,0.09467174710775053,0.3550744754737119,0.049929136246525445,2.5251364756326096,0.5386384960532717,1.0
chemical_sub_class,Vinylogous acids,0,126,0.0,0.01738868824428071,0.9630304846965055,0.05989370525286815,15.484560698644945,1.0,1.0
chemical_sub_class,Plumeran-type alkaloids,0,179,0.0,0.0247029777438591,0.6786320014351469,0.04227432487555904,10.894115866487459,1.0,1.0
chemical_sub_class,Biotin and derivatives,0,207,0.0,0.028567130687032594,0.5870348722956396,0.03658745240783194,9.418801217692605,1.0,1.0
chemical_sub_class,Epothilones and analogues,0,41,0.0,0.0056582239525040405,2.935846969515864,0.18056004511200668,47.735906485118264,1.0,1.0
chemical_sub_class,Quinolines and derivatives,4,696,0.13454423141607805,0.09605180173031248,1.4012864736375497,0.5241045953202725,3.746587606238465,0.37826234772446693,0.9322528727382531
chemical_sub_class,Aristolactams,0,83,0.0,0.011454453367264276,1.4590489443175194,0.09048759007872809,23.5261412096609,1.0,1.0
chemical_sub_class,Homolycorine-type amaryllidaceae alkaloids,0,105,0.0,0.014490573536900591,1.1547572275479214,0.07173966642320233,18.587544674488303,1.0,1.0
chemical_sub_class,Eburnan-type alkaloids,0,118,0.0,0.01628464454623114,1.0280565529973273,0.06391427749530633,16.536215656014605,1.0,1.0
chemical_sub_class,Cephalotaxus alkaloids,0,144,0.0,0.019872786564892237,0.843047263515145,0.05246731553229439,13.546122596703292,1.0,1.0
chemical_sub_class,Perylenequinones,0,125,0.0,0.01725068278202451,0.9707053742320109,0.06036839965124787,15.608645069381609,1.0,1.0
chemical_sub_class,Phenalenones,0,59,0.0,0.00814232227311557,2.0476407142645185,0.12656816179765026,33.12707109878833,1.0,1.0
chemical_sub_class,Homoisoflavans,0,261,0.0,0.03601942564886718,0.46577688639708115,0.029049947441496034,7.468106726825351,0.6321350721961863,1.0
chemical_sub_class,Olefins,8,239,0.2690884628321561,0.03298330547923087,8.177637288590036,4.039118827383739,16.556519994004333,9.957580889494407e-06,9.444614601247727e-05
chemical_sub_class,Hydrocarbon derivatives,5,121,0.16818028927009754,0.016698660932999727,10.086765721414093,4.120806369560056,24.690032385471337,0.0001840846641931283,0.0013883975877698592
chemical_sub_class,"1,3-dioxanes",3,184,0.10090817356205853,0.025393005055140083,3.976861001317523,1.2701695656382,12.451426842252921,0.04203576772016487,0.15479053289896003
chemical_sub_class,Quinolizidinones,0,114,0.0,0.015732622697206357,1.0639770667093533,0.06613397429031662,17.117483269853853,1.0,1.0
chemical_sub_class,Sulfated flavonoids,0,49,0.0,0.006762267650553609,2.46133947512794,0.15178372761905926,39.91331684136583,1.0,1.0
chemical_sub_class,Ribonucleoside 3'-phosphates,0,47,0.0,0.006486256726041217,2.564981901533723,0.15808233649692185,41.61838887878318,1.0,1.0
chemical_sub_class,Estrane steroids,2,650,0.06727211570803902,0.08970355046652746,0.7497698262693214,0.1870291189023458,3.0057073234539944,1.0,1.0
chemical_sub_class,4-phenyltetrahydroisoquinolines,0,30,0.0,0.004140163867685883,3.9947376690823586,0.24421917283070577,65.3426545500901,1.0,1.0
chemical_sub_class,Phenylbutylamines,0,176,0.0,0.024288961357090515,0.6901696810970942,0.04299022989915735,11.080056790182491,1.0,1.0
chemical_sub_class,Benzoisochromanequinones,0,161,0.0,0.022218879423247573,0.754287746091507,0.04696700043735876,12.113824570564827,1.0,1.0
chemical_sub_class,Tropones,0,446,0.0,0.06155043616626346,0.27272015155900264,0.017027899509887538,4.367906976616673,0.2728263798924529,0.7119813135001057
chemical_sub_class,Phosphosphingolipids,0,132,0.0,0.018216721017817884,0.9194139426569921,0.05719522119496454,14.77959137653439,1.0,1.0
chemical_sub_class,Pyran carboxylic acids and derivatives,0,283,0.0,0.0390555458185035,0.42961889399869335,0.02680032173954749,6.886946950651678,0.6354878774427526,1.0
chemical_sub_class,Aristolochic acids and derivatives,0,63,0.0,0.008694344122140355,1.9186448801685227,0.11868138567924466,31.017485641311175,1.0,1.0
chemical_sub_class,Dihydrofurans,7,244,0.23545240497813658,0.03367333279051185,7.006393497894167,3.302270837248261,14.865391806639133,9.095004447776318e-05,0.0007299324082446121
chemical_sub_class,Benzopyrenes,0,67,0.0,0.009246365971165139,1.8049374412246448,0.11171974094470334,29.160461160996103,1.0,1.0
chemical_sub_class,"1,4-dioxanes",1,129,0.03363605785401951,0.017802704631049295,1.8896783415234697,0.2640889657821262,13.521520006893722,0.4127668721860841,0.9422282130125896
chemical_sub_class,"Sparteine, lupanine, and related alkaloids",0,278,0.0,0.038365518507222515,0.4373349989539556,0.027280468845193962,7.010946270586226,0.6345214605159025,1.0
chemical_sub_class,"2,5-disubstituted thiophenes",2,90,0.06727211570803902,0.01242049160305765,5.419192939152548,1.3341115465915891,22.0128910410751,0.05487458506691623,0.19630966705552128
chemical_sub_class,Phthalide isoquinolines,0,50,0.0,0.006900273112809805,2.4125967498380914,0.14881894394266065,39.1121111541551,1.0,1.0
chemical_sub_class,Pyranoneoflavonoids,0,260,0.0,0.03588142018661099,0.46756554297445735,0.029161207480996595,7.496861613822576,0.632040953630761,1.0
chemical_sub_class,Benzazocines,0,48,0.0,0.006624262188297413,2.5120922097080918,0.15486902514913442,40.748027334705235,1.0,1.0
chemical_sub_class,Pyrrolizines,1,214,0.03363605785401951,0.029533168922825967,1.1389715223707877,0.15965458950303818,8.125392027937556,0.5854033121326252,1.0
chemical_sub_class,Thiophenols,6,89,0.20181634712411706,0.012282486140801453,16.462435100714604,7.196621746355918,37.65819282949946,2.9502904558228507e-06,3.0781363755751746e-05
chemical_sub_class,Oxasteroids and derivatives,0,70,0.0,0.009660382357933726,1.728124437257238,0.10701183196410949,27.90732590810382,1.0,1.0
chemical_sub_class,Nitroquinolines and derivatives,0,99,0.0,0.013662540763363413,1.2244009690287658,0.07603626007927378,19.716352847912173,1.0,1.0
chemical_sub_class,"Pyrazolo[1,5-a][1,3,5]triazines",0,47,0.0,0.006486256726041217,2.564981901533723,0.15808233649692185,41.61838887878318,1.0,1.0
chemical_sub_class,N-alkylpyrrolidines,1,136,0.03363605785401951,0.01876874286684267,1.7923981672076637,0.2505913113837571,12.820441267771875,0.42936197195401815,0.9422282130125896
chemical_sub_class,"Imidazo[1,2-a]pyridines",0,53,0.0,0.007314289499578393,2.2773015216971095,0.1405809775837492,36.8904976324725,1.0,1.0
chemical_sub_class,Benzoins,0,49,0.0,0.006762267650553609,2.46133947512794,0.15178372761905926,39.91331684136583,1.0,1.0
chemical_sub_class,Neoflavans,0,195,0.0,0.02691106513995824,0.6230780246826507,0.03882592386145692,9.999149697705766,1.0,1.0
chemical_sub_class,Cresols,12,139,0.4036326942482341,0.019182759253611258,21.122652030351404,11.699340809767095,38.136031426901404,2.3541167037990004e-12,4.6052408018067944e-11
chemical_sub_class,Benzenesulfonic acids and derivatives,0,163,0.0,0.022494890347759963,0.7450589277661134,0.0463947835443189,11.96498320363357,1.0,1.0
chemical_sub_class,Indolizidines,0,177,0.0,0.02442696681934671,0.6862804538683251,0.042748916540671145,11.017375397423816,1.0,1.0
chemical_sub_class,Tropolones,1,78,0.03363605785401951,0.010764426055983297,3.125457259205577,0.43464042051016877,22.47486109933094,0.27637613287623913,0.7119813135001057
chemical_sub_class,Isoxazolines,0,48,0.0,0.006624262188297413,2.5120922097080918,0.15486902514913442,40.748027334705235,1.0,1.0
chemical_sub_class,Furospirostanes and derivatives,0,98,0.0,0.013524535301107218,1.2368331428464123,0.07680289147619399,19.91795092398964,1.0,1.0
chemical_sub_class,Imidazopyridines,0,118,0.0,0.01628464454623114,1.0280565529973273,0.06391427749530633,16.536215656014605,1.0,1.0
chemical_sub_class,Carboximidic acids,0,66,0.0,0.009108360508908942,1.8320818862356834,0.11338245518825726,29.60355755482463,1.0,1.0
chemical_sub_class,Pyrazolopyridines,0,270,0.0,0.03726147480917295,0.4502740939916894,0.02808553039488923,7.21890442763121,0.633218694265314,1.0
chemical_sub_class,Pteridines and derivatives,0,84,0.0,0.011592458829520473,1.4417801029408692,0.0894253629735279,23.24541714023054,1.0,1.0
chemical_sub_class,Lipoamides,0,162,0.0,0.022356884885503768,0.7496449405647321,0.04667913882961992,12.03894396949989,1.0,1.0
chemical_sub_class,Cycloheptafurans,0,284,0.0,0.03919355128075969,0.42810821896878787,0.02670631261146663,6.862671377176041,0.6356946370960266,1.0
chemical_sub_class,Organic carbonic acids and derivatives,3,68,0.10090817356205853,0.009384371433421334,10.762641117052882,3.384620328548109,34.2237629542828,0.0031668896919185402,0.018022481337645512
chemical_sub_class,Isoflavonoid C-glycosides,0,144,0.0,0.019872786564892237,0.843047263515145,0.05246731553229439,13.546122596703292,1.0,1.0
chemical_sub_class,Thiolanes,4,50,0.13454423141607805,0.006900273112809805,19.523314247221286,7.046595322006373,54.09134224089743,7.47557652422883e-05,0.0006077546628788634
chemical_sub_class,Lycorine-type amaryllidaceae alkaloids,0,95,0.0,0.013110518914338629,1.2756918222659672,0.07919841770447848,20.548259328471907,1.0,1.0
chemical_sub_class,Cycloheptapyrans,0,50,0.0,0.006900273112809805,2.4125967498380914,0.14881894394266065,39.1121111541551,1.0,1.0
chemical_sub_class,Coumaronochromenes,0,63,0.0,0.008694344122140355,1.9186448801685227,0.11868138567924466,31.017485641311175,1.0,1.0
chemical_sub_class,Phenylhydrazines,0,126,0.0,0.01738868824428071,0.9630304846965055,0.05989370525286815,15.484560698644945,1.0,1.0
chemical_sub_class,Phenylpropylamines,0,85,0.0,0.011730464291776668,1.4249152110701055,0.08838778196588214,22.97131247758538,1.0,1.0
chemical_sub_class,Phenylphosphines and derivatives,0,142,0.0,0.019596775640379847,0.8548818658382967,0.05320027151874404,13.737204410351113,1.0,1.0
chemical_sub_class,Complex tannins,0,198,0.0,0.027325081526726826,0.6136586869996472,0.03824102144933486,9.847461439518659,1.0,1.0
chemical_sub_class,Pterins and derivatives,0,122,0.0,0.016836666395255925,0.9944818687522091,0.061838720586447474,15.993121751190193,1.0,1.0
chemical_sub_class,Cyclobutane lignans,0,55,0.0,0.007590300424090785,2.195230542464442,0.13557759518745932,35.54449485481419,1.0,1.0
chemical_sub_class,Gorgostanes and derivatives,0,213,0.0,0.02939516346056977,0.5705326795751228,0.03556227223463418,9.153170424980805,1.0,1.0
chemical_sub_class,Imidazodiazepines,0,30,0.0,0.004140163867685883,3.9947376690823586,0.24421917283070577,65.3426545500901,1.0,1.0
chemical_sub_class,Naphthylisoquinolines,0,271,0.0,0.03739948027142914,0.44861500652943853,0.027982309740572555,7.192237736958528,0.6333645668907212,1.0
chemical_sub_class,Pyrimidodiazepines,0,59,0.0,0.00814232227311557,2.0476407142645185,0.12656816179765026,33.12707109878833,1.0,1.0
chemical_sub_class,Sulfoxides,1,68,0.03363605785401951,0.009384371433421334,3.5851328081703744,0.49765111309630045,25.827687136575097,0.24612922572432766,0.6669995467680915
chemical_sub_class,Podophyllotoxins,0,90,0.0,0.01242049160305765,1.3461813236071487,0.08354119299592762,21.692342316885934,1.0,1.0
chemical_sub_class,Benzoylindoles,0,50,0.0,0.006900273112809805,2.4125967498380914,0.14881894394266065,39.1121111541551,1.0,1.0
chemical_sub_class,Organosilicon compounds,0,63,0.0,0.008694344122140355,1.9186448801685227,0.11868138567924466,31.017485641311175,1.0,1.0
chemical_sub_class,Physalins and derivatives,0,139,0.0,0.019182759253611258,0.8732700382651293,0.05433891606004086,14.034151120882825,1.0,1.0
chemical_sub_class,Dalbergiones,0,91,0.0,0.012558497065313845,1.331467121687842,0.0826349557411422,21.453447638903555,1.0,1.0
chemical_sub_class,Azasteroids and derivatives,0,177,0.0,0.02442696681934671,0.6862804538683251,0.042748916540671145,11.017375397423816,1.0,1.0
chemical_sub_class,Guanidines,0,69,0.0,0.009522376895677531,1.7529919565272618,0.10853642524166467,28.312898575819585,1.0,1.0
chemical_sub_class,Coumestans,0,137,0.0,0.018906748329098867,0.8859745937600318,0.055125476863411765,14.23935039570145,1.0,1.0
chemical_sub_class,Hexahydrobenzophenanthridine alkaloids,0,60,0.0,0.008280327735371766,2.0137926338302385,0.1244998169522443,32.573226783333254,1.0,1.0
chemical_sub_class,"1,3,5-triazines",0,44,0.0,0.006072240339272629,2.7379133658175303,0.16857530670648754,44.46777968361716,1.0,1.0
chemical_sub_class,Isosorbides,0,62,0.0,0.008556338659884158,1.9493458886833697,0.120559487313188,31.519289592326263,1.0,1.0
chemical_sub_class,Cularin alkaloids and derivatives,0,33,0.0,0.004554180254454471,3.6369849089845876,0.22279718329341747,59.370854840481435,1.0,1.0
chemical_sub_class,Vitamin D and derivatives,0,162,0.0,0.022356884885503768,0.7496449405647321,0.04667913882961992,12.03894396949989,1.0,1.0
chemical_sub_class,5'-deoxyribonucleosides,0,77,0.0,0.0106264205937271,1.572020590484766,0.09743146859722107,25.363968874616305,1.0,1.0
chemical_sub_class,Organonitrogen compounds,11,101,0.3699966363942146,0.013938551687875805,26.63970691464825,14.282814627711632,49.687264240021875,1.873353997272696e-12,3.7829664590087346e-11
chemical_sub_class,Vinyl bromides,0,67,0.0,0.009246365971165139,1.8049374412246448,0.11171974094470334,29.160461160996103,1.0,1.0
chemical_sub_class,Glycerophosphoglycerophosphates,0,170,0.0,0.023460928583553337,0.7144630945788483,0.04449731229912031,11.471648221892176,1.0,1.0
chemical_sub_class,Vinylogous amides,0,60,0.0,0.008280327735371766,2.0137926338302385,0.1244998169522443,32.573226783333254,1.0,1.0
chemical_sub_class,"1,4-oxazepines",0,120,0.0,0.01656065547074353,1.0109905827897465,0.06285937352374135,16.260135938254525,1.0,1.0
chemical_sub_class,"1,4-diazepanes",0,39,0.0,0.005382213027991648,3.084505963010815,0.1895435270182853,50.195209435621834,1.0,1.0
chemical_sub_class,Cinnamyl alcohols,0,165,0.0,0.022770901272272357,0.7360531624516055,0.045836338771904434,11.819754205305165,1.0,1.0
chemical_sub_class,Pleiocarpaman alkaloids,0,64,0.0,0.00883234958439655,1.88889584090995,0.11686089430381194,30.531406755549067,1.0,1.0
chemical_sub_class,Glycerophosphates,0,128,0.0,0.0176646991687931,0.9480390662263745,0.05896636167635099,15.242216842621291,1.0,1.0
chemical_sub_class,Polyprenols,0,75,0.0,0.010350409669214708,1.6136679743918967,0.09998910393021328,26.042080879086964,1.0,1.0
chemical_sub_class,Dibenzylbutane lignans,0,315,0.0,0.04347172061070177,0.38602718093289456,0.024086965401499995,6.186623426200371,0.6440993662600332,1.0
chemical_sub_class,Pyrrolidines,1,157,0.03363605785401951,0.02166685757422279,1.5526056356139253,0.21727500160504704,11.094623136268458,0.47638693102227203,1.0
chemical_sub_class,Endocannabinoids,0,33,0.0,0.004554180254454471,3.6369849089845876,0.22279718329341747,59.370854840481435,1.0,1.0
chemical_sub_class,Organic isocyanides,0,43,0.0,0.005934234877016433,2.800857768526196,0.17238946975498262,45.50628440741406,1.0,1.0
chemical_sub_class,Fatty aldehydes,7,72,0.23545240497813658,0.009936393282446119,23.74952704727654,10.92170988821336,51.64393128387601,4.2347981366597766e-08,5.640390709678766e-07
chemical_sub_class,"1,3-dioxolanes",2,42,0.06727211570803902,0.0057962294147602365,11.613325639916013,2.809981403791407,47.996521342367714,0.014092837615071963,0.061264696854410064
chemical_sub_class,Biphenyls and derivatives,0,110,0.0,0.01518060084818157,1.1024981605996256,0.06851336588301764,17.74109589362392,1.0,1.0
chemical_sub_class,"1,4-dioxepanes",0,203,0.0,0.02801510883800781,0.5985769464834539,0.03730437646378304,9.60462001581251,1.0,1.0
chemical_sub_class,Cytochalasins,0,43,0.0,0.005934234877016433,2.800857768526196,0.17238946975498262,45.50628440741406,1.0,1.0
chemical_sub_class,Pyrazolopyrimidines,0,150,0.0,0.020700819338429415,0.8094307020988835,0.050384792815826994,13.003488252798476,1.0,1.0
chemical_sub_class,Pyridinesulfonamides,0,40,0.0,0.005520218490247844,3.0083411700473524,0.18494277520581456,48.93468579851472,1.0,1.0
chemical_sub_class,Pyranopyrimidines,0,43,0.0,0.005934234877016433,2.800857768526196,0.17238946975498262,45.50628440741406,1.0,1.0
chemical_sub_class,Acutumine and related alkaloids,0,31,0.0,0.004278169329942079,3.867915262063572,0.2366350976839967,63.222947994312236,1.0,1.0
chemical_sub_class,Pyrroloazepines,0,117,0.0,0.016146639083974942,1.0368074015505762,0.06445511695002257,16.67780059639906,1.0,1.0
chemical_sub_class,Emetine alkaloids,0,64,0.0,0.00883234958439655,1.88889584090995,0.11686089430381194,30.531406755549067,1.0,1.0
chemical_sub_class,Pyrazolines,0,51,0.0,0.007038278575066001,2.365746945918722,0.1459677487671136,38.34243289627761,1.0,1.0
chemical_sub_class,Camptothecins,0,54,0.0,0.007452294961834589,2.235513087317173,0.13803396711316637,36.204992641189335,1.0,1.0
chemical_sub_class,Dialkyldisulfides,19,49,0.6390850992263707,0.006762267650553609,95.10894947010625,55.92965512389103,161.73373944949003,1.079075839381176e-29,4.503343169684108e-28
chemical_sub_class,Crinine- and Haemanthamine-type amaryllidaceae alkaloids,0,151,0.0,0.02083882480068561,0.8040868152730861,0.05005366938617552,12.917246915659463,1.0,1.0
chemical_sub_class,Phenalenes,0,132,0.0,0.018216721017817884,0.9194139426569921,0.05719522119496454,14.77959137653439,1.0,1.0
chemical_sub_class,Nitrophenols,0,78,0.0,0.010764426055983297,1.5519927084147764,0.09620109164695093,25.0379837248861,1.0,1.0
chemical_sub_class,"1,2-dithiolanes",1,30,0.03363605785401951,0.004140163867685883,8.126727231942574,1.1079044294128448,59.6113651584534,0.11920677362140339,0.3731172014349926
chemical_sub_class,CDP-glycerols,0,109,0.0,0.015042595385925376,1.1125681725869228,0.06913520397087981,17.90416267774052,1.0,1.0
chemical_sub_class,Kavalactones,0,70,0.0,0.009660382357933726,1.728124437257238,0.10701183196410949,27.90732590810382,1.0,1.0
chemical_sub_class,Indolequinones,0,38,0.0,0.005244207565735451,3.164627368595756,0.1943789821515663,51.52237279571842,1.0,1.0
chemical_sub_class,Benzoyl derivatives,8,169,0.2690884628321561,0.02332292312129714,11.565941906063841,5.685872633421529,23.526909728532846,8.504980227799179e-07,9.179513142417736e-06
chemical_sub_class,Neoflavonoids,0,51,0.0,0.007038278575066001,2.365746945918722,0.1459677487671136,38.34243289627761,1.0,1.0
chemical_sub_class,Benzoxazolones,0,125,0.0,0.01725068278202451,0.9707053742320109,0.06036839965124787,15.608645069381609,1.0,1.0
chemical_sub_class,Cyclopropanecarboxylic acids and derivatives,0,79,0.0,0.010902431518239492,1.532468672434598,0.09500139786223145,24.72027027853985,1.0,1.0
chemical_sub_class,Pavine alkaloids,0,61,0.0,0.008418333197627963,1.9810453039791873,0.12249797770827836,32.03759416962826,1.0,1.0
chemical_sub_class,Benzyl cyanides,0,32,0.0,0.004416174792198275,3.7488973108613264,0.2295077850906168,61.23640225029506,1.0,1.0
chemical_sub_class,Alloxazines and isoalloxazines,0,50,0.0,0.006900273112809805,2.4125967498380914,0.14881894394266065,39.1121111541551,1.0,1.0
chemical_sub_class,Sulfated steroids,0,46,0.0,0.006348251263785021,2.620146418814221,0.1614317970913098,42.52673500340135,1.0,1.0
chemical_sub_class,Auronols,0,35,0.0,0.004830191178966863,3.4320748773792915,0.21048802227061886,55.96108432618532,1.0,1.0
chemical_sub_class,Delta-5-steroids,0,69,0.0,0.009522376895677531,1.7529919565272618,0.10853642524166467,28.312898575819585,1.0,1.0
chemical_sub_class,Glycerophosphoinositol phosphates,0,131,0.0,0.01807871555556169,0.9264069623882956,0.05762795797067804,14.892595368348628,1.0,1.0
chemical_sub_class,Lactams,0,107,0.0,0.014766584461412983,1.1332702437422033,0.07041336375961267,18.2394559324853,1.0,1.0
chemical_sub_class,Daphniphylline-type alkaloids,0,33,0.0,0.004554180254454471,3.6369849089845876,0.22279718329341747,59.370854840481435,1.0,1.0
chemical_sub_class,Thiolactones,9,22,0.30272452068617556,0.0030361201696363143,100.00740706661759,46.01096498094653,217.37169547149992,5.8342423401849606e-15,1.304369894627066e-13
chemical_sub_class,Ureas,0,40,0.0,0.005520218490247844,3.0083411700473524,0.18494277520581456,48.93468579851472,1.0,1.0
chemical_sub_class,"Saxitoxins, gonyautoxins, and derivatives",0,75,0.0,0.010350409669214708,1.6136679743918967,0.09998910393021328,26.042080879086964,1.0,1.0
chemical_sub_class,Hydroxyquinolines,0,32,0.0,0.004416174792198275,3.7488973108613264,0.2295077850906168,61.23640225029506,1.0,1.0
chemical_sub_class,Benzylamines,0,34,0.0,0.004692185716710667,3.5315601825789646,0.21646778956224189,57.615580352157025,1.0,1.0
chemical_sub_class,Allyl sulfur compounds,8,30,0.2690884628321561,0.004140163867685883,65.16730747611017,29.851428513514378,142.26381031525102,3.376882630330439e-12,6.405844019960167e-11
chemical_sub_class,Peptoid-peptide hybrids,0,103,0.0,0.014214562612388197,1.1770746261867104,0.07311688413790303,18.949175583021777,1.0,1.0
chemical_sub_class,Vinca alkaloids,0,69,0.0,0.009522376895677531,1.7529919565272618,0.10853642524166467,28.312898575819585,1.0,1.0
chemical_sub_class,"9,9p-dihydroxyaryltetralin lignans",0,71,0.0,0.009798387820189923,1.7039525129318303,0.10552947147400055,27.513206744734116,1.0,1.0
chemical_sub_class,Substituted pyrroles,2,79,0.06727211570803902,0.010902431518239492,6.173857840986072,1.5166806182789072,25.131540669359183,0.04372791776646669,0.16007997965969675
chemical_sub_class,Indan-1-spirocyclohexanes,0,34,0.0,0.004692185716710667,3.5315601825789646,0.21646778956224189,57.615580352157025,1.0,1.0
chemical_sub_class,Pyrrolopyrimidine nucleosides and nucleotides,0,51,0.0,0.007038278575066001,2.365746945918722,0.1459677487671136,38.34243289627761,1.0,1.0
chemical_sub_class,Homoisoflavones,0,103,0.0,0.014214562612388197,1.1770746261867104,0.07311688413790303,18.949175583021777,1.0,1.0
chemical_sub_class,Triazolopyrimidines,0,38,0.0,0.005244207565735451,3.164627368595756,0.1943789821515663,51.52237279571842,1.0,1.0
chemical_sub_class,Sulfonylureas,0,32,0.0,0.004416174792198275,3.7488973108613264,0.2295077850906168,61.23640225029506,1.0,1.0
chemical_sub_class,Sulfones,1,29,0.03363605785401951,0.004002158405429687,8.406970808001114,1.1448408722274948,61.73535543771048,0.11559281536633942,0.3636236302478818
chemical_sub_class,Rhoeadine alkaloids,0,51,0.0,0.007038278575066001,2.365746945918722,0.1459677487671136,38.34243289627761,1.0,1.0
chemical_sub_class,Aryl chlorides,0,42,0.0,0.0057962294147602365,2.866764260774093,0.1763801992734908,46.594444051559776,1.0,1.0
chemical_sub_class,Imidolactams,0,87,0.0,0.01200647521628906,1.3923418770568594,0.0863832050406304,22.442046479919203,1.0,1.0
chemical_sub_class,Flavaglines,0,99,0.0,0.013662540763363413,1.2244009690287658,0.07603626007927378,19.716352847912173,1.0,1.0
chemical_sub_class,Carboxylic acid orthoesters,0,38,0.0,0.005244207565735451,3.164627368595756,0.1943789821515663,51.52237279571842,1.0,1.0
chemical_sub_class,Glycerol vinyl ethers,0,39,0.0,0.005382213027991648,3.084505963010815,0.1895435270182853,50.195209435621834,1.0,1.0
chemical_sub_class,Fumonisins,0,34,0.0,0.004692185716710667,3.5315601825789646,0.21646778956224189,57.615580352157025,1.0,1.0
chemical_sub_class,Sesquaterpenoids,0,242,0.0,0.03339732186599945,0.5022839203340851,0.031320351026892124,8.055118424744295,1.0,1.0
chemical_sub_class,Betacyanins and derivatives,0,62,0.0,0.008556338659884158,1.9493458886833697,0.120559487313188,31.519289592326263,1.0,1.0
chemical_sub_class,Pyrrolizidinones,0,39,0.0,0.005382213027991648,3.084505963010815,0.1895435270182853,50.195209435621834,1.0,1.0
chemical_sub_class,Quinonimines,0,41,0.0,0.0056582239525040405,2.935846969515864,0.18056004511200668,47.735906485118264,1.0,1.0
chemical_sub_class,Thiazolidines,1,35,0.03363605785401951,0.004830191178966863,6.965718131128629,0.9539996196574965,50.860847407626984,0.13705632505602927,0.40470405417487887
chemical_sub_class,Quebrachamine alkaloids,0,31,0.0,0.004278169329942079,3.867915262063572,0.2366350976839967,63.222947994312236,1.0,1.0
chemical_sub_class,Benzotriazoles,0,42,0.0,0.0057962294147602365,2.866764260774093,0.1763801992734908,46.594444051559776,1.0,1.0
chemical_sub_class,Organic metalloid salts,2,31,0.06727211570803902,0.004278169329942079,15.734421993246544,3.764011229545402,65.77345825067077,0.008102194338314649,0.03951713548027334
chemical_sub_class,Short-chain keto acids and derivatives,4,37,0.13454423141607805,0.005106202103479255,26.383330450693197,9.398104829349485,74.06600993603256,2.4971549242167767e-05,0.0002233169975085289
chemical_sub_class,Hydroxy-7-aporphines,0,68,0.0,0.009384371433421334,1.7785855347540747,0.1101050821593759,28.730431351547423,1.0,1.0
chemical_sub_class,Coumarinolignans,0,76,0.0,0.010488415131470903,1.5925720773147554,0.09869372105014385,25.698553002718498,1.0,1.0
chemical_sub_class,Furopyrroles,0,30,0.0,0.004140163867685883,3.9947376690823586,0.24421917283070577,65.3426545500901,1.0,1.0
chemical_sub_class,Alkylthiols,31,35,1.0427177934746048,0.004830191178966863,218.1392055938623,134.34093730932554,354.2085828056681,4.263631031900167e-56,3.8129043228135774e-54
chemical_sub_class,"Pyrrolo[2,3-d]pyrimidines",0,47,0.0,0.006486256726041217,2.564981901533723,0.15808233649692185,41.61838887878318,1.0,1.0
chemical_sub_class,Caprolactams,0,40,0.0,0.005520218490247844,3.0083411700473524,0.18494277520581456,48.93468579851472,1.0,1.0
chemical_sub_class,Homoerythrinane alkaloids,0,81,0.0,0.011178442442751884,1.49485795281634,0.09268958053727773,24.10843037745274,1.0,1.0
chemical_sub_class,Bromohydrins,0,43,0.0,0.005934234877016433,2.800857768526196,0.17238946975498262,45.50628440741406,1.0,1.0
chemical_sub_class,1-benzothiophenes,1,40,0.03363605785401951,0.005520218490247844,6.0949613055181695,0.8376316081183088,44.34951231032915,0.15454426892485024,0.4542005274504988
chemical_sub_class,5'-deoxy-5'-thionucleosides,0,51,0.0,0.007038278575066001,2.365746945918722,0.1459677487671136,38.34243289627761,1.0,1.0
chemical_sub_class,Hasubanan alkaloids,0,106,0.0,0.014628578999156787,1.1439128577868196,0.07107032881974706,18.411855523122725,1.0,1.0
chemical_sub_class,Bilirubins,0,36,0.0,0.004968196641223059,3.338040821779601,0.20482969417506067,54.398931623380356,1.0,1.0
chemical_sub_class,Vinylogous esters,0,55,0.0,0.007590300424090785,2.195230542464442,0.13557759518745932,35.54449485481419,1.0,1.0
chemical_sub_class,"4,5-dioxoaporphines",0,33,0.0,0.004554180254454471,3.6369849089845876,0.22279718329341747,59.370854840481435,1.0,1.0
chemical_sub_class,Sulfenyl compounds,19,70,0.6390850992263707,0.009660382357933726,66.5743350420737,40.04573708134844,110.67700108230943,3.3632502536188666e-27,1.3158716617283817e-25
chemical_sub_class,Phenanthroindolizidines,0,93,0.0,0.012834507989826237,1.3029829447103605,0.08088020460124351,20.991101130077748,1.0,1.0
chemical_sub_class,Azoxy compounds,0,36,0.0,0.004968196641223059,3.338040821779601,0.20482969417506067,54.398931623380356,1.0,1.0
chemical_sub_class,Phenalanes,0,47,0.0,0.006486256726041217,2.564981901533723,0.15808233649692185,41.61838887878318,1.0,1.0
chemical_sub_class,Imidazopiperidines,0,60,0.0,0.008280327735371766,2.0137926338302385,0.1244998169522443,32.573226783333254,1.0,1.0
chemical_sub_class,Dibenzothiazepines,0,44,0.0,0.006072240339272629,2.7379133658175303,0.16857530670648754,44.46777968361716,1.0,1.0
chemical_sub_class,Benzyl alcohols,3,101,0.10090817356205853,0.013938551687875805,7.245804580458046,2.2969651716128907,22.85697870696097,0.009135423330365931,0.041742883246781555
chemical_sub_class,Tazettine-type amaryllidaceae alkaloids,0,36,0.0,0.004968196641223059,3.338040821779601,0.20482969417506067,54.398931623380356,1.0,1.0
chemical_sub_class,Medium-chain keto acids and derivatives,0,81,0.0,0.011178442442751884,1.49485795281634,0.09268958053727773,24.10843037745274,1.0,1.0
chemical_sub_class,Ciguatera toxins,0,69,0.0,0.009522376895677531,1.7529919565272618,0.10853642524166467,28.312898575819585,1.0,1.0
chemical_sub_class,Acetylenes,0,36,0.0,0.004968196641223059,3.338040821779601,0.20482969417506067,54.398931623380356,1.0,1.0
chemical_sub_class,Organooxygen compounds,4,59,0.13454423141607805,0.00814232227311557,16.544976051972075,6.006151825728498,45.57597618290768,0.00013675065645181624,0.0010568630980103328
chemical_sub_class,Purine 3'-deoxyribonucleosides,0,48,0.0,0.006624262188297413,2.5120922097080918,0.15486902514913442,40.748027334705235,1.0,1.0
chemical_sub_class,Pyrrolopyrazoles,0,30,0.0,0.004140163867685883,3.9947376690823586,0.24421917283070577,65.3426545500901,1.0,1.0
chemical_sub_class,Oxirane carboxylic acids and derivatives,1,44,0.03363605785401951,0.006072240339272629,5.540843325584241,0.7631567548010922,40.228884256777974,0.16827919280821618,0.49225595653244547
chemical_sub_class,"Pyrazolo[3,4-d]pyrimidines",0,44,0.0,0.006072240339272629,2.7379133658175303,0.16857530670648754,44.46777968361716,1.0,1.0
chemical_sub_class,Imidazopyrimidines,0,46,0.0,0.006348251263785021,2.620146418814221,0.1614317970913098,42.52673500340135,1.0,1.0
chemical_sub_class,Vinyl chlorides,0,55,0.0,0.007590300424090785,2.195230542464442,0.13557759518745932,35.54449485481419,1.0,1.0
chemical_sub_class,Clavines and derivatives,0,64,0.0,0.00883234958439655,1.88889584090995,0.11686089430381194,30.531406755549067,1.0,1.0
chemical_sub_class,Protopine alkaloids,0,36,0.0,0.004968196641223059,3.338040821779601,0.20482969417506067,54.398931623380356,1.0,1.0
chemical_sub_class,Triazolopyridines,0,61,0.0,0.008418333197627963,1.9810453039791873,0.12249797770827836,32.03759416962826,1.0,1.0
chemical_sub_class,Proaporphines,0,66,0.0,0.009108360508908942,1.8320818862356834,0.11338245518825726,29.60355755482463,1.0,1.0
chemical_sub_class,Yuzurimine-type alkaloids,0,34,0.0,0.004692185716710667,3.5315601825789646,0.21646778956224189,57.615580352157025,1.0,1.0
chemical_sub_class,Short-chain hydroxy acids and derivatives,0,31,0.0,0.004278169329942079,3.867915262063572,0.2366350976839967,63.222947994312236,1.0,1.0
chemical_sub_class,3-pyridinecarbonitriles,0,38,0.0,0.005244207565735451,3.164627368595756,0.1943789821515663,51.52237279571842,1.0,1.0
chemical_sub_class,Macrolactams,0,52,0.0,0.007176284037322197,2.3206818964343765,0.14322373735831748,37.60245727260023,1.0,1.0
chemical_sub_class,Alpha hydroxy acids and derivatives,2,68,0.06727211570803902,0.009384371433421334,7.172679034589265,1.7571278771698324,29.27921479232431,0.03356011832760659,0.13212977404453913
chemical_sub_class,Anagyrine-type alkaloids,0,30,0.0,0.004140163867685883,3.9947376690823586,0.24421917283070577,65.3426545500901,1.0,1.0
chemical_sub_class,Corrinoids,0,30,0.0,0.004140163867685883,3.9947376690823586,0.24421917283070577,65.3426545500901,1.0,1.0
chemical_sub_class,Polyterpenoids,0,72,0.0,0.009936393282446119,1.680447400311951,0.10408761295968512,27.130062693520873,1.0,1.0
chemical_sub_class,Melodinus alkaloids,0,34,0.0,0.004692185716710667,3.5315601825789646,0.21646778956224189,57.615580352157025,1.0,1.0
chemical_sub_class,Triazolodiazepines,0,48,0.0,0.006624262188297413,2.5120922097080918,0.15486902514913442,40.748027334705235,1.0,1.0
chemical_sub_class,Organobromides,0,40,0.0,0.005520218490247844,3.0083411700473524,0.18494277520581456,48.93468579851472,1.0,1.0
chemical_sub_class,Organic pyrophosphates,0,34,0.0,0.004692185716710667,3.5315601825789646,0.21646778956224189,57.615580352157025,1.0,1.0
chemical_sub_class,Organic sulfonium compounds,0,34,0.0,0.004692185716710667,3.5315601825789646,0.21646778956224189,57.615580352157025,1.0,1.0
chemical_sub_class,Alpha-halocarboxylic acids and derivatives,0,38,0.0,0.005244207565735451,3.164627368595756,0.1943789821515663,51.52237279571842,1.0,1.0
chemical_sub_class,Beta-keto acids and derivatives,8,34,0.2690884628321561,0.004692185716710667,57.500247991270705,26.59630190277626,124.31346775742931,8.032928486233483e-12,1.3968370089950444e-10
chemical_sub_class,Sterigmatocystins,0,40,0.0,0.005520218490247844,3.0083411700473524,0.18494277520581456,48.93468579851472,1.0,1.0
chemical_sub_class,Acyl chlorides,0,32,0.0,0.004416174792198275,3.7488973108613264,0.2295077850906168,61.23640225029506,1.0,1.0
direct_parent_classification,Flavonoid O-glycosides,1,2016,0.03363605785401951,0.27821901190849135,0.1206019742464056,0.01697454117309073,0.8568618169890925,0.004481600773552051,0.03183986954804627
direct_parent_classification,Kaurane diterpenoids,0,3282,0.0,0.4529339271248356,0.03695130801900669,0.0023102328617488847,0.591022310747445,2.950314090258986e-06,4.3931389261801615e-05
direct_parent_classification,Benzofuranones,3,2005,0.10090817356205853,0.27670095182367316,0.364041411622459,0.1172446005919465,1.130339040834055,0.07652547319866547,0.31389882779980893
direct_parent_classification,Sulfanilides,0,92,0.0,0.012696502527570042,1.3170710646748987,0.08174816606014731,21.219756638057902,1.0,1.0
direct_parent_classification,Delta amino acids and derivatives,0,1059,0.0,0.14614778452931168,0.1148338560541032,0.007176349376184143,1.837537974393643,0.02622161077268772,0.13074720600876857
direct_parent_classification,Dipeptides,3,4743,0.10090817356205853,0.6545599074811381,0.1533074791771819,0.049398916246771826,0.4757833765876995,1.00665280681296e-05,0.00012723623267507994
direct_parent_classification,Triacylglycerols,6,39443,0.20181634712411706,5.443349447771142,0.03512849697969401,0.015768082423766403,0.07826007417315446,4.177528173923245e-62,1.5136577083515227e-59
direct_parent_classification,Alkyldiacylglycerols,0,1261,0.0,0.1740248879050633,0.09641894869870805,0.0060261714928745045,1.5427064561897463,0.012362535113911076,0.07110092946466318
direct_parent_classification,Triterpenoids,0,5761,0.0,0.7950494680579457,0.020979921850394153,0.0013118048966267103,0.3355355068276573,1.150825974364397e-10,2.9091810096141846e-09
direct_parent_classification,"Bile acids, alcohols and derivatives",0,4725,0.0,0.6520758091605265,0.02561634223316081,0.0016016626527430014,0.40969737808559004,6.952797503635837e-09,1.4924557871712664e-07
direct_parent_classification,Furans,45,467,1.513622603430878,0.06444855087364358,23.831330957980832,17.512735143739263,32.42967649355727,3.4554789093291115e-44,3.756105574440744e-42
direct_parent_classification,Benzoic acid esters,37,1888,1.2445341405987218,0.26055431273969826,4.824078397046598,3.4772751297739055,6.69251972085534,3.408529420866146e-14,1.2350238268271668e-12
direct_parent_classification,Sesterterpenoids,0,1484,0.0,0.204800105988195,0.08190973788165734,0.005119770076318067,1.3104504811409037,0.003773133137805866,0.02800317136180927
direct_parent_classification,Polypeptides,0,4459,0.0,0.6153663562003784,0.02715433426556928,0.0016978108080146319,0.43429919630946046,2.170124111992074e-08,4.450801716481857e-07
direct_parent_classification,Phenylbenzofurans,0,800,0.0,0.11040436980495688,0.15204250076172546,0.009499631540469547,2.433454596570245,0.08620386711228993,0.34198395456590935
direct_parent_classification,3-oxosteroids,0,642,0.0,0.0885995067684779,0.18947329163774168,0.011835792595896127,3.033183283094073,0.12241539363153325,0.454529289261141
direct_parent_classification,Aspochalasins,0,249,0.0,0.03436336010179283,0.48818706860500893,0.030443767503340234,7.828420510930617,0.6313738162894311,1.0
direct_parent_classification,Isoquinolones and derivatives,0,1455,0.0,0.2007979475827653,0.08354509260982028,0.005221939407152574,1.3366264820352245,0.005820480200851749,0.03935786455915839
direct_parent_classification,Diarylethers,0,1287,0.0,0.17761302992372438,0.09446845190770904,0.005904331179133916,1.5114816793099017,0.01287862689194533,0.0721601413997143
direct_parent_classification,Agarofurans,0,650,0.0,0.08970355046652746,0.18714103714246533,0.011690259076251298,2.995807668104135,0.1225744044429056,0.454529289261141
direct_parent_classification,Stilbenes,0,2510,0.0,0.3463937102630522,0.04836585617353475,0.0030236856113368786,0.7736439379240821,5.8314862954815866e-05,0.0006338825603188485
direct_parent_classification,Quinolidines,0,300,0.0,0.04140163867685883,0.40530481818459063,0.025287063476700348,6.496285968317566,0.6395748506817404,1.0
direct_parent_classification,Dimethoxybenzenes,10,2000,0.3363605785401951,0.2760109245123922,1.2193874451569355,0.6543972920748843,2.272175877580203,0.4813565935806583,1.0
direct_parent_classification,Psoralens,0,2245,0.0,0.30982226276516023,0.05409353916996409,0.003381652724250348,0.8652902052741404,0.00018231417683511192,0.0017537655771660764
direct_parent_classification,"Eudesmanolides, secoeudesmanolides, and derivatives",0,3668,0.0,0.5062040355557273,0.03304559408389115,0.0020660895909713132,0.5285401432393472,6.761834113486018e-07,1.0652338668636669e-05
direct_parent_classification,Quinazolines,0,2620,0.0,0.3615743111112338,0.0463285576045118,0.0028963534788305125,0.7410474119965547,4.042024469815052e-05,0.00045295676275143934
direct_parent_classification,Isoindolones,0,1766,0.0,0.24371764634444232,0.06880701218152555,0.004301104318256968,1.100741710739821,0.001204684074673579,0.010151097590466514
direct_parent_classification,Angular furanocoumarins,0,868,0.0,0.11978874123837821,0.1401250288118836,0.008755619810327431,2.242562391342222,0.0567649176096951,0.2440907147934013
direct_parent_classification,P-methoxybenzoic acids and derivatives,4,274,0.13454423141607805,0.037813496658197734,3.561547179738072,1.3263462482798551,9.56357989473032,0.02815183636687584,0.13661181308390197
direct_parent_classification,Benzylethers,11,589,0.3699966363942146,0.0812852172688995,4.565022257021308,2.5115212932701567,8.297531963173476,4.856377023569778e-05,0.0005332203863252878
direct_parent_classification,Cinnamic acids and derivatives,0,1258,0.0,0.17361087151829468,0.0966491920853782,0.006040553766517482,1.5463923825218548,0.012315269384062317,0.07110092946466318
direct_parent_classification,Hippuric acids and derivatives,0,273,0.0,0.03767549119594153,0.44533322840483996,0.027778127134126796,7.139490843420809,0.6336710722598005,1.0
direct_parent_classification,Anthraquinones,0,2606,0.0,0.35964223463964706,0.046578300146079034,0.0029119626654931095,0.7450432212635661,4.004091861318021e-05,0.00045295676275143934
direct_parent_classification,Phosphatidylcholines,0,1360,0.0,0.1876874286684267,0.08939055989304519,0.005587121385629823,1.4301948439037413,0.008500483503256773,0.05272500124869844
direct_parent_classification,Alpha amino acid amides,1,7094,0.03363605785401951,0.9790107492454552,0.034032276057601424,0.004791656591439971,0.24171093891199208,1.488151547916149e-11,4.0440518314621345e-10
direct_parent_classification,Benzodioxoles,11,1924,0.3699966363942146,0.2655225093809213,1.3949273963622377,0.7703629086550803,2.5258516723228523,0.2785847872337889,0.8174817804870869
direct_parent_classification,Depsides and depsidones,5,923,0.16818028927009754,0.127379041662469,1.3208532764073555,0.5480687596906358,3.1832746292287064,0.4379070414051105,1.0
direct_parent_classification,Hexacarboxylic acids and derivatives,1,766,0.03363605785401951,0.10571218408824622,0.31795583847854125,0.04471632891517822,2.2608277037759446,0.3866033018456875,1.0
direct_parent_classification,Benzamides,0,1660,0.0,0.22908906734528553,0.07321012413830956,0.004576226869054902,1.1712099136932883,0.002814108670704399,0.02184954375039773
direct_parent_classification,"Spatane and 4,10-secospatane diterpenoids",0,84,0.0,0.011592458829520473,1.4417801029408692,0.0894253629735279,23.24541714023054,1.0,1.0
direct_parent_classification,Cyclohexenones,9,2240,0.30272452068617556,0.30913223545387924,0.9792089900231348,0.5083241822582605,1.8862967366265724,1.0,1.0
direct_parent_classification,Cyclohexanols,3,906,0.10090817356205853,0.12503294880411367,0.8068577608312708,0.2595935044302182,2.507841818471439,1.0,1.0
direct_parent_classification,Androstane steroids,0,1816,0.0,0.2506179194572521,0.06690843898606884,0.004182470264890697,1.0703576891226245,0.0012532538841791962,0.010479130554636817
direct_parent_classification,Pyridine-3-carboxylic acids,2,230,0.06727211570803902,0.031741256318925104,2.1201440007024424,0.5268187442876364,8.532366458966269,0.24507131078272554,0.7589530336775575
direct_parent_classification,Hybrid peptides,1,1737,0.03363605785401951,0.23971548793901262,0.14002732081658714,0.019707090551003427,0.9949541016379538,0.012860888020991477,0.0721601413997143
direct_parent_classification,Benzazepines,0,869,0.0,0.11992674670063441,0.13996367955274466,0.008745546030616445,2.239978101465962,0.05681228228402073,0.2440907147934013
direct_parent_classification,Acryloyl compounds,10,85,0.3363605785401951,0.011730464291776668,28.767505112068452,14.924643956736372,55.449855472053216,9.426744187860475e-12,2.627402803129317e-10
direct_parent_classification,Carbazoles,0,1486,0.0,0.2050761169127074,0.08179930681554086,0.005112870790221959,1.3086829043869728,0.0037738033681557334,0.02800317136180927
direct_parent_classification,Dibenzazepines,0,113,0.0,0.01559461723495016,1.0733527955086377,0.06671319530182218,17.269240641434838,1.0,1.0
direct_parent_classification,Benzofurans,5,1079,0.16818028927009754,0.14890789377443558,1.1296429758011937,0.468889218877632,2.7215239792280306,0.6355556659227466,1.0
direct_parent_classification,Phenylpropanes,28,739,0.9418096199125463,0.10198603660732891,9.312984324708056,6.374642446628006,13.605732048255721,7.585917164057318e-18,3.585170416230567e-16
direct_parent_classification,Phenanthrenes and derivatives,0,1542,0.0,0.2128044227990544,0.07882350279985359,0.0049269513355156315,1.2610525597952331,0.003941711729633422,0.02856427100074353
direct_parent_classification,Dialkyl alkylphosphonates,0,30,0.0,0.004140163867685883,3.9947376690823586,0.24421917283070577,65.3426545500901,1.0,1.0
direct_parent_classification,"Lignans, neolignans and related compounds",0,1006,0.0,0.13883349502973327,0.1208896001448797,0.007554532856124,1.9345068320593757,0.0407044045788517,0.18590625116475545
direct_parent_classification,Chromones,1,3234,0.03363605785401951,0.4463096649365382,0.07505372759650783,0.010565629381216673,0.533149689704726,4.377780474759198e-05,0.00048557626286359676
direct_parent_classification,Monosaccharides,12,10506,0.4036326942482341,1.4498853864635963,0.2754649198383478,0.1562090176526372,0.4857653111312958,4.816784751746411e-08,9.03518541291298e-07
direct_parent_classification,Zearalenones,0,864,0.0,0.11923671938935343,0.14077415862482193,0.008796147796861447,2.252959385652611,0.05658683121054486,0.2440907147934013
direct_parent_classification,Chlorohydrins,0,79,0.0,0.010902431518239492,1.532468672434598,0.09500139786223145,24.72027027853985,1.0,1.0
direct_parent_classification,Phenylpiperazines,0,886,0.0,0.12227283955898975,0.1372764363078978,0.008577766301514604,2.196937909356289,0.057790519652023545,0.24731612150295115
direct_parent_classification,Tetrahydroisoquinolines,0,2584,0.0,0.3566061144700107,0.046976219259029665,0.0029368329611016005,0.7514098367530835,6.43501461860365e-05,0.0006925604842002145
direct_parent_classification,Other glycerolipids,0,1410,0.0,0.1945877017812365,0.08621584483092319,0.005388791455146685,1.3793764263804666,0.0055576306759506835,0.03872528554332303
direct_parent_classification,Androgens and derivatives,6,1794,0.20181634712411706,0.2475817992876158,0.8147763638597595,0.36526173983394716,1.8174926380363048,0.8518352987399108,1.0
direct_parent_classification,Aporphines,0,1085,0.0,0.14973592654797277,0.11207931693880932,0.007004318761275018,1.7934325540580351,0.027054163104233375,0.1330673090239895
direct_parent_classification,Anthracyclines,0,761,0.0,0.10502215677696523,0.15983792486950554,0.009986247903760953,2.5583344688416876,0.08318668329573799,0.33610446067850624
direct_parent_classification,N-acyl-alpha amino acids,2,4023,0.06727211570803902,0.5551959746566769,0.12057662717395842,0.030131435009162235,0.48251014318524477,1.828684114195735e-05,0.00022588404910576864
direct_parent_classification,Linear diarylheptanoids,0,2373,0.0,0.3274869619339533,0.05116727143414748,0.003198770583911295,0.8184674697159613,0.00013000463170185936,0.0012846821332720103
direct_parent_classification,Quinuclidines,0,602,0.0,0.08307928827823005,0.2020635949504161,0.012621365389636905,3.2349666730835693,0.18795996105497265,0.6153990291167327
direct_parent_classification,Gamma butyrolactones,27,3583,0.9081735620585267,0.49447357126395064,1.8443151724055609,1.2608286158910753,2.6978277715892305,0.0035348947133161043,0.026870143729892347
direct_parent_classification,Terpene glycosides,0,1731,0.0,0.23888745516547544,0.07020125459947701,0.0043882231781717735,1.1230550378237127,0.0018523538665755795,0.014697143452318649
direct_parent_classification,Secondary alcohols,22,712,0.7399932727884292,0.09825988912641162,7.579669241811003,4.951346687060455,11.603183829844859,1.1818263309569876e-12,3.778368299265428e-11
direct_parent_classification,"Eudesmane, isoeudesmane or cycloeudesmane sesquiterpenoids",5,2254,0.16818028927009754,0.311064311925466,0.539887011291098,0.2243316372615125,1.299317334456247,0.18686703522120252,0.6153990291167327
direct_parent_classification,Purine ribonucleoside triphosphates,0,35,0.0,0.004830191178966863,3.4320748773792915,0.21048802227061886,55.96108432618532,1.0,1.0
direct_parent_classification,Phosphatidylethanolamines,0,958,0.0,0.13220923284143588,0.12695196019016527,0.007933103416689897,2.03158831412916,0.03836515191159086,0.17849897612236418
direct_parent_classification,Alkyl-phenylketones,25,4305,0.8409014463504877,0.5941135150129242,1.4189111458860275,0.95609294797004,2.105766854775178,0.09238259065774815,0.361222575701339
direct_parent_classification,Benzimidazoles,0,1148,0.0,0.15843027067011312,0.10592207658727408,0.006619758048907963,1.694848395616391,0.01776469583123491,0.09512425797316428
direct_parent_classification,Tetrahydropyridines,2,325,0.06727211570803902,0.04485177523326373,1.5002128265541257,0.3734311985528778,6.026916159333241,0.38620338423712613,1.0
direct_parent_classification,Dibenzocycloheptenes,0,103,0.0,0.014214562612388197,1.1770746261867104,0.07311688413790303,18.949175583021777,1.0,1.0
direct_parent_classification,Flavonoid-3-O-glycosides,0,5918,0.0,0.8167163256321686,0.020418927071989106,0.0012767318272445798,0.326562378938282,5.21605930737082e-11,1.382891821246849e-09
direct_parent_classification,Primary carboxylic acid amides,0,56,0.0,0.0077283058863469815,2.1563739284029575,0.13320710839678127,34.90766052247975,1.0,1.0
direct_parent_classification,m-Xylenes,1,107,0.03363605785401951,0.014766584461412983,2.2782795184966225,0.317902559054101,16.32751110857798,0.3574042830741059,1.0
direct_parent_classification,7-O-methylisoflavones,0,265,0.0,0.036571447497891964,0.45875699881280246,0.028613266582837773,7.355258909374655,0.6325648610390264,1.0
direct_parent_classification,N-acyl amines,1,908,0.03363605785401951,0.12530895972862605,0.2681788469177818,0.03772338719263003,1.9065067929054365,0.28570913247483937,0.8234156645356466
direct_parent_classification,Diterpenoids,5,9706,0.16818028927009754,1.3394810166586393,0.12408318721351119,0.05159697535085197,0.29840193624468025,7.117134411106372e-12,2.0908986769926019e-10
direct_parent_classification,Isoflavones,0,2995,0.0,0.41332635945730734,0.0405077376728733,0.0025325331986815304,0.6479191712979646,9.004084076359531e-06,0.00011832039604424616
direct_parent_classification,Prostaglandins and related compounds,0,422,0.0,0.058238305072114756,0.28822149898064064,0.01799417582792073,4.616584458719637,0.4266175032180817,1.0
direct_parent_classification,Pyrazoles,0,170,0.0,0.023460928583553337,0.7144630945788483,0.04449731229912031,11.471648221892176,1.0,1.0
direct_parent_classification,Azaspirodecane derivatives,0,2269,0.0,0.31313439385930897,0.05351972088915108,0.003345791442580296,0.8561085092152727,0.00018654134291760932,0.0017632212152299245
direct_parent_classification,Sesquiterpenoids,51,11723,1.715438950554995,1.617838034029387,1.061380942463621,0.8042342658517894,1.4007479572283854,0.6617066874155308,1.0
direct_parent_classification,Nitroaromatic compounds,0,34,0.0,0.004692185716710667,3.5315601825789646,0.21646778956224189,57.615580352157025,1.0,1.0
direct_parent_classification,Annonaceous acetogenins,0,1201,0.0,0.16574456016969152,0.10124227457676671,0.006327455198814628,1.619924256974215,0.019140976204916917,0.09860777788978525
direct_parent_classification,"1,4-benzodiazepines",0,1701,0.0,0.23474729129778957,0.07144197290583423,0.004465747963910969,1.142911676593602,0.001786799507238965,0.014298830235085777
direct_parent_classification,Benzene and substituted derivatives,79,1797,2.6572485704675413,0.2479958156743844,10.980088521951082,8.739360237965577,13.795328338352991,4.765565724071741e-52,6.475212427582478e-50
direct_parent_classification,Indoles,6,4472,0.20181634712411706,0.617160427209709,0.3256469645528361,0.1461032982515158,0.7258285527539479,0.0019843814321085645,0.015630598671753693
direct_parent_classification,Phenazines and derivatives,0,370,0.0,0.05106202103479256,0.3286972394704732,0.020516427709610156,5.266115366901882,0.41358527039248943,1.0
direct_parent_classification,Cytisine and derivatives,0,4732,0.0,0.65304184739632,0.025578203520070893,0.0015992783752580807,0.40908731427609657,7.0023224605091616e-09,1.4924557871712664e-07
direct_parent_classification,Aryltetralin lignans,0,2090,0.0,0.28843141611544987,0.05811676908280982,0.003633081468054452,0.9296677980726238,0.00040034208530204845,0.003596461543167989
direct_parent_classification,Imidazopyrazines,0,223,0.0,0.03077521808313173,0.5449979667525483,0.03397557769329458,8.742243809530049,1.0,1.0
direct_parent_classification,Oxepanes,7,2030,0.23545240497813658,0.2801510883800781,0.8400713837282303,0.39962965092334213,1.7659348552553633,0.8608450787813191,1.0
direct_parent_classification,Neoflavones,0,1571,0.0,0.21680658120448407,0.07736581397422913,0.004835876942557071,1.2377215638432038,0.004145579483571651,0.02964634801738411
direct_parent_classification,Coumarins and derivatives,6,7551,0.20181634712411706,1.0420792454965369,0.1920363838001355,0.0861770073455384,0.4279328540055436,9.441660898319663e-08,1.710514232745579e-06
direct_parent_classification,Naphthopyranones,0,934,0.0,0.12889710174728716,0.13021668217281906,0.00813696166189251,2.0838717227227574,0.037890582126326844,0.17849897612236418
direct_parent_classification,"Pyrido[2,3-d]pyrimidines",0,267,0.0,0.03684745842240436,0.4553257827318887,0.028399810824534282,7.300103852850467,0.6328111139253694,1.0
direct_parent_classification,Piperidinecarboxamides,0,657,0.0,0.09066958870232084,0.1851468708701259,0.011565819321937095,2.963850881535111,0.12283519637400894,0.454529289261141
direct_parent_classification,Proline and derivatives,2,1001,0.06727211570803902,0.1381434677184523,0.48662747552010427,0.12147924120263436,1.9493561005708233,0.4532726248598118,1.0
direct_parent_classification,N-carbamoyl-alpha amino acids,0,197,0.0,0.02718707606447063,0.6167666709946298,0.038434021491645626,9.897510374564506,1.0,1.0
direct_parent_classification,Naphthalenes,11,1503,0.3699966363942146,0.20742220977106274,1.7866957958941447,0.9862565931437872,3.236766059925752,0.06483947921560732,0.2700402831699814
direct_parent_classification,Phenylmethylamines,0,482,0.0,0.06651863280748652,0.2523595734689237,0.0157584642606043,4.041342688489551,0.275853596324338,0.8163610229251954
direct_parent_classification,Peptides,0,698,0.0,0.09632781265482487,0.17426939637039615,0.010886994615980666,2.789550613603073,0.1265631022169321,0.454529289261141
direct_parent_classification,Cardenolide glycosides and derivatives,0,1924,0.0,0.2655225093809213,0.06314420317026607,0.003947251030577364,1.0101182729755696,0.0008792159126588383,0.007584981722699661
direct_parent_classification,1-benzopyrans,1,1954,0.03363605785401951,0.26966267324860715,0.12443932520653359,0.017514372353527242,0.8841393425519392,0.006532906116699114,0.04303799362940568
direct_parent_classification,2-benzopyrans,0,1184,0.0,0.16339846731133617,0.10269772181354604,0.006418364851622708,1.643225698368646,0.01857652739128285,0.0967886439272298
direct_parent_classification,Hydroxysteroids,0,7591,0.0,1.0475994639867845,0.01588198663818925,0.000993076709786633,0.25399598751018576,6.122730143117265e-14,2.1469056985704733e-12
direct_parent_classification,Dialkyl ethers,13,263,0.43726875210225363,0.03629543657337957,12.096005035453704,6.922918253609571,21.134633178924847,2.076715107465287e-10,5.130430276851743e-09
direct_parent_classification,Carboxylic acids,13,247,0.43726875210225363,0.034087349177280436,12.879836415362732,7.365287366511744,22.52324693273586,9.967505662041048e-11,2.5796853939615757e-09
direct_parent_classification,Terpene lactones,1,4996,0.03363605785401951,0.6894752894319557,0.048464949617836935,0.006823344048573441,0.34423756514967874,4.47393361968129e-08,8.684224722488503e-07
direct_parent_classification,Quinoline carboxylic acids,0,200,0.0,0.02760109245123922,0.6075357260120255,0.037860776969929996,9.74886645020802,1.0,1.0
direct_parent_classification,Flavonoids,0,793,0.0,0.10943833156916351,0.1533852538422522,0.00958345374019676,2.4549642262653744,0.08548683364382925,0.34038164165143736
direct_parent_classification,Piperidinecarboxylic acids,0,75,0.0,0.010350409669214708,1.6136679743918967,0.09998910393021328,26.042080879086964,1.0,1.0
direct_parent_classification,Phenyltetrazoles and derivatives,0,304,0.0,0.04195366052588361,0.39997840806709956,0.024955502748294164,6.410719452679704,0.6407026865318333,1.0
direct_parent_classification,Anisoles,22,3748,0.7399932727884292,0.517244472536223,1.4338556074365834,0.9415010544168406,2.183685183709932,0.09502203877971584,0.3688891291198254
direct_parent_classification,Withanolides and derivatives,0,1095,0.0,0.15111598117053474,0.11105469376265026,0.0069403260801997714,1.7770267368130677,0.02747660556246042,0.13400054290025978
direct_parent_classification,Delta valerolactones,9,1393,0.30272452068617556,0.19224160892288117,1.5764536970567122,0.8177140198426815,3.0392119966854674,0.2000429908634751,0.6321125903156902
direct_parent_classification,Colensane and clerodane diterpenoids,0,2372,0.0,0.32734895647169715,0.05118890912579914,0.003200122891041474,0.8188136851946177,0.00012980241395421164,0.0012846821332720103
direct_parent_classification,Steroids and steroid derivatives,0,530,0.0,0.07314289499578393,0.2295106935010437,0.01433353903943249,3.674958311859848,0.2876219594779296,0.8246389575004548
direct_parent_classification,Phenylpropanoic acids,1,456,0.03363605785401951,0.06293049078882543,0.5343387700408491,0.07508249531098424,3.802722858186592,1.0,1.0
direct_parent_classification,Isoleucine and derivatives,2,1279,0.06727211570803902,0.17650898622567482,0.38070911698148563,0.09506688319900868,1.5246048558193812,0.18942867275380212,0.6174838376127417
direct_parent_classification,Germacrane sesquiterpenoids,0,753,0.0,0.10391811307891566,0.16153672860544632,0.01009228717176754,2.585550157703207,0.08286744104851765,0.33610446067850624
direct_parent_classification,Piperidinones,0,355,0.0,0.048991939100949615,0.3425734163261648,0.021380856557694523,5.488860806708216,0.412198087079982,1.0
direct_parent_classification,Alpha amino acids,8,6537,0.2690884628321561,0.9021417067687539,0.2963840285457717,0.14801930605051006,0.5934596960415769,3.698390922103266e-05,0.0004231737823501316
direct_parent_classification,"1,2-diacylglycerols",1,2090,0.03363605785401951,0.28843141611544987,0.11631994307314843,0.016372133578792344,0.8264243075848714,0.0031312929640030605,0.024139825899796644
direct_parent_classification,8-O-methylated flavonoids,0,203,0.0,0.02801510883800781,0.5985769464834539,0.03730437646378304,9.60462001581251,1.0,1.0
direct_parent_classification,1-naphthalene sulfonic acids and derivatives,0,52,0.0,0.007176284037322197,2.3206818964343765,0.14322373735831748,37.60245727260023,1.0,1.0
direct_parent_classification,Oligopeptides,0,2834,0.0,0.39110748003405976,0.04281813394694233,0.0026769434036803385,0.6848828377087444,1.9744227555482916e-05,0.0002384663928089992
direct_parent_classification,Alpha amino acid esters,0,2416,0.0,0.33342119681096977,0.050253791935669,0.003141679863333962,0.8038513514338473,8.503390045969986e-05,0.0008803033314256546
direct_parent_classification,Fatty acid esters,212,2185,7.1308442650521355,0.3015419350297885,25.38692958558941,21.941404892385336,29.373515367165204,2.0161811897376026e-204,2.191588953244774e-201
direct_parent_classification,Cycloalkanes,3,115,0.10090817356205853,0.015870628159462552,6.363583662714097,2.0213685755444555,20.033554257394346,0.012839987155747272,0.0721601413997143
direct_parent_classification,Branched unsaturated hydrocarbons,4,189,0.13454423141607805,0.026083032366421063,5.163907110690539,1.9169586278039816,13.910543639842722,0.008472098685173866,0.05272500124869844
direct_parent_classification,Phenylpyrrolidines,0,1946,0.0,0.2685586295505576,0.06242862556227583,0.003902534941255423,0.9986671095226867,0.0005634903606101201,0.004979788796611387
direct_parent_classification,Indenes and isoindenes,0,186,0.0,0.025669015979652474,0.6531542476865574,0.04069311516385814,10.483603173489398,1.0,1.0
direct_parent_classification,Rotenones,0,406,0.0,0.05603021767601562,0.299572629154911,0.018701640367626216,4.798710614398204,0.42137956587056147,1.0
direct_parent_classification,Fatty alcohols,33,2865,1.1099899091826437,0.39538564936400183,2.8276468283648537,2.002493702529744,3.9928148467388525,2.874772398138008e-07,4.960123169485737e-06
direct_parent_classification,Naphthofurans,2,2449,0.06727211570803902,0.33797537706542424,0.19850524582327683,0.049594393152943714,0.7945320048143528,0.00605472431856764,0.04037721063977316
direct_parent_classification,Aminosaccharides,0,506,0.0,0.06983076390163523,0.24039379773056205,0.015012288496424563,3.849458262215377,0.28072186665182675,0.8180822226555917
direct_parent_classification,Furofurans,0,1849,0.0,0.25517209971170657,0.06571161416700909,0.004107684273461072,1.0512045106123933,0.0013287134599679535,0.01094175402261489
direct_parent_classification,5-hydroxyflavonoids,0,993,0.0,0.13703942402040273,0.12247364722893189,0.007653452890484312,1.9598728156027971,0.03988891831770935,0.183725653437924
direct_parent_classification,Indolecarboxylic acids and derivatives,0,982,0.0,0.13552136393558456,0.12384673607536632,0.007739197634580391,1.981861009465364,0.039304242663188854,0.18180302882930333
direct_parent_classification,Monoalkyl phosphates,0,124,0.0,0.017112677319768316,0.978503555165677,0.060850677233865835,15.73473379420335,1.0,1.0
direct_parent_classification,"Meta,meta-bridged biphenyls",0,93,0.0,0.012834507989826237,1.3029829447103605,0.08088020460124351,20.991101130077748,1.0,1.0
direct_parent_classification,Valine and derivatives,1,358,0.03363605785401951,0.0494059554877182,0.6807023842643067,0.09559257269808698,4.847193907067894,1.0,1.0
direct_parent_classification,Isoquinolines and derivatives,1,258,0.03363605785401951,0.03560540926209859,0.9446709338842113,0.13252184958071234,6.734007834550712,1.0,1.0
direct_parent_classification,Nitrobenzoic acids and derivatives,0,233,0.0,0.03215527270569369,0.5216503813665969,0.03252438517238116,8.366618429146891,1.0,1.0
direct_parent_classification,Flavonoid-7-O-glycosides,0,3145,0.0,0.4340271787957367,0.03856801951921141,0.0024112891205552165,0.6168866756599338,4.145310193344265e-06,6.007936240220288e-05
direct_parent_classification,Xanthones,0,2235,0.0,0.30844220814259826,0.054336266484566555,0.00339682211231394,0.8691741156473497,0.00018136853278868869,0.0017537655771660764
direct_parent_classification,Phosphatidylserines,0,321,0.0,0.04429975338423895,0.37881980302417334,0.02363821419104783,6.07086652161824,0.6461225935647898,1.0
direct_parent_classification,Indanediones,0,247,0.0,0.034087349177280436,0.49213337341805474,0.030689174456874718,7.891879189261804,0.6313279237348861,1.0
direct_parent_classification,Coumarans,1,500,0.03363605785401951,0.06900273112809804,0.4872873485868102,0.06848400981168742,3.467217540936697,0.7288456079744297,1.0
direct_parent_classification,Amphetamines and derivatives,0,217,0.0,0.029947185309594553,0.560037032097706,0.03491014183360897,8.984251018391895,1.0,1.0
direct_parent_classification,Polyhalopyridines,10,1842,0.3363605785401951,0.25420606147591324,1.3242715166386152,0.71059040288798,2.467940803384023,0.35719759778847976,1.0
direct_parent_classification,Alkaloids and derivatives,0,1524,0.0,0.21032032447844284,0.07975616910786729,0.004985222251595257,1.275980525989029,0.003855919394495761,0.02813009652226102
direct_parent_classification,2-arylbenzofuran flavonoids,0,2924,0.0,0.4035279716371174,0.041495252860920005,0.002594257823649564,0.6637181525656568,1.3502648300808054e-05,0.00016870550233308453
direct_parent_classification,N-arylpiperazines,0,187,0.0,0.025807021441908672,0.6496698615548456,0.04047683029899112,10.427469885733917,1.0,1.0
direct_parent_classification,Catechins,0,316,0.0,0.04360972607295797,0.3848069745096961,0.02401099457341926,6.167025159183952,0.6444285395186266,1.0
direct_parent_classification,Chlorins,0,180,0.0,0.0248409832061153,0.674871335765094,0.04204095788004389,10.83351433468544,1.0,1.0
direct_parent_classification,Alkyl aryl ethers,5,686,0.16818028927009754,0.09467174710775053,1.777765062513261,0.737055257287259,4.287939861015102,0.21451220598495888,0.6703743422296733
direct_parent_classification,Dicarboxylic acids and derivatives,16,1093,0.5381769256643122,0.15083997024602233,3.5817612680194095,2.1835907035618525,5.875191609928291,2.0393704948363592e-05,0.00024360392614144203
direct_parent_classification,Tetrahydrofurans,12,888,0.4036326942482341,0.12254885048350214,3.302942760389569,1.866506531268964,5.844839380761756,0.00042576893328887834,0.003793531397418121
direct_parent_classification,Angular pyranocoumarins,0,1942,0.0,0.26800660770153284,0.06255752497555087,0.003910589828444066,1.0007298394226491,0.0009110533600881081,0.007736835956373231
direct_parent_classification,Pyridinecarboxylic acids and derivatives,0,569,0.0,0.07852510802377557,0.21378202804905433,0.013352436721702965,3.422802629162187,0.18344397059199052,0.6105856625436161
direct_parent_classification,Acridines,0,263,0.0,0.03629543657337957,0.462240301665343,0.02882995413666582,7.411253430054112,0.6323393943194693,1.0
direct_parent_classification,Oxanes,6,2152,0.20181634712411706,0.296987754775334,0.6788962979390395,0.3044147045266383,1.5140536133825335,0.49507678656102794,1.0
direct_parent_classification,Steroid esters,0,3072,0.0,0.42395278005103443,0.03948835817554659,0.0024688161682788665,0.6316105878743266,6.094936423473378e-06,8.425638200866388e-05
direct_parent_classification,Naphthols and derivatives,0,1497,0.0,0.20659417699752555,0.08119720862049944,0.005075253979271146,1.29904566642155,0.003783967174238894,0.02800317136180927
direct_parent_classification,Corynanthean-type alkaloids,0,399,0.0,0.055064179440222245,0.3048246578611696,0.019028944630225295,4.8829860954342905,0.4194110477877419,1.0
direct_parent_classification,Oxosteroids,0,2790,0.0,0.38503523969478715,0.04349593239957798,0.002719308149214373,0.6957270127165393,1.8822187678805335e-05,0.00022988447198720672
direct_parent_classification,Beta carbolines,0,3761,0.0,0.5190385435455536,0.032224411474113764,0.0020147566974839546,0.5154035205093369,4.6540115728961156e-07,7.665016029906178e-06
direct_parent_classification,Triterpene glycosides,0,623,0.0,0.08597740298561017,0.1952522610512076,0.012196385734222878,3.1257985993863002,0.19243885251795237,0.6222897565512492
direct_parent_classification,Diterpene lactones,0,4671,0.0,0.644623514198692,0.02591439696699345,0.0016202957888651664,0.4144650469240979,1.0691322047982133e-08,2.234897512722419e-07
direct_parent_classification,C20-gibberellin 20-carboxylic acids,0,31,0.0,0.004278169329942079,3.867915262063572,0.2366350976839967,63.222947994312236,1.0,1.0
direct_parent_classification,Atisane diterpenoids,0,810,0.0,0.11178442442751885,0.15016451615011359,0.009382395030978397,2.403371616324524,0.08735861539002357,0.3440536772788247
direct_parent_classification,Beta amino acids and derivatives,1,1808,0.03363605785401951,0.24951387575920256,0.1345152470253338,0.018931754486424927,0.9557672900977663,0.008980169377657454,0.05363430831600908
direct_parent_classification,Phthalimides,0,262,0.0,0.03615743111112338,0.4640018576793421,0.028939532860178845,7.439571501381518,0.6322345676812371,1.0
direct_parent_classification,Halophenols,1,180,0.03363605785401951,0.0248409832061153,1.3541741438612234,0.18965680017110226,9.66897896752393,0.5234572788462447,1.0
direct_parent_classification,3'-O-methylated flavonoids,0,611,0.0,0.08432133743853581,0.19908716694937195,0.012435661123636485,3.187261187794146,0.18973284430787096,0.6174838376127417
direct_parent_classification,Aryl thioethers,14,121,0.47090480995627315,0.016698660932999727,28.328846857465248,16.27136717977201,49.32121286473013,8.447070734929148e-16,3.531525341872301e-14
direct_parent_classification,Dioxolopyrans,0,231,0.0,0.0318792617811813,0.5261585328428476,0.032804623853335435,8.439139644492213,1.0,1.0
direct_parent_classification,Phenylpyrazoles,1,1067,0.03363605785401951,0.14725182822736124,0.22816578601152146,0.03210010724579545,1.6217897811875475,0.14300224255888697,0.5063304158355378
direct_parent_classification,Phenylbenzimidazoles,0,80,0.0,0.011040436980495689,1.5134297056713182,0.09383125363968882,24.410517659752845,1.0,1.0
direct_parent_classification,Triterpene saponins,0,3225,0.0,0.44506761577623244,0.03760727119421057,0.002351235567896048,0.6015164392653614,4.587833373741617e-06,6.561809049022551e-05
direct_parent_classification,Pyranones and derivatives,6,1117,0.20181634712411706,0.15415210134017104,1.3098279824714654,0.5867173692596247,2.924149571079236,0.47515693545947424,1.0
direct_parent_classification,Iridoid O-glycosides,0,2011,0.0,0.27752898459721037,0.06040586118635736,0.0037761314317091843,0.9662979511319327,0.000596503932720032,0.005229030442473184
direct_parent_classification,Quinoxalines,3,746,0.10090817356205853,0.10295207484312228,0.9801270073388035,0.31521370807224336,3.0476115914817683,1.0,1.0
direct_parent_classification,Bicyclic monoterpenoids,47,2930,1.5808947191389169,0.40435600441065456,3.9563980926564004,2.95909036559321,5.289830297033602,1.7955167992857744e-14,6.730092278702195e-13
direct_parent_classification,Iridoids and derivatives,0,1833,0.0,0.25296401231560744,0.0662865125901467,0.004143608077778115,1.0604047653367292,0.0012876477957150662,0.010684527892689137
direct_parent_classification,Tetralins,4,1677,0.13454423141607805,0.23143516020364086,0.5807833801598831,0.21757986480673586,1.5502782620512814,0.3402008886566021,0.9680585496589699
direct_parent_classification,Ergostane steroids,0,624,0.0,0.08611540844786637,0.1949393380519112,0.012176860733990805,3.12078345562739,0.19268161671101428,0.6222897565512492
direct_parent_classification,Purinones,3,1191,0.10090817356205853,0.16436450554712956,0.6135392548490786,0.19748472715306367,1.9061241983994246,0.6443827110344013,1.0
direct_parent_classification,Pyrrolidinecarboxamides,0,153,0.0,0.021114835725198004,0.7936079231912294,0.04940430704593819,12.748150382238316,1.0,1.0
direct_parent_classification,Furanones,7,294,0.23545240497813658,0.04057360590332165,5.8144286035385155,2.745358455961412,12.314450199475894,0.000275966125756158,0.0025421625313300318
direct_parent_classification,Sulfuric acid monoesters,1,119,0.03363605785401951,0.016422650008487336,2.0485031159166223,0.28610332972234814,14.667305759749508,0.3882192305008811,1.0
direct_parent_classification,Piperidines,2,787,0.06727211570803902,0.10861029879562634,0.6191336241867061,0.1544993205273486,2.481088222848923,0.7772086269751801,1.0
direct_parent_classification,Flavonoid 8-C-glycosides,0,868,0.0,0.11978874123837821,0.1401250288118836,0.008755619810327431,2.242562391342222,0.0567649176096951,0.2440907147934013
direct_parent_classification,Pyranochromenes,0,1117,0.0,0.15415210134017104,0.10886507174297645,0.006803571077999205,1.7419681090608568,0.017478553324562426,0.09452332071541969
direct_parent_classification,7-hydroxycoumarins,0,1072,0.0,0.14794185553864223,0.11343989231999994,0.007089292132507009,1.815217786070048,0.02658994212989118,0.13137848679632597
direct_parent_classification,Pregnane steroids,0,844,0.0,0.11647661014422951,0.14411204638406974,0.009004541866056138,2.306422938771951,0.055971122320352756,0.2440907147934013
direct_parent_classification,Triphenyl compounds,0,260,0.0,0.03588142018661099,0.46756554297445735,0.029161207480996595,7.496861613822576,0.632040953630761,1.0
direct_parent_classification,Cyclic glycodepsipeptides,0,195,0.0,0.02691106513995824,0.6230780246826507,0.03882592386145692,9.999149697705766,1.0,1.0
direct_parent_classification,Isoflav-3-enones,0,1275,0.0,0.17595696437665004,0.0953588002001477,0.005959948276160222,1.5257348477309554,0.012616608451254176,0.07191772599390742
direct_parent_classification,N-phenylureas,0,1378,0.0,0.19017152698903822,0.08822113166363328,0.005514066018413747,1.4114753153156985,0.00875603055305133,0.053469042075395955
direct_parent_classification,2-furanilides,0,122,0.0,0.016836666395255925,0.9944818687522091,0.061838720586447474,15.993121751190193,1.0,1.0
direct_parent_classification,Hydroxycinnamic acids,1,3107,0.03363605785401951,0.4287829712300013,0.0781353354406171,0.010999304103954527,0.5550469908567043,9.528393143024455e-05,0.0009679778828474376
direct_parent_classification,6-O-methylated flavonoids,0,904,0.0,0.12475693787960128,0.13454122061999105,0.008406986116727308,2.153130717071248,0.05917944638504086,0.24837088116038386
direct_parent_classification,Hybrid glycopeptides,0,345,0.0,0.047611884478387656,0.3524935774936201,0.021998758254803286,5.648124350251506,0.6552657774624726,1.0
direct_parent_classification,Piperazinopiperidines,0,200,0.0,0.02760109245123922,0.6075357260120255,0.037860776969929996,9.74886645020802,1.0,1.0
direct_parent_classification,3-hydroxysteroids,0,1432,0.0,0.1976238219508728,0.0848891796089424,0.005305910266973113,1.358140724605624,0.005651968256447621,0.039131780221392125
direct_parent_classification,Lactones,7,628,0.23545240497813658,0.08666743029689115,2.7207862140350727,1.2906352526359894,5.735685281619341,0.01673504217532083,0.0914120142943404
direct_parent_classification,Strychnos alkaloids,0,699,0.0,0.09646581811708108,0.1740200217479804,0.010871431043220891,2.7855548960181427,0.12669951669376792,0.454529289261141
direct_parent_classification,Phenol ethers,10,2660,0.3363605785401951,0.36709452960148165,0.9159952699839372,0.4917669381850351,1.7061889880796364,1.0,1.0
direct_parent_classification,Naphthoquinones,0,1186,0.0,0.16367447823584858,0.10252432801022035,0.006407534465511589,1.640449675381968,0.018636865669586652,0.0967886439272298
direct_parent_classification,Phenylmorpholines,0,362,0.0,0.04995797733674299,0.335954958454857,0.02096857082045171,5.382614536624549,0.4126976892532761,1.0
direct_parent_classification,Phenylalanine and derivatives,1,1698,0.03363605785401951,0.234333274911021,0.14325122422547626,0.020160553428220054,1.0178745000805987,0.01929717581835604,0.09894353827619347
direct_parent_classification,Pyrrolopyrazines,0,45,0.0,0.006210245801528825,2.6777357500411143,0.16492624657996455,43.47560740474222,1.0,1.0
direct_parent_classification,Benzylisoquinolines,0,1046,0.0,0.1443537135199811,0.11626245242756308,0.007265568100721399,1.8604130684742013,0.025949091826645766,0.12998462126987995
direct_parent_classification,Hydroquinolones,0,1410,0.0,0.1945877017812365,0.08621584483092319,0.005388791455146685,1.3793764263804666,0.0055576306759506835,0.03872528554332303
direct_parent_classification,Naphthopyrans,0,3078,0.0,0.4247808128245716,0.039411067592109925,0.002463985036026285,0.6303740591114891,6.123508904033529e-06,8.425638200866388e-05
direct_parent_classification,Anilides,0,652,0.0,0.08997956139103985,0.1865669093596243,0.011654432703936011,2.9866071178434064,0.12263740328099636,0.454529289261141
direct_parent_classification,Furopyrans,0,813,0.0,0.11219844081428743,0.14961012401184856,0.009347785642928,2.3944910657824674,0.0877347030703439,0.34428744490059143
direct_parent_classification,Diterpene glycosides,0,1359,0.0,0.1875494232061705,0.08945643610628716,0.00559123671055641,1.4312493595074198,0.008488174189840094,0.05272500124869844
direct_parent_classification,Bipyridines and oligopyridines,0,220,0.0,0.03036120169636314,0.5524151928581533,0.03443652215964508,8.861595949956868,1.0,1.0
direct_parent_classification,Benzanilides,1,965,0.03363605785401951,0.13317527107722923,0.2523183564738945,0.03549463184630018,1.7936389167063145,0.19959665037169838,0.6321125903156902
direct_parent_classification,1-hydroxy-2-unsubstituted benzenoids,12,2056,0.4036326942482341,0.28373923039873916,1.424260522985583,0.8065934247355201,2.514920125960997,0.22227120304302228,0.6903108505936149
direct_parent_classification,Fatty acyl glycosides of mono- and disaccharides,2,3949,0.06727211570803902,0.5449835704497183,0.12284871764952658,0.030699019850122154,0.49160551385073153,2.610464905767834e-05,0.000305115629308563
direct_parent_classification,Aromatic monoterpenoids,26,1929,0.8745375042045073,0.2662125366922023,3.305270597912349,2.240879760879659,4.875234234404132,3.024685896744033e-07,5.069551327472706e-06
direct_parent_classification,Phenanthridines and derivatives,0,558,0.0,0.07700704793895742,0.21799590805020594,0.013615301880432588,3.490353452605486,0.18266735510418236,0.6105856625436161
direct_parent_classification,Tertiary alcohols,17,1532,0.5718129835183317,0.21142436817649243,2.714377669703961,1.6806967675227555,4.383804548304844,0.00030363498607053995,0.002773539746711571
direct_parent_classification,20-oxosteroids,0,198,0.0,0.027325081526726826,0.6136586869996472,0.03824102144933486,9.847461439518659,1.0,1.0
direct_parent_classification,Pterocarpans,0,1142,0.0,0.15760223789657596,0.10647922439609696,0.006654556752410202,1.7037686580534381,0.01767961103049271,0.09512425797316428
direct_parent_classification,Cyclic peptides,0,1235,0.0,0.17043674588640217,0.09845153843437074,0.006153136973146233,1.5752461650692444,0.012036324382107472,0.06996515830668888
direct_parent_classification,Cyclic alcohols and derivatives,1,678,0.03363605785401951,0.09356770340970096,0.3592681149926353,0.05051797809998802,2.5550028584851856,0.5369513599304268,1.0
direct_parent_classification,Medium-chain hydroxy acids and derivatives,1,1475,0.03363605785401951,0.20355805682788924,0.16495973720829438,0.023213690383484517,1.172227011315247,0.03712435507389444,0.17699199107597918
direct_parent_classification,"Gluco\/mineralocorticoids, progestogins and derivatives",0,3250,0.0,0.4485177523326373,0.03731673571348739,0.00233307492010914,0.5968684298595619,2.8578999793477026e-06,4.3754046162689477e-05
direct_parent_classification,Phenylimidazolidines,0,306,0.0,0.04222967145039601,0.3973673375282642,0.024792960340716985,6.368775602604588,0.6412886857795713,1.0
direct_parent_classification,Glutamine and derivatives,2,257,0.06727211570803902,0.035467403799842395,1.8973344142534776,0.4717516795598869,7.630874537360493,0.2857271579958222,0.8234156645356466
direct_parent_classification,Pyrrolopyrimidines,0,181,0.0,0.024978988668371494,0.6711521099371353,0.04181015260587674,10.773583127504653,1.0,1.0
direct_parent_classification,Heteroaromatic compounds,18,376,0.6054490413723511,0.051890053808329735,11.732903121287396,7.301812559156916,18.852992258871424,1.2427010866484535e-13,4.221300253708965e-12
direct_parent_classification,Pyrazolylpyridines,0,69,0.0,0.009522376895677531,1.7529919565272618,0.10853642524166467,28.312898575819585,1.0,1.0
direct_parent_classification,Flavonolignans,0,107,0.0,0.014766584461412983,1.1332702437422033,0.07041336375961267,18.2394559324853,1.0,1.0
direct_parent_classification,Limonoids,0,1699,0.0,0.23447128037327716,0.07152624489749679,0.0044710135579130155,1.1442603881355116,0.0017838731920031422,0.014298830235085777
direct_parent_classification,Aralkylamines,0,448,0.0,0.06182644709077585,0.2715032583435359,0.016952037273484506,4.348387046461751,0.2728495183263186,0.8163610229251954
direct_parent_classification,Benzothiazoles,5,248,0.16818028927009754,0.03422535463953663,4.920502836709852,2.028634075057891,11.934803059728143,0.004093842706300575,0.02947024517714387
direct_parent_classification,Acylaminobenzoic acid and derivatives,3,1313,0.10090817356205853,0.18120117194238547,0.5564371821797565,0.17912851050678677,1.7284927833998633,0.5096734677174838,1.0
direct_parent_classification,Elemane sesquiterpenoids,3,194,0.10090817356205853,0.026773059677702042,3.7718160991356866,1.2052484692066885,11.803870362982744,0.04776152933815984,0.2154223335708703
direct_parent_classification,Pyrimidine nucleosides,1,262,0.03363605785401951,0.03615743111112338,0.9302433398744516,0.130505446675441,6.630778204474893,1.0,1.0
direct_parent_classification,Quinones,0,346,0.0,0.04774988994064385,0.35147579472449153,0.02193536635469825,5.631783498831482,0.411952626569413,1.0
direct_parent_classification,Alcohols and polyols,9,107,0.30272452068617556,0.014766584461412983,20.559858488781263,10.403496178687277,40.63131987731921,1.6157564170073548e-09,3.584341276095907e-08
direct_parent_classification,Methoxyphenols,36,2634,1.2108980827447022,0.3635063875828205,3.3597343763451617,2.4132780104649854,4.67737866530367,1.2799063262310872e-09,2.8984545346108163e-08
direct_parent_classification,N-phenylthioureas,0,210,0.0,0.028981147073801183,0.5786661831131448,0.036067581042773945,9.284086755960109,1.0,1.0
direct_parent_classification,Long-chain fatty acids,7,1736,0.23545240497813658,0.23957748247675642,0.9827412285471907,0.46739819893147505,2.0662902092783506,1.0,1.0
direct_parent_classification,Quinolizines,0,574,0.0,0.07921513533505656,0.21191997252200062,0.013236276215682602,3.392953880829048,0.18392056759335534,0.6105856625436161
direct_parent_classification,Benzenesulfonamides,0,1188,0.0,0.16395048916036098,0.1023515177788032,0.0063967405087556614,1.6376830007854273,0.01869881805401864,0.0967886439272298
direct_parent_classification,N-acyl-alpha-hexosamines,0,891,0.0,0.12296286687027072,0.1365055749039869,0.008529636136482008,2.1845916615563112,0.05814008892956267,0.24783637908405734
direct_parent_classification,Phenyloxadiazoles,0,510,0.0,0.07038278575066001,0.23850888529381392,0.014894737675960674,3.819233987310128,0.2817363794560483,0.8188434344083543
direct_parent_classification,Acetanilides,0,294,0.0,0.04057360590332165,0.4135657275943157,0.025801252484988907,6.629004198153726,0.6379977596373969,1.0
direct_parent_classification,Protoberberine alkaloids and derivatives,0,454,0.0,0.06265447986431302,0.267916837084751,0.016728450384129432,4.290859580251104,0.2730249456261042,0.8163610229251954
direct_parent_classification,Stigmastanes and derivatives,0,1941,0.0,0.2678686022392766,0.0625898328184481,0.003912608734385289,1.0012468504231258,0.0009090858164267203,0.007736835956373231
direct_parent_classification,2-pyridylmethylamines,0,90,0.0,0.01242049160305765,1.3461813236071487,0.08354119299592762,21.692342316885934,1.0,1.0
direct_parent_classification,Tosyl compounds,0,39,0.0,0.005382213027991648,3.084505963010815,0.1895435270182853,50.195209435621834,1.0,1.0
direct_parent_classification,Phenanthrols,0,526,0.0,0.07259087314675915,0.23125564199495033,0.014442372361506488,3.702935405337948,0.28633957791579984,0.8234156645356466
direct_parent_classification,N-benzylbenzamides,0,595,0.0,0.08211325004243668,0.20444079432693804,0.012769678275465025,3.273069022054695,0.18673740323099847,0.6153990291167327
direct_parent_classification,Methionine and derivatives,2,856,0.06727211570803902,0.11813267569130387,0.5691725621820904,0.1420521107757792,2.2805532685978394,0.5944470586702415,1.0
direct_parent_classification,"Phenyl-1,2,3-triazoles",0,368,0.0,0.050786010110280166,0.3304821262627657,0.02062762647374443,5.294765052982498,0.4133324675695055,1.0
direct_parent_classification,Epoxides,2,279,0.06727211570803902,0.03850352396947871,1.7476707334580757,0.43472349149581513,7.025967200613749,0.31869743612844337,0.9092496406079211
direct_parent_classification,2'-Hydroxy-dihydrochalcones,1,369,0.03363605785401951,0.05092401557253636,0.660400412887036,0.0927490775663619,4.70224304957985,1.0,1.0
direct_parent_classification,Aconitane-type diterpenoid alkaloids,0,1307,0.0,0.1803731391688483,0.09302085567188302,0.005813903453961534,1.4883080977262035,0.008116135149950916,0.05194248433476697
direct_parent_classification,Pyrroloindoles,0,690,0.0,0.09522376895677531,0.17629039620680237,0.011013124418670703,2.821933414469002,0.12554808605635534,0.454529289261141
direct_parent_classification,Phenothiazines,0,132,0.0,0.018216721017817884,0.9194139426569921,0.05719522119496454,14.77959137653439,1.0,1.0
direct_parent_classification,Bufanolides and derivatives,0,646,0.0,0.08915152861750268,0.18829994937233002,0.011762576098875368,3.0143797273296387,0.12247623148826718,0.454529289261141
direct_parent_classification,Carbocyclic fatty acids,0,678,0.0,0.09356770340970096,0.17941125483406048,0.0112078902798712,2.871940887835146,0.12428344989828219,0.454529289261141
direct_parent_classification,Pyranoisoflavonoids,0,960,0.0,0.13248524376594825,0.12668726448542902,0.007916574755086659,2.0273493877498736,0.038425722550720534,0.17849897612236418
direct_parent_classification,Fatty alcohol esters,46,644,1.5472586612848973,0.08887551769299029,17.667162867880325,13.070913788853824,23.879634495514455,1.1117477362651158e-39,1.0986088993819827e-37
direct_parent_classification,Salicylic acids,2,124,0.06727211570803902,0.017112677319768316,3.933100617800024,0.9723180993166639,15.909690954648072,0.09442174988672869,0.367872552426072
direct_parent_classification,Gamma amino acids and derivatives,2,823,0.06727211570803902,0.11357849543684939,0.5920217836821147,0.1477451629364149,2.3722589991321263,0.7801740174809153,1.0
direct_parent_classification,Lupinine-type alkaloids,0,577,0.0,0.07962915172182515,0.21081821603092832,0.013167544243629188,3.3752930226125146,0.18424295981076916,0.6105856625436161
direct_parent_classification,Isoflavonoid O-glycosides,0,1519,0.0,0.2096302971671619,0.08001916457057634,0.00500165351131509,1.2801899779917818,0.0038375022504089683,0.02813009652226102
direct_parent_classification,Polycyclic hydrocarbons,1,348,0.03363605785401951,0.04802590086515624,0.7002724663912996,0.09833312053360319,4.986941577005854,1.0,1.0
direct_parent_classification,3-O-methylated flavonoids,0,445,0.0,0.061412430704007266,0.27333269545028976,0.01706608565924944,4.377732767421646,0.27282151033290825,0.8163610229251954
direct_parent_classification,Tetracarboxylic acids and derivatives,4,2329,0.13454423141607805,0.3214147215946807,0.41781679617388845,0.15657855088603168,1.1149092527499311,0.07274932584883834,0.2995398378700276
direct_parent_classification,Hydroquinolines,1,260,0.03363605785401951,0.03588142018661099,0.93740164613314,0.13150592192968844,6.681994493319792,1.0,1.0
direct_parent_classification,Indolizines,0,46,0.0,0.006348251263785021,2.620146418814221,0.1614317970913098,42.52673500340135,1.0,1.0
direct_parent_classification,P-toluenesulfonamides,0,177,0.0,0.02442696681934671,0.6862804538683251,0.042748916540671145,11.017375397423816,1.0,1.0
direct_parent_classification,12-hydroxysteroids,0,1045,0.0,0.14421570805772493,0.11637381598991313,0.007272522918870274,1.862196269318589,0.025932097226421542,0.12998462126987995
direct_parent_classification,Phenol esters,22,504,0.7399932727884292,0.06955475297712284,10.710863414607909,6.978555353204008,16.439304308693988,1.5250001220090206e-15,6.139537528236316e-14
direct_parent_classification,Monocyclic monoterpenoids,84,1923,2.825428859737639,0.2653845039186651,10.927029147624888,8.755962092416109,13.63641878902844,4.791681927411818e-55,8.680930425161076e-53
direct_parent_classification,Linear pyranocoumarins,0,380,0.0,0.052442075657354516,0.3200542594052987,0.019977936587224108,5.1273928374055044,0.4151481249016601,1.0
direct_parent_classification,4-halobenzoic acids and derivatives,0,202,0.0,0.02787710337575161,0.6015337124019373,0.03748801779489242,9.65222565609634,1.0,1.0
direct_parent_classification,Pyrazinecarboxamides,0,80,0.0,0.011040436980495689,1.5134297056713182,0.09383125363968882,24.410517659752845,1.0,1.0
direct_parent_classification,Phenylpyrrolines,0,379,0.0,0.05230407019509832,0.32089806022589085,0.02003051097692706,5.14093550460874,0.41496988952144537,1.0
direct_parent_classification,"Taraxastane, ursane, and bauerane triterpenoids",0,1448,0.0,0.19983190934697195,0.08394964401633367,0.0052472135977108215,1.343101933861383,0.005761531827525442,0.03935786455915839
direct_parent_classification,Benzodiazepines,0,386,0.0,0.053270108430891694,0.3150831482319784,0.01966819313642899,5.047611115628893,0.4163168699780581,1.0
direct_parent_classification,Thiophene carboxamides,0,135,0.0,0.018630737404586473,0.8990541914835661,0.05593513847084703,14.450638030429623,1.0,1.0
direct_parent_classification,Naphthyridines,0,362,0.0,0.04995797733674299,0.335954958454857,0.02096857082045171,5.382614536624549,0.4126976892532761,1.0
direct_parent_classification,Tricarboxylic acids and derivatives,4,2914,0.13454423141607805,0.40214791701455543,0.33366752715604137,0.12506436500084087,0.890213760551849,0.018415623658806425,0.0967042653001091
direct_parent_classification,Benzoic acids and derivatives,0,126,0.0,0.01738868824428071,0.9630304846965055,0.05989370525286815,15.484560698644945,1.0,1.0
direct_parent_classification,5-O-methylated flavonoids,0,541,0.0,0.0746609550806021,0.22484501058208697,0.014042527422564783,3.60015524715459,0.1822248219310846,0.6105856625436161
direct_parent_classification,Biflavonoids and polyflavonoids,0,1365,0.0,0.18837745597970768,0.08906262612555174,0.005566635128702521,1.4249454453158399,0.008564997504163856,0.05272500124869844
direct_parent_classification,Isocoumarins and derivatives,0,388,0.0,0.053546119355404084,0.3134602329154204,0.0195670676090021,5.0215658055060315,0.41674363783385115,1.0
direct_parent_classification,Morphinans,0,646,0.0,0.08915152861750268,0.18829994937233002,0.011762576098875368,3.0143797273296387,0.12247623148826718,0.454529289261141
direct_parent_classification,Pyridinylpiperazines,0,393,0.0,0.05423614666668507,0.30947512001929794,0.01931874319509312,4.957612870763004,0.41788985523506395,1.0
direct_parent_classification,Lupane triterpenoids,0,903,0.0,0.12461893241734508,0.13469031787802027,0.008416295522142275,2.1555186224573575,0.059092831307002075,0.24837088116038386
direct_parent_classification,m-Phthalate esters,0,55,0.0,0.007590300424090785,2.195230542464442,0.13557759518745932,35.54449485481419,1.0,1.0
direct_parent_classification,Furazans,0,33,0.0,0.004554180254454471,3.6369849089845876,0.22279718329341747,59.370854840481435,1.0,1.0
direct_parent_classification,Benzoxazines,0,181,0.0,0.024978988668371494,0.6711521099371353,0.04181015260587674,10.773583127504653,1.0,1.0
direct_parent_classification,Pyrroloquinolines,0,89,0.0,0.012282486140801453,1.3612243345078923,0.08446752464147154,21.93661643005823,1.0,1.0
direct_parent_classification,Serratane and onocerane triterpenoids,0,268,0.0,0.036985463884660556,0.4536293434963531,0.028294272358583773,7.272835246406468,0.6329419243610006,1.0
direct_parent_classification,Benzothiazepines,0,69,0.0,0.009522376895677531,1.7529919565272618,0.10853642524166467,28.312898575819585,1.0,1.0
direct_parent_classification,Leucine and derivatives,1,944,0.03363605785401951,0.13027715636984913,0.25793885587517396,0.03628447081705599,1.8336343860613595,0.19783008576720915,0.6287757404355448
direct_parent_classification,Metallotetrapyrroles,0,543,0.0,0.07493696600511449,0.22401699526436294,0.013990880191457,3.586880416424146,0.1822280142064627,0.6105856625436161
direct_parent_classification,Cardenolides and derivatives,0,866,0.0,0.11951273031386582,0.14044884457834939,0.008775837068938287,2.247748880071199,0.05667359820152382,0.2440907147934013
direct_parent_classification,1-phenyltetrahydroisoquinolines,0,416,0.0,0.05741027229857758,0.2923759717440028,0.01825311589764448,4.6832392525531175,0.42453711352251183,1.0
direct_parent_classification,Alpha-hydrogen aldehydes,12,53,0.4036326942482341,0.007314289499578393,55.403720058878626,29.57793259152111,103.77913286753936,6.992401784059241e-17,3.1669753080301647e-15
direct_parent_classification,Phenoxy compounds,0,111,0.0,0.015318606310437768,1.0926087766300376,0.06790261254010821,17.58097213216717,1.0,1.0
direct_parent_classification,Guaianolides and derivatives,1,1802,0.03363605785401951,0.24868584298566537,0.13496425386478011,0.018994913705901124,0.9589593352886814,0.008971794286402757,0.05363430831600908
direct_parent_classification,Cucurbitacin glycosides,0,1381,0.0,0.19058554337580683,0.08802918967954414,0.005502075115223347,1.4084028431739433,0.008804929651790134,0.053469042075395955
direct_parent_classification,6-hydroxyflavonoids,0,98,0.0,0.013524535301107218,1.2368331428464123,0.07680289147619399,19.91795092398964,1.0,1.0
direct_parent_classification,Pentacarboxylic acids and derivatives,0,1443,0.0,0.19914188203569097,0.08424101151209311,0.005265416595770371,1.347765725941069,0.0057235473309727464,0.03935786455915839
direct_parent_classification,Thianes,0,34,0.0,0.004692185716710667,3.5315601825789646,0.21646778956224189,57.615580352157025,1.0,1.0
direct_parent_classification,Steroidal glycosides,0,4386,0.0,0.6052919574556761,0.02760903425373159,0.0017262362281316589,0.44157268860515836,3.2445023580189935e-08,6.531063079938234e-07
direct_parent_classification,Long-chain fatty alcohols,6,1144,0.20181634712411706,0.15787824882108834,1.2788664823548543,0.572877589274461,2.854884726354908,0.4828742255211921,1.0
direct_parent_classification,N-methylpiperazines,0,82,0.0,0.011316447905008081,1.4767364242729972,0.09157535195948578,23.813727385283677,1.0,1.0
direct_parent_classification,Dihydrobenzophenanthridine alkaloids,0,107,0.0,0.014766584461412983,1.1332702437422033,0.07041336375961267,18.2394559324853,1.0,1.0
direct_parent_classification,Branched alkanes,3,356,0.10090817356205853,0.04912994456320581,2.0549682215412552,0.6592486047382038,6.40561748814227,0.1825926905128908,0.6105856625436161
direct_parent_classification,Organic phosphonic acids and derivatives,0,75,0.0,0.010350409669214708,1.6136679743918967,0.09998910393021328,26.042080879086964,1.0,1.0
direct_parent_classification,Benzenoids,0,270,0.0,0.03726147480917295,0.4502740939916894,0.02808553039488923,7.21890442763121,0.633218694265314,1.0
direct_parent_classification,Monoterpenoids,0,484,0.0,0.0667946437319989,0.251317147357558,0.015693463478065432,4.024625197886939,0.2761765683673202,0.8163610229251954
direct_parent_classification,C19-gibberellin 6-carboxylic acids,0,227,0.0,0.03132723993215651,0.5354126284006896,0.03337983802239634,8.588018984951175,1.0,1.0
direct_parent_classification,Diphenylethers,3,962,0.10090817356205853,0.13276125469046066,0.7598301098301098,0.24448972049476697,2.3614154191680794,1.0,1.0
direct_parent_classification,Hydroxyanthraquinones,0,954,0.0,0.13165721099241107,0.12748467936124785,0.007966368387839257,2.040119497442466,0.03825368830916566,0.17849897612236418
direct_parent_classification,Benzoxazinones,0,108,0.0,0.014904589923669179,1.1228238069149996,0.06976843133372225,18.07025437256353,1.0,1.0
direct_parent_classification,Purine 2'-deoxyribonucleosides,0,57,0.0,0.007866311348603178,2.1188688487436123,0.13091807998588428,34.293240465030934,1.0,1.0
direct_parent_classification,Purines and purine derivatives,0,434,0.0,0.059894370619189105,0.28025676753787726,0.01749771565963704,4.488806269264122,0.43117208208825575,1.0
direct_parent_classification,Tetracyclines,0,158,0.0,0.021804863036478984,0.7685676684530387,0.04785228394794532,12.344160241837384,1.0,1.0
direct_parent_classification,Carbapenems,0,93,0.0,0.012834507989826237,1.3029829447103605,0.08088020460124351,20.991101130077748,1.0,1.0
direct_parent_classification,Barbituric acid derivatives,0,108,0.0,0.014904589923669179,1.1228238069149996,0.06976843133372225,18.07025437256353,1.0,1.0
direct_parent_classification,Beta hydroxy acids and derivatives,10,592,0.3363605785401951,0.08169923365566809,4.127579106274685,2.207018809469034,7.719421875998453,0.00023221773038080976,0.002157441648922566
direct_parent_classification,Oleanane triterpenoids,0,3014,0.0,0.41594846324017504,0.04025136284986335,0.0025165083800965907,0.6438175307046551,9.235987403532736e-06,0.00011951807509095338
direct_parent_classification,Retro-dihydrochalcones,0,111,0.0,0.015318606310437768,1.0926087766300376,0.06790261254010821,17.58097213216717,1.0,1.0
direct_parent_classification,Acridones,0,308,0.0,0.0425056823749084,0.39479012203693403,0.024632520719059758,6.327376813585263,0.6418890361185117,1.0
direct_parent_classification,Furan lignans,0,435,0.0,0.0600323760814453,0.27961285268242997,0.01745757698970133,4.47847644786723,0.4315743603275847,1.0
direct_parent_classification,Isocoumarans,0,100,0.0,0.01380054622561961,1.2122162016552516,0.07528477986529931,19.518794133218957,1.0,1.0
direct_parent_classification,Cyclohexylphenols,0,367,0.0,0.05064800464802397,0.3313818549111254,0.020683678872647125,5.309207053565322,0.4132137212622965,1.0
direct_parent_classification,"1,2,3-triazines",0,41,0.0,0.0056582239525040405,2.935846969515864,0.18056004511200668,47.735906485118264,1.0,1.0
direct_parent_classification,Benzothiazines,0,62,0.0,0.008556338659884158,1.9493458886833697,0.120559487313188,31.519289592326263,1.0,1.0
direct_parent_classification,Flavanones,0,764,0.0,0.10543617316373383,0.15921003967573605,0.00994705481403509,2.548275565726669,0.0833331072963405,0.33610446067850624
direct_parent_classification,Indanes,2,359,0.06727211570803902,0.0495439609499744,1.3580676342996225,0.33818469435694876,5.453669932754239,0.6621556019920831,1.0
direct_parent_classification,Benzenesulfonyl compounds,0,206,0.0,0.028429125224776395,0.5898784704762936,0.036764088317310185,9.464578773944956,1.0,1.0
direct_parent_classification,Fluorenes,0,669,0.0,0.09232565424939519,0.18182531706197877,0.011358541804594205,2.910624135865496,0.12354194809211982,0.454529289261141
direct_parent_classification,Angucyclines,0,320,0.0,0.044161747921982755,0.3800022927434669,0.023711841781959512,6.089857709836591,0.6457774636480951,1.0
direct_parent_classification,N-substituted imidazoles,0,291,0.0,0.04015958951655307,0.4178237092025874,0.026066265861268475,6.697416994860376,0.6372629376283514,1.0
direct_parent_classification,Scalarane sesterterpenoids,0,436,0.0,0.0601703815437015,0.2789718881814177,0.017417621939276835,4.4681940317012465,0.4319800273715866,1.0
direct_parent_classification,Phenylimidazoles,0,1163,0.0,0.16050035260395606,0.1045543469534534,0.0065343305587131145,1.6729504833951971,0.018040020965908763,0.0956561111704528
direct_parent_classification,Tropane alkaloids,0,449,0.0,0.06196445255303205,0.270898872558546,0.016914358920477945,4.338692320442828,0.2728677542733704,0.8163610229251954
direct_parent_classification,Jerveratrum-type alkaloids,0,72,0.0,0.009936393282446119,1.680447400311951,0.10408761295968512,27.130062693520873,1.0,1.0
direct_parent_classification,Coumarin glycosides,0,485,0.0,0.06693264919425511,0.2507991549798711,0.01566116362650796,4.016318176521253,0.27634385634591835,0.8163610229251954
direct_parent_classification,Thioureas,0,47,0.0,0.006486256726041217,2.564981901533723,0.15808233649692185,41.61838887878318,1.0,1.0
direct_parent_classification,Indolonaphthyridine alkaloids,0,810,0.0,0.11178442442751885,0.15016451615011359,0.009382395030978397,2.403371616324524,0.08735861539002357,0.3440536772788247
direct_parent_classification,Quinoline-3-carboxamides,0,298,0.0,0.04112562775234644,0.40802155500331094,0.025456168375376377,6.539931182587429,0.6390335779487928,1.0
direct_parent_classification,Pyranopyridines,0,387,0.0,0.05340811389314789,0.31426959648942,0.019617500121468068,5.034554793734431,0.41652796142991544,1.0
direct_parent_classification,Tannins,0,532,0.0,0.07341890592029633,0.2286480499498307,0.01427973472607939,3.661127587361991,0.2882822482522289,0.8246389575004548
direct_parent_classification,Taxanes and derivatives,0,1204,0.0,0.1661585765564601,0.10098969568115977,0.006311678548070693,1.615880554767922,0.011891584274740963,0.06949544143356681
direct_parent_classification,Naphthalenecarboxylic acids,0,625,0.0,0.08625341391012256,0.19462741560576996,0.012157398094661988,3.115784365242858,0.19292699904118765,0.6222897565512492
direct_parent_classification,Epigallocatechins,0,104,0.0,0.014352568074644394,1.1658091450556471,0.0724217294033281,18.766618443012792,1.0,1.0
direct_parent_classification,Hydantoins,0,1016,0.0,0.14021354965229524,0.11969867292250591,0.007480161063805485,1.9154363358213438,0.025686160605131392,0.1298644491989666
direct_parent_classification,"Taraxerane, multiflorane, glutinane and friedelane triterpenoids",0,381,0.0,0.05258008111961071,0.3192148821800963,0.019925637316309593,5.113921295849685,0.4153311360632945,1.0
direct_parent_classification,N-acylpiperidines,0,901,0.0,0.12434292149283269,0.1349895047219192,0.00843497624478875,2.1603103383162416,0.0589229256517944,0.24837088116038386
direct_parent_classification,Benzoquinolines,0,74,0.0,0.01021240420695851,1.6353302042764781,0.10131893891042468,26.39491595330741,1.0,1.0
direct_parent_classification,Gingerols,0,285,0.0,0.03933155674301589,0.4266081266010884,0.026612960443059254,6.838566271929171,0.6359057956729965,1.0
direct_parent_classification,Harmala alkaloids,0,2042,0.0,0.28180715392715244,0.059486500398563485,0.003718679176864554,0.9515861846011531,0.0003858555047608857,0.0034952077806256897
direct_parent_classification,Cholesterols and derivatives,1,1615,0.03363605785401951,0.2228788215437567,0.15063065390497066,0.0211984737450678,1.070340920233382,0.018024573080556983,0.0956561111704528
direct_parent_classification,Benzonitriles,1,154,0.03363605785401951,0.0212528411874542,1.5828577546276066,0.22148170658064317,11.312169795262523,0.469914052515984,1.0
direct_parent_classification,Xanthenes,0,709,0.0,0.09784587273964304,0.17156493825598046,0.010718205916233254,2.746217815632589,0.12817876292792377,0.4583234056008327
direct_parent_classification,Cycloartanols and derivatives,0,1384,0.0,0.1909995597625754,0.08783807951337087,0.005490136150937749,1.4053436928480185,0.008855646910057961,0.05347826772907224
direct_parent_classification,Purine nucleosides,0,633,0.0,0.08735745760817214,0.1921674873643785,0.012003906573396533,3.076360431010054,0.1949833439624321,0.6250986868700731
direct_parent_classification,Phenoxyacetic acid derivatives,3,338,0.10090817356205853,0.04664584624259428,2.1644581913812684,0.6941983333653897,6.748617847475578,0.1645684443635591,0.5660946171619897
direct_parent_classification,Phenylacetamides,0,790,0.0,0.10902431518239492,0.15396799921550333,0.009619831585785546,2.464299356077491,0.08520274556065537,0.34038164165143736
direct_parent_classification,Acyl CoAs,0,339,0.0,0.04678385170485048,0.3587261853787989,0.022386935948545687,5.748195124701024,0.6528351401601937,1.0
direct_parent_classification,Pyranoflavonoids,0,1688,0.0,0.23295322028845902,0.07199330937246039,0.004500197206462655,1.151735436606095,0.0017709411347942407,0.014298830235085777
direct_parent_classification,4-hydroxycoumarins,1,265,0.03363605785401951,0.036571447497891964,0.9197084740597781,0.1290329445367759,6.555408622921755,1.0,1.0
direct_parent_classification,"3,4-dihydrocoumarins",1,289,0.03363605785401951,0.039883578592040676,0.8433033572862285,0.11834975410384571,6.0089736374628915,1.0,1.0
direct_parent_classification,21-hydroxysteroids,0,134,0.0,0.018492731942330278,0.9057398594649265,0.05634895245206629,14.558650291172588,1.0,1.0
direct_parent_classification,Saccharolipids,1,1906,0.03363605785401951,0.2630384110603098,0.12758163284040341,0.017956413773037416,0.9064768301710926,0.006331347174624918,0.0419644779196176
direct_parent_classification,Diphenylmethanes,0,1499,0.0,0.20687018792203796,0.08108868529855223,0.005068473826439413,1.2973086393674491,0.003786997415074483,0.02800317136180927
direct_parent_classification,Quinolizidines,0,1355,0.0,0.1869974013571457,0.08972091294322025,0.005607758699622204,1.4354829889358873,0.008440908769872071,0.05272500124869844
direct_parent_classification,Cadinanolides,0,101,0.0,0.013938551687875805,1.2002715282201317,0.07454800607944793,19.32515458455785,1.0,1.0
direct_parent_classification,"6,6a-secoaporphines",0,77,0.0,0.0106264205937271,1.572020590484766,0.09743146859722107,25.363968874616305,1.0,1.0
direct_parent_classification,Benzoic acids,3,465,0.10090817356205853,0.06417253994913119,1.5730292169001847,0.5052010501778909,4.897893455190399,0.4466177263961852,1.0
direct_parent_classification,Pyrimidones,0,573,0.0,0.07907712987280037,0.212289786165473,0.01325934647532513,3.3988819429410957,0.18381915338167754,0.6105856625436161
direct_parent_classification,Furanoquinolines,0,344,0.0,0.04747387901613146,0.3535172690161253,0.022062517437410438,5.664560259143674,0.6548545025850687,1.0
direct_parent_classification,Butenolides,8,1867,0.2690884628321561,0.2576561980323181,1.0444899474407274,0.5210848860974933,2.0936305761526515,0.8549025521985021,1.0
direct_parent_classification,Isoxazoles,0,352,0.0,0.04857792271418103,0.3454903658439144,0.021562553185615663,5.535689204494995,0.41206576159324904,1.0
direct_parent_classification,Phenoxazines,0,126,0.0,0.01738868824428071,0.9630304846965055,0.05989370525286815,15.484560698644945,1.0,1.0
direct_parent_classification,Imidazoles,2,94,0.06727211570803902,0.012972513452082434,5.1885603385922066,1.2781618318097032,21.062402050525453,0.05914969511635852,0.24837088116038386
direct_parent_classification,Ajmaline-sarpagine alkaloids,0,277,0.0,0.03822751304496632,0.4389115868853552,0.02737856939438621,7.036283683314766,0.6343419361483357,1.0
direct_parent_classification,7-O-methylated flavonoids,0,424,0.0,0.058514315996627146,0.2868627727097805,0.01790948645209591,4.594785595156633,0.4273407718370046,1.0
direct_parent_classification,4-benzylpiperidines,0,261,0.0,0.03601942564886718,0.46577688639708115,0.029049947441496034,7.468106726825351,0.6321350721961863,1.0
direct_parent_classification,Azaphilones,0,418,0.0,0.05768628322308997,0.2909779114154321,0.018165978928538936,4.660808275995111,0.4252154808154966,1.0
direct_parent_classification,Phenylquinolines,0,1112,0.0,0.15346207402889006,0.10935510870366137,0.006834177115352261,1.749814147006226,0.01746799173276311,0.09452332071541969
direct_parent_classification,Rhamnolipids,0,71,0.0,0.009798387820189923,1.7039525129318303,0.10552947147400055,27.513206744734116,1.0,1.0
direct_parent_classification,Dihydroisoquinolines,0,199,0.0,0.027463086988983025,0.6105818607389502,0.03804994952538014,9.797915984481564,1.0,1.0
direct_parent_classification,Tyrosols and derivatives,0,359,0.0,0.0495439609499744,0.3387598800998996,0.021143302500809515,5.427641039563456,0.4124512717969702,1.0
direct_parent_classification,N-benzylpiperidines,0,479,0.0,0.06610461642071794,0.2539395175282251,0.015856980661636436,4.0666807848533315,0.27539838221167695,0.8163610229251954
direct_parent_classification,N-alkylindoles,0,945,0.0,0.1304151618321053,0.12869977770322139,0.008042242904374197,2.0595787739573996,0.038050163100281094,0.17849897612236418
direct_parent_classification,Furostanes and derivatives,0,1310,0.0,0.1807871555556169,0.09280752715372667,0.005800577227811195,1.4848930991028042,0.008123479610773122,0.05194248433476697
direct_parent_classification,Gamma-keto acids and derivatives,6,90,0.20181634712411706,0.01242049160305765,16.279496685765643,7.1187124459992335,37.228925083327205,3.136049122817639e-06,4.606601887165911e-05
direct_parent_classification,Pyrrole carboxamides,0,142,0.0,0.019596775640379847,0.8548818658382967,0.05320027151874404,13.737204410351113,1.0,1.0
direct_parent_classification,Matrine alkaloids,0,139,0.0,0.019182759253611258,0.8732700382651293,0.05433891606004086,14.034151120882825,1.0,1.0
direct_parent_classification,Cinnamylphenols,0,248,0.0,0.03422535463953663,0.49015228076039896,0.030565978580185456,7.860021811647927,0.6313478727460584,1.0
direct_parent_classification,Aryl-phenylketones,0,635,0.0,0.08763346853268453,0.19156218244109355,0.01196613685662837,3.066659706575884,0.19552304833102563,0.6250986868700731
direct_parent_classification,Ecdysteroids,0,424,0.0,0.058514315996627146,0.2868627727097805,0.01790948645209591,4.594785595156633,0.4273407718370046,1.0
direct_parent_classification,Phenylcarbamic acid esters,0,669,0.0,0.09232565424939519,0.18182531706197877,0.011358541804594205,2.910624135865496,0.12354194809211982,0.454529289261141
direct_parent_classification,Trialkylamines,3,138,0.10090817356205853,0.019044753791355062,5.302818035426731,1.6885182390619862,16.653583281675594,0.020539695912191003,0.10481995050024236
direct_parent_classification,4'-O-methylated isoflavonoids,0,124,0.0,0.017112677319768316,0.978503555165677,0.060850677233865835,15.73473379420335,1.0,1.0
direct_parent_classification,Medium-chain fatty acids,32,389,1.0763538513286244,0.053684124817660286,20.257034445202958,14.100949678615716,29.100695617433235,7.216339445395771e-30,6.536800814287669e-28
direct_parent_classification,Cyclohexyl halides,0,109,0.0,0.015042595385925376,1.1125681725869228,0.06913520397087981,17.90416267774052,1.0,1.0
direct_parent_classification,Nitrobenzenes,2,810,0.06727211570803902,0.11178442442751885,0.601534171892076,0.15011502703328575,2.4104406274639802,0.7789556123473257,1.0
direct_parent_classification,Aspidospermatan-type alkaloids,0,394,0.0,0.05437415212894126,0.3086902194564875,0.019269832345125554,4.945017158501569,0.4181324790702871,1.0
direct_parent_classification,Hydrolyzable tannins,0,3115,0.0,0.42988701492805087,0.038941020689443745,0.00243460415003972,0.6228540653358148,6.437501608621309e-06,8.746955310714205e-05
direct_parent_classification,Glycosyldiacylglycerols,0,232,0.0,0.032017267243437494,0.523894762155311,0.032663903644864024,8.402722613863883,1.0,1.0
direct_parent_classification,Gelsemium alkaloids,0,105,0.0,0.014490573536900591,1.1547572275479214,0.07173966642320233,18.587544674488303,1.0,1.0
direct_parent_classification,17-hydroxysteroids,0,450,0.0,0.06210245801528824,0.2702971699512919,0.01687684758369828,4.329040700364466,0.2728904128368106,0.8163610229251954
direct_parent_classification,Phenylpiperidines,0,1066,0.0,0.14711382276510504,0.11407903743577724,0.007129208845949119,1.8254517525697334,0.026408034528883878,0.13107549558400355
direct_parent_classification,Haloquinolines,0,58,0.0,0.008004316810859374,2.082645994029885,0.12870638226970604,33.70007189977272,1.0,1.0
direct_parent_classification,Jasmonic acids,2,80,0.06727211570803902,0.011040436980495689,6.096676203298553,1.498044349465559,24.811989538979528,0.04470244822016823,0.2024648383971786
direct_parent_classification,Dibenzoxepines,0,141,0.0,0.01945877017812365,0.8609246221481746,0.05357448132522722,13.834780789038899,1.0,1.0
direct_parent_classification,Steroid lactones,0,1310,0.0,0.1807871555556169,0.09280752715372667,0.005800577227811195,1.4848930991028042,0.008123479610773122,0.05194248433476697
direct_parent_classification,Pyridazines and derivatives,0,158,0.0,0.021804863036478984,0.7685676684530387,0.04785228394794532,12.344160241837384,1.0,1.0
direct_parent_classification,Arylnaphthalene lignans,0,251,0.0,0.034639371026305224,0.4843035280832242,0.03020225289027979,7.765973888303718,0.631443490283333,1.0
direct_parent_classification,Lignan glycosides,0,1353,0.0,0.18672139043263333,0.08985373756819645,0.0056160562959974335,1.4376091921885563,0.00841845653157395,0.05272500124869844
direct_parent_classification,Aminobenzamides,0,118,0.0,0.01628464454623114,1.0280565529973273,0.06391427749530633,16.536215656014605,1.0,1.0
direct_parent_classification,Arginine and derivatives,2,173,0.06727211570803902,0.023874944970321926,2.818910353066152,0.6990681630134763,11.36692528575408,0.16084432102488966,0.5550405617589049
direct_parent_classification,Cyclic depsipeptides,0,3053,0.0,0.42133067626816667,0.039735115566577967,0.00248423997983006,0.6355583284660422,6.043615040269359e-06,8.425638200866388e-05
direct_parent_classification,Curcuminoids,1,833,0.03363605785401951,0.11495855005941136,0.29235489619804855,0.04112011902924506,2.078578256794043,0.2751642655796116,0.8163610229251954
direct_parent_classification,Furanochromones,0,155,0.0,0.021390846649710395,0.7833985846034397,0.04877157413825427,12.58342288930352,1.0,1.0
direct_parent_classification,6-oxosteroids,0,349,0.0,0.04816390632741244,0.3484573917482348,0.021747362885538708,5.583323113844063,0.41198367052043616,1.0
direct_parent_classification,Leucoanthocyanidins,0,133,0.0,0.018354726480074083,0.9125256872662325,0.05676893372492168,14.668289067320481,1.0,1.0
direct_parent_classification,"Eremophilane, 8,9-secoeremophilane and furoeremophilane sesquiterpenoids",5,1256,0.16818028927009754,0.1733348605937823,0.970212253420777,0.4028280635586725,2.336758289310989,1.0,1.0
direct_parent_classification,Vitamin K compounds,0,422,0.0,0.058238305072114756,0.28822149898064064,0.01799417582792073,4.616584458719637,0.4266175032180817,1.0
direct_parent_classification,Ketals,2,1786,0.06727211570803902,0.24647775558956622,0.2724443792796586,0.06805300166203922,1.0907078011003088,0.040604831456139995,0.18590625116475545
direct_parent_classification,"7,9'-epoxylignans",0,202,0.0,0.02787710337575161,0.6015337124019373,0.03748801779489242,9.65222565609634,1.0,1.0
direct_parent_classification,Phthalazinones,0,108,0.0,0.014904589923669179,1.1228238069149996,0.06976843133372225,18.07025437256353,1.0,1.0
direct_parent_classification,Aromatic anilides,0,452,0.0,0.06237846893980064,0.2691017431138965,0.016802321536445067,4.309865633142671,0.2729489322298454,0.8163610229251954
direct_parent_classification,o-Hydroxybenzoic acid esters,9,162,0.30272452068617556,0.022356884885503768,13.57862872994452,6.933083071861101,26.59410774032171,4.820982097046484e-08,9.03518541291298e-07
direct_parent_classification,Pyridopyrimidines,0,392,0.0,0.05409814120442887,0.3102640200754221,0.019367902832385906,4.970272878093704,0.41765165606878085,1.0
direct_parent_classification,Quinazolinamines,0,289,0.0,0.039883578592040676,0.4207113904544838,0.02624598553483219,6.743815118820487,0.6367936359590328,1.0
direct_parent_classification,Ibogan-type alkaloids,0,353,0.0,0.048715928176437225,0.34451254825451316,0.02150164565237781,5.519991252004135,0.4121043284084798,1.0
direct_parent_classification,Acyl glycines,1,750,0.03363605785401951,0.10350409669214708,0.3247460744728578,0.04567004132497033,2.3091727054748716,0.384361903222586,1.0
direct_parent_classification,Dihydropyranones,1,915,0.03363605785401951,0.12627499796441943,0.266124631349793,0.03743473975156412,1.8918875857312214,0.1967796331411346,0.6272711472856696
direct_parent_classification,Ambrosanolides and secoambrosanolides,0,772,0.0,0.10654021686178339,0.15755952118579272,0.009844026811407608,2.521834122549135,0.08379421236787046,0.33610446067850624
direct_parent_classification,Angular triquinanes,0,206,0.0,0.028429125224776395,0.5898784704762936,0.036764088317310185,9.464578773944956,1.0,1.0
direct_parent_classification,Flavonoid-8-O-glycosides,0,189,0.0,0.026083032366421063,0.6428114128628745,0.04005108360224287,10.316987091046524,1.0,1.0
direct_parent_classification,Aspidofractine alkaloids,0,348,0.0,0.04802590086515624,0.34945775198857243,0.021809671780410066,5.599383688781511,0.41196761031944973,1.0
direct_parent_classification,"2,2-dimethyl-1-benzopyrans",0,1168,0.0,0.16119037991523705,0.10410624041103633,0.006506341830828789,1.665776187959666,0.018151732309239624,0.09578122825312364
direct_parent_classification,Flavanonols,0,258,0.0,0.03560540926209859,0.4711843723360347,0.02938630307684624,7.5550405967408185,0.6318690302423049,1.0
direct_parent_classification,Anthracenes,0,847,0.0,0.11689062653099809,0.1436013200180751,0.0089726562418947,2.298242410608514,0.05603412565938415,0.2440907147934013
direct_parent_classification,Lignan lactones,0,392,0.0,0.05409814120442887,0.3102640200754221,0.019367902832385906,4.970272878093704,0.41765165606878085,1.0
direct_parent_classification,Inositol phosphates,0,56,0.0,0.0077283058863469815,2.1563739284029575,0.13320710839678127,34.90766052247975,1.0,1.0
direct_parent_classification,Xanthanolides,0,165,0.0,0.022770901272272357,0.7360531624516055,0.045836338771904434,11.819754205305165,1.0,1.0
direct_parent_classification,Phenylhydantoins,0,315,0.0,0.04347172061070177,0.38602718093289456,0.024086965401499995,6.186623426200371,0.6440993662600332,1.0
direct_parent_classification,Pyrrolizidines,0,399,0.0,0.055064179440222245,0.3048246578611696,0.019028944630225295,4.8829860954342905,0.4194110477877419,1.0
direct_parent_classification,Phosphatidylinositols,0,372,0.0,0.05133803195930495,0.32693151924776237,0.020406420805181673,5.237773899600737,0.41385829693131027,1.0
direct_parent_classification,Aryl-aldehydes,8,159,0.2690884628321561,0.02194286849873518,12.293529330660643,6.0374817729276975,25.03210263615042,5.483045138648708e-07,8.89562696374798e-06
direct_parent_classification,Indanones,0,432,0.0,0.059618359694676715,0.281553530171622,0.017578548944522016,4.50960944514172,0.4303777838764271,1.0
direct_parent_classification,N-acetylarylamines,0,108,0.0,0.014904589923669179,1.1228238069149996,0.06976843133372225,18.07025437256353,1.0,1.0
direct_parent_classification,Aspartic acid and derivatives,1,197,0.03363605785401951,0.02718707606447063,1.2372874408181949,0.17336761341123716,8.830254861818446,0.5555077548474133,1.0
direct_parent_classification,Alkyldiarylamines,0,45,0.0,0.006210245801528825,2.6777357500411143,0.16492624657996455,43.47560740474222,1.0,1.0
direct_parent_classification,Norbelladine-type amaryllidaceae alkaloids,0,191,0.0,0.026359043290933457,0.6360962215848349,0.03963419761374862,10.208820348974248,1.0,1.0
direct_parent_classification,Pyranodioxins,0,251,0.0,0.034639371026305224,0.4843035280832242,0.03020225289027979,7.765973888303718,0.631443490283333,1.0
direct_parent_classification,Glycosphingolipids,0,1276,0.0,0.1760949698389062,0.09528396514162081,0.005955273600592503,1.5245368428087522,0.01263687733655595,0.07191772599390742
direct_parent_classification,Steroid glucuronide conjugates,0,161,0.0,0.022218879423247573,0.754287746091507,0.04696700043735876,12.113824570564827,1.0,1.0
direct_parent_classification,Cardiolipins,0,1456,0.0,0.20093595304502151,0.0834876169870127,0.005218348630710973,1.3357065009319775,0.005829453720353726,0.03935786455915839
direct_parent_classification,"1-(1Z-alkenyl),2-acylglycerophosphoethanolamines",0,134,0.0,0.018492731942330278,0.9057398594649265,0.05634895245206629,14.558650291172588,1.0,1.0
direct_parent_classification,Purine ribonucleoside monophosphates,1,165,0.03363605785401951,0.022770901272272357,1.4773114727354297,0.20680054545768065,10.553401504070683,0.49326426308412646,1.0
direct_parent_classification,Anthocyanidin-3-O-glycosides,0,1408,0.0,0.19431169085672412,0.08633850581330209,0.005396454431462265,1.381339855778921,0.00555224849696484,0.03872528554332303
direct_parent_classification,Lappaconitine-type diterpenoid alkaloids,0,170,0.0,0.023460928583553337,0.7144630945788483,0.04449731229912031,11.471648221892176,1.0,1.0
direct_parent_classification,Isothiocyanates,17,54,0.5718129835183317,0.007452294961834589,77.16530722197163,44.686871657187154,133.24908228843492,1.9844434335712385e-25,1.2688764778187861e-23
direct_parent_classification,Flavonols,0,643,0.0,0.08873751223073409,0.1891785885396109,0.011817403229608099,3.0284604550154017,0.12242708745475198,0.454529289261141
direct_parent_classification,Quinic acids and derivatives,0,520,0.0,0.07176284037322198,0.23392335143592285,0.014608754576666725,3.745708373690795,0.28451323104869963,0.8234156645356466
direct_parent_classification,Jatrophane and cyclojatrophane diterpenoids,0,553,0.0,0.07631702062767644,0.2199666764337617,0.013738235643430515,3.5219470678138043,0.18244031970207142,0.6105856625436161
direct_parent_classification,Hopanoids,0,238,0.0,0.03284530001697467,0.5107107894719216,0.03184429132205154,8.190652065238984,1.0,1.0
direct_parent_classification,Cyclic ketones,28,460,0.9418096199125463,0.06348251263785021,14.96727836421348,10.202664027556533,21.956953696289055,5.353611814049944e-23,3.2329866899290493e-21
direct_parent_classification,Pyrimidine ribonucleoside diphosphates,0,68,0.0,0.009384371433421334,1.7785855347540747,0.1101050821593759,28.730431351547423,1.0,1.0
direct_parent_classification,Linear triquinanes,0,125,0.0,0.01725068278202451,0.9707053742320109,0.06036839965124787,15.608645069381609,1.0,1.0
direct_parent_classification,Phorbol esters,0,250,0.0,0.03450136556404902,0.48623754676622877,0.030322529464977703,7.797072211878361,0.6314057051067321,1.0
direct_parent_classification,"Benzo-1,4-dioxanes",1,316,0.03363605785401951,0.04360972607295797,0.7712202071656132,0.10826486307114054,5.493754770185618,1.0,1.0
direct_parent_classification,Aphidicolane and stemodane diterpenoids,0,130,0.0,0.017940710093305494,0.9335071548357876,0.05806729152365025,15.007340367764186,1.0,1.0
direct_parent_classification,Dibenzofurans,0,271,0.0,0.03739948027142914,0.44861500652943853,0.027982309740572555,7.192237736958528,0.6333645668907212,1.0
direct_parent_classification,3'-O-methylated isoflavonoids,0,312,0.0,0.04305770422393319,0.38973465612914077,0.024317788697858014,6.246172465569569,0.6431317012162404,1.0
direct_parent_classification,Tigliane and ingenane diterpenoids,0,451,0.0,0.062240463477544444,0.26969813269335013,0.016839502155106916,4.319431899370074,0.2729174775721658,0.8163610229251954
direct_parent_classification,Pyrrolidinylpyridines,0,79,0.0,0.010902431518239492,1.532468672434598,0.09500139786223145,24.72027027853985,1.0,1.0
direct_parent_classification,Isoquinoline quinones,0,159,0.0,0.02194286849873518,0.7637480081366597,0.04755350527140403,12.266414780646782,1.0,1.0
direct_parent_classification,Flavonoid-7-O-glucuronides,0,851,0.0,0.11744264838002288,0.14292594962687138,0.008930491291848123,2.2874247797979237,0.0561343022374034,0.2440907147934013
direct_parent_classification,Isocopalane and spongiane diterpenoids,0,265,0.0,0.036571447497891964,0.45875699881280246,0.028613266582837773,7.355258909374655,0.6325648610390264,1.0
direct_parent_classification,Aryl ketones,1,58,0.03363605785401951,0.008004316810859374,4.203317167123033,0.5820247835649802,30.355881237931285,0.21461846466966542,0.6703743422296733
direct_parent_classification,8-hydroxyquinolines,0,97,0.0,0.013386529838851021,1.2495203356141644,0.07758513692703177,20.123713522368668,1.0,1.0
direct_parent_classification,Quinolones and derivatives,0,111,0.0,0.015318606310437768,1.0926087766300376,0.06790261254010821,17.58097213216717,1.0,1.0
direct_parent_classification,Cumenes,5,60,0.16818028927009754,0.008280327735371766,20.343356918238992,8.163956021410153,50.692601677119015,7.64905267212995e-06,0.00010264839820500316
direct_parent_classification,Eunicellane and asbestinane diterpenoids,0,285,0.0,0.03933155674301589,0.4266081266010884,0.026612960443059254,6.838566271929171,0.6359057956729965,1.0
direct_parent_classification,Cembrane diterpenoids,0,485,0.0,0.06693264919425511,0.2507991549798711,0.01566116362650796,4.016318176521253,0.27634385634591835,0.8163610229251954
direct_parent_classification,Benzoxazoles,1,313,0.03363605785401951,0.04319570968618938,0.7786153191233193,0.10929975501316384,5.546598115434876,1.0,1.0
direct_parent_classification,Beta-hydroxy ketones,2,102,0.06727211570803902,0.014076557150132002,4.781561631721016,1.1792495354410941,19.38803531467544,0.06802676658011685,0.2822331880633092
direct_parent_classification,Vobasan alkaloids,0,109,0.0,0.015042595385925376,1.1125681725869228,0.06913520397087981,17.90416267774052,1.0,1.0
direct_parent_classification,Kainoids,0,40,0.0,0.005520218490247844,3.0083411700473524,0.18494277520581456,48.93468579851472,1.0,1.0
direct_parent_classification,16-oxosteroids,0,332,0.0,0.045817813469057105,0.36628185563960347,0.022857479381983986,5.869518485775674,0.6501166711174742,1.0
direct_parent_classification,Anthracenecarboxylic acids,0,332,0.0,0.045817813469057105,0.36628185563960347,0.022857479381983986,5.869518485775674,0.6501166711174742,1.0
direct_parent_classification,Furoic acid and derivatives,12,231,0.4036326942482341,0.0318792617811813,12.708553182717317,7.105372620037538,22.730310236298518,5.978454895618067e-10,1.412734885116704e-08
direct_parent_classification,O-glucuronides,1,473,0.03363605785401951,0.06527658364718075,0.5151221122300029,0.07238785489731489,3.6656810853797315,1.0,1.0
direct_parent_classification,N-acylpyrrolidines,0,396,0.0,0.05465016305345365,0.3071322957668739,0.019172749490827767,4.9200166699177945,0.41863089536879583,1.0
direct_parent_classification,Acyltrehaloses,0,63,0.0,0.008694344122140355,1.9186448801685227,0.11868138567924466,31.017485641311175,1.0,1.0
direct_parent_classification,Tetracenequinones,0,602,0.0,0.08307928827823005,0.2020635949504161,0.012621365389636905,3.2349666730835693,0.18795996105497265,0.6153990291167327
direct_parent_classification,Butyrophenones,0,108,0.0,0.014904589923669179,1.1228238069149996,0.06976843133372225,18.07025437256353,1.0,1.0
direct_parent_classification,Dibenzylbutyrolactols,0,38,0.0,0.005244207565735451,3.164627368595756,0.1943789821515663,51.52237279571842,1.0,1.0
direct_parent_classification,Phenanthrolines,1,180,0.03363605785401951,0.0248409832061153,1.3541741438612234,0.18965680017110226,9.66897896752393,0.5234572788462447,1.0
direct_parent_classification,Pyranoquinolines,0,201,0.0,0.027739097913495415,0.6045198258729614,0.037673475601882965,9.700305428024016,1.0,1.0
direct_parent_classification,Vitamin E compounds,0,107,0.0,0.014766584461412983,1.1332702437422033,0.07041336375961267,18.2394559324853,1.0,1.0
direct_parent_classification,Ergosterols and derivatives,0,1475,0.0,0.20355805682788924,0.0824103824150492,0.005151048211964892,1.318463902942972,0.0060264805019113465,0.04037721063977316
direct_parent_classification,Germacranolides and derivatives,0,2998,0.0,0.4137403758440759,0.04046704143507211,0.0025299894659532363,0.6472680872964993,9.034584058576294e-06,0.00011832039604424616
direct_parent_classification,Cephalosporins,0,151,0.0,0.02083882480068561,0.8040868152730861,0.05005366938617552,12.917246915659463,1.0,1.0
direct_parent_classification,Phthalides,1,190,0.03363605785401951,0.026221037828677258,1.2828841113551037,0.17972372723660204,9.157342040879936,0.5425800815996729,1.0
direct_parent_classification,Cerveratrum-type alkaloids,0,655,0.0,0.09039357777780845,0.18571228665312986,0.011601102624910346,2.972911673057526,0.12274919318855866,0.454529289261141
direct_parent_classification,Methylpyridines,11,285,0.3699966363942146,0.03933155674301589,9.438340618595781,5.162661738860926,17.25510562934728,5.711825560600702e-08,1.0523312515886378e-06
direct_parent_classification,Dithiins,0,31,0.0,0.004278169329942079,3.867915262063572,0.2366350976839967,63.222947994312236,1.0,1.0
direct_parent_classification,p-Hydroxybenzoic acid alkyl esters,8,465,0.2690884628321561,0.06417253994913119,4.201818346660864,2.0869421804332324,8.459878564853552,0.0008499139706011368,0.007390851888347486
direct_parent_classification,"1,2,4-triazines",0,86,0.0,0.011868469754032865,1.4084402588957758,0.08737399914182166,22.703595833567586,1.0,1.0
direct_parent_classification,Aloperine and related alkaloids,0,287,0.0,0.03960756766752828,0.4236392481411892,0.026428199630471844,6.7908603338496825,0.636341152571956,1.0
direct_parent_classification,Fatty acid methyl esters,26,563,0.8745375042045073,0.0776970752502384,11.346214140761505,7.645117222596656,16.83905839239585,1.1655174981274915e-18,6.032940573640872e-17
direct_parent_classification,6-hydroxysteroids,0,223,0.0,0.03077521808313173,0.5449979667525483,0.03397557769329458,8.742243809530049,1.0,1.0
direct_parent_classification,Aminoquinolines and derivatives,0,136,0.0,0.01876874286684267,0.8924664820074271,0.05552735692547626,14.344216357636066,1.0,1.0
direct_parent_classification,4'-O-methylated flavonoids,0,347,0.0,0.047887895402900046,0.35046386969791915,0.02187233857263706,5.615536882612891,0.4119572522184128,1.0
direct_parent_classification,7-hydroxyflavonoids,0,93,0.0,0.012834507989826237,1.3029829447103605,0.08088020460124351,20.991101130077748,1.0,1.0
direct_parent_classification,Cyanogenic glycosides,0,233,0.0,0.03215527270569369,0.5216503813665969,0.03252438517238116,8.366618429146891,1.0,1.0
direct_parent_classification,Pyrroline carboxylic acids and derivatives,0,31,0.0,0.004278169329942079,3.867915262063572,0.2366350976839967,63.222947994312236,1.0,1.0
direct_parent_classification,2-halobenzoic acids and derivatives,0,86,0.0,0.011868469754032865,1.4084402588957758,0.08737399914182166,22.703595833567586,1.0,1.0
direct_parent_classification,Chloroquinolines,0,43,0.0,0.005934234877016433,2.800857768526196,0.17238946975498262,45.50628440741406,1.0,1.0
direct_parent_classification,Nitrophenyl ethers,0,115,0.0,0.015870628159462552,1.0547636881923077,0.06556472292137619,16.968369396804402,1.0,1.0
direct_parent_classification,Cinchona alkaloids,3,117,0.10090817356205853,0.016146639083974942,6.254787188120521,1.9873045205702382,19.686143901816735,0.013429222724515036,0.07485930821306587
direct_parent_classification,Erythrinanes,0,142,0.0,0.019596775640379847,0.8548818658382967,0.05320027151874404,13.737204410351113,1.0,1.0
direct_parent_classification,3-furanilides,0,81,0.0,0.011178442442751884,1.49485795281634,0.09268958053727773,24.10843037745274,1.0,1.0
direct_parent_classification,17-furanylsteroids and derivatives,0,35,0.0,0.004830191178966863,3.4320748773792915,0.21048802227061886,55.96108432618532,1.0,1.0
direct_parent_classification,Beta-diketones,2,86,0.06727211570803902,0.011868469754032865,5.671279735113853,1.3951828312567462,23.053189240395856,0.050714840557155125,0.22686021269805606
direct_parent_classification,Toluenes,4,370,0.13454423141607805,0.05106202103479256,2.6371205155981174,0.9838946814927793,7.068240884519427,0.06879565025856577,0.28433791570745626
direct_parent_classification,Cedrane and isocedrane sesquiterpenoids,6,165,0.20181634712411706,0.022770901272272357,8.87880626283053,3.9286633940470908,20.06616315674453,8.28804393748849e-05,0.0008662599769278835
direct_parent_classification,Morpholine carboxylic acids and derivatives,0,215,0.0,0.029671174385082162,0.5652361521358231,0.03523319063557245,9.067924361035393,1.0,1.0
direct_parent_classification,Pyridines and derivatives,3,108,0.10090817356205853,0.014904589923669179,6.7761036288814065,2.150374035279767,21.35236923253032,0.010896407908143994,0.06437171410952457
direct_parent_classification,Macroline alkaloids,0,300,0.0,0.04140163867685883,0.40530481818459063,0.025287063476700348,6.496285968317566,0.6395748506817404,1.0
direct_parent_classification,Isochromanequinones,0,119,0.0,0.016422650008487336,1.0194521621604509,0.06338243727212271,16.397013994138756,1.0,1.0
direct_parent_classification,Indazoles,0,42,0.0,0.0057962294147602365,2.866764260774093,0.1763801992734908,46.594444051559776,1.0,1.0
direct_parent_classification,Aminopiperidines,0,33,0.0,0.004554180254454471,3.6369849089845876,0.22279718329341747,59.370854840481435,1.0,1.0
direct_parent_classification,Ketones,63,723,2.119071644803229,0.09977794921122977,21.67601488642683,16.71287077273021,28.113041005692097,9.84296486608935e-59,2.674825702359781e-56
direct_parent_classification,7-hydroxysteroids,0,237,0.0,0.03270729455471848,0.5128618586992114,0.031978025932380194,8.225250885236004,1.0,1.0
direct_parent_classification,Dialkylarylamines,0,348,0.0,0.04802590086515624,0.34945775198857243,0.021809671780410066,5.599383688781511,0.41196761031944973,1.0
direct_parent_classification,Hydropyrimidines,0,214,0.0,0.029533168922825967,0.5678720696376658,0.035396966822717604,9.110348044499693,1.0,1.0
direct_parent_classification,18-hydroxysteroids,0,203,0.0,0.02801510883800781,0.5985769464834539,0.03730437646378304,9.60462001581251,1.0,1.0
direct_parent_classification,Phenylnaphthalenes,0,313,0.0,0.04319570968618938,0.3884909470122713,0.024240357831542724,6.226195873812566,0.6434509145372087,1.0
direct_parent_classification,Guaianes,3,850,0.10090817356205853,0.11730464291776668,0.8600819964349377,0.2766834684739777,2.6736004311044748,1.0,1.0
direct_parent_classification,Naphthacenes,0,51,0.0,0.007038278575066001,2.365746945918722,0.1459677487671136,38.34243289627761,1.0,1.0
direct_parent_classification,4-alkoxyphenols,1,114,0.03363605785401951,0.015732622697206357,2.1383645014285375,0.2985464091034197,15.316220867308171,0.37556337689946523,1.0
direct_parent_classification,Hydroquinones,0,104,0.0,0.014352568074644394,1.1658091450556471,0.0724217294033281,18.766618443012792,1.0,1.0
direct_parent_classification,Phenanthridine- and phenanthridone-type amaryllidaceae alkaloids,0,41,0.0,0.0056582239525040405,2.935846969515864,0.18056004511200668,47.735906485118264,1.0,1.0
direct_parent_classification,17-oxosteroids,0,138,0.0,0.019044753791355062,0.8795764511912993,0.05472937109515349,14.136006279794264,1.0,1.0
direct_parent_classification,2-acyl-sn-glycero-3-phosphoethanolamines,0,34,0.0,0.004692185716710667,3.5315601825789646,0.21646778956224189,57.615580352157025,1.0,1.0
direct_parent_classification,Dibenzo-p-dioxins,0,135,0.0,0.018630737404586473,0.8990541914835661,0.05593513847084703,14.450638030429623,1.0,1.0
direct_parent_classification,Azepanes,0,127,0.0,0.017526693706536905,0.9554759855850866,0.059426416582095035,15.362433266838712,1.0,1.0
direct_parent_classification,Hexose phosphates,0,81,0.0,0.011178442442751884,1.49485795281634,0.09268958053727773,24.10843037745274,1.0,1.0
direct_parent_classification,Phenethylamines,0,197,0.0,0.02718707606447063,0.6167666709946298,0.038434021491645626,9.897510374564506,1.0,1.0
direct_parent_classification,Depsipeptides,0,300,0.0,0.04140163867685883,0.40530481818459063,0.025287063476700348,6.496285968317566,0.6395748506817404,1.0
direct_parent_classification,Macrolide lactams,0,436,0.0,0.0601703815437015,0.2789718881814177,0.017417621939276835,4.4681940317012465,0.4319800273715866,1.0
direct_parent_classification,2-prenylated xanthones,0,32,0.0,0.004416174792198275,3.7488973108613264,0.2295077850906168,61.23640225029506,1.0,1.0
direct_parent_classification,Naphthopyranone glycosides,0,206,0.0,0.028429125224776395,0.5898784704762936,0.036764088317310185,9.464578773944956,1.0,1.0
direct_parent_classification,Bromodiphenyl ethers,0,101,0.0,0.013938551687875805,1.2002715282201317,0.07454800607944793,19.32515458455785,1.0,1.0
direct_parent_classification,Grayanoids,0,64,0.0,0.00883234958439655,1.88889584090995,0.11686089430381194,30.531406755549067,1.0,1.0
direct_parent_classification,Bi- and oligothiophenes,0,182,0.0,0.02511699413062769,0.667473642748387,0.04158186710262715,10.714311184349228,1.0,1.0
direct_parent_classification,3-alkylindoles,0,199,0.0,0.027463086988983025,0.6105818607389502,0.03804994952538014,9.797915984481564,1.0,1.0
direct_parent_classification,1-monoacylglycerols,0,161,0.0,0.022218879423247573,0.754287746091507,0.04696700043735876,12.113824570564827,1.0,1.0
direct_parent_classification,Vallesaman alkaloids,0,30,0.0,0.004140163867685883,3.9947376690823586,0.24421917283070577,65.3426545500901,1.0,1.0
direct_parent_classification,Diazinanes,0,270,0.0,0.03726147480917295,0.4502740939916894,0.02808553039488923,7.21890442763121,0.633218694265314,1.0
direct_parent_classification,Carbamate esters,0,151,0.0,0.02083882480068561,0.8040868152730861,0.05005366938617552,12.917246915659463,1.0,1.0
direct_parent_classification,Pyrazines,42,204,1.4127144298688195,0.028153114300264005,50.88441005880346,36.43303372371789,71.06800950662742,7.212275951668202e-54,1.1199634227804764e-51
direct_parent_classification,Pyridoindolones,0,61,0.0,0.008418333197627963,1.9810453039791873,0.12249797770827836,32.03759416962826,1.0,1.0
direct_parent_classification,Indolecarboxamides and derivatives,0,421,0.0,0.05810029960985856,0.288905697440878,0.018036821406107396,4.627561593837026,0.42626139718698947,1.0
direct_parent_classification,Pyrrolopyridines,0,316,0.0,0.04360972607295797,0.3848069745096961,0.02401099457341926,6.167025159183952,0.6444285395186266,1.0
direct_parent_classification,Cholestane steroids,0,546,0.0,0.07535098239188306,0.22278633571848677,0.013914117237090465,3.567150580747088,0.18225749695695537,0.6105856625436161
direct_parent_classification,Medium-chain aldehydes,22,97,0.7399932727884292,0.013386529838851021,55.683601924212304,35.003315645989964,88.58199476338339,9.200125754398722e-30,7.692720534639547e-28
direct_parent_classification,P-terphenyls,0,174,0.0,0.02401295043257812,0.6980818625653636,0.043481120983559246,11.207583333166324,1.0,1.0
direct_parent_classification,Isoflavanols,0,238,0.0,0.03284530001697467,0.5107107894719216,0.03184429132205154,8.190652065238984,1.0,1.0
direct_parent_classification,5-O-methylated isoflavonoids,0,44,0.0,0.006072240339272629,2.7379133658175303,0.16857530670648754,44.46777968361716,1.0,1.0
direct_parent_classification,Furopyridines,0,45,0.0,0.006210245801528825,2.6777357500411143,0.16492624657996455,43.47560740474222,1.0,1.0
direct_parent_classification,Benzyloxycarbonyls,28,529,0.9418096199125463,0.07300488953352774,13.01378453756808,8.88367642112797,19.064020340437214,1.831920408698826e-21,1.04805130750296e-19
direct_parent_classification,Aurone flavonoids,0,769,0.0,0.1061262004750148,0.15817444388830817,0.009882411495543962,2.5316851773129296,0.08360929822722014,0.33610446067850624
direct_parent_classification,19-oxosteroids,0,224,0.0,0.030913223545387926,0.542569609876103,0.0338246586957285,8.703170790553523,1.0,1.0
direct_parent_classification,O-methoxybenzoic acids and derivatives,3,327,0.10090817356205853,0.04512778615777612,2.2373026905136997,0.717440865190808,6.9769141567487765,0.15383007985755845,0.5376633337786689
direct_parent_classification,Ergopeptines,0,47,0.0,0.006486256726041217,2.564981901533723,0.15808233649692185,41.61838887878318,1.0,1.0
direct_parent_classification,"2,4-disubstituted thiazoles",5,404,0.16818028927009754,0.05575420675150322,3.0198561887859947,1.2492493362444475,7.300009002497964,0.02749045176334676,0.13400054290025978
direct_parent_classification,Chlorobenzenes,0,382,0.0,0.05271808658186691,0.3183798938554179,0.019873611010299972,5.10052032108568,0.41551889572759515,1.0
direct_parent_classification,Prenylquinones,0,275,0.0,0.03795150212045393,0.4420990986014697,0.027576901611123614,7.08751170600664,0.6339969742427591,1.0
direct_parent_classification,Organosulfonic acids,1,54,0.03363605785401951,0.007452294961834589,4.514698918299188,0.6243662831822047,32.645110525521076,0.20164852906009084,0.6353389886617935
direct_parent_classification,Indolocarbazoles,0,305,0.0,0.04209166598813981,0.39866859935981147,0.02487396612096238,6.389678724438357,0.6409938751773905,1.0
direct_parent_classification,N-benzoylpiperidines,0,680,0.0,0.09384371433421335,0.1788834681864676,0.011174952772127015,2.8634837070840087,0.12447247704250855,0.454529289261141
direct_parent_classification,Carboxylic acid esters,77,459,2.589976454759502,0.063344507175594,41.9476868402364,32.86185534835705,53.54562037333397,2.228750284400436e-91,1.211325779571637e-88
direct_parent_classification,"Phenyl-1,2,4-triazoles",0,431,0.0,0.05948035423242052,0.28220641935396507,0.017619246132133583,4.5200834659628,0.4299858100424472,1.0
direct_parent_classification,Taurinated bile acids and derivatives,0,54,0.0,0.007452294961834589,2.235513087317173,0.13803396711316637,36.204992641189335,1.0,1.0
direct_parent_classification,Milbemycins,0,290,0.0,0.04002158405429687,0.41926257963705216,0.02615581710759947,6.720536007756492,0.6370262035769019,1.0
direct_parent_classification,Peptidomimetics,0,109,0.0,0.015042595385925376,1.1125681725869228,0.06913520397087981,17.90416267774052,1.0,1.0
direct_parent_classification,Flavonoid-3-O-glucuronides,0,154,0.0,0.0212528411874542,0.7884702139666298,0.04908590209447648,12.665251157369266,1.0,1.0
direct_parent_classification,Galanthamine-type amaryllidaceae alkaloids,0,83,0.0,0.011454453367264276,1.4590489443175194,0.09048759007872809,23.5261412096609,1.0,1.0
direct_parent_classification,Spirosolanes and derivatives,0,392,0.0,0.05409814120442887,0.3102640200754221,0.019367902832385906,4.970272878093704,0.41765165606878085,1.0
direct_parent_classification,Piperazine carboxamides,0,69,0.0,0.009522376895677531,1.7529919565272618,0.10853642524166467,28.312898575819585,1.0,1.0
direct_parent_classification,Stichoneurine-type alkaloids,0,73,0.0,0.010074398744702315,1.6575818825932929,0.10268461890982612,26.757441637041534,1.0,1.0
direct_parent_classification,Trichothecenes,0,629,0.0,0.08680543575914734,0.193389635986293,0.012080165209072641,3.0959470056603604,0.1939345485274108,0.6236889178973241
direct_parent_classification,Yohimbine alkaloids,0,89,0.0,0.012282486140801453,1.3612243345078923,0.08446752464147154,21.93661643005823,1.0,1.0
direct_parent_classification,Neoflavonoid 7-O-glycosides,0,33,0.0,0.004554180254454471,3.6369849089845876,0.22279718329341747,59.370854840481435,1.0,1.0
direct_parent_classification,"Phenylbenzo-1,4-dioxanes",0,212,0.0,0.029257157998313573,0.5732183305472853,0.03572912838992035,9.19639714939459,1.0,1.0
direct_parent_classification,Sophorolipids,0,45,0.0,0.006210245801528825,2.6777357500411143,0.16492624657996455,43.47560740474222,1.0,1.0
direct_parent_classification,Retinoids,0,76,0.0,0.010488415131470903,1.5925720773147554,0.09869372105014385,25.698553002718498,1.0,1.0
direct_parent_classification,Oxazolidinones,0,139,0.0,0.019182759253611258,0.8732700382651293,0.05433891606004086,14.034151120882825,1.0,1.0
direct_parent_classification,Xanthophylls,0,948,0.0,0.1308291782188739,0.12829218277529528,0.008016791527295286,2.053051286816074,0.038110723337757335,0.17849897612236418
direct_parent_classification,Phosphocholines,0,40,0.0,0.005520218490247844,3.0083411700473524,0.18494277520581456,48.93468579851472,1.0,1.0
direct_parent_classification,Phosphatidylglycerols,0,266,0.0,0.036709452960148166,0.45703495321872284,0.028506139264967867,7.327577632385345,0.6326854113495554,1.0
direct_parent_classification,Pyranoxanthones,0,490,0.0,0.06762267650553609,0.2482408745824268,0.01550163710426116,3.9752918610453616,0.27723769403847287,0.8166866488342006
direct_parent_classification,Acyclic monoterpenoids,19,205,0.6390850992263707,0.0282911197625202,22.728464091682216,14.185338115454915,36.41669135852822,2.9840899011955773e-19,1.6218528612997964e-17
direct_parent_classification,Hydroxypyridines,0,416,0.0,0.05741027229857758,0.2923759717440028,0.01825311589764448,4.6832392525531175,0.42453711352251183,1.0
direct_parent_classification,Pyrimidines and pyrimidine derivatives,1,183,0.03363605785401951,0.025254999592883888,1.3319690517691534,0.18656350163688656,9.509585418930843,0.5292765483466515,1.0
direct_parent_classification,Chaetoglobosins,0,47,0.0,0.006486256726041217,2.564981901533723,0.15808233649692185,41.61838887878318,1.0,1.0
direct_parent_classification,Alkyl chlorides,0,97,0.0,0.013386529838851021,1.2495203356141644,0.07758513692703177,20.123713522368668,1.0,1.0
direct_parent_classification,Cytochalasans,0,233,0.0,0.03215527270569369,0.5216503813665969,0.03252438517238116,8.366618429146891,1.0,1.0
direct_parent_classification,Clavulones and derivatives,0,117,0.0,0.016146639083974942,1.0368074015505762,0.06445511695002257,16.67780059639906,1.0,1.0
direct_parent_classification,Acetophenones,0,407,0.0,0.056168223138271814,0.29883706895573475,0.01865579899868171,4.786908016556411,0.42167733899426624,1.0
direct_parent_classification,Acyclic diterpenoids,2,339,0.06727211570803902,0.04678385170485048,1.4382293339052334,0.35806518322731606,5.7768912304224544,0.40618726525238974,1.0
direct_parent_classification,Prenylated hydroquinones,0,87,0.0,0.01200647521628906,1.3923418770568594,0.0863832050406304,22.442046479919203,1.0,1.0
direct_parent_classification,"1,2-dioxanes",0,412,0.0,0.05685825044955279,0.29521276324706625,0.01842992047188185,4.728754837381543,0.42322664280112576,1.0
direct_parent_classification,"2,4-disubstituted oxazoles",0,101,0.0,0.013938551687875805,1.2002715282201317,0.07454800607944793,19.32515458455785,1.0,1.0
direct_parent_classification,Oxocins,0,698,0.0,0.09632781265482487,0.17426939637039615,0.010886994615980666,2.789550613603073,0.1265631022169321,0.454529289261141
direct_parent_classification,Pyrrolines,3,198,0.10090817356205853,0.027325081526726826,3.6955973880216306,1.181100558860529,11.56331690125383,0.05015341295518654,0.22527586728218088
direct_parent_classification,"1,2-diols",0,90,0.0,0.01242049160305765,1.3461813236071487,0.08354119299592762,21.692342316885934,1.0,1.0
direct_parent_classification,N-substituted carboxylic acid imides,0,39,0.0,0.005382213027991648,3.084505963010815,0.1895435270182853,50.195209435621834,1.0,1.0
direct_parent_classification,Isoindoles,0,232,0.0,0.032017267243437494,0.523894762155311,0.032663903644864024,8.402722613863883,1.0,1.0
direct_parent_classification,m-Hydroxybenzoic acid esters,0,387,0.0,0.05340811389314789,0.31426959648942,0.019617500121468068,5.034554793734431,0.41652796142991544,1.0
direct_parent_classification,Pyrrolidine-2-ones,0,313,0.0,0.04319570968618938,0.3884909470122713,0.024240357831542724,6.226195873812566,0.6434509145372087,1.0
direct_parent_classification,Dolabellane and neodolabellane diterpenoids,0,365,0.0,0.050371993723511574,0.3331960820351776,0.020796702075056343,5.33832858127781,0.41299168209158044,1.0
direct_parent_classification,Fatty amides,1,110,0.03363605785401951,0.01518060084818157,2.216135445980668,0.30930809261508857,15.87820180651929,0.36525051329875624,1.0
direct_parent_classification,Flavonoid C-glycosides,0,670,0.0,0.09246365971165138,0.1815538875779051,0.011341603232364912,2.9062746614684323,0.12361546215916835,0.454529289261141
direct_parent_classification,Piperidinediones,0,116,0.0,0.016008633621718747,1.0457084792635376,0.06500518599565533,16.82183054866955,1.0,1.0
direct_parent_classification,"1-alkyl,2-acylglycero-3-phosphocholines",0,104,0.0,0.014352568074644394,1.1658091450556471,0.0724217294033281,18.766618443012792,1.0,1.0
direct_parent_classification,Thiazolecarboxylic acids and derivatives,4,66,0.13454423141607805,0.009108360508908942,14.790062973963277,5.387440973569797,40.60294374396739,0.0002057745722948626,0.001928249655900997
direct_parent_classification,Azepines,1,405,0.03363605785401951,0.055892212213759424,0.6016682451855175,0.08452043578781866,4.283043194114639,1.0,1.0
direct_parent_classification,Long-chain ceramides,0,79,0.0,0.010902431518239492,1.532468672434598,0.09500139786223145,24.72027027853985,1.0,1.0
direct_parent_classification,Aurone O-glycosides,0,130,0.0,0.017940710093305494,0.9335071548357876,0.05806729152365025,15.007340367764186,1.0,1.0
direct_parent_classification,Indolecarboxylic acids,0,258,0.0,0.03560540926209859,0.4711843723360347,0.02938630307684624,7.5550405967408185,0.6318690302423049,1.0
direct_parent_classification,Delta-7-steroids,0,41,0.0,0.0056582239525040405,2.935846969515864,0.18056004511200668,47.735906485118264,1.0,1.0
direct_parent_classification,C24-propyl sterols and derivatives,0,201,0.0,0.027739097913495415,0.6045198258729614,0.037673475601882965,9.700305428024016,1.0,1.0
direct_parent_classification,Xeniaphyllane and xenicane diterpenoids,0,67,0.0,0.009246365971165139,1.8049374412246448,0.11171974094470334,29.160461160996103,1.0,1.0
direct_parent_classification,Cucurbitacins,0,454,0.0,0.06265447986431302,0.267916837084751,0.016728450384129432,4.290859580251104,0.2730249456261042,0.8163610229251954
direct_parent_classification,Glycosylglycerols,0,178,0.0,0.024564972281602905,0.6824348034152286,0.04251029647926102,10.955399032316445,1.0,1.0
direct_parent_classification,Rhamnofolane and daphnane diterpenoids,0,502,0.0,0.06927874205261045,0.2423087187235171,0.015131708192372643,3.880164382169883,0.2797637740029405,0.8174817804870869
direct_parent_classification,7-oxosteroids,0,77,0.0,0.0106264205937271,1.572020590484766,0.09743146859722107,25.363968874616305,1.0,1.0
direct_parent_classification,Pyrans,1,435,0.03363605785401951,0.0600323760814453,0.5601506783620303,0.07870129489861379,3.986831257016195,1.0,1.0
direct_parent_classification,Enoate esters,7,408,0.23545240497813658,0.05630622860052801,4.189149412293576,1.982786734177686,8.85066078768054,0.0017889980790907689,0.014298830235085777
direct_parent_classification,Dibenzylbutyrolactone lignans,0,318,0.0,0.04388573699747036,0.38238954828351646,0.023860480965617204,6.12819862462858,0.6450966192980583,1.0
direct_parent_classification,Hydroxybenzaldehydes,6,179,0.20181634712411706,0.0247029777438591,8.18421632369472,3.6253723074540716,18.475729153475267,0.00012747894787668457,0.0012830520031662605
direct_parent_classification,1-acyl-sn-glycero-3-phosphocholines,0,75,0.0,0.010350409669214708,1.6136679743918967,0.09998910393021328,26.042080879086964,1.0,1.0
direct_parent_classification,Phytoceramides,0,193,0.0,0.026635054215445847,0.6295198456303723,0.039225898567768154,10.10289758838368,1.0,1.0
direct_parent_classification,Isobenzofurans,0,42,0.0,0.0057962294147602365,2.866764260774093,0.1763801992734908,46.594444051559776,1.0,1.0
direct_parent_classification,Ketoximes,1,56,0.03363605785401951,0.0077283058863469815,4.35344765429725,0.6024526052310792,31.45891695735423,0.2081600426204596,0.6539594402556057
direct_parent_classification,"Linear 1,3-diarylpropanoids",1,153,0.03363605785401951,0.021114835725198004,1.593205429322918,0.2229203669464841,11.38659322516452,0.467738699239103,1.0
direct_parent_classification,Wax monoesters,1,180,0.03363605785401951,0.0248409832061153,1.3541741438612234,0.18965680017110226,9.66897896752393,0.5234572788462447,1.0
direct_parent_classification,"1,3-dioxepanes",0,92,0.0,0.012696502527570042,1.3170710646748987,0.08174816606014731,21.219756638057902,1.0,1.0
direct_parent_classification,Alpha-acyloxy ketones,3,201,0.10090817356205853,0.027739097913495415,3.640424141916679,1.163615067859468,11.38923712755698,0.051984899616871354,0.23158846673581623
direct_parent_classification,Aryl alkyl ketones,24,456,0.8072653884964682,0.06293049078882543,12.92414913173065,8.5594690346595,19.51448508112499,1.4563177981002902e-18,7.195533847886433e-17
direct_parent_classification,"13,28-epoxyoleananes",0,280,0.0,0.038641529431734906,0.4342155468971758,0.027086360971218644,6.960814757196625,0.6348943902177772,1.0
direct_parent_classification,Epipolythiodioxopiperazines,0,74,0.0,0.01021240420695851,1.6353302042764781,0.10131893891042468,26.39491595330741,1.0,1.0
direct_parent_classification,Benzoxepines,0,173,0.0,0.023874944970321926,0.7021063583266016,0.043730793595093735,11.272453524784597,1.0,1.0
direct_parent_classification,Nitriles,5,83,0.16818028927009754,0.011454453367264276,14.705574318838696,5.959396346839828,36.28788948759283,3.356415773204857e-05,0.00038813020696528506
direct_parent_classification,"7,8-dihydroxycoumarins",0,100,0.0,0.01380054622561961,1.2122162016552516,0.07528477986529931,19.518794133218957,1.0,1.0
direct_parent_classification,Benzophenones,1,686,0.03363605785401951,0.09467174710775053,0.3550744754737119,0.049929136246525445,2.5251364756326096,0.5386384960532717,1.0
direct_parent_classification,Arborinane and stictane triterpenoids,0,122,0.0,0.016836666395255925,0.9944818687522091,0.061838720586447474,15.993121751190193,1.0,1.0
direct_parent_classification,Glutamic acid and derivatives,4,433,0.13454423141607805,0.05975636515693291,2.2532325951693286,0.8413127950690308,6.034684314431386,0.10595824267570285,0.40988117362451604
direct_parent_classification,"9,9'-epoxylignans",0,91,0.0,0.012558497065313845,1.331467121687842,0.0826349557411422,21.453447638903555,1.0,1.0
direct_parent_classification,Vinylogous acids,0,126,0.0,0.01738868824428071,0.9630304846965055,0.05989370525286815,15.484560698644945,1.0,1.0
direct_parent_classification,Plumeran-type alkaloids,0,179,0.0,0.0247029777438591,0.6786320014351469,0.04227432487555904,10.894115866487459,1.0,1.0
direct_parent_classification,Withanolide glycosides and derivatives,0,136,0.0,0.01876874286684267,0.8924664820074271,0.05552735692547626,14.344216357636066,1.0,1.0
direct_parent_classification,Biotin and derivatives,0,207,0.0,0.028567130687032594,0.5870348722956396,0.03658745240783194,9.418801217692605,1.0,1.0
direct_parent_classification,Epothilones and analogues,0,41,0.0,0.0056582239525040405,2.935846969515864,0.18056004511200668,47.735906485118264,1.0,1.0
direct_parent_classification,Quinolines and derivatives,4,696,0.13454423141607805,0.09605180173031248,1.4012864736375497,0.5241045953202725,3.746587606238465,0.37826234772446693,1.0
direct_parent_classification,Aristolactams,0,83,0.0,0.011454453367264276,1.4590489443175194,0.09048759007872809,23.5261412096609,1.0,1.0
direct_parent_classification,Sphenolobane diterpenoids,0,41,0.0,0.0056582239525040405,2.935846969515864,0.18056004511200668,47.735906485118264,1.0,1.0
direct_parent_classification,Homolycorine-type amaryllidaceae alkaloids,0,105,0.0,0.014490573536900591,1.1547572275479214,0.07173966642320233,18.587544674488303,1.0,1.0
direct_parent_classification,Eburnan-type alkaloids,0,118,0.0,0.01628464454623114,1.0280565529973273,0.06391427749530633,16.536215656014605,1.0,1.0
direct_parent_classification,Cephalotaxus alkaloids,0,144,0.0,0.019872786564892237,0.843047263515145,0.05246731553229439,13.546122596703292,1.0,1.0
direct_parent_classification,Perylenequinones,0,125,0.0,0.01725068278202451,0.9707053742320109,0.06036839965124787,15.608645069381609,1.0,1.0
direct_parent_classification,Phenalenones,0,59,0.0,0.00814232227311557,2.0476407142645185,0.12656816179765026,33.12707109878833,1.0,1.0
direct_parent_classification,Cholesteryl esters,0,316,0.0,0.04360972607295797,0.3848069745096961,0.02401099457341926,6.167025159183952,0.6444285395186266,1.0
direct_parent_classification,4-prenylated xanthones,0,78,0.0,0.010764426055983297,1.5519927084147764,0.09620109164695093,25.0379837248861,1.0,1.0
direct_parent_classification,Homoisoflavans,0,86,0.0,0.011868469754032865,1.4084402588957758,0.08737399914182166,22.703595833567586,1.0,1.0
direct_parent_classification,Furoic acid esters,9,93,0.30272452068617556,0.012834507989826237,23.6553480475382,11.922592703978063,46.93404405767066,5.109532256233491e-10,1.2342359027835122e-08
direct_parent_classification,Azulenes,0,74,0.0,0.01021240420695851,1.6353302042764781,0.10131893891042468,26.39491595330741,1.0,1.0
direct_parent_classification,Hydrocarbon derivatives,5,121,0.16818028927009754,0.016698660932999727,10.086765721414093,4.120806369560056,24.690032385471337,0.0001840846641931283,0.0017552634208590392
direct_parent_classification,Chamigranes,0,430,0.0,0.059342348770164324,0.2828623417032412,0.01766013208485397,4.530606224766685,0.429597317244649,1.0
direct_parent_classification,Morpholines,0,215,0.0,0.029671174385082162,0.5652361521358231,0.03523319063557245,9.067924361035393,1.0,1.0
direct_parent_classification,Homoisoflavanones,0,175,0.0,0.024150955894834316,0.694103230003684,0.04323428241202328,11.143455309612492,1.0,1.0
direct_parent_classification,Melleolides and analogues,0,96,0.0,0.013248524376594826,1.2624704753822844,0.07838347835078587,20.333771028623815,1.0,1.0
direct_parent_classification,11-hydroxysteroids,0,118,0.0,0.01628464454623114,1.0280565529973273,0.06391427749530633,16.536215656014605,1.0,1.0
direct_parent_classification,"1,3-dioxanes",3,184,0.10090817356205853,0.025393005055140083,3.976861001317523,1.2701695656382,12.451426842252921,0.04203576772016487,0.19118359628376239
direct_parent_classification,Very long-chain fatty acids,0,189,0.0,0.026083032366421063,0.6428114128628745,0.04005108360224287,10.316987091046524,1.0,1.0
direct_parent_classification,11-oxosteroids,0,173,0.0,0.023874944970321926,0.7021063583266016,0.043730793595093735,11.272453524784597,1.0,1.0
direct_parent_classification,Abscisic acids and derivatives,0,262,0.0,0.03615743111112338,0.4640018576793421,0.028939532860178845,7.439571501381518,0.6322345676812371,1.0
direct_parent_classification,Quinolizidinones,0,114,0.0,0.015732622697206357,1.0639770667093533,0.06613397429031662,17.117483269853853,1.0,1.0
direct_parent_classification,2'-O-methylated flavonoids,0,174,0.0,0.02401295043257812,0.6980818625653636,0.043481120983559246,11.207583333166324,1.0,1.0
direct_parent_classification,Ginkgolides and bilobalides,0,120,0.0,0.01656065547074353,1.0109905827897465,0.06285937352374135,16.260135938254525,1.0,1.0
direct_parent_classification,Phenylsulfates,0,145,0.0,0.020010792027148436,0.8372519685630861,0.05210835780757368,13.45256093948287,1.0,1.0
direct_parent_classification,O-quinomethanes,0,48,0.0,0.006624262188297413,2.5120922097080918,0.15486902514913442,40.748027334705235,1.0,1.0
direct_parent_classification,3-sulfated flavonoids,0,49,0.0,0.006762267650553609,2.46133947512794,0.15178372761905926,39.91331684136583,1.0,1.0
direct_parent_classification,Ribonucleoside 3'-phosphates,0,47,0.0,0.006486256726041217,2.564981901533723,0.15808233649692185,41.61838887878318,1.0,1.0
direct_parent_classification,Alanine and derivatives,1,140,0.03363605785401951,0.019320764715867453,1.741177177465872,0.24348014875252588,12.451520088438293,0.4386335370843968,1.0
direct_parent_classification,1-hydroxysteroids,0,201,0.0,0.027739097913495415,0.6045198258729614,0.037673475601882965,9.700305428024016,1.0,1.0
direct_parent_classification,"3'-hydroxy,4'-methoxyisoflavonoids",0,133,0.0,0.018354726480074083,0.9125256872662325,0.05676893372492168,14.668289067320481,1.0,1.0
direct_parent_classification,Estrogens and derivatives,2,317,0.06727211570803902,0.04374773153521416,1.5380900757798572,0.38281850015395247,6.179745963847357,0.3746515897875406,1.0
direct_parent_classification,4-phenyltetrahydroisoquinolines,0,30,0.0,0.004140163867685883,3.9947376690823586,0.24421917283070577,65.3426545500901,1.0,1.0
direct_parent_classification,M-methoxybenzoic acids and derivatives,4,352,0.13454423141607805,0.04857792271418103,2.772042162956612,1.0339547929480057,7.4318701413433885,0.05965757680750536,0.24941456149907046
direct_parent_classification,Quassinoids,0,743,0.0,0.1025380584563537,0.16371164293785873,0.010228042255635578,2.620394144211275,0.08261540178052082,0.33610446067850624
direct_parent_classification,Phenylbutylamines,0,176,0.0,0.024288961357090515,0.6901696810970942,0.04299022989915735,11.080056790182491,1.0,1.0
direct_parent_classification,Acetals,27,31,0.9081735620585267,0.004278169329942079,214.21726561986728,127.7127137651236,359.3145548065579,6.618079219499978e-49,7.993169012884973e-47
direct_parent_classification,Benzoisochromanequinones,0,161,0.0,0.022218879423247573,0.754287746091507,0.04696700043735876,12.113824570564827,1.0,1.0
direct_parent_classification,Tropones,0,446,0.0,0.06155043616626346,0.27272015155900264,0.017027899509887538,4.367906976616673,0.2728263798924529,0.8163610229251954
direct_parent_classification,Pyran carboxylic acids,0,283,0.0,0.0390555458185035,0.42961889399869335,0.02680032173954749,6.886946950651678,0.6354878774427526,1.0
direct_parent_classification,Aristolochic acids and derivatives,0,63,0.0,0.008694344122140355,1.9186448801685227,0.11868138567924466,31.017485641311175,1.0,1.0
direct_parent_classification,Artemisinins,0,255,0.0,0.035191392875330005,0.4767188442461574,0.02973053605690735,7.6440214876849515,0.6316526247575495,1.0
direct_parent_classification,Pentose phosphates,0,191,0.0,0.026359043290933457,0.6360962215848349,0.03963419761374862,10.208820348974248,1.0,1.0
direct_parent_classification,Dihydrofurans,7,244,0.23545240497813658,0.03367333279051185,7.006393497894167,3.302270837248261,14.865391806639133,9.095004447776318e-05,0.0009326669655408355
direct_parent_classification,Valparane and mulinane diterpenoids,0,56,0.0,0.0077283058863469815,2.1563739284029575,0.13320710839678127,34.90766052247975,1.0,1.0
direct_parent_classification,Benzopyrenes,0,67,0.0,0.009246365971165139,1.8049374412246448,0.11171974094470334,29.160461160996103,1.0,1.0
direct_parent_classification,"1,4-dioxanes",1,129,0.03363605785401951,0.017802704631049295,1.8896783415234697,0.2640889657821262,13.521520006893722,0.4127668721860841,1.0
direct_parent_classification,p-Phthalate esters,0,40,0.0,0.005520218490247844,3.0083411700473524,0.18494277520581456,48.93468579851472,1.0,1.0
direct_parent_classification,"Sparteine, lupanine, and related alkaloids",0,278,0.0,0.038365518507222515,0.4373349989539556,0.027280468845193962,7.010946270586226,0.6345214605159025,1.0
direct_parent_classification,"2,5-disubstituted thiophenes",2,90,0.06727211570803902,0.01242049160305765,5.419192939152548,1.3341115465915891,22.0128910410751,0.05487458506691623,0.2434639753785222
direct_parent_classification,Napelline-type diterpenoid alkaloids,0,70,0.0,0.009660382357933726,1.728124437257238,0.10701183196410949,27.90732590810382,1.0,1.0
direct_parent_classification,Phthalide isoquinolines,0,50,0.0,0.006900273112809805,2.4125967498380914,0.14881894394266065,39.1121111541551,1.0,1.0
direct_parent_classification,"Amphilectane, neoamphilectane, cycloamphilectane, and adociane diterpenoids",0,134,0.0,0.018492731942330278,0.9057398594649265,0.05634895245206629,14.558650291172588,1.0,1.0
direct_parent_classification,Pyrimidinecarboxylic acids and derivatives,0,66,0.0,0.009108360508908942,1.8320818862356834,0.11338245518825726,29.60355755482463,1.0,1.0
direct_parent_classification,Hydroxybenzoic acid derivatives,2,150,0.06727211570803902,0.020700819338429415,3.251246493885336,0.8053008453052692,13.126279235426157,0.12862137206684127,0.45839813585789
direct_parent_classification,Methyl esters,7,98,0.23545240497813658,0.013524535301107218,17.448005972449668,8.097702370554282,37.594974288219106,3.031470435011278e-07,5.069551327472706e-06
direct_parent_classification,Pyranoneoflavonoids,0,260,0.0,0.03588142018661099,0.46756554297445735,0.029161207480996595,7.496861613822576,0.632040953630761,1.0
direct_parent_classification,Pachydictyane and cneorubin diterpenoids,0,167,0.0,0.023046912196784747,0.7272624601893843,0.04529117483374862,11.678007645908956,1.0,1.0
direct_parent_classification,Gingerdiones,0,217,0.0,0.029947185309594553,0.560037032097706,0.03491014183360897,8.984251018391895,1.0,1.0
direct_parent_classification,Benzazocines,0,48,0.0,0.006624262188297413,2.5120922097080918,0.15486902514913442,40.748027334705235,1.0,1.0
direct_parent_classification,Pyrrolizines,1,214,0.03363605785401951,0.029533168922825967,1.1389715223707877,0.15965458950303818,8.125392027937556,0.5854033121326252,1.0
direct_parent_classification,Thiophenols,6,89,0.20181634712411706,0.012282486140801453,16.462435100714604,7.196621746355918,37.65819282949946,2.9502904558228507e-06,4.3931389261801615e-05
direct_parent_classification,Oxasteroids and derivatives,0,66,0.0,0.009108360508908942,1.8320818862356834,0.11338245518825726,29.60355755482463,1.0,1.0
direct_parent_classification,N-arylamides,0,311,0.0,0.042919698761676985,0.3909863505372902,0.024395715606854277,6.266277602593383,0.6428158733661669,1.0
direct_parent_classification,Nitroquinolines and derivatives,0,98,0.0,0.013524535301107218,1.2368331428464123,0.07680289147619399,19.91795092398964,1.0,1.0
direct_parent_classification,"Pyrazolo[1,5-a][1,3,5]triazines",0,47,0.0,0.006486256726041217,2.564981901533723,0.15808233649692185,41.61838887878318,1.0,1.0
direct_parent_classification,N-alkylpyrrolidines,1,136,0.03363605785401951,0.01876874286684267,1.7923981672076637,0.2505913113837571,12.820441267771875,0.42936197195401815,1.0
direct_parent_classification,Anthraquinone glycosides,0,126,0.0,0.01738868824428071,0.9630304846965055,0.05989370525286815,15.484560698644945,1.0,1.0
direct_parent_classification,"Imidazo[1,2-a]pyridines",0,53,0.0,0.007314289499578393,2.2773015216971095,0.1405809775837492,36.8904976324725,1.0,1.0
direct_parent_classification,Benzoins,0,49,0.0,0.006762267650553609,2.46133947512794,0.15178372761905926,39.91331684136583,1.0,1.0
direct_parent_classification,Cyclopentanols,1,136,0.03363605785401951,0.01876874286684267,1.7923981672076637,0.2505913113837571,12.820441267771875,0.42936197195401815,1.0
direct_parent_classification,Neoflavans,0,195,0.0,0.02691106513995824,0.6230780246826507,0.03882592386145692,9.999149697705766,1.0,1.0
direct_parent_classification,Acyloins,4,206,0.13454423141607805,0.028429125224776395,4.737648255272116,1.7602114415657464,12.751485679877943,0.011279611524356541,0.06627533906473276
direct_parent_classification,Aminoglycosides,0,295,0.0,0.04071161136557785,0.41216561294252646,0.02571410766309014,6.606509341801265,0.6382507821811658,1.0
direct_parent_classification,Ortho cresols,2,28,0.06727211570803902,0.0038641529431734907,17.42032504688176,4.148050429071967,73.15912135786401,0.00672936785561145,0.044065197946082206
direct_parent_classification,Imidazolidinones,0,39,0.0,0.005382213027991648,3.084505963010815,0.1895435270182853,50.195209435621834,1.0,1.0
direct_parent_classification,Benzenesulfonate esters,0,101,0.0,0.013938551687875805,1.2002715282201317,0.07454800607944793,19.32515458455785,1.0,1.0
direct_parent_classification,Monobactams,0,55,0.0,0.007590300424090785,2.195230542464442,0.13557759518745932,35.54449485481419,1.0,1.0
direct_parent_classification,Indolizidines,0,177,0.0,0.02442696681934671,0.6862804538683251,0.042748916540671145,11.017375397423816,1.0,1.0
direct_parent_classification,Tropolones,1,78,0.03363605785401951,0.010764426055983297,3.125457259205577,0.43464042051016877,22.47486109933094,0.27637613287623913,0.8163610229251954
direct_parent_classification,Salicylic acid and derivatives,0,97,0.0,0.013386529838851021,1.2495203356141644,0.07758513692703177,20.123713522368668,1.0,1.0
direct_parent_classification,Tyrosine and derivatives,3,314,0.10090817356205853,0.04333371514844558,2.3299716914366595,0.7469975180410852,7.267451299078645,0.1414401500534028,0.502436088588395
direct_parent_classification,Isoxazolines,0,47,0.0,0.006486256726041217,2.564981901533723,0.15808233649692185,41.61838887878318,1.0,1.0
direct_parent_classification,Furospirostanes and derivatives,0,98,0.0,0.013524535301107218,1.2368331428464123,0.07680289147619399,19.91795092398964,1.0,1.0
direct_parent_classification,Imidazopyridines,0,118,0.0,0.01628464454623114,1.0280565529973273,0.06391427749530633,16.536215656014605,1.0,1.0
direct_parent_classification,Cyclic carboximidic acids,0,66,0.0,0.009108360508908942,1.8320818862356834,0.11338245518825726,29.60355755482463,1.0,1.0
direct_parent_classification,"Pyrido[2,3,4-kl]acridines",0,100,0.0,0.01380054622561961,1.2122162016552516,0.07528477986529931,19.518794133218957,1.0,1.0
direct_parent_classification,Flavonoid O-glucuronides,0,141,0.0,0.01945877017812365,0.8609246221481746,0.05357448132522722,13.834780789038899,1.0,1.0
direct_parent_classification,Estrane steroids,0,333,0.0,0.0459558189313133,0.36518305501696774,0.022789052039734973,5.851874112139532,0.6504969552613159,1.0
direct_parent_classification,Pyrazolopyridines,0,270,0.0,0.03726147480917295,0.4502740939916894,0.02808553039488923,7.21890442763121,0.633218694265314,1.0
direct_parent_classification,Pteridines and derivatives,0,84,0.0,0.011592458829520473,1.4417801029408692,0.0894253629735279,23.24541714023054,1.0,1.0
direct_parent_classification,Lipoamides,0,162,0.0,0.022356884885503768,0.7496449405647321,0.04667913882961992,12.03894396949989,1.0,1.0
direct_parent_classification,Cycloheptafurans,0,284,0.0,0.03919355128075969,0.42810821896878787,0.02670631261146663,6.862671377176041,0.6356946370960266,1.0
direct_parent_classification,Organic carbonic acids and derivatives,3,68,0.10090817356205853,0.009384371433421334,10.762641117052882,3.384620328548109,34.2237629542828,0.0031668896919185402,0.024242317571235586
direct_parent_classification,Pyrimidinethiones,0,60,0.0,0.008280327735371766,2.0137926338302385,0.1244998169522443,32.573226783333254,1.0,1.0
direct_parent_classification,Indoloquinazolines,0,170,0.0,0.023460928583553337,0.7144630945788483,0.04449731229912031,11.471648221892176,1.0,1.0
direct_parent_classification,Isoflavonoid C-glycosides,0,144,0.0,0.019872786564892237,0.843047263515145,0.05246731553229439,13.546122596703292,1.0,1.0
direct_parent_classification,Streptamine aminoglycosides,0,181,0.0,0.024978988668371494,0.6711521099371353,0.04181015260587674,10.773583127504653,1.0,1.0
direct_parent_classification,Dichlorophenyl dicarboximides,0,31,0.0,0.004278169329942079,3.867915262063572,0.2366350976839967,63.222947994312236,1.0,1.0
direct_parent_classification,Glucuronic acid derivatives,0,129,0.0,0.017802704631049295,0.9407170027650943,0.05851337385612777,15.123866920872604,1.0,1.0
direct_parent_classification,"7,7'-epoxylignans",0,331,0.0,0.04567980800680091,0.36738728552693084,0.02292631869605818,5.887269533161168,0.649739152756765,1.0
direct_parent_classification,Thiolanes,4,50,0.13454423141607805,0.006900273112809805,19.523314247221286,7.046595322006373,54.09134224089743,7.47557652422883e-05,0.0007889273477511398
direct_parent_classification,Lycorine-type amaryllidaceae alkaloids,0,95,0.0,0.013110518914338629,1.2756918222659672,0.07919841770447848,20.548259328471907,1.0,1.0
direct_parent_classification,Cycloheptapyrans,0,50,0.0,0.006900273112809805,2.4125967498380914,0.14881894394266065,39.1121111541551,1.0,1.0
direct_parent_classification,Coumaronochromenes,0,63,0.0,0.008694344122140355,1.9186448801685227,0.11868138567924466,31.017485641311175,1.0,1.0
direct_parent_classification,Tertiary carboxylic acid amides,0,97,0.0,0.013386529838851021,1.2495203356141644,0.07758513692703177,20.123713522368668,1.0,1.0
direct_parent_classification,Phenylhydrazines,0,126,0.0,0.01738868824428071,0.9630304846965055,0.05989370525286815,15.484560698644945,1.0,1.0
direct_parent_classification,Ophiobolane sesterterpenoids,0,135,0.0,0.018630737404586473,0.8990541914835661,0.05593513847084703,14.450638030429623,1.0,1.0
direct_parent_classification,Phenylpropylamines,0,85,0.0,0.011730464291776668,1.4249152110701055,0.08838778196588214,22.97131247758538,1.0,1.0
direct_parent_classification,3'-hydroxyflavonoids,0,49,0.0,0.006762267650553609,2.46133947512794,0.15178372761905926,39.91331684136583,1.0,1.0
direct_parent_classification,"6,7-dihydroxycoumarins",0,48,0.0,0.006624262188297413,2.5120922097080918,0.15486902514913442,40.748027334705235,1.0,1.0
direct_parent_classification,Thiazoles,6,87,0.20181634712411706,0.01200647521628906,16.84092837302279,7.35767053610938,38.54710088925186,2.6055992740113483e-06,4.046123444071908e-05
direct_parent_classification,Ynones,1,38,0.03363605785401951,0.005244207565735451,6.415766451795707,0.8805981920500046,46.74329283843214,0.14759201226779117,0.5208847965424968
direct_parent_classification,"2,4,5-trisubstituted oxazoles",6,67,0.20181634712411706,0.009246365971165139,21.868674826071864,9.478876361735018,50.453125496926724,6.238665831343155e-07,9.972690821573542e-06
direct_parent_classification,Phenylphosphines and derivatives,0,142,0.0,0.019596775640379847,0.8548818658382967,0.05320027151874404,13.737204410351113,1.0,1.0
direct_parent_classification,Complex tannins,0,198,0.0,0.027325081526726826,0.6136586869996472,0.03824102144933486,9.847461439518659,1.0,1.0
direct_parent_classification,Secondary alkylarylamines,0,134,0.0,0.018492731942330278,0.9057398594649265,0.05634895245206629,14.558650291172588,1.0,1.0
direct_parent_classification,Pterins and derivatives,0,108,0.0,0.014904589923669179,1.1228238069149996,0.06976843133372225,18.07025437256353,1.0,1.0
direct_parent_classification,Cyclobutane lignans,0,55,0.0,0.007590300424090785,2.195230542464442,0.13557759518745932,35.54449485481419,1.0,1.0
direct_parent_classification,Salicylamides,0,96,0.0,0.013248524376594826,1.2624704753822844,0.07838347835078587,20.333771028623815,1.0,1.0
direct_parent_classification,Gorgostanes and derivatives,0,213,0.0,0.02939516346056977,0.5705326795751228,0.03556227223463418,9.153170424980805,1.0,1.0
direct_parent_classification,Biflorane and serrulatane diterpenoids,0,231,0.0,0.0318792617811813,0.5261585328428476,0.032804623853335435,8.439139644492213,1.0,1.0
direct_parent_classification,Bacteriohopanoids,0,58,0.0,0.008004316810859374,2.082645994029885,0.12870638226970604,33.70007189977272,1.0,1.0
direct_parent_classification,Imidazodiazepines,0,30,0.0,0.004140163867685883,3.9947376690823586,0.24421917283070577,65.3426545500901,1.0,1.0
direct_parent_classification,3-halobenzoic acids and derivatives,0,72,0.0,0.009936393282446119,1.680447400311951,0.10408761295968512,27.130062693520873,1.0,1.0
direct_parent_classification,Acylaminosugars,0,246,0.0,0.03394934371502424,0.4941305398498092,0.030813367085085776,7.923995769045446,0.6313140190111085,1.0
direct_parent_classification,Naphthylisoquinolines,0,271,0.0,0.03739948027142914,0.44861500652943853,0.027982309740572555,7.192237736958528,0.6333645668907212,1.0
direct_parent_classification,Pyrimidodiazepines,0,59,0.0,0.00814232227311557,2.0476407142645185,0.12656816179765026,33.12707109878833,1.0,1.0
direct_parent_classification,Gingerdiols,0,48,0.0,0.006624262188297413,2.5120922097080918,0.15486902514913442,40.748027334705235,1.0,1.0
direct_parent_classification,2-heteroaryl carboxamides,0,204,0.0,0.028153114300264005,0.5956490975910683,0.03712252505136403,9.557481528267362,1.0,1.0
direct_parent_classification,Sulfoxides,1,68,0.03363605785401951,0.009384371433421334,3.5851328081703744,0.49765111309630045,25.827687136575097,0.24612922572432766,0.7600638305748414
direct_parent_classification,Acetamides,4,132,0.13454423141607805,0.018216721017817884,7.394357859497637,2.7328500910165228,20.00714504394083,0.0024732121790601146,0.019340875098117587
direct_parent_classification,Flavonoid-8-O-glucuronides,0,57,0.0,0.007866311348603178,2.1188688487436123,0.13091807998588428,34.293240465030934,1.0,1.0
direct_parent_classification,Alpha carbolines,0,57,0.0,0.007866311348603178,2.1188688487436123,0.13091807998588428,34.293240465030934,1.0,1.0
direct_parent_classification,Podophyllotoxins,0,90,0.0,0.01242049160305765,1.3461813236071487,0.08354119299592762,21.692342316885934,1.0,1.0
direct_parent_classification,Benzoylindoles,0,50,0.0,0.006900273112809805,2.4125967498380914,0.14881894394266065,39.1121111541551,1.0,1.0
direct_parent_classification,Bicyclogermacrane and isolepidozane sesquiterpenoids,0,84,0.0,0.011592458829520473,1.4417801029408692,0.0894253629735279,23.24541714023054,1.0,1.0
direct_parent_classification,Phenylalkylamines,0,115,0.0,0.015870628159462552,1.0547636881923077,0.06556472292137619,16.968369396804402,1.0,1.0
direct_parent_classification,Physalins and derivatives,0,139,0.0,0.019182759253611258,0.8732700382651293,0.05433891606004086,14.034151120882825,1.0,1.0
direct_parent_classification,Resorcinols,1,276,0.03363605785401951,0.038089507582710125,0.8830400159946944,0.12390666976891333,6.29312103458326,1.0,1.0
direct_parent_classification,Dalbergiones,0,91,0.0,0.012558497065313845,1.331467121687842,0.0826349557411422,21.453447638903555,1.0,1.0
direct_parent_classification,Dialkylamines,2,170,0.06727211570803902,0.023460928583553337,2.868667709426416,0.7113076556772838,11.569191420089771,0.15655924600551765,0.543705752102229
direct_parent_classification,Glycerophosphocholines,0,166,0.0,0.022908906734528552,0.7316314128152029,0.0455621264857053,11.74845349647828,1.0,1.0
direct_parent_classification,Azasteroids and derivatives,0,177,0.0,0.02442696681934671,0.6862804538683251,0.042748916540671145,11.017375397423816,1.0,1.0
direct_parent_classification,Hydroxy fatty acids,0,90,0.0,0.01242049160305765,1.3461813236071487,0.08354119299592762,21.692342316885934,1.0,1.0
direct_parent_classification,Guanidines,0,56,0.0,0.0077283058863469815,2.1563739284029575,0.13320710839678127,34.90766052247975,1.0,1.0
direct_parent_classification,Coumestans,0,137,0.0,0.018906748329098867,0.8859745937600318,0.055125476863411765,14.23935039570145,1.0,1.0
direct_parent_classification,Hexahydrobenzophenanthridine alkaloids,0,60,0.0,0.008280327735371766,2.0137926338302385,0.1244998169522443,32.573226783333254,1.0,1.0
direct_parent_classification,Steviol glycosides,0,113,0.0,0.01559461723495016,1.0733527955086377,0.06671319530182218,17.269240641434838,1.0,1.0
direct_parent_classification,Isosorbides,0,62,0.0,0.008556338659884158,1.9493458886833697,0.120559487313188,31.519289592326263,1.0,1.0
direct_parent_classification,Aristolane sesquiterpenoids,0,126,0.0,0.01738868824428071,0.9630304846965055,0.05989370525286815,15.484560698644945,1.0,1.0
direct_parent_classification,Dichlorobenzenes,0,214,0.0,0.029533168922825967,0.5678720696376658,0.035396966822717604,9.110348044499693,1.0,1.0
direct_parent_classification,Secondary carboxylic acid amides,0,86,0.0,0.011868469754032865,1.4084402588957758,0.08737399914182166,22.703595833567586,1.0,1.0
direct_parent_classification,Cularin alkaloids and derivatives,0,33,0.0,0.004554180254454471,3.6369849089845876,0.22279718329341747,59.370854840481435,1.0,1.0
direct_parent_classification,Vitamin D and derivatives,0,162,0.0,0.022356884885503768,0.7496449405647321,0.04667913882961992,12.03894396949989,1.0,1.0
direct_parent_classification,5'-deoxyribonucleosides,0,77,0.0,0.0106264205937271,1.572020590484766,0.09743146859722107,25.363968874616305,1.0,1.0
direct_parent_classification,Alkenes,5,63,0.16818028927009754,0.008694344122140355,19.374545415650537,7.788168193212379,48.197856126201,9.555717432363754e-06,0.00012220076292916943
direct_parent_classification,Organonitrogen compounds,11,101,0.3699966363942146,0.013938551687875805,26.63970691464825,14.282814627711632,49.687264240021875,1.873353997272696e-12,5.8181022715297735e-11
direct_parent_classification,Cheilanthane sesterterpenoids,0,42,0.0,0.0057962294147602365,2.866764260774093,0.1763801992734908,46.594444051559776,1.0,1.0
direct_parent_classification,Vinyl bromides,0,67,0.0,0.009246365971165139,1.8049374412246448,0.11171974094470334,29.160461160996103,1.0,1.0
direct_parent_classification,Catechin gallates,0,78,0.0,0.010764426055983297,1.5519927084147764,0.09620109164695093,25.0379837248861,1.0,1.0
direct_parent_classification,Brassinolides and derivatives,0,32,0.0,0.004416174792198275,3.7488973108613264,0.2295077850906168,61.23640225029506,1.0,1.0
direct_parent_classification,Phosphatidylglycerophosphates,0,170,0.0,0.023460928583553337,0.7144630945788483,0.04449731229912031,11.471648221892176,1.0,1.0
direct_parent_classification,Vinylogous amides,0,60,0.0,0.008280327735371766,2.0137926338302385,0.1244998169522443,32.573226783333254,1.0,1.0
direct_parent_classification,"1,4-oxazepines",0,120,0.0,0.01656065547074353,1.0109905827897465,0.06285937352374135,16.260135938254525,1.0,1.0
direct_parent_classification,Quinoline carboxamides,0,235,0.0,0.03243128363020609,0.5172188014653144,0.03224889238074845,8.295332609591094,1.0,1.0
direct_parent_classification,"1,4-diazepanes",0,39,0.0,0.005382213027991648,3.084505963010815,0.1895435270182853,50.195209435621834,1.0,1.0
direct_parent_classification,Cinnamyl alcohols,0,165,0.0,0.022770901272272357,0.7360531624516055,0.045836338771904434,11.819754205305165,1.0,1.0
direct_parent_classification,Pleiocarpaman alkaloids,0,64,0.0,0.00883234958439655,1.88889584090995,0.11686089430381194,30.531406755549067,1.0,1.0
direct_parent_classification,Asparagine and derivatives,1,125,0.03363605785401951,0.01725068278202451,1.9501588156123821,0.27247534206855056,13.957664488971933,0.4030682397061252,1.0
direct_parent_classification,Cembranolides,0,127,0.0,0.017526693706536905,0.9554759855850866,0.059426416582095035,15.362433266838712,1.0,1.0
direct_parent_classification,"1,2-diacylglycerol-3-phosphates",0,98,0.0,0.013524535301107218,1.2368331428464123,0.07680289147619399,19.91795092398964,1.0,1.0
direct_parent_classification,Polyprenols,0,72,0.0,0.009936393282446119,1.680447400311951,0.10408761295968512,27.130062693520873,1.0,1.0
direct_parent_classification,Metalloporphyrins,0,88,0.0,0.012144480678545257,1.3766073004572406,0.08541462649948736,22.186453741427353,1.0,1.0
direct_parent_classification,"Polypodane, malabaricane and podiodane triterpenoids",0,165,0.0,0.022770901272272357,0.7360531624516055,0.045836338771904434,11.819754205305165,1.0,1.0
direct_parent_classification,Dibenzylbutane lignans,0,315,0.0,0.04347172061070177,0.38602718093289456,0.024086965401499995,6.186623426200371,0.6440993662600332,1.0
direct_parent_classification,Leucothol and grayanotoxane diterpenoids,0,106,0.0,0.014628578999156787,1.1439128577868196,0.07107032881974706,18.411855523122725,1.0,1.0
direct_parent_classification,Pyrrolidines,1,157,0.03363605785401951,0.02166685757422279,1.5526056356139253,0.21727500160504704,11.094623136268458,0.47638693102227203,1.0
direct_parent_classification,Serine and derivatives,0,55,0.0,0.007590300424090785,2.195230542464442,0.13557759518745932,35.54449485481419,1.0,1.0
direct_parent_classification,Heterocyclic fatty acids,0,162,0.0,0.022356884885503768,0.7496449405647321,0.04667913882961992,12.03894396949989,1.0,1.0
direct_parent_classification,2'-O-methylated isoflavonoids,0,81,0.0,0.011178442442751884,1.49485795281634,0.09268958053727773,24.10843037745274,1.0,1.0
direct_parent_classification,8-hydroxyflavonoids,0,45,0.0,0.006210245801528825,2.6777357500411143,0.16492624657996455,43.47560740474222,1.0,1.0
direct_parent_classification,Tirucallane and euphane triterpenoids,0,98,0.0,0.013524535301107218,1.2368331428464123,0.07680289147619399,19.91795092398964,1.0,1.0
direct_parent_classification,Endocannabinoids,0,33,0.0,0.004554180254454471,3.6369849089845876,0.22279718329341747,59.370854840481435,1.0,1.0
direct_parent_classification,Acyl carnitines,0,79,0.0,0.010902431518239492,1.532468672434598,0.09500139786223145,24.72027027853985,1.0,1.0
direct_parent_classification,2-halopyridines,3,145,0.10090817356205853,0.020010792027148436,5.046771159874608,1.6079320900383847,15.84015848550798,0.02328753271356325,0.1182876077553423
direct_parent_classification,Alpha-haloketones,0,39,0.0,0.005382213027991648,3.084505963010815,0.1895435270182853,50.195209435621834,1.0,1.0
direct_parent_classification,Primary alcohols,5,99,0.16818028927009754,0.013662540763363413,12.328643578643579,5.016928939130017,30.296512933186353,7.464841482205065e-05,0.0007889273477511398
direct_parent_classification,Hypoxanthines,0,156,0.0,0.021528852111966593,0.7783917683950509,0.04846124537047829,12.502644958321149,1.0,1.0
direct_parent_classification,Alpha amino acids and derivatives,0,99,0.0,0.013662540763363413,1.2244009690287658,0.07603626007927378,19.716352847912173,1.0,1.0
direct_parent_classification,Organic isocyanides,0,43,0.0,0.005934234877016433,2.800857768526196,0.17238946975498262,45.50628440741406,1.0,1.0
direct_parent_classification,Fatty aldehydes,7,72,0.23545240497813658,0.009936393282446119,23.74952704727654,10.92170988821336,51.64393128387601,4.2347981366597766e-08,8.369501044634867e-07
direct_parent_classification,"N,N-dialkyl-p-toluamides",0,31,0.0,0.004278169329942079,3.867915262063572,0.2366350976839967,63.222947994312236,1.0,1.0
direct_parent_classification,Thiophene carboxylic acids and derivatives,2,43,0.06727211570803902,0.005934234877016433,11.343232644243187,2.746687635018689,46.84512544527067,0.014708749596447393,0.0811594457428341
direct_parent_classification,"1,3-dioxolanes",2,42,0.06727211570803902,0.0057962294147602365,11.613325639916013,2.809981403791407,47.996521342367714,0.014092837615071963,0.07815772697746542
direct_parent_classification,"1,4-dioxepanes",0,203,0.0,0.02801510883800781,0.5985769464834539,0.03730437646378304,9.60462001581251,1.0,1.0
direct_parent_classification,Cytochalasins,0,43,0.0,0.005934234877016433,2.800857768526196,0.17238946975498262,45.50628440741406,1.0,1.0
direct_parent_classification,Pyrazolopyrimidines,0,150,0.0,0.020700819338429415,0.8094307020988835,0.050384792815826994,13.003488252798476,1.0,1.0
direct_parent_classification,Glycodepsipeptides,0,79,0.0,0.010902431518239492,1.532468672434598,0.09500139786223145,24.72027027853985,1.0,1.0
direct_parent_classification,Pyrrolidine carboxylic acids,0,52,0.0,0.007176284037322197,2.3206818964343765,0.14322373735831748,37.60245727260023,1.0,1.0
direct_parent_classification,Conanine-type alkaloids,0,96,0.0,0.013248524376594826,1.2624704753822844,0.07838347835078587,20.333771028623815,1.0,1.0
direct_parent_classification,3-hydroxyflavonoids,1,106,0.03363605785401951,0.014628578999156787,2.2997758957820156,0.3208744909187109,16.482984221266317,0.3547673861729631,1.0
direct_parent_classification,"N,N-disubstituted p-toluenesulfonamides",0,147,0.0,0.020286802951660826,0.8258971194705776,0.05140497544491642,13.26926131266644,1.0,1.0
direct_parent_classification,Pyridinesulfonamides,0,40,0.0,0.005520218490247844,3.0083411700473524,0.18494277520581456,48.93468579851472,1.0,1.0
direct_parent_classification,Pyranopyrimidines,0,43,0.0,0.005934234877016433,2.800857768526196,0.17238946975498262,45.50628440741406,1.0,1.0
direct_parent_classification,Acutumine and related alkaloids,0,31,0.0,0.004278169329942079,3.867915262063572,0.2366350976839967,63.222947994312236,1.0,1.0
direct_parent_classification,Pyrroloazepines,0,117,0.0,0.016146639083974942,1.0368074015505762,0.06445511695002257,16.67780059639906,1.0,1.0
direct_parent_classification,N-alkylpiperazines,0,249,0.0,0.03436336010179283,0.48818706860500893,0.030443767503340234,7.828420510930617,0.6313738162894311,1.0
direct_parent_classification,Sesquiterpene lactones,0,96,0.0,0.013248524376594826,1.2624704753822844,0.07838347835078587,20.333771028623815,1.0,1.0
direct_parent_classification,Himachalane and lippifoliane sesquiterpenoids,0,57,0.0,0.007866311348603178,2.1188688487436123,0.13091807998588428,34.293240465030934,1.0,1.0
direct_parent_classification,Triazoles,0,94,0.0,0.012972513452082434,1.289192986014913,0.08003047803554361,20.76732010087335,1.0,1.0
direct_parent_classification,Oxazoles,1,79,0.03363605785401951,0.010902431518239492,3.085890249927594,0.4292058627216405,22.18683261736829,0.279333280462822,0.8174817804870869
direct_parent_classification,Carbonylimidazoles,0,37,0.0,0.005106202103479255,3.249021915811894,0.19946756836778803,52.921602723717264,1.0,1.0
direct_parent_classification,Dibenzopyrans,0,37,0.0,0.005106202103479255,3.249021915811894,0.19946756836778803,52.921602723717264,1.0,1.0
direct_parent_classification,Methyl-branched fatty acids,7,38,0.23545240497813658,0.005244207565735451,45.00121553039713,20.08026780679761,100.85071666861494,7.483134694139657e-10,1.7306739175595337e-08
direct_parent_classification,Emetine alkaloids,0,64,0.0,0.00883234958439655,1.88889584090995,0.11686089430381194,30.531406755549067,1.0,1.0
direct_parent_classification,Camptothecins,0,54,0.0,0.007452294961834589,2.235513087317173,0.13803396711316637,36.204992641189335,1.0,1.0
direct_parent_classification,Pyrrole carboxylic acids and derivatives,0,86,0.0,0.011868469754032865,1.4084402588957758,0.08737399914182166,22.703595833567586,1.0,1.0
direct_parent_classification,Dialkyldisulfides,19,49,0.6390850992263707,0.006762267650553609,95.10894947010625,55.92965512389103,161.73373944949003,1.079075839381176e-29,8.37825312433813e-28
direct_parent_classification,Crinine- and Haemanthamine-type amaryllidaceae alkaloids,0,151,0.0,0.02083882480068561,0.8040868152730861,0.05005366938617552,12.917246915659463,1.0,1.0
direct_parent_classification,Chromenopyridines,0,50,0.0,0.006900273112809805,2.4125967498380914,0.14881894394266065,39.1121111541551,1.0,1.0
direct_parent_classification,Phenalenes,0,132,0.0,0.018216721017817884,0.9194139426569921,0.05719522119496454,14.77959137653439,1.0,1.0
direct_parent_classification,Ubiquinones,0,35,0.0,0.004830191178966863,3.4320748773792915,0.21048802227061886,55.96108432618532,1.0,1.0
direct_parent_classification,6-substituted-2-pyridinylmethylamines,0,33,0.0,0.004554180254454471,3.6369849089845876,0.22279718329341747,59.370854840481435,1.0,1.0
direct_parent_classification,Nitrophenols,0,58,0.0,0.008004316810859374,2.082645994029885,0.12870638226970604,33.70007189977272,1.0,1.0
direct_parent_classification,Glycerophosphoethanolamines,0,118,0.0,0.01628464454623114,1.0280565529973273,0.06391427749530633,16.536215656014605,1.0,1.0
direct_parent_classification,"1,2-dithiolanes",1,30,0.03363605785401951,0.004140163867685883,8.126727231942574,1.1079044294128448,59.6113651584534,0.11920677362140339,0.454529289261141
direct_parent_classification,CDP-diacylglycerols,0,107,0.0,0.014766584461412983,1.1332702437422033,0.07041336375961267,18.2394559324853,1.0,1.0
direct_parent_classification,Kavalactones,0,70,0.0,0.009660382357933726,1.728124437257238,0.10701183196410949,27.90732590810382,1.0,1.0
direct_parent_classification,Benzoyl derivatives,8,142,0.2690884628321561,0.019596775640379847,13.765612901693466,6.746721709605929,28.086544356716576,2.4216055180575394e-07,4.2456212873041055e-06
direct_parent_classification,Meta cresols,7,85,0.23545240497813658,0.011730464291776668,20.11688548649399,9.300048008032718,43.51473038925938,1.2219915548550992e-07,2.1775488854549063e-06
direct_parent_classification,Tetraalkylammonium salts,2,45,0.06727211570803902,0.006210245801528825,10.83905905232058,2.628283729991549,44.70034943300069,0.01597474699565105,0.08769974739531662
direct_parent_classification,Shikimic acids and derivatves,0,30,0.0,0.004140163867685883,3.9947376690823586,0.24421917283070577,65.3426545500901,1.0,1.0
direct_parent_classification,Neoflavonoids,0,51,0.0,0.007038278575066001,2.365746945918722,0.1459677487671136,38.34243289627761,1.0,1.0
direct_parent_classification,Benzoxazolones,0,125,0.0,0.01725068278202451,0.9707053742320109,0.06036839965124787,15.608645069381609,1.0,1.0
direct_parent_classification,Thienamycins,0,52,0.0,0.007176284037322197,2.3206818964343765,0.14322373735831748,37.60245727260023,1.0,1.0
direct_parent_classification,Cyclopropanecarboxylic acids and derivatives,0,48,0.0,0.006624262188297413,2.5120922097080918,0.15486902514913442,40.748027334705235,1.0,1.0
direct_parent_classification,1-acyl-sn-glycero-3-phosphoethanolamines,0,38,0.0,0.005244207565735451,3.164627368595756,0.1943789821515663,51.52237279571842,1.0,1.0
direct_parent_classification,Pavine alkaloids,0,61,0.0,0.008418333197627963,1.9810453039791873,0.12249797770827836,32.03759416962826,1.0,1.0
direct_parent_classification,Benzyl cyanides,0,32,0.0,0.004416174792198275,3.7488973108613264,0.2295077850906168,61.23640225029506,1.0,1.0
direct_parent_classification,Sugar acids and derivatives,1,32,0.03363605785401951,0.004416174792198275,7.618785750336474,1.0407464150407642,55.773332937453894,0.1263904620555979,0.454529289261141
direct_parent_classification,N-acyldopamines,0,50,0.0,0.006900273112809805,2.4125967498380914,0.14881894394266065,39.1121111541551,1.0,1.0
direct_parent_classification,Sulfated steroids,0,46,0.0,0.006348251263785021,2.620146418814221,0.1614317970913098,42.52673500340135,1.0,1.0
direct_parent_classification,"4,5-disubstituted 2-deoxystreptamines",0,78,0.0,0.010764426055983297,1.5519927084147764,0.09620109164695093,25.0379837248861,1.0,1.0
direct_parent_classification,Auronols,0,35,0.0,0.004830191178966863,3.4320748773792915,0.21048802227061886,55.96108432618532,1.0,1.0
direct_parent_classification,Anthracenecarboxylic acids and derivatives,0,57,0.0,0.007866311348603178,2.1188688487436123,0.13091807998588428,34.293240465030934,1.0,1.0
direct_parent_classification,Delta-5-steroids,0,69,0.0,0.009522376895677531,1.7529919565272618,0.10853642524166467,28.312898575819585,1.0,1.0
direct_parent_classification,"Alpha-branched alpha,beta-unsaturated ketones",2,64,0.06727211570803902,0.00883234958439655,7.6210135476270615,1.8646180301321449,31.14838886814748,0.030127400694356793,0.14554882024340368
direct_parent_classification,Phosphosphingolipids,0,128,0.0,0.0176646991687931,0.9480390662263745,0.05896636167635099,15.242216842621291,1.0,1.0
direct_parent_classification,"Phosphatidylinositol-4,5-bisphosphates",0,115,0.0,0.015870628159462552,1.0547636881923077,0.06556472292137619,16.968369396804402,1.0,1.0
direct_parent_classification,5-methoxypsoralens,0,75,0.0,0.010350409669214708,1.6136679743918967,0.09998910393021328,26.042080879086964,1.0,1.0
direct_parent_classification,Lactams,0,107,0.0,0.014766584461412983,1.1332702437422033,0.07041336375961267,18.2394559324853,1.0,1.0
direct_parent_classification,Cysteine and derivatives,2,179,0.06727211570803902,0.0247029777438591,2.7243991733874378,0.6758104799777953,10.982888066781719,0.169476649588889,0.5793116921481835
direct_parent_classification,Daphniphylline-type alkaloids,0,33,0.0,0.004554180254454471,3.6369849089845876,0.22279718329341747,59.370854840481435,1.0,1.0
direct_parent_classification,Dinitrotoluenes,1,39,0.03363605785401951,0.005382213027991648,6.2512509921662005,0.8585777981556161,45.51496562222545,0.15107525508712363,0.529738071870011
direct_parent_classification,Thiolactones,9,22,0.30272452068617556,0.0030361201696363143,100.00740706661759,46.01096498094653,217.37169547149992,5.8342423401849606e-15,2.2649362227789471e-13
direct_parent_classification,16-hydroxysteroids,0,163,0.0,0.022494890347759963,0.7450589277661134,0.0463947835443189,11.96498320363357,1.0,1.0
direct_parent_classification,"Saxitoxins, gonyautoxins, and derivatives",0,75,0.0,0.010350409669214708,1.6136679743918967,0.09998910393021328,26.042080879086964,1.0,1.0
direct_parent_classification,Hydroxyquinolines,0,32,0.0,0.004416174792198275,3.7488973108613264,0.2295077850906168,61.23640225029506,1.0,1.0
direct_parent_classification,Sulfoquinovosyldiacylglycerols,0,39,0.0,0.005382213027991648,3.084505963010815,0.1895435270182853,50.195209435621834,1.0,1.0
direct_parent_classification,Allyl sulfur compounds,8,30,0.2690884628321561,0.004140163867685883,65.16730747611017,29.851428513514378,142.26381031525102,3.376882630330439e-12,1.0196309497692187e-10
direct_parent_classification,Vinca alkaloids,0,69,0.0,0.009522376895677531,1.7529919565272618,0.10853642524166467,28.312898575819585,1.0,1.0
direct_parent_classification,"Indolo[2,3-b]quinoxalines",0,86,0.0,0.011868469754032865,1.4084402588957758,0.08737399914182166,22.703595833567586,1.0,1.0
direct_parent_classification,o-Xylenes,1,32,0.03363605785401951,0.004416174792198275,7.618785750336474,1.0407464150407642,55.773332937453894,0.1263904620555979,0.454529289261141
direct_parent_classification,Dihydropyridines,0,83,0.0,0.011454453367264276,1.4590489443175194,0.09048759007872809,23.5261412096609,1.0,1.0
direct_parent_classification,Oxazolidines,0,36,0.0,0.004968196641223059,3.338040821779601,0.20482969417506067,54.398931623380356,1.0,1.0
direct_parent_classification,Phosphatidylinositol monomannosides,0,65,0.0,0.008970355046652747,1.8600551692623262,0.11509540255612229,30.060325224653926,1.0,1.0
direct_parent_classification,"9,9p-dihydroxyaryltetralin lignans",0,71,0.0,0.009798387820189923,1.7039525129318303,0.10552947147400055,27.513206744734116,1.0,1.0
direct_parent_classification,Substituted pyrroles,2,66,0.06727211570803902,0.009108360508908942,7.390053343940924,1.809278099371672,30.184905485374774,0.03182535399819685,0.1530715035223008
direct_parent_classification,Indan-1-spirocyclohexanes,0,34,0.0,0.004692185716710667,3.5315601825789646,0.21646778956224189,57.615580352157025,1.0,1.0
direct_parent_classification,Phenylpyridazines,0,86,0.0,0.011868469754032865,1.4084402588957758,0.08737399914182166,22.703595833567586,1.0,1.0
direct_parent_classification,Pyrrolopyrimidine nucleosides and nucleotides,0,51,0.0,0.007038278575066001,2.365746945918722,0.1459677487671136,38.34243289627761,1.0,1.0
direct_parent_classification,3-hydroxy delta-5-steroids,0,82,0.0,0.011316447905008081,1.4767364242729972,0.09157535195948578,23.813727385283677,1.0,1.0
direct_parent_classification,Fusicoccane diterpenoids,0,70,0.0,0.009660382357933726,1.728124437257238,0.10701183196410949,27.90732590810382,1.0,1.0
direct_parent_classification,Homoisoflavones,0,103,0.0,0.014214562612388197,1.1770746261867104,0.07311688413790303,18.949175583021777,1.0,1.0
direct_parent_classification,"2,4,5-trisubstituted thiazoles",10,56,0.3363605785401951,0.0077283058863469815,43.66671086254279,22.25924282664743,85.66246625739785,2.191219181271084e-13,7.217743181944449e-12
direct_parent_classification,Alkanes,17,40,0.5718129835183317,0.005520218490247844,104.17517760487145,58.99606713516977,183.95239133723445,2.823289674298177e-27,2.045943917308079e-25
direct_parent_classification,Phosphatidylinositol dimannosides,0,64,0.0,0.00883234958439655,1.88889584090995,0.11686089430381194,30.531406755549067,1.0,1.0
direct_parent_classification,Triazolopyrimidines,0,38,0.0,0.005244207565735451,3.164627368595756,0.1943789821515663,51.52237279571842,1.0,1.0
direct_parent_classification,3-hydroxy delta-7-steroids,0,42,0.0,0.0057962294147602365,2.866764260774093,0.1763801992734908,46.594444051559776,1.0,1.0
direct_parent_classification,Bromobenzenes,0,77,0.0,0.0106264205937271,1.572020590484766,0.09743146859722107,25.363968874616305,1.0,1.0
direct_parent_classification,Sulfones,1,29,0.03363605785401951,0.004002158405429687,8.406970808001114,1.1448408722274948,61.73535543771048,0.11559281536633942,0.4455652138411736
direct_parent_classification,Rhoeadine alkaloids,0,51,0.0,0.007038278575066001,2.365746945918722,0.1459677487671136,38.34243289627761,1.0,1.0
direct_parent_classification,Aryl chlorides,0,42,0.0,0.0057962294147602365,2.866764260774093,0.1763801992734908,46.594444051559776,1.0,1.0
direct_parent_classification,Imidolactams,0,87,0.0,0.01200647521628906,1.3923418770568594,0.0863832050406304,22.442046479919203,1.0,1.0
direct_parent_classification,Flavaglines,0,99,0.0,0.013662540763363413,1.2244009690287658,0.07603626007927378,19.716352847912173,1.0,1.0
direct_parent_classification,Carboxylic acid orthoesters,0,38,0.0,0.005244207565735451,3.164627368595756,0.1943789821515663,51.52237279571842,1.0,1.0
direct_parent_classification,Illudanes and illudins,0,124,0.0,0.017112677319768316,0.978503555165677,0.060850677233865835,15.73473379420335,1.0,1.0
direct_parent_classification,Cyclosporins,0,82,0.0,0.011316447905008081,1.4767364242729972,0.09157535195948578,23.813727385283677,1.0,1.0
direct_parent_classification,Glycerol vinyl ethers,0,39,0.0,0.005382213027991648,3.084505963010815,0.1895435270182853,50.195209435621834,1.0,1.0
direct_parent_classification,Fumonisins,0,34,0.0,0.004692185716710667,3.5315601825789646,0.21646778956224189,57.615580352157025,1.0,1.0
direct_parent_classification,Sesquaterpenoids,0,242,0.0,0.03339732186599945,0.5022839203340851,0.031320351026892124,8.055118424744295,1.0,1.0
direct_parent_classification,Acyclic triterpenoids,0,72,0.0,0.009936393282446119,1.680447400311951,0.10408761295968512,27.130062693520873,1.0,1.0
direct_parent_classification,Betacyanins and derivatives,0,62,0.0,0.008556338659884158,1.9493458886833697,0.120559487313188,31.519289592326263,1.0,1.0
direct_parent_classification,Pyrrolizidinones,0,39,0.0,0.005382213027991648,3.084505963010815,0.1895435270182853,50.195209435621834,1.0,1.0
direct_parent_classification,Capnellane and isocapnellane sesquiterpenoids,0,50,0.0,0.006900273112809805,2.4125967498380914,0.14881894394266065,39.1121111541551,1.0,1.0
direct_parent_classification,"Meta,para-diphenylether diarylheptanoids",0,43,0.0,0.005934234877016433,2.800857768526196,0.17238946975498262,45.50628440741406,1.0,1.0
direct_parent_classification,Cycloalkenes,0,42,0.0,0.0057962294147602365,2.866764260774093,0.1763801992734908,46.594444051559776,1.0,1.0
direct_parent_classification,Thiazolidines,1,30,0.03363605785401951,0.004140163867685883,8.126727231942574,1.1079044294128448,59.6113651584534,0.11920677362140339,0.454529289261141
direct_parent_classification,Quebrachamine alkaloids,0,31,0.0,0.004278169329942079,3.867915262063572,0.2366350976839967,63.222947994312236,1.0,1.0
direct_parent_classification,Benzotriazoles,0,42,0.0,0.0057962294147602365,2.866764260774093,0.1763801992734908,46.594444051559776,1.0,1.0
direct_parent_classification,Organic metalloid salts,2,29,0.06727211570803902,0.004002158405429687,16.8196009702991,4.011619720469249,70.51988885102872,0.007174067567662688,0.04669587692245115
direct_parent_classification,Short-chain keto acids and derivatives,4,37,0.13454423141607805,0.005106202103479255,26.383330450693197,9.398104829349485,74.06600993603256,2.4971549242167767e-05,0.0002950442828938735
direct_parent_classification,Thiazolecarboxamides,0,45,0.0,0.006210245801528825,2.6777357500411143,0.16492624657996455,43.47560740474222,1.0,1.0
direct_parent_classification,Hydroxy-7-aporphines,0,68,0.0,0.009384371433421334,1.7785855347540747,0.1101050821593759,28.730431351547423,1.0,1.0
direct_parent_classification,Coumarinolignans,0,76,0.0,0.010488415131470903,1.5925720773147554,0.09869372105014385,25.698553002718498,1.0,1.0
direct_parent_classification,Polychlorinated biphenyls,0,59,0.0,0.00814232227311557,2.0476407142645185,0.12656816179765026,33.12707109878833,1.0,1.0
direct_parent_classification,Furopyrroles,0,30,0.0,0.004140163867685883,3.9947376690823586,0.24421917283070577,65.3426545500901,1.0,1.0
direct_parent_classification,Halopyrimidines,0,34,0.0,0.004692185716710667,3.5315601825789646,0.21646778956224189,57.615580352157025,1.0,1.0
direct_parent_classification,Diarylthioethers,0,119,0.0,0.016422650008487336,1.0194521621604509,0.06338243727212271,16.397013994138756,1.0,1.0
direct_parent_classification,C-glucuronides,0,102,0.0,0.014076557150132002,1.188559921583746,0.07382551120534558,19.135318728316115,1.0,1.0
direct_parent_classification,Alkylthiols,31,35,1.0427177934746048,0.004830191178966863,218.1392055938623,134.34093730932554,354.2085828056681,4.263631031900167e-56,9.269133863350962e-54
direct_parent_classification,"Pyrrolo[2,3-d]pyrimidines",0,47,0.0,0.006486256726041217,2.564981901533723,0.15808233649692185,41.61838887878318,1.0,1.0
direct_parent_classification,Caprolactams,0,40,0.0,0.005520218490247844,3.0083411700473524,0.18494277520581456,48.93468579851472,1.0,1.0
direct_parent_classification,Homoerythrinane alkaloids,0,81,0.0,0.011178442442751884,1.49485795281634,0.09268958053727773,24.10843037745274,1.0,1.0
direct_parent_classification,Furanoflavones,0,125,0.0,0.01725068278202451,0.9707053742320109,0.06036839965124787,15.608645069381609,1.0,1.0
direct_parent_classification,Bromohydrins,0,43,0.0,0.005934234877016433,2.800857768526196,0.17238946975498262,45.50628440741406,1.0,1.0
direct_parent_classification,Methoxylated amphetamines,0,69,0.0,0.009522376895677531,1.7529919565272618,0.10853642524166467,28.312898575819585,1.0,1.0
direct_parent_classification,1-benzothiophenes,1,39,0.03363605785401951,0.005382213027991648,6.2512509921662005,0.8585777981556161,45.51496562222545,0.15107525508712363,0.529738071870011
direct_parent_classification,5'-S-alkylthio-5'-deoxyribonucleosides,0,34,0.0,0.004692185716710667,3.5315601825789646,0.21646778956224189,57.615580352157025,1.0,1.0
direct_parent_classification,Purine ribonucleoside diphosphates,0,64,0.0,0.00883234958439655,1.88889584090995,0.11686089430381194,30.531406755549067,1.0,1.0
direct_parent_classification,Hasubanan alkaloids,0,106,0.0,0.014628578999156787,1.1439128577868196,0.07107032881974706,18.411855523122725,1.0,1.0
direct_parent_classification,Bilirubins,0,36,0.0,0.004968196641223059,3.338040821779601,0.20482969417506067,54.398931623380356,1.0,1.0
direct_parent_classification,Vinylogous esters,0,55,0.0,0.007590300424090785,2.195230542464442,0.13557759518745932,35.54449485481419,1.0,1.0
direct_parent_classification,3-(3-hydroxyalkanoyloxy)alkanoic acids,0,48,0.0,0.006624262188297413,2.5120922097080918,0.15486902514913442,40.748027334705235,1.0,1.0
direct_parent_classification,Cyclitols and derivatives,0,103,0.0,0.014214562612388197,1.1770746261867104,0.07311688413790303,18.949175583021777,1.0,1.0
direct_parent_classification,"4,5-dioxoaporphines",0,33,0.0,0.004554180254454471,3.6369849089845876,0.22279718329341747,59.370854840481435,1.0,1.0
direct_parent_classification,Sulfenyl compounds,19,70,0.6390850992263707,0.009660382357933726,66.5743350420737,40.04573708134844,110.67700108230943,3.3632502536188666e-27,2.2849081410523173e-25
direct_parent_classification,Tocopherols,1,40,0.03363605785401951,0.005520218490247844,6.0949613055181695,0.8376316081183088,44.34951231032915,0.15454426892485024,0.538428270260616
direct_parent_classification,Phenanthroindolizidines,0,93,0.0,0.012834507989826237,1.3029829447103605,0.08088020460124351,20.991101130077748,1.0,1.0
direct_parent_classification,Benzenesulfonic acids and derivatives,0,47,0.0,0.006486256726041217,2.564981901533723,0.15808233649692185,41.61838887878318,1.0,1.0
direct_parent_classification,Azoxy compounds,0,36,0.0,0.004968196641223059,3.338040821779601,0.20482969417506067,54.398931623380356,1.0,1.0
direct_parent_classification,Hetisine-type diterpenoid alkaloids,0,55,0.0,0.007590300424090785,2.195230542464442,0.13557759518745932,35.54449485481419,1.0,1.0
direct_parent_classification,Phenalanes,0,47,0.0,0.006486256726041217,2.564981901533723,0.15808233649692185,41.61838887878318,1.0,1.0
direct_parent_classification,"Tanshinones, isotanshinones, and derivatives",0,98,0.0,0.013524535301107218,1.2368331428464123,0.07680289147619399,19.91795092398964,1.0,1.0
direct_parent_classification,M-phthalic acid and derivatives,0,33,0.0,0.004554180254454471,3.6369849089845876,0.22279718329341747,59.370854840481435,1.0,1.0
direct_parent_classification,Imidazopiperidines,0,60,0.0,0.008280327735371766,2.0137926338302385,0.1244998169522443,32.573226783333254,1.0,1.0
direct_parent_classification,Furoic acids,1,59,0.03363605785401951,0.00814232227311557,4.13206880032849,0.5723216334903312,29.83286245274628,0.21782790175927305,0.6784496539035239
direct_parent_classification,Dibenzothiazepines,0,44,0.0,0.006072240339272629,2.7379133658175303,0.16857530670648754,44.46777968361716,1.0,1.0
direct_parent_classification,Benzyl alcohols,3,101,0.10090817356205853,0.013938551687875805,7.245804580458046,2.2969651716128907,22.85697870696097,0.009135423330365931,0.05426341617545227
direct_parent_classification,Tazettine-type amaryllidaceae alkaloids,0,36,0.0,0.004968196641223059,3.338040821779601,0.20482969417506067,54.398931623380356,1.0,1.0
direct_parent_classification,Medium-chain keto acids and derivatives,0,81,0.0,0.011178442442751884,1.49485795281634,0.09268958053727773,24.10843037745274,1.0,1.0
direct_parent_classification,Ciguatera toxins,0,69,0.0,0.009522376895677531,1.7529919565272618,0.10853642524166467,28.312898575819585,1.0,1.0
direct_parent_classification,Carotenes,0,35,0.0,0.004830191178966863,3.4320748773792915,0.21048802227061886,55.96108432618532,1.0,1.0
direct_parent_classification,Organooxygen compounds,4,59,0.13454423141607805,0.00814232227311557,16.544976051972075,6.006151825728498,45.57597618290768,0.00013675065645181624,0.0013391708429110292
direct_parent_classification,Cyclopropanecarboxylic acids,0,31,0.0,0.004278169329942079,3.867915262063572,0.2366350976839967,63.222947994312236,1.0,1.0
direct_parent_classification,Purine 3'-deoxyribonucleosides,0,48,0.0,0.006624262188297413,2.5120922097080918,0.15486902514913442,40.748027334705235,1.0,1.0
direct_parent_classification,Pyrrolopyrazoles,0,30,0.0,0.004140163867685883,3.9947376690823586,0.24421917283070577,65.3426545500901,1.0,1.0
direct_parent_classification,Solanidines and derivatives,0,47,0.0,0.006486256726041217,2.564981901533723,0.15808233649692185,41.61838887878318,1.0,1.0
direct_parent_classification,Oxirane carboxylic acids and derivatives,0,32,0.0,0.004416174792198275,3.7488973108613264,0.2295077850906168,61.23640225029506,1.0,1.0
direct_parent_classification,"Pyrazolo[3,4-d]pyrimidines",0,44,0.0,0.006072240339272629,2.7379133658175303,0.16857530670648754,44.46777968361716,1.0,1.0
direct_parent_classification,Ormosia-type alkaloids,0,47,0.0,0.006486256726041217,2.564981901533723,0.15808233649692185,41.61838887878318,1.0,1.0
direct_parent_classification,Imidazopyrimidines,0,46,0.0,0.006348251263785021,2.620146418814221,0.1614317970913098,42.52673500340135,1.0,1.0
direct_parent_classification,Hydroxypyrimidines,0,47,0.0,0.006486256726041217,2.564981901533723,0.15808233649692185,41.61838887878318,1.0,1.0
direct_parent_classification,Vinyl chlorides,0,55,0.0,0.007590300424090785,2.195230542464442,0.13557759518745932,35.54449485481419,1.0,1.0
direct_parent_classification,8-prenylated xanthones,0,68,0.0,0.009384371433421334,1.7785855347540747,0.1101050821593759,28.730431351547423,1.0,1.0
direct_parent_classification,"1,3-dicarbonyl compounds",0,60,0.0,0.008280327735371766,2.0137926338302385,0.1244998169522443,32.573226783333254,1.0,1.0
direct_parent_classification,Clavines and derivatives,0,64,0.0,0.00883234958439655,1.88889584090995,0.11686089430381194,30.531406755549067,1.0,1.0
direct_parent_classification,Protopine alkaloids,0,36,0.0,0.004968196641223059,3.338040821779601,0.20482969417506067,54.398931623380356,1.0,1.0
direct_parent_classification,Triazolopyridines,0,61,0.0,0.008418333197627963,1.9810453039791873,0.12249797770827836,32.03759416962826,1.0,1.0
direct_parent_classification,"1,2,4-oxadiazoles",0,34,0.0,0.004692185716710667,3.5315601825789646,0.21646778956224189,57.615580352157025,1.0,1.0
direct_parent_classification,Proaporphines,0,66,0.0,0.009108360508908942,1.8320818862356834,0.11338245518825726,29.60355755482463,1.0,1.0
direct_parent_classification,Cephalosporin 3'-esters,0,64,0.0,0.00883234958439655,1.88889584090995,0.11686089430381194,30.531406755549067,1.0,1.0
direct_parent_classification,Yuzurimine-type alkaloids,0,34,0.0,0.004692185716710667,3.5315601825789646,0.21646778956224189,57.615580352157025,1.0,1.0
direct_parent_classification,Short-chain hydroxy acids and derivatives,0,31,0.0,0.004278169329942079,3.867915262063572,0.2366350976839967,63.222947994312236,1.0,1.0
direct_parent_classification,N-acylethanolamines,2,32,0.06727211570803902,0.004416174792198275,15.242700269269607,3.6513224650766163,63.631715281525125,0.008585395787506552,0.05272500124869844
direct_parent_classification,3-pyridinecarbonitriles,0,38,0.0,0.005244207565735451,3.164627368595756,0.1943789821515663,51.52237279571842,1.0,1.0
direct_parent_classification,Macrolactams,0,52,0.0,0.007176284037322197,2.3206818964343765,0.14322373735831748,37.60245727260023,1.0,1.0
direct_parent_classification,Pyrogallols and derivatives,0,36,0.0,0.004968196641223059,3.338040821779601,0.20482969417506067,54.398931623380356,1.0,1.0
direct_parent_classification,Aminotriazines,0,32,0.0,0.004416174792198275,3.7488973108613264,0.2295077850906168,61.23640225029506,1.0,1.0
direct_parent_classification,Alpha hydroxy acids and derivatives,2,68,0.06727211570803902,0.009384371433421334,7.172679034589265,1.7571278771698324,29.27921479232431,0.03356011832760659,0.16070417895201922
direct_parent_classification,1-O-alkylglycerols,0,53,0.0,0.007314289499578393,2.2773015216971095,0.1405809775837492,36.8904976324725,1.0,1.0
direct_parent_classification,C20-gibberellin 6-carboxylic acids,0,70,0.0,0.009660382357933726,1.728124437257238,0.10701183196410949,27.90732590810382,1.0,1.0
direct_parent_classification,Anagyrine-type alkaloids,0,30,0.0,0.004140163867685883,3.9947376690823586,0.24421917283070577,65.3426545500901,1.0,1.0
direct_parent_classification,Monoalkylglycerophosphocholines,0,34,0.0,0.004692185716710667,3.5315601825789646,0.21646778956224189,57.615580352157025,1.0,1.0
direct_parent_classification,2-naphthalene sulfonamides,0,56,0.0,0.0077283058863469815,2.1563739284029575,0.13320710839678127,34.90766052247975,1.0,1.0
direct_parent_classification,N-formyl-alpha amino acids,0,31,0.0,0.004278169329942079,3.867915262063572,0.2366350976839967,63.222947994312236,1.0,1.0
direct_parent_classification,Pyrimidinecarboxylic acids,0,41,0.0,0.0056582239525040405,2.935846969515864,0.18056004511200668,47.735906485118264,1.0,1.0
direct_parent_classification,Maleimides,0,43,0.0,0.005934234877016433,2.800857768526196,0.17238946975498262,45.50628440741406,1.0,1.0
direct_parent_classification,Polyterpenoids,0,72,0.0,0.009936393282446119,1.680447400311951,0.10408761295968512,27.130062693520873,1.0,1.0
direct_parent_classification,Pyrimidine ribonucleoside monophosphates,0,33,0.0,0.004554180254454471,3.6369849089845876,0.22279718329341747,59.370854840481435,1.0,1.0
direct_parent_classification,Methoxypyrazines,10,22,0.3363605785401951,0.0030361201696363143,111.15684349400178,52.59236870310484,234.93605936065327,7.599598503448498e-17,3.304305429299407e-15
direct_parent_classification,Melodinus alkaloids,0,34,0.0,0.004692185716710667,3.5315601825789646,0.21646778956224189,57.615580352157025,1.0,1.0
direct_parent_classification,C-nitro compounds,0,30,0.0,0.004140163867685883,3.9947376690823586,0.24421917283070577,65.3426545500901,1.0,1.0
direct_parent_classification,Triazolodiazepines,0,48,0.0,0.006624262188297413,2.5120922097080918,0.15486902514913442,40.748027334705235,1.0,1.0
direct_parent_classification,Organobromides,0,40,0.0,0.005520218490247844,3.0083411700473524,0.18494277520581456,48.93468579851472,1.0,1.0
direct_parent_classification,Organic pyrophosphates,0,34,0.0,0.004692185716710667,3.5315601825789646,0.21646778956224189,57.615580352157025,1.0,1.0
direct_parent_classification,Organic sulfonium compounds,0,34,0.0,0.004692185716710667,3.5315601825789646,0.21646778956224189,57.615580352157025,1.0,1.0
direct_parent_classification,2-monoacylglycerols,1,41,0.03363605785401951,0.0056582239525040405,5.946295506023701,0.8176829019178824,43.242227716910996,0.15799911187510274,0.5469587089434289
direct_parent_classification,Trialkylheterosilanes,0,32,0.0,0.004416174792198275,3.7488973108613264,0.2295077850906168,61.23640225029506,1.0,1.0
direct_parent_classification,Beta-keto acids and derivatives,8,34,0.2690884628321561,0.004692185716710667,57.500247991270705,26.59630190277626,124.31346775742931,8.032928486233483e-12,2.2978403327725779e-10
direct_parent_classification,Pyridine-2-carboxylic acids,1,44,0.03363605785401951,0.006072240339272629,5.540843325584241,0.7631567548010922,40.228884256777974,0.16827919280821618,0.577033068083694
direct_parent_classification,8-methoxypsoralens,0,33,0.0,0.004554180254454471,3.6369849089845876,0.22279718329341747,59.370854840481435,1.0,1.0
direct_parent_classification,Sterigmatocystins,0,40,0.0,0.005520218490247844,3.0083411700473524,0.18494277520581456,48.93468579851472,1.0,1.0
direct_parent_classification,3-oxo-acyl CoAs,0,47,0.0,0.006486256726041217,2.564981901533723,0.15808233649692185,41.61838887878318,1.0,1.0
direct_parent_classification,Acyl chlorides,0,32,0.0,0.004416174792198275,3.7488973108613264,0.2295077850906168,61.23640225029506,1.0,1.0
np_classifier_superclass,Flavonoids,11,38386,0.3699966363942146,5.297477674166344,0.06638959848946166,0.036723008343104206,0.12002226904756241,8.032507474645554e-54,5.94405553123771e-53
np_classifier_superclass,Diterpenoids,9,45577,0.30272452068617556,6.289874953250649,0.045238564554054936,0.023513359134069073,0.08703680793724335,4.466335013234737e-69,5.508479849656176e-68
np_classifier_superclass,Cyclic polyketides,58,4795,1.9508913555331315,0.6617361915184603,2.98690295243938,2.2997181647774574,3.8794272202282762,1.8464903770106272e-12,5.6933453291161e-12
np_classifier_superclass,Lysine alkaloids,7,17949,0.23545240497813658,2.477060042036464,0.09291742051644265,0.044251656457088326,0.19510336395659333,2.563803779405285e-23,1.1857592479749444e-22
np_classifier_superclass,Small peptides,50,10848,1.6818028927009754,1.4970832545552153,1.1254969613390695,0.8504760768968654,1.489452136743751,0.404541100653357,0.4782079688913159
np_classifier_superclass,Coumarins,12,26028,0.4036326942482341,3.592006171604272,0.10877242480197072,0.061693875204677506,0.19177658005836107,1.2481413034709188e-31,7.104804342834461e-31
np_classifier_superclass,Macrolides,0,11112,0.0,1.533516696590851,0.01079649388874314,0.0006751080256197401,0.17266019046753836,2.1934582612463456e-20,8.542942701696294e-20
np_classifier_superclass,Glycerolipids,10,48461,0.3363605785401951,6.687882706397519,0.04708881317683927,0.025308163363909657,0.08761427269610964,5.935334249802628e-73,8.78429468970789e-72
np_classifier_superclass,Steroids,9,39655,0.30272452068617556,5.472606605769457,0.05244785873298904,0.027260226669495825,0.10090810758935077,1.7821584908568182e-58,1.465330314704495e-57
np_classifier_superclass,Triterpenoids,4,45430,0.13454423141607805,6.269588150298989,0.02014147659945195,0.007554121378300981,0.05370301313552801,5.8884965786091e-76,1.0893718670426835e-74
np_classifier_superclass,Fatty Acids and Conjugates,135,5273,4.540867810292633,0.727702802476922,6.489263386136002,5.448739882654075,7.728491394625593,1.192174980717468e-60,1.1027618571636578e-59
np_classifier_superclass,Phenolic acids (C6-C1),88,5260,2.9599730911537168,0.7259087314675915,4.171485657425651,3.368439554502894,5.165980362285573,5.4938129470672075e-27,2.9038725577355236e-26
np_classifier_superclass,Oligopeptides,1,13668,0.03363605785401951,1.8862586581176883,0.01750168187642265,0.002464355282802746,0.12429574203080479,2.87702466376107e-23,1.252351912460701e-22
np_classifier_superclass,Pseudoalkaloids,12,15018,0.4036326942482341,2.072566032163553,0.19148679807803753,0.10859771338745529,0.3376424115612618,1.653255830264721e-14,5.825758639980445e-14
np_classifier_superclass,Tyrosine alkaloids,4,15137,0.13454423141607805,2.0889886821720403,0.06314591244360228,0.023681024175923004,0.1683798060722883,8.656096070507244e-22,3.558617273430756e-21
np_classifier_superclass,Peptide alkaloids,3,4795,0.10090817356205853,0.6617361915184603,0.15163396214491104,0.04885986307977697,0.47058786141545744,7.061410849630852e-06,1.583467887492979e-05
np_classifier_superclass,Sesquiterpenoids,120,42777,4.036326942482341,5.903459658933301,0.6704193343480103,0.5583571937025111,0.8049723168912899,6.925343863807806e-06,1.583467887492979e-05
np_classifier_superclass,Stilbenoids,0,2668,0.0,0.3681985732995312,0.04549219183292905,0.0028440793648700407,0.7276658813839342,4.338604727141369e-05,8.918243050235036e-05
np_classifier_superclass,Anthranilic acid alkaloids,23,9479,0.7736293306424487,1.3081537767264828,0.5882044340656688,0.39006118788314786,0.8870004681372236,0.007476055565625665,0.012573366178552254
np_classifier_superclass,Linear polyketides,0,6269,0.0,0.8651562428840933,0.019266352742684793,0.0012046728440014086,0.30812709845157243,1.139606827563946e-11,3.37323620958928e-11
np_classifier_superclass,Aromatic polyketides,2,4420,0.06727211570803902,0.6099841431723868,0.10968609073228235,0.027410797557009495,0.4389160320894749,4.58369747719066e-06,1.094172946168093e-05
np_classifier_superclass,Phenylpropanoids (C6-C3),111,5070,3.7336024217961654,0.6996876936389143,5.504269989538495,4.544500471999211,6.666736708337471,7.421400398270975e-44,4.992578449745929e-43
np_classifier_superclass,Polycyclic aromatic polyketides,0,7702,0.0,1.0629180702972223,0.015650689606071855,0.0009786153416487349,0.2502965922575185,4.386556664353495e-14,1.4754781507370847e-13
np_classifier_superclass,Glycerophospholipids,1,9465,0.03363605785401951,1.3062217002548961,0.025422840684565007,0.003579594146697925,0.18055701344494227,9.292614788262363e-16,3.4382674716570743e-15
np_classifier_superclass,Nicotinic acid alkaloids,46,10342,1.5472586612848973,1.4272524906535802,1.0854033595284522,0.8106350134568727,1.453305659536908,0.5869634003838772,0.6682352558216448
np_classifier_superclass,Tryptophan alkaloids,14,28816,0.47090480995627315,3.9767654003745467,0.1142429555958079,0.06756803713389259,0.19316016058603308,1.9048489178995468e-34,1.1746568327047207e-33
np_classifier_superclass,Fatty acyls,481,6485,16.178943827783385,0.8949654227314318,21.374034164530816,19.327919426100806,23.636757086724597,0.0,0.0
np_classifier_superclass,Nucleosides,4,2250,0.13454423141607805,0.3105122900764412,0.4325341117473148,0.16208914303716374,1.1542152319365624,0.09576644264285203,0.13123549547353797
np_classifier_superclass,Chromanes,1,6011,0.03363605785401951,0.8295508336219948,0.0402244830193546,0.005663362430976757,0.28569759641805054,7.974376152358331e-10,2.1855697602759873e-09
np_classifier_superclass,Monoterpenoids,307,13035,10.326269761183989,1.7989012005095162,6.286186563902195,5.5787509135521685,7.083331399541424,5.285450332080463e-129,1.3037444152465143e-127
np_classifier_superclass,Ornithine alkaloids,3,6567,0.10090817356205853,0.9062818706364398,0.11044540117176024,0.03559138167764706,0.342728662530459,1.5110547120276154e-08,3.993501738930126e-08
np_classifier_superclass,Eicosanoids,0,1437,0.0,0.19831384926215379,0.08459332802070463,0.005287427263882926,1.3534051228467128,0.005682469019608479,0.009779132731419242
np_classifier_superclass,Naphthalenes,1,4317,0.03363605785401951,0.5957695805599985,0.056140688897472854,0.007903761874188567,0.3987692190190643,8.743383119848883e-07,2.1567011695627246e-06
np_classifier_superclass,Polyprenols,0,277,0.0,0.03822751304496632,0.4389115868853552,0.02737856939438621,7.036283683314766,0.6343419361483357,0.7112318678026793
np_classifier_superclass,Phenanthrenoids,6,1020,0.20181634712411706,0.14076557150132002,1.4345823668193263,0.6424683707141403,3.203311884289846,0.3231523110042998,0.39202083630029816
np_classifier_superclass,Isoflavonoids,3,8015,0.10090817356205853,1.1061137799834118,0.09030970969835599,0.029103948968581962,0.28023151341440505,5.226299971545028e-11,1.4874853765166618e-10
np_classifier_superclass,β-lactams,0,1148,0.0,0.15843027067011312,0.10592207658727408,0.006619758048907963,1.694848395616391,0.01776469583123491,0.027969946627901778
np_classifier_superclass,Fatty esters,605,3512,20.349815001681804,0.4846751834437607,52.458136413570465,47.69250289645927,57.699971879418115,0.0,0.0
np_classifier_superclass,Meroterpenoids,5,7422,0.16818028927009754,1.0242765408654875,0.16278619293845573,0.06768598219317963,0.3915041749082625,2.5202000900833366e-08,6.430855402281618e-08
np_classifier_superclass,Histidine alkaloids,1,1995,0.03363605785401951,0.27532089720111125,0.12187501054115774,0.01715363132513184,0.8659110081633484,0.004451851270591657,0.007843737952947205
np_classifier_superclass,Diarylheptanoids,1,1501,0.03363605785401951,0.20714619884655033,0.162096511701934,0.02281103002249185,1.151867279996896,0.038204218738844345,0.05701347846350163
np_classifier_superclass,Miscellaneous polyketides,0,504,0.0,0.06955475297712284,0.2413474625461814,0.015071761960471886,3.864750374259276,0.2802357076902533,0.3456240394846457
np_classifier_superclass,Lignans,2,8500,0.06727211570803902,1.1730464291776668,0.05671364365335498,0.014174997453690951,0.2269092031196253,6.623023680074909e-13,2.130885879676275e-12
np_classifier_superclass,Tetramate alkaloids,60,525,2.0181634712411705,0.07245286768450296,28.40798391447207,21.695502916763893,37.19727324049873,1.8532137203002314e-62,1.9591116471745305e-61
np_classifier_superclass,Polyols,0,845,0.0,0.1166146156064857,0.14394140156042282,0.008993888203837501,2.3036896405203806,0.055990966367226,0.07906780652945786
np_classifier_superclass,Saccharides,17,3214,0.5718129835183317,0.44354955569141424,1.2908380158524992,0.8003613967916828,2.0818879944102426,0.2684079024597599,0.3456240394846457
np_classifier_superclass,Phenylethanoids (C6-C2),2,1471,0.06727211570803902,0.20300603497886446,0.33092978328235717,0.08264816037253384,1.3250690755810512,0.145187199902183,0.19534277805020986
np_classifier_superclass,Amino acid glycosides,0,963,0.0,0.13289926015271686,0.1262922813515582,0.007891910331250656,2.0210240182054298,0.03852262058344705,0.05701347846350163
np_classifier_superclass,Apocarotenoids,55,2127,1.849983181971073,0.2935376182189291,6.402313606868574,4.886738607687233,8.387929621652876,9.869083063002578e-26,4.868747644414605e-25
np_classifier_superclass,Aminosugars and aminoglycosides,0,1251,0.0,0.17264483328250133,0.09719071937955603,0.006074380403892858,1.5550616368151668,0.01221478062981963,0.01988755648759608
np_classifier_superclass,Proline alkaloids,8,605,0.2690884628321561,0.08349330466499864,3.2288723816425793,1.6058973534472547,6.492081722754173,0.004184291383899854,0.007552135668502175
np_classifier_superclass,Xanthones,0,2988,0.0,0.41236032122151395,0.04060301330538996,0.0025384884311634706,0.6494434519530455,8.941643353163818e-06,1.9461223768650662e-05
np_classifier_superclass,Guanidine alkaloids,0,492,0.0,0.06789868743004848,0.24723210696174927,0.015438732172258949,3.9591149085788166,0.27762172580451705,0.3456240394846457
np_classifier_superclass,Octadecanoids,6,531,0.20181634712411706,0.07328090045804013,2.7575572350469097,1.2322945724461594,6.170701449625829,0.024317909425933842,0.03749011036498134
np_classifier_superclass,Fatty amides,9,1057,0.30272452068617556,0.14587177360479928,2.078543276173112,1.0774309697306046,4.009855176155452,0.046207506050860755,0.06704618525026855
np_classifier_superclass,Phloroglucinols,0,1866,0.0,0.2575181925700619,0.06511158415093662,0.004070189815251149,1.0416021323523723,0.0008257169877206579,0.0015667450536238125
np_classifier_superclass,Sphingolipids,0,2604,0.0,0.35936622371513466,0.04661419682655935,0.0029142062443104377,0.7456175588215327,4.000380542897588e-05,8.457947433554899e-05
np_classifier_superclass,Fatty acyl glycosides,0,865,0.0,0.11937472485160963,0.1406113136674167,0.008785980708770293,2.2503511203411146,0.056629645217044146,0.07906780652945786
np_classifier_superclass,Terphenyls,1,597,0.03363605785401951,0.08238926096694907,0.40805868733528566,0.05736735481279733,2.9025548215210972,0.7402337660284426,0.8175716221806679
np_classifier_superclass,Docosanoids,0,121,0.0,0.016698660932999727,1.002668288676173,0.06234487078501314,16.125523791421127,1.0,1.0
np_classifier_superclass,Sesterterpenoids,0,2124,0.0,0.2931236018321605,0.05718399086810721,0.0035747892157513513,0.9147417132163628,0.0004252032353073973,0.0008280273529670368
np_classifier_superclass,Polyethers,0,1261,0.0,0.1740248879050633,0.09641894869870805,0.0060261714928745045,1.5427064561897463,0.012362535113911076,0.01988755648759608
np_classifier_superclass,Mitomycin derivatives,0,45,0.0,0.006210245801528825,2.6777357500411143,0.16492624657996455,43.47560740474222,1.0,1.0
np_classifier_superclass,Diphenyl ethers (DPEs),0,370,0.0,0.05106202103479256,0.3286972394704732,0.020516427709610156,5.266115366901882,0.41358527039248943,0.4782079688913159
np_classifier_superclass,Carotenoids (C40),1,2122,0.03363605785401951,0.2928475909076481,0.11456075111343954,0.016124639742514674,0.8139199328014689,0.0031730111836875434,0.0058700706898219554
np_classifier_superclass,Diazotetronic acids and derivatives,0,354,0.0,0.04885393363869342,0.3435402472664626,0.02144108107256334,5.5043820361709335,0.41214844688158603,0.4782079688913159
np_classifier_superclass,Alkylresorcinols,0,114,0.0,0.015732622697206357,1.0639770667093533,0.06613397429031662,17.117483269853853,1.0,1.0
np_classifier_superclass,Serine alkaloids,6,178,0.20181634712411706,0.024564972281602905,8.230206428011497,3.6454747109558734,18.580926550967835,0.00012377124744814417,0.00024754249489628835
np_classifier_superclass,Styrylpyrones,0,475,0.0,0.06555259457169314,0.25607712147806855,0.01599026677076872,4.100962984830866,0.2748466769608331,0.3456240394846457
np_classifier_superclass,Fluorenes,0,51,0.0,0.007038278575066001,2.365746945918722,0.1459677487671136,38.34243289627761,1.0,1.0
np_classifier_superclass,Miscellaneous alkaloids,0,44,0.0,0.006072240339272629,2.7379133658175303,0.16857530670648754,44.46777968361716,1.0,1.0
np_classifier_superclass,Tropolones,1,75,0.03363605785401951,0.010350409669214708,3.250489008524002,0.4518023050347761,23.38562392620394,0.26743171018026135,0.3456240394846457
np_classifier_superclass,Mycosporine derivatives,0,128,0.0,0.0176646991687931,0.9480390662263745,0.05896636167635099,15.242216842621291,1.0,1.0
np_classifier_superclass,Carotenoids (C50),0,88,0.0,0.012144480678545257,1.3766073004572406,0.08541462649948736,22.186453741427353,1.0,1.0
np_classifier_class,Flavonols,0,8856,0.0,1.2221763737408726,0.013589498026523096,0.0008497419248286944,0.21733005188617133,2.996336321352245e-16,8.247059017817131e-15
np_classifier_class,Norkaurane diterpenoids,0,756,0.0,0.10433212946568425,0.16089546668628626,0.010052259866584989,2.5752767580403253,0.08297497481087492,0.2921006579488888
np_classifier_class,Phthalide derivatives,4,864,0.13454423141607805,0.11923671938935343,1.1285521375198033,0.42232782416049575,3.0157376668995037,0.7852765929489611,1.0
np_classifier_class,Quinolizidine alkaloids,0,5609,0.0,0.7740726377950039,0.02155296886468976,0.0013476312337906452,0.3447014696859209,1.5826738234753374e-10,2.7720771817234697e-09
np_classifier_class,Dipeptides,7,4349,0.23545240497813658,0.6001857553521969,0.3908649991542068,0.18606442565095674,0.821088969744349,0.005878199033961763,0.03042425543438902
np_classifier_class,Simple coumarins,9,19430,0.30272452068617556,2.68144613163789,0.11020235622112806,0.057274218987039466,0.2120423382715456,1.1094462892227238e-23,4.0078747198170896e-22
np_classifier_class,Macrolide lactams,0,365,0.0,0.050371993723511574,0.3331960820351776,0.020796702075056343,5.33832858127781,0.41299168209158044,0.9384703820215263
np_classifier_class,Triacylglycerols,4,44559,0.13454423141607805,6.149385392673842,0.020561519356139778,0.007711653207399657,0.05482301484035086,2.1972530045943518e-74,1.5875152958194192e-72
np_classifier_class,Spirostane steroids,0,3113,0.0,0.42961100400353847,0.03896614301011107,0.0024361744569656608,0.6232559810086831,6.414243954880909e-06,6.50426843144064e-05
np_classifier_class,"Lanostane, Tirucallane and Euphane triterpenoids",2,5260,0.06727211570803902,0.7259087314675915,0.09206217773073808,0.02300769393315173,0.368374361774422,1.930060556260748e-07,2.720914637850518e-06
np_classifier_class,Fatty aldehydes,111,443,3.7336024217961654,0.061136419779494876,63.399780418435384,51.32664377910094,78.31277989663695,2.226832284823885e-148,6.435545303141027e-146
np_classifier_class,Shikimic acids and derivatives,30,508,1.0090817356205852,0.07010677482614762,14.530027209901515,10.036101837119768,21.036224437223094,3.57486560637944e-24,1.3775148803248776e-22
np_classifier_class,Aurones,0,4383,0.0,0.6048779410689075,0.027628044532912482,0.0017274246462769213,0.4418767825026337,3.228937449110786e-08,4.911383804173775e-07
np_classifier_class,Acyclic triterpenoids,1,336,0.03363605785401951,0.04636983531808189,0.7252942142536691,0.10183647929628177,5.165650863668993,1.0,1.0
np_classifier_class,Cyclic peptides,0,8252,0.0,1.1388210745381302,0.014596419640786352,0.0009126988125673966,0.23343458257671493,2.7804747368106294e-15,6.696309991152266e-14
np_classifier_class,Neoflavonoids,0,839,0.0,0.11578658283294853,0.14497136859010598,0.009058190577485092,2.3201871865146195,0.05588929698057794,0.2134648803844337
np_classifier_class,Ergostane steroids,0,3846,0.0,0.5307690078373302,0.03150860024413844,0.0019700102764682132,0.5039526449195866,3.1539616106778564e-07,4.2395111883065134e-06
np_classifier_class,Cytochalasan alkaloids,0,1401,0.0,0.19334565262093073,0.08677057616989076,0.005423446995850341,1.3882560103593888,0.005537568902490216,0.02963624838554949
np_classifier_class,Isoquinoline alkaloids,0,7246,0.0,0.9999875795083969,0.016646120748921876,0.0010408523428245132,0.266217718486132,1.7783874595378746e-13,3.671099827188898e-12
np_classifier_class,Thiodiketopiperazine alkaloids,0,416,0.0,0.05741027229857758,0.2923759717440028,0.01825311589764448,4.6832392525531175,0.42453711352251183,0.9384703820215263
np_classifier_class,Agarofuran sesquiterpenoids,0,1690,0.0,0.2332292312129714,0.07190793645157086,0.004494862851047931,1.1503690982512718,0.0017728961513691888,0.011513864893161698
np_classifier_class,Monomeric stilbenes,0,1450,0.0,0.20010792027148436,0.08383365946476422,0.0052399675202021295,1.3412454241668559,0.005777685450940411,0.030359110824032344
np_classifier_class,Furocoumarins,1,2766,0.03363605785401951,0.3817231086006384,0.08780955342171669,0.012360687176887588,0.6237936096739585,0.00026238414893744967,0.0020300075399879223
np_classifier_class,Diacylglycerols,0,2941,0.0,0.40587406449547275,0.04125446486744874,0.0025792074369193965,0.6598658359687224,1.3931632080547654e-05,0.0001298787635896217
np_classifier_class,Eudesmane sesquiterpenoids,8,4670,0.2690884628321561,0.6444855087364358,0.41595285468221327,0.20769890826739815,0.8330172688993395,0.007639703736527852,0.03839781530185303
np_classifier_class,Quinazoline alkaloids,1,2698,0.03363605785401951,0.3723387371672171,0.09003117308369592,0.012673304779189888,0.6395815667698748,0.0003812413592218373,0.00286178578740548
np_classifier_class,Simple phenolic acids,48,2257,1.6145307769929365,0.3114783283122346,5.252096383899662,3.9370886101930234,7.006323493547056,2.585715800883487e-19,7.866019646898187e-18
np_classifier_class,Open-chain polyketides,0,3315,0.0,0.4574881073792901,0.03658184875767718,0.0022871387027555393,0.5851117192487144,3.1364618245132223e-06,3.420518744469137e-05
np_classifier_class,Catechols with side chains,2,1004,0.06727211570803902,0.1385574841052209,0.4851713978820497,0.12111625367666515,1.9435152440499723,0.45353619686468716,0.9855034653676285
np_classifier_class,Cinnamic acids and derivatives,107,5058,3.5990581903800876,0.6980316280918398,5.311171775167995,4.370421750476573,6.454421846647899,4.931794841618891e-41,2.5914340167779266e-39
np_classifier_class,Angucyclines,0,1658,0.0,0.22881305642077313,0.07329861165853593,0.00458175575196927,1.1726261201854,0.002803010280297404,0.016702473628988655
np_classifier_class,Glycerophosphocholines,0,2966,0.0,0.4093242010518776,0.04090537825968821,0.002557387802156569,0.6542808912896084,8.822994556452457e-06,8.4994847560492e-05
np_classifier_class,Pyridine alkaloids,42,13627,1.4127144298688195,1.8806004341651843,0.7476387829298192,0.5510692861216984,1.0143257187760226,0.06705068920639547,0.24222061475810364
np_classifier_class,Pregnane steroids,0,7447,0.0,1.0277266774218923,0.016192321645272865,0.0010124797039341865,0.25895954185074244,8.382113223121313e-14,1.7943931270237478e-12
np_classifier_class,Piperidine alkaloids,4,4312,0.13454423141607805,0.5950795532487175,0.22505188118910874,0.08437171387610068,0.6003001112568781,0.00026340928287040514,0.0020300075399879223
np_classifier_class,Oxygenated hydrocarbons,124,901,4.170871173898419,0.12434292149283269,34.959709756602095,28.872614792933536,42.33012198690724,8.633809627809404e-137,1.6634473216246117e-134
np_classifier_class,Carboline alkaloids,0,9892,0.0,1.365150032638292,0.012148717087707485,0.0007596571107538313,0.19428677068618022,4.936667171080126e-18,1.4266968124421565e-16
np_classifier_class,Quinoline alkaloids,2,2490,0.06727211570803902,0.3436336010179283,0.19522560115926513,0.04877546348310484,0.7813977075009918,0.004204572117545313,0.023145168418487534
np_classifier_class,Chalcones,8,5895,0.2690884628321561,0.813542200000276,0.3289558276013485,0.16427865485874923,0.6587096577210922,0.00028935432211845314,0.002200615765585078
np_classifier_class,Glycerophosphoinositols,0,463,0.0,0.0638965290246188,0.26271130331593223,0.016403907557751257,4.207365144370333,0.27358000338821603,0.7311747562872654
np_classifier_class,Abeoabietane diterpenoids,0,796,0.0,0.1098523479559321,0.1528068982646565,0.009547349688963588,2.445699478700024,0.08578487270624013,0.2969081223006395
np_classifier_class,Tylosins,0,534,0.0,0.07369491684480872,0.2277918621033976,0.01422633254232833,3.647400500877155,0.2889551157259423,0.7390091012813922
np_classifier_class,Pyrimidine nucleos(t)ides,1,763,0.03363605785401951,0.10529816770147762,0.3192073154598004,0.04489210714831746,2.269737749364511,0.38613592068551006,0.9384703820215263
np_classifier_class,Chromones,1,4460,0.03363605785401951,0.6155043616626346,0.05432987404112524,0.007648882120087364,0.3859041317387724,4.017110528846936e-07,5.277022467439839e-06
np_classifier_class,Iridoids monoterpenoids,2,4957,0.06727211570803902,0.6840930764039641,0.09773068924558677,0.02442394530535487,0.3910624389714535,5.531055920060883e-07,7.104334048433756e-06
np_classifier_class,Glycerophosphoethanolamines,1,2358,0.03363605785401951,0.32541688000011043,0.1030612833148972,0.014506738399758433,0.732185817777646,0.0016506270839434245,0.010841618801355675
np_classifier_class,Zearalenones,0,1139,0.0,0.15718822150980735,0.10675999853318914,0.006672093444177519,1.7082640376916307,0.017642422999706857,0.07919755270045781
np_classifier_class,Fatty alcohols,163,2643,5.48267743020518,0.3647484367431263,15.845314622793305,13.469318820999163,18.64043748848485,8.25329028800783e-128,1.1926004466171314e-125
np_classifier_class,Furans,40,413,1.3454423141607803,0.05699625591180899,23.914097656375766,17.2513541644755,33.15009716143427,1.561738295807035e-39,7.522372791470551e-38
np_classifier_class,Androstane steroids,6,3804,0.20181634712411706,0.52497277842257,0.3831871937261506,0.1719028623217928,0.8541592818906073,0.010271123410180338,0.049063713480035
np_classifier_class,Hydroxy fatty acids,8,865,0.2690884628321561,0.11937472485160963,2.2575332638002124,1.1243331076467942,4.532870554555862,0.029043960384276885,0.12077272735332403
np_classifier_class,Aporphine alkaloids,0,1551,0.0,0.21404647195936016,0.07836528501494645,0.004898322681249281,1.2537185267483324,0.003996203078487546,0.022358249125500898
np_classifier_class,Anthracyclines,0,913,0.0,0.12599898703990703,0.1332140346827555,0.008324117955123547,2.1318750085149416,0.060008712261858624,0.2181448785368194
np_classifier_class,Flavones,0,8404,0.0,1.159797904801072,0.014329394250717838,0.0008960033553099805,0.22916380655903806,2.004259752209837e-15,5.0367918990316777e-14
np_classifier_class,Guaiane sesquiterpenoids,4,4651,0.13454423141607805,0.6418634049535681,0.20855020259154675,0.07818783922513435,0.5562653659700296,7.00612362090121e-05,0.0006044088735643133
np_classifier_class,Menthane monoterpenoids,101,1532,3.3972418432559706,0.21142436817649243,16.598266007621984,13.52636811694603,20.367805465432056,3.608421994631493e-82,3.4761131881616716e-80
np_classifier_class,Purine nucleos(t)ides,3,1319,0.10090817356205853,0.18202920471592265,0.5539014098528883,0.17831324038390536,1.7206056666149279,0.3902263376661093,0.9384703820215263
np_classifier_class,Bafilomycins,0,516,0.0,0.07121081852419718,0.23573625756134658,0.01472182073269703,3.7747765129081876,0.2833618432670371,0.7311747562872654
np_classifier_class,Duclauxin and derivatives,0,71,0.0,0.009798387820189923,1.7039525129318303,0.10552947147400055,27.513206744734116,1.0,1.0
np_classifier_class,Dihydroflavonols,0,1378,0.0,0.19017152698903822,0.08822113166363328,0.005514066018413747,1.4114753153156985,0.00875603055305133,0.04252929125767789
np_classifier_class,Terpenoid alkaloids,0,3483,0.0,0.48067302503833104,0.034809493330988005,0.0021763509628492175,0.556758007621057,1.4306912199838488e-06,1.653879050301329e-05
np_classifier_class,Glycerophosphoinositol phosphates,0,462,0.0,0.0637585235623626,0.2632796913274465,0.016439345060234214,4.216481594096303,0.27350133444053143,0.7311747562872654
np_classifier_class,Polyamines,3,1463,0.10090817356205853,0.2019019912808149,0.49928264186637394,0.16075056618255842,1.5507451226390345,0.30238239286419705,0.7665658906820434
np_classifier_class,Pimarane and Isopimarane diterpenoids,0,1762,0.0,0.24316562449541754,0.06896355156124967,0.0043108857078513,1.1032469349115948,0.001204073411888311,0.008092493396179578
np_classifier_class,Isoprostanes,0,163,0.0,0.022494890347759963,0.7450589277661134,0.0463947835443189,11.96498320363357,1.0,1.0
np_classifier_class,Glycerophosphoinositolglycans,0,305,0.0,0.04209166598813981,0.39866859935981147,0.02487396612096238,6.389678724438357,0.6409938751773905,1.0
np_classifier_class,Naphthoquinones,0,2297,0.0,0.31699854680248246,0.052865418194413365,0.0033048999306001196,0.8456390509720296,0.00019511536929789353,0.0015663428257525341
np_classifier_class,Acetogenins,0,1555,0.0,0.21459849380838494,0.0781633346786575,0.00488570512634052,1.2504862103014291,0.0040229375589136565,0.022358249125500898
np_classifier_class,Polyprenol derivatives,0,150,0.0,0.020700819338429415,0.8094307020988835,0.050384792815826994,13.003488252798476,1.0,1.0
np_classifier_class,Phenanthrenes,6,1004,0.20181634712411706,0.1385574841052209,1.4574764642139229,0.652696960706772,3.254554213700169,0.31676910729488694,0.7995307598971383
np_classifier_class,Labdane diterpenoids,4,5165,0.13454423141607805,0.7127982125532528,0.18766205289442991,0.07035958195602368,0.5005294960189397,1.4187544474773137e-05,0.00013016509057807736
np_classifier_class,Aphidicolane diterpenoids,0,234,0.0,0.032293278167949885,0.5194251424182984,0.03238605310733109,8.330823076282657,1.0,1.0
np_classifier_class,Simple indole alkaloids,7,2760,0.23545240497813658,0.38089507582710125,0.6172543659053817,0.29373250080554314,1.2971085977356198,0.232501288863313,0.6619987436600735
np_classifier_class,Phenazine alkaloids,6,727,0.20181634712411706,0.10032997106025457,2.013571570633224,0.9009138793919123,4.500397388481778,0.13256286160653521,0.4280521452993148
np_classifier_class,Pyrrolidine alkaloids,0,866,0.0,0.11951273031386582,0.14044884457834939,0.008775837068938287,2.247748880071199,0.05667359820152382,0.2134648803844337
np_classifier_class,Isoflavones,1,4277,0.03363605785401951,0.5902493620697508,0.056668883077061534,0.00797810671223405,0.4025218544992884,8.322590152470476e-07,1.0021785641933198e-05
np_classifier_class,Secoabietane diterpenoids,0,324,0.0,0.044713769771007536,0.37531606229967174,0.023420048350988362,6.014596746730734,0.6471764395443728,1.0
np_classifier_class,Kaurane and Phyllocladane diterpenoids,0,3662,0.0,0.5053760027821901,0.033100005681586664,0.002069490893931612,0.5294105808021373,6.68556742472458e-07,8.221825471257036e-06
np_classifier_class,Cardenolides,0,3178,0.0,0.4385813590501912,0.038165850678423395,0.002386150808769189,0.6104526808006175,4.23446237953136e-06,4.475811642890024e-05
np_classifier_class,Oleanane triterpenoids,1,14806,0.03363605785401951,2.0433088741652394,0.016130628174638742,0.002271314149718299,0.11455798192457012,3.14847411626702e-25,1.2998700280016698e-23
np_classifier_class,Cembrane diterpenoids,0,3084,0.0,0.4256088455981088,0.039334077701492595,0.0024591726946844223,0.6291423420450754,6.1581554853780596e-06,6.356096197408068e-05
np_classifier_class,Tripeptides,0,2959,0.0,0.4083581628160843,0.04100252801872985,0.0025634601499619665,0.655835162466508,8.809305358145597e-06,8.4994847560492e-05
np_classifier_class,Norlabdane diterpenoids,2,657,0.06727211570803902,0.09066958870232084,0.7417742387472611,0.1850388255364814,2.9735868657499567,1.0,1.0
np_classifier_class,Tremulane sesquiterpenoids,0,139,0.0,0.019182759253611258,0.8732700382651293,0.05433891606004086,14.034151120882825,1.0,1.0
np_classifier_class,Colensane and Clerodane diterpenoids,0,4407,0.0,0.6081900721630562,0.027476686911354704,0.0017179625927453205,0.43945562424509177,3.378565601234686e-08,5.007207480804227e-07
np_classifier_class,Germacrane sesquiterpenoids,5,8083,0.16818028927009754,1.1154981514168332,0.1493363329846375,0.06209507041380916,0.3591483220919096,2.39269431652178e-09,3.9513637569988255e-08
np_classifier_class,Lupane triterpenoids,0,2641,0.0,0.3644724258186139,0.045958907442901924,0.0028732498511526857,0.7351331359150158,4.1391745200582676e-05,0.00036249134433237554
np_classifier_class,Flavanones,1,3770,0.03363605785401951,0.5202805927058592,0.06433512072000029,0.009057116005731277,0.45698959309319614,7.818654033218334e-06,7.791693157241719e-05
np_classifier_class,Gibberellins,0,563,0.0,0.0776970752502384,0.21606011337354558,0.013494547045680087,3.4593211934396377,0.18297354914103123,0.5617659432089721
np_classifier_class,Phenethylisoquinoline alkaloids,0,2116,0.0,0.29201955813411096,0.05740077194205958,0.003588336603876072,0.918210575893377,0.00041820792552027075,0.0030990279609066215
np_classifier_class,Simple oxindole alkaloids,0,623,0.0,0.08597740298561017,0.1952522610512076,0.012196385734222878,3.1257985993863002,0.19243885251795237,0.5617659432089721
np_classifier_class,Penicillins,0,489,0.0,0.06748467104327989,0.24874834961121503,0.015533282060235978,3.9834299792122176,0.27705132511018843,0.7311747562872654
np_classifier_class,Indolizidine alkaloids,0,1172,0.0,0.16174240176426183,0.10375050687612647,0.006484122618035265,1.6600808330047883,0.018248301087378842,0.08051540479774787
np_classifier_class,Ansa peptide alkaloids,0,538,0.0,0.0742469386938335,0.22609856580543797,0.014120716664490959,3.620252617052198,0.2903381296671104,0.7392750614431269
np_classifier_class,Wax monoesters,537,2014,18.062563067608476,0.27794300098397895,79.09198724690712,71.33917921295718,87.68733416446058,0.0,0.0
np_classifier_class,Hydrocarbons,64,1348,2.1527077026572488,0.18603136312135235,11.804331793380413,9.162256977529125,15.208288681484825,2.371838520079902e-44,1.3709226646061832e-42
np_classifier_class,Cucurbitane triterpenoids,0,1870,0.0,0.25807021441908673,0.0649719856774582,0.004061466599737529,1.0393681245943613,0.0008271008612078089,0.005759810816603777
np_classifier_class,Coumaronochromones,0,117,0.0,0.016146639083974942,1.0368074015505762,0.06445511695002257,16.67780059639906,1.0,1.0
np_classifier_class,Cholestane steroids,1,9338,0.03363605785401951,1.2886950065483591,0.02577317618829501,0.0036289170793132445,0.1830454089512027,1.3120050648598795e-15,3.446995124950047e-14
np_classifier_class,Polyene macrolides,0,1150,0.0,0.15870628159462552,0.10573765202648018,0.0066082390900759425,1.691895662925313,0.01779623349738888,0.07919755270045781
np_classifier_class,Cassane diterpenoids,0,871,0.0,0.1202027576251468,0.1396420918727397,0.008725467770820757,2.2348273278603195,0.05691041724691851,0.2134648803844337
np_classifier_class,Erythromycins,0,890,0.0,0.12282486140801453,0.1366590546646982,0.008539218964353099,2.1870498109734062,0.0580679373068004,0.21377877556261546
np_classifier_class,Spongiane diterpenoids,0,621,0.0,0.08570139206109778,0.19588112802807206,0.012235624020126094,3.1358773573327343,0.19196121085695111,0.5617659432089721
np_classifier_class,Polyprenylated cyclic polyketides (Hop meroterpenoids),0,1289,0.0,0.17788904084823678,0.0943216715991908,0.00589516224729485,1.509131956011563,0.012926297306482697,0.0592968241519603
np_classifier_class,Imidazole alkaloids,1,2073,0.03363605785401951,0.2860853232570945,0.11727660447501978,0.016506721060981958,0.8332243518490791,0.004740891854685313,0.025609677495402907
np_classifier_class,Flavan-3-ols,0,1355,0.0,0.1869974013571457,0.08972091294322025,0.005607758699622204,1.4354829889358873,0.008440908769872071,0.04134614634733946
np_classifier_class,Biaryl type diarylheptanoids,0,140,0.0,0.019320764715867453,0.867053396341467,0.05395399169775236,13.93375297084073,1.0,1.0
np_classifier_class,Aminoacids,44,3381,1.4799865455768584,0.46659646788819903,3.204503224241587,2.3749090456885305,4.32388808018439,9.090141097618429e-11,1.6419067357573287e-09
np_classifier_class,Ericamycins,0,143,0.0,0.019734781102636042,0.8489233291285566,0.05283125200090563,13.640994514503607,1.0,1.0
np_classifier_class,Glycerophosphoserines,0,322,0.0,0.044437758846495146,0.3776446465744568,0.023565042224410835,6.051993360682893,0.6464708202803897,1.0
np_classifier_class,Pyrrolizidine alkaloids,0,1760,0.0,0.24288961357090513,0.06904208800381788,0.004315793064176307,1.104503817732676,0.0012039459195811709,0.008092493396179578
np_classifier_class,Neolignans,2,2786,0.06727211570803902,0.38448321784576234,0.17441223523976568,0.04357799525793253,0.6980501884329811,0.001551170515294925,0.010305477676327203
np_classifier_class,Proanthocyanins,0,765,0.0,0.10557417862599001,0.15900183824962874,0.009934058654782332,2.544940134271339,0.08338513591966548,0.2921006579488888
np_classifier_class,Pyrrocidine tetramate alkaloids,0,81,0.0,0.011178442442751884,1.49485795281634,0.09268958053727773,24.10843037745274,1.0,1.0
np_classifier_class,Acridone alkaloids,0,1151,0.0,0.15884428705688172,0.10564567998650111,0.006602494606788053,1.6904231452662646,0.017812598358234455,0.07919755270045781
np_classifier_class,Cyclobisabolane sesquiterpenoids,0,39,0.0,0.005382213027991648,3.084505963010815,0.1895435270182853,50.195209435621834,1.0,1.0
np_classifier_class,Anthraquinones and anthrones,0,4515,0.0,0.6230946620867254,0.02681548823934866,0.001676627864610095,0.42887895679931853,1.4554808387416168e-08,2.3368553466462622e-07
np_classifier_class,Corynanthe type,0,3183,0.0,0.43927138636147217,0.03810564335521334,0.00238238742809735,0.6094894719430083,4.258990317628916e-06,4.475811642890024e-05
np_classifier_class,Ursane and Taraxastane triterpenoids,0,2931,0.0,0.4044940098729108,0.041395766647687064,0.0025880394704885243,0.6621264922309301,1.3665577153719513e-05,0.00012948694417786686
np_classifier_class,Briarane diterpenoids,0,1596,0.0,0.22025671776088898,0.07615168985923312,0.0047600189851865395,1.2182892308757405,0.0025920507063656763,0.015956171159618858
np_classifier_class,Cyclitols,0,298,0.0,0.04112562775234644,0.40802155500331094,0.025456168375376377,6.539931182587429,0.6390335779487928,1.0
np_classifier_class,Arteminisin,0,460,0.0,0.06348251263785021,0.26442387305746545,0.016510681096924305,4.234833453099379,0.2733566464398914,0.7311747562872654
np_classifier_class,Taxane diterpenoids,0,1467,0.0,0.20245401312983968,0.08286055500475667,0.005179172923719849,1.325669499130185,0.0059373466174987444,0.03042425543438902
np_classifier_class,Camphane monoterpenoids,22,661,0.7399932727884292,0.09122161055134562,8.165060076047967,5.331142620131744,12.505425346100553,2.8824892261099666e-13,5.745099216177796e-12
np_classifier_class,Macrocyclic tetramic acids,0,249,0.0,0.03436336010179283,0.48818706860500893,0.030443767503340234,7.828420510930617,0.6313738162894311,1.0
np_classifier_class,Purine alkaloids,3,2106,0.10090817356205853,0.290639503511549,0.34653419283048914,0.11161068292947292,1.075935955669774,0.05724404231762495,0.2134648803844337
np_classifier_class,Polysaccharides,4,987,0.13454423141607805,0.13621139124686554,0.9877440065410799,0.3697386883334757,2.638723653332904,1.0,1.0
np_classifier_class,Sorbicilinoids,0,346,0.0,0.04774988994064385,0.35147579472449153,0.02193536635469825,5.631783498831482,0.411952626569413,0.9384703820215263
np_classifier_class,Limonoids,0,4184,0.0,0.5774148540799244,0.02894993319629484,0.0018100612282956469,0.46302225525215396,6.710788066673985e-08,9.69708875634391e-07
np_classifier_class,Pinguisane sesquiterpenoids,0,131,0.0,0.01807871555556169,0.9264069623882956,0.05762795797067804,14.892595368348628,1.0,1.0
np_classifier_class,Phenylalanine-derived alkaloids,2,791,0.06727211570803902,0.10916232064465112,0.6159993293791097,0.15371855166535892,2.46850604357486,0.777473453806586,1.0
np_classifier_class,Ahp-containing cyclodepsipeptides,0,390,0.0,0.05382213027991648,0.31185394157137514,0.019466976100568228,4.995787757234875,0.41718863794456623,0.9384703820215263
np_classifier_class,Cholane steroids,0,1320,0.0,0.18216721017817886,0.09210343265040866,0.0057565935559875684,1.4736218952204727,0.008160341648585421,0.04038651775765649
np_classifier_class,Linear peptides,1,2252,0.03363605785401951,0.3107883010009536,0.10792814044163525,0.015191492222829978,0.7667767806038073,0.0023113489634648383,0.014843996676474182
np_classifier_class,Phenylethylamines,2,682,0.06727211570803902,0.09411972525872574,0.7145584244964274,0.17826348033788597,2.8642644082288853,1.0,1.0
np_classifier_class,Pyranocoumarins,0,1089,0.0,0.15028794839699755,0.11166721058195489,0.006978580812513773,1.786834064713362,0.027216314724655452,0.11399297036848444
np_classifier_class,Aromadendrane sesquiterpenoids,5,708,0.16818028927009754,0.09770786727738684,1.722471427810011,0.7142012821300572,4.154161990263103,0.22384320683250916,0.6405018492534174
np_classifier_class,Dammarane and Protostane triterpenoids,0,3653,0.0,0.5041339536218844,0.03318195817076664,0.00207461379124952,0.5307215987334971,6.584507651332615e-07,8.221825471257036e-06
np_classifier_class,Lactones,53,517,1.7827110662630339,0.07134882398645338,25.42121035478657,19.116894007006515,33.804546683444265,4.554147892730081e-53,2.924774979997763e-51
np_classifier_class,Depsipeptides,0,331,0.0,0.04567980800680091,0.36738728552693084,0.02292631869605818,5.887269533161168,0.649739152756765,1.0
np_classifier_class,Glucosinolates,0,634,0.0,0.08749546307042833,0.19186435790910064,0.011984991984143318,3.071502416069641,0.1952519272618285,0.5650616096766641
np_classifier_class,Cephalosporins,0,368,0.0,0.050786010110280166,0.3304821262627657,0.02062762647374443,5.294765052982498,0.4133324675695055,0.9384703820215263
np_classifier_class,Rotenoids,0,464,0.0,0.06403453448687499,0.2621453626155547,0.016368622411106898,4.198288005850189,0.2736628675091114,0.7311747562872654
np_classifier_class,Baccharane triterpenoids,0,56,0.0,0.0077283058863469815,2.1563739284029575,0.13320710839678127,34.90766052247975,1.0,1.0
np_classifier_class,Stigmastane steroids,0,1507,0.0,0.20797423162008752,0.08065747156822803,0.005041533036976988,1.2904066425954492,0.0038027776683593854,0.022022785994284665
np_classifier_class,Abeolupane triterpenoids,0,114,0.0,0.015732622697206357,1.0639770667093533,0.06613397429031662,17.117483269853853,1.0,1.0
np_classifier_class,Monacolins and Monacolin derivatives,0,242,0.0,0.03339732186599945,0.5022839203340851,0.031320351026892124,8.055118424744295,1.0,1.0
np_classifier_class,Acyclic monoterpenoids,129,1877,4.339051463168516,0.25903625265488006,17.465182567567872,14.556705544230061,20.954782741990996,8.824300271632419e-107,1.0200891114007076e-104
np_classifier_class,Tetraketide meroterpenoids,0,1625,0.0,0.22425887616631865,0.07479009317255773,0.0046749457583098505,1.1964968848712647,0.0026591868181225116,0.016179052430261177
np_classifier_class,Nagilactone diterpenoids,0,264,0.0,0.03643344203563577,0.4604920655455897,0.028721201815382232,7.383150043424518,0.6324495070627811,1.0
np_classifier_class,Secoiridoid monoterpenoids,0,1510,0.0,0.20838824800685612,0.08049694401395266,0.005031503779346171,1.2878372509992346,0.003810210731958949,0.022022785994284665
np_classifier_class,Resin glycosides,0,712,0.0,0.09825988912641162,0.17084185156012616,0.010673076268495578,2.7346322194515924,0.1286629633932384,0.42015363187170507
np_classifier_class,Cycloartane triterpenoids,0,3526,0.0,0.4866072599153474,0.03438299715924906,0.0021496908826743447,0.549935110755186,9.233123759038868e-07,1.0891317413723399e-05
np_classifier_class,Cannabinoids,0,315,0.0,0.04347172061070177,0.38602718093289456,0.024086965401499995,6.186623426200371,0.6440993662600332,1.0
np_classifier_class,Amarylidaceae alkaloids,0,1072,0.0,0.14794185553864223,0.11343989231999994,0.007089292132507009,1.815217786070048,0.02658994212989118,0.11300725405203751
np_classifier_class,Bisabolane sesquiterpenoids,11,1898,0.3699966363942146,0.2619343673622602,1.4140868635309636,0.7809259336109924,2.5606034728088978,0.2749508644457147,0.7311747562872654
np_classifier_class,Pterocarpan,0,1058,0.0,0.14600977906705548,0.1149425022591703,0.007183134601723991,1.8392776354808211,0.026197246533961726,0.11216302590096205
np_classifier_class,Serratane triterpenoids,0,396,0.0,0.05465016305345365,0.3071322957668739,0.019172749490827767,4.9200166699177945,0.41863089536879583,0.9384703820215263
np_classifier_class,Unsaturated fatty acids,43,1607,1.4463504877228388,0.22177477784570712,6.602743967836959,4.866892535746677,8.957713281030733,5.434546557207492e-21,1.7450932833699612e-19
np_classifier_class,Apocarotenoids (β-),21,640,0.7063572149344097,0.08832349584396551,8.047165586890245,5.202607681025792,12.447003109421964,1.2804520514079083e-12,2.4670042857125697e-11
np_classifier_class,Grayanotoxane diterpenoids,0,356,0.0,0.04912994456320581,0.3416120094023623,0.021320969251639846,5.473426821763466,0.4122532192964776,0.9384703820215263
np_classifier_class,Abietane diterpenoids,1,1711,0.03363605785401951,0.23612734592035153,0.14216025983404038,0.020007103541777392,1.010118202961352,0.012728085214238016,0.0592968241519603
np_classifier_class,Multiflorane triterpenoids,0,167,0.0,0.023046912196784747,0.7272624601893843,0.04529117483374862,11.678007645908956,1.0,1.0
np_classifier_class,pteridine alkaloids,2,553,0.06727211570803902,0.07631702062767644,0.8814026852704534,0.21978271812625272,3.53472147503289,1.0,1.0
np_classifier_class,Elemane sesquiterpenoids,6,758,0.20181634712411706,0.10460814039019664,1.9311396335948734,0.8641482111246295,4.315579476334867,0.13989123110264617,0.44920628654071937
np_classifier_class,Longifolane sesquiterpenoids,2,53,0.06727211570803902,0.007314289499578393,9.202873055892496,2.241723956073463,37.78024152055616,0.021479403488503326,0.09405375163905244
np_classifier_class,Atisane diterpenoids,0,373,0.0,0.05147603742156114,0.32605575038228135,0.0203518583282313,5.223717197848231,0.41400232312954666,0.9384703820215263
np_classifier_class,Indole-Diterpenoid alkaloids (Penitrems),0,456,0.0,0.06293049078882543,0.2667423135837908,0.016655225532221526,4.272020316889876,0.27311832244674994,0.7311747562872654
np_classifier_class,Azo and Azoxy alkaloids,0,278,0.0,0.038365518507222515,0.4373349989539556,0.027280468845193962,7.010946270586226,0.6345214605159025,1.0
np_classifier_class,Aminosugars,0,926,0.0,0.1277930580492376,0.13134250912744172,0.00820725964699076,2.101901907077747,0.03783639368248898,0.15365035030558605
np_classifier_class,Pyrrole alkaloids,7,433,0.23545240497813658,0.05975636515693291,3.9471453999834925,1.8689218033710533,8.336334233197247,0.002477111947615556,0.015733744018920786
np_classifier_class,Other Eicosanoids,0,51,0.0,0.007038278575066001,2.365746945918722,0.1459677487671136,38.34243289627761,1.0,1.0
np_classifier_class,Podocarpane diterpenoids,0,854,0.0,0.11785666476679146,0.14242357127121444,0.008899126428339366,2.2793780734534312,0.05622153061972639,0.2134648803844337
np_classifier_class,Lathyrane diterpenoids,0,462,0.0,0.0637585235623626,0.2632796913274465,0.016439345060234214,4.216481594096303,0.27350133444053143,0.7311747562872654
np_classifier_class,Valparane diterpenoids,0,44,0.0,0.006072240339272629,2.7379133658175303,0.16857530670648754,44.46777968361716,1.0,1.0
np_classifier_class,"Indole diketopiperazine alkaloids (L-Trp, L-Pro)",0,412,0.0,0.05685825044955279,0.29521276324706625,0.01842992047188185,4.728754837381543,0.42322664280112576,0.9384703820215263
np_classifier_class,3-acyl tetramic acids,0,262,0.0,0.03615743111112338,0.4640018576793421,0.028939532860178845,7.439571501381518,0.6322345676812371,1.0
np_classifier_class,Bufadienolides,0,753,0.0,0.10391811307891566,0.16153672860544632,0.01009228717176754,2.585550157703207,0.08286744104851765,0.2921006579488888
np_classifier_class,Apocarotenoids(ε-),26,422,0.8745375042045073,0.058238305072114756,15.14019558809103,10.172210509790895,22.534484734170437,1.372475934262897e-21,4.6664181764938497e-20
np_classifier_class,Methyl xanthones,0,838,0.0,0.11564857737069233,0.14514446283053475,0.00906899703444778,2.322959750713742,0.055876417776679455,0.2134648803844337
np_classifier_class,Pentacyclic guanidine alkaloids,0,95,0.0,0.013110518914338629,1.2756918222659672,0.07919841770447848,20.548259328471907,1.0,1.0
np_classifier_class,Tetracyclic diterpenoids,0,898,0.0,0.1239289051060641,0.13544078237377674,0.008463153141088864,2.1675379405530393,0.058676389991000014,0.2146516038911266
np_classifier_class,Anthocyanidins,2,2210,0.06727211570803902,0.3049920715861934,0.2200453554800477,0.05497259526585022,0.8808017564784635,0.01129962667626384,0.05353429687606967
np_classifier_class,Pinane monoterpenoids,18,650,0.6054490413723511,0.08970355046652746,6.784465443186256,4.24152656952841,10.85198232175784,6.854648115310659e-10,1.165290179602812e-08
np_classifier_class,Estrane steroids,2,765,0.06727211570803902,0.10557417862599001,0.6369581334160501,0.1589392328785173,2.5526464194964444,0.7760612679051695,1.0
np_classifier_class,Pyrazine and Piperazine alkaloids,67,444,2.2536158762193073,0.06127442524175107,37.603974845457984,29.010553131511525,48.742914958138904,6.445521258223719e-77,5.322158981790442e-75
np_classifier_class,Bauerane triterpenoids,0,121,0.0,0.016698660932999727,1.002668288676173,0.06234487078501314,16.125523791421127,1.0,1.0
np_classifier_class,Trinervitane diterpenoids,0,67,0.0,0.009246365971165139,1.8049374412246448,0.11171974094470334,29.160461160996103,1.0,1.0
np_classifier_class,Other Octadecanoids,0,436,0.0,0.0601703815437015,0.2789718881814177,0.017417621939276835,4.4681940317012465,0.4319800273715866,0.9457744538665797
np_classifier_class,Flavandiols (Leucoanthocyanidins),0,472,0.0,0.06513857818492456,0.2577040755954494,0.01609171013780146,4.127056105894943,0.27447488428419065,0.7311747562872654
np_classifier_class,Isocoumarins,1,1891,0.03363605785401951,0.26096832912646684,0.12859631903761745,0.01809915149548931,0.9136899745905802,0.006320318357544014,0.032045122900530174
np_classifier_class,Nardosinane sesquiterpenoids,0,158,0.0,0.021804863036478984,0.7685676684530387,0.04785228394794532,12.344160241837384,1.0,1.0
np_classifier_class,Benzodiazepine alkaloids,0,1650,0.0,0.22770901272272356,0.07365470624159781,0.0046040052202977345,1.1783252824342454,0.0027613760108578887,0.016625784732040204
np_classifier_class,Azaphilones,0,1288,0.0,0.17775103538598058,0.09439500479562744,0.005899743157140909,1.5103059053649763,0.012902318685992415,0.0592968241519603
np_classifier_class,Iboga type,0,620,0.0,0.08556338659884158,0.19619708174287864,0.012255337912002322,3.14094112792461,0.19172634958620594,0.5617659432089721
np_classifier_class,Picrotoxane sesquiterpenoids,0,365,0.0,0.050371993723511574,0.3331960820351776,0.020796702075056343,5.33832858127781,0.41299168209158044,0.9384703820215263
np_classifier_class,Drimane sesquiterpenoids,0,1468,0.0,0.20259201859209588,0.08280401519746067,0.005175640584657516,1.3247645041555776,0.005947994574543182,0.03042425543438902
np_classifier_class,Monocyclic monoterpenoids,19,350,0.6390850992263707,0.04830191178966863,13.309721443079601,8.37618703854827,21.149084192737366,3.0703616596277343e-15,7.098676157059322e-14
np_classifier_class,Strychnos type,0,391,0.0,0.05396013574217268,0.3110569502723182,0.019417313160044514,4.982997674045531,0.41741790807433854,0.9384703820215263
np_classifier_class,Cinnamic acid amides,2,625,0.06727211570803902,0.08625341391012256,0.7797875462807136,0.19450044316861653,3.1263096753324535,1.0,1.0
np_classifier_class,Coumestan,0,155,0.0,0.021390846649710395,0.7833985846034397,0.04877157413825427,12.58342288930352,1.0,1.0
np_classifier_class,Friedelane triterpenoids,0,834,0.0,0.11509655552166755,0.1458409882461846,0.009112481639640449,2.3341165111486575,0.05583655376045893,0.2134648803844337
np_classifier_class,Arylnaphthalene and aryltetralin lignans,0,1323,0.0,0.18258122656494744,0.09189427907732255,0.00574352799468777,1.4702737646532371,0.008175125566861261,0.04038651775765649
np_classifier_class,Steroidal alkaloids,0,3404,0.0,0.46977059352009154,0.0356211349764255,0.0022270859528022453,0.5697423826018779,2.139752181472958e-06,2.4250524723360194e-05
np_classifier_class,Daucane sesquiterpenoids,0,554,0.0,0.07645502608993264,0.2195696794482916,0.013713471750841286,3.5155827064775123,0.18247934274504163,0.5617659432089721
np_classifier_class,Eunicellane diterpenoids,0,680,0.0,0.09384371433421335,0.1788834681864676,0.011174952772127015,2.8634837070840087,0.12447247704250855,0.4114378114795064
np_classifier_class,Branched fatty acids,44,863,1.4799865455768584,0.11909871392709724,12.59820542329136,9.285685852764095,17.09241324809656,3.399185986922783e-32,1.511330384954899e-30
np_classifier_class,Tetracyclines,0,212,0.0,0.029257157998313573,0.5732183305472853,0.03572912838992035,9.19639714939459,1.0,1.0
np_classifier_class,Monosaccharides,11,709,0.3699966363942146,0.09784587273964304,3.791752418266543,2.0880235766499267,6.8856437073845616,0.00023600823976464939,0.0018686679806022924
np_classifier_class,Sativane sesquiterpenoids,0,111,0.0,0.015318606310437768,1.0926087766300376,0.06790261254010821,17.58097213216717,1.0,1.0
np_classifier_class,Furofuranoid lignans,0,884,0.0,0.12199682863447735,0.13758722113167918,0.008597170610484036,2.2019155227247245,0.05765853538713314,0.21363226572924973
np_classifier_class,Yohimbine-like alkaloids,0,208,0.0,0.02870513614928879,0.5842185508361429,0.03641250521755577,9.373464228891462,1.0,1.0
np_classifier_class,Cyathane diterpenoids,0,297,0.0,0.040987622290090245,0.40939362124537054,0.025541571468842075,6.561974360929806,0.6387687279415619,1.0
np_classifier_class,Fatty acyl homoserine lactones,0,38,0.0,0.005244207565735451,3.164627368595756,0.1943789821515663,51.52237279571842,1.0,1.0
np_classifier_class,Phenylethanoids,2,429,0.06727211570803902,0.05920434330790813,1.1363616749008874,0.28315348121353984,4.560487304091113,0.6971794388704081,1.0
np_classifier_class,N-acyl amines,6,889,0.20181634712411706,0.12268685594575833,1.6462755097978778,0.7370191938333671,3.6772760829523494,0.18888130908431428,0.5617659432089721
np_classifier_class,Betalain alkaloids,0,236,0.0,0.03256928909246228,0.5150311187867743,0.032112888177785896,8.260143150320811,1.0,1.0
np_classifier_class,Taraxerane triterpenoids,0,276,0.0,0.038089507582710125,0.4404995787077594,0.027477377753645258,7.061804826553053,0.6341670935911616,1.0
np_classifier_class,Isoflavanones,0,958,0.0,0.13220923284143588,0.12695196019016527,0.007933103416689897,2.03158831412916,0.03836515191159086,0.15399345697846886
np_classifier_class,Cycloabietane diterpenoids,0,124,0.0,0.017112677319768316,0.978503555165677,0.060850677233865835,15.73473379420335,1.0,1.0
np_classifier_class,Carbazole alkaloids,0,1448,0.0,0.19983190934697195,0.08394964401633367,0.0052472135977108215,1.343101933861383,0.005761531827525442,0.030359110824032344
np_classifier_class,Tropane alkaloids,0,969,0.0,0.13372729292625402,0.1255096484478286,0.007843039082694774,2.008490801512761,0.03873814106004442,0.15441824505314258
np_classifier_class,Fernane and Arborinane triterpenoids,0,390,0.0,0.05382213027991648,0.31185394157137514,0.019466976100568228,4.995787757234875,0.41718863794456623,0.9384703820215263
np_classifier_class,Thujane monoterpenoids,5,150,0.16818028927009754,0.020700819338429415,8.13633198562444,3.33542124638363,19.847537474335912,0.00047765359300616395,0.0034947313513615536
np_classifier_class,Megastigmanes,4,853,0.13454423141607805,0.11771865930453528,1.1431229385952617,0.4277680463758249,3.054763121775137,0.7838241027216704,1.0
np_classifier_class,Oligomeric phloroglucinols (phlorotannins),0,397,0.0,0.054788168515709855,0.3063592128793864,0.01912457377551846,4.9076109312419325,0.4188866353536914,0.9384703820215263
np_classifier_class,Simple amide alkaloids,1,1245,0.03363605785401951,0.17181680050896414,0.19549638662320884,0.02750753600489496,1.3893951525113013,0.07191125038567861,0.25816585542187725
np_classifier_class,Ceramides,0,553,0.0,0.07631702062767644,0.2199666764337617,0.013738235643430515,3.5219470678138043,0.18244031970207142,0.5617659432089721
np_classifier_class,Prenyl quinone meroterpenoids,3,1160,0.10090817356205853,0.16008633621718749,0.6299625566004876,0.20276331610964415,1.9572219982041752,0.6413007480949737,1.0
np_classifier_class,Fatty acyl CoAs,0,578,0.0,0.07976715718408135,0.21045350320804096,0.013144791810772861,3.3694468235121326,0.18435644569912057,0.5617659432089721
np_classifier_class,Griseofulvins,0,447,0.0,0.06168844162851966,0.27211034529404526,0.016989883760645374,4.358125167845876,0.27283572139200685,0.7311747562872654
np_classifier_class,RiPPs-Lasso peptides,0,152,0.0,0.020976830262941806,0.7988130122089385,0.04972686883096919,12.832141726907134,1.0,1.0
np_classifier_class,Farnesane sesquiterpenoids,10,680,0.3363605785401951,0.09384371433421335,3.5929850509221577,1.922460673806718,6.715113475162825,0.0006668989337784898,0.0047008241917556965
np_classifier_class,Thapsane sesquiterpenoids,0,79,0.0,0.010902431518239492,1.532468672434598,0.09500139786223145,24.72027027853985,1.0,1.0
np_classifier_class,Phenoxazine alkaloids,0,110,0.0,0.01518060084818157,1.1024981605996256,0.06851336588301764,17.74109589362392,1.0,1.0
np_classifier_class,Vancomycins and Teicoplanins,0,299,0.0,0.041263633214602635,0.40665865114016325,0.02537133426708845,6.5180355438245785,0.6393022975388104,1.0
np_classifier_class,Xenicane diterpenoids,0,555,0.0,0.07659303155218884,0.21917411179490237,0.013688796905975844,3.5092412876776393,0.18252156639418093,0.5617659432089721
np_classifier_class,Fatty acyl glycosides of mono- and disaccharides,0,527,0.0,0.07272887860901535,0.23081692390205105,0.01441500949491287,3.6959013019316274,0.2866553627558727,0.7363857763239753
np_classifier_class,Furostane steroids,0,1895,0.0,0.2615203509754916,0.06411284379290433,0.004007780322275928,1.0256192726848659,0.0008433685995442506,0.005803179173054486
np_classifier_class,p-Terphenyls,1,526,0.03363605785401951,0.07259087314675915,0.46318426991591993,0.06510283086213127,3.2953969137206323,0.7302447177373815,1.0
np_classifier_class,Cycloeudesmane sesquiterpenoids,1,451,0.03363605785401951,0.062240463477544444,0.5402664334975663,0.07591361321936317,3.8449996882736825,1.0,1.0
np_classifier_class,Ecdysteroids,0,1140,0.0,0.15732622697206355,0.10666624303074056,0.006666237635603386,1.7067629484923357,0.017654422652625387,0.07919755270045781
np_classifier_class,Cycloapotirucallane triterpenoids,0,176,0.0,0.024288961357090515,0.6901696810970942,0.04299022989915735,11.080056790182491,1.0,1.0
np_classifier_class,Ansa macrolides,0,1581,0.0,0.21818663582704603,0.07687555810332401,0.0048052460907269745,1.229874874692102,0.002578368814016311,0.015956171159618858
np_classifier_class,Gammacerane triterpenoids,0,57,0.0,0.007866311348603178,2.1188688487436123,0.13091807998588428,34.293240465030934,1.0,1.0
np_classifier_class,Dolastane diterpenoids,0,188,0.0,0.025945026904164867,0.6462224450372633,0.040262831799542716,10.371934357450774,1.0,1.0
np_classifier_class,Oxo fatty acids,8,324,0.2690884628321561,0.044713769771007536,6.031561634709471,2.9880606593962167,12.175032537877016,8.060623544204128e-05,0.0006851530012573509
np_classifier_class,Halogenated hydrocarbons,0,218,0.0,0.03008519077185075,0.5574731639782226,0.03475082812700479,8.942990579104695,1.0,1.0
np_classifier_class,Aspidosperma type,0,2014,0.0,0.27794300098397895,0.06031565416745077,0.0037704942843873805,0.9648544363828976,0.0005995637328356277,0.004278368365172751
np_classifier_class,Other polyketide meroterpenoids,0,115,0.0,0.015870628159462552,1.0547636881923077,0.06556472292137619,16.968369396804402,1.0,1.0
np_classifier_class,Gallotannins,0,2226,0.0,0.3072001589822925,0.054556585265813286,0.0034105910294858644,0.8726994735321992,0.00018091754842296405,0.0014728217322320172
np_classifier_class,Glycosyldiacylglycerols,0,378,0.0,0.052166064732842125,0.32174631970339496,0.020083362662022684,5.154549862231746,0.41479645763752604,0.9384703820215263
np_classifier_class,Noreudesmane sesquiterpenoids,0,95,0.0,0.013110518914338629,1.2756918222659672,0.07919841770447848,20.548259328471907,1.0,1.0
np_classifier_class,Jasmonic acids,6,86,0.20181634712411706,0.011868469754032865,17.03677663601947,7.440928396067356,39.00746556021441,2.4459913546673685e-06,2.7188134673033445e-05
np_classifier_class,Daphnane diterpenoids,0,609,0.0,0.08404532651402342,0.19974099900502015,0.012476455325802424,3.1977405153700986,0.1893195945273934,0.5617659432089721
np_classifier_class,Disaccharides,2,1258,0.06727211570803902,0.17361087151829468,0.3870755940172061,0.09665490995872154,1.5501283436895223,0.2607233301239521,0.7311747562872654
np_classifier_class,Isoindole alkaloids,0,360,0.0,0.0496819664122306,0.3378197191231747,0.021084736099974886,5.412548778763069,0.4125280761858846,0.9384703820215263
np_classifier_class,Furanoid lignans,0,816,0.0,0.11261245720105602,0.14905980579009254,0.009313430364018861,2.385675828749355,0.0881243875219721,0.3013958342467448
np_classifier_class,Simple aromatic polyketides,0,281,0.0,0.0387795348939911,0.43267244317104225,0.026990338811136053,6.9360167869533695,0.635087714009785,1.0
np_classifier_class,Lactarane sesquiterpenoids,0,177,0.0,0.02442696681934671,0.6862804538683251,0.042748916540671145,11.017375397423816,1.0,1.0
np_classifier_class,Eremophilane sesquiterpenoids,6,2244,0.20181634712411706,0.30968425730290405,0.6509798514497259,0.29191038585745904,1.4517289809634866,0.4042455769369083,0.9384703820215263
np_classifier_class,Plant xanthones,0,1988,0.0,0.27435485896531786,0.0611064909593032,0.003819914449197098,0.977509650286605,0.0005776632217985792,0.004173616777494735
np_classifier_class,Silphiperfolane sesquiterpenoids,0,74,0.0,0.01021240420695851,1.6353302042764781,0.10131893891042468,26.39491595330741,1.0,1.0
np_classifier_class,Cyanogenic glycosides,0,329,0.0,0.04540379708228852,0.369618274525634,0.023065248211640008,5.9230955422522635,0.648992530677666,1.0
np_classifier_class,Erythroxylane diterpenoids,0,156,0.0,0.021528852111966593,0.7783917683950509,0.04846124537047829,12.502644958321149,1.0,1.0
np_classifier_class,Simple diketopiperazine alkaloids,0,159,0.0,0.02194286849873518,0.7637480081366597,0.04755350527140403,12.266414780646782,1.0,1.0
np_classifier_class,Stemona alkaloids,0,455,0.0,0.06279248532656923,0.2673282860658835,0.016691757701895255,4.2814192374005335,0.2730694717035668,0.7311747562872654
np_classifier_class,Illudalane sesquiterpenoids,0,340,0.0,0.04692185716710667,0.3576721638299349,0.022321291580472833,5.731271253617926,0.653233987303338,1.0
np_classifier_class,Glycerophosphoglycerophosphoglycerols,0,1554,0.0,0.21446048834612874,0.07821372482770098,0.004888853430186267,1.2512927292218399,0.004016107952060241,0.022358249125500898
np_classifier_class,Dicarboxylic acids,17,431,0.5718129835183317,0.05948035423242052,9.663012662122577,5.943604964993921,15.70996293634679,1.1010164441066763e-11,2.0528629183666417e-10
np_classifier_class,Hydroxy-hydroperoxyeicosapentaenoic acids,0,75,0.0,0.010350409669214708,1.6136679743918967,0.09998910393021328,26.042080879086964,1.0,1.0
np_classifier_class,Norsesterterpenoids,0,232,0.0,0.032017267243437494,0.523894762155311,0.032663903644864024,8.402722613863883,1.0,1.0
np_classifier_class,Jatrophane diterpenoids,0,765,0.0,0.10557417862599001,0.15900183824962874,0.009934058654782332,2.544940134271339,0.08338513591966548,0.2921006579488888
np_classifier_class,Scalarane sesterterpenoids,0,681,0.0,0.09398171979646955,0.1786207365354098,0.011158556440898172,2.8592737500984637,0.12457027164171908,0.4114378114795064
np_classifier_class,Oxasqualenoids,0,153,0.0,0.021114835725198004,0.7936079231912294,0.04940430704593819,12.748150382238316,1.0,1.0
np_classifier_class,Mitomycins,0,45,0.0,0.006210245801528825,2.6777357500411143,0.16492624657996455,43.47560740474222,1.0,1.0
np_classifier_class,Hirsutane sesquiterpenoids,0,132,0.0,0.018216721017817884,0.9194139426569921,0.05719522119496454,14.77959137653439,1.0,1.0
np_classifier_class,Miscellaneous meroterpenoids,1,625,0.03363605785401951,0.08625341391012256,0.3897625841184388,0.05479920391096882,2.7722094690553565,0.529488339155592,1.0
np_classifier_class,Naphthalenes and derivatives,1,604,0.03363605785401951,0.08335529920274244,0.40332563083258316,0.05670303077963396,2.86883368049046,0.5285142255646891,1.0
np_classifier_class,Cadinane sesquiterpenoids,17,1865,0.5718129835183317,0.25738018710780575,2.2286924943859354,1.3806136230624686,3.59772651200868,0.0028760574057544643,0.016962869189041635
np_classifier_class,Cyclopiazonic acid-tpye tetramate alkaloids,0,76,0.0,0.010488415131470903,1.5925720773147554,0.09869372105014385,25.698553002718498,1.0,1.0
np_classifier_class,Bisnaphthalenes,0,635,0.0,0.08763346853268453,0.19156218244109355,0.01196613685662837,3.066659706575884,0.19552304833102563,0.5650616096766641
np_classifier_class,Ascomycins and Rapamycins,0,193,0.0,0.026635054215445847,0.6295198456303723,0.039225898567768154,10.10289758838368,1.0,1.0
np_classifier_class,Acyl phloroglucinols,0,669,0.0,0.09232565424939519,0.18182531706197877,0.011358541804594205,2.910624135865496,0.12354194809211982,0.4114378114795064
np_classifier_class,Actinomycins,0,128,0.0,0.0176646991687931,0.9480390662263745,0.05896636167635099,15.242216842621291,1.0,1.0
np_classifier_class,Ingenane diterpenoids,0,327,0.0,0.04512778615777612,0.371876512244932,0.023205870986586826,5.959360044679598,0.648257324008325,1.0
np_classifier_class,Aminoglycosides,0,84,0.0,0.011592458829520473,1.4417801029408692,0.0894253629735279,23.24541714023054,1.0,1.0
np_classifier_class,Halimane diterpenoids,0,585,0.0,0.08073319541987471,0.20793539631389543,0.012987698356282792,3.3290832489423208,0.18523429026174698,0.5617659432089721
np_classifier_class,Tetrahydroisoquinoline alkaloids,0,306,0.0,0.04222967145039601,0.3973673375282642,0.024792960340716985,6.368775602604588,0.6412886857795713,1.0
np_classifier_class,Dimeric phloroglucinols,0,381,0.0,0.05258008111961071,0.3192148821800963,0.019925637316309593,5.113921295849685,0.4153311360632945,0.9384703820215263
np_classifier_class,Apotirucallane triterpenoids,0,486,0.0,0.06707065465651131,0.2502832920672518,0.0156289963704338,4.008045353860592,0.27651499154156844,0.7311747562872654
np_classifier_class,Pachydictyane diterpenoids,0,168,0.0,0.023184917659040946,0.7229453645680265,0.0450234260022081,11.608401371427492,1.0,1.0
np_classifier_class,Linear sesterterpenoids,0,409,0.0,0.056444234062784204,0.297376725996198,0.01856478679277808,4.763476044800003,0.42228504814970125,0.9384703820215263
np_classifier_class,Polyether ionophores,0,654,0.0,0.09025557231555224,0.18599629037912305,0.011618825053979015,2.977462856534509,0.1227096301976818,0.4114378114795064
np_classifier_class,Lobane diterpenoids,0,119,0.0,0.016422650008487336,1.0194521621604509,0.06338243727212271,16.397013994138756,1.0,1.0
np_classifier_class,Amino cyclitols,0,778,0.0,0.10736824963532057,0.15634389364671597,0.009768144160393373,2.5023599856076744,0.08420698112046099,0.2932026210097979
np_classifier_class,Oblogolides,0,41,0.0,0.0056582239525040405,2.935846969515864,0.18056004511200668,47.735906485118264,1.0,1.0
np_classifier_class,Depsides,0,580,0.0,0.08004316810859374,0.20972784720384643,0.013099521831638523,3.3578149231770937,0.18459239972010896,0.5617659432089721
np_classifier_class,Fusidane triterpenoids,0,147,0.0,0.020286802951660826,0.8258971194705776,0.05140497544491642,13.26926131266644,1.0,1.0
np_classifier_class,Triketide meroterpenoids,0,220,0.0,0.03036120169636314,0.5524151928581533,0.03443652215964508,8.861595949956868,1.0,1.0
np_classifier_class,Casbane diterpenoids,0,73,0.0,0.010074398744702315,1.6575818825932929,0.10268461890982612,26.757441637041534,1.0,1.0
np_classifier_class,Longipinane sesquiterpenoids,0,187,0.0,0.025807021441908672,0.6496698615548456,0.04047683029899112,10.427469885733917,1.0,1.0
np_classifier_class,Neutral glycosphingolipids,0,1522,0.0,0.21004431355393047,0.0798611600058867,0.004991781810630422,1.277660987486225,0.0038482722931189465,0.022022785994284665
np_classifier_class,Dibenzocyclooctadienes lignans,0,829,0.0,0.11440652821038656,0.14672109156297547,0.009167426658562752,2.3482139002796236,0.055813018908592936,0.2134648803844337
np_classifier_class,Naphthalenones,0,210,0.0,0.028981147073801183,0.5786661831131448,0.036067581042773945,9.284086755960109,1.0,1.0
np_classifier_class,Phloroglucinol-terpene hybrids,0,121,0.0,0.016698660932999727,1.002668288676173,0.06234487078501314,16.125523791421127,1.0,1.0
np_classifier_class,Pyrroloquinoline alkaloids,0,322,0.0,0.044437758846495146,0.3776446465744568,0.023565042224410835,6.051993360682893,0.6464708202803897,1.0
np_classifier_class,Clovane sesquiterpenoids,0,79,0.0,0.010902431518239492,1.532468672434598,0.09500139786223145,24.72027027853985,1.0,1.0
np_classifier_class,Fungal DPEs,0,281,0.0,0.0387795348939911,0.43267244317104225,0.026990338811136053,6.9360167869533695,0.635087714009785,1.0
np_classifier_class,Lipopeptides,0,264,0.0,0.03643344203563577,0.4604920655455897,0.028721201815382232,7.383150043424518,0.6324495070627811,1.0
np_classifier_class,Aristolane sesquiterpenoids,0,161,0.0,0.022218879423247573,0.754287746091507,0.04696700043735876,12.113824570564827,1.0,1.0
np_classifier_class,Bryostatins,0,80,0.0,0.011040436980495689,1.5134297056713182,0.09383125363968882,24.410517659752845,1.0,1.0
np_classifier_class,"Carotenoids (C40, β-β)",0,943,0.0,0.13013915090759293,0.12897294766551634,0.008059300341368827,2.0639535102257796,0.03801384099255849,0.15365035030558605
np_classifier_class,Pacifigorgiane sesquiterpenoids,0,39,0.0,0.005382213027991648,3.084505963010815,0.1895435270182853,50.195209435621834,1.0,1.0
np_classifier_class,Cedrane and Isocedrane sesquiterpenoids,7,188,0.23545240497813658,0.025945026904164867,9.09410732988049,4.27294445234066,19.354987889459377,1.8470206644538e-05,0.0001642427606237379
np_classifier_class,Hopane and Moretane triterpenoids,0,602,0.0,0.08307928827823005,0.2020635949504161,0.012621365389636905,3.2349666730835693,0.18795996105497265,0.5617659432089721
np_classifier_class,Avermectins,0,592,0.0,0.08169923365566809,0.20547678899193225,0.012834312473929993,3.2896745267965786,0.1862561125008786,0.5617659432089721
np_classifier_class,Flavonolignans,0,121,0.0,0.016698660932999727,1.002668288676173,0.06234487078501314,16.125523791421127,1.0,1.0
np_classifier_class,Fungal cyclic polyketides (Miscellaneous),2,126,0.06727211570803902,0.01738868824428071,3.8706597639616827,0.9570502114622601,15.654358390936636,0.09694849900010358,0.32962489660035216
np_classifier_class,Asbestinane diterpenoids,0,101,0.0,0.013938551687875805,1.2002715282201317,0.07454800607944793,19.32515458455785,1.0,1.0
np_classifier_class,Aromatic polyketides with side chains,0,141,0.0,0.01945877017812365,0.8609246221481746,0.05357448132522722,13.834780789038899,1.0,1.0
np_classifier_class,Glutinane triterpenoids,0,68,0.0,0.009384371433421334,1.7785855347540747,0.1101050821593759,28.730431351547423,1.0,1.0
np_classifier_class,Protoberberine alkaloids,0,272,0.0,0.03753748573368534,0.4469680958559014,0.02787984474289308,7.1657672614542385,0.6335153737888705,1.0
np_classifier_class,Sphaerane diterpenoids,0,69,0.0,0.009522376895677531,1.7529919565272618,0.10853642524166467,28.312898575819585,1.0,1.0
np_classifier_class,Trachylobane diterpenoids,0,224,0.0,0.030913223545387926,0.542569609876103,0.0338246586957285,8.703170790553523,1.0,1.0
np_classifier_class,Luminacins and derivatives,0,51,0.0,0.007038278575066001,2.365746945918722,0.1459677487671136,38.34243289627761,1.0,1.0
np_classifier_class,Dibenzylbutyrolactone lignans,0,564,0.0,0.0778350807124946,0.21567706950218515,0.013470652461272865,3.4531807900754763,0.18304419308323247,0.5617659432089721
np_classifier_class,2-pyrone derivatives,3,1312,0.10090817356205853,0.1810631664801293,0.5568620657797487,0.1792651128848968,1.7298143253539595,0.5095278170688335,1.0
np_classifier_class,Verticillane diterpenoids,0,194,0.0,0.026773059677702042,0.6262823752054891,0.03902488666441833,10.05075599234608,1.0,1.0
np_classifier_class,Pseudopterane diterpenoids,0,99,0.0,0.013662540763363413,1.2244009690287658,0.07603626007927378,19.716352847912173,1.0,1.0
np_classifier_class,Depsidones,0,498,0.0,0.06872672020358565,0.24425437064514546,0.015253041689226149,3.911363962336549,0.2788630659958506,0.7311747562872654
np_classifier_class,Oligomeric stibenes,0,985,0.0,0.13593538032235317,0.12346921739017673,0.007715623005831236,1.9758155150169046,0.0394541069394567,0.15619502610278063
np_classifier_class,Tricyclic guanidine alkaloids,0,121,0.0,0.016698660932999727,1.002668288676173,0.06234487078501314,16.125523791421127,1.0,1.0
np_classifier_class,Marine-bacterial DPEs,0,116,0.0,0.016008633621718747,1.0457084792635376,0.06500518599565533,16.82183054866955,1.0,1.0
np_classifier_class,Quassinoids,0,1038,0.0,0.14324966982193155,0.11715936608716428,0.007321581426815346,1.874774896537167,0.02582901391691673,0.11141171674610352
np_classifier_class,Macrolide lactones,0,1598,0.0,0.22053272868540136,0.07605620053565645,0.004754052808505837,1.216760913881819,0.0025949482508722714,0.015956171159618858
np_classifier_class,"Indole diketopiperazine alkaloids (L-Trp, L-Ala)",0,342,0.0,0.047197868091619063,0.3555825853432817,0.022191150492375567,5.697720586539853,0.6540392741702565,1.0
np_classifier_class,Pulvinones,0,330,0.0,0.045541802544544714,0.36849940485381844,0.022995573713645592,5.905128224613047,0.6493644295259544,1.0
np_classifier_class,Meromonoterpenoids,0,259,0.0,0.03574341472435479,0.46936798495898097,0.02927332272664663,7.525838708563002,0.6319522575749768,1.0
np_classifier_class,Hydroxy-hydroperoxyeicosatetraenoic acids,0,166,0.0,0.022908906734528552,0.7316314128152029,0.0455621264857053,11.74845349647828,1.0,1.0
np_classifier_class,Spirodioxynaphthalenes,0,239,0.0,0.03298330547923087,0.5085776832444421,0.031711670262833266,8.15634300402741,1.0,1.0
np_classifier_class,Other indole diketopiperazine alkaloids,0,253,0.0,0.034915381950817614,0.4804812663073454,0.029964538743305322,7.704515302238362,0.6315365552553596,1.0
np_classifier_class,Carane monoterpenoids,0,308,0.0,0.0425056823749084,0.39479012203693403,0.024632520719059758,6.327376813585263,0.6418890361185117,1.0
np_classifier_class,Ascarosides,0,280,0.0,0.038641529431734906,0.4342155468971758,0.027086360971218644,6.960814757196625,0.6348943902177772,1.0
np_classifier_class,"Carotenoids (C40, ε-ε)",0,31,0.0,0.004278169329942079,3.867915262063572,0.2366350976839967,63.222947994312236,1.0,1.0
np_classifier_class,RiPPs-Lanthipeptides,0,287,0.0,0.03960756766752828,0.4236392481411892,0.026428199630471844,6.7908603338496825,0.636341152571956,1.0
np_classifier_class,Spirotetronate macrolides,0,700,0.0,0.09660382357933726,0.17377135911592131,0.01085591186212076,2.781570597893142,0.12683803653948295,0.4165476427262565
np_classifier_class,Ergot alkaloids,0,328,0.0,0.045265791620032324,0.37074395618936323,0.023135346012827792,5.941172480183713,0.6486234855820396,1.0
np_classifier_class,Methoxy fatty acids,6,124,0.20181634712411706,0.017112677319768316,11.815209237091882,5.203402934886079,26.828437286746006,1.7925989464467258e-05,0.00016189409235096994
np_classifier_class,Antimycins,0,171,0.0,0.023598934045809532,0.7102961485346018,0.044238838436302684,11.404472550732166,1.0,1.0
np_classifier_class,Sphingoid bases,0,258,0.0,0.03560540926209859,0.4711843723360347,0.02938630307684624,7.5550405967408185,0.6318690302423049,1.0
np_classifier_class,3-oligoenoyltetramic acids,0,271,0.0,0.03739948027142914,0.44861500652943853,0.027982309740572555,7.192237736958528,0.6333645668907212,1.0
np_classifier_class,Cuparane sesquiterpenoids,0,213,0.0,0.02939516346056977,0.5705326795751228,0.03556227223463418,9.153170424980805,1.0,1.0
np_classifier_class,Dialkylresorcinols,0,86,0.0,0.011868469754032865,1.4084402588957758,0.08737399914182166,22.703595833567586,1.0,1.0
np_classifier_class,Streptothricins and derivatives,0,128,0.0,0.0176646991687931,0.9480390662263745,0.05896636167635099,15.242216842621291,1.0,1.0
np_classifier_class,Aeruginosins,0,159,0.0,0.02194286849873518,0.7637480081366597,0.04755350527140403,12.266414780646782,1.0,1.0
np_classifier_class,Bergamotane sesquiterpenoids,1,132,0.03363605785401951,0.018216721017817884,1.8467234593580488,0.2581302611846888,13.211885811804416,0.4199373294533152,0.9384703820215263
np_classifier_class,Quadrane sesquiterpenoids,0,55,0.0,0.007590300424090785,2.195230542464442,0.13557759518745932,35.54449485481419,1.0,1.0
np_classifier_class,Anabaenopeptins,0,252,0.0,0.03477737648856142,0.48238482836008506,0.03008292638728769,7.7351225620895745,0.6314871232210171,1.0
np_classifier_class,Thiazole alkaloids,6,176,0.20181634712411706,0.024288961357090515,8.323754481110397,3.686355658457412,18.79495498565058,0.00011661233281201464,0.0009768395415267314
np_classifier_class,Trichothecane sesquiterpenoids,0,943,0.0,0.13013915090759293,0.12897294766551634,0.008059300341368827,2.0639535102257796,0.03801384099255849,0.15365035030558605
np_classifier_class,Oplopane sesquiterpenoids,0,184,0.0,0.025393005055140083,0.6602363333201181,0.04113269213751242,10.59770205117327,1.0,1.0
np_classifier_class,Neohopane triterpenoids,0,36,0.0,0.004968196641223059,3.338040821779601,0.20482969417506067,54.398931623380356,1.0,1.0
np_classifier_class,"Prenylated,geranylated phloroglucinols",0,202,0.0,0.02787710337575161,0.6015337124019373,0.03748801779489242,9.65222565609634,1.0,1.0
np_classifier_class,Santalane sesquiterpenoids,0,131,0.0,0.01807871555556169,0.9264069623882956,0.05762795797067804,14.892595368348628,1.0,1.0
np_classifier_class,Coumarinolignans,0,95,0.0,0.013110518914338629,1.2756918222659672,0.07919841770447848,20.548259328471907,1.0,1.0
np_classifier_class,"Carotenoids (C40, β-κ)",0,113,0.0,0.01559461723495016,1.0733527955086377,0.06671319530182218,17.269240641434838,1.0,1.0
np_classifier_class,"Carotenoids (C40, β-ε)",0,263,0.0,0.03629543657337957,0.462240301665343,0.02882995413666582,7.411253430054112,0.6323393943194693,1.0
np_classifier_class,Cryptophycins,0,90,0.0,0.01242049160305765,1.3461813236071487,0.08354119299592762,21.692342316885934,1.0,1.0
np_classifier_class,Phosphosphingolipids,0,196,0.0,0.027049070602214436,0.6199062884144977,0.03862897898533471,9.948070503280185,1.0,1.0
np_classifier_class,Glycerophosphoglycerols,0,406,0.0,0.05603021767601562,0.299572629154911,0.018701640367626216,4.798710614398204,0.42137956587056147,0.9384703820215263
np_classifier_class,Merohemiterpenoids,0,227,0.0,0.03132723993215651,0.5354126284006896,0.03337983802239634,8.588018984951175,1.0,1.0
np_classifier_class,Fukinane sesquiterpenoids,0,96,0.0,0.013248524376594826,1.2624704753822844,0.07838347835078587,20.333771028623815,1.0,1.0
np_classifier_class,Prostaglandins,0,378,0.0,0.052166064732842125,0.32174631970339496,0.020083362662022684,5.154549862231746,0.41479645763752604,0.9384703820215263
np_classifier_class,Morphinan alkaloids,0,172,0.0,0.02373693950806573,0.7061775149082596,0.04398334933608615,11.338078843233017,1.0,1.0
np_classifier_class,Elfamycins,0,167,0.0,0.023046912196784747,0.7272624601893843,0.04529117483374862,11.678007645908956,1.0,1.0
np_classifier_class,Kavalactones and derivatives,0,443,0.0,0.061136419779494876,0.27456607018517004,0.017142973761726885,4.397517487032175,0.434912674341401,0.9486019840352067
np_classifier_class,"Carotenoids (C40, Ψ-Ψ)",1,378,0.03363605785401951,0.052166064732842125,0.6446685822527007,0.09054535770339527,4.589938031998334,1.0,1.0
np_classifier_class,Clavulones,0,205,0.0,0.0282911197625202,0.5927497435784138,0.03694243751562624,9.510803350852449,1.0,1.0
np_classifier_class,Usnic acid and derivatives,0,410,0.0,0.0565822395250404,0.2966518907270004,0.018519612694432183,4.751845825499448,0.42259493399839365,0.9384703820215263
np_classifier_class,Linear polyenes,0,235,0.0,0.03243128363020609,0.5172188014653144,0.03224889238074845,8.295332609591094,1.0,1.0
np_classifier_class,3-Spirotetramic acids,0,125,0.0,0.01725068278202451,0.9707053742320109,0.06036839965124787,15.608645069381609,1.0,1.0
np_classifier_class,Epothilones,0,146,0.0,0.02014879748940463,0.8315357902656629,0.05175427735582443,13.360282585704475,1.0,1.0
np_classifier_class,Saponaceolide triterpenoids,0,36,0.0,0.004968196641223059,3.338040821779601,0.20482969417506067,54.398931623380356,1.0,1.0
np_classifier_class,Caryophyllane sesquiterpenoids,5,600,0.16818028927009754,0.08280327735371766,2.0328195193171608,0.8424159841526294,4.905361811568083,0.10463265450561565,0.35367060996634997
np_classifier_class,Simple tetramate alkaloids,0,83,0.0,0.011454453367264276,1.4590489443175194,0.09048759007872809,23.5261412096609,1.0,1.0
np_classifier_class,RiPPs-Thiopeptides,0,156,0.0,0.021528852111966593,0.7783917683950509,0.04846124537047829,12.502644958321149,1.0,1.0
np_classifier_class,Carbapenems,0,157,0.0,0.02166685757422279,0.7734485308051812,0.04815483995168367,12.422897270656948,1.0,1.0
np_classifier_class,Humulane sesquiterpenoids,1,460,0.03363605785401951,0.06348251263785021,0.5296894200947978,0.07443058209229125,3.7695645240617015,1.0,1.0
np_classifier_class,Fusicoccane diterpenoids,0,300,0.0,0.04140163867685883,0.40530481818459063,0.025287063476700348,6.496285968317566,0.6395748506817404,1.0
np_classifier_class,3-Decalinoyltetramic acids,0,302,0.0,0.04167764960137122,0.40262400515851454,0.02512018955434832,6.453219199606833,0.6401313147936758,1.0
np_classifier_class,Oligomycins,0,244,0.0,0.03367333279051185,0.49817388293250225,0.031064791377651255,7.98901929258057,0.6313045423916313,1.0
np_classifier_class,Monocyclic β-lactams,0,37,0.0,0.005106202103479255,3.249021915811894,0.19946756836778803,52.921602723717264,1.0,1.0
np_classifier_class,Dolabellane diterpenoids,0,515,0.0,0.07107281306194099,0.2361938800823374,0.014750361069451318,3.7821141276255386,0.2830824029455338,0.7311747562872654
np_classifier_class,Minor lignans,0,314,0.0,0.04333371514844558,0.38725514701538205,0.024163418286613086,6.206346598444187,0.6437734804913884,1.0
np_classifier_class,Phytane diterpenoids,2,470,0.06727211570803902,0.06486256726041217,1.037173528506055,0.25851088118209853,4.161252026663987,0.7196360019990338,1.0
np_classifier_class,Melithiazole and Myxothiazole derivatives,0,79,0.0,0.010902431518239492,1.532468672434598,0.09500139786223145,24.72027027853985,1.0,1.0
np_classifier_class,"Carotenoids (C40, β-Ψ)",0,264,0.0,0.03643344203563577,0.4604920655455897,0.028721201815382232,7.383150043424518,0.6324495070627811,1.0
np_classifier_class,Polypodane triterpenoids,0,79,0.0,0.010902431518239492,1.532468672434598,0.09500139786223145,24.72027027853985,1.0,1.0
np_classifier_class,Pseudoguaiane sesquiterpenoids,0,815,0.0,0.11247445173879982,0.1492427953152912,0.009324854062269758,2.388607028569449,0.08799298519755851,0.3013958342467448
np_classifier_class,Decalins with side chains,0,376,0.0,0.051890053808329735,0.32345635673772594,0.020189906740218668,5.181995937882669,0.41446411521410986,0.9384703820215263
np_classifier_class,Xeniaphyllane diterpenoids,0,146,0.0,0.02014879748940463,0.8315357902656629,0.05175427735582443,13.360282585704475,1.0,1.0
np_classifier_class,Bactoprenols,0,101,0.0,0.013938551687875805,1.2002715282201317,0.07454800607944793,19.32515458455785,1.0,1.0
np_classifier_class,Ladder polyethers,0,263,0.0,0.03629543657337957,0.462240301665343,0.02882995413666582,7.411253430054112,0.6323393943194693,1.0
np_classifier_class,Monocarbocyclic sesterterpenoids,0,263,0.0,0.03629543657337957,0.462240301665343,0.02882995413666582,7.411253430054112,0.6323393943194693,1.0
np_classifier_class,Fenchane monoterpenoids,6,37,0.20181634712411706,0.005106202103479255,39.60167245101522,16.701947256870813,93.89877939366237,2.48073256006406e-08,3.875306539775748e-07
np_classifier_class,Ophiobolane sesterterpenoids,0,203,0.0,0.02801510883800781,0.5985769464834539,0.03730437646378304,9.60462001581251,1.0,1.0
np_classifier_class,Malabaricane triterpenoids,0,361,0.0,0.04981997187448679,0.3368847595903045,0.02102649309694799,5.397540175669646,0.41261022511503487,0.9384703820215263
np_classifier_class,Serrulatane and Biflorane diterpenoids,0,359,0.0,0.0495439609499744,0.3387598800998996,0.021143302500809515,5.427641039563456,0.4124512717969702,0.9384703820215263
np_classifier_class,Miscellaneous polyketides,0,497,0.0,0.06858871474132947,0.24474567219821997,0.01528367949690702,3.9192423573054302,0.27864696898384533,0.7311747562872654
np_classifier_class,Secokaurane diterpenoids,0,582,0.0,0.08031917903310613,0.2090071742451743,0.013054562349549015,3.3462629934477857,0.1848402741823576,0.5617659432089721
np_classifier_class,Dibenzylbutane lignans,0,385,0.0,0.0531321029686355,0.31590092073584713,0.01971914867749609,5.060735296125755,0.4161103905482103,0.9384703820215263
np_classifier_class,Icetexane diterpenoids,0,122,0.0,0.016836666395255925,0.9944818687522091,0.061838720586447474,15.993121751190193,1.0,1.0
np_classifier_class,Benzophenones,0,121,0.0,0.016698660932999727,1.002668288676173,0.06234487078501314,16.125523791421127,1.0,1.0
np_classifier_class,Caryolane sesquiterpenoids,0,67,0.0,0.009246365971165139,1.8049374412246448,0.11171974094470334,29.160461160996103,1.0,1.0
np_classifier_class,Totarane diterpenoids,0,107,0.0,0.014766584461412983,1.1332702437422033,0.07041336375961267,18.2394559324853,1.0,1.0
np_classifier_class,Silphinane sesquiterpenoids,0,46,0.0,0.006348251263785021,2.620146418814221,0.1614317970913098,42.52673500340135,1.0,1.0
np_classifier_class,Coloratane sesquiterpenoids,0,57,0.0,0.007866311348603178,2.1188688487436123,0.13091807998588428,34.293240465030934,1.0,1.0
np_classifier_class,Sphenolobane diterpenoids,0,60,0.0,0.008280327735371766,2.0137926338302385,0.1244998169522443,32.573226783333254,1.0,1.0
np_classifier_class,Benzoquinones,0,154,0.0,0.0212528411874542,0.7884702139666298,0.04908590209447648,12.665251157369266,1.0,1.0
np_classifier_class,Cephalotaxus alkaloids,0,139,0.0,0.019182759253611258,0.8732700382651293,0.05433891606004086,14.034151120882825,1.0,1.0
np_classifier_class,Epoxy fatty acids,1,115,0.03363605785401951,0.015870628159462552,2.1197671016443325,0.295971968505685,15.181885595112707,0.37811531407085486,0.9384703820215263
np_classifier_class,Beyerane diterpenoids,0,229,0.0,0.03160325085666891,0.5307452577653075,0.03308973212424798,8.512928650575002,1.0,1.0
np_classifier_class,Chamigrane sesquiterpenoids,0,512,0.0,0.0706587966751724,0.23757746270921595,0.01483664943783193,3.8042990113000124,0.2822644938428581,0.7311747562872654
np_classifier_class,Botryane sesquiterpenoids,3,111,0.10090817356205853,0.015318606310437768,6.592938392938393,2.0931236963451156,20.76649207544695,0.011706840477580891,0.05501263248814435
np_classifier_class,Linear diarylheptanoids,1,1055,0.03363605785401951,0.14559576268028687,0.23076486384772887,0.03246542644406529,1.6402810071942069,0.1420981878946791,0.45377211382941723
np_classifier_class,Protoilludane sesquiterpenoids,1,283,0.03363605785401951,0.0390555458185035,0.8611897141280931,0.12085126529253845,6.136863539862478,1.0,1.0
np_classifier_class,2-arylbenzofurans,0,495,0.0,0.06831270381681707,0.24573422446545562,0.01534532558614078,3.9350946797881092,0.27822577744945687,0.7311747562872654
np_classifier_class,Norpimarane and Norisopimarane diterpenoids,0,348,0.0,0.04802590086515624,0.34945775198857243,0.021809671780410066,5.599383688781511,0.41196761031944973,0.9384703820215263
np_classifier_class,Furanoabietane diterpenoids,0,82,0.0,0.011316447905008081,1.4767364242729972,0.09157535195948578,23.813727385283677,1.0,1.0
np_classifier_class,Pyrroloindole alkaloids,0,156,0.0,0.021528852111966593,0.7783917683950509,0.04846124537047829,12.502644958321149,1.0,1.0
np_classifier_class,Bicyclic guanidine alkaloids,0,89,0.0,0.012282486140801453,1.3612243345078923,0.08446752464147154,21.93661643005823,1.0,1.0
np_classifier_class,Acorane sesquiterpenoids,1,187,0.03363605785401951,0.025807021441908672,1.303470537854197,0.1825926849253797,9.30505755884063,0.5369252209137552,1.0
np_classifier_class,Anthranillic acid derivatives,12,416,0.4036326942482341,0.05741027229857758,7.055110669472372,3.9698294795904023,12.538217778472067,3.011487709274412e-07,4.144380704668119e-06
np_classifier_class,Flavans,0,281,0.0,0.0387795348939911,0.43267244317104225,0.026990338811136053,6.9360167869533695,0.635087714009785,1.0
np_classifier_class,Oppositane sesquiterpenoids,0,66,0.0,0.009108360508908942,1.8320818862356834,0.11338245518825726,29.60355755482463,1.0,1.0
np_classifier_class,Long-Chain Bicyclic Phosphotriester,0,61,0.0,0.008418333197627963,1.9810453039791873,0.12249797770827836,32.03759416962826,1.0,1.0
np_classifier_class,Monoacylglycerols,5,390,0.16818028927009754,0.05382213027991648,3.1283217568594925,1.293869030443986,7.563668952708682,0.0241527737957922,0.10496468612005933
np_classifier_class,Hydroxy-hydroperoxyeicosatrienoic acids,0,34,0.0,0.004692185716710667,3.5315601825789646,0.21646778956224189,57.615580352157025,1.0,1.0
np_classifier_class,Phoslactomycins or Phosphazomycins,0,124,0.0,0.017112677319768316,0.978503555165677,0.060850677233865835,15.73473379420335,1.0,1.0
np_classifier_class,4-pyrone derivatives,7,485,0.23545240497813658,0.06693264919425511,3.5236932659487943,1.6694848872199541,7.437272614769717,0.0045439816189546305,0.0247775601486394
np_classifier_class,Illudane sesquiterpenoids,0,150,0.0,0.020700819338429415,0.8094307020988835,0.050384792815826994,13.003488252798476,1.0,1.0
np_classifier_class,Carbocyclic fatty acids,0,183,0.0,0.025254999592883888,0.6638352678450747,0.04135606033085441,10.655687686628292,1.0,1.0
np_classifier_class,Merosesquiterpenoids,0,329,0.0,0.04540379708228852,0.369618274525634,0.023065248211640008,5.9230955422522635,0.648992530677666,1.0
np_classifier_class,Selaginellins,0,48,0.0,0.006624262188297413,2.5120922097080918,0.15486902514913442,40.748027334705235,1.0,1.0
np_classifier_class,Miscellaneous alkaloids,0,44,0.0,0.006072240339272629,2.7379133658175303,0.16857530670648754,44.46777968361716,1.0,1.0
np_classifier_class,Spriromeroterpenoids,0,105,0.0,0.014490573536900591,1.1547572275479214,0.07173966642320233,18.587544674488303,1.0,1.0
np_classifier_class,Gorgonane sesquiterpenoids,0,30,0.0,0.004140163867685883,3.9947376690823586,0.24421917283070577,65.3426545500901,1.0,1.0
np_classifier_class,Secoeudesmane sesquiterpenoids,0,45,0.0,0.006210245801528825,2.6777357500411143,0.16492624657996455,43.47560740474222,1.0,1.0
np_classifier_class,Hamigerane sesquiterpenoids,0,40,0.0,0.005520218490247844,3.0083411700473524,0.18494277520581456,48.93468579851472,1.0,1.0
np_classifier_class,Irregular monoterpenoids,1,118,0.03363605785401951,0.01628464454623114,2.0658661632867212,0.2885082847432341,14.792653210673821,0.3857087413951566,0.9384703820215263
np_classifier_class,Isodaucane sesquiterpenoids,1,77,0.03363605785401951,0.0106264205937271,3.1660519830102603,0.44021434556072847,22.770464570742572,0.2734068551269163,0.7311747562872654
np_classifier_class,Clavams,0,47,0.0,0.006486256726041217,2.564981901533723,0.15808233649692185,41.61838887878318,1.0,1.0
np_classifier_class,Heterocyclic fatty acids,0,65,0.0,0.008970355046652747,1.8600551692623262,0.11509540255612229,30.060325224653926,1.0,1.0
np_classifier_class,Guanacastane diterpenoids,0,81,0.0,0.011178442442751884,1.49485795281634,0.09268958053727773,24.10843037745274,1.0,1.0
np_classifier_class,Spirovetivane sesquiterpenoids,2,152,0.06727211570803902,0.020976830262941806,3.2084580772024305,0.7947985402568613,12.951965450060667,0.13135998409896113,0.42655095960224454
np_classifier_class,Verrucosane diterpenoids,0,63,0.0,0.008694344122140355,1.9186448801685227,0.11868138567924466,31.017485641311175,1.0,1.0
np_classifier_class,Bleomycins,0,102,0.0,0.014076557150132002,1.188559921583746,0.07382551120534558,19.135318728316115,1.0,1.0
np_classifier_class,Peptaibols,0,303,0.0,0.041815655063627416,0.4012968481332495,0.02503757545797822,6.431899150617047,0.6404151548179018,1.0
np_classifier_class,Platensimycin and Platencins,0,94,0.0,0.012972513452082434,1.289192986014913,0.08003047803554361,20.76732010087335,1.0,1.0
np_classifier_class,Copaane sesquiterpenoids,1,126,0.03363605785401951,0.01738868824428071,1.9346786942681964,0.27032921647598995,13.84601227661878,0.4055078074084456,0.9384703820215263
np_classifier_class,Amphilectane diterpenoids,0,141,0.0,0.01945877017812365,0.8609246221481746,0.05357448132522722,13.834780789038899,1.0,1.0
np_classifier_class,Patchoulane sesquiterpenoids,1,182,0.03363605785401951,0.02511699413062769,1.339289411799506,0.18758333129906546,9.562129620667434,0.5273447281146476,1.0
np_classifier_class,Laurane sesquiterpenoids,0,200,0.0,0.02760109245123922,0.6075357260120255,0.037860776969929996,9.74886645020802,1.0,1.0
np_classifier_class,Aflatoxins,0,91,0.0,0.012558497065313845,1.331467121687842,0.0826349557411422,21.453447638903555,1.0,1.0
np_classifier_class,Fatty acid estolides,0,85,0.0,0.011730464291776668,1.4249152110701055,0.08838778196588214,22.97131247758538,1.0,1.0
np_classifier_class,Africanane sesquiterpenoids,0,94,0.0,0.012972513452082434,1.289192986014913,0.08003047803554361,20.76732010087335,1.0,1.0
np_classifier_class,Fatty acyl carnitines,0,153,0.0,0.021114835725198004,0.7936079231912294,0.04940430704593819,12.748150382238316,1.0,1.0
np_classifier_class,Bicyclogermacrane sesquiterpenoids,1,197,0.03363605785401951,0.02718707606447063,1.2372874408181949,0.17336761341123716,8.830254861818446,0.5555077548474133,1.0
np_classifier_class,Gymnomitrane sesquiterpenoids,0,64,0.0,0.00883234958439655,1.88889584090995,0.11686089430381194,30.531406755549067,1.0,1.0
np_classifier_class,Cyclophytane diterpenoids,0,260,0.0,0.03588142018661099,0.46756554297445735,0.029161207480996595,7.496861613822576,0.632040953630761,1.0
np_classifier_class,Abeotaxane diterpenoids,0,175,0.0,0.024150955894834316,0.694103230003684,0.04323428241202328,11.143455309612492,1.0,1.0
np_classifier_class,Hasubanan alkaloids,0,205,0.0,0.0282911197625202,0.5927497435784138,0.03694243751562624,9.510803350852449,1.0,1.0
np_classifier_class,Tropolones and derivatives (PKS),0,57,0.0,0.007866311348603178,2.1188688487436123,0.13091807998588428,34.293240465030934,1.0,1.0
np_classifier_class,Cleistanthane diterpenoids,0,143,0.0,0.019734781102636042,0.8489233291285566,0.05283125200090563,13.640994514503607,1.0,1.0
np_classifier_class,Pachysanane triterpenoids,0,33,0.0,0.004554180254454471,3.6369849089845876,0.22279718329341747,59.370854840481435,1.0,1.0
np_classifier_class,Glycerophosphates,0,323,0.0,0.04457576430875134,0.3764767553887261,0.023492321665840202,6.033237130160569,0.6468221125260656,1.0
np_classifier_class,Simple cyclic polyketides,1,174,0.03363605785401951,0.02401295043257812,1.4008814065376465,0.19616159456649476,10.004347280719408,0.5116021046635276,1.0
np_classifier_class,Premyrsinane diterpenoids,0,31,0.0,0.004278169329942079,3.867915262063572,0.2366350976839967,63.222947994312236,1.0,1.0
np_classifier_class,Vitamin D3 and derivatives,0,123,0.0,0.01697467185751212,0.9864280224302526,0.06134072117258487,15.862875832482752,1.0,1.0
np_classifier_class,Orthosomycins,0,67,0.0,0.009246365971165139,1.8049374412246448,0.11171974094470334,29.160461160996103,1.0,1.0
np_classifier_class,Sacculatane diterpenoids,0,106,0.0,0.014628578999156787,1.1439128577868196,0.07107032881974706,18.411855523122725,1.0,1.0
np_classifier_class,Cheilanthane sesterterpenoids,0,174,0.0,0.02401295043257812,0.6980818625653636,0.043481120983559246,11.207583333166324,1.0,1.0
np_classifier_class,Leukotrienes,0,124,0.0,0.017112677319768316,0.978503555165677,0.060850677233865835,15.73473379420335,1.0,1.0
np_classifier_class,"Indole diketopiperazine alkaloids (L-Trp, L-Trp)",0,95,0.0,0.013110518914338629,1.2756918222659672,0.07919841770447848,20.548259328471907,1.0,1.0
np_classifier_class,12-oxophytodienoic acid metabolites,0,48,0.0,0.006624262188297413,2.5120922097080918,0.15486902514913442,40.748027334705235,1.0,1.0
np_classifier_class,Lactam bearing macrolide lactones,0,88,0.0,0.012144480678545257,1.3766073004572406,0.08541462649948736,22.186453741427353,1.0,1.0
np_classifier_class,Enediynes,0,73,0.0,0.010074398744702315,1.6575818825932929,0.10268461890982612,26.757441637041534,1.0,1.0
np_classifier_class,Dactylomelane diterpenoids,0,76,0.0,0.010488415131470903,1.5925720773147554,0.09869372105014385,25.698553002718498,1.0,1.0
np_classifier_class,Cericerane sesterterpenoids,0,44,0.0,0.006072240339272629,2.7379133658175303,0.16857530670648754,44.46777968361716,1.0,1.0
np_classifier_class,Parguerane diterpenoids,0,65,0.0,0.008970355046652747,1.8600551692623262,0.11509540255612229,30.060325224653926,1.0,1.0
np_classifier_class,Acetate-derived alkaloids,2,83,0.06727211570803902,0.011454453367264276,5.876290081226961,1.4447853837870974,23.900286856594334,0.04767372725626588,0.18745179832735837
np_classifier_class,Brasilane sesquiterpenoids,0,60,0.0,0.008280327735371766,2.0137926338302385,0.1244998169522443,32.573226783333254,1.0,1.0
np_classifier_class,Mycosporine and Mycosporine-like amino acids,0,128,0.0,0.0176646991687931,0.9480390662263745,0.05896636167635099,15.242216842621291,1.0,1.0
np_classifier_class,Thujopsane sesquiterpenoids,1,51,0.03363605785401951,0.007038278575066001,4.780289235478849,0.6603978334613737,34.602120141830376,0.19178075685093027,0.5617659432089721
np_classifier_class,Prezizaane sesquiterpenoids,0,307,0.0,0.042367676912652204,0.39607453918830426,0.02471248024023941,6.34800874166355,0.6415870842935291,1.0
np_classifier_class,Cubebane sesquiterpenoids,2,65,0.06727211570803902,0.008970355046652747,7.503756828832561,1.8365313377350287,30.659082907723885,0.03097173104902919,0.1278690039024205
np_classifier_class,Amino fatty acids,0,56,0.0,0.0077283058863469815,2.1563739284029575,0.13320710839678127,34.90766052247975,1.0,1.0
np_classifier_class,Aspidosperma-Iboga hybrid type (Vinca alkaloids),0,168,0.0,0.023184917659040946,0.7229453645680265,0.0450234260022081,11.608401371427492,1.0,1.0
np_classifier_class,Sterpurane sesquiterpenoids,0,37,0.0,0.005106202103479255,3.249021915811894,0.19946756836778803,52.921602723717264,1.0,1.0
np_classifier_class,Himachalane sesquiterpenoids,1,135,0.03363605785401951,0.018630737404586473,1.8056776830666468,0.25243446919393925,12.916112072713776,0.4270202603315942,0.9384703820215263
np_classifier_class,CDP-Glycerols,0,139,0.0,0.019182759253611258,0.8732700382651293,0.05433891606004086,14.034151120882825,1.0,1.0
np_classifier_class,Acutumine alkaloids,0,36,0.0,0.004968196641223059,3.338040821779601,0.20482969417506067,54.398931623380356,1.0,1.0
np_classifier_class,Mycolic acids,0,74,0.0,0.01021240420695851,1.6353302042764781,0.10131893891042468,26.39491595330741,1.0,1.0
np_classifier_class,Secolabdane diterpenoids,0,185,0.0,0.02553101051739628,0.6566762013237325,0.04091172323214738,10.540343923868813,1.0,1.0
np_classifier_class,Polyesters,0,58,0.0,0.008004316810859374,2.082645994029885,0.12870638226970604,33.70007189977272,1.0,1.0
np_classifier_class,Iphionane sesquiterpenoids,0,42,0.0,0.0057962294147602365,2.866764260774093,0.1763801992734908,46.594444051559776,1.0,1.0
np_classifier_class,Diarylether type diarylheptanoids,0,151,0.0,0.02083882480068561,0.8040868152730861,0.05005366938617552,12.917246915659463,1.0,1.0
np_classifier_class,Aplysiatoxins,0,92,0.0,0.012696502527570042,1.3170710646748987,0.08174816606014731,21.219756638057902,1.0,1.0
np_classifier_class,Prodigiosins,0,125,0.0,0.01725068278202451,0.9707053742320109,0.06036839965124787,15.608645069381609,1.0,1.0
np_classifier_class,Wax diesters,12,81,0.4036326942482341,0.011178442442751884,36.2504159005341,19.749356878676497,66.53850355909715,6.509585565232323e-15,1.4471309448862626e-13
np_classifier_class,Perforane sesquiterpenoids,0,33,0.0,0.004554180254454471,3.6369849089845876,0.22279718329341747,59.370854840481435,1.0,1.0
np_classifier_class,Spiroaxane sesquiterpenoids,0,39,0.0,0.005382213027991648,3.084505963010815,0.1895435270182853,50.195209435621834,1.0,1.0
np_classifier_class,Isolactarane sesquiterpenoids,0,46,0.0,0.006348251263785021,2.620146418814221,0.1614317970913098,42.52673500340135,1.0,1.0
np_classifier_class,Other Docosanoids,0,58,0.0,0.008004316810859374,2.082645994029885,0.12870638226970604,33.70007189977272,1.0,1.0
np_classifier_class,Myrsinane diterpenoids,0,161,0.0,0.022218879423247573,0.754287746091507,0.04696700043735876,12.113824570564827,1.0,1.0
np_classifier_class,Tigliane diterpenoids,0,62,0.0,0.008556338659884158,1.9493458886833697,0.120559487313188,31.519289592326263,1.0,1.0
np_classifier_class,Fasamycins and derivatives,0,103,0.0,0.014214562612388197,1.1770746261867104,0.07311688413790303,18.949175583021777,1.0,1.0
np_classifier_class,Stilbenolignans,0,31,0.0,0.004278169329942079,3.867915262063572,0.2366350976839967,63.222947994312236,1.0,1.0
np_classifier_class,Acidic glycosphingolipids,0,37,0.0,0.005106202103479255,3.249021915811894,0.19946756836778803,52.921602723717264,1.0,1.0
np_classifier_class,Primary amides,1,80,0.03363605785401951,0.011040436980495689,3.0473124158815614,0.4239055099408645,21.906091669535844,0.28227834749299874,0.7311747562872654
np_classifier_class,Oxa-Bridged Macrolides,0,38,0.0,0.005244207565735451,3.164627368595756,0.1943789821515663,51.52237279571842,1.0,1.0
np_classifier_class,Saxitoxins,0,38,0.0,0.005244207565735451,3.164627368595756,0.1943789821515663,51.52237279571842,1.0,1.0
np_classifier_class,Tetrodotoxins,0,56,0.0,0.0077283058863469815,2.1563739284029575,0.13320710839678127,34.90766052247975,1.0,1.0
np_classifier_class,Onocerane triterpenoids,0,68,0.0,0.009384371433421334,1.7785855347540747,0.1101050821593759,28.730431351547423,1.0,1.0
np_classifier_class,Segetane diterpenoids,0,52,0.0,0.007176284037322197,2.3206818964343765,0.14322373735831748,37.60245727260023,1.0,1.0
np_classifier_class,Marasmane sesquiterpenoids,0,70,0.0,0.009660382357933726,1.728124437257238,0.10701183196410949,27.90732590810382,1.0,1.0
np_classifier_class,Epoxyeicosatrienoic acids,0,39,0.0,0.005382213027991648,3.084505963010815,0.1895435270182853,50.195209435621834,1.0,1.0
np_classifier_class,Pentalenane sesquiterpenoids,0,119,0.0,0.016422650008487336,1.0194521621604509,0.06338243727212271,16.397013994138756,1.0,1.0
np_classifier_class,Cinnamoyl phenols,0,69,0.0,0.009522376895677531,1.7529919565272618,0.10853642524166467,28.312898575819585,1.0,1.0
np_classifier_class,Cyclofarnesane sesquiterpenoids,1,135,0.03363605785401951,0.018630737404586473,1.8056776830666468,0.25243446919393925,12.916112072713776,0.4270202603315942,0.9384703820215263
np_classifier_class,Nonadrides,0,63,0.0,0.008694344122140355,1.9186448801685227,0.11868138567924466,31.017485641311175,1.0,1.0
np_classifier_class,Phenalens,0,46,0.0,0.006348251263785021,2.620146418814221,0.1614317970913098,42.52673500340135,1.0,1.0
np_classifier_class,Norcembrane diterpenoids,0,39,0.0,0.005382213027991648,3.084505963010815,0.1895435270182853,50.195209435621834,1.0,1.0
np_classifier_class,Decalins with 2-pyrones,0,33,0.0,0.004554180254454471,3.6369849089845876,0.22279718329341747,59.370854840481435,1.0,1.0
np_classifier_class,Cytosporins,0,37,0.0,0.005106202103479255,3.249021915811894,0.19946756836778803,52.921602723717264,1.0,1.0
np_classifier_class,Macrotetrolides,0,136,0.0,0.01876874286684267,0.8924664820074271,0.05552735692547626,14.344216357636066,1.0,1.0
np_classifier_class,Rhizoxins,0,34,0.0,0.004692185716710667,3.5315601825789646,0.21646778956224189,57.615580352157025,1.0,1.0
np_classifier_class,Secogermacrane sesquiterpenoids,0,60,0.0,0.008280327735371766,2.0137926338302385,0.1244998169522443,32.573226783333254,1.0,1.0
np_classifier_class,Asteriscane sesquiterpenoids,0,60,0.0,0.008280327735371766,2.0137926338302385,0.1244998169522443,32.573226783333254,1.0,1.0
np_classifier_class,N-acyl ethanolamines (endocannabinoids),2,33,0.06727211570803902,0.004554180254454471,14.780779861897331,3.5451829573121936,61.62487407744546,0.009081206719569664,0.04374114569926055
np_classifier_class,Capnellane sesquiterpenoids,0,63,0.0,0.008694344122140355,1.9186448801685227,0.11868138567924466,31.017485641311175,1.0,1.0
np_classifier_class,Capsaicins and Capsaicinoids,2,60,0.06727211570803902,0.008280327735371766,8.129125995736565,1.9861137472590982,33.272358919903894,0.0268448253637971,0.11325773036696879
np_classifier_class,Glycosylmonoacylglycerols,0,91,0.0,0.012558497065313845,1.331467121687842,0.0826349557411422,21.453447638903555,1.0,1.0
np_classifier_class,Prenylbisabolane diterpenoids,0,50,0.0,0.006900273112809805,2.4125967498380914,0.14881894394266065,39.1121111541551,1.0,1.0
np_classifier_class,"Carotenoids (C50, Ψ-Ψ)",0,40,0.0,0.005520218490247844,3.0083411700473524,0.18494277520581456,48.93468579851472,1.0,1.0
np_classifier_class,Hapalindole alkaloids,0,117,0.0,0.016146639083974942,1.0368074015505762,0.06445511695002257,16.67780059639906,1.0,1.0
np_classifier_class,Humbertiane sesquiterpenoids,0,30,0.0,0.004140163867685883,3.9947376690823586,0.24421917283070577,65.3426545500901,1.0,1.0
np_classifier_class,Thromboxanes,0,30,0.0,0.004140163867685883,3.9947376690823586,0.24421917283070577,65.3426545500901,1.0,1.0
np_classifier_class,Jatropholane diterpenoids,0,46,0.0,0.006348251263785021,2.620146418814221,0.1614317970913098,42.52673500340135,1.0,1.0
np_classifier_class,Oxidized glycerophospholipids,0,31,0.0,0.004278169329942079,3.867915262063572,0.2366350976839967,63.222947994312236,1.0,1.0
np_classifier_class,Paulomycins and derivatives,0,76,0.0,0.010488415131470903,1.5925720773147554,0.09869372105014385,25.698553002718498,1.0,1.0
np_classifier_class,Paraconic acids and derivatives,4,59,0.13454423141607805,0.00814232227311557,16.544976051972075,6.006151825728498,45.57597618290768,0.00013675065645181624,0.0011291697061307112
np_classifier_class,Campherenane sesquiterpenoids,0,52,0.0,0.007176284037322197,2.3206818964343765,0.14322373735831748,37.60245727260023,1.0,1.0
np_classifier_class,Oxazole alkaloids,0,33,0.0,0.004554180254454471,3.6369849089845876,0.22279718329341747,59.370854840481435,1.0,1.0
np_classifier_class,Mulinane diterpenoids,0,71,0.0,0.009798387820189923,1.7039525129318303,0.10552947147400055,27.513206744734116,1.0,1.0
np_classifier_class,Rhamnolipids,0,32,0.0,0.004416174792198275,3.7488973108613264,0.2295077850906168,61.23640225029506,1.0,1.0
np_classifier_class,Protopine alkaloids,0,33,0.0,0.004554180254454471,3.6369849089845876,0.22279718329341747,59.370854840481435,1.0,1.0
np_classifier_class,Boromycins,0,49,0.0,0.006762267650553609,2.46133947512794,0.15178372761905926,39.91331684136583,1.0,1.0
np_classifier_class,"Apocarotenoids (C30, Ψ-Ψ)",0,69,0.0,0.009522376895677531,1.7529919565272618,0.10853642524166467,28.312898575819585,1.0,1.0
np_classifier_class,Carabrane sesquiterpenoids,0,62,0.0,0.008556338659884158,1.9493458886833697,0.120559487313188,31.519289592326263,1.0,1.0
np_classifier_class,Adianane triterpenoids,0,43,0.0,0.005934234877016433,2.800857768526196,0.17238946975498262,45.50628440741406,1.0,1.0
np_classifier_class,RiPPs-Microcins,0,39,0.0,0.005382213027991648,3.084505963010815,0.1895435270182853,50.195209435621834,1.0,1.0
np_classifier_class,Miscellaneous apocarotenoids,0,106,0.0,0.014628578999156787,1.1439128577868196,0.07107032881974706,18.411855523122725,1.0,1.0
np_classifier_class,Presilphiperfolane and Probotryane sesquiterpenoids,0,64,0.0,0.00883234958439655,1.88889584090995,0.11686089430381194,30.531406755549067,1.0,1.0
np_classifier_class,Herbertane sesquiterpenoids,0,34,0.0,0.004692185716710667,3.5315601825789646,0.21646778956224189,57.615580352157025,1.0,1.0
np_classifier_class,Homoerythrina alkaloids,0,60,0.0,0.008280327735371766,2.0137926338302385,0.1244998169522443,32.573226783333254,1.0,1.0
np_classifier_class,Cyclonerane sesquiterpenoids,0,54,0.0,0.007452294961834589,2.235513087317173,0.13803396711316637,36.204992641189335,1.0,1.0
np_classifier_class,"Carotenoids (C40, ε-Ψ)",0,34,0.0,0.004692185716710667,3.5315601825789646,0.21646778956224189,57.615580352157025,1.0,1.0
np_classifier_class,Valerenane sesquiterpenoids,1,59,0.03363605785401951,0.00814232227311557,4.13206880032849,0.5723216334903312,29.83286245274628,0.21782790175927305,0.6263906826709443
np_classifier_class,Strobilurins and derivatives,0,87,0.0,0.01200647521628906,1.3923418770568594,0.0863832050406304,22.442046479919203,1.0,1.0
np_classifier_class,Rhamnofolane diterpenoids,0,44,0.0,0.006072240339272629,2.7379133658175303,0.16857530670648754,44.46777968361716,1.0,1.0
np_classifier_class,Isariotin alkaloids,0,37,0.0,0.005106202103479255,3.249021915811894,0.19946756836778803,52.921602723717264,1.0,1.0
np_classifier_class,Noreremophilane sesquiterpenoids,0,33,0.0,0.004554180254454471,3.6369849089845876,0.22279718329341747,59.370854840481435,1.0,1.0
np_classifier_class,Alliacane sesquiterpenoids,0,37,0.0,0.005106202103479255,3.249021915811894,0.19946756836778803,52.921602723717264,1.0,1.0
np_classifier_class,Hepoxilins,0,36,0.0,0.004968196641223059,3.338040821779601,0.20482969417506067,54.398931623380356,1.0,1.0
np_classifier_class,Zizaane sesquiterpenoids,0,42,0.0,0.0057962294147602365,2.866764260774093,0.1763801992734908,46.594444051559776,1.0,1.0
np_classifier_class,Isocomane sesquiterpenoids,0,32,0.0,0.004416174792198275,3.7488973108613264,0.2295077850906168,61.23640225029506,1.0,1.0
murcko_framework,O1c2cccc(OC3OCCCC3)c2CC=C1c4ccccc4,0,223,0.0,0.03077521808313173,0.5449979667525483,0.03397557769329458,8.742243809530049,1.0,1.0
murcko_framework,C1CCC2C(C1)CCC34CCC(CCC23)C4,0,2054,0.0,0.2834632194742268,0.05913806728642147,0.0036969049044111874,0.9460105393028329,0.0003873114488391494,0.03107692073318433
murcko_framework,O1Cc2ccccc2C1c3ccccc3,0,33,0.0,0.004554180254454471,3.6369849089845876,0.22279718329341747,59.370854840481435,1.0,1.0
murcko_framework,O1CCNC(C1)Cc2ccccc2,0,33,0.0,0.004554180254454471,3.6369849089845876,0.22279718329341747,59.370854840481435,1.0,1.0
murcko_framework,c1ccc(cc1)CCNCC2NCCC2,0,74,0.0,0.01021240420695851,1.6353302042764781,0.10131893891042468,26.39491595330741,1.0,1.0
murcko_framework,O1c2ccccc2C=CC1,8,3877,0.2690884628321561,0.5350471771672722,0.5015835595488767,0.25042679556785286,1.0046291837071186,0.043122408852762896,1.0
murcko_framework,O1CCCCC12OC3CC4C5CCC6CCCCC6C5CCC4C3C2,0,541,0.0,0.0746609550806021,0.22484501058208697,0.014042527422564783,3.60015524715459,0.1822248219310846,1.0
murcko_framework,O1CCC(C1)C2CCC3C4=CCC5CCCCC5C4CCC32,0,111,0.0,0.015318606310437768,1.0926087766300376,0.06790261254010821,17.58097213216717,1.0,1.0
murcko_framework,o1cccc1,81,627,2.7245206861755804,0.08652942483463495,32.340516984653256,25.585959515606916,40.87824176367754,9.79791157016348e-88,8.540512918659166e-85
murcko_framework,c1ccccc1,525,15966,17.658930373360242,2.203395210382427,9.518735661933569,8.651207486484601,10.47325806753752,3.853551162302155e-291,1.0077036289420135e-287
murcko_framework,o1cc(-c2ccccc2)c3ccccc13,0,31,0.0,0.004278169329942079,3.867915262063572,0.2366350976839967,63.222947994312236,1.0,1.0
murcko_framework,C1=CC2=C3CCCC3CCC2C4C1=CCCC4,0,63,0.0,0.008694344122140355,1.9186448801685227,0.11868138567924466,31.017485641311175,1.0,1.0
murcko_framework,O1c2cc3c(cc2OC1)C(NCC3)CNC=C4CNCN(c5ccccc5)C4,0,61,0.0,0.008418333197627963,1.9810453039791873,0.12249797770827836,32.03759416962826,1.0,1.0
murcko_framework,c1ccc(cc1)CCc2ccccc2,0,700,0.0,0.09660382357933726,0.17377135911592131,0.01085591186212076,2.781570597893142,0.12683803653948295,1.0
murcko_framework,o1ccc2cc3C=CCOc3cc12,0,803,0.0,0.11081838619172547,0.15147419714216923,0.00946415444652509,2.42435101091246,0.08653425048820396,1.0
murcko_framework,O1CCC2CCC3CCCCC3C12,0,358,0.0,0.0494059554877182,0.3397052860472059,0.021202195000476327,5.442817659483906,0.4123798411945325,1.0
murcko_framework,O(c1ccccc1)CCc2ccccc2,4,363,0.13454423141607805,0.050095982798999183,2.688000059383139,1.0027757342553751,7.205344198530129,0.06516068178889768,1.0
murcko_framework,O1C2C=CC13C(N(Cc4ccccc4)CC3C2CNc5ccccc5)CNC6CCCCC6,0,664,0.0,0.09163562693811421,0.18319471863512696,0.011443998589476175,2.9325680769189537,0.12320796031749037,1.0
murcko_framework,O1c2ccccc2OC1,11,414,0.3699966363942146,0.05713426137406519,6.496251227301046,3.565798827421393,11.835014270484855,2.0062398236494605e-06,0.0002498246256592066
murcko_framework,O(c1ccccc1)Cc2ccccc2,7,565,0.23545240497813658,0.0779730861747508,3.0244290752421246,1.4340159283638882,6.378709643487862,0.0099590389269654,0.5661497129133591
murcko_framework,C1CC2C(C1)C3CCCC23,1,95,0.03363605785401951,0.013110518914338629,2.5661046964652545,0.35765270984396985,18.411417366567054,0.3250377575351816,1.0
murcko_framework,C1=CCCCC1,87,3214,2.9263370332996974,0.44354955569141424,6.766283360091698,5.45145083225954,8.398239646248012,2.781271838942276e-41,1.4546051717668104e-38
murcko_framework,S1CCN2CCC12,0,58,0.0,0.008004316810859374,2.082645994029885,0.12870638226970604,33.70007189977272,1.0,1.0
murcko_framework,c1ccc2c(c1)Nc3ccccc3CC2,0,52,0.0,0.007176284037322197,2.3206818964343765,0.14322373735831748,37.60245727260023,1.0,1.0
murcko_framework,c1ccc(cc1)C=CCc2ccccc2,1,1029,0.03363605785401951,0.14200762066162578,0.23660415906412555,0.033286153817435354,1.6818262750777409,0.1408905354537379,1.0
murcko_framework,o1ccc2ccccc12,4,423,0.13454423141607805,0.05837631053437095,2.3065323552198564,0.8611222150960935,6.178091114607214,0.09954672281171434,1.0
murcko_framework,c1ccc(cc1)CNCCCc2ccccc2,0,67,0.0,0.009246365971165139,1.8049374412246448,0.11171974094470334,29.160461160996103,1.0,1.0
murcko_framework,C1CCCCC1,78,3657,2.623612512613522,0.5046859754709091,5.311625231474594,4.231983210746729,6.666700030376375,1.6407286374340726e-30,6.129293409842999e-28
murcko_framework,c1ccc2c(c1)CCC3CCCCC23,0,1059,0.0,0.14614778452931168,0.1148338560541032,0.007176349376184143,1.837537974393643,0.02622161077268772,1.0
murcko_framework,O1CC=CCC(OC2OCCCC2)CCCCC=CC3OC3C(C1)COC4OCCCC4,0,63,0.0,0.008694344122140355,1.9186448801685227,0.11868138567924466,31.017485641311175,1.0,1.0
murcko_framework,O1C=CC2CC3OC3C2C1OC4OCCCC4,0,120,0.0,0.01656065547074353,1.0109905827897465,0.06285937352374135,16.260135938254525,1.0,1.0
murcko_framework,O1C2C=CC13C(NCC3C2CNc4ccccc4)CNC5CCCCC5,0,1136,0.0,0.15677420512303877,0.10704225497984803,0.006689722662123836,1.7127831645464862,0.01760880111699568,0.8860228160211722
murcko_framework,O1Cc2ccccc2C=CCCCCCCCC1,0,78,0.0,0.010764426055983297,1.5519927084147764,0.09620109164695093,25.0379837248861,1.0,1.0
murcko_framework,c1ccc(cc1)NCNC2CNCC2,0,46,0.0,0.006348251263785021,2.620146418814221,0.1614317970913098,42.52673500340135,1.0,1.0
murcko_framework,c1ccc(cc1)C=CC=Cc2ccccc2,0,68,0.0,0.009384371433421334,1.7785855347540747,0.1101050821593759,28.730431351547423,1.0,1.0
murcko_framework,C1CCC2C(C1)CCC3C4CCCC4CCC23,1,5627,0.03363605785401951,0.7765567361156155,0.042992460165501796,0.00605300944666356,0.30536077093041325,5.441649712740174e-09,1.0164224284868254e-06
murcko_framework,c1ccc2c(c1)-c3cccc4c3C(NCC4)C2,0,355,0.0,0.048991939100949615,0.3425734163261648,0.021380856557694523,5.488860806708216,0.412198087079982,1.0
murcko_framework,O1CCCCC1OC2c3cc4c(cc3CCC2)Cc5ccccc5C4,0,350,0.0,0.04830191178966863,0.3474627396975711,0.021685408830766684,5.567354363495006,0.41200540260567825,1.0
murcko_framework,O1c2ccccc2C=C(C1)Cc3ccccc3,0,204,0.0,0.028153114300264005,0.5956490975910683,0.03712252505136403,9.557481528267362,1.0,1.0
murcko_framework,O1C(=CCc2cccc(c12)Cc3ccccc3)c4ccccc4,0,122,0.0,0.016836666395255925,0.9944818687522091,0.061838720586447474,15.993121751190193,1.0,1.0
murcko_framework,O1CCC2CCC=C3CCCC3C12,0,65,0.0,0.008970355046652747,1.8600551692623262,0.11509540255612229,30.060325224653926,1.0,1.0
murcko_framework,O1CCCCC1OC2CCCCC2,0,602,0.0,0.08307928827823005,0.2020635949504161,0.012621365389636905,3.2349666730835693,0.18795996105497265,1.0
murcko_framework,C1=CCCC1,17,998,0.5718129835183317,0.1377294513316837,4.1698373065481436,2.578287295566806,6.743834635099588,1.6472042182678324e-06,0.00021671677342200276
murcko_framework,C1=CC2CCCCC2CC1,9,2013,0.30272452068617556,0.2778049955217228,1.089973874270682,0.5657406998966937,2.0999780408402313,0.7256463982004956,1.0
murcko_framework,n1cnc2c(ncn2C3OCCC3)c1,0,897,0.0,0.1237908996438079,0.13559187867949618,0.008472587267367144,2.1699578869664924,0.05859643396077775,1.0
murcko_framework,O(c1ccc2C=CCOc2c1)CCNCc3ccccc3,0,54,0.0,0.007452294961834589,2.235513087317173,0.13803396711316637,36.204992641189335,1.0,1.0
murcko_framework,O1CC=CC=CCCCCC=CC=CCC1CCCC2OCCCC2,0,136,0.0,0.01876874286684267,0.8924664820074271,0.05552735692547626,14.344216357636066,1.0,1.0
murcko_framework,O(Cc1ccccc1)C2C3CCC4C5CC6C7CNC5C6(CCC7)C(C3)C24,0,435,0.0,0.0600323760814453,0.27961285268242997,0.01745757698970133,4.47847644786723,0.4315743603275847,1.0
murcko_framework,O1C=C(c2ccc3OCCOc3c2)Cc4ccccc14,0,138,0.0,0.019044753791355062,0.8795764511912993,0.05472937109515349,14.136006279794264,1.0,1.0
murcko_framework,C12=C(CCCC1)C3CCCCC3CC2,0,198,0.0,0.027325081526726826,0.6136586869996472,0.03824102144933486,9.847461439518659,1.0,1.0
murcko_framework,O1CCCCC1OC2CCCC(OC3OCCCC3)C2,0,314,0.0,0.04333371514844558,0.38725514701538205,0.024163418286613086,6.206346598444187,0.6437734804913884,1.0
murcko_framework,[N]1C=NC=C1,2,174,0.06727211570803902,0.02401295043257812,2.802705850036947,0.6950813779559356,11.30106535860798,0.16227742812054885,1.0
murcko_framework,O1CC=CC1,9,1109,0.30272452068617556,0.15304805764212148,1.9809398991687446,1.0269705825920983,3.8210664946352173,0.053278103930624994,1.0
murcko_framework,c1ccc(cc1)CNCCC2CCCC3CCCCC23,0,40,0.0,0.005520218490247844,3.0083411700473524,0.18494277520581456,48.93468579851472,1.0,1.0
murcko_framework,c1ccc2[nH]ccc2c1,7,1828,0.23545240497813658,0.25227398500432646,0.9331628256638695,0.44385164116108156,1.9619007308907335,1.0,1.0
murcko_framework,O1CC=C(C1)CCCCCCCCCCCCCC2OC(CC2)C3OCCC3,0,202,0.0,0.02787710337575161,0.6015337124019373,0.03748801779489242,9.65222565609634,1.0,1.0
murcko_framework,c1ccc(cc1)N2CC3C4c5ccccc5C(c6ccccc64)C3C2,0,1538,0.0,0.2122524009500296,0.07902887596802849,0.004939782647250009,1.2643396851169062,0.003919989785420915,0.2440660306875165
murcko_framework,O1c2ccccc2C(=CC1)c3ccccc3,0,467,0.0,0.06444855087364358,0.26046206733453886,0.016263671343856655,4.171289931151219,0.2739364705754934,1.0
murcko_framework,O1C2=C(Cc3ccccc3C2)CCC1,0,36,0.0,0.004968196641223059,3.338040821779601,0.20482969417506067,54.398931623380356,1.0,1.0
murcko_framework,O1CCCCC1CNCC2NCCC2,0,67,0.0,0.009246365971165139,1.8049374412246448,0.11171974094470334,29.160461160996103,1.0,1.0
murcko_framework,O1C=C(c2ccccc2)Cc3cc4C=CCOc4cc13,0,79,0.0,0.010902431518239492,1.532468672434598,0.09500139786223145,24.72027027853985,1.0,1.0
murcko_framework,c1ccc2ccccc2c1,9,554,0.30272452068617556,0.07645502608993264,3.9684974203072247,2.051956270689389,7.675101073033089,0.0006159106607812893,0.046017325084087755
murcko_framework,O1CC=C(C1)C2CCC3C2CCC4C5CCC(OC6OCCCC6)CC5CCC34,0,875,0.0,0.12075477947417158,0.13900332433929752,0.008685586235167412,2.224596435315171,0.057120285668248824,1.0
murcko_framework,O1CCCCC1OCC23CCCCC3C4=CCC5C(CCC6CCCCC65)C4CC2,0,444,0.0,0.06127442524175107,0.2739479954445748,0.017104443356994653,4.387602837563905,0.27282112918836854,1.0
murcko_framework,c1ccc(cc1)NCCc2c[nH]c3ccccc32,0,56,0.0,0.0077283058863469815,2.1563739284029575,0.13320710839678127,34.90766052247975,1.0,1.0
murcko_framework,O1CCC2CCC3CC=CCC3C12,0,81,0.0,0.011178442442751884,1.49485795281634,0.09268958053727773,24.10843037745274,1.0,1.0
murcko_framework,n1cccc2ccccc12,4,460,0.13454423141607805,0.06348251263785021,2.1208985604873547,0.7921112120358849,5.678761562175125,0.12416272056125828,1.0
murcko_framework,O1c2ccccc2CC=C1c3ccccc3,0,2316,0.0,0.31962065058535016,0.05243043531771457,0.003277714932224319,0.8386789591062949,0.00012389442306473948,0.012460919858242067
murcko_framework,N1CCCCC1,2,881,0.06727211570803902,0.12158281224770877,0.5530021383399345,0.13802268422538655,2.215660177345632,0.5954728071615087,1.0
murcko_framework,o1cc(-c2ccccc2)c3cc4C=CCOc4cc13,0,383,0.0,0.05285609204412311,0.31754926009827356,0.019821855537736542,5.087189360097398,0.41571137622050325,1.0
murcko_framework,n1nc(n(n1)-c2ccccc2)C3NCCc4cc5OCOc5cc43,0,155,0.0,0.021390846649710395,0.7833985846034397,0.04877157413825427,12.58342288930352,1.0,1.0
murcko_framework,C1=C2CCC3C(CCC4CCCC43)C2CCC1,5,2419,0.16818028927009754,0.33383521319773835,0.5029464069824581,0.20899606084011585,1.2103342392184016,0.14788679458345427,1.0
murcko_framework,O1CCN2C(C1)CN(Cc3ccccc3)CC24CNC4,0,57,0.0,0.007866311348603178,2.1188688487436123,0.13091807998588428,34.293240465030934,1.0,1.0
murcko_framework,O1CC=CCC1CC2CCC3C2CCC4C5CC=CCC5C6OC6C43,0,67,0.0,0.009246365971165139,1.8049374412246448,0.11171974094470334,29.160461160996103,1.0,1.0
murcko_framework,O1CC2=CCCC3CCCCC23C1,0,403,0.0,0.055616201289247026,0.30180118514869786,0.0188405254456426,4.834470016239611,0.42051087672234766,1.0
murcko_framework,O1Cc2ccccc2C1N3CCCC3CNc4ccccc4,0,189,0.0,0.026083032366421063,0.6428114128628745,0.04005108360224287,10.316987091046524,1.0,1.0
murcko_framework,C1CCC2C(C1)CCC3C2CCC4C5CCCC5CCC43,0,1676,0.0,0.23129715474138465,0.07250982445542044,0.0045324705030819635,1.1600019545589555,0.0017628763968982534,0.11820312250997264
murcko_framework,O1CCC(c2ccccc2)CC1,0,95,0.0,0.013110518914338629,1.2756918222659672,0.07919841770447848,20.548259328471907,1.0,1.0
murcko_framework,O1c2ccccc2CCC1c3ccccc3,0,2201,0.0,0.3037500224258876,0.05517803356555471,0.0034494285228593453,0.8826434199128438,0.0002826369507916514,0.02384179439742479
murcko_framework,O1CC=C(C1)C2CCC3C2CCC4C5CCC(OC6OCC(OC7OCCCC7)CC6)CC5CCC34,0,381,0.0,0.05258008111961071,0.3192148821800963,0.019925637316309593,5.113921295849685,0.4153311360632945,1.0
murcko_framework,N=1c2ccccc2CN3c4ccccc4C5(NCC6CN(c7ccccc7)CC65)C13,0,115,0.0,0.015870628159462552,1.0547636881923077,0.06556472292137619,16.968369396804402,1.0,1.0
murcko_framework,O1CC(CN2CCN(c3ccccc3)CC2)C4C=C5CCCCC5CC14,0,48,0.0,0.006624262188297413,2.5120922097080918,0.15486902514913442,40.748027334705235,1.0,1.0
murcko_framework,C1=C2CCCCC2C3CCC4CCCC4C3C1,1,3587,0.03363605785401951,0.4950255931129754,0.06763450789282818,0.009521478410949498,0.480432393003648,1.618188682257904e-05,0.0017631514183768411
murcko_framework,O1c2ccccc2CC3=C1COc4ccccc43,0,39,0.0,0.005382213027991648,3.084505963010815,0.1895435270182853,50.195209435621834,1.0,1.0
murcko_framework,O1CCCCCCC1,0,47,0.0,0.006486256726041217,2.564981901533723,0.15808233649692185,41.61838887878318,1.0,1.0
murcko_framework,c1ccc(cc1)CNCCc2c[nH]c3ccccc32,0,174,0.0,0.02401295043257812,0.6980818625653636,0.043481120983559246,11.207583333166324,1.0,1.0
murcko_framework,O1c2ccccc2CC=C1c3ccc(OC4OCCCC4)cc3,0,235,0.0,0.03243128363020609,0.5172188014653144,0.03224889238074845,8.295332609591094,1.0,1.0
murcko_framework,O1CCCCCCCCC(OC2OCCCC2)CC(OC3OCCCC3)CC1,0,125,0.0,0.01725068278202451,0.9707053742320109,0.06036839965124787,15.608645069381609,1.0,1.0
murcko_framework,c1ccc2c(c1)CC2,0,132,0.0,0.018216721017817884,0.9194139426569921,0.05719522119496454,14.77959137653439,1.0,1.0
murcko_framework,O1CC2CCC3C4CCCCC4CCC53COC1C25,0,52,0.0,0.007176284037322197,2.3206818964343765,0.14322373735831748,37.60245727260023,1.0,1.0
murcko_framework,c1ccc2c(c1)[nH]c3c2CCCC3,0,74,0.0,0.01021240420695851,1.6353302042764781,0.10131893891042468,26.39491595330741,1.0,1.0
murcko_framework,c1ccc2[nH]c(cc2c1)CNCC3CCCN4CCCCC43,0,32,0.0,0.004416174792198275,3.7488973108613264,0.2295077850906168,61.23640225029506,1.0,1.0
murcko_framework,N1=CNCC1,0,39,0.0,0.005382213027991648,3.084505963010815,0.1895435270182853,50.195209435621834,1.0,1.0
murcko_framework,O1c2ccccc2CC(OC3OCCCC3)C1c4ccccc4,0,262,0.0,0.03615743111112338,0.4640018576793421,0.028939532860178845,7.439571501381518,0.6322345676812371,1.0
murcko_framework,c1cc-2cc(c1)CCCCCCCc3cccc2c3,0,59,0.0,0.00814232227311557,2.0476407142645185,0.12656816179765026,33.12707109878833,1.0,1.0
murcko_framework,O1CCCC1,43,2183,1.4463504877228388,0.3012659241052761,4.85669093632303,3.583583621356089,6.582083563055348,2.5406706287307766e-16,6.64385369413098e-14
murcko_framework,O1CCC2Cc3ccccc3CC2C1,0,103,0.0,0.014214562612388197,1.1770746261867104,0.07311688413790303,18.949175583021777,1.0,1.0
murcko_framework,O1c2cc(OC3OCCCC3)ccc2CC=C1c4ccccc4,0,1122,0.0,0.15484212865145203,0.1083794003676874,0.006773237531919042,1.7341920121220802,0.01749899211235061,0.8860228160211722
murcko_framework,o1cccc1CCCCCCCCCCCOCCOCCCCCCCCCCCCCc2occc2,0,48,0.0,0.006624262188297413,2.5120922097080918,0.15486902514913442,40.748027334705235,1.0,1.0
murcko_framework,O1c2ccccc2CC1,2,527,0.06727211570803902,0.07272887860901535,0.9249206593528716,0.2306057174509606,3.709700850238773,1.0,1.0
murcko_framework,O1CC2=CCN3CCC(OCCCCCC1)C23,0,204,0.0,0.028153114300264005,0.5956490975910683,0.03712252505136403,9.557481528267362,1.0,1.0
murcko_framework,O1C2C=CC13C(N(CCC4=CCCCC4)CC3C2CNc5ccccc5)CNC6CCCCC6,0,92,0.0,0.012696502527570042,1.3170710646748987,0.08174816606014731,21.219756638057902,1.0,1.0
murcko_framework,N1=C2C=CC1=CC3=NC=4C(=C3)CCC4C5=NC(=CC6=NC(C=C6)=C2)CC5,0,93,0.0,0.012834507989826237,1.3029829447103605,0.08088020460124351,20.991101130077748,1.0,1.0
murcko_framework,C1CCC2C(C1)CCC3CCCC32,0,367,0.0,0.05064800464802397,0.3313818549111254,0.020683678872647125,5.309207053565322,0.4132137212622965,1.0
murcko_framework,O1CCCC2Cc3ccccc3CC12,0,30,0.0,0.004140163867685883,3.9947376690823586,0.24421917283070577,65.3426545500901,1.0,1.0
murcko_framework,n1c2ccccc2cc3c1CCCC3,0,85,0.0,0.011730464291776668,1.4249152110701055,0.08838778196588214,22.97131247758538,1.0,1.0
murcko_framework,O1CC2CCC1CC2,0,63,0.0,0.008694344122140355,1.9186448801685227,0.11868138567924466,31.017485641311175,1.0,1.0
murcko_framework,c1ccc(cc1)CC=CCCCCc2ccccc2,0,40,0.0,0.005520218490247844,3.0083411700473524,0.18494277520581456,48.93468579851472,1.0,1.0
murcko_framework,O1C2N3CCC4CC3C15Nc6ccccc6C5(C2)C4,0,62,0.0,0.008556338659884158,1.9493458886833697,0.120559487313188,31.519289592326263,1.0,1.0
murcko_framework,N1=C[N]c2ccccc12,0,31,0.0,0.004278169329942079,3.867915262063572,0.2366350976839967,63.222947994312236,1.0,1.0
murcko_framework,O1CCCCC1OC2CCC3C(CCC4C5C(=CCC43)C6CCCCC6CC5)C2,0,646,0.0,0.08915152861750268,0.18829994937233002,0.011762576098875368,3.0143797273296387,0.12247623148826718,1.0
murcko_framework,c1ccc2c(c1)NCC2,0,276,0.0,0.038089507582710125,0.4404995787077594,0.027477377753645258,7.061804826553053,0.6341670935911616,1.0
murcko_framework,C1CC2CC2C1,5,130,0.16818028927009754,0.017940710093305494,9.388334542815675,3.8401868439505447,22.952223178066063,0.000253538350100078,0.023395171309672568
murcko_framework,O1CCCCC1OC2CCCOC2OC3CC4=CCC5C(CCC6C7CC8(OCCCC8)OC7CC56)C4CC3,0,90,0.0,0.01242049160305765,1.3461813236071487,0.08354119299592762,21.692342316885934,1.0,1.0
murcko_framework,O1CCCCC1OCC23CCCCC3C4=CCC5C(CCC6CC(OC7OCCC(OC8OCCCC8)C7OC9OCCCC9)CCC65)C4CC2,0,127,0.0,0.017526693706536905,0.9554759855850866,0.059426416582095035,15.362433266838712,1.0,1.0
murcko_framework,O1CCC2CC3C=CCCC3CCCC=CC12,0,62,0.0,0.008556338659884158,1.9493458886833697,0.120559487313188,31.519289592326263,1.0,1.0
murcko_framework,C1CCC2C(C1)CC34CCC(CCC23)C4,0,130,0.0,0.017940710093305494,0.9335071548357876,0.05806729152365025,15.007340367764186,1.0,1.0
murcko_framework,n1cnc(c(Oc2ccccc2)c1)-c3ccc(OCc4ccccc4)cc3,0,82,0.0,0.011316447905008081,1.4767364242729972,0.09157535195948578,23.813727385283677,1.0,1.0
murcko_framework,O1C=C(Oc2ccccc2)Cc3ccc(OCc4ccccc4)cc13,0,207,0.0,0.028567130687032594,0.5870348722956396,0.03658745240783194,9.418801217692605,1.0,1.0
murcko_framework,N12CC3CCCC45C1C6CC7CCC6(CC2C34)C5C7,0,205,0.0,0.0282911197625202,0.5927497435784138,0.03694243751562624,9.510803350852449,1.0,1.0
murcko_framework,O1c2ccc(cc2OCC1)N3CCCC3,0,32,0.0,0.004416174792198275,3.7488973108613264,0.2295077850906168,61.23640225029506,1.0,1.0
murcko_framework,c1ccc(cc1)N2CCCC2,0,85,0.0,0.011730464291776668,1.4249152110701055,0.08838778196588214,22.97131247758538,1.0,1.0
murcko_framework,c1ccc2c(c1)Cc3ccccc3C2,0,1142,0.0,0.15760223789657596,0.10647922439609696,0.006654556752410202,1.7037686580534381,0.01767961103049271,0.8860228160211722
murcko_framework,c1ccc(cc1)CCn2ccccc2,0,177,0.0,0.02442696681934671,0.6862804538683251,0.042748916540671145,11.017375397423816,1.0,1.0
murcko_framework,s1cccc1,28,192,0.9418096199125463,0.026497048753189652,35.87237549518959,24.090836354095764,53.415635088530244,1.146795883670958e-32,4.998118726332592e-30
murcko_framework,n1ccccc1,32,916,1.0763538513286244,0.12641300342667564,8.596345300368677,6.031559859355855,12.251748178963197,3.4427385455281654e-19,1.0003068107284614e-16
murcko_framework,O1C=CC2CCCC2C1OC3OCCCC3,0,761,0.0,0.10502215677696523,0.15983792486950554,0.009986247903760953,2.5583344688416876,0.08318668329573799,1.0
murcko_framework,c1ccc(cc1)NCN2CCC3(Nc4ccccc4-n5cccc53)CC2,0,143,0.0,0.019734781102636042,0.8489233291285566,0.05283125200090563,13.640994514503607,1.0,1.0
murcko_framework,O1c2ccc3c(OCC=C3c4ccccc4)c2CN(c5ccccc5)C1,0,69,0.0,0.009522376895677531,1.7529919565272618,0.10853642524166467,28.312898575819585,1.0,1.0
murcko_framework,C1CC2CCC1C2,28,599,0.9418096199125463,0.08266527189146146,11.491863915807613,7.853494676749762,16.815817886833592,4.145903978301246e-20,1.3551923629072198e-17
murcko_framework,O1CCCC(OC2OCCC(OC3OCCC(OC4OCCCC4)C3)C2)C1,0,31,0.0,0.004278169329942079,3.867915262063572,0.2366350976839967,63.222947994312236,1.0,1.0
murcko_framework,O1CCCCC1,21,5275,0.7063572149344097,0.7279788134014344,0.970087851115478,0.6310058501819976,1.4913814802357506,1.0,1.0
murcko_framework,c1ccc(cc1)C=Cc2ccccc2,0,449,0.0,0.06196445255303205,0.270898872558546,0.016914358920477945,4.338692320442828,0.2728677542733704,1.0
murcko_framework,S1CN2C(C1)CC(CNc3ccccc3)C42c5ccccc5NC4,0,64,0.0,0.00883234958439655,1.88889584090995,0.11686089430381194,30.531406755549067,1.0,1.0
murcko_framework,O1C(=CCc2cc(cc(c12)C3OCCCC3)C4OCCCC4)c5ccccc5,0,288,0.0,0.039745573129784474,0.42217024502108313,0.026336777545368437,6.767255996833384,0.6365652728037796,1.0
murcko_framework,c1ccc(cc1)-n2ccc3NCCC(c4ccccc4)c32,0,148,0.0,0.02042480841391702,0.8203343903697022,0.05106035598972555,13.179471607261076,1.0,1.0
murcko_framework,c1ccc(cc1)C2CCNCC2,0,113,0.0,0.01559461723495016,1.0733527955086377,0.06671319530182218,17.269240641434838,1.0,1.0
murcko_framework,O1c2cc(OCCc3ccccc3)ccc2C=CC1,0,111,0.0,0.015318606310437768,1.0926087766300376,0.06790261254010821,17.58097213216717,1.0,1.0
murcko_framework,O1c2ccccc2CCC1,4,835,0.13454423141607805,0.11523456098392375,1.1677941523487212,0.4369786822664248,3.120846022022643,0.5910156649171695,1.0
murcko_framework,S1CCN2Cc3ccccc3C12,0,316,0.0,0.04360972607295797,0.3848069745096961,0.02401099457341926,6.167025159183952,0.6444285395186266,1.0
murcko_framework,O(CC=Cc1ccccc1)CCc2ccccc2,1,78,0.03363605785401951,0.010764426055983297,3.125457259205577,0.43464042051016877,22.47486109933094,0.27637613287623913,1.0
murcko_framework,O1CCCCC1OC2CCC3C(CCC4C5CCCC5CCC34)C2,0,280,0.0,0.038641529431734906,0.4342155468971758,0.027086360971218644,6.960814757196625,0.6348943902177772,1.0
murcko_framework,c1ccc(cc1)C(c2ccccc2)c3ccccc3,0,67,0.0,0.009246365971165139,1.8049374412246448,0.11171974094470334,29.160461160996103,1.0,1.0
murcko_framework,O1c2ccccc2C=C(c3ccccc3)C1,0,669,0.0,0.09232565424939519,0.18182531706197877,0.011358541804594205,2.910624135865496,0.12354194809211982,1.0
murcko_framework,N1CCCCCC1,0,65,0.0,0.008970355046652747,1.8600551692623262,0.11509540255612229,30.060325224653926,1.0,1.0
murcko_framework,c1ccc(cc1)NCC2CCNC32c4ccccc4NC3,0,55,0.0,0.007590300424090785,2.195230542464442,0.13557759518745932,35.54449485481419,1.0,1.0
murcko_framework,C1=C2CCCC2C3CC3CC1,0,33,0.0,0.004554180254454471,3.6369849089845876,0.22279718329341747,59.370854840481435,1.0,1.0
murcko_framework,O1CCCC1C2CCC3C2CCC4C5CCCCC5CCC43,0,291,0.0,0.04015958951655307,0.4178237092025874,0.026066265861268475,6.697416994860376,0.6372629376283514,1.0
murcko_framework,O1CCCCCCCCC1,0,55,0.0,0.007590300424090785,2.195230542464442,0.13557759518745932,35.54449485481419,1.0,1.0
murcko_framework,c1ccc2c(c1)NC3=CC4CCN5CCC32C5C4,0,261,0.0,0.03601942564886718,0.46577688639708115,0.029049947441496034,7.468106726825351,0.6321350721961863,1.0
murcko_framework,S1CC=CN2CCC12,0,108,0.0,0.014904589923669179,1.1228238069149996,0.06976843133372225,18.07025437256353,1.0,1.0
murcko_framework,c1ccc(cc1)C=Cc2cccc(C=Cc3ccccc3)c2,0,61,0.0,0.008418333197627963,1.9810453039791873,0.12249797770827836,32.03759416962826,1.0,1.0
murcko_framework,O1c2ccccc2C3Cc4ccccc4OC3C1,0,63,0.0,0.008694344122140355,1.9186448801685227,0.11868138567924466,31.017485641311175,1.0,1.0
murcko_framework,O1CCCCC1OC2CC3CCC45CCC(CCC4CC3C2)C5,0,36,0.0,0.004968196641223059,3.338040821779601,0.20482969417506067,54.398931623380356,1.0,1.0
murcko_framework,O1C(c2ccccc2)C3(Cc4ccccc4C3)C(c5ccccc5)C16Cc7ccccc7C6,0,36,0.0,0.004968196641223059,3.338040821779601,0.20482969417506067,54.398931623380356,1.0,1.0
murcko_framework,O1c2cc(OC3OCCCC3OC4OCCCC4)ccc2CC=C1c5ccccc5,0,310,0.0,0.04278169329942079,0.3922461073892925,0.024474143340512833,6.286512529628277,0.6425034644015661,1.0
murcko_framework,O1c2ccccc2CC(OC3OC(COC4OCCCC4)CCC3OC5OCCCC5)=C1c6ccccc6,0,141,0.0,0.01945877017812365,0.8609246221481746,0.05357448132522722,13.834780789038899,1.0,1.0
murcko_framework,N(=CC1=Cc2ccccc2OC1)c3ccccc3,0,32,0.0,0.004416174792198275,3.7488973108613264,0.2295077850906168,61.23640225029506,1.0,1.0
murcko_framework,c1ccc2NCC=Cc2c1,0,225,0.0,0.03105122900764412,0.54016279053293,0.03367507411341859,8.664445378608901,1.0,1.0
murcko_framework,O(Cc1ccccc1)CC2=CCCC(OCc3ccccc3)C2,0,33,0.0,0.004554180254454471,3.6369849089845876,0.22279718329341747,59.370854840481435,1.0,1.0
murcko_framework,O1CCCCC1OC2CCCOC2OC3CCOC(OC4CCC5C(CCC6C5CCC78OCC9(CCCCC79)CCC68)C4)C3OC%10OCCCC%10,0,50,0.0,0.006900273112809805,2.4125967498380914,0.14881894394266065,39.1121111541551,1.0,1.0
murcko_framework,C1CC2CCC3C(CCC4C5CCCC5CCC43)C2C1,0,50,0.0,0.006900273112809805,2.4125967498380914,0.14881894394266065,39.1121111541551,1.0,1.0
murcko_framework,O1CCCCC1CCC2CC=CC3=CCCCC32,0,37,0.0,0.005106202103479255,3.249021915811894,0.19946756836778803,52.921602723717264,1.0,1.0
murcko_framework,n1cnc(-c2ccc(OCc3ccccc3)cc2)c(c1)-c4ccccc4,0,127,0.0,0.017526693706536905,0.9554759855850866,0.059426416582095035,15.362433266838712,1.0,1.0
murcko_framework,O1CCCCNCCN2CCCC2CNC(COCC(NCCNCC3NCCC3)CNCCCC1)Cc4ccccc4,0,37,0.0,0.005106202103479255,3.249021915811894,0.19946756836778803,52.921602723717264,1.0,1.0
murcko_framework,O1CCCCC1OCC2OC(OCC34CCCCC4C5=CCC6C(CCC7CC(OC8OCCCC8OC9OCCCC9)CCC76)C5CC3)CCC2,0,80,0.0,0.011040436980495689,1.5134297056713182,0.09383125363968882,24.410517659752845,1.0,1.0
murcko_framework,c1ccc2c(c1)C3=CC=CCC=C3CCC2,0,356,0.0,0.04912994456320581,0.3416120094023623,0.021320969251639846,5.473426821763466,0.4122532192964776,1.0
murcko_framework,O1C=CCCC1OC2OCCCC2,0,146,0.0,0.02014879748940463,0.8315357902656629,0.05175427735582443,13.360282585704475,1.0,1.0
murcko_framework,O1CC2CC=CC(C2)C1c3ccccc3,0,144,0.0,0.019872786564892237,0.843047263515145,0.05246731553229439,13.546122596703292,1.0,1.0
murcko_framework,O1CC23CCCCC3CC1C45CCC(CCC24)C5,0,611,0.0,0.08432133743853581,0.19908716694937195,0.012435661123636485,3.187261187794146,0.18973284430787096,1.0
murcko_framework,C1CC2CCC34CC4CCCC3C2C1,0,92,0.0,0.012696502527570042,1.3170710646748987,0.08174816606014731,21.219756638057902,1.0,1.0
murcko_framework,c1ccc(cc1)C2C=CCCC2,0,56,0.0,0.0077283058863469815,2.1563739284029575,0.13320710839678127,34.90766052247975,1.0,1.0
murcko_framework,O1CC=C(C2=CC=C3C2CCC4C3CCC5CCCCC54)C1,0,30,0.0,0.004140163867685883,3.9947376690823586,0.24421917283070577,65.3426545500901,1.0,1.0
murcko_framework,O1CC=C2C1CCC3CCCC23,0,40,0.0,0.005520218490247844,3.0083411700473524,0.18494277520581456,48.93468579851472,1.0,1.0
murcko_framework,o1ccc(c1)CCC2CCCC3CCCCC23,0,311,0.0,0.042919698761676985,0.3909863505372902,0.024395715606854277,6.266277602593383,0.6428158733661669,1.0
murcko_framework,O1CC=C(C=CC2CCCC3CCCCC23)C1,0,76,0.0,0.010488415131470903,1.5925720773147554,0.09869372105014385,25.698553002718498,1.0,1.0
murcko_framework,C1=C2C3CCCCC3CCC2C4CCC5CCCCC5C4C1,0,3414,0.0,0.4711506481426535,0.035516319375354065,0.002220534050096929,0.5680655704951197,1.3369001252499207e-06,0.00019422187930714124
murcko_framework,C1=CC2C(=CC1)CCC3C2CCC4CCCC43,0,439,0.0,0.06058439793047009,0.27706649541560996,0.017298845991084742,4.437627973649274,0.4332171333427815,1.0
murcko_framework,O1CCCCC1OC2CCCOC2OC3CCC4C(CCC5C6C(=CCC54)C7CCCCC7CC6)C3,1,486,0.03363605785401951,0.06707065465651131,0.5013341253620901,0.07045418919136567,3.567366371499931,1.0,1.0
murcko_framework,O1c2cc(OC3OCCCC3)c(cc2CC=C1c4ccccc4)C5OCCCC5OC6OCCCC6,0,32,0.0,0.004416174792198275,3.7488973108613264,0.2295077850906168,61.23640225029506,1.0,1.0
murcko_framework,O1c2ccccc2CC(OC3OCCCC3)=C1c4ccc(OC5OCCCC5)cc4,0,76,0.0,0.010488415131470903,1.5925720773147554,0.09869372105014385,25.698553002718498,1.0,1.0
murcko_framework,C1CC2CCC34CCC(CCC3CC2C1)C4,0,177,0.0,0.02442696681934671,0.6862804538683251,0.042748916540671145,11.017375397423816,1.0,1.0
murcko_framework,S(NCCN1CCCCC1)c2ccccc2,0,94,0.0,0.012972513452082434,1.289192986014913,0.08003047803554361,20.76732010087335,1.0,1.0
murcko_framework,N1=CNCc2[nH]c3ccccc3c12,0,42,0.0,0.0057962294147602365,2.866764260774093,0.1763801992734908,46.594444051559776,1.0,1.0
murcko_framework,C1=CCC2CCCCC2C1,0,903,0.0,0.12461893241734508,0.13469031787802027,0.008416295522142275,2.1555186224573575,0.059092831307002075,1.0
murcko_framework,N1CNCCC1,0,145,0.0,0.020010792027148436,0.8372519685630861,0.05210835780757368,13.45256093948287,1.0,1.0
murcko_framework,C1=CCC2=C(C1)CCC3CCCCC23,0,176,0.0,0.024288961357090515,0.6901696810970942,0.04299022989915735,11.080056790182491,1.0,1.0
murcko_framework,C1=C2C(CC1)CCC3C2CCC4CCCCC43,0,47,0.0,0.006486256726041217,2.564981901533723,0.15808233649692185,41.61838887878318,1.0,1.0
murcko_framework,n1csc2ccccc12,4,48,0.13454423141607805,0.006624262188297413,20.33684180981251,7.328712606823482,56.4338045419141,6.441133942592005e-05,0.006737426103951238
murcko_framework,O1CCCC1N2C=CCNC2,1,142,0.03363605785401951,0.019596775640379847,1.7166488161810702,0.2400737683915647,12.274906908152706,0.44321269396460283,1.0
murcko_framework,O1c2ccc(cc2CC3Oc4ccccc4C13)C5C=CCC(c6ccccc6)C5Cc7ccccc7,0,39,0.0,0.005382213027991648,3.084505963010815,0.1895435270182853,50.195209435621834,1.0,1.0
murcko_framework,O1CCC2CC3CCCCC3CC12,0,300,0.0,0.04140163867685883,0.40530481818459063,0.025287063476700348,6.496285968317566,0.6395748506817404,1.0
murcko_framework,c1ccc(cc1)NCNCC2N3CCC(CC3)C2,0,76,0.0,0.010488415131470903,1.5925720773147554,0.09869372105014385,25.698553002718498,1.0,1.0
murcko_framework,C1CCC2C(C1)CCC34CCC(CC3)CC24,0,123,0.0,0.01697467185751212,0.9864280224302526,0.06134072117258487,15.862875832482752,1.0,1.0
murcko_framework,c1ccc2c(c1)CCN3C4=C(CCCC4)CCC23,0,89,0.0,0.012282486140801453,1.3612243345078923,0.08446752464147154,21.93661643005823,1.0,1.0
murcko_framework,C1=CC2CCC3C4CCCCC4CCC3C2C1,1,158,0.03363605785401951,0.021804863036478984,1.5427768880862736,0.2159080464338482,11.023954714640151,0.4785269506886178,1.0
murcko_framework,O1CCC(OC2OCCCC2)CC1,0,182,0.0,0.02511699413062769,0.667473642748387,0.04158186710262715,10.714311184349228,1.0,1.0
murcko_framework,c1ccc(cc1)N2CC3C4C=CC(CN4)C3C2,0,40,0.0,0.005520218490247844,3.0083411700473524,0.18494277520581456,48.93468579851472,1.0,1.0
murcko_framework,O1C=CC2(C=C1)c3ccccc3NC2,0,42,0.0,0.0057962294147602365,2.866764260774093,0.1763801992734908,46.594444051559776,1.0,1.0
murcko_framework,O1c2cc3c(cc2OC1)C4N(Cc5ccccc5C4)CC3,0,45,0.0,0.006210245801528825,2.6777357500411143,0.16492624657996455,43.47560740474222,1.0,1.0
murcko_framework,c1ccc(cc1)C2=C(c3ccccc3)C4CC2C5CN(c6ccccc6)CC45,0,70,0.0,0.009660382357933726,1.728124437257238,0.10701183196410949,27.90732590810382,1.0,1.0
murcko_framework,c1ccc2c(c1)NCC23N4CC5CN3CC(C4)C5,0,76,0.0,0.010488415131470903,1.5925720773147554,0.09869372105014385,25.698553002718498,1.0,1.0
murcko_framework,O1CCCCC1OCC2OC(OCC34CCCCC4C5=CCC6C(CCC7CC(OC8OCCC(OC9OCCCC9)C8OC%10OCCCC%10)CCC76)C5CC3)CCC2,0,30,0.0,0.004140163867685883,3.9947376690823586,0.24421917283070577,65.3426545500901,1.0,1.0
murcko_framework,O1c2ccccc2-c3c(-c4ccccc4)c5-c6ccccc6CCn5c3C1,0,49,0.0,0.006762267650553609,2.46133947512794,0.15178372761905926,39.91331684136583,1.0,1.0
murcko_framework,O1C=C(c2ccccc2)Cc3ccccc13,0,1070,0.0,0.14766584461412982,0.1136521446214094,0.0071025480186130314,1.8186163533418989,0.026527037397876117,1.0
murcko_framework,O1CC1c2ccccc2,2,153,0.06727211570803902,0.021114835725198004,3.187483363142183,0.7896494239644279,12.866532770073784,0.13273430230190592,1.0
murcko_framework,C1CCC2CCCCC2C1,11,3455,0.3699966363942146,0.47680887209515754,0.7751532924032438,0.428405594601024,1.4025555088354407,0.503013333306824,1.0
murcko_framework,c1ccc(cc1)CCCc2ccccc2,2,421,0.06727211570803902,0.05810029960985856,1.1579680378256638,0.28851959264819477,4.647483258652826,0.6929014260406051,1.0
murcko_framework,O1CCC2CCCCCCCCC12,0,118,0.0,0.01628464454623114,1.0280565529973273,0.06391427749530633,16.536215656014605,1.0,1.0
murcko_framework,O1C=C(C=CC1)C2CC3OC34C2CCC5C6CCCCC6CCC54,0,152,0.0,0.020976830262941806,0.7988130122089385,0.04972686883096919,12.832141726907134,1.0,1.0
murcko_framework,O1C=C(c2ccc3OCC=Cc3c2)Cc4ccccc14,0,34,0.0,0.004692185716710667,3.5315601825789646,0.21646778956224189,57.615580352157025,1.0,1.0
murcko_framework,O1C(=CCc2cccc(c12)C3OCCCC3)c4ccccc4,0,224,0.0,0.030913223545387926,0.542569609876103,0.0338246586957285,8.703170790553523,1.0,1.0
murcko_framework,O1c2ccccc2C3Oc4ccccc4C3C1,0,281,0.0,0.0387795348939911,0.43267244317104225,0.026990338811136053,6.9360167869533695,0.635087714009785,1.0
murcko_framework,O(c1ccccc1)C2OCCCC2,2,1249,0.06727211570803902,0.17236882235798892,0.38986962036812217,0.09735182180194367,1.5613300097785026,0.25954086974419754,1.0
murcko_framework,O1c2ccccc2Cc3ccccc13,0,1198,0.0,0.16533054378292292,0.10149611794744552,0.006343310785878769,1.623988214692947,0.019032853852499018,0.9216835708200913
murcko_framework,C1=CC2C(CCC3CCCC23)C4C1=CCCC4,0,145,0.0,0.020010792027148436,0.8372519685630861,0.05210835780757368,13.45256093948287,1.0,1.0
murcko_framework,O1CCCCC1OCC23CC4CCCC4C5CC3C=CC52,0,52,0.0,0.007176284037322197,2.3206818964343765,0.14322373735831748,37.60245727260023,1.0,1.0
murcko_framework,O1c2ccccc2CC(OC3OC(COC4OCCCC4)CCC3)=C1c5ccccc5,0,458,0.0,0.06320650171333782,0.26557803674368957,0.016582638535923823,4.253345657136296,0.27322893268300735,1.0
murcko_framework,O1CC(CN2CCN(c3ccccc3)CC2)C4CC5CCCCC5CC14,0,99,0.0,0.013662540763363413,1.2244009690287658,0.07603626007927378,19.716352847912173,1.0,1.0
murcko_framework,O(c1ccc-2c(OCc3ccccc23)c1)Cc4ccccc4,0,34,0.0,0.004692185716710667,3.5315601825789646,0.21646778956224189,57.615580352157025,1.0,1.0
murcko_framework,C1=CC2CC(C1)C2,12,134,0.4036326942482341,0.018492731942330278,21.910961907786298,12.125388471005778,39.59380376739711,1.5762679588884549e-12,3.7472188295393727e-10
murcko_framework,N1CCNCC1,1,260,0.03363605785401951,0.03588142018661099,0.93740164613314,0.13150592192968844,6.681994493319792,1.0,1.0
murcko_framework,c1ccc(cc1)N2CN3C(c4ccccc4)c5[nH]c6ccccc6c5CC3C2,0,244,0.0,0.03367333279051185,0.49817388293250225,0.031064791377651255,7.98901929258057,0.6313045423916313,1.0
murcko_framework,c1ccc(cc1)CCN2CC3CNC4(c5ccccc5NC4)C3C2,0,356,0.0,0.04912994456320581,0.3416120094023623,0.021320969251639846,5.473426821763466,0.4122532192964776,1.0
murcko_framework,c1ccc2c(c1)CCC3C2CCC4CCCC43,1,489,0.03363605785401951,0.06748467104327989,0.4982563916251751,0.07002252999385268,3.545422192216344,0.7286845981278536,1.0
murcko_framework,N=1[N]c2nc3c(oc4ccccc43)c(-c5ccccc5)c2C1,0,110,0.0,0.01518060084818157,1.1024981605996256,0.06851336588301764,17.74109589362392,1.0,1.0
murcko_framework,c1ccc(cc1)-c2cc3ccccn3c2,0,43,0.0,0.005934234877016433,2.800857768526196,0.17238946975498262,45.50628440741406,1.0,1.0
murcko_framework,C1CC1,4,327,0.13454423141607805,0.04512778615777612,2.984074993073173,1.112571112706271,8.003716313130253,0.04811573988073828,1.0
murcko_framework,S(NCC1N2CCC(CC2)C1)c3ccccc3,0,33,0.0,0.004554180254454471,3.6369849089845876,0.22279718329341747,59.370854840481435,1.0,1.0
murcko_framework,O(c1ccc2c(OC(c3ccccc3)CC2)c1)C4OCCCC4OC5OCCCC5,0,123,0.0,0.01697467185751212,0.9864280224302526,0.06134072117258487,15.862875832482752,1.0,1.0
murcko_framework,O1c2cc3OCN(c4ccccc4)Cc3cc2C=CC1,0,102,0.0,0.014076557150132002,1.188559921583746,0.07382551120534558,19.135318728316115,1.0,1.0
murcko_framework,O1C=C(C=CC1)C2CCC3C2CCC4C5CCCCC5CCC34,0,223,0.0,0.03077521808313173,0.5449979667525483,0.03397557769329458,8.742243809530049,1.0,1.0
murcko_framework,C1=CC2C3CCCCC3CCC2C4CCC5CCCCC5C14,0,30,0.0,0.004140163867685883,3.9947376690823586,0.24421917283070577,65.3426545500901,1.0,1.0
murcko_framework,O1c2ccccc2CC(OC3OCCCC3)=C1c4ccccc4,0,1084,0.0,0.14959792108571657,0.11218281852382382,0.007010782895197795,1.7950897867012223,0.027015046233378026,1.0
murcko_framework,o1ccc2cc3C=C(COc3cc12)CCCNCc4ccccc4,0,38,0.0,0.005244207565735451,3.164627368595756,0.1943789821515663,51.52237279571842,1.0,1.0
murcko_framework,O1CCC2(OCCC2CNc3ccccc3)CC1,0,40,0.0,0.005520218490247844,3.0083411700473524,0.18494277520581456,48.93468579851472,1.0,1.0
murcko_framework,C1=C2CCCCCCCC3CCC(CC2)C13,0,38,0.0,0.005244207565735451,3.164627368595756,0.1943789821515663,51.52237279571842,1.0,1.0
murcko_framework,O(Cc1ccccc1)C2CC3COC4(CCCCC24)C3,0,184,0.0,0.025393005055140083,0.6602363333201181,0.04113269213751242,10.59770205117327,1.0,1.0
murcko_framework,O1c2ccc3C=CCOc3c2CN(c4ccccc4)C1,0,138,0.0,0.019044753791355062,0.8795764511912993,0.05472937109515349,14.136006279794264,1.0,1.0
murcko_framework,O1CCC2C1CCC3=CCCCC32,0,38,0.0,0.005244207565735451,3.164627368595756,0.1943789821515663,51.52237279571842,1.0,1.0
murcko_framework,O1c2cccc3c2C45CCNC(C3)C5C=CCC14,0,140,0.0,0.019320764715867453,0.867053396341467,0.05395399169775236,13.93375297084073,1.0,1.0
murcko_framework,O1c2ccccc2CC(OC3OCC(OC4OCCCC4)CC3)=C1c5ccccc5,0,144,0.0,0.019872786564892237,0.843047263515145,0.05246731553229439,13.546122596703292,1.0,1.0
murcko_framework,O1C=CC2=CCCCC2=C1,0,135,0.0,0.018630737404586473,0.8990541914835661,0.05593513847084703,14.450638030429623,1.0,1.0
murcko_framework,C1=C2CC3CCC4CCCCC4C3CCC2C5CCCCC5C1,0,216,0.0,0.029809179847338357,0.5626245849111338,0.03507092255089778,9.025893832334399,1.0,1.0
murcko_framework,O(Cc1ccccc1)CC2CC=CCC2,1,37,0.03363605785401951,0.005106202103479255,6.589174638972755,0.903777583060947,48.03972043191721,0.14409448206286915,1.0
murcko_framework,C1=C2CCCCC2C3CCCCC3C1,0,297,0.0,0.040987622290090245,0.40939362124537054,0.025541571468842075,6.561974360929806,0.6387687279415619,1.0
murcko_framework,O(c1ccc2C=CCOc2c1)CC3CCCC4CCCCC34,0,142,0.0,0.019596775640379847,0.8548818658382967,0.05320027151874404,13.737204410351113,1.0,1.0
murcko_framework,O(Cc1ccccc1)CCc2ccccc2,5,57,0.16818028927009754,0.007866311348603178,21.414148578994656,8.577845763960424,53.45931507534326,6.053635864776053e-06,0.0007195571721086081
murcko_framework,C1#CC2CC(Cc3ccncc3)CCCC2CCCCCc4ccccc4C1c5ccccc5,0,38,0.0,0.005244207565735451,3.164627368595756,0.1943789821515663,51.52237279571842,1.0,1.0
murcko_framework,O1C(=Cc2ccccc2)Cc3cccc(c13)CN4CCOCC4,0,44,0.0,0.006072240339272629,2.7379133658175303,0.16857530670648754,44.46777968361716,1.0,1.0
murcko_framework,O1CCC(Cc2ccccc2)CC1,0,53,0.0,0.007314289499578393,2.2773015216971095,0.1405809775837492,36.8904976324725,1.0,1.0
murcko_framework,O1c2cc(OCc3ccccc3)ccc2CC1=Cc4c[nH]c5ccccc45,0,256,0.0,0.0353293983375862,0.47485963568375755,0.029614899454211453,7.61412929834021,0.6317191669778122,1.0
murcko_framework,n1c2C=Cc1cc3cc4c([nH]3)c(c5nc(cc6ccc(c2)[nH]6)CC5)CC4,0,105,0.0,0.014490573536900591,1.1547572275479214,0.07173966642320233,18.587544674488303,1.0,1.0
murcko_framework,c1ccc(cc1)N2CCC(c3c[nH]c4ccccc43)C2,0,31,0.0,0.004278169329942079,3.867915262063572,0.2366350976839967,63.222947994312236,1.0,1.0
murcko_framework,O1CCCCC1c2cccc(c2)CCCc3ccccc3,0,33,0.0,0.004554180254454471,3.6369849089845876,0.22279718329341747,59.370854840481435,1.0,1.0
murcko_framework,o1ccc2cc(OCc3ccccc3)ccc12,0,235,0.0,0.03243128363020609,0.5172188014653144,0.03224889238074845,8.295332609591094,1.0,1.0
murcko_framework,O1c2ccccc2C=C(C1)CCCNCc3ccccc3,0,43,0.0,0.005934234877016433,2.800857768526196,0.17238946975498262,45.50628440741406,1.0,1.0
murcko_framework,O1CC=C(C1)C2CCC3C2CCC4C5CCCCC5CCC34,0,358,0.0,0.0494059554877182,0.3397052860472059,0.021202195000476327,5.442817659483906,0.4123798411945325,1.0
murcko_framework,c1ccc(cc1)C2NCCc3ccccc32,0,275,0.0,0.03795150212045393,0.4420990986014697,0.027576901611123614,7.08751170600664,0.6339969742427591,1.0
murcko_framework,O1CCC2CCCC3CC4OC4C3C12,0,88,0.0,0.012144480678545257,1.3766073004572406,0.08541462649948736,22.186453741427353,1.0,1.0
murcko_framework,O1CCC(c2ccccc2)(CC1)CCNCc3ccccc3,0,221,0.0,0.030499207158619337,0.5499204599242139,0.034281491001235655,8.821451559162314,1.0,1.0
murcko_framework,O1CCCCC1OC2CCCOC2OC3CCC45CC65CCC7CCCC7C6CCC4C3,0,37,0.0,0.005106202103479255,3.249021915811894,0.19946756836778803,52.921602723717264,1.0,1.0
murcko_framework,O1CCC2OCCC12,0,112,0.0,0.015456611772693963,1.0828952039310202,0.06730265017290735,17.423712434564138,1.0,1.0
murcko_framework,O1c2ccc3C=CCOc3c2C=CC1,0,66,0.0,0.009108360508908942,1.8320818862356834,0.11338245518825726,29.60355755482463,1.0,1.0
murcko_framework,O1C=CC2=CCC3OCCC3C2=C1,0,110,0.0,0.01518060084818157,1.1024981605996256,0.06851336588301764,17.74109589362392,1.0,1.0
murcko_framework,O1c2ccccc2C3=C(C1)CCC3,0,221,0.0,0.030499207158619337,0.5499204599242139,0.034281491001235655,8.821451559162314,1.0,1.0
murcko_framework,n1cccc(c1)C2N(CNc3ccccc3)CCCC2,0,33,0.0,0.004554180254454471,3.6369849089845876,0.22279718329341747,59.370854840481435,1.0,1.0
murcko_framework,N(=Cc1ccccc1)CC2CCC3C2CCC4C5CCCCC5CCC34,0,43,0.0,0.005934234877016433,2.800857768526196,0.17238946975498262,45.50628440741406,1.0,1.0
murcko_framework,O1c2ccccc2CC1=Cc3ccccc3,0,1461,0.0,0.2016259803563025,0.08320141866680596,0.005200468420910001,1.3311254886839212,0.005876403411156535,0.35736732372498464
murcko_framework,O1c2ccc3-c4ccc5cc6OCOc6cc5c4NCc3c2OC1,0,31,0.0,0.004278169329942079,3.867915262063572,0.2366350976839967,63.222947994312236,1.0,1.0
murcko_framework,C1=C2CCC3CCCCC3C2CCC1,0,592,0.0,0.08169923365566809,0.20547678899193225,0.012834312473929993,3.2896745267965786,0.1862561125008786,1.0
murcko_framework,C1=CCC2CCCC2CC1,0,193,0.0,0.026635054215445847,0.6295198456303723,0.039225898567768154,10.10289758838368,1.0,1.0
murcko_framework,N=1[N]C(=CC1c2ccccc2)C3CN4CCC3CC4,0,61,0.0,0.008418333197627963,1.9810453039791873,0.12249797770827836,32.03759416962826,1.0,1.0
murcko_framework,O1CC=C(C1)CCC2CCCC3C2CCCC43OC4,0,187,0.0,0.025807021441908672,0.6496698615548456,0.04047683029899112,10.427469885733917,1.0,1.0
murcko_framework,O1C2CCCCCCC1C3CCCCC23,0,302,0.0,0.04167764960137122,0.40262400515851454,0.02512018955434832,6.453219199606833,0.6401313147936758,1.0
murcko_framework,N12CCC(CC1)CC2,0,99,0.0,0.013662540763363413,1.2244009690287658,0.07603626007927378,19.716352847912173,1.0,1.0
murcko_framework,O1CC2CCCC13C2CC45CCC(CCC43)C5,0,155,0.0,0.021390846649710395,0.7833985846034397,0.04877157413825427,12.58342288930352,1.0,1.0
murcko_framework,O1C2C=CC13C(N(CCN4CCCCC4)CC3C2CNc5ccccc5)CNC6CCCCC6,0,192,0.0,0.026497048753189652,0.632790952111618,0.03942899139048127,10.155582858023507,1.0,1.0
murcko_framework,O1c2cc(OCc3ccccc3)ccc2CC1=Cc4ccc5OCOc5c4,0,35,0.0,0.004830191178966863,3.4320748773792915,0.21048802227061886,55.96108432618532,1.0,1.0
murcko_framework,O(c1ccccc1)c2ccc(cc2)NCC3C4OC5(C=C4)C(NCC35)CNC6CCCCC6,0,40,0.0,0.005520218490247844,3.0083411700473524,0.18494277520581456,48.93468579851472,1.0,1.0
murcko_framework,n1c(Oc2ccccc2)n(c3c1NCNC3)Cc4ccccc4,0,40,0.0,0.005520218490247844,3.0083411700473524,0.18494277520581456,48.93468579851472,1.0,1.0
murcko_framework,O1CC1C2CCCCC32OC3,0,63,0.0,0.008694344122140355,1.9186448801685227,0.11868138567924466,31.017485641311175,1.0,1.0
murcko_framework,O1CC=C2C3=CNC=CC3=CCC12,0,36,0.0,0.004968196641223059,3.338040821779601,0.20482969417506067,54.398931623380356,1.0,1.0
murcko_framework,n1cnc2[N]C=Nc2c1,0,131,0.0,0.01807871555556169,0.9264069623882956,0.05762795797067804,14.892595368348628,1.0,1.0
murcko_framework,N1=CNCCC1,0,44,0.0,0.006072240339272629,2.7379133658175303,0.16857530670648754,44.46777968361716,1.0,1.0
murcko_framework,S1CCN2CC(NCCc3ccccc3)C12,0,58,0.0,0.008004316810859374,2.082645994029885,0.12870638226970604,33.70007189977272,1.0,1.0
murcko_framework,C12=C(CCC3CCCCC13)C4CCCC4CC2,0,2072,0.0,0.28594731779483834,0.05862298311400889,0.0036647161204240767,0.937768175284389,0.00039217529032316745,0.03107692073318433
murcko_framework,O1CC=2NCCC(c3ccccc3)C2C1,0,34,0.0,0.004692185716710667,3.5315601825789646,0.21646778956224189,57.615580352157025,1.0,1.0
murcko_framework,C1=CC2C3CCCC2C3C1,1,67,0.03363605785401951,0.009246365971165139,3.6386472750647836,0.5049716230894109,26.21880792297932,0.2430358772283415,1.0
murcko_framework,c1ccc2c(c1)Nc3ccccc3C2,0,144,0.0,0.019872786564892237,0.843047263515145,0.05246731553229439,13.546122596703292,1.0,1.0
murcko_framework,O1c2cc3C=CCCCCCCCCOCc3cc2C(c4ccccc4)CC1,0,243,0.0,0.033535327328255655,0.5002204621314423,0.031192047932204713,8.021932746411618,1.0,1.0
murcko_framework,O1Cc2ccccc2C1,4,516,0.13454423141607805,0.07121081852419718,1.8905773091976261,0.7064160733559142,5.059741272693413,0.1656647292876836,1.0
murcko_framework,c1ccc(cc1)CNCCNC2=CC=C3c4ccccc4CCCC3=CC2,0,51,0.0,0.007038278575066001,2.365746945918722,0.1459677487671136,38.34243289627761,1.0,1.0
murcko_framework,c1ccc(cc1)C2Nc3ccccc3NC4=C2CCC(c5ccccc5)C4,0,100,0.0,0.01380054622561961,1.2122162016552516,0.07528477986529931,19.518794133218957,1.0,1.0
murcko_framework,O1CCCCC1OCC23CCCCC3C4=CCC5C(CCC6CC(OC7OCCCC7)CCC65)C4CC2,0,407,0.0,0.056168223138271814,0.29883706895573475,0.01865579899868171,4.786908016556411,0.42167733899426624,1.0
murcko_framework,O1CCC2CCC3OC3CCC=CC12,0,253,0.0,0.034915381950817614,0.4804812663073454,0.029964538743305322,7.704515302238362,0.6315365552553596,1.0
murcko_framework,c1ccc2c(c1)-c3ccccc3C2,0,265,0.0,0.036571447497891964,0.45875699881280246,0.028613266582837773,7.355258909374655,0.6325648610390264,1.0
murcko_framework,O1C=CC2CC=CC2C1,0,31,0.0,0.004278169329942079,3.867915262063572,0.2366350976839967,63.222947994312236,1.0,1.0
murcko_framework,O1CC=C(C1)CCCCCCCCCCCCCCCC2OCCC2,0,110,0.0,0.01518060084818157,1.1024981605996256,0.06851336588301764,17.74109589362392,1.0,1.0
murcko_framework,C1=C2C(CCC3C2CCC4CCCCC43)C5CCCCC5C1,0,238,0.0,0.03284530001697467,0.5107107894719216,0.03184429132205154,8.190652065238984,1.0,1.0
murcko_framework,O1C2=C(Cc3ccccc3C2)CC1,0,53,0.0,0.007314289499578393,2.2773015216971095,0.1405809775837492,36.8904976324725,1.0,1.0
murcko_framework,C1=CCCCN1,1,130,0.03363605785401951,0.017940710093305494,1.8751397660213274,0.26207240331307163,13.41670888526987,0.41516681621209406,1.0
murcko_framework,C1=CCC=CN1,0,95,0.0,0.013110518914338629,1.2756918222659672,0.07919841770447848,20.548259328471907,1.0,1.0
murcko_framework,N1=C(NCc2ccccc2)C3(NCC1)CCN(Sc4ccccc4)CC3,0,87,0.0,0.01200647521628906,1.3923418770568594,0.0863832050406304,22.442046479919203,1.0,1.0
murcko_framework,N1C2CCCC1CC2,0,260,0.0,0.03588142018661099,0.46756554297445735,0.029161207480996595,7.496861613822576,0.632040953630761,1.0
murcko_framework,O1C2CCCNC2CC13C=C4CC5C(CCC6CCCCC65)C4CC3,0,30,0.0,0.004140163867685883,3.9947376690823586,0.24421917283070577,65.3426545500901,1.0,1.0
murcko_framework,C1CCC2C(C1)CCC3C4CCCCC4CCC23,0,147,0.0,0.020286802951660826,0.8258971194705776,0.05140497544491642,13.26926131266644,1.0,1.0
murcko_framework,C1CCC2C(C1)CCC3C2CCC4C5CCCCC5CCC43,0,774,0.0,0.10681622778629578,0.1571522192537199,0.009818602076190818,2.5153091880825587,0.08392545402356356,1.0
murcko_framework,C(#CC1CCC2C1CCC3C4CCCCC4CCC23)c5ccccc5,0,64,0.0,0.00883234958439655,1.88889584090995,0.11686089430381194,30.531406755549067,1.0,1.0
murcko_framework,O1c2cc(OC3OCCCC3)ccc2C=CC1,0,109,0.0,0.015042595385925376,1.1125681725869228,0.06913520397087981,17.90416267774052,1.0,1.0
murcko_framework,o1ccc(c1)C2OCC3(CCCC4C=CCCC43)C2,0,66,0.0,0.009108360508908942,1.8320818862356834,0.11338245518825726,29.60355755482463,1.0,1.0
murcko_framework,O1c2ccc3C=CCOc3c2CN(C1)Cc4ccccc4,0,63,0.0,0.008694344122140355,1.9186448801685227,0.11868138567924466,31.017485641311175,1.0,1.0
murcko_framework,O1C2C=CC13C(N(CCc4ccccc4)CC3C2CNc5ccccc5)CNC6CCCCC6,0,288,0.0,0.039745573129784474,0.42217024502108313,0.026336777545368437,6.767255996833384,0.6365652728037796,1.0
murcko_framework,O1c2ccc(cc2CC1)CC=Cc3ccccc3,0,43,0.0,0.005934234877016433,2.800857768526196,0.17238946975498262,45.50628440741406,1.0,1.0
murcko_framework,O1c2cc(OC3OCCCC3OC4OCCC4)ccc2CC=C1c5ccccc5,0,49,0.0,0.006762267650553609,2.46133947512794,0.15178372761905926,39.91331684136583,1.0,1.0
murcko_framework,C1=C2CCC3CCCCC3CC2CC1,0,71,0.0,0.009798387820189923,1.7039525129318303,0.10552947147400055,27.513206744734116,1.0,1.0
murcko_framework,O1CCCCC1OC2COC(OC3CCC4C(CCC5C6C(=CCC54)C7CCCCC7CC6)C3)CC2,0,153,0.0,0.021114835725198004,0.7936079231912294,0.04940430704593819,12.748150382238316,1.0,1.0
murcko_framework,O1c2cc3c(cc2OC1)C(NCC3)CCc4ccccc4,0,168,0.0,0.023184917659040946,0.7229453645680265,0.0450234260022081,11.608401371427492,1.0,1.0
murcko_framework,c1ccc(cc1)NCN2CCC3(Nc4ccccc4CN3)CC2,0,48,0.0,0.006624262188297413,2.5120922097080918,0.15486902514913442,40.748027334705235,1.0,1.0
murcko_framework,O1CCCCC1OC2CCCOC2OC3CCCOC3OC4CCC5C(CCC6C7C(=CCC65)C8CCCCC8CC7)C4,0,318,0.0,0.04388573699747036,0.38238954828351646,0.023860480965617204,6.12819862462858,0.6450966192980583,1.0
murcko_framework,C=1C=C2N(CC1)CC3CNCC2C3,0,334,0.0,0.046093824393569495,0.3640908242037349,0.022721032982154638,5.834335453562821,0.6508799765045891,1.0
murcko_framework,N(OCCNCCC1(c2ccccc2)CCNCC1)=C3C=C4CCC5C(CCC6CCCC65)C4CC3,0,30,0.0,0.004140163867685883,3.9947376690823586,0.24421917283070577,65.3426545500901,1.0,1.0
murcko_framework,N12CCCCC1CCCC2,0,243,0.0,0.033535327328255655,0.5002204621314423,0.031192047932204713,8.021932746411618,1.0,1.0
murcko_framework,o1cc(-c2ccccc2)c3ccc4OCC=Cc4c13,0,52,0.0,0.007176284037322197,2.3206818964343765,0.14322373735831748,37.60245727260023,1.0,1.0
murcko_framework,c1ccc(cc1)C2NCCc3c4ccccc4[nH]c32,0,182,0.0,0.02511699413062769,0.667473642748387,0.04158186710262715,10.714311184349228,1.0,1.0
murcko_framework,O1C=C(c2ccc3OCOc3c2)Cc4ccc(OC5OCCCC5)cc14,0,39,0.0,0.005382213027991648,3.084505963010815,0.1895435270182853,50.195209435621834,1.0,1.0
murcko_framework,c1ccc(cc1)CC2=CCC=CC2,0,95,0.0,0.013110518914338629,1.2756918222659672,0.07919841770447848,20.548259328471907,1.0,1.0
murcko_framework,O1C=C(C=CC1)C2CCC3C2CCC4C5C(=CC(OC6OCCCC6)CC5)CCC43,0,63,0.0,0.008694344122140355,1.9186448801685227,0.11868138567924466,31.017485641311175,1.0,1.0
murcko_framework,o1cccc1C(c2occc2)c3ccccc3,0,36,0.0,0.004968196641223059,3.338040821779601,0.20482969417506067,54.398931623380356,1.0,1.0
murcko_framework,O1CCOC12CCC3C4CCC5CCCCC5C4CCC32,0,45,0.0,0.006210245801528825,2.6777357500411143,0.16492624657996455,43.47560740474222,1.0,1.0
murcko_framework,C1=C2C3CCCC3CCC2C4CCCCC4C1,0,1756,0.0,0.24233759172188035,0.06919969743168747,0.004325641289519981,1.1070261734921818,0.0019389593864739035,0.12675946989073145
murcko_framework,C1CCC23CC43CCC5CCCC5C4CCC2C1,0,1146,0.0,0.15815425974560074,0.10610714458308165,0.006631317171708476,1.6978114362571384,0.017734746789951614,0.8860228160211722
murcko_framework,o1c2ccc(OCc3ccccc3)cc2cc1-c4ccccc4,0,90,0.0,0.01242049160305765,1.3461813236071487,0.08354119299592762,21.692342316885934,1.0,1.0
murcko_framework,N1=CNCc2ncn(c12)C3OCCC3,1,72,0.03363605785401951,0.009936393282446119,3.385940070285629,0.4703749602738473,24.373300298322196,0.2583767667614258,1.0
murcko_framework,N1=CN(c2ccccc2)Cc3ccccc13,0,38,0.0,0.005244207565735451,3.164627368595756,0.1943789821515663,51.52237279571842,1.0,1.0
murcko_framework,O1C2C=CC13C(N(CC3C2CNc4ccccc4)C5CCCCC5)CNC6CCCCC6,0,340,0.0,0.04692185716710667,0.3576721638299349,0.022321291580472833,5.731271253617926,0.653233987303338,1.0
murcko_framework,O1C(=CCC=C1CN2CC3C4=CC=CCN4CC(C2)C3)Cc5ccccc5,0,51,0.0,0.007038278575066001,2.365746945918722,0.1459677487671136,38.34243289627761,1.0,1.0
murcko_framework,c1ccc2c(c1)N3Cc4ccccc4C3NC2,0,95,0.0,0.013110518914338629,1.2756918222659672,0.07919841770447848,20.548259328471907,1.0,1.0
murcko_framework,c1ccc2c(c1)CNCC2,0,356,0.0,0.04912994456320581,0.3416120094023623,0.021320969251639846,5.473426821763466,0.4122532192964776,1.0
murcko_framework,N(OCCN1CCCC1)=C2C=C3CCC4C(CCC5CCCC54)C3CC2,0,105,0.0,0.014490573536900591,1.1547572275479214,0.07173966642320233,18.587544674488303,1.0,1.0
murcko_framework,O1CCCCC1OC2OCCCC2,0,136,0.0,0.01876874286684267,0.8924664820074271,0.05552735692547626,14.344216357636066,1.0,1.0
murcko_framework,c1ccc(cc1)N2CN3Cc4[nH]c5ccccc5c4CC3C2,0,46,0.0,0.006348251263785021,2.620146418814221,0.1614317970913098,42.52673500340135,1.0,1.0
murcko_framework,c1ccc(cc1)Cc2ccccc2,2,830,0.06727211570803902,0.11454453367264276,0.5870231515087614,0.1464997799238475,2.352195891259385,0.7808954971633107,1.0
murcko_framework,N1=Cc2ccccc2CC1,0,54,0.0,0.007452294961834589,2.235513087317173,0.13803396711316637,36.204992641189335,1.0,1.0
murcko_framework,O1C=CC(c2ccccc2)C3=C1c4ccccc4OC3,0,46,0.0,0.006348251263785021,2.620146418814221,0.1614317970913098,42.52673500340135,1.0,1.0
murcko_framework,O1CCCC1CN2CC3C(CNc4ccccc4)C5OC3(C=C5)C2CNC6CCCCC6,0,84,0.0,0.011592458829520473,1.4417801029408692,0.0894253629735279,23.24541714023054,1.0,1.0
murcko_framework,O1CCCCC1OC2CCCOC2OC3CCOC(OC4CCC5C(CCC6C7C(=CCC65)C8CCCCC8CC7)C4)C3OC9OCCCC9,0,254,0.0,0.03505338741307381,0.47859266348488266,0.029847078921386994,7.674149223943893,0.6315917383016239,1.0
murcko_framework,o1ccc2cc3C=C(COc3cc12)CCCNc4ccccc4,0,79,0.0,0.010902431518239492,1.532468672434598,0.09500139786223145,24.72027027853985,1.0,1.0
murcko_framework,N1=C(c2ccccc2)CC(NC13CCNCC3)c4ccccc4,0,300,0.0,0.04140163867685883,0.40530481818459063,0.025287063476700348,6.496285968317566,0.6395748506817404,1.0
murcko_framework,c1ccc(cc1)CCN2CCN3C(c4ccccc4)c5[nH]c6ccccc6c5CC3C2,0,73,0.0,0.010074398744702315,1.6575818825932929,0.10268461890982612,26.757441637041534,1.0,1.0
murcko_framework,O1c2cc3C=C(NCCc3cc2OC1)Cc4ccccc4,0,34,0.0,0.004692185716710667,3.5315601825789646,0.21646778956224189,57.615580352157025,1.0,1.0
murcko_framework,O1C2C=CC13CN(c4ccccc4)CC3C2,0,234,0.0,0.032293278167949885,0.5194251424182984,0.03238605310733109,8.330823076282657,1.0,1.0
murcko_framework,o1cccc1CCCCCCCCCOCCOCCCCCCCCCCCc2occc2,0,72,0.0,0.009936393282446119,1.680447400311951,0.10408761295968512,27.130062693520873,1.0,1.0
murcko_framework,c1ccc(cc1)CNCCN2CN3CCc4c5ccccc5[nH]c4C3C2,0,31,0.0,0.004278169329942079,3.867915262063572,0.2366350976839967,63.222947994312236,1.0,1.0
murcko_framework,O1CCCCC1OC2CCC3C(CCC4C5CCC6CC7N(CCCC7)CC6C5CC34)C2,0,42,0.0,0.0057962294147602365,2.866764260774093,0.1763801992734908,46.594444051559776,1.0,1.0
murcko_framework,O1C2C=CC13C(N(CCN4CCCCCC4)CC3C2CNc5ccccc5)CNC6CCCCC6,0,52,0.0,0.007176284037322197,2.3206818964343765,0.14322373735831748,37.60245727260023,1.0,1.0
murcko_framework,O1C2C=CC1C3CN(c4ccccc4)CC23,0,36,0.0,0.004968196641223059,3.338040821779601,0.20482969417506067,54.398931623380356,1.0,1.0
murcko_framework,O1CCC2CCCC3C(=CCC3)C12,0,135,0.0,0.018630737404586473,0.8990541914835661,0.05593513847084703,14.450638030429623,1.0,1.0
murcko_framework,O1CCCCC1OC2CCOC(OC3CCC4C(CCC5C4CCC6C7CCCOC87OCC56C8)C3)C2OC9OCCC9,0,33,0.0,0.004554180254454471,3.6369849089845876,0.22279718329341747,59.370854840481435,1.0,1.0
murcko_framework,O1c2ccccc2CC(c3ccccc3)C1,0,469,0.0,0.06472456179815597,0.25935182145873925,0.01619444799258016,4.153483176751932,0.27413955454850014,1.0
murcko_framework,N1=C[N]C2=C1NCNC2,1,287,0.03363605785401951,0.03960756766752828,0.8491823804990597,0.11917200938428302,6.051007439379078,1.0,1.0
murcko_framework,c1ccc(cc1)CNCCc2ccccc2,0,327,0.0,0.04512778615777612,0.371876512244932,0.023205870986586826,5.959360044679598,0.648257324008325,1.0
murcko_framework,N=1c2ccccc2OC3=CCC=CC13,0,59,0.0,0.00814232227311557,2.0476407142645185,0.12656816179765026,33.12707109878833,1.0,1.0
murcko_framework,c1ccc2c(c1)NC3C4N5CCC(C4)C6CC23CC56,0,262,0.0,0.03615743111112338,0.4640018576793421,0.028939532860178845,7.439571501381518,0.6322345676812371,1.0
murcko_framework,O1C2C=CC13C(N(CCCN4CCC(Cc5ccccc5)CC4)CC3C2CNc6ccccc6)CNC7CCCCC7,0,56,0.0,0.0077283058863469815,2.1563739284029575,0.13320710839678127,34.90766052247975,1.0,1.0
murcko_framework,O(c1ccc2C=CCOc2c1)CCc3c[nH]c4ccccc43,0,55,0.0,0.007590300424090785,2.195230542464442,0.13557759518745932,35.54449485481419,1.0,1.0
murcko_framework,O1CCCCC1OCC23CCCCC3C4=CCC5C(CCC6CC(OC7OCCC(OC8OCCCC8)C7)CCC65)C4CC2,0,205,0.0,0.0282911197625202,0.5927497435784138,0.03694243751562624,9.510803350852449,1.0,1.0
murcko_framework,O(CCc1ccccc1)C2OCCCC2,0,131,0.0,0.01807871555556169,0.9264069623882956,0.05762795797067804,14.892595368348628,1.0,1.0
murcko_framework,C12=C(CCC3(C1)CC3)C4CCCCC4CC2,0,75,0.0,0.010350409669214708,1.6136679743918967,0.09998910393021328,26.042080879086964,1.0,1.0
murcko_framework,C12=C3CCC4CCCCC4C3CCC1CCC2,0,155,0.0,0.021390846649710395,0.7833985846034397,0.04877157413825427,12.58342288930352,1.0,1.0
murcko_framework,O1CCC2CC=CCCC3OC3CC12,0,59,0.0,0.00814232227311557,2.0476407142645185,0.12656816179765026,33.12707109878833,1.0,1.0
murcko_framework,O(Cc1ccccc1)C2CCCCC2,1,70,0.03363605785401951,0.009660382357933726,3.482690828686791,0.48362881189733603,25.079430980621233,0.2522780639508329,1.0
murcko_framework,n1c2ccccc2nc3ccccc13,0,211,0.0,0.029119152536057378,0.575929377746135,0.03589755721280962,9.240033971801532,1.0,1.0
murcko_framework,O1CCC2C1CC3C4CC=C5CCCCC5C4CCC23,0,37,0.0,0.005106202103479255,3.249021915811894,0.19946756836778803,52.921602723717264,1.0,1.0
murcko_framework,N1=Cc2[nH]c3ccccc3c2CC1,0,30,0.0,0.004140163867685883,3.9947376690823586,0.24421917283070577,65.3426545500901,1.0,1.0
murcko_framework,n1cccc(c1)Cc2ccccc2,0,40,0.0,0.005520218490247844,3.0083411700473524,0.18494277520581456,48.93468579851472,1.0,1.0
murcko_framework,c1ccc2c(c1)NC=CC2,0,296,0.0,0.04084961682783404,0.41077494257169356,0.0256275492910403,6.584166575138355,0.6385077838824005,1.0
murcko_framework,O1C2C=CC13C(N(CC3C2CNc4ccccc4)C5CC5)CNC6CCCCC6,0,76,0.0,0.010488415131470903,1.5925720773147554,0.09869372105014385,25.698553002718498,1.0,1.0
murcko_framework,O1C=C(Oc2ccccc2)Cc3ccccc13,0,467,0.0,0.06444855087364358,0.26046206733453886,0.016263671343856655,4.171289931151219,0.2739364705754934,1.0
murcko_framework,C1=C2CCCCC2C3CCC4C5CCCCC5CCC4C3C1,0,73,0.0,0.010074398744702315,1.6575818825932929,0.10268461890982612,26.757441637041534,1.0,1.0
murcko_framework,O1CCCCC1OC2CCC3CCC45CCC(CCC4C3C2)C5,0,53,0.0,0.007314289499578393,2.2773015216971095,0.1405809775837492,36.8904976324725,1.0,1.0
murcko_framework,O1c2ccccc2CC3=C1CN(CCc4ccccc4)C3c5ccccc5,0,84,0.0,0.011592458829520473,1.4417801029408692,0.0894253629735279,23.24541714023054,1.0,1.0
murcko_framework,O1c2cc3OCC(c4ccccc4)Cc3cc2C=CC1,0,42,0.0,0.0057962294147602365,2.866764260774093,0.1763801992734908,46.594444051559776,1.0,1.0
murcko_framework,O1c2ccccc2CC(OC3OC(COCc4ccccc4)CCC3)=C1c5ccccc5,0,44,0.0,0.006072240339272629,2.7379133658175303,0.16857530670648754,44.46777968361716,1.0,1.0
murcko_framework,O1c2c(cccc2CN3CCCCC3)C=C(c4ccccc4)C1,0,41,0.0,0.0056582239525040405,2.935846969515864,0.18056004511200668,47.735906485118264,1.0,1.0
murcko_framework,C1=CCC=CC1,1,760,0.03363605785401951,0.10488415131470903,0.3204686725224906,0.04506927131587024,2.2787182279595353,0.3856900660716057,1.0
murcko_framework,c1ccc2c(c1)NC3CCC4CCCN5CCC23C54,0,120,0.0,0.01656065547074353,1.0109905827897465,0.06285937352374135,16.260135938254525,1.0,1.0
murcko_framework,O1C=CCc2cc3c(OCCC3)cc12,0,39,0.0,0.005382213027991648,3.084505963010815,0.1895435270182853,50.195209435621834,1.0,1.0
murcko_framework,O1CCCCC1OCC2OCCCC2,0,494,0.0,0.06817469835456087,0.24623149924093565,0.015376335363970964,3.943068994222373,0.27802071353696445,1.0
murcko_framework,O1c2ccc(cc2)CC3NCCc4cccc(Oc5ccc6c(c5)C(NCC6)Cc7cccc1c7)c43,0,46,0.0,0.006348251263785021,2.620146418814221,0.1614317970913098,42.52673500340135,1.0,1.0
murcko_framework,c1ccc(cc1)CNCCC(c2ccccc2)c3ccccc3,0,128,0.0,0.0176646991687931,0.9480390662263745,0.05896636167635099,15.242216842621291,1.0,1.0
murcko_framework,O1CCC2CCCC3CCCC3C12,1,679,0.03363605785401951,0.09370570887195716,0.35873850587813205,0.05044361514605658,2.5512310175837025,0.5371547916509294,1.0
murcko_framework,O1CCCCC1OCCCCC2OC3CC4C5CC=C6CC(OC7OCC(OC8OCCCC8)CC7OC9OCCCC9)CCC6C5CCC4C3C2,0,84,0.0,0.011592458829520473,1.4417801029408692,0.0894253629735279,23.24541714023054,1.0,1.0
murcko_framework,C1CCCC1,14,1098,0.47090480995627315,0.15152999755730331,3.1176393097899586,1.838021670156152,5.288117666818291,0.0002628563994284294,0.023395171309672568
murcko_framework,O(CC=Cc1ccccc1)C2CCC3C(CCC4C5C(=CCC43)C6CCCCC6CC5)C2,0,179,0.0,0.0247029777438591,0.6786320014351469,0.04227432487555904,10.894115866487459,1.0,1.0
murcko_framework,O1CCCCC1OC2CC3CCC4C5C(=CCC4C3C2)CCCC5,0,38,0.0,0.005244207565735451,3.164627368595756,0.1943789821515663,51.52237279571842,1.0,1.0
murcko_framework,C1=CC2C3CCCCC3CCC2C4CCCC14,0,65,0.0,0.008970355046652747,1.8600551692623262,0.11509540255612229,30.060325224653926,1.0,1.0
murcko_framework,O(CCc1ccccc1)C2OC(COC3OCCCC3)CCC2,0,35,0.0,0.004830191178966863,3.4320748773792915,0.21048802227061886,55.96108432618532,1.0,1.0
murcko_framework,c1ccc2c(c1)[nH]cc2CCN3CNc4ccccc4C3,0,58,0.0,0.008004316810859374,2.082645994029885,0.12870638226970604,33.70007189977272,1.0,1.0
murcko_framework,O(c1ccccc1CC=Cc2ccccc2)Cc3ccccc3,0,94,0.0,0.012972513452082434,1.289192986014913,0.08003047803554361,20.76732010087335,1.0,1.0
murcko_framework,O1CCCCC1OC2COC(OC3COC(OC4CC5=CCC6C(CCC7CCCC76)C5CC4)CC3)CC2,0,86,0.0,0.011868469754032865,1.4084402588957758,0.08737399914182166,22.703595833567586,1.0,1.0
murcko_framework,O1c2ccc(cc2OC1)-c3c4ccccc4cc5c3COC5,0,30,0.0,0.004140163867685883,3.9947376690823586,0.24421917283070577,65.3426545500901,1.0,1.0
murcko_framework,O1CCCCC1OCC2OC(OCC34CCCCC4C5=CCC6C(CCC7CC(OC8OC(COC9OCCCC9OC%10OCCCC%10)CCC8)CCC76)C5CC3)C(OC%11OCC(OC%12OCCC(OC%13OCCCC%13)C%12)CC%11)CC2,0,33,0.0,0.004554180254454471,3.6369849089845876,0.22279718329341747,59.370854840481435,1.0,1.0
murcko_framework,O(Cc1ccccc1)Cc2ccccc2,4,98,0.13454423141607805,0.013524535301107218,9.9602147359449,3.6625788851370076,27.086345631685386,0.0008599864072087945,0.060780120401378326
murcko_framework,o1ccc(c1)C2OCC=C3C2CCC4C3CC5CCCC4C5,0,37,0.0,0.005106202103479255,3.249021915811894,0.19946756836778803,52.921602723717264,1.0,1.0
murcko_framework,o1ccc2c1ccc3C=CCOc32,0,34,0.0,0.004692185716710667,3.5315601825789646,0.21646778956224189,57.615580352157025,1.0,1.0
murcko_framework,c1ccc2c(c1)CNC2,0,158,0.0,0.021804863036478984,0.7685676684530387,0.04785228394794532,12.344160241837384,1.0,1.0
murcko_framework,N1CC2CCCC34C1C(CC23)C5CCC6CC5C4C6,0,631,0.0,0.08708144668365973,0.19277662636477058,0.012041915265791892,3.0861226683892027,0.19445382264617153,1.0
murcko_framework,O1CCC2CC3C(CCCC43OC4)CC12,0,49,0.0,0.006762267650553609,2.46133947512794,0.15178372761905926,39.91331684136583,1.0,1.0
murcko_framework,O1CCCCC1OC2CCOC(OC3COC(OC4CCC5C(CCC6C5CCC7C8CC9(OCCCC9)OC8CC67)C4)CC3)C2OC%10OCCCC%10,0,99,0.0,0.013662540763363413,1.2244009690287658,0.07603626007927378,19.716352847912173,1.0,1.0
murcko_framework,c1ccc(cc1)CNCN2CC3C4=CC=CCN4CC(C2)C3,0,69,0.0,0.009522376895677531,1.7529919565272618,0.10853642524166467,28.312898575819585,1.0,1.0
murcko_framework,O1CC(Cc2ccccc2)CC1c3ccccc3,0,144,0.0,0.019872786564892237,0.843047263515145,0.05246731553229439,13.546122596703292,1.0,1.0
murcko_framework,O1CCCCC1OC2CCC3C4=C(CCC3C2)C5CCCC5CC4,0,30,0.0,0.004140163867685883,3.9947376690823586,0.24421917283070577,65.3426545500901,1.0,1.0
murcko_framework,O1CCCC2C1CCC3CCCCC32,0,379,0.0,0.05230407019509832,0.32089806022589085,0.02003051097692706,5.14093550460874,0.41496988952144537,1.0
murcko_framework,N1=CN(Cc2[nH]c3ccccc3c12)CCc4ccccc4,0,36,0.0,0.004968196641223059,3.338040821779601,0.20482969417506067,54.398931623380356,1.0,1.0
murcko_framework,O1C2C=CC13CN(Cc4ccccc4)CC3C2,0,100,0.0,0.01380054622561961,1.2122162016552516,0.07528477986529931,19.518794133218957,1.0,1.0
murcko_framework,c1ccc(cc1)C2c3[nH]c4ccccc4c3CC5N2CCNC5,0,344,0.0,0.04747387901613146,0.3535172690161253,0.022062517437410438,5.664560259143674,0.6548545025850687,1.0
murcko_framework,O1c2cc3OCN(c4ccccc4)Cc3cc2C(=CC1)c5ccccc5,0,53,0.0,0.007314289499578393,2.2773015216971095,0.1405809775837492,36.8904976324725,1.0,1.0
murcko_framework,N1=CC=C2c3ccccc3CCN2C1,0,42,0.0,0.0057962294147602365,2.866764260774093,0.1763801992734908,46.594444051559776,1.0,1.0
murcko_framework,n1ccc(nc1NC2COC3CCOC32)-c4ccccc4,0,72,0.0,0.009936393282446119,1.680447400311951,0.10408761295968512,27.130062693520873,1.0,1.0
murcko_framework,o1c2ccc3OC4(CCc3c2cc1CNc5ccccc5)CCCCC4,0,36,0.0,0.004968196641223059,3.338040821779601,0.20482969417506067,54.398931623380356,1.0,1.0
murcko_framework,c1ccc(cc1)C2C=CNCN2,0,87,0.0,0.01200647521628906,1.3923418770568594,0.0863832050406304,22.442046479919203,1.0,1.0
murcko_framework,c1ccc2c(c1)[nH]c3c2CCN4CCNCC34,0,40,0.0,0.005520218490247844,3.0083411700473524,0.18494277520581456,48.93468579851472,1.0,1.0
murcko_framework,c1ccc(cc1)CCN2CC3C(NC4(c5ccccc5NC4)C3C2)Cc6ccccc6,0,129,0.0,0.017802704631049295,0.9407170027650943,0.05851337385612777,15.123866920872604,1.0,1.0
murcko_framework,c1ccc2c(c1)[nH]c3c2CC4NCCC(CC3c5ccc6c(c5)[nH]c7c6CCN8CC9CCC8C7C9)C4,0,77,0.0,0.0106264205937271,1.572020590484766,0.09743146859722107,25.363968874616305,1.0,1.0
murcko_framework,O1c2ccc(OC3OCCCC3)cc2CC=C1c4ccccc4,0,120,0.0,0.01656065547074353,1.0109905827897465,0.06285937352374135,16.260135938254525,1.0,1.0
murcko_framework,O1C=C(c2ccccc2)Cc3ccc(OCCN4CCNCC4)cc13,0,44,0.0,0.006072240339272629,2.7379133658175303,0.16857530670648754,44.46777968361716,1.0,1.0
murcko_framework,o1c2ccccc2cc1C3=CCOc4ccccc43,0,211,0.0,0.029119152536057378,0.575929377746135,0.03589755721280962,9.240033971801532,1.0,1.0
murcko_framework,c1ccc(cc1)CN2CC3C4=CC=CCN4CC(C2)C3,0,64,0.0,0.00883234958439655,1.88889584090995,0.11686089430381194,30.531406755549067,1.0,1.0
murcko_framework,O1CCC2(OC3CCC4C(CCCC54OC5)C3CC2)C1,0,42,0.0,0.0057962294147602365,2.866764260774093,0.1763801992734908,46.594444051559776,1.0,1.0
murcko_framework,O1CCC2CCC3C(=CCCC3)C12,0,140,0.0,0.019320764715867453,0.867053396341467,0.05395399169775236,13.93375297084073,1.0,1.0
murcko_framework,O1CCC2CC=CCC12,0,88,0.0,0.012144480678545257,1.3766073004572406,0.08541462649948736,22.186453741427353,1.0,1.0
murcko_framework,O1CCC2CC3C(=CCC3)CCC12,0,55,0.0,0.007590300424090785,2.195230542464442,0.13557759518745932,35.54449485481419,1.0,1.0
murcko_framework,C1=CC23CCCC3CCC2C1,0,52,0.0,0.007176284037322197,2.3206818964343765,0.14322373735831748,37.60245727260023,1.0,1.0
murcko_framework,O1CC=C(C1)C2CCC3C2CCC4C5CCC(OC6OCC(OC7OC(COC8OCCCC8)CCC7)CC6)CC5CCC34,0,116,0.0,0.016008633621718747,1.0457084792635376,0.06500518599565533,16.82183054866955,1.0,1.0
murcko_framework,O(Cc1ccccc1)C2C=CCCC3CCCC23,0,66,0.0,0.009108360508908942,1.8320818862356834,0.11338245518825726,29.60355755482463,1.0,1.0
murcko_framework,c1ccc2c(c1)NC34CCC5(C=CCN6CCC23C65)CC4,0,42,0.0,0.0057962294147602365,2.866764260774093,0.1763801992734908,46.594444051559776,1.0,1.0
murcko_framework,N=1c2ccccc2CN3C1CCC3,0,131,0.0,0.01807871555556169,0.9264069623882956,0.05762795797067804,14.892595368348628,1.0,1.0
murcko_framework,c1ccc(cc1)CN2CCN(Cc3ccccc3)CC2,0,73,0.0,0.010074398744702315,1.6575818825932929,0.10268461890982612,26.757441637041534,1.0,1.0
murcko_framework,O1CCCC(OCC=Cc2ccccc2)C1OC3CCCCC3,0,33,0.0,0.004554180254454471,3.6369849089845876,0.22279718329341747,59.370854840481435,1.0,1.0
murcko_framework,c1ccc-2c(c1)NC3(c4cccn24)CCNCC3,0,40,0.0,0.005520218490247844,3.0083411700473524,0.18494277520581456,48.93468579851472,1.0,1.0
murcko_framework,c1ccc2c(c1)C3c4ccccc4C2CC3,0,99,0.0,0.013662540763363413,1.2244009690287658,0.07603626007927378,19.716352847912173,1.0,1.0
murcko_framework,O(Cc1ccccc1)C2OCCCC2,0,267,0.0,0.03684745842240436,0.4553257827318887,0.028399810824534282,7.300103852850467,0.6328111139253694,1.0
murcko_framework,O1CC2=CCC3CCCCC3C2C1,0,320,0.0,0.044161747921982755,0.3800022927434669,0.023711841781959512,6.089857709836591,0.6457774636480951,1.0
murcko_framework,O1C=CCC2CCNC12,0,53,0.0,0.007314289499578393,2.2773015216971095,0.1405809775837492,36.8904976324725,1.0,1.0
murcko_framework,O1C2C=CC13C(N(CCCNCc4ccccc4)CC3C2CNc5ccccc5)CNC6CCCCC6,0,96,0.0,0.013248524376594826,1.2624704753822844,0.07838347835078587,20.333771028623815,1.0,1.0
murcko_framework,O1CCC2CC=CCCC12,0,127,0.0,0.017526693706536905,0.9554759855850866,0.059426416582095035,15.362433266838712,1.0,1.0
murcko_framework,c1ccc(cc1)N2CC3C4C=CC(C3C2)C5CN(c6ccccc6)CC45,0,243,0.0,0.033535327328255655,0.5002204621314423,0.031192047932204713,8.021932746411618,1.0,1.0
murcko_framework,N12CCCC3CN4CCCCC4C(CCC1)C23,0,100,0.0,0.01380054622561961,1.2122162016552516,0.07528477986529931,19.518794133218957,1.0,1.0
murcko_framework,c1ccc(cc1)CC2NCCNC2,0,118,0.0,0.01628464454623114,1.0280565529973273,0.06391427749530633,16.536215656014605,1.0,1.0
murcko_framework,N12CCCC1CCC2,0,288,0.0,0.039745573129784474,0.42217024502108313,0.026336777545368437,6.767255996833384,0.6365652728037796,1.0
murcko_framework,O1C=CC2CCCC2C1,0,132,0.0,0.018216721017817884,0.9194139426569921,0.05719522119496454,14.77959137653439,1.0,1.0
murcko_framework,c1ccc(cc1)NCN2CCC3(c4ccccc4NC3)C2,0,52,0.0,0.007176284037322197,2.3206818964343765,0.14322373735831748,37.60245727260023,1.0,1.0
murcko_framework,O1CCCCC(OC2OCCCC2)CCCCC=CC3OC3CC1,0,67,0.0,0.009246365971165139,1.8049374412246448,0.11171974094470334,29.160461160996103,1.0,1.0
murcko_framework,c1cc[nH]c1,11,387,0.3699966363942146,0.05340811389314789,6.949737152946801,3.812660703424093,12.668015921708596,1.0673169532942706e-06,0.00016417846075673633
murcko_framework,c1ccc2c(c1)CCC2,2,354,0.06727211570803902,0.04885393363869342,1.3772588886543555,0.3429450405346268,5.531037986204405,0.6599427660188972,1.0
murcko_framework,O1CCCCC1OC2COC(OCC3OC(OCC45CCCCC5C6=CCC7C(CCC8CC(OC9OCCCC9OC%10OCCCC%10)CCC87)C6CC4)CCC3)CC2,0,132,0.0,0.018216721017817884,0.9194139426569921,0.05719522119496454,14.77959137653439,1.0,1.0
murcko_framework,O1C=CC2C(OCc3ccccc3)C4OC4C2C1OC5OCCCC5,0,72,0.0,0.009936393282446119,1.680447400311951,0.10408761295968512,27.130062693520873,1.0,1.0
murcko_framework,O1CCCC2OC(OCC12)c3ccccc3,0,36,0.0,0.004968196641223059,3.338040821779601,0.20482969417506067,54.398931623380356,1.0,1.0
murcko_framework,n1cccc(c1)C=CC2C=COC(OC3OCCCC3)C2,0,130,0.0,0.017940710093305494,0.9335071548357876,0.05806729152365025,15.007340367764186,1.0,1.0
murcko_framework,O1CCCC(OC2OCC(OC3OCCCC3)C(OC4OC(CCOC5OC(CCOC6OCCCC6)CCC5)CCC4)C2)C1,0,33,0.0,0.004554180254454471,3.6369849089845876,0.22279718329341747,59.370854840481435,1.0,1.0
murcko_framework,O1CCCCC1OC2CC3=CCC4C(CCC5CCCC54)C3CC2,0,522,0.0,0.07203885129773437,0.2330273074035962,0.014552869821473472,3.7313414235070876,0.2851088949123672,1.0
murcko_framework,O=1c2cccc(OC3OCCCC3)c2C=C(OC4OCCCC4)C1c5ccccc5,0,137,0.0,0.018906748329098867,0.8859745937600318,0.055125476863411765,14.23935039570145,1.0,1.0
murcko_framework,c1ccc(cc1)CN2CC3CNC4(c5ccccc5NC4)C3C2,0,296,0.0,0.04084961682783404,0.41077494257169356,0.0256275492910403,6.584166575138355,0.6385077838824005,1.0
murcko_framework,c1ccc(cc1)N2CC3C(NC4(c5ccccc5NC4)C3C2)Cc6ccccc6,0,41,0.0,0.0056582239525040405,2.935846969515864,0.18056004511200668,47.735906485118264,1.0,1.0
murcko_framework,O1c2cc(OC3OCCCC3OC4OCCCC4)ccc2CC(OC5OCCCC5)=C1c6ccccc6,0,30,0.0,0.004140163867685883,3.9947376690823586,0.24421917283070577,65.3426545500901,1.0,1.0
murcko_framework,O1c2cccc(OC3OCCCC3)c2C(=CC1)c4ccccc4,0,32,0.0,0.004416174792198275,3.7488973108613264,0.2295077850906168,61.23640225029506,1.0,1.0
murcko_framework,O1CCCCC1OC2CCC3C4C(=CCC3C2)C5CCCC5CC4,0,92,0.0,0.012696502527570042,1.3170710646748987,0.08174816606014731,21.219756638057902,1.0,1.0
murcko_framework,O1c2ccccc2C3=C(C1)CCCC3,0,177,0.0,0.02442696681934671,0.6862804538683251,0.042748916540671145,11.017375397423816,1.0,1.0
murcko_framework,O1CCCCC1OC2CCCOC2OC3CCC4C(CCC5C6CCCC6CCC45)C3,0,145,0.0,0.020010792027148436,0.8372519685630861,0.05210835780757368,13.45256093948287,1.0,1.0
murcko_framework,O1CC2=C(C1)C3CCC4C5CCCCC5CCC4C3CC2,0,134,0.0,0.018492731942330278,0.9057398594649265,0.05634895245206629,14.558650291172588,1.0,1.0
murcko_framework,O1C2CC=C3CCCCC3C12,0,37,0.0,0.005106202103479255,3.249021915811894,0.19946756836778803,52.921602723717264,1.0,1.0
murcko_framework,N1=CN(C=CC1)C2OCCC2,0,37,0.0,0.005106202103479255,3.249021915811894,0.19946756836778803,52.921602723717264,1.0,1.0
murcko_framework,C1CC2CC3CCCC3C2C1,0,81,0.0,0.011178442442751884,1.49485795281634,0.09268958053727773,24.10843037745274,1.0,1.0
murcko_framework,C1=CC2C(C1)CC=CC3C2CCC4CC34,0,372,0.0,0.05133803195930495,0.32693151924776237,0.020406420805181673,5.237773899600737,0.41385829693131027,1.0
murcko_framework,O1c2ccccc2CC3C1CCC4C5CCCCC5CCC34,0,48,0.0,0.006624262188297413,2.5120922097080918,0.15486902514913442,40.748027334705235,1.0,1.0
murcko_framework,O1CCC2CCCCC12,0,252,0.0,0.03477737648856142,0.48238482836008506,0.03008292638728769,7.7351225620895745,0.6314871232210171,1.0
murcko_framework,O1C2=C(CCC1)CCCC2,0,58,0.0,0.008004316810859374,2.082645994029885,0.12870638226970604,33.70007189977272,1.0,1.0
murcko_framework,O1C2CC=CCC12,0,261,0.0,0.03601942564886718,0.46577688639708115,0.029049947441496034,7.468106726825351,0.6321350721961863,1.0
murcko_framework,O1c2ccc(cc2CC=C1c3ccc(OC4OCCCC4)cc3)C5OCCCC5,0,52,0.0,0.007176284037322197,2.3206818964343765,0.14322373735831748,37.60245727260023,1.0,1.0
murcko_framework,O1CCCCC1OCC2CCCC3C4C(=CCCC4)CCC23,0,30,0.0,0.004140163867685883,3.9947376690823586,0.24421917283070577,65.3426545500901,1.0,1.0
murcko_framework,O1CC2N(CCCC2)CCC3OC(CCC=CC=CC=CCCCCCCC=CCCCC1CCC4CCCCC4)CCC3,0,57,0.0,0.007866311348603178,2.1188688487436123,0.13091807998588428,34.293240465030934,1.0,1.0
murcko_framework,o1c2ccccc2c3ccccc13,0,134,0.0,0.018492731942330278,0.9057398594649265,0.05634895245206629,14.558650291172588,1.0,1.0
murcko_framework,N=1c2c(OC3=CCC=C(C13)CNC4COCCNCCNCC5N(CCNC4)CCC5)cccc2CNC6COCCNCCNCC7N(CCNC6)CCC7,0,61,0.0,0.008418333197627963,1.9810453039791873,0.12249797770827836,32.03759416962826,1.0,1.0
murcko_framework,C1=CC2CC3(C=CCC3C1)CCC4CC24,0,211,0.0,0.029119152536057378,0.575929377746135,0.03589755721280962,9.240033971801532,1.0,1.0
murcko_framework,O1CC2=COC(OC3OCCCC3)CC2CC1,0,90,0.0,0.01242049160305765,1.3461813236071487,0.08354119299592762,21.692342316885934,1.0,1.0
murcko_framework,n1cccc(c1)C2NCCC2,0,66,0.0,0.009108360508908942,1.8320818862356834,0.11338245518825726,29.60355755482463,1.0,1.0
murcko_framework,C12=C(CCCC1)CCCC2,0,98,0.0,0.013524535301107218,1.2368331428464123,0.07680289147619399,19.91795092398964,1.0,1.0
murcko_framework,c1ccc(cc1)C2N3CC4CN2CC(C3)C4,0,372,0.0,0.05133803195930495,0.32693151924776237,0.020406420805181673,5.237773899600737,0.41385829693131027,1.0
murcko_framework,O1CCCCC1OC2CC3=CCC4C(CCC5CC(OC6OCCCC6)CC54)C3CC2,0,53,0.0,0.007314289499578393,2.2773015216971095,0.1405809775837492,36.8904976324725,1.0,1.0
murcko_framework,c1ccc(cc1)CC2CCCCC2,0,101,0.0,0.013938551687875805,1.2002715282201317,0.07454800607944793,19.32515458455785,1.0,1.0
murcko_framework,n1cccc(c1)C2OCC3CC=CC2C3,0,35,0.0,0.004830191178966863,3.4320748773792915,0.21048802227061886,55.96108432618532,1.0,1.0
murcko_framework,C1=CC2C(CC1)CCC3CCCCC32,0,49,0.0,0.006762267650553609,2.46133947512794,0.15178372761905926,39.91331684136583,1.0,1.0
murcko_framework,O1CCC2C=C3CCCCC3CC12,0,70,0.0,0.009660382357933726,1.728124437257238,0.10701183196410949,27.90732590810382,1.0,1.0
murcko_framework,C1=C2C(CCC1)CCC3C2CCC4C5CCCCC5CCC34,0,129,0.0,0.017802704631049295,0.9407170027650943,0.05851337385612777,15.123866920872604,1.0,1.0
murcko_framework,O1CCC(C1)C2CC=C3C2CCC4C3CCC5CCC=CC54,0,59,0.0,0.00814232227311557,2.0476407142645185,0.12656816179765026,33.12707109878833,1.0,1.0
murcko_framework,O1c2ccccc2CC(OC3OCCCC3OC4OCCCC4)=C1c5ccccc5,0,372,0.0,0.05133803195930495,0.32693151924776237,0.020406420805181673,5.237773899600737,0.41385829693131027,1.0
murcko_framework,C1=CCCCC=CCCCC=CCC1,0,88,0.0,0.012144480678545257,1.3766073004572406,0.08541462649948736,22.186453741427353,1.0,1.0
murcko_framework,O1c2ccccc2C(c3cccc4c3OC(c5ccccc5)CC4)CC1c6ccccc6,0,157,0.0,0.02166685757422279,0.7734485308051812,0.04815483995168367,12.422897270656948,1.0,1.0
murcko_framework,c1ccc2c(c1)Cc3ccc4c(c3C2)CCCC4,0,81,0.0,0.011178442442751884,1.49485795281634,0.09268958053727773,24.10843037745274,1.0,1.0
murcko_framework,N1CCCC1,4,1397,0.13454423141607805,0.19279363077190595,0.6974595275011917,0.2612293700773653,1.8621558225176564,0.6722737902719507,1.0
murcko_framework,C1=CC2N(C1)CCC2,0,381,0.0,0.05258008111961071,0.3192148821800963,0.019925637316309593,5.113921295849685,0.4153311360632945,1.0
murcko_framework,c1ccc(cc1)C=C2NCCNC2,0,49,0.0,0.006762267650553609,2.46133947512794,0.15178372761905926,39.91331684136583,1.0,1.0
murcko_framework,O1Cc2ccccc2CC1,0,650,0.0,0.08970355046652746,0.18714103714246533,0.011690259076251298,2.995807668104135,0.1225744044429056,1.0
murcko_framework,O1c2cc3OCC=Cc3cc2CC=C1c4ccccc4,0,58,0.0,0.008004316810859374,2.082645994029885,0.12870638226970604,33.70007189977272,1.0,1.0
murcko_framework,O1CC2C=CC3CCCCC3C2C1,0,33,0.0,0.004554180254454471,3.6369849089845876,0.22279718329341747,59.370854840481435,1.0,1.0
murcko_framework,O1CC2C(OCC2C1c3ccccc3)c4ccccc4,0,219,0.0,0.030223196234106946,0.5549326568438825,0.034592961444175736,8.902107271988374,1.0,1.0
murcko_framework,n1cccc(c1)C=2OCC3=C(OC4CCC5CCCCC5C4C3)C2,0,50,0.0,0.006900273112809805,2.4125967498380914,0.14881894394266065,39.1121111541551,1.0,1.0
murcko_framework,O(C1=CC2C(=CCC3C2CCC4CCCC43)CC1)C5OCCCC5,0,51,0.0,0.007038278575066001,2.365746945918722,0.1459677487671136,38.34243289627761,1.0,1.0
murcko_framework,O1CCCCC1OC2CCOC(OC3CCC4C(CCC5C6C(=CCC54)C7CCCCC7CC6)C3)C2,0,278,0.0,0.038365518507222515,0.4373349989539556,0.027280468845193962,7.010946270586226,0.6345214605159025,1.0
murcko_framework,C1=CC2C3CCCCC2C3C1,0,105,0.0,0.014490573536900591,1.1547572275479214,0.07173966642320233,18.587544674488303,1.0,1.0
murcko_framework,O(Cc1ccccc1)C2CCCC34OCC(CC(OCc5ccccc5)C23)C4,0,66,0.0,0.009108360508908942,1.8320818862356834,0.11338245518825726,29.60355755482463,1.0,1.0
murcko_framework,c1ccc2c(c1)Cc3cc4c(cc3C2)CCCC4,0,120,0.0,0.01656065547074353,1.0109905827897465,0.06285937352374135,16.260135938254525,1.0,1.0
murcko_framework,O1CCCCC1OCC2OC(OCC3CCC4C3CCC5C6CCC(OC7OCCCC7)CC6CCC45)CCC2,0,51,0.0,0.007038278575066001,2.365746945918722,0.1459677487671136,38.34243289627761,1.0,1.0
murcko_framework,O1CCCC(OC2OCCCC2)C1,3,703,0.10090817356205853,0.09701783996610586,1.0401396611922928,0.33446764305169935,3.234664211204393,0.7672926600102317,1.0
murcko_framework,O1CCCCC1OC2CC=CCC2,0,105,0.0,0.014490573536900591,1.1547572275479214,0.07173966642320233,18.587544674488303,1.0,1.0
murcko_framework,O1c2cc(OCc3ccccc3)ccc2C=CC1,0,368,0.0,0.050786010110280166,0.3304821262627657,0.02062762647374443,5.294765052982498,0.4133324675695055,1.0
murcko_framework,c1ccc2c(c1)CCCC2,4,744,0.13454423141607805,0.1026760639186099,1.3107939750178366,0.49034765804749364,3.50400540666321,0.5555601988968197,1.0
murcko_framework,O1CC2CCCC1C2,0,110,0.0,0.01518060084818157,1.1024981605996256,0.06851336588301764,17.74109589362392,1.0,1.0
murcko_framework,O1CCCCC1OCC2CCC3C2CCC4C5CCCCC5CCC34,0,67,0.0,0.009246365971165139,1.8049374412246448,0.11171974094470334,29.160461160996103,1.0,1.0
murcko_framework,O1c2ccc(cc2OC1)CC3COCC3Cc4ccccc4,0,80,0.0,0.011040436980495689,1.5134297056713182,0.09383125363968882,24.410517659752845,1.0,1.0
murcko_framework,O1C=2c3ccccc3NCC2C=CC1,0,33,0.0,0.004554180254454471,3.6369849089845876,0.22279718329341747,59.370854840481435,1.0,1.0
murcko_framework,O(c1cccc2ccccc12)C3OCCCC3,0,94,0.0,0.012972513452082434,1.289192986014913,0.08003047803554361,20.76732010087335,1.0,1.0
murcko_framework,O1CCCCC1OC2CCCOC2OCCCCCCC3CCC4C3CCC5C6CCCCC6CCC45,0,30,0.0,0.004140163867685883,3.9947376690823586,0.24421917283070577,65.3426545500901,1.0,1.0
murcko_framework,C1CC2CCC3CCC2(C1)C3,0,55,0.0,0.007590300424090785,2.195230542464442,0.13557759518745932,35.54449485481419,1.0,1.0
murcko_framework,n1occc1,0,44,0.0,0.006072240339272629,2.7379133658175303,0.16857530670648754,44.46777968361716,1.0,1.0
murcko_framework,O(c1ccccc1)c2ccccc2,3,582,0.10090817356205853,0.08031917903310613,1.2565986323718283,0.40387005227869444,3.9097727448954727,0.5190870096274943,1.0
murcko_framework,O(c1ccccc1)CC=Cc2ccccc2,0,57,0.0,0.007866311348603178,2.1188688487436123,0.13091807998588428,34.293240465030934,1.0,1.0
murcko_framework,N(=Cc1ccccc1)Nc2ccccc2,0,47,0.0,0.006486256726041217,2.564981901533723,0.15808233649692185,41.61838887878318,1.0,1.0
murcko_framework,o1ccc2cc3C=C(COc3cc12)CCNCCc4c[nH]c5ccccc54,0,34,0.0,0.004692185716710667,3.5315601825789646,0.21646778956224189,57.615580352157025,1.0,1.0
murcko_framework,C1CCC2CCCC2C1,0,365,0.0,0.050371993723511574,0.3331960820351776,0.020796702075056343,5.33832858127781,0.41299168209158044,1.0
murcko_framework,O1CC(CN2CCN(c3ccccc3)CC2)C4CC5C(=CCCC5)CC14,0,89,0.0,0.012282486140801453,1.3612243345078923,0.08446752464147154,21.93661643005823,1.0,1.0
murcko_framework,N12CCCCC1CC3CCC4C5CCC6CCCCC6C5CC4C3C2,0,260,0.0,0.03588142018661099,0.46756554297445735,0.029161207480996595,7.496861613822576,0.632040953630761,1.0
murcko_framework,O1Cc2ccccc2C=CCCCCC=CCC1,0,51,0.0,0.007038278575066001,2.365746945918722,0.1459677487671136,38.34243289627761,1.0,1.0
murcko_framework,N=1c2ccccc2CN3C1CNCC3CC4c5ccccc5N6CCNC64,0,48,0.0,0.006624262188297413,2.5120922097080918,0.15486902514913442,40.748027334705235,1.0,1.0
murcko_framework,C1=CCCNC1,0,38,0.0,0.005244207565735451,3.164627368595756,0.1943789821515663,51.52237279571842,1.0,1.0
murcko_framework,c1ccc2c(c1)CC=CC2,1,647,0.03363605785401951,0.08928953407975888,0.3764980102803913,0.0529370726156364,2.677721769284683,0.5317615535857103,1.0
murcko_framework,O1c2ccccc2CC13CC=C(Nc4ccccc4)CC3,0,61,0.0,0.008418333197627963,1.9810453039791873,0.12249797770827836,32.03759416962826,1.0,1.0
murcko_framework,c1ccc(cc1)C2CC3C=CCC2C3,0,64,0.0,0.00883234958439655,1.88889584090995,0.11686089430381194,30.531406755549067,1.0,1.0
murcko_framework,N1CNCC1,0,95,0.0,0.013110518914338629,1.2756918222659672,0.07919841770447848,20.548259328471907,1.0,1.0
murcko_framework,O1CC(CN2CCNCC2)C3CC4C(=CCCC4)CC13,0,32,0.0,0.004416174792198275,3.7488973108613264,0.2295077850906168,61.23640225029506,1.0,1.0
murcko_framework,O1c2ccccc2C=C(C1)C(c3ccccc3)C4=Cc5ccccc5OC4,0,31,0.0,0.004278169329942079,3.867915262063572,0.2366350976839967,63.222947994312236,1.0,1.0
murcko_framework,O(Cc1ccccc1)CC2OCCCC2,0,47,0.0,0.006486256726041217,2.564981901533723,0.15808233649692185,41.61838887878318,1.0,1.0
murcko_framework,n1ccc2c3cc(OCCNc4ccccc4)ccc3n5c2c1-c6ccccc6C5,0,70,0.0,0.009660382357933726,1.728124437257238,0.10701183196410949,27.90732590810382,1.0,1.0
murcko_framework,n1nn(cc1)CC2N3CCC(CC3)C2,0,84,0.0,0.011592458829520473,1.4417801029408692,0.0894253629735279,23.24541714023054,1.0,1.0
murcko_framework,c1ccc2c(c1)[nH]c3c2CC4N(C3)CCNC4,0,60,0.0,0.008280327735371766,2.0137926338302385,0.1244998169522443,32.573226783333254,1.0,1.0
murcko_framework,C1=C2CCCCC2C3CC3C1,0,59,0.0,0.00814232227311557,2.0476407142645185,0.12656816179765026,33.12707109878833,1.0,1.0
murcko_framework,O1c2cc(OCCc3ccccc3)ccc2CC1=Cc4ccccc4,0,51,0.0,0.007038278575066001,2.365746945918722,0.1459677487671136,38.34243289627761,1.0,1.0
murcko_framework,O1CCCC(OC2OCCC(OC3OC(CCOC4OCCCC4)CCC3)C2)C1,0,48,0.0,0.006624262188297413,2.5120922097080918,0.15486902514913442,40.748027334705235,1.0,1.0
murcko_framework,O(Cc1ccccc1)C2C(OC3OC4(OC32)CCCCC4)C5OC6(OC5)CCCCC6,0,30,0.0,0.004140163867685883,3.9947376690823586,0.24421917283070577,65.3426545500901,1.0,1.0
murcko_framework,O1C(=CCc2cccc(OC3OCCCC3)c12)c4ccccc4,0,161,0.0,0.022218879423247573,0.754287746091507,0.04696700043735876,12.113824570564827,1.0,1.0
murcko_framework,O1c2ccccc2CC1c3ccccc3,0,336,0.0,0.04636983531808189,0.3619258377180698,0.022586205191069762,5.799571503924802,0.6516541155045477,1.0
murcko_framework,o1ccc(c1)C2OCCC34OC5CCCCC5C(CCC23)C4,0,84,0.0,0.011592458829520473,1.4417801029408692,0.0894253629735279,23.24541714023054,1.0,1.0
murcko_framework,c1ccc(cc1)CCC2NCCCC2,0,30,0.0,0.004140163867685883,3.9947376690823586,0.24421917283070577,65.3426545500901,1.0,1.0
murcko_framework,o1ccc(c1)C2OCCC3C2CCC4C5CC6CC(CC34)C5C6,0,58,0.0,0.008004316810859374,2.082645994029885,0.12870638226970604,33.70007189977272,1.0,1.0
murcko_framework,O1C=C(c2ccccc2)Cc3ccc4OCCC(c5ccccc5)c4c13,0,233,0.0,0.03215527270569369,0.5216503813665969,0.03252438517238116,8.366618429146891,1.0,1.0
murcko_framework,O1Cc2ccc(cc2C1)CC=CCCCNc3ccccc3,0,34,0.0,0.004692185716710667,3.5315601825789646,0.21646778956224189,57.615580352157025,1.0,1.0
murcko_framework,O1CCCCC2OC(CCC2)CC3OC(C=CCC4OC(CC1)CCC4)CCC3,0,55,0.0,0.007590300424090785,2.195230542464442,0.13557759518745932,35.54449485481419,1.0,1.0
murcko_framework,O1c2ccc(C=CNCCNCCC1)cc2,0,37,0.0,0.005106202103479255,3.249021915811894,0.19946756836778803,52.921602723717264,1.0,1.0
murcko_framework,O1C=2OC3CCC4CCCCC4C3CC2CCC1,0,45,0.0,0.006210245801528825,2.6777357500411143,0.16492624657996455,43.47560740474222,1.0,1.0
murcko_framework,O1CN2c3ccccc3CNCCC2C1,0,31,0.0,0.004278169329942079,3.867915262063572,0.2366350976839967,63.222947994312236,1.0,1.0
murcko_framework,N=1[N]C=CC1,0,39,0.0,0.005382213027991648,3.084505963010815,0.1895435270182853,50.195209435621834,1.0,1.0
murcko_framework,O1c2ccccc2CC1=Cc3c[nH]c4ccccc34,0,201,0.0,0.027739097913495415,0.6045198258729614,0.037673475601882965,9.700305428024016,1.0,1.0
murcko_framework,C1=CCC2C(C1)CCC3CCCCC32,0,108,0.0,0.014904589923669179,1.1228238069149996,0.06976843133372225,18.07025437256353,1.0,1.0
murcko_framework,C=1C=CCCCCCCCCCC=CCc2cccc3c2CC=C(NCC1)C3,0,66,0.0,0.009108360508908942,1.8320818862356834,0.11338245518825726,29.60355755482463,1.0,1.0
murcko_framework,O1CCCCC1OCC23CCCCC3C4=CCC5C(CCC6CC(OC7OCCCC7OC8OCCCC8)CCC65)C4CC2,0,200,0.0,0.02760109245123922,0.6075357260120255,0.037860776969929996,9.74886645020802,1.0,1.0
murcko_framework,O1c2ccc(C=CNCC(NCC3NCCC13)Cc4ccccc4)cc2,0,31,0.0,0.004278169329942079,3.867915262063572,0.2366350976839967,63.222947994312236,1.0,1.0
murcko_framework,O(Cc1ccccc1)C2OC(COC3OCCCC3)CCC2,0,82,0.0,0.011316447905008081,1.4767364242729972,0.09157535195948578,23.813727385283677,1.0,1.0
murcko_framework,O1c2cc(OCc3ccccc3)ccc2CC1=Cc4ccccc4,0,569,0.0,0.07852510802377557,0.21378202804905433,0.013352436721702965,3.422802629162187,0.18344397059199052,1.0
murcko_framework,O1CCCCC1OC2CCCC3C4OCCC4CCC23,0,34,0.0,0.004692185716710667,3.5315601825789646,0.21646778956224189,57.615580352157025,1.0,1.0
murcko_framework,c1ccc2c(c1)NCNC2,0,79,0.0,0.010902431518239492,1.532468672434598,0.09500139786223145,24.72027027853985,1.0,1.0
murcko_framework,O1c2ccccc2C=C(C1)CCNc3ccccc3,0,50,0.0,0.006900273112809805,2.4125967498380914,0.14881894394266065,39.1121111541551,1.0,1.0
murcko_framework,o1cc(c2ccccc12)CNc3ccccc3,0,49,0.0,0.006762267650553609,2.46133947512794,0.15178372761905926,39.91331684136583,1.0,1.0
murcko_framework,O(Cc1ccccc1)C2CCCC3CCC4CCCC(OCc5ccccc5)C4C23,0,59,0.0,0.00814232227311557,2.0476407142645185,0.12656816179765026,33.12707109878833,1.0,1.0
murcko_framework,O1C(=Cc2ccccc2)Cc3cccc(c13)CN4CCNCC4,0,120,0.0,0.01656065547074353,1.0109905827897465,0.06285937352374135,16.260135938254525,1.0,1.0
murcko_framework,N1CCCC2CCCCC12,0,78,0.0,0.010764426055983297,1.5519927084147764,0.09620109164695093,25.0379837248861,1.0,1.0
murcko_framework,o1ccc(c1)C2CC=C3C2CCC4C3CC5OCC6CCCC4C56,0,35,0.0,0.004830191178966863,3.4320748773792915,0.21048802227061886,55.96108432618532,1.0,1.0
murcko_framework,O1C2C=CC13C(N(CCCN4CCCCC4)CC3C2CNc5ccccc5)CNC6CCCCC6,0,160,0.0,0.022080873960991378,0.7589884058927588,0.04725843362300562,12.189642273695695,1.0,1.0
murcko_framework,O1CC23CCCCC2C14CCC5C6CCCCC6CCC5C4CC3,0,111,0.0,0.015318606310437768,1.0926087766300376,0.06790261254010821,17.58097213216717,1.0,1.0
murcko_framework,C1CC2CC3CCCC3(C1)C2,4,95,0.13454423141607805,0.013110518914338629,10.274790377763201,3.7759189131179394,27.959106044414604,0.000769204837704532,0.05587418473881531
murcko_framework,O1c2ccccc2CC(OC3OC(COCC=Cc4ccccc4)CCC3)=C1c5ccccc5,0,94,0.0,0.012972513452082434,1.289192986014913,0.08003047803554361,20.76732010087335,1.0,1.0
murcko_framework,O1CC2=CC=CCCC=CCC3OC4(OCCCC4)CC(OCC5C=CCC1C25)C3,0,192,0.0,0.026497048753189652,0.632790952111618,0.03942899139048127,10.155582858023507,1.0,1.0
murcko_framework,O1c2ccccc2C(=CC1)C3=Cc4ccccc4OC3,0,160,0.0,0.022080873960991378,0.7589884058927588,0.04725843362300562,12.189642273695695,1.0,1.0
murcko_framework,o1ccc(c1)C2CCC3C2CCC4C3CCC5C6COCC54CCC6,0,37,0.0,0.005106202103479255,3.249021915811894,0.19946756836778803,52.921602723717264,1.0,1.0
murcko_framework,O1CCCCC1OCC2OC(OCC3CCC4C3CCC5C6CCC(OC7OCCCC7OC8OCCCC8)CC6CCC45)CCC2,0,255,0.0,0.035191392875330005,0.4767188442461574,0.02973053605690735,7.6440214876849515,0.6316526247575495,1.0
murcko_framework,n1c(sc2ccccc12)C3=COc4c(cccc4CN5CCCCC5)C3,0,38,0.0,0.005244207565735451,3.164627368595756,0.1943789821515663,51.52237279571842,1.0,1.0
murcko_framework,N1=C[N]C=C1,2,197,0.06727211570803902,0.02718707606447063,2.475407791391232,0.6144781488247605,9.972110066729037,0.19579110166126082,1.0
murcko_framework,c1ccc(cc1)CCCC=CC=CC2NCCNCCCNCCNCCNCCNCCCCNCC2,0,187,0.0,0.025807021441908672,0.6496698615548456,0.04047683029899112,10.427469885733917,1.0,1.0
murcko_framework,c1ccc2c(c1)[nH]c3c2CC4N5CCC(CC35)C4,0,201,0.0,0.027739097913495415,0.6045198258729614,0.037673475601882965,9.700305428024016,1.0,1.0
murcko_framework,O1CCC(OC2OCCCC2)C(OC3OCCCC3)C1,0,67,0.0,0.009246365971165139,1.8049374412246448,0.11171974094470334,29.160461160996103,1.0,1.0
murcko_framework,n1cncnc1,0,55,0.0,0.007590300424090785,2.195230542464442,0.13557759518745932,35.54449485481419,1.0,1.0
murcko_framework,O(c1ccc2c(OC(c3ccccc3)CC2)c1)C4OCCCC4,0,413,0.0,0.05699625591180899,0.2944984200420929,0.018385399180207453,4.717293247603579,0.42354841600566595,1.0
murcko_framework,c1ccc(cc1)C2CCCCC2,0,173,0.0,0.023874944970321926,0.7021063583266016,0.043730793595093735,11.272453524784597,1.0,1.0
murcko_framework,C1CCC2C(C1)CCC3CCCCC32,0,525,0.0,0.07245286768450296,0.2316960298046637,0.014469839231105093,3.709996315083018,0.2860270241635579,1.0
murcko_framework,c1ccc(cc1)CCCN2CCCC2,0,69,0.0,0.009522376895677531,1.7529919565272618,0.10853642524166467,28.312898575819585,1.0,1.0
murcko_framework,O1c2ccccc2CC3=C1CCCC3,0,48,0.0,0.006624262188297413,2.5120922097080918,0.15486902514913442,40.748027334705235,1.0,1.0
murcko_framework,O1c2ccccc2CC=C1CCc3ccccc3,0,57,0.0,0.007866311348603178,2.1188688487436123,0.13091807998588428,34.293240465030934,1.0,1.0
murcko_framework,c1ccc2c(c1)[nH]c3c2CCNC43c5ccccc5NC4,0,85,0.0,0.011730464291776668,1.4249152110701055,0.08838778196588214,22.97131247758538,1.0,1.0
murcko_framework,n1c2ccccc2n3c1NCC3,0,59,0.0,0.00814232227311557,2.0476407142645185,0.12656816179765026,33.12707109878833,1.0,1.0
murcko_framework,O1CCC2(OC3(CCCC4CCCCC43)CC2)C1,0,176,0.0,0.024288961357090515,0.6901696810970942,0.04299022989915735,11.080056790182491,1.0,1.0
murcko_framework,c1ccc(cc1)-c2ccccc2,5,460,0.16818028927009754,0.06348251263785021,2.6520164361889136,1.0978018504772298,6.406612609332658,0.04368235091420012,1.0
murcko_framework,O1CCCCC1OC2COC(OC3COC4OC5CCCOC5OCCCCCCCCCCCOC3C4)CC2OC6OCCCC6,0,61,0.0,0.008418333197627963,1.9810453039791873,0.12249797770827836,32.03759416962826,1.0,1.0
murcko_framework,o1ccc2cc3C=C(COc3cc12)CCCNCCc4ccccc4,0,47,0.0,0.006486256726041217,2.564981901533723,0.15808233649692185,41.61838887878318,1.0,1.0
murcko_framework,O(CCCN1CCCCC1)C2CC3=CCC4C(CCC5CCCC54)C3CC2,0,34,0.0,0.004692185716710667,3.5315601825789646,0.21646778956224189,57.615580352157025,1.0,1.0
murcko_framework,O1CCC(CC1)CCNCc2ccccc2,0,146,0.0,0.02014879748940463,0.8315357902656629,0.05175427735582443,13.360282585704475,1.0,1.0
murcko_framework,O1c2ccccc2C=C(C1)CCNCCc3c[nH]c4ccccc43,0,77,0.0,0.0106264205937271,1.572020590484766,0.09743146859722107,25.363968874616305,1.0,1.0
murcko_framework,O1CCCCC1OC2CCCOC2OC3COC(OC4CCOC(OC5CC6C(=CCC7CCCC67)C8CCCCC58)C4)C(OC9OCCCC9)C3,0,143,0.0,0.019734781102636042,0.8489233291285566,0.05283125200090563,13.640994514503607,1.0,1.0
murcko_framework,o1cc2c(c1)C3CCC4CCCCC4C3CC2,0,85,0.0,0.011730464291776668,1.4249152110701055,0.08838778196588214,22.97131247758538,1.0,1.0
murcko_framework,O1CCC2CCCC3C4OC(C1CCCCC4)C23,0,95,0.0,0.013110518914338629,1.2756918222659672,0.07919841770447848,20.548259328471907,1.0,1.0
murcko_framework,n1c2ccccc2n3c1COCC3CNCc4ccccc4,0,61,0.0,0.008418333197627963,1.9810453039791873,0.12249797770827836,32.03759416962826,1.0,1.0
murcko_framework,O1c2cc3c(cc2OC1)CCNC3,0,235,0.0,0.03243128363020609,0.5172188014653144,0.03224889238074845,8.295332609591094,1.0,1.0
murcko_framework,C=1C=CCCC=CCCC=CCCC1,0,64,0.0,0.00883234958439655,1.88889584090995,0.11686089430381194,30.531406755549067,1.0,1.0
murcko_framework,O1CCNCCNCCNCCNCCNC(CNCCCCNCCNCCC1)Cc2ccccc2,0,31,0.0,0.004278169329942079,3.867915262063572,0.2366350976839967,63.222947994312236,1.0,1.0
murcko_framework,O1CCC2CC=CCCC=CCC12,0,221,0.0,0.030499207158619337,0.5499204599242139,0.034281491001235655,8.821451559162314,1.0,1.0
murcko_framework,O1CC2=CCC3C(CCC4C5CCCCC5CCC34)C2C1,0,114,0.0,0.015732622697206357,1.0639770667093533,0.06613397429031662,17.117483269853853,1.0,1.0
murcko_framework,O1CCCCC1OC2CCOC2OCCCCC3CCC4C3CCC5C6CCCCC6CCC45,0,66,0.0,0.009108360508908942,1.8320818862356834,0.11338245518825726,29.60355755482463,1.0,1.0
murcko_framework,n1cn(c2c1NCNC2)CCCOc3ccccc3,0,44,0.0,0.006072240339272629,2.7379133658175303,0.16857530670648754,44.46777968361716,1.0,1.0
murcko_framework,c1ccc(cc1)CC2NCCC2c3ccccc3,0,42,0.0,0.0057962294147602365,2.866764260774093,0.1763801992734908,46.594444051559776,1.0,1.0
murcko_framework,O1C=CCC=C1C(c2ccccc2)CCN3Cc4[nH]c5ccccc5c4CC3,0,43,0.0,0.005934234877016433,2.800857768526196,0.17238946975498262,45.50628440741406,1.0,1.0
murcko_framework,O1CCNCC(NCC(N2CCCC(NCCNCCC1)C2)Cc3ccccc3)Cc4ccccc4,0,104,0.0,0.014352568074644394,1.1658091450556471,0.0724217294033281,18.766618443012792,1.0,1.0
murcko_framework,c1ccc(cc1)CC2=CCNC2c3ccccc3,0,132,0.0,0.018216721017817884,0.9194139426569921,0.05719522119496454,14.77959137653439,1.0,1.0
murcko_framework,O1c2cc(OC3OCCCC3)ccc2CC(OC4OCCCC4)=C1c5ccccc5,0,500,0.0,0.06900273112809804,0.24327765726790446,0.015192132851824434,3.895701749254552,0.2793061864188645,1.0
murcko_framework,C1CCC2C(C1)CCC34CC5C(CC23)C5C4,0,212,0.0,0.029257157998313573,0.5732183305472853,0.03572912838992035,9.19639714939459,1.0,1.0
murcko_framework,n1csc2c1CC3CCCCC3C2,0,201,0.0,0.027739097913495415,0.6045198258729614,0.037673475601882965,9.700305428024016,1.0,1.0
murcko_framework,O1c2cc(OC3OC(COC4OCCCC4)CCC3)ccc2CC=C1c5ccccc5,0,313,0.0,0.04319570968618938,0.3884909470122713,0.024240357831542724,6.226195873812566,0.6434509145372087,1.0
murcko_framework,O1CC2(OC2)CCC1CCc3ccccc3,0,51,0.0,0.007038278575066001,2.365746945918722,0.1459677487671136,38.34243289627761,1.0,1.0
murcko_framework,O1C(c2ccccc2)C3CN(c4ccccc4)CC3C15Cc6ccccc6C5,0,104,0.0,0.014352568074644394,1.1658091450556471,0.0724217294033281,18.766618443012792,1.0,1.0
murcko_framework,O(c1ccccc1)CCc2ccc(OC3OCCCC3)cc2,0,53,0.0,0.007314289499578393,2.2773015216971095,0.1405809775837492,36.8904976324725,1.0,1.0
murcko_framework,n1nn(cc1)CC2N3CCC(C2)C(CNc4ccccc4)C3,0,30,0.0,0.004140163867685883,3.9947376690823586,0.24421917283070577,65.3426545500901,1.0,1.0
murcko_framework,o1cccc1C(c2ccccc2)CCNCc3ccccc3,0,46,0.0,0.006348251263785021,2.620146418814221,0.1614317970913098,42.52673500340135,1.0,1.0
murcko_framework,O1COCCC1,1,72,0.03363605785401951,0.009936393282446119,3.385940070285629,0.4703749602738473,24.373300298322196,0.2583767667614258,1.0
murcko_framework,C1=C2C3=C(CCC2CC1)C4CCCCC4CC3,0,60,0.0,0.008280327735371766,2.0137926338302385,0.1244998169522443,32.573226783333254,1.0,1.0
murcko_framework,O1c2ccc(cc2)CC3NCCc4ccc5Oc6cc7c(cc6Oc5c43)C(NCC7)Cc8cccc1c8,0,37,0.0,0.005106202103479255,3.249021915811894,0.19946756836778803,52.921602723717264,1.0,1.0
murcko_framework,O1CC1,3,828,0.10090817356205853,0.11426852274813037,0.8829612550627043,0.2840285594304539,2.7448668524926996,1.0,1.0
murcko_framework,O1CCCCC1OC2CCC34CC54CCC6C(CC78OCC(O7)CCC68)C5CCC3C2,0,137,0.0,0.018906748329098867,0.8859745937600318,0.055125476863411765,14.23935039570145,1.0,1.0
murcko_framework,O1c2ccc(cc2OC1)CCc3ccccc3,0,54,0.0,0.007452294961834589,2.235513087317173,0.13803396711316637,36.204992641189335,1.0,1.0
murcko_framework,O1c2ccccc2C=C(C1)CCCNCCc3ccccc3,0,44,0.0,0.006072240339272629,2.7379133658175303,0.16857530670648754,44.46777968361716,1.0,1.0
murcko_framework,O1CC2=C(C1)CCCC2,0,84,0.0,0.011592458829520473,1.4417801029408692,0.0894253629735279,23.24541714023054,1.0,1.0
murcko_framework,O1c2ccccc2CC=C1c3cccc(OC4OCCCC4)c3,0,138,0.0,0.019044753791355062,0.8795764511912993,0.05472937109515349,14.136006279794264,1.0,1.0
murcko_framework,c1ccc(cc1)Cn2ccc3ccccc32,0,55,0.0,0.007590300424090785,2.195230542464442,0.13557759518745932,35.54449485481419,1.0,1.0
murcko_framework,O(CC1=CNC2=C(CCCC2)C1c3ccccc3)CC4OCCC4,0,160,0.0,0.022080873960991378,0.7589884058927588,0.04725843362300562,12.189642273695695,1.0,1.0
murcko_framework,O1c2ccccc2COCc3ccccc13,0,30,0.0,0.004140163867685883,3.9947376690823586,0.24421917283070577,65.3426545500901,1.0,1.0
murcko_framework,O1c2ccccc2CC13CC=CCC3,0,34,0.0,0.004692185716710667,3.5315601825789646,0.21646778956224189,57.615580352157025,1.0,1.0
murcko_framework,O1C=CC(CCOCCc2ccccc2)CC1OC3OCCCC3,0,115,0.0,0.015870628159462552,1.0547636881923077,0.06556472292137619,16.968369396804402,1.0,1.0
murcko_framework,O1CCCCC1OC2C=CCC2,0,38,0.0,0.005244207565735451,3.164627368595756,0.1943789821515663,51.52237279571842,1.0,1.0
murcko_framework,O1CC=CCC(OC2OCCCC2)CCCCC=CC=CC(C1)COC3OCCCC3,0,55,0.0,0.007590300424090785,2.195230542464442,0.13557759518745932,35.54449485481419,1.0,1.0
murcko_framework,O1CC2OC13CC4C(CCC56CC76CCCCC7CCC45)C3CC2,0,36,0.0,0.004968196641223059,3.338040821779601,0.20482969417506067,54.398931623380356,1.0,1.0
murcko_framework,O1CCCCC1OC2CCCOC2OC3CCCC4=CCC5C(CCC6C7CC8(OCCCC8)OC7CC56)C43,0,89,0.0,0.012282486140801453,1.3612243345078923,0.08446752464147154,21.93661643005823,1.0,1.0
murcko_framework,c1ccc(cc1)C=CC23NCCN3c4ccccc4C2,0,172,0.0,0.02373693950806573,0.7061775149082596,0.04398334933608615,11.338078843233017,1.0,1.0
murcko_framework,C1=CCN(C1)CC2NCCC2,0,44,0.0,0.006072240339272629,2.7379133658175303,0.16857530670648754,44.46777968361716,1.0,1.0
murcko_framework,O1C=CC2CCC=CCCCC2C1,0,53,0.0,0.007314289499578393,2.2773015216971095,0.1405809775837492,36.8904976324725,1.0,1.0
murcko_framework,O1c2ccccc2-c3ccccc3C1,0,261,0.0,0.03601942564886718,0.46577688639708115,0.029049947441496034,7.468106726825351,0.6321350721961863,1.0
murcko_framework,o1c2ccccc2cc1-c3ccccc3,0,395,0.0,0.05451215759119746,0.3079092880494941,0.019221168398655793,4.932485252757922,0.4183795012181868,1.0
murcko_framework,C=1C=CCCC1,11,310,0.3699966363942146,0.04278169329942079,8.676884624599769,4.7504348680859145,15.848723091524388,1.289094962113319e-07,2.2473222172842193e-05
murcko_framework,O1CC2=C(C1)C3CCC4CCCCC4C3CC2,0,35,0.0,0.004830191178966863,3.4320748773792915,0.21048802227061886,55.96108432618532,1.0,1.0
murcko_framework,n1ccc2c(c1)[nH]c3ccccc32,0,266,0.0,0.036709452960148166,0.45703495321872284,0.028506139264967867,7.327577632385345,0.6326854113495554,1.0
murcko_framework,O1C2CC3CCC45CCC(CCC4CC3C12)C5,0,64,0.0,0.00883234958439655,1.88889584090995,0.11686089430381194,30.531406755549067,1.0,1.0
murcko_framework,O1c2ccccc2C(c3cccc4c3OC(c5ccccc5)C(OCc6ccccc6)C4)CC1c7ccccc7,0,32,0.0,0.004416174792198275,3.7488973108613264,0.2295077850906168,61.23640225029506,1.0,1.0
murcko_framework,s1cccc1-c2sccc2,0,80,0.0,0.011040436980495689,1.5134297056713182,0.09383125363968882,24.410517659752845,1.0,1.0
murcko_framework,O1CCCCC1OCC2CCc3ccccc3C2c4ccccc4,0,97,0.0,0.013386529838851021,1.2495203356141644,0.07758513692703177,20.123713522368668,1.0,1.0
murcko_framework,O1c2cc(OC3OCCCC3)ccc2CC(OC4OCCCC4OC5OCCCC5)=C1c6ccccc6,0,233,0.0,0.03215527270569369,0.5216503813665969,0.03252438517238116,8.366618429146891,1.0,1.0
murcko_framework,O(C1=CC2CC3OCCC4C5OCC34C(CC5)C2CC1)C6OCCCC6,0,43,0.0,0.005934234877016433,2.800857768526196,0.17238946975498262,45.50628440741406,1.0,1.0
murcko_framework,O1c2ccccc2OCc3ccccc13,0,279,0.0,0.03850352396947871,0.4357696925104373,0.027183068527670103,6.985790611436804,0.6347056255265282,1.0
murcko_framework,O1c2cc(OCc3ccccc3)ccc2CC1=Cc4sccc4,0,59,0.0,0.00814232227311557,2.0476407142645185,0.12656816179765026,33.12707109878833,1.0,1.0
murcko_framework,N1=CC2(c3ccccc13)CCN4CCCCC42,0,32,0.0,0.004416174792198275,3.7488973108613264,0.2295077850906168,61.23640225029506,1.0,1.0
murcko_framework,O1CCC2CCC=CCCC=CC12,0,1827,0.0,0.2521359795420703,0.0665046947995023,0.004157241616035263,1.0638964098971517,0.0012744371003626529,0.08770139519600888
murcko_framework,O1CC=C(C1)C2CCC3C2CCC4C5CCC(OC6OCC(OC7OCC(OC8OCCCC8)CC7)CC6)CC5CCC34,0,136,0.0,0.01876874286684267,0.8924664820074271,0.05552735692547626,14.344216357636066,1.0,1.0
murcko_framework,c1ccc(cc1)C=CC23NCCCN3c4ccccc4C2,0,138,0.0,0.019044753791355062,0.8795764511912993,0.05472937109515349,14.136006279794264,1.0,1.0
murcko_framework,C=1C=C2C(CCC3CCCCC23)C4C1C5CCCCC5CC4,0,72,0.0,0.009936393282446119,1.680447400311951,0.10408761295968512,27.130062693520873,1.0,1.0
murcko_framework,O1CCCC(OC2OCC(OC3OCCCC3)C(OC4OC(CCOC5OCCCC5)CCC4)C2)C1,0,42,0.0,0.0057962294147602365,2.866764260774093,0.1763801992734908,46.594444051559776,1.0,1.0
murcko_framework,c1ccc(cc1)NCNc2ccccc2,0,41,0.0,0.0056582239525040405,2.935846969515864,0.18056004511200668,47.735906485118264,1.0,1.0
murcko_framework,O(Sc1ccccc1)c2ccc3c(OC(=Cc4ccccc4)C3)c2,0,178,0.0,0.024564972281602905,0.6824348034152286,0.04251029647926102,10.955399032316445,1.0,1.0
murcko_framework,n1cccc(c1)C=C2Oc3cc(OCc4ccccc4)ccc3C2,0,38,0.0,0.005244207565735451,3.164627368595756,0.1943789821515663,51.52237279571842,1.0,1.0
murcko_framework,O(c1ccc2C=CCOc2c1)CC3C=CCC4CCCCC34,0,63,0.0,0.008694344122140355,1.9186448801685227,0.11868138567924466,31.017485641311175,1.0,1.0
murcko_framework,O(c1ccc2C=CCOc2c1)CCNSc3ccccc3,0,134,0.0,0.018492731942330278,0.9057398594649265,0.05634895245206629,14.558650291172588,1.0,1.0
murcko_framework,O1C=2C=CC3OCC4COC(CC1CC2)C34,0,43,0.0,0.005934234877016433,2.800857768526196,0.17238946975498262,45.50628440741406,1.0,1.0
murcko_framework,c1ccc2cn3c(cc2c1)-c4ccccc4CC3,0,44,0.0,0.006072240339272629,2.7379133658175303,0.16857530670648754,44.46777968361716,1.0,1.0
murcko_framework,N=1C=CNCC1,0,45,0.0,0.006210245801528825,2.6777357500411143,0.16492624657996455,43.47560740474222,1.0,1.0
murcko_framework,c1ccc(cc1)C2CCCC2,0,213,0.0,0.02939516346056977,0.5705326795751228,0.03556227223463418,9.153170424980805,1.0,1.0
murcko_framework,n1c(cc2c3ccccc3[nH]c2c1-c4ccccc4)CNCc5ccccc5,0,59,0.0,0.00814232227311557,2.0476407142645185,0.12656816179765026,33.12707109878833,1.0,1.0
murcko_framework,C1CCC2CC2C1,0,56,0.0,0.0077283058863469815,2.1563739284029575,0.13320710839678127,34.90766052247975,1.0,1.0
murcko_framework,O1CC(CN2CCCCC2)C3CC4C(CCCC54OC5)CC13,0,30,0.0,0.004140163867685883,3.9947376690823586,0.24421917283070577,65.3426545500901,1.0,1.0
murcko_framework,n1c2ccccc2ccc1-c3ccccc3,0,45,0.0,0.006210245801528825,2.6777357500411143,0.16492624657996455,43.47560740474222,1.0,1.0
murcko_framework,c1ccc(cc1)NCC23NCc4ccccc4N3CCC2,0,113,0.0,0.01559461723495016,1.0733527955086377,0.06671319530182218,17.269240641434838,1.0,1.0
murcko_framework,C1=CCCC2C1=CCC3C2CCC4CCCC43,0,38,0.0,0.005244207565735451,3.164627368595756,0.1943789821515663,51.52237279571842,1.0,1.0
murcko_framework,o1ccc(c1)CCC=CCCC=CCCCCC=C2OCC=C2,0,39,0.0,0.005382213027991648,3.084505963010815,0.1895435270182853,50.195209435621834,1.0,1.0
murcko_framework,c1ccc(cc1)CCNCC2CCCCC2,0,57,0.0,0.007866311348603178,2.1188688487436123,0.13091807998588428,34.293240465030934,1.0,1.0
murcko_framework,c1ccc(cc1)NCCCCC2CCC3C2CCC4C5CCCCC5CCC34,0,37,0.0,0.005106202103479255,3.249021915811894,0.19946756836778803,52.921602723717264,1.0,1.0
murcko_framework,O1C=CC=CC1,3,706,0.10090817356205853,0.09743185635287445,1.0357155120611212,0.33304842026314935,3.220872872108085,0.768175415772947,1.0
murcko_framework,O1CC=C2CCCCCCC=CC12,0,40,0.0,0.005520218490247844,3.0083411700473524,0.18494277520581456,48.93468579851472,1.0,1.0
murcko_framework,O1c2cc(OCc3ccccc3)ccc2CC1=Cc4cccc5c4OCOC5,0,50,0.0,0.006900273112809805,2.4125967498380914,0.14881894394266065,39.1121111541551,1.0,1.0
murcko_framework,O(c1ccccc1)Cc2ccc(OCc3ccccc3)cc2,0,87,0.0,0.01200647521628906,1.3923418770568594,0.0863832050406304,22.442046479919203,1.0,1.0
murcko_framework,O1c2ccccc2CC(OC3OCCCC3OC4OC(COCC=Cc5ccccc5)CCC4)=C1c6ccccc6,0,58,0.0,0.008004316810859374,2.082645994029885,0.12870638226970604,33.70007189977272,1.0,1.0
murcko_framework,O(c1ccc2C=CCOc2c1)CCNCCc3ccccc3,0,80,0.0,0.011040436980495689,1.5134297056713182,0.09383125363968882,24.410517659752845,1.0,1.0
murcko_framework,O1CCCC(OCc2c[nH]c3ccccc32)C1,0,39,0.0,0.005382213027991648,3.084505963010815,0.1895435270182853,50.195209435621834,1.0,1.0
murcko_framework,c1ccc(cc1)C=CNCc2ccccc2,0,118,0.0,0.01628464454623114,1.0280565529973273,0.06391427749530633,16.536215656014605,1.0,1.0
murcko_framework,C1=CCC2C(C1)CCC3C2CCC4C5CCCCC5CCC43,0,131,0.0,0.01807871555556169,0.9264069623882956,0.05762795797067804,14.892595368348628,1.0,1.0
murcko_framework,N(=Cc1ccccc1)NC2=NC=3NCNCC3[N]2,0,49,0.0,0.006762267650553609,2.46133947512794,0.15178372761905926,39.91331684136583,1.0,1.0
murcko_framework,O(CCCC=CCOC1CCC2C3=CCC4C(CCC5CC(OC6OC(COC7OCCCC7OC8OCCCC8)CCC6)CCC54)C3CCC2(COC9OCCCC9OC%10OCC(OC%11OCCC%11)C(OC%12OCCCC%12)C%10)C1)C%13OCCCC%13,0,52,0.0,0.007176284037322197,2.3206818964343765,0.14322373735831748,37.60245727260023,1.0,1.0
murcko_framework,O1CC=CCC1,1,561,0.03363605785401951,0.07742106432572601,0.4342658634480343,0.061045293849838145,3.089293674630526,0.7341538888533659,1.0
murcko_framework,O1c2ccccc2C3CCCCC13,0,34,0.0,0.004692185716710667,3.5315601825789646,0.21646778956224189,57.615580352157025,1.0,1.0
murcko_framework,O(CC=Cc1ccccc1)C2CCCC(OCC=Cc3ccccc3)C2,0,108,0.0,0.014904589923669179,1.1228238069149996,0.06976843133372225,18.07025437256353,1.0,1.0
murcko_framework,O1CCCCC1OC2CCC34CC54CCC6C7CCCOC7CC6C5CCC3C2,0,42,0.0,0.0057962294147602365,2.866764260774093,0.1763801992734908,46.594444051559776,1.0,1.0
murcko_framework,O1CC(CNCCc2ccccc2)C3CC4CCCCC4CC13,0,41,0.0,0.0056582239525040405,2.935846969515864,0.18056004511200668,47.735906485118264,1.0,1.0
murcko_framework,O1CCCCC1OC2CCC34CC54CCC6CCCC6C5CCC3C2,0,83,0.0,0.011454453367264276,1.4590489443175194,0.09048759007872809,23.5261412096609,1.0,1.0
murcko_framework,O(c1ccc-2c(OCc3ccccc23)c1)CCNSc4ccccc4,0,40,0.0,0.005520218490247844,3.0083411700473524,0.18494277520581456,48.93468579851472,1.0,1.0
murcko_framework,O1CCNCCNCCNCCC1,0,34,0.0,0.004692185716710667,3.5315601825789646,0.21646778956224189,57.615580352157025,1.0,1.0
murcko_framework,O1CC23CCCC1C3C4CCC5C6CCCCC6CCC5C4CC2,0,89,0.0,0.012282486140801453,1.3612243345078923,0.08446752464147154,21.93661643005823,1.0,1.0
murcko_framework,O1CCCCC1OCC2OC(OC3CCCCC3)CCC2,0,31,0.0,0.004278169329942079,3.867915262063572,0.2366350976839967,63.222947994312236,1.0,1.0
murcko_framework,O1c2ccccc2CC(OC3OC(COC4OCC(OC5OCCCC5)CC4)CCC3)=C1c6ccccc6,0,51,0.0,0.007038278575066001,2.365746945918722,0.1459677487671136,38.34243289627761,1.0,1.0
murcko_framework,O1CC2OC32CC4CCCCC4CCCC=CC13,0,127,0.0,0.017526693706536905,0.9554759855850866,0.059426416582095035,15.362433266838712,1.0,1.0
murcko_framework,O1CC2C=CCC(C1)C2,0,174,0.0,0.02401295043257812,0.6980818625653636,0.043481120983559246,11.207583333166324,1.0,1.0
murcko_framework,n1cnc2ccccc2c1,0,71,0.0,0.009798387820189923,1.7039525129318303,0.10552947147400055,27.513206744734116,1.0,1.0
murcko_framework,O1CCCCC1OC2COC(OC3CCCCC3OC4OCCCC4)C2,0,49,0.0,0.006762267650553609,2.46133947512794,0.15178372761905926,39.91331684136583,1.0,1.0
murcko_framework,O1C(NCC2C=C3c4cccc5[nH]cc(c54)CC3NC2)CN6CCN7CCCC7C16,0,52,0.0,0.007176284037322197,2.3206818964343765,0.14322373735831748,37.60245727260023,1.0,1.0
murcko_framework,C1=C2CCCCC2CCC1,5,830,0.16818028927009754,0.11454453367264276,1.4690412593771311,0.6093956649719638,3.541348168027472,0.40253288387778585,1.0
murcko_framework,C1=C2C(CCC1)CCC3CCCCC23,0,123,0.0,0.01697467185751212,0.9864280224302526,0.06134072117258487,15.862875832482752,1.0,1.0
murcko_framework,O(c1cccc2c1CC3=C(c4ccccc4C5OCCN35)C2)C6OCCCC6,0,40,0.0,0.005520218490247844,3.0083411700473524,0.18494277520581456,48.93468579851472,1.0,1.0
murcko_framework,c1ccc(cc1)CCNCCCc2ccccc2,0,190,0.0,0.026221037828677258,0.6394361920498965,0.03984155039829497,10.262618789071274,1.0,1.0
murcko_framework,O1CCCC=CCC=CCCC2OCC1C2,0,41,0.0,0.0056582239525040405,2.935846969515864,0.18056004511200668,47.735906485118264,1.0,1.0
murcko_framework,C1CCC2CCCC2CC1,0,238,0.0,0.03284530001697467,0.5107107894719216,0.03184429132205154,8.190652065238984,1.0,1.0
murcko_framework,n1occc1CC2(NCc3ccccc3)COC2,0,44,0.0,0.006072240339272629,2.7379133658175303,0.16857530670648754,44.46777968361716,1.0,1.0
murcko_framework,O1C=CC2CCC(OCC=Cc3ccccc3)C2C1OC4OCCCC4,0,67,0.0,0.009246365971165139,1.8049374412246448,0.11171974094470334,29.160461160996103,1.0,1.0
murcko_framework,c1ccc(cc1)CCCNCCN2CCC3CCCCC23,0,46,0.0,0.006348251263785021,2.620146418814221,0.1614317970913098,42.52673500340135,1.0,1.0
murcko_framework,c1ccc2c(c1)[nH]c3c2CCN4CCCCC34,0,187,0.0,0.025807021441908672,0.6496698615548456,0.04047683029899112,10.427469885733917,1.0,1.0
murcko_framework,O1CCCC1C2=CCCC2,0,33,0.0,0.004554180254454471,3.6369849089845876,0.22279718329341747,59.370854840481435,1.0,1.0
murcko_framework,O1CCC2CCCCCCC=CC12,0,276,0.0,0.038089507582710125,0.4404995787077594,0.027477377753645258,7.061804826553053,0.6341670935911616,1.0
murcko_framework,O1C=C2CN3CCc4c5ccccc5[nH]c4C3CC2CC1OC6OCCCC6,0,38,0.0,0.005244207565735451,3.164627368595756,0.1943789821515663,51.52237279571842,1.0,1.0
murcko_framework,O1CC2CCC3CCCCC13C2,0,68,0.0,0.009384371433421334,1.7785855347540747,0.1101050821593759,28.730431351547423,1.0,1.0
murcko_framework,O1CCNCC(NCCN2CCCC(NCCNCCC1)C2)Cc3ccccc3,0,137,0.0,0.018906748329098867,0.8859745937600318,0.055125476863411765,14.23935039570145,1.0,1.0
murcko_framework,n1cccc2c1CCCCOC3CC45OC(COC2)C(CCC4CC3OCc6ccccc6)C5,0,39,0.0,0.005382213027991648,3.084505963010815,0.1895435270182853,50.195209435621834,1.0,1.0
murcko_framework,C=1C=C2C(C3=CCC=CC13)CCC4C2CCC5CCCCC54,0,82,0.0,0.011316447905008081,1.4767364242729972,0.09157535195948578,23.813727385283677,1.0,1.0
murcko_framework,O1c2ccc(cc2CC=C1c3ccccc3)C4OCCCC4OC5OCCCC5,0,174,0.0,0.02401295043257812,0.6980818625653636,0.043481120983559246,11.207583333166324,1.0,1.0
murcko_framework,O1CC2CCCC3(C1)C2CC45CCC(CCC43)C5,0,38,0.0,0.005244207565735451,3.164627368595756,0.1943789821515663,51.52237279571842,1.0,1.0
murcko_framework,O1CCCCC1OC2CCOC(OC3CCCOC3OC4CCC5C(CCC6C7C(=CCC65)C8CCCCC8CC7)C4)C2,0,117,0.0,0.016146639083974942,1.0368074015505762,0.06445511695002257,16.67780059639906,1.0,1.0
murcko_framework,C1CC2CCC3(C1)CCCC23,0,40,0.0,0.005520218490247844,3.0083411700473524,0.18494277520581456,48.93468579851472,1.0,1.0
murcko_framework,O1C2=CCC1CCC3CCOC3CC2,0,112,0.0,0.015456611772693963,1.0828952039310202,0.06730265017290735,17.423712434564138,1.0,1.0
murcko_framework,O1CCCC(OC2OCC(OC3OCCC(OC4OCCC(OC5OCCCC5)C4)C3)C(OC6OC(CCOC7OC(CCOC8OCCCC8)CCC7)CCC6)C2)C1,0,31,0.0,0.004278169329942079,3.867915262063572,0.2366350976839967,63.222947994312236,1.0,1.0
murcko_framework,O1CCCC(OC2OCC(OC3OCCCC3)C(OC4OCCCC4)C2)C1,0,42,0.0,0.0057962294147602365,2.866764260774093,0.1763801992734908,46.594444051559776,1.0,1.0
murcko_framework,c1ccc(cc1)CCC2NCCNCCCCCCNCCNCC(NC2)CCc3ccccc3,0,36,0.0,0.004968196641223059,3.338040821779601,0.20482969417506067,54.398931623380356,1.0,1.0
murcko_framework,c1ccc(cc1)CNC2CCCC2c3ccccc3,0,31,0.0,0.004278169329942079,3.867915262063572,0.2366350976839967,63.222947994312236,1.0,1.0
murcko_framework,O1CCCCC1OC2CCOC2OC3CCCCC3,0,44,0.0,0.006072240339272629,2.7379133658175303,0.16857530670648754,44.46777968361716,1.0,1.0
murcko_framework,N(CCNCCN1CCCC1)CCNCC2NCCC2,0,57,0.0,0.007866311348603178,2.1188688487436123,0.13091807998588428,34.293240465030934,1.0,1.0
murcko_framework,O1c2ccccc2C=3OCCCC3C1,0,41,0.0,0.0056582239525040405,2.935846969515864,0.18056004511200668,47.735906485118264,1.0,1.0
murcko_framework,O1CCCC(OC2OCC(OC3OCCC(OC4OCCC(OC5OCCCC5)C4)C3)C(OC6OCCCC6)C2)C1,0,38,0.0,0.005244207565735451,3.164627368595756,0.1943789821515663,51.52237279571842,1.0,1.0
murcko_framework,o1ccc2c1CC3C(C2)CCC4CCCCC43,0,251,0.0,0.034639371026305224,0.4843035280832242,0.03020225289027979,7.765973888303718,0.631443490283333,1.0
murcko_framework,c1ccc(cc1)Nc2ccccc2,1,41,0.03363605785401951,0.0056582239525040405,5.946295506023701,0.8176829019178824,43.242227716910996,0.15799911187510274,1.0
murcko_framework,c1cc-2cc(c1)CCCCC3N4C(c5cccc2c5)CCCC4CCC3,0,56,0.0,0.0077283058863469815,2.1563739284029575,0.13320710839678127,34.90766052247975,1.0,1.0
murcko_framework,c1ccc(cc1)CCCN2CCCCC2,0,43,0.0,0.005934234877016433,2.800857768526196,0.17238946975498262,45.50628440741406,1.0,1.0
murcko_framework,O1CCCCC1OC2CCOC(OC3CCC4C(CCC5C6C(=CCC54)C7CCCCC7CC6)C3)C2OC8OCCCC8,0,209,0.0,0.028843141611544984,0.5814291155003646,0.03623922264440122,9.32856147795336,1.0,1.0
murcko_framework,c1ccc2c(c1)[nH]c3c2CCNC3,0,205,0.0,0.0282911197625202,0.5927497435784138,0.03694243751562624,9.510803350852449,1.0,1.0
murcko_framework,O1CCCCC1OC2CCCC3CCC4C(CCC5C6CC7(OCCCC7)OC6CC45)C23,0,30,0.0,0.004140163867685883,3.9947376690823586,0.24421917283070577,65.3426545500901,1.0,1.0
murcko_framework,O1CCC2CC3OC(CCCC12)CC3,0,39,0.0,0.005382213027991648,3.084505963010815,0.1895435270182853,50.195209435621834,1.0,1.0
murcko_framework,O1CCCC2Cc3ccccc3CC12CC4CCCCC4,0,32,0.0,0.004416174792198275,3.7488973108613264,0.2295077850906168,61.23640225029506,1.0,1.0
murcko_framework,O1CCC2CCC3OC3CCC4OC4C12,0,32,0.0,0.004416174792198275,3.7488973108613264,0.2295077850906168,61.23640225029506,1.0,1.0
murcko_framework,O=1c2cccc(OC3OCCCC3)c2C=C(OC4OC(COCC=Cc5ccccc5)CCC4)C1c6ccccc6,0,59,0.0,0.00814232227311557,2.0476407142645185,0.12656816179765026,33.12707109878833,1.0,1.0
murcko_framework,O(c1ccc2c(OC(c3ccccc3)CC2)c1)C4OC(COC5OCCCC5)CCC4,0,95,0.0,0.013110518914338629,1.2756918222659672,0.07919841770447848,20.548259328471907,1.0,1.0
murcko_framework,O1c2cccc3c2C4(C=CCCC14)CCNC3,0,68,0.0,0.009384371433421334,1.7785855347540747,0.1101050821593759,28.730431351547423,1.0,1.0
murcko_framework,O1C2CC=CCCC=CCCC12,0,72,0.0,0.009936393282446119,1.680447400311951,0.10408761295968512,27.130062693520873,1.0,1.0
murcko_framework,O1CCCCC1OC2COC(OC3CC4=CCC5C(CCC6C7CC8(OCCCC8)OC7CC56)C4CC3)C(OC9OCCCC9)C2,0,121,0.0,0.016698660932999727,1.002668288676173,0.06234487078501314,16.125523791421127,1.0,1.0
murcko_framework,O1CCC=CC=CC=CC=CC=CCCCCCCCCCCCCCCC1,0,110,0.0,0.01518060084818157,1.1024981605996256,0.06851336588301764,17.74109589362392,1.0,1.0
murcko_framework,O1CC12C3OC4C=CCCC4C2CC3,0,331,0.0,0.04567980800680091,0.36738728552693084,0.02292631869605818,5.887269533161168,0.649739152756765,1.0
murcko_framework,O1C=CC2CC3c4[nH]c5ccccc5c4CCN3CC2C1,0,52,0.0,0.007176284037322197,2.3206818964343765,0.14322373735831748,37.60245727260023,1.0,1.0
murcko_framework,O1CCCCC1OC2COC(OC3CCC4C(CCC5C4CCC6C5CC7OC8(OCCCC8)CC76)C3)C(OC9OCCCC9)C2,0,64,0.0,0.00883234958439655,1.88889584090995,0.11686089430381194,30.531406755549067,1.0,1.0
murcko_framework,O=1c2cccc(OC3OCCCC3)c2C=C(OC4OC(COC5OCC(OCC=Cc6ccccc6)CC5)CCC4)C1c7ccccc7,0,56,0.0,0.0077283058863469815,2.1563739284029575,0.13320710839678127,34.90766052247975,1.0,1.0
murcko_framework,o1ccc(c1)C2OCC3OC34C2CCC5C6CCCCC6CCC54,0,124,0.0,0.017112677319768316,0.978503555165677,0.060850677233865835,15.73473379420335,1.0,1.0
murcko_framework,O1c2cc(OC3OCCCC3)ccc2C=C(NCc4ccccc4)C1,0,33,0.0,0.004554180254454471,3.6369849089845876,0.22279718329341747,59.370854840481435,1.0,1.0
murcko_framework,c1ccc2c(c1)NC34CCC5(CCCN6CCC23C65)CC4,0,170,0.0,0.023460928583553337,0.7144630945788483,0.04449731229912031,11.471648221892176,1.0,1.0
murcko_framework,C1C2CC3C1C3C2,0,117,0.0,0.016146639083974942,1.0368074015505762,0.06445511695002257,16.67780059639906,1.0,1.0
murcko_framework,O1CC1C2OCC(C2)C3CCC4C5=CCC6CCCCC6C5CCC43,0,45,0.0,0.006210245801528825,2.6777357500411143,0.16492624657996455,43.47560740474222,1.0,1.0
murcko_framework,O1CCCCC1OC2CCC34CC54CCC6C7CCC8(OCC9OC98)OC7CC6C5CCC3C2,0,50,0.0,0.006900273112809805,2.4125967498380914,0.14881894394266065,39.1121111541551,1.0,1.0
murcko_framework,O1CCCCC1OC2CC3C4CCCC4CCC3C5CCCCC25,0,85,0.0,0.011730464291776668,1.4249152110701055,0.08838778196588214,22.97131247758538,1.0,1.0
murcko_framework,O1CC=CCC1CC2CCC3C4CC=C5CC=CCC5C4CCC23,0,67,0.0,0.009246365971165139,1.8049374412246448,0.11171974094470334,29.160461160996103,1.0,1.0
murcko_framework,C(#CC1=CCCCC1)C=CC=CC=CC=CC=CC=CC=CC=CCC2CCCC2,0,31,0.0,0.004278169329942079,3.867915262063572,0.2366350976839967,63.222947994312236,1.0,1.0
murcko_framework,C1=CCCCC=CCCC1,1,110,0.03363605785401951,0.01518060084818157,2.216135445980668,0.30930809261508857,15.87820180651929,0.36525051329875624,1.0
murcko_framework,O(c1ccc2c(OC(c3ccccc3)CC2)c1)C4OC(COCC=Cc5ccccc5)CCC4,0,34,0.0,0.004692185716710667,3.5315601825789646,0.21646778956224189,57.615580352157025,1.0,1.0
murcko_framework,O(CC=Cc1ccccc1)CC2OC(OCCc3ccccc3)CC(OC4OCCCC4)C2,0,77,0.0,0.0106264205937271,1.572020590484766,0.09743146859722107,25.363968874616305,1.0,1.0
murcko_framework,O1c2ccc3C=CCOc3c2CCC1,0,402,0.0,0.05547819582699083,0.3025514195267304,0.01888727975449459,4.846508478059503,0.4202296086625278,1.0
murcko_framework,O1CCC2CCC=CCCC3OC3C12,0,307,0.0,0.042367676912652204,0.39607453918830426,0.02471248024023941,6.34800874166355,0.6415870842935291,1.0
murcko_framework,O1C2=CC3OC(CCCC2=CC1)CC3,0,159,0.0,0.02194286849873518,0.7637480081366597,0.04755350527140403,12.266414780646782,1.0,1.0
murcko_framework,O1c2cc3OC45C6OCC5CC(C6)CC4Cc3cc2C=CC1,0,36,0.0,0.004968196641223059,3.338040821779601,0.20482969417506067,54.398931623380356,1.0,1.0
murcko_framework,O1CCC2(C1)CC3CCCCC3C2,0,86,0.0,0.011868469754032865,1.4084402588957758,0.08737399914182166,22.703595833567586,1.0,1.0
murcko_framework,o1ccc2c1CC=CCCC=CC2,0,35,0.0,0.004830191178966863,3.4320748773792915,0.21048802227061886,55.96108432618532,1.0,1.0
murcko_framework,O1C=CCc2ccc3c(c12)Cc4cc(cc(c4C3)C5OCCCC5)C6OCCCC6,0,37,0.0,0.005106202103479255,3.249021915811894,0.19946756836778803,52.921602723717264,1.0,1.0
murcko_framework,O(CCc1ccccc1)C2OC(COC3OCCCC3)C(OCC=Cc4ccccc4)C(OC5OCCCC5)C2,0,133,0.0,0.018354726480074083,0.9125256872662325,0.05676893372492168,14.668289067320481,1.0,1.0
murcko_framework,o1ccc(c1)C2CC3OC34C2CCC5C4CCC6C7COCC65CCC7,0,125,0.0,0.01725068278202451,0.9707053742320109,0.06036839965124787,15.608645069381609,1.0,1.0
murcko_framework,O1c2cccc3c2C45CCNC(C3)C65C=CC(CC6)C14,0,184,0.0,0.025393005055140083,0.6602363333201181,0.04113269213751242,10.59770205117327,1.0,1.0
murcko_framework,O1c2ccccc2Cc3c1cccc3OC4OC(COC5OCCCC5)CCC4,0,61,0.0,0.008418333197627963,1.9810453039791873,0.12249797770827836,32.03759416962826,1.0,1.0
murcko_framework,n1cnc(cc1)CC2CCCC2,0,31,0.0,0.004278169329942079,3.867915262063572,0.2366350976839967,63.222947994312236,1.0,1.0
murcko_framework,O1CCC2CC3CCCC3CCC12,0,375,0.0,0.05175204834607354,0.3243182062949753,0.020243603602857763,5.19582881575204,0.41430526036592685,1.0
murcko_framework,O1C(c2ccccc2)CCCC1CCc3ccccc3,0,61,0.0,0.008418333197627963,1.9810453039791873,0.12249797770827836,32.03759416962826,1.0,1.0
murcko_framework,c1ccc(cc1)CC2NCC34CC=CCCCCC=CC4CCCC23,0,94,0.0,0.012972513452082434,1.289192986014913,0.08003047803554361,20.76732010087335,1.0,1.0
murcko_framework,O1c2ccccc2CC3=C1c4ccccc4OC3,0,43,0.0,0.005934234877016433,2.800857768526196,0.17238946975498262,45.50628440741406,1.0,1.0
murcko_framework,O1C23C=CCCC4CC4CCCC13CCC2,0,80,0.0,0.011040436980495689,1.5134297056713182,0.09383125363968882,24.410517659752845,1.0,1.0
murcko_framework,O1CCC2CC3=CCCCC3CC12,0,96,0.0,0.013248524376594826,1.2624704753822844,0.07838347835078587,20.333771028623815,1.0,1.0
murcko_framework,n1nc(oc1-c2ccccc2)C3CNCC3,0,40,0.0,0.005520218490247844,3.0083411700473524,0.18494277520581456,48.93468579851472,1.0,1.0
murcko_framework,O=1c2cccc(OC3OCCCC3)c2C=C(OC4OC(COCC=Cc5ccccc5)CCC4OC6OCCCC6)C1c7ccccc7,0,46,0.0,0.006348251263785021,2.620146418814221,0.1614317970913098,42.52673500340135,1.0,1.0
murcko_framework,O1CCC2C1CCC3CCCCC32,2,104,0.06727211570803902,0.014352568074644394,4.689595577764544,1.1568677188219345,19.010217266140028,0.07031072353853496,1.0
murcko_framework,C1=CCCCCC1,0,90,0.0,0.01242049160305765,1.3461813236071487,0.08354119299592762,21.692342316885934,1.0,1.0
murcko_framework,O(c1ccc(cc1)C2OCC(Cc3ccccc3)C2)C4OCCCC4,0,43,0.0,0.005934234877016433,2.800857768526196,0.17238946975498262,45.50628440741406,1.0,1.0
murcko_framework,O1CCC2CCC=C3CC4OC4C3C12,0,85,0.0,0.011730464291776668,1.4249152110701055,0.08838778196588214,22.97131247758538,1.0,1.0
murcko_framework,O(CC=Cc1ccccc1)CC2OC(OC3OCCCC3)(COCC=Cc4ccccc4)C(OCC=Cc5ccccc5)C2,0,34,0.0,0.004692185716710667,3.5315601825789646,0.21646778956224189,57.615580352157025,1.0,1.0
murcko_framework,c1ccc2c(c1)NCC23CCN4CCCCC43,0,90,0.0,0.01242049160305765,1.3461813236071487,0.08354119299592762,21.692342316885934,1.0,1.0
murcko_framework,O1C=CC2C(OC3OCC(OCC=Cc4ccccc4)CC3)C5OC5C2C1OC6OCCCC6,0,44,0.0,0.006072240339272629,2.7379133658175303,0.16857530670648754,44.46777968361716,1.0,1.0
murcko_framework,O1C2=C(C=CC1)COCC2,0,34,0.0,0.004692185716710667,3.5315601825789646,0.21646778956224189,57.615580352157025,1.0,1.0
murcko_framework,n1cnc2c(nc(NN=Cc3ccccc3)n2C4OCCC4)c1,0,78,0.0,0.010764426055983297,1.5519927084147764,0.09620109164695093,25.0379837248861,1.0,1.0
murcko_framework,N(=Cc1ccccc1)CCC(c2ccccc2)C3CCOCC3,0,49,0.0,0.006762267650553609,2.46133947512794,0.15178372761905926,39.91331684136583,1.0,1.0
murcko_framework,N1CCCC1CN2CCCC2,0,41,0.0,0.0056582239525040405,2.935846969515864,0.18056004511200668,47.735906485118264,1.0,1.0
murcko_framework,O1CC2C3C(OC4C5CC(OC6OC=CC65)C43)C7OCC8CCCC2(C1)C78,0,30,0.0,0.004140163867685883,3.9947376690823586,0.24421917283070577,65.3426545500901,1.0,1.0
murcko_framework,O1C2CC3=CCCC(C3)CCC=CCCC12,0,44,0.0,0.006072240339272629,2.7379133658175303,0.16857530670648754,44.46777968361716,1.0,1.0
murcko_framework,c1ccc(cc1)CN2CC3(N4CCCC4CN(CCc5ccccc5)C3)C2,0,30,0.0,0.004140163867685883,3.9947376690823586,0.24421917283070577,65.3426545500901,1.0,1.0
murcko_framework,C1=CCNC1,0,209,0.0,0.028843141611544984,0.5814291155003646,0.03623922264440122,9.32856147795336,1.0,1.0
murcko_framework,N1=CC=CN(C1)C2OC(CC2)CCC3OC(OC4OCCCC4)CCC3,0,51,0.0,0.007038278575066001,2.365746945918722,0.1459677487671136,38.34243289627761,1.0,1.0
murcko_framework,c1ccc(cc1)C=CCNCCc2ccccc2,1,170,0.03363605785401951,0.023460928583553337,1.4338512390151215,0.20075174628264036,10.241153134133315,0.5035353122190948,1.0
murcko_framework,n1cscc1,41,204,1.3790783720147999,0.028153114300264005,49.655934850065535,35.435553685322766,69.58299248630726,3.056070015349194e-52,1.9979057725345356e-49
murcko_framework,O1CCCCC1n2c3ccccc3c4c2c5[nH]c6ccccc6c5c7c4CNC7,0,39,0.0,0.005382213027991648,3.084505963010815,0.1895435270182853,50.195209435621834,1.0,1.0
murcko_framework,C1=CC2C=CCC3CNCC23CCCCCCC1,0,112,0.0,0.015456611772693963,1.0828952039310202,0.06730265017290735,17.423712434564138,1.0,1.0
murcko_framework,O1CC2N(CCCC2)CCC3OC(CCCCC=CCCCCCC1C=CC4CCCCC4)CCC3,0,52,0.0,0.007176284037322197,2.3206818964343765,0.14322373735831748,37.60245727260023,1.0,1.0
murcko_framework,O1c2cccc3c2-c4c(OC3)cccc4C1,0,41,0.0,0.0056582239525040405,2.935846969515864,0.18056004511200668,47.735906485118264,1.0,1.0
murcko_framework,O(CC=Cc1ccccc1)C2CCC(OCCc3ccccc3)OC2COC4OCCCC4,0,36,0.0,0.004968196641223059,3.338040821779601,0.20482969417506067,54.398931623380356,1.0,1.0
murcko_framework,C1=CCCC2CCC2CCC1,3,180,0.10090817356205853,0.0248409832061153,4.065258136924804,1.2981388816760893,12.730782471052251,0.039848399631143144,1.0
murcko_framework,O1CCC2CCC=CCCCCC12,0,99,0.0,0.013662540763363413,1.2244009690287658,0.07603626007927378,19.716352847912173,1.0,1.0
murcko_framework,C1=CCC2N1CC2,0,144,0.0,0.019872786564892237,0.843047263515145,0.05246731553229439,13.546122596703292,1.0,1.0
murcko_framework,N(OCCNCCc1ccccc1)=C2C=C3CCC4C(CCC5CCCC54)C3CC2,0,289,0.0,0.039883578592040676,0.4207113904544838,0.02624598553483219,6.743815118820487,0.6367936359590328,1.0
murcko_framework,N1=CCN=CCNCCCCN=CCC(N=CCN=CCCN=CC1)C=CC=CCCCc2ccccc2,0,33,0.0,0.004554180254454471,3.6369849089845876,0.22279718329341747,59.370854840481435,1.0,1.0
murcko_framework,O1CCCCC1SCCc2c[nH]c3ccccc32,0,55,0.0,0.007590300424090785,2.195230542464442,0.13557759518745932,35.54449485481419,1.0,1.0
murcko_framework,O1CCCCC1OC2COC(OC3CCC4C(CCC5C6C(=CCC54)C7CCCCC7CC6)C3)C(OC8OCCCC8)C2,0,147,0.0,0.020286802951660826,0.8258971194705776,0.05140497544491642,13.26926131266644,1.0,1.0
murcko_framework,N1CCNCCNCCNCCN2CCCC2CNCCCN3CCCCC3CNCCNCCNCC1,0,44,0.0,0.006072240339272629,2.7379133658175303,0.16857530670648754,44.46777968361716,1.0,1.0
murcko_framework,C1=CC2CCCCC2C(C=C3CNCC3)C1,0,81,0.0,0.011178442442751884,1.49485795281634,0.09268958053727773,24.10843037745274,1.0,1.0
murcko_framework,O1CC=CCCCCCCCCCCCCC=CC=CCCCC2OC3(OCCCC3)CC1C2,0,109,0.0,0.015042595385925376,1.1125681725869228,0.06913520397087981,17.90416267774052,1.0,1.0
murcko_framework,c1ccc(cc1)CN2CC(NCCc3ccccc3)C2,0,30,0.0,0.004140163867685883,3.9947376690823586,0.24421917283070577,65.3426545500901,1.0,1.0
murcko_framework,n1ccc(cc1)CCC=CCC23OC3Cc4ccccc4C2,0,56,0.0,0.0077283058863469815,2.1563739284029575,0.13320710839678127,34.90766052247975,1.0,1.0
murcko_framework,O1CC2OC32CC4CCC=CC4CCCC=CC13,0,123,0.0,0.01697467185751212,0.9864280224302526,0.06134072117258487,15.862875832482752,1.0,1.0
murcko_framework,C1=CCCC2CCCC2CC=CCC1,0,123,0.0,0.01697467185751212,0.9864280224302526,0.06134072117258487,15.862875832482752,1.0,1.0
murcko_framework,n1cocc1,9,97,0.30272452068617556,0.013386529838851021,22.679744563629534,11.445107026291478,44.942420572379135,7.219278265264502e-10,1.452185589512821e-07
murcko_framework,O1c2ccc(cc2CC=C1c3ccccc3)C4OCCCC4OC5OC(COCC=Cc6ccccc6)CCC5,0,40,0.0,0.005520218490247844,3.0083411700473524,0.18494277520581456,48.93468579851472,1.0,1.0
murcko_framework,O1CC2C=CCCC2C=CC=CCCC=CCC3OC4(OCCCC4)CC1C3,0,58,0.0,0.008004316810859374,2.082645994029885,0.12870638226970604,33.70007189977272,1.0,1.0
murcko_framework,O(CCCC=CCOC1COC(OCCCC=CCOC2CCC3C4=CCC5C(CCC6CC(OC7OC(COC8OCCCC8OC9OCCCC9)CCC7)CCC65)C4CCC3(COC%10OCCCC%10OC%11OCC(OC%12OCCC%12)C(OC%13OCCCC%13)C%11)C2)CC1)C%14OCCCC%14,0,42,0.0,0.0057962294147602365,2.866764260774093,0.1763801992734908,46.594444051559776,1.0,1.0
murcko_framework,N1=C(NC2OCCCC2)NC3CCNCC13,0,46,0.0,0.006348251263785021,2.620146418814221,0.1614317970913098,42.52673500340135,1.0,1.0
murcko_framework,o1ccc(c1)C2OCCC3C2CCC4C5CCCC(C5)C6OC643,0,84,0.0,0.011592458829520473,1.4417801029408692,0.0894253629735279,23.24541714023054,1.0,1.0
murcko_framework,N12CCCCC1CCC2,0,134,0.0,0.018492731942330278,0.9057398594649265,0.05634895245206629,14.558650291172588,1.0,1.0
murcko_framework,C1=C2C(=CCC3CCCCC23)C4CCCC4C1,0,435,0.0,0.0600323760814453,0.27961285268242997,0.01745757698970133,4.47847644786723,0.4315743603275847,1.0
murcko_framework,C1=C2CCCCCC2CC1,0,123,0.0,0.01697467185751212,0.9864280224302526,0.06134072117258487,15.862875832482752,1.0,1.0
murcko_framework,O1CCC2CCC=C3CC=CC3C12,0,322,0.0,0.044437758846495146,0.3776446465744568,0.023565042224410835,6.051993360682893,0.6464708202803897,1.0
murcko_framework,O1OC23C=CC14CCCCC4C3CCC5CCCC52,0,96,0.0,0.013248524376594826,1.2624704753822844,0.07838347835078587,20.333771028623815,1.0,1.0
murcko_framework,O1CCCCC1OC2COC(OC3C=CCC4OC5(OCCC=C5)CC(OCC6C=CCC7OCC(=CC=CC3)C76)C4)CC2,0,49,0.0,0.006762267650553609,2.46133947512794,0.15178372761905926,39.91331684136583,1.0,1.0
murcko_framework,O1CCC2CC3OC3CCC=CCC12,0,62,0.0,0.008556338659884158,1.9493458886833697,0.120559487313188,31.519289592326263,1.0,1.0
murcko_framework,O1CCC2CCC=CCC=CCC12,0,33,0.0,0.004554180254454471,3.6369849089845876,0.22279718329341747,59.370854840481435,1.0,1.0
murcko_framework,O1CCCCC1OC2CCC3CC=CCC3C2,0,40,0.0,0.005520218490247844,3.0083411700473524,0.18494277520581456,48.93468579851472,1.0,1.0
murcko_framework,C1=CCCC=CCCC=CC1,1,106,0.03363605785401951,0.014628578999156787,2.2997758957820156,0.3208744909187109,16.482984221266317,0.3547673861729631,1.0
murcko_framework,o1ccc(c1)C2OCCC3C4=CC5CCCC(C5)C4CCC23,0,75,0.0,0.010350409669214708,1.6136679743918967,0.09998910393021328,26.042080879086964,1.0,1.0
murcko_framework,N(=Nc1ccccc1)c2ccccc2,0,140,0.0,0.019320764715867453,0.867053396341467,0.05395399169775236,13.93375297084073,1.0,1.0
murcko_framework,O(CC=Cc1ccccc1)CC2CCCC3C4CC=C5C6CCCCC6CCC5C4CCC23,0,39,0.0,0.005382213027991648,3.084505963010815,0.1895435270182853,50.195209435621834,1.0,1.0
murcko_framework,C1=C2CC=C3C(CCC4CCCC34)C2CCC1,0,40,0.0,0.005520218490247844,3.0083411700473524,0.18494277520581456,48.93468579851472,1.0,1.0
murcko_framework,C1=C2CCCC2CC3CCCC3CC1,0,39,0.0,0.005382213027991648,3.084505963010815,0.1895435270182853,50.195209435621834,1.0,1.0
murcko_framework,O1CCC(Nc2ccccc2)C1,0,46,0.0,0.006348251263785021,2.620146418814221,0.1614317970913098,42.52673500340135,1.0,1.0
murcko_framework,O1c2ccccc2CC1=Cc3cccc4c3OCOC4,0,55,0.0,0.007590300424090785,2.195230542464442,0.13557759518745932,35.54449485481419,1.0,1.0
murcko_framework,O1CCCCC1OC2C(OCCC2OC3OCCC3)OC4CCC5C(CCC6C7C(=CCC65)C8CCCCC8CC7)C4,0,77,0.0,0.0106264205937271,1.572020590484766,0.09743146859722107,25.363968874616305,1.0,1.0
murcko_framework,O1CCC2CCC3(OC3)C4CC=CC4C12,0,49,0.0,0.006762267650553609,2.46133947512794,0.15178372761905926,39.91331684136583,1.0,1.0
murcko_framework,O1CNCC1,0,63,0.0,0.008694344122140355,1.9186448801685227,0.11868138567924466,31.017485641311175,1.0,1.0
murcko_framework,O1CCCCC1OC2COC(OCC3OC(OCC45CCCC5C6CCC7C8CCCCC8CCC7C6CC4)CCC3)CC2,0,63,0.0,0.008694344122140355,1.9186448801685227,0.11868138567924466,31.017485641311175,1.0,1.0
murcko_framework,O(CC=Cc1ccccc1)C2CCC3C(CCC4C5CCCC5CCC34)C2,0,37,0.0,0.005106202103479255,3.249021915811894,0.19946756836778803,52.921602723717264,1.0,1.0
murcko_framework,O1c2cc3-c4ccccc4CCCCc3cc2OC1,0,227,0.0,0.03132723993215651,0.5354126284006896,0.03337983802239634,8.588018984951175,1.0,1.0
murcko_framework,N1CCNCCNCCNCCNCCCNCC2N(CCNCCNCCNCC1)CCC2,0,32,0.0,0.004416174792198275,3.7488973108613264,0.2295077850906168,61.23640225029506,1.0,1.0
murcko_framework,C1=CCCC2C1=CCCC2,2,229,0.06727211570803902,0.03160325085666891,2.1294052110723896,0.5291061356487088,8.569861975580578,0.24356709080659258,1.0
murcko_framework,O1C2CCCC3CCC3CCC12,0,105,0.0,0.014490573536900591,1.1547572275479214,0.07173966642320233,18.587544674488303,1.0,1.0
murcko_framework,O1CCC2CCCCCC=CCC12,0,58,0.0,0.008004316810859374,2.082645994029885,0.12870638226970604,33.70007189977272,1.0,1.0
murcko_framework,c1ccc(cc1)CC2NCC34CC=CCCCCC=CC4C=CCC23,0,43,0.0,0.005934234877016433,2.800857768526196,0.17238946975498262,45.50628440741406,1.0,1.0
murcko_framework,C1=CC2CCCC1C2,0,33,0.0,0.004554180254454471,3.6369849089845876,0.22279718329341747,59.370854840481435,1.0,1.0
murcko_framework,O1c2cc3c(c(c2OC1)CC=Cc4ccccc4)CCNC3,0,62,0.0,0.008556338659884158,1.9493458886833697,0.120559487313188,31.519289592326263,1.0,1.0
murcko_framework,C1=CC2C(CC1)CCC3C4CCCC4CCC23,0,116,0.0,0.016008633621718747,1.0457084792635376,0.06500518599565533,16.82183054866955,1.0,1.0
murcko_framework,O1CCCCC1OC2CCCOC2OC3COC(OC4CCC5C(CCC6C7C(=CCC65)C8CCCCC8CC7)C4)C(OC9OCCCC9)C3,0,38,0.0,0.005244207565735451,3.164627368595756,0.1943789821515663,51.52237279571842,1.0,1.0
murcko_framework,O1CCC2CC=CCCCC=CC12,0,73,0.0,0.010074398744702315,1.6575818825932929,0.10268461890982612,26.757441637041534,1.0,1.0
murcko_framework,O1CCC2CCC3CCC=CC3C12,0,160,0.0,0.022080873960991378,0.7589884058927588,0.04725843362300562,12.189642273695695,1.0,1.0
murcko_framework,N(OCCNCc1ccccc1)=C2C=C3CCC4C(CCC5CCCC54)C3CC2,0,75,0.0,0.010350409669214708,1.6136679743918967,0.09998910393021328,26.042080879086964,1.0,1.0
murcko_framework,C1=CCCCCC=CCC1,1,164,0.03363605785401951,0.022632895810016162,1.48632152118964,0.2080543008010971,10.61814947273532,0.4911847023280177,1.0
murcko_framework,O1CC=C2CC3CCCCC3CC12,0,391,0.0,0.05396013574217268,0.3110569502723182,0.019417313160044514,4.982997674045531,0.41741790807433854,1.0
murcko_framework,O1CC2=CC1C3CCOC3C=CCCC2,0,30,0.0,0.004140163867685883,3.9947376690823586,0.24421917283070577,65.3426545500901,1.0,1.0
murcko_framework,O1C(=Cc2ccccc2)Cc3ccc4OCCC(c5ccccc5)c4c13,0,193,0.0,0.026635054215445847,0.6295198456303723,0.039225898567768154,10.10289758838368,1.0,1.0
murcko_framework,O1CC=C(C1)CCCCCCCCCCCC2OCCC2,0,42,0.0,0.0057962294147602365,2.866764260774093,0.1763801992734908,46.594444051559776,1.0,1.0
murcko_framework,c1ccc(cc1)CC=CCCC2CCCCC2,0,59,0.0,0.00814232227311557,2.0476407142645185,0.12656816179765026,33.12707109878833,1.0,1.0
murcko_framework,O1COC2CCCOC2C1NCCC3OCCCC3,0,83,0.0,0.011454453367264276,1.4590489443175194,0.09048759007872809,23.5261412096609,1.0,1.0
murcko_framework,c1ccc(cc1)CCC2CCCC3CCCC23,0,42,0.0,0.0057962294147602365,2.866764260774093,0.1763801992734908,46.594444051559776,1.0,1.0
murcko_framework,O1CCC2CC3C(CC=CCCC12)CCCC43OC4,0,57,0.0,0.007866311348603178,2.1188688487436123,0.13091807998588428,34.293240465030934,1.0,1.0
murcko_framework,O1CC=C2CC3C=CCCC3CCCC=CC12,0,48,0.0,0.006624262188297413,2.5120922097080918,0.15486902514913442,40.748027334705235,1.0,1.0
murcko_framework,O1CCC2CC3C(CC=CC=CC12)CCCC43OC4,0,115,0.0,0.015870628159462552,1.0547636881923077,0.06556472292137619,16.968369396804402,1.0,1.0
murcko_framework,O(CC=Cc1ccccc1)C2CCCCC2OCC=Cc3ccccc3,0,88,0.0,0.012144480678545257,1.3766073004572406,0.08541462649948736,22.186453741427353,1.0,1.0
murcko_framework,C1=CCCCCCCCC1,0,147,0.0,0.020286802951660826,0.8258971194705776,0.05140497544491642,13.26926131266644,1.0,1.0
murcko_framework,O(CC=Cc1ccccc1)C2CCC3C(CCC4C3CCC5C6CCCC6CCC54)C2,0,129,0.0,0.017802704631049295,0.9407170027650943,0.05851337385612777,15.123866920872604,1.0,1.0
murcko_framework,C(=CC=CC=CC=CC=CC1=CCCCC1)C=CC=CC=CC=CC2=CCCCC2,0,224,0.0,0.030913223545387926,0.542569609876103,0.0338246586957285,8.703170790553523,1.0,1.0
murcko_framework,O1CCCCC1OC2CCCOC2OC3CC4C5CCCC5CCC4C6CCCCC36,0,106,0.0,0.014628578999156787,1.1439128577868196,0.07107032881974706,18.411855523122725,1.0,1.0
murcko_framework,O1CCCCC1OC2COC(OC3C(OCCC3OC4OCCC4)OCC56CCCCC6C7=CCC8C(CCC9CC(OC%10OCCCC%10OC%11OCCCC%11)CCC98)C7CC5)CC2,0,33,0.0,0.004554180254454471,3.6369849089845876,0.22279718329341747,59.370854840481435,1.0,1.0
murcko_framework,[N]1C=NC(=C1)CC2NCCC2CC3CC(OC4OCCCC4)CC5CCC6C7C(=CCC6C53)C8CCCCC8CC7,0,31,0.0,0.004278169329942079,3.867915262063572,0.2366350976839967,63.222947994312236,1.0,1.0
murcko_framework,O(CC=Cc1ccccc1)C2CC3COC4(CCCCC24)C3,0,37,0.0,0.005106202103479255,3.249021915811894,0.19946756836778803,52.921602723717264,1.0,1.0
murcko_framework,C1CC2CCC(C1)C2,1,39,0.03363605785401951,0.005382213027991648,6.2512509921662005,0.8585777981556161,45.51496562222545,0.15107525508712363,1.0
murcko_framework,N1=c2ccc(cc2=CC1)C3CC(=C4C=COc5cc6OC(Cc6cc54)CC7CCNCC7)CCC3,0,46,0.0,0.006348251263785021,2.620146418814221,0.1614317970913098,42.52673500340135,1.0,1.0
murcko_framework,O1CCCCC1OC2COC(OC3COC(OC4COC(OC5CC6=CCC7C8CCCC8C(OCC=Cc9ccccc9)CC7C6CC5)CC4)CC3)CC2,0,68,0.0,0.009384371433421334,1.7785855347540747,0.1101050821593759,28.730431351547423,1.0,1.0
murcko_framework,O1C=CC=C(C1)C2OCCCC2,0,31,0.0,0.004278169329942079,3.867915262063572,0.2366350976839967,63.222947994312236,1.0,1.0
murcko_framework,C=1C=CCCCCCCC=CCCC1,0,37,0.0,0.005106202103479255,3.249021915811894,0.19946756836778803,52.921602723717264,1.0,1.0
murcko_framework,O1CCC2CCC3OC(C=CC12)CC3,0,153,0.0,0.021114835725198004,0.7936079231912294,0.04940430704593819,12.748150382238316,1.0,1.0
murcko_framework,c1ccc(cc1)C=C2CC3CCCC(C2)C3,0,46,0.0,0.006348251263785021,2.620146418814221,0.1614317970913098,42.52673500340135,1.0,1.0
murcko_framework,O(CCc1ccccc1)C2OCC(OCC=Cc3ccccc3)C(OC4OCCCC4)C2,0,208,0.0,0.02870513614928879,0.5842185508361429,0.03641250521755577,9.373464228891462,1.0,1.0
murcko_framework,O1C=CC2CCCC2C1OC3OC(COCC=Cc4ccccc4)CCC3,0,51,0.0,0.007038278575066001,2.365746945918722,0.1459677487671136,38.34243289627761,1.0,1.0
murcko_framework,C1=CCCCCCC=CCC1,0,53,0.0,0.007314289499578393,2.2773015216971095,0.1405809775837492,36.8904976324725,1.0,1.0
murcko_framework,O1C=CC2CC(OCC=Cc3ccccc3)CC2C1OC4OCCCC4,0,97,0.0,0.013386529838851021,1.2495203356141644,0.07758513692703177,20.123713522368668,1.0,1.0
murcko_framework,O1CCNCCNCCNCCNCCC1,0,31,0.0,0.004278169329942079,3.867915262063572,0.2366350976839967,63.222947994312236,1.0,1.0
murcko_framework,O1CCC=CCNCCNC(C1)Cc2ccccc2,0,40,0.0,0.005520218490247844,3.0083411700473524,0.18494277520581456,48.93468579851472,1.0,1.0
murcko_framework,O1C2CCC3CCCCC3C12,0,56,0.0,0.0077283058863469815,2.1563739284029575,0.13320710839678127,34.90766052247975,1.0,1.0
murcko_framework,O1CC2=CCNCCC(OCCCCCC1)C2,0,62,0.0,0.008556338659884158,1.9493458886833697,0.120559487313188,31.519289592326263,1.0,1.0
murcko_framework,O1CCC2CCC=CCCCC2C1,0,114,0.0,0.015732622697206357,1.0639770667093533,0.06613397429031662,17.117483269853853,1.0,1.0
murcko_framework,O1CCC2CC3OC3CCC=CCCC=CCC12,0,90,0.0,0.01242049160305765,1.3461813236071487,0.08354119299592762,21.692342316885934,1.0,1.0
murcko_framework,O1C2=CCC3(CCC(Cc4cccc(c4)CCNCc5cccc(c5)-c6ccccc6C7=C8COC(=CCCc9ccccc9)C8%10CCC7C%11CCC2=C(C1)C%11%10)C3)C%12CCNCC%12,0,33,0.0,0.004554180254454471,3.6369849089845876,0.22279718329341747,59.370854840481435,1.0,1.0
murcko_framework,O(CC=Cc1ccccc1)CC2(OCCC2OCc3ccccc3)OC4OCC(OCC=Cc5ccccc5)C(OC6OCCCC6)C4OC7OCCCC7,0,47,0.0,0.006486256726041217,2.564981901533723,0.15808233649692185,41.61838887878318,1.0,1.0
murcko_framework,O1CC2CCCC3OCC45CCC(CCC4C32C1)C5,0,155,0.0,0.021390846649710395,0.7833985846034397,0.04877157413825427,12.58342288930352,1.0,1.0
murcko_framework,O1CCCCC1OC2CCOC(OC3COC(OC4CCCOC4OCC56CCCCC6C7=CCC8C(CCC9CC(OC%10OCCCC%10)CCC98)C7CC5)CC3)C2,0,82,0.0,0.011316447905008081,1.4767364242729972,0.09157535195948578,23.813727385283677,1.0,1.0
murcko_framework,O(CCC1C=COC(OC2OCCCC2)C1)CC3CCC(OCCC4C=COC(OC5OCCCC5)C4)C3,0,31,0.0,0.004278169329942079,3.867915262063572,0.2366350976839967,63.222947994312236,1.0,1.0
murcko_framework,o1ccc(c1)C2N3CC4(SCC5(CN6C(c7cocc7)CCCC6CC5)C4)CCC3CCC2,0,41,0.0,0.0056582239525040405,2.935846969515864,0.18056004511200668,47.735906485118264,1.0,1.0
murcko_framework,n1c2occ1-c3nc(co3)-c4nc(co4)CCCCCCCCCOCCCCC=C2,0,66,0.0,0.009108360508908942,1.8320818862356834,0.11338245518825726,29.60355755482463,1.0,1.0
murcko_framework,O1CCNCCNCCNCCNCCNCCNCCNCCNCCC1,0,46,0.0,0.006348251263785021,2.620146418814221,0.1614317970913098,42.52673500340135,1.0,1.0
murcko_framework,c1ccc(cc1)C2c3ccccc3CCC2,0,193,0.0,0.026635054215445847,0.6295198456303723,0.039225898567768154,10.10289758838368,1.0,1.0
murcko_framework,O(Cc1ccccc1)CC23CNC4C5CC2C4(CCC3)C6CC7CCC5C6C7,0,156,0.0,0.021528852111966593,0.7783917683950509,0.04846124537047829,12.502644958321149,1.0,1.0
murcko_framework,O1CC23CCCCC3C14C=CC5C6CCCCC6CCC5C4CC2,0,85,0.0,0.011730464291776668,1.4249152110701055,0.08838778196588214,22.97131247758538,1.0,1.0
murcko_framework,c1ccc(cc1)NCC2CCC3CCC4C(=CCC5C4CCC6CCCCC65)C3C2,0,73,0.0,0.010074398744702315,1.6575818825932929,0.10268461890982612,26.757441637041534,1.0,1.0
murcko_framework,O1CCCC1Nc2ccccc2,0,70,0.0,0.009660382357933726,1.728124437257238,0.10701183196410949,27.90732590810382,1.0,1.0
murcko_framework,O1c2ccccc2CC(C1c3ccccc3)C4Cc5ccccc5OC4c6ccccc6,0,61,0.0,0.008418333197627963,1.9810453039791873,0.12249797770827836,32.03759416962826,1.0,1.0
murcko_framework,O1CC(Cc2ccccc2)C(C1)Cc3ccc(OC4OCCCC4)cc3,0,77,0.0,0.0106264205937271,1.572020590484766,0.09743146859722107,25.363968874616305,1.0,1.0
murcko_framework,C1=CC23CCC4CCCCC4C3CCC1C2,0,350,0.0,0.04830191178966863,0.3474627396975711,0.021685408830766684,5.567354363495006,0.41200540260567825,1.0
murcko_framework,O1CCCC12CCCC3CCCCC32,0,104,0.0,0.014352568074644394,1.1658091450556471,0.0724217294033281,18.766618443012792,1.0,1.0
murcko_framework,c1ccc2c(c1)cc3NCCc4cccc2c34,0,49,0.0,0.006762267650553609,2.46133947512794,0.15178372761905926,39.91331684136583,1.0,1.0
murcko_framework,O1CC=CCC1CC2CCC3C4CC=C5CCCCC5C4CCC23,0,37,0.0,0.005106202103479255,3.249021915811894,0.19946756836778803,52.921602723717264,1.0,1.0
murcko_framework,c1ccc2c(c1)ccc3ccccc32,0,195,0.0,0.02691106513995824,0.6230780246826507,0.03882592386145692,9.999149697705766,1.0,1.0
murcko_framework,O1C2CC3C4CCCC4CCC3C5CCCCC125,0,78,0.0,0.010764426055983297,1.5519927084147764,0.09620109164695093,25.0379837248861,1.0,1.0
murcko_framework,C1=C2CCCC2CCCC1,0,83,0.0,0.011454453367264276,1.4590489443175194,0.09048759007872809,23.5261412096609,1.0,1.0
murcko_framework,C1=CC2C(=CC1)CCCC2,2,100,0.06727211570803902,0.01380054622561961,4.877206327835745,1.2025143204407018,19.781171134463857,0.06576811124094828,1.0
murcko_framework,O1C=C(c2ccccc2)Cc3ccc(OC4OC(COC5OCCCC5)CCC4)cc13,0,101,0.0,0.013938551687875805,1.2002715282201317,0.07454800607944793,19.32515458455785,1.0,1.0
murcko_framework,C1=C2C3CCCCC3CCC2C4CCC5CCCC5C4C1,0,211,0.0,0.029119152536057378,0.575929377746135,0.03589755721280962,9.240033971801532,1.0,1.0
murcko_framework,O(Cc1ccccc1)C2CC3COC4(CCCCC24)C3OCc5ccccc5,0,30,0.0,0.004140163867685883,3.9947376690823586,0.24421917283070577,65.3426545500901,1.0,1.0
murcko_framework,O1C2CCC3C4CCC5C6CCCCC6CCC5C4CCC3(C2)C1Cc7ccccc7,0,31,0.0,0.004278169329942079,3.867915262063572,0.2366350976839967,63.222947994312236,1.0,1.0
murcko_framework,o1ccc(c1)C2CC3OC34C2CCC5C6CCCCC6CCC54,0,55,0.0,0.007590300424090785,2.195230542464442,0.13557759518745932,35.54449485481419,1.0,1.0
murcko_framework,O(c1ccccc1)C2OCCCC2OC3OCCCC3,0,48,0.0,0.006624262188297413,2.5120922097080918,0.15486902514913442,40.748027334705235,1.0,1.0
murcko_framework,O=1c2ccccc2C=C(OC3OCCCC3)C1c4ccccc4,0,233,0.0,0.03215527270569369,0.5216503813665969,0.03252438517238116,8.366618429146891,1.0,1.0
murcko_framework,C1CC2CCC3CCC3C(C1)C2,2,70,0.06727211570803902,0.009660382357933726,6.967726114343415,1.7078993295262805,28.426269842244896,0.03533098075370445,1.0
murcko_framework,O1CC(Cc2ccccc2)C(C1)Cc3ccccc3,0,186,0.0,0.025669015979652474,0.6531542476865574,0.04069311516385814,10.483603173489398,1.0,1.0
murcko_framework,O1c2ccccc2Cc3c1cccc3OC4OCCCC4,0,50,0.0,0.006900273112809805,2.4125967498380914,0.14881894394266065,39.1121111541551,1.0,1.0
murcko_framework,C1=CC2CCC3C4CCCCC4CCC3C2CC1,0,38,0.0,0.005244207565735451,3.164627368595756,0.1943789821515663,51.52237279571842,1.0,1.0
murcko_framework,O1c2c(OC3OCCCC3)cccc2C=CC1,0,30,0.0,0.004140163867685883,3.9947376690823586,0.24421917283070577,65.3426545500901,1.0,1.0
murcko_framework,N(=Nc1cnn2cccnc12)c3ccccc3,0,36,0.0,0.004968196641223059,3.338040821779601,0.20482969417506067,54.398931623380356,1.0,1.0
murcko_framework,c1ccc2c(c1)[nH]c3c2CCN4CC5CCC4C3C5,0,155,0.0,0.021390846649710395,0.7833985846034397,0.04877157413825427,12.58342288930352,1.0,1.0
murcko_framework,n1cscc1C=CC2OCCCCCCCCCCCC3OC3C2,0,31,0.0,0.004278169329942079,3.867915262063572,0.2366350976839967,63.222947994312236,1.0,1.0
murcko_framework,n1c2occc2cc3ccccc13,0,117,0.0,0.016146639083974942,1.0368074015505762,0.06445511695002257,16.67780059639906,1.0,1.0
murcko_framework,o1ccc2c1CCCC2,3,60,0.10090817356205853,0.008280327735371766,12.197794612794613,3.823495091827553,38.91366141254925,0.002254248164370025,0.1437770475567711
murcko_framework,c1ccc2c(c1)cc3NCc4cccc2c34,0,47,0.0,0.006486256726041217,2.564981901533723,0.15808233649692185,41.61838887878318,1.0,1.0
murcko_framework,O1c2ccc(cc2CCC1c3ccccc3)C4c5ccccc5OC(c6ccccc6)C4,0,97,0.0,0.013386529838851021,1.2495203356141644,0.07758513692703177,20.123713522368668,1.0,1.0
murcko_framework,O(c1ccc2c(c1)Cc3ccccc3C2)C4OCCCC4,0,139,0.0,0.019182759253611258,0.8732700382651293,0.05433891606004086,14.034151120882825,1.0,1.0
murcko_framework,O1C2CCC3CCCC3CC12,0,45,0.0,0.006210245801528825,2.6777357500411143,0.16492624657996455,43.47560740474222,1.0,1.0
murcko_framework,O1CCCCC1OC2CCCOC2OCC3OC(OC4CCC5C(CCC6C7C(=CCC65)C8CCCCC8CC7)C4)CCC3,0,40,0.0,0.005520218490247844,3.0083411700473524,0.18494277520581456,48.93468579851472,1.0,1.0
murcko_framework,O1CC1CCCC2=C3CCC4C(CCC5CCCCC54)C3CC2,0,49,0.0,0.006762267650553609,2.46133947512794,0.15178372761905926,39.91331684136583,1.0,1.0
murcko_framework,O1CCCCC1OC2CCCC3CCCCC23,0,85,0.0,0.011730464291776668,1.4249152110701055,0.08838778196588214,22.97131247758538,1.0,1.0
murcko_framework,O1c2ccc3c4c2Oc5cc6c(cc15)CCNC6Cc7cccc(c7)-c8cccc(c8)CC4NCC3,0,43,0.0,0.005934234877016433,2.800857768526196,0.17238946975498262,45.50628440741406,1.0,1.0
murcko_framework,O1CCC2CC3CC=CC3CCC12,0,171,0.0,0.023598934045809532,0.7102961485346018,0.044238838436302684,11.404472550732166,1.0,1.0
murcko_framework,c1ccc(cc1)N2CC3CNC4(c5ccccc5NC4)C3C2,0,131,0.0,0.01807871555556169,0.9264069623882956,0.05762795797067804,14.892595368348628,1.0,1.0
murcko_framework,O1CC=C(C1)CCC2CCCC3CCCCC23,0,359,0.0,0.0495439609499744,0.3387598800998996,0.021143302500809515,5.427641039563456,0.4124512717969702,1.0
murcko_framework,C1=CC2CCCCCC2C1,0,127,0.0,0.017526693706536905,0.9554759855850866,0.059426416582095035,15.362433266838712,1.0,1.0
murcko_framework,c1ccc2c(c1)c3c4n2CCC5CCCN(CC3)C45,0,62,0.0,0.008556338659884158,1.9493458886833697,0.120559487313188,31.519289592326263,1.0,1.0
murcko_framework,C1CC2CC(C1)C2,7,128,0.23545240497813658,0.0176646991687931,13.358076428691842,6.236902522098948,28.61006809750836,1.6574896628833861e-06,0.00021671677342200276
murcko_framework,O1C=C(C=CC1)C2CCC3C2CCC4C5CCC(OC6OCCCC6)CC5CCC34,0,55,0.0,0.007590300424090785,2.195230542464442,0.13557759518745932,35.54449485481419,1.0,1.0
murcko_framework,c1cc2C=CCN3c2c(c1)CC3,0,31,0.0,0.004278169329942079,3.867915262063572,0.2366350976839967,63.222947994312236,1.0,1.0
murcko_framework,O(CC=Cc1ccccc1)C2CC3NC(CC3)C2,0,31,0.0,0.004278169329942079,3.867915262063572,0.2366350976839967,63.222947994312236,1.0,1.0
murcko_framework,O1CCC2CC3CCCC3C=CC12,0,49,0.0,0.006762267650553609,2.46133947512794,0.15178372761905926,39.91331684136583,1.0,1.0
murcko_framework,o1ccc(c1)CCC2CCCC3C2CCCC43OC4,0,65,0.0,0.008970355046652747,1.8600551692623262,0.11509540255612229,30.060325224653926,1.0,1.0
murcko_framework,O1CCCCC1OC2CCC34CC54C(=CCC3C2)C6CC78OCC(O7)CCC8C6CC5,0,32,0.0,0.004416174792198275,3.7488973108613264,0.2295077850906168,61.23640225029506,1.0,1.0
murcko_framework,O1CCC2CCCC34OC4CCC3C12,0,50,0.0,0.006900273112809805,2.4125967498380914,0.14881894394266065,39.1121111541551,1.0,1.0
murcko_framework,o1ccc2c1CC3=CCCCC3C2,0,78,0.0,0.010764426055983297,1.5519927084147764,0.09620109164695093,25.0379837248861,1.0,1.0
murcko_framework,o1c2ccccc2cc1-c3ccc4OCOc4c3,0,48,0.0,0.006624262188297413,2.5120922097080918,0.15486902514913442,40.748027334705235,1.0,1.0
murcko_framework,O1COC2C1OC(CNCCNc3ccccc3)C4OCOC24,0,75,0.0,0.010350409669214708,1.6136679743918967,0.09998910393021328,26.042080879086964,1.0,1.0
murcko_framework,O1c2ccccc2Cc3c1ccc4OCCCc43,0,46,0.0,0.006348251263785021,2.620146418814221,0.1614317970913098,42.52673500340135,1.0,1.0
murcko_framework,O1C=CCc2ccccc12,0,505,0.0,0.06969275843937903,0.24086968684973115,0.01504196648270361,3.857089171804847,0.28047701654194257,1.0
murcko_framework,O(c1ccc2c(c1)Cc3ccccc3C2)C4OC(COC5OCCCC5)CCC4,0,54,0.0,0.007452294961834589,2.235513087317173,0.13803396711316637,36.204992641189335,1.0,1.0
murcko_framework,o1ccc2c1CC3CCCCC3C2,0,402,0.0,0.05547819582699083,0.3025514195267304,0.01888727975449459,4.846508478059503,0.4202296086625278,1.0
murcko_framework,O1CCCCC1OC2CCOC(OC3C(OCCC3OC4OCCCC4)OC5COC(OC6CCC7C(CCC8C7CCC9C%10CC%11(OCCCC%11)OC%10CC89)C6)CC5)C2,0,62,0.0,0.008556338659884158,1.9493458886833697,0.120559487313188,31.519289592326263,1.0,1.0
murcko_framework,O1c2ccccc2CC(C1)Cc3ccccc3,0,212,0.0,0.029257157998313573,0.5732183305472853,0.03572912838992035,9.19639714939459,1.0,1.0
murcko_framework,O1c2cc(OC3OCC(OC4OCCCC4)CC3)ccc2CC=C1c5ccccc5,0,65,0.0,0.008970355046652747,1.8600551692623262,0.11509540255612229,30.060325224653926,1.0,1.0
murcko_framework,O1c2ccccc2COc3ccc4c(c13)COC4,0,54,0.0,0.007452294961834589,2.235513087317173,0.13803396711316637,36.204992641189335,1.0,1.0
murcko_framework,O1C=CC2CCC(COCC=Cc3ccccc3)C2C1OC4OCCCC4,0,46,0.0,0.006348251263785021,2.620146418814221,0.1614317970913098,42.52673500340135,1.0,1.0
murcko_framework,c1ccc-2cccc2cc1,0,80,0.0,0.011040436980495689,1.5134297056713182,0.09383125363968882,24.410517659752845,1.0,1.0
murcko_framework,O1c2ccccc2Cc3ccc4OCCc4c13,0,53,0.0,0.007314289499578393,2.2773015216971095,0.1405809775837492,36.8904976324725,1.0,1.0
murcko_framework,O1CCCC(OC2OCC(OC3OCCCC3)CC2)C1,0,184,0.0,0.025393005055140083,0.6602363333201181,0.04113269213751242,10.59770205117327,1.0,1.0
murcko_framework,O1C2CCCCC12,8,241,0.2690884628321561,0.03325931640374326,8.109750687481196,4.005966879901736,16.41752370521719,1.0555054157728855e-05,0.0012000637661939545
murcko_framework,C1CCC2(CC1)CCCCC2,0,61,0.0,0.008418333197627963,1.9810453039791873,0.12249797770827836,32.03759416962826,1.0,1.0
murcko_framework,n1coc(c1)Cc2ncco2,0,36,0.0,0.004968196641223059,3.338040821779601,0.20482969417506067,54.398931623380356,1.0,1.0
murcko_framework,c1ccc(cc1)-c2ccc(cc2)-c3ccccc3,0,109,0.0,0.015042595385925376,1.1125681725869228,0.06913520397087981,17.90416267774052,1.0,1.0
murcko_framework,C1=C2CCCC2CCC1,0,59,0.0,0.00814232227311557,2.0476407142645185,0.12656816179765026,33.12707109878833,1.0,1.0
murcko_framework,O1c2ccccc2Cc3ccccc3C1,0,51,0.0,0.007038278575066001,2.365746945918722,0.1459677487671136,38.34243289627761,1.0,1.0
murcko_framework,O1Cc2ccccc2C3C1CC=C4CCNC43,0,38,0.0,0.005244207565735451,3.164627368595756,0.1943789821515663,51.52237279571842,1.0,1.0
murcko_framework,C1=CC2C3CCCC3CCC2C4CCCCC14,0,60,0.0,0.008280327735371766,2.0137926338302385,0.1244998169522443,32.573226783333254,1.0,1.0
murcko_framework,c1ccc(cc1)CCCCCCCc2ccccc2,1,227,0.03363605785401951,0.03132723993215651,1.0737248089362685,0.15054805476979086,7.657920038144295,0.6069010365706977,1.0
murcko_framework,O(c1ccc(cc1)C=Cc2ccccc2)C3OCCCC3,0,34,0.0,0.004692185716710667,3.5315601825789646,0.21646778956224189,57.615580352157025,1.0,1.0
murcko_framework,C1CCC(CC1)C2CCC3CCCC3C2,0,32,0.0,0.004416174792198275,3.7488973108613264,0.2295077850906168,61.23640225029506,1.0,1.0
murcko_framework,O1CCCCC1OC2COC(OCC3OC(OCC45CCCCC5C6=CCC7C(CCC8CC(OC9OCCCC9)CCC87)C6CC4)CCC3)CC2,0,75,0.0,0.010350409669214708,1.6136679743918967,0.09998910393021328,26.042080879086964,1.0,1.0
murcko_framework,O(Cc1ccccc1)C2CC3C2C=CC4CCCC43,0,87,0.0,0.01200647521628906,1.3923418770568594,0.0863832050406304,22.442046479919203,1.0,1.0
murcko_framework,O1c2ccccc2CC=C1c3ccccc3OC4OCCCC4,0,76,0.0,0.010488415131470903,1.5925720773147554,0.09869372105014385,25.698553002718498,1.0,1.0
murcko_framework,O1c2ccccc2C3CC1(c4ccccc4)C(c5ccccc5)C3CN6CCCC6,0,38,0.0,0.005244207565735451,3.164627368595756,0.1943789821515663,51.52237279571842,1.0,1.0
murcko_framework,C1=C2CCC3C(CCC4CCCCC43)C2CC1,0,67,0.0,0.009246365971165139,1.8049374412246448,0.11171974094470334,29.160461160996103,1.0,1.0
murcko_framework,O1CCCCC1OC2COC(OC3CC4=CCC5C(CCC6C7CC8(OCCCC8)OC7CC56)C4CC3)CC2,0,65,0.0,0.008970355046652747,1.8600551692623262,0.11509540255612229,30.060325224653926,1.0,1.0
murcko_framework,n1ccc(c2ccccc12)CC3N4CCC(CC4)C3,3,95,0.10090817356205853,0.013110518914338629,7.703498139287613,2.4395062547698187,24.326186278873518,0.007768777213968928,0.4617125548756533
murcko_framework,C1=CCC2(CC1)CCCCC2,0,90,0.0,0.01242049160305765,1.3461813236071487,0.08354119299592762,21.692342316885934,1.0,1.0
murcko_framework,C1=C2C(CCC3C2CCC4CCCC43)C5CCCCC5C1,0,36,0.0,0.004968196641223059,3.338040821779601,0.20482969417506067,54.398931623380356,1.0,1.0
murcko_framework,N1CCN2CCNCC2C1,0,35,0.0,0.004830191178966863,3.4320748773792915,0.21048802227061886,55.96108432618532,1.0,1.0
murcko_framework,O1C=Cc2ccccc2C1,0,262,0.0,0.03615743111112338,0.4640018576793421,0.028939532860178845,7.439571501381518,0.6322345676812371,1.0
murcko_framework,O1Cc2ccccc2C1Cc3ccccc3,0,34,0.0,0.004692185716710667,3.5315601825789646,0.21646778956224189,57.615580352157025,1.0,1.0
murcko_framework,O(c1ccc2C=CCOc2c1)CCN3CCC4CCCCC4C3,0,42,0.0,0.0057962294147602365,2.866764260774093,0.1763801992734908,46.594444051559776,1.0,1.0
murcko_framework,O1CCCCC12OCCCC2,0,134,0.0,0.018492731942330278,0.9057398594649265,0.05634895245206629,14.558650291172588,1.0,1.0
murcko_framework,O1CCCCC1OC2COC3OC4CCCOC4OC5CCCOC5OCCCCCCCCCCCOC2C3,0,67,0.0,0.009246365971165139,1.8049374412246448,0.11171974094470334,29.160461160996103,1.0,1.0
murcko_framework,c1ccc2c(c1)CC3NCCC24CCC=CC34,0,45,0.0,0.006210245801528825,2.6777357500411143,0.16492624657996455,43.47560740474222,1.0,1.0
murcko_framework,O1CC=C2C(=CC3OCC4CCCC2C34)C1,0,32,0.0,0.004416174792198275,3.7488973108613264,0.2295077850906168,61.23640225029506,1.0,1.0
murcko_framework,O1CCCCC1OC2CCC3=CCC4C(CCC5CCCC54)C3C2,0,64,0.0,0.00883234958439655,1.88889584090995,0.11686089430381194,30.531406755549067,1.0,1.0
murcko_framework,O1c2ccccc2CC3=C1C=CCC3,0,32,0.0,0.004416174792198275,3.7488973108613264,0.2295077850906168,61.23640225029506,1.0,1.0
murcko_framework,O1CCCCC1OC2CCOC(OC3CCC4C(CCC5C6C(C=CC54)=C7CCCCC7CC6)C3)C2,0,39,0.0,0.005382213027991648,3.084505963010815,0.1895435270182853,50.195209435621834,1.0,1.0
murcko_framework,O=1c2ccccc2C=C(OC3OCCCC3OC4OCCCC4)C1c5ccccc5,0,99,0.0,0.013662540763363413,1.2244009690287658,0.07603626007927378,19.716352847912173,1.0,1.0
murcko_framework,n1c(cn2ccccc12)-c3ccccc3,0,57,0.0,0.007866311348603178,2.1188688487436123,0.13091807998588428,34.293240465030934,1.0,1.0
murcko_framework,O1c2cc3OCCc3cc2C=CC1,0,128,0.0,0.0176646991687931,0.9480390662263745,0.05896636167635099,15.242216842621291,1.0,1.0
murcko_framework,o1cccc1C=C2Oc3ccccc3C2,0,75,0.0,0.010350409669214708,1.6136679743918967,0.09998910393021328,26.042080879086964,1.0,1.0
murcko_framework,N(=Cc1nc(cs1)-c2ccccc2)Nc3ccccc3,0,30,0.0,0.004140163867685883,3.9947376690823586,0.24421917283070577,65.3426545500901,1.0,1.0
murcko_framework,O1CC23CCC1CC3CCC45CCC(CCC42)C5,0,30,0.0,0.004140163867685883,3.9947376690823586,0.24421917283070577,65.3426545500901,1.0,1.0
murcko_framework,O1C=C(c2ccccc2)Cc3ccc(OCCN4CCOCC4)cc13,0,40,0.0,0.005520218490247844,3.0083411700473524,0.18494277520581456,48.93468579851472,1.0,1.0
murcko_framework,O1CC=C2C=C3CCC4CCCCC4C3CC12,0,45,0.0,0.006210245801528825,2.6777357500411143,0.16492624657996455,43.47560740474222,1.0,1.0
murcko_framework,c1ccc2c(c1)CCN3CC=C4C=CCCC423,0,54,0.0,0.007452294961834589,2.235513087317173,0.13803396711316637,36.204992641189335,1.0,1.0
murcko_framework,O1C=C(c2ccccc2)Cc3ccc(OC4OCCCC4)cc13,0,387,0.0,0.05340811389314789,0.31426959648942,0.019617500121468068,5.034554793734431,0.41652796142991544,1.0
murcko_framework,O1CCC=CC=CCCCCC(OC2OCC(OC3OCCCC3)CC2)CCCC1,0,182,0.0,0.02511699413062769,0.667473642748387,0.04158186710262715,10.714311184349228,1.0,1.0
murcko_framework,c1ccc2c(c1)NC3NCCC23,0,77,0.0,0.0106264205937271,1.572020590484766,0.09743146859722107,25.363968874616305,1.0,1.0
murcko_framework,O1C=CCC=C1Cc2ccccc2,0,125,0.0,0.01725068278202451,0.9707053742320109,0.06036839965124787,15.608645069381609,1.0,1.0
murcko_framework,n1cn(c2NCN=Cc12)C3OCCC3,0,30,0.0,0.004140163867685883,3.9947376690823586,0.24421917283070577,65.3426545500901,1.0,1.0
murcko_framework,O1c2ccc3c4ccccc4[nH]c3c2C=CC1,0,49,0.0,0.006762267650553609,2.46133947512794,0.15178372761905926,39.91331684136583,1.0,1.0
murcko_framework,O1CCCCC1OC2CCOC(OC3CC4=CCC5C(CCC6C7CC8(OCCCC8)OC7CC56)C4CC3)C2OC9OCCCC9,0,70,0.0,0.009660382357933726,1.728124437257238,0.10701183196410949,27.90732590810382,1.0,1.0
murcko_framework,O1C=C(Cc2ccccc12)C3C=CNC4=C3CCCC4,0,32,0.0,0.004416174792198275,3.7488973108613264,0.2295077850906168,61.23640225029506,1.0,1.0
murcko_framework,O(c1ccccc1)C2OC(COC3OCCC3)CCC2,0,125,0.0,0.01725068278202451,0.9707053742320109,0.06036839965124787,15.608645069381609,1.0,1.0
murcko_framework,c1ccc2c(c1)ccn2CCNCCc3c[nH]c4ccccc43,0,48,0.0,0.006624262188297413,2.5120922097080918,0.15486902514913442,40.748027334705235,1.0,1.0
murcko_framework,N1=CCCC1,4,71,0.13454423141607805,0.009798387820189923,13.74841436629206,5.018192854697606,37.666726461164664,0.00026839584676488607,0.023395171309672568
murcko_framework,O(Cc1ccccc1)C2CC3NC(CC3)C2,0,96,0.0,0.013248524376594826,1.2624704753822844,0.07838347835078587,20.333771028623815,1.0,1.0
murcko_framework,O1COC23CC4C5CNC2C4(CCC5)C6CC7CCC13C6C7,0,104,0.0,0.014352568074644394,1.1658091450556471,0.0724217294033281,18.766618443012792,1.0,1.0
murcko_framework,O1C2C=CC13C(N(CCNCc4ccccc4)CC3C2CNc5ccccc5)CNC6CCCCC6,0,80,0.0,0.011040436980495689,1.5134297056713182,0.09383125363968882,24.410517659752845,1.0,1.0
murcko_framework,O1CCCCC1OC2C=CCCC2,0,63,0.0,0.008694344122140355,1.9186448801685227,0.11868138567924466,31.017485641311175,1.0,1.0
murcko_framework,C1=C2C3CCCCC3CCC2C4CCCC4C1,0,298,0.0,0.04112562775234644,0.40802155500331094,0.025456168375376377,6.539931182587429,0.6390335779487928,1.0
murcko_framework,c1ccc(cc1)C=C2CCNC2c3ccccc3,0,48,0.0,0.006624262188297413,2.5120922097080918,0.15486902514913442,40.748027334705235,1.0,1.0
murcko_framework,O1COC2C1OCC3OCOC32,0,102,0.0,0.014076557150132002,1.188559921583746,0.07382551120534558,19.135318728316115,1.0,1.0
murcko_framework,C1=CCC2(CC1)CCCC2,1,99,0.03363605785401951,0.013662540763363413,2.4624101037290806,0.34334251729218607,17.660100959145197,0.33600373872994793,1.0
murcko_framework,C1=CCCC2=C1CCC3CCCCC23,0,47,0.0,0.006486256726041217,2.564981901533723,0.15808233649692185,41.61838887878318,1.0,1.0
murcko_framework,O(Cc1ccccc1)CC2CCCN3CCCCC32,0,106,0.0,0.014628578999156787,1.1439128577868196,0.07107032881974706,18.411855523122725,1.0,1.0
murcko_framework,O1c2ccc(cc2OC1)C3OCC4C(OCC34)c5ccccc5,0,94,0.0,0.012972513452082434,1.289192986014913,0.08003047803554361,20.76732010087335,1.0,1.0
murcko_framework,O1CC(CN2CCN(c3ccccc3)CC2)C4CC5=CCCCC5CC14,0,40,0.0,0.005520218490247844,3.0083411700473524,0.18494277520581456,48.93468579851472,1.0,1.0
murcko_framework,O1CCC2(OCCC2)CC1,0,32,0.0,0.004416174792198275,3.7488973108613264,0.2295077850906168,61.23640225029506,1.0,1.0
murcko_framework,O(c1ccccc1)CC2=CC3C4CN(c5ccccc5)CC4C2C6CN(c7ccccc7)CC36,0,45,0.0,0.006210245801528825,2.6777357500411143,0.16492624657996455,43.47560740474222,1.0,1.0
murcko_framework,c1ccc(cc1)CNCc2ccccc2,0,173,0.0,0.023874944970321926,0.7021063583266016,0.043730793595093735,11.272453524784597,1.0,1.0
murcko_framework,O1CCCCC1OC2COC(OC3COC(OC4COC(OC5COC(OC6CC7=CCC8C(CCC9CCCC98)C7CC6)CC5)CC4)CC3)CC2,0,113,0.0,0.01559461723495016,1.0733527955086377,0.06671319530182218,17.269240641434838,1.0,1.0
murcko_framework,O1CC2=C(C1)CC3CCCC3CC2,0,69,0.0,0.009522376895677531,1.7529919565272618,0.10853642524166467,28.312898575819585,1.0,1.0
murcko_framework,c1ccc(cc1)CC2C3N(CCC3)C4(c5ccccc5NC4)C62c7ccccc7NC6,0,86,0.0,0.011868469754032865,1.4084402588957758,0.08737399914182166,22.703595833567586,1.0,1.0
murcko_framework,O(Cc1ccccc1)C2CCC3C(CCC4C5CCCC5CCC34)C2,0,60,0.0,0.008280327735371766,2.0137926338302385,0.1244998169522443,32.573226783333254,1.0,1.0
murcko_framework,O1c2ccccc2OC(C1)CN3CC4C(CNc5ccccc5)C6OC4(C=C6)C3CNC7CCCCC7,0,60,0.0,0.008280327735371766,2.0137926338302385,0.1244998169522443,32.573226783333254,1.0,1.0
murcko_framework,O1CCCCC1OCC2CCCC3C2CCC4C5C(=CCC43)C6CCCCC6CC5,0,48,0.0,0.006624262188297413,2.5120922097080918,0.15486902514913442,40.748027334705235,1.0,1.0
murcko_framework,c1ccc(cc1)C2NCCC2,0,55,0.0,0.007590300424090785,2.195230542464442,0.13557759518745932,35.54449485481419,1.0,1.0
murcko_framework,C1CC2CC3CCC2C3C1,0,44,0.0,0.006072240339272629,2.7379133658175303,0.16857530670648754,44.46777968361716,1.0,1.0
murcko_framework,O1CCC2CCCC3C4CC=CCC4CC1C23,0,87,0.0,0.01200647521628906,1.3923418770568594,0.0863832050406304,22.442046479919203,1.0,1.0
murcko_framework,O1C=CCc2cccc(c12)C3OCCCC3,0,47,0.0,0.006486256726041217,2.564981901533723,0.15808233649692185,41.61838887878318,1.0,1.0
murcko_framework,n1ccc2cccc3-c4ccccc4Cc1c23,0,42,0.0,0.0057962294147602365,2.866764260774093,0.1763801992734908,46.594444051559776,1.0,1.0
murcko_framework,O1CC2CCC3C4=CCC5CC(OC6OCCCC6OC7OCC(OC8OCCC(OC9OCCCC9)C8)CC7)CCC5C4CCC32C1,0,163,0.0,0.022494890347759963,0.7450589277661134,0.0463947835443189,11.96498320363357,1.0,1.0
murcko_framework,O1C2CCCCC3OC3CCC12,0,52,0.0,0.007176284037322197,2.3206818964343765,0.14322373735831748,37.60245727260023,1.0,1.0
murcko_framework,O1CC=CCC1CC2CCC3C2CCC4C3CC5OC65CC=CCC46,0,148,0.0,0.02042480841391702,0.8203343903697022,0.05106035598972555,13.179471607261076,1.0,1.0
murcko_framework,O1C=CC2CCC3(OC3)C2C1,0,30,0.0,0.004140163867685883,3.9947376690823586,0.24421917283070577,65.3426545500901,1.0,1.0
murcko_framework,o1ccc(c1)CCC2CCCC3C=CCCC32,0,181,0.0,0.024978988668371494,0.6711521099371353,0.04181015260587674,10.773583127504653,1.0,1.0
murcko_framework,O1OC23C4OCCC3CCCC2CCC1O4,0,174,0.0,0.02401295043257812,0.6980818625653636,0.043481120983559246,11.207583333166324,1.0,1.0
murcko_framework,c1ccc(cc1)C2NCCC32c4ccccc4NC3,0,74,0.0,0.01021240420695851,1.6353302042764781,0.10131893891042468,26.39491595330741,1.0,1.0
murcko_framework,O1C=CCCC1,0,193,0.0,0.026635054215445847,0.6295198456303723,0.039225898567768154,10.10289758838368,1.0,1.0
murcko_framework,C1=CC2CCCC2CC1,0,70,0.0,0.009660382357933726,1.728124437257238,0.10701183196410949,27.90732590810382,1.0,1.0
murcko_framework,O1C2C=CC13C(N(CCCN4CCN(Cc5ccccc5)CC4)CC3C2CNc6ccccc6)CNC7CCCCC7,0,72,0.0,0.009936393282446119,1.680447400311951,0.10408761295968512,27.130062693520873,1.0,1.0
murcko_framework,O1CCCCC1OC2CC3CCCC4CCOC4C3C2,0,85,0.0,0.011730464291776668,1.4249152110701055,0.08838778196588214,22.97131247758538,1.0,1.0
murcko_framework,c1ccc(cc1)CN2CCC3(Nc4ccccc4-n5cccc53)CC2,0,89,0.0,0.012282486140801453,1.3612243345078923,0.08446752464147154,21.93661643005823,1.0,1.0
murcko_framework,O1c2cccc3c2C45C(=CC=CC14)C(NCC5)C3,0,59,0.0,0.00814232227311557,2.0476407142645185,0.12656816179765026,33.12707109878833,1.0,1.0
murcko_framework,C1=CC2CCCC(C1)C2,0,65,0.0,0.008970355046652747,1.8600551692623262,0.11509540255612229,30.060325224653926,1.0,1.0
murcko_framework,C1=CC2C(CCC1)CCC3CCCC32,0,72,0.0,0.009936393282446119,1.680447400311951,0.10408761295968512,27.130062693520873,1.0,1.0
murcko_framework,O1CCC2CC3C(=CCC12)CCC3,0,38,0.0,0.005244207565735451,3.164627368595756,0.1943789821515663,51.52237279571842,1.0,1.0
murcko_framework,c1ccc(cc1)CCNCCNCCNCCCc2ccccc2,0,50,0.0,0.006900273112809805,2.4125967498380914,0.14881894394266065,39.1121111541551,1.0,1.0
murcko_framework,O1C=CCC1,12,213,0.4036326942482341,0.02939516346056977,13.78285790392473,7.6967205155137135,24.681573355415143,2.4832586347595327e-10,5.411434441580149e-08
murcko_framework,O1c2cccc3c2C45CCNC(C3)C5CCCC14,0,63,0.0,0.008694344122140355,1.9186448801685227,0.11868138567924466,31.017485641311175,1.0,1.0
murcko_framework,O1C=C2COCC2COP1,0,67,0.0,0.009246365971165139,1.8049374412246448,0.11171974094470334,29.160461160996103,1.0,1.0
murcko_framework,c1ccc2c(c1)C=3NCc4ccccc4C3C2,0,51,0.0,0.007038278575066001,2.365746945918722,0.1459677487671136,38.34243289627761,1.0,1.0
murcko_framework,O1C=CC2C=CCC2C1OC3OCCCC3,0,74,0.0,0.01021240420695851,1.6353302042764781,0.10131893891042468,26.39491595330741,1.0,1.0
murcko_framework,O1Cc2ccccc2C1N3CCCC3CNCc4ccccc4,0,42,0.0,0.0057962294147602365,2.866764260774093,0.1763801992734908,46.594444051559776,1.0,1.0
murcko_framework,O1CCCCC1OCCCCC2OC3CC4C5CC=C6CCCC(OC7OCCCC7OC8OCCCC8)C6C5CCC4C3C2,0,38,0.0,0.005244207565735451,3.164627368595756,0.1943789821515663,51.52237279571842,1.0,1.0
murcko_framework,C1=CC2CCCC2CCC1,1,156,0.03363605785401951,0.021528852111966593,1.562560392725265,0.2186593719541768,11.166203209553741,0.47423813214482474,1.0
murcko_framework,O1c2ccccc2C=C(C1)CCNCCc3ccccc3,0,122,0.0,0.016836666395255925,0.9944818687522091,0.061838720586447474,15.993121751190193,1.0,1.0
murcko_framework,C1=CCC(=CC1)CC2CCCC3C=CCCC32,0,54,0.0,0.007452294961834589,2.235513087317173,0.13803396711316637,36.204992641189335,1.0,1.0
murcko_framework,O1CC2CCC1C2,0,38,0.0,0.005244207565735451,3.164627368595756,0.1943789821515663,51.52237279571842,1.0,1.0
murcko_framework,O1C=CCC12CNC(Cc3ccccc3)C2,0,49,0.0,0.006762267650553609,2.46133947512794,0.15178372761905926,39.91331684136583,1.0,1.0
murcko_framework,o1c2cc(ccc2cc1Cc3ccccc3)NCc4ccccc4,0,92,0.0,0.012696502527570042,1.3170710646748987,0.08174816606014731,21.219756638057902,1.0,1.0
murcko_framework,O1CC=C(C1)C2CC=C3C2CCC4C5C=CCCC5CCC34,0,47,0.0,0.006486256726041217,2.564981901533723,0.15808233649692185,41.61838887878318,1.0,1.0
murcko_framework,O1CCCCC1OCCCCC2OC3CC4C5CCC6CC(OC7OCCCC7OC8OCCCC8)CCC6C5CCC4C3C2,0,90,0.0,0.01242049160305765,1.3461813236071487,0.08354119299592762,21.692342316885934,1.0,1.0
murcko_framework,C1=CC2C(CCC3CCCCC32)C4C1=C5CCCCC5CC4,0,126,0.0,0.01738868824428071,0.9630304846965055,0.05989370525286815,15.484560698644945,1.0,1.0
murcko_framework,N12CCCCC1C3CN4CCCCC4C(C2)C3,0,206,0.0,0.028429125224776395,0.5898784704762936,0.036764088317310185,9.464578773944956,1.0,1.0
murcko_framework,n1cccc(c1)CN2CC3C(CNc4ccccc4)C5OC3(C=C5)C2CNC6CCCCC6,0,76,0.0,0.010488415131470903,1.5925720773147554,0.09869372105014385,25.698553002718498,1.0,1.0
murcko_framework,O1c2ccc3c(OC(c4ccccc4)CC3)c2CCC1,0,45,0.0,0.006210245801528825,2.6777357500411143,0.16492624657996455,43.47560740474222,1.0,1.0
murcko_framework,n1c(sc2ccccc12)C=Cc3ccccc3,0,43,0.0,0.005934234877016433,2.800857768526196,0.17238946975498262,45.50628440741406,1.0,1.0
murcko_framework,n1c(sc2c1CC3CCCCC3C2)Nc4ccccc4,0,51,0.0,0.007038278575066001,2.365746945918722,0.1459677487671136,38.34243289627761,1.0,1.0
murcko_framework,O1c2c(ccc3c2CNC3)CC14CCCC5CCCCC54,0,155,0.0,0.021390846649710395,0.7833985846034397,0.04877157413825427,12.58342288930352,1.0,1.0
murcko_framework,O1CC(NCNc2ccccc2)C3OCCC13,0,54,0.0,0.007452294961834589,2.235513087317173,0.13803396711316637,36.204992641189335,1.0,1.0
murcko_framework,O1CC=C(C1)CCC2CCCC34C(=CCCC23)COC4,0,63,0.0,0.008694344122140355,1.9186448801685227,0.11868138567924466,31.017485641311175,1.0,1.0
murcko_framework,c1ccc(cc1)C2=CC=C3N(C2)CC4CN(Cc5ccccc5)CC3C4,0,35,0.0,0.004830191178966863,3.4320748773792915,0.21048802227061886,55.96108432618532,1.0,1.0
murcko_framework,O1C=CC2CC=C(COCc3ccccc3)C2C1OC4OCCCC4,0,60,0.0,0.008280327735371766,2.0137926338302385,0.1244998169522443,32.573226783333254,1.0,1.0
murcko_framework,O(CCCCNCCc1ccccc1)CCC2CCC3C2CCC4C5C(=CCCC5)CCC43,0,129,0.0,0.017802704631049295,0.9407170027650943,0.05851337385612777,15.123866920872604,1.0,1.0
murcko_framework,O1c2ccccc2C=C(C3=CCOc4c3cccc4CN5CCCCC5)C1,0,30,0.0,0.004140163867685883,3.9947376690823586,0.24421917283070577,65.3426545500901,1.0,1.0
murcko_framework,c1ccc2c(c1)NCC3N(C2)CCNC3,0,31,0.0,0.004278169329942079,3.867915262063572,0.2366350976839967,63.222947994312236,1.0,1.0
murcko_framework,O1C2C=CC13CNCC3C2,0,80,0.0,0.011040436980495689,1.5134297056713182,0.09383125363968882,24.410517659752845,1.0,1.0
murcko_framework,n1oc(nc1)C2NCCC2,0,43,0.0,0.005934234877016433,2.800857768526196,0.17238946975498262,45.50628440741406,1.0,1.0
murcko_framework,O1c2ccc(cc2CC=C1c3ccccc3)C4OCCCC4,0,218,0.0,0.03008519077185075,0.5574731639782226,0.03475082812700479,8.942990579104695,1.0,1.0
murcko_framework,c1ccc(cc1)CC2C=CCCC2,0,36,0.0,0.004968196641223059,3.338040821779601,0.20482969417506067,54.398931623380356,1.0,1.0
murcko_framework,C1=CC2C(=CCCC2)CC1,0,50,0.0,0.006900273112809805,2.4125967498380914,0.14881894394266065,39.1121111541551,1.0,1.0
murcko_framework,O1C=C(c2ccccc2)Cc3ccc(OCc4ccccc4)cc13,0,353,0.0,0.048715928176437225,0.34451254825451316,0.02150164565237781,5.519991252004135,0.4121043284084798,1.0
murcko_framework,O1c2cc3c(cc2OC4CC=C5C(=CC=C6C5CCC7C6CCC8CCCCC87)C14)C9C(=CC3)C%10CCC%11CCCCC%11C%10CC9,0,32,0.0,0.004416174792198275,3.7488973108613264,0.2295077850906168,61.23640225029506,1.0,1.0
murcko_framework,O1c2ccc3c(OC(c4ccccc4)CC3)c2C=CC1,0,150,0.0,0.020700819338429415,0.8094307020988835,0.050384792815826994,13.003488252798476,1.0,1.0
murcko_framework,O1c2ccccc2C=C(C1)CCNCc3ccccc3,0,95,0.0,0.013110518914338629,1.2756918222659672,0.07919841770447848,20.548259328471907,1.0,1.0
murcko_framework,C=1C=C2C(CCC3CCCC23)C4C1CCCC4,0,172,0.0,0.02373693950806573,0.7061775149082596,0.04398334933608615,11.338078843233017,1.0,1.0
murcko_framework,S1CC2NCNC2C1,0,45,0.0,0.006210245801528825,2.6777357500411143,0.16492624657996455,43.47560740474222,1.0,1.0
murcko_framework,c1ccc2NCCNc2c1,0,137,0.0,0.018906748329098867,0.8859745937600318,0.055125476863411765,14.23935039570145,1.0,1.0
murcko_framework,O(Cc1ccc[nH]1)C2CC3C4OC56CCCCC6C(C4)C2C35,0,30,0.0,0.004140163867685883,3.9947376690823586,0.24421917283070577,65.3426545500901,1.0,1.0
murcko_framework,O1c2ccc3C=CCOc3c2C(c4ccccc4)CC1,0,71,0.0,0.009798387820189923,1.7039525129318303,0.10552947147400055,27.513206744734116,1.0,1.0
murcko_framework,O1CC2=C(C1)C3CCCCC3CC2,0,117,0.0,0.016146639083974942,1.0368074015505762,0.06445511695002257,16.67780059639906,1.0,1.0
murcko_framework,o1c2ccc(cc2cc1Cc3ccccc3)NCc4ccccc4,0,91,0.0,0.012558497065313845,1.331467121687842,0.0826349557411422,21.453447638903555,1.0,1.0
murcko_framework,O1CCCCC1CCCCCC2OC3(OC4(OC(CC4)C5OCCCC5)CC=C3)CCC2,0,34,0.0,0.004692185716710667,3.5315601825789646,0.21646778956224189,57.615580352157025,1.0,1.0
murcko_framework,c1ccc(cc1)NCCNCC2CCNCC2,0,37,0.0,0.005106202103479255,3.249021915811894,0.19946756836778803,52.921602723717264,1.0,1.0
murcko_framework,O(CC1=CNCNC1c2ccccc2)CC3OCCC3,0,40,0.0,0.005520218490247844,3.0083411700473524,0.18494277520581456,48.93468579851472,1.0,1.0
murcko_framework,O1c2ccc(cc2CC=C1c3ccccc3)NCc4ccccc4,0,118,0.0,0.01628464454623114,1.0280565529973273,0.06391427749530633,16.536215656014605,1.0,1.0
murcko_framework,c1ccc(cc1)C2NC(c3ccccc3)C4CC2C(NC4c5ccccc5)c6ccccc6,0,31,0.0,0.004278169329942079,3.867915262063572,0.2366350976839967,63.222947994312236,1.0,1.0
murcko_framework,O1C2=CC=CCC2=CC(OC3OCCCC3)=C1c4ccccc4,0,30,0.0,0.004140163867685883,3.9947376690823586,0.24421917283070577,65.3426545500901,1.0,1.0
murcko_framework,O(c1ccccc1)CCNCCc2ccccc2,0,42,0.0,0.0057962294147602365,2.866764260774093,0.1763801992734908,46.594444051559776,1.0,1.0
murcko_framework,O1C=CC=C(C1)Cc2ccccc2,0,61,0.0,0.008418333197627963,1.9810453039791873,0.12249797770827836,32.03759416962826,1.0,1.0
murcko_framework,o1cccc1CNCCC2(c3ccccc3)CCOCC2,0,43,0.0,0.005934234877016433,2.800857768526196,0.17238946975498262,45.50628440741406,1.0,1.0
murcko_framework,O1CCCCC1OC2COC(OC3COC(OC4c5cc6c(cc5CCC4)Cc7ccccc7C6)CC3)CC2,0,188,0.0,0.025945026904164867,0.6462224450372633,0.040262831799542716,10.371934357450774,1.0,1.0
murcko_framework,O1c2cc3c(cc2OC1)C(NCC3)CNc4ccccc4,0,48,0.0,0.006624262188297413,2.5120922097080918,0.15486902514913442,40.748027334705235,1.0,1.0
murcko_framework,O(CC=CC=CC=CC=CC=CC=CC=CC=CC=CC=CC=CC1=CCCCC1)C2OCCCC2,0,33,0.0,0.004554180254454471,3.6369849089845876,0.22279718329341747,59.370854840481435,1.0,1.0
murcko_framework,O1CC2=CCN3CCC(OCCCCC1)C23,0,81,0.0,0.011178442442751884,1.49485795281634,0.09268958053727773,24.10843037745274,1.0,1.0
murcko_framework,n1ccsc1-c2nc(sc2)-c3nc4-c5nc(sc5)CNCc6nc(sc6)CNCc7nc(sc7)CNCCNCc8nc(sc8)-c4cc3,0,33,0.0,0.004554180254454471,3.6369849089845876,0.22279718329341747,59.370854840481435,1.0,1.0
murcko_framework,O1c2cc(OC3OCCCC3)cc(-c4ccccc4)c2C5Oc6ccccc6C5C1,0,30,0.0,0.004140163867685883,3.9947376690823586,0.24421917283070577,65.3426545500901,1.0,1.0
murcko_framework,O1C=CCCC1c2ccccc2,0,42,0.0,0.0057962294147602365,2.866764260774093,0.1763801992734908,46.594444051559776,1.0,1.0
murcko_framework,n1c(sc2c1CC3CCCCC3C2)NCc4ccccc4,0,53,0.0,0.007314289499578393,2.2773015216971095,0.1405809775837492,36.8904976324725,1.0,1.0
murcko_framework,n1cccc(c1)-c2noc(n2)C3NCCC3,0,44,0.0,0.006072240339272629,2.7379133658175303,0.16857530670648754,44.46777968361716,1.0,1.0
murcko_framework,n1cccc2ccc(cc12)Cc3ccccc3,0,40,0.0,0.005520218490247844,3.0083411700473524,0.18494277520581456,48.93468579851472,1.0,1.0
murcko_framework,O1C2CCC=CCCCCC12,0,112,0.0,0.015456611772693963,1.0828952039310202,0.06730265017290735,17.423712434564138,1.0,1.0
murcko_framework,O1CCCCC1OCC2CC=CCC2,0,63,0.0,0.008694344122140355,1.9186448801685227,0.11868138567924466,31.017485641311175,1.0,1.0
murcko_framework,c1ccc2c(c1)CN3CCc4ccccc4C3C2,0,181,0.0,0.024978988668371494,0.6711521099371353,0.04181015260587674,10.773583127504653,1.0,1.0
murcko_framework,C12=C(CCC1)CC3(CC2)CC3,0,37,0.0,0.005106202103479255,3.249021915811894,0.19946756836778803,52.921602723717264,1.0,1.0
murcko_framework,O1CC=C2CC3CCC4CCCCC4C3CC12,0,129,0.0,0.017802704631049295,0.9407170027650943,0.05851337385612777,15.123866920872604,1.0,1.0
murcko_framework,O1CCC(CC1)CCCNCc2ccccc2,0,46,0.0,0.006348251263785021,2.620146418814221,0.1614317970913098,42.52673500340135,1.0,1.0
murcko_framework,c1ccc(cc1)NCc2ccccc2,1,397,0.03363605785401951,0.054788168515709855,0.613799322645277,0.08622037259664846,4.369612391288203,1.0,1.0
murcko_framework,O1=c2cccc(OC3OCCCC3)c2=CC(OC4OCCCC4)=C1c5ccccc5,0,31,0.0,0.004278169329942079,3.867915262063572,0.2366350976839967,63.222947994312236,1.0,1.0
murcko_framework,O1C2CCCNC2CC13C=C4CC5C6C(=CCC5C4CC3)CCCC6,0,37,0.0,0.005106202103479255,3.249021915811894,0.19946756836778803,52.921602723717264,1.0,1.0
murcko_framework,O1CCN(CC1)C(c2ccccc2)CNCc3ccccc3,0,30,0.0,0.004140163867685883,3.9947376690823586,0.24421917283070577,65.3426545500901,1.0,1.0
murcko_framework,o1ccc(c1)CCC2C=CCC3CCCCC23,0,48,0.0,0.006624262188297413,2.5120922097080918,0.15486902514913442,40.748027334705235,1.0,1.0
murcko_framework,c1ccc(cc1)CCCNCCc2c[nH]c3ccccc32,0,34,0.0,0.004692185716710667,3.5315601825789646,0.21646778956224189,57.615580352157025,1.0,1.0
murcko_framework,O1CCCCC1OC2CCOC(OC3CCC4C(CCC5C4C=CC67OCC8(CCCCC68)CCC57)C3)C2OC9OCCCC9,0,34,0.0,0.004692185716710667,3.5315601825789646,0.21646778956224189,57.615580352157025,1.0,1.0
murcko_framework,C1=C2C3CCCC3CCC2C4CCC5CCCCC5C4C1,0,65,0.0,0.008970355046652747,1.8600551692623262,0.11509540255612229,30.060325224653926,1.0,1.0
murcko_framework,c1ccc2c(c1)-c3ccccc3CC2,0,194,0.0,0.026773059677702042,0.6262823752054891,0.03902488666441833,10.05075599234608,1.0,1.0
murcko_framework,O1CCCCC1OCC23CCCCC3C4=CCC5C(CCC6CC(OC7OCC(OC8OCCCC8)CC7)CCC65)C4CC2,0,119,0.0,0.016422650008487336,1.0194521621604509,0.06338243727212271,16.397013994138756,1.0,1.0
murcko_framework,o1ccc(c1)C2OCCC34OC5CC6CC7C(CCC23)C4C5C7C6,0,31,0.0,0.004278169329942079,3.867915262063572,0.2366350976839967,63.222947994312236,1.0,1.0
murcko_framework,O1c2cc3c(cc2OC1)C4CC=CC54N(CC3)CCC5,0,101,0.0,0.013938551687875805,1.2002715282201317,0.07454800607944793,19.32515458455785,1.0,1.0
murcko_framework,O1c2ccccc2CC(OC3OCCCC3OCC=Cc4ccccc4)=C1c5ccccc5,0,31,0.0,0.004278169329942079,3.867915262063572,0.2366350976839967,63.222947994312236,1.0,1.0
murcko_framework,O(CCc1ccccc1)C2CC3NC(C2)C4OC43,0,67,0.0,0.009246365971165139,1.8049374412246448,0.11171974094470334,29.160461160996103,1.0,1.0
murcko_framework,n1c(cn2c1COC(CNCc3ccccc3)C2)-c4ccccc4,0,44,0.0,0.006072240339272629,2.7379133658175303,0.16857530670648754,44.46777968361716,1.0,1.0
murcko_framework,C1CC2CCCC2C3CC3C1,4,369,0.13454423141607805,0.05092401557253636,2.6442708347595434,0.986548347857976,7.0875069252728915,0.06827008440276927,1.0
murcko_framework,c1ccc(cc1)Cn2ccccc2,0,113,0.0,0.01559461723495016,1.0733527955086377,0.06671319530182218,17.269240641434838,1.0,1.0
murcko_framework,O1CCCC1C2CCC3C4CCCCC4CCC23,0,80,0.0,0.011040436980495689,1.5134297056713182,0.09383125363968882,24.410517659752845,1.0,1.0
murcko_framework,O1CCC=CC=CC(OC2OCCCC2)CCCC(OC3OCC(OC4OCCCC4)CC3)CCCC1,0,55,0.0,0.007590300424090785,2.195230542464442,0.13557759518745932,35.54449485481419,1.0,1.0
murcko_framework,C1=CC2CCC3CCCCC3C2CC1,0,93,0.0,0.012834507989826237,1.3029829447103605,0.08088020460124351,20.991101130077748,1.0,1.0
murcko_framework,O1CCCCC(OC2OCCCC2)CCC3=CC4C(C=CC5CC(OC6OCCCC6)CC54)C3CC1,0,57,0.0,0.007866311348603178,2.1188688487436123,0.13091807998588428,34.293240465030934,1.0,1.0
murcko_framework,O1C2CC3C4CC=C5CCCCC5C4CCC3C2CC16NCCCC6,0,98,0.0,0.013524535301107218,1.2368331428464123,0.07680289147619399,19.91795092398964,1.0,1.0
murcko_framework,O1CC=C(C1)CCCCCCCCCCCCCC2OCCC2,0,239,0.0,0.03298330547923087,0.5085776832444421,0.031711670262833266,8.15634300402741,1.0,1.0
murcko_framework,O1CCC2CC3C=CCCC3CC12,0,66,0.0,0.009108360508908942,1.8320818862356834,0.11338245518825726,29.60355755482463,1.0,1.0
murcko_framework,O1CCN2CCCC2CNCCNCCNCCNCCC1,0,104,0.0,0.014352568074644394,1.1658091450556471,0.0724217294033281,18.766618443012792,1.0,1.0
murcko_framework,n1occc1CC2CCC2,0,54,0.0,0.007452294961834589,2.235513087317173,0.13803396711316637,36.204992641189335,1.0,1.0
murcko_framework,O1c2ccccc2C(c3cccc4c3OC(c5ccccc5)CC4c6cccc7c6OC(c8ccccc8)CC7)CC1c9ccccc9,0,63,0.0,0.008694344122140355,1.9186448801685227,0.11868138567924466,31.017485641311175,1.0,1.0
murcko_framework,o1ccc(c1)C2OCC3OC34C2CCC5C6C=CCCC6CCC54,0,74,0.0,0.01021240420695851,1.6353302042764781,0.10131893891042468,26.39491595330741,1.0,1.0
murcko_framework,O1CCCC12CCC3C4CCC5=CCCCC5C4CCC32,0,32,0.0,0.004416174792198275,3.7488973108613264,0.2295077850906168,61.23640225029506,1.0,1.0
murcko_framework,O1Cc2ccccc2CC1c3ccccc3,0,64,0.0,0.00883234958439655,1.88889584090995,0.11686089430381194,30.531406755549067,1.0,1.0
murcko_framework,c1ccc(cc1)CCNCC2CCNCC2,0,34,0.0,0.004692185716710667,3.5315601825789646,0.21646778956224189,57.615580352157025,1.0,1.0
murcko_framework,O(CCCCNCCc1ccccc1)CCC2CCC3C2CCC4C5C=CCC=C5CCC43,0,40,0.0,0.005520218490247844,3.0083411700473524,0.18494277520581456,48.93468579851472,1.0,1.0
murcko_framework,O(CC=Cc1ccccc1)C2CCC3CCC45CCCC(C4)CC35C2,0,37,0.0,0.005106202103479255,3.249021915811894,0.19946756836778803,52.921602723717264,1.0,1.0
murcko_framework,c1ccc(cc1)CNCC2N3CCC(CC3)C2,0,43,0.0,0.005934234877016433,2.800857768526196,0.17238946975498262,45.50628440741406,1.0,1.0
murcko_framework,c1ccc(cc1)CN2CCN3C(c4ccccc4)c5[nH]c6ccccc6c5CC3C2,0,130,0.0,0.017940710093305494,0.9335071548357876,0.05806729152365025,15.007340367764186,1.0,1.0
murcko_framework,C1CCCCCC1,1,44,0.03363605785401951,0.006072240339272629,5.540843325584241,0.7631567548010922,40.228884256777974,0.16827919280821618,1.0
murcko_framework,c1ccc(cc1)NC=C2CC3CCC2C3,0,49,0.0,0.006762267650553609,2.46133947512794,0.15178372761905926,39.91331684136583,1.0,1.0
murcko_framework,C1=CC=CCC=C1,1,64,0.03363605785401951,0.00883234958439655,3.809224638290713,0.5282848258090774,27.466608231153337,0.23367949173888705,1.0
murcko_framework,O(c1ccccc1)COC2CC3=CCC4C(CCC5CCCC54)C3CC2,0,64,0.0,0.00883234958439655,1.88889584090995,0.11686089430381194,30.531406755549067,1.0,1.0
murcko_framework,n1cccc(c1)C2NCCCC2,0,131,0.0,0.01807871555556169,0.9264069623882956,0.05762795797067804,14.892595368348628,1.0,1.0
murcko_framework,O1C2=C(CC1)CC3CCCC2C3,0,46,0.0,0.006348251263785021,2.620146418814221,0.1614317970913098,42.52673500340135,1.0,1.0
murcko_framework,c1ccc2c(c1)NCCC2,1,114,0.03363605785401951,0.015732622697206357,2.1383645014285375,0.2985464091034197,15.316220867308171,0.37556337689946523,1.0
murcko_framework,O1CC=C(C1)CCC2CCCC3C=CCCC32,0,179,0.0,0.0247029777438591,0.6786320014351469,0.04227432487555904,10.894115866487459,1.0,1.0
murcko_framework,c1ccc(cc1)CCN2CCC3(Nc4ccccc4-n5cccc53)CC2,0,34,0.0,0.004692185716710667,3.5315601825789646,0.21646778956224189,57.615580352157025,1.0,1.0
murcko_framework,O1CC1CCCC2CCC3C4=CCC5CCCCC5C4CCC32,0,50,0.0,0.006900273112809805,2.4125967498380914,0.14881894394266065,39.1121111541551,1.0,1.0
murcko_framework,o1cccc1CCc2cccc(OCCc3ccc[nH]3)c2,0,46,0.0,0.006348251263785021,2.620146418814221,0.1614317970913098,42.52673500340135,1.0,1.0
murcko_framework,O1CCN2C1C3CCCC45C2OC(CC34)C67CCC(CC6)CC75,0,31,0.0,0.004278169329942079,3.867915262063572,0.2366350976839967,63.222947994312236,1.0,1.0
murcko_framework,O(CC=Cc1ccccc1)C2CCCCC2,0,275,0.0,0.03795150212045393,0.4420990986014697,0.027576901611123614,7.08751170600664,0.6339969742427591,1.0
murcko_framework,c1ccc2c(c1)NCC23CNCC3,0,63,0.0,0.008694344122140355,1.9186448801685227,0.11868138567924466,31.017485641311175,1.0,1.0
murcko_framework,O1CCCC12OC3CC4C5CCC6CCCCC6C5CCC4C3C2,0,53,0.0,0.007314289499578393,2.2773015216971095,0.1405809775837492,36.8904976324725,1.0,1.0
murcko_framework,O1CCC2C3OCC42C1CC5C=CCCC5C4CC3,0,142,0.0,0.019596775640379847,0.8548818658382967,0.05320027151874404,13.737204410351113,1.0,1.0
murcko_framework,O1C2CCC1CC2,0,56,0.0,0.0077283058863469815,2.1563739284029575,0.13320710839678127,34.90766052247975,1.0,1.0
murcko_framework,O1CCC2CCCC3CC=CC3C12,0,400,0.0,0.05520218490247844,0.30406312774913313,0.018981487599566783,4.87076606465216,0.41967966834621817,1.0
murcko_framework,O1CCCCC1SCCc2ccccc2,0,59,0.0,0.00814232227311557,2.0476407142645185,0.12656816179765026,33.12707109878833,1.0,1.0
murcko_framework,O1CCC(OC2OCCCC2)C1,0,41,0.0,0.0056582239525040405,2.935846969515864,0.18056004511200668,47.735906485118264,1.0,1.0
murcko_framework,O(Cc1ccccc1)CC2OC(Oc3ccccc3)CCC2,0,162,0.0,0.022356884885503768,0.7496449405647321,0.04667913882961992,12.03894396949989,1.0,1.0
murcko_framework,c1ccc(cc1)N2CC3C4C=CC(c5ccccc5)(C3C2)C6CN(c7ccccc7)CC46,0,134,0.0,0.018492731942330278,0.9057398594649265,0.05634895245206629,14.558650291172588,1.0,1.0
murcko_framework,S1CC=CN2CC(NCCc3ccccc3)C12,0,33,0.0,0.004554180254454471,3.6369849089845876,0.22279718329341747,59.370854840481435,1.0,1.0
murcko_framework,c1ccc2c(c1)C=CCC2,1,185,0.03363605785401951,0.02553101051739628,1.3175657487905132,0.1845567429282171,9.406210116425337,0.5331165419919464,1.0
murcko_framework,O1CC2CCC3C4C(=CCC23C1)C5CCC(OC6OCC(OC7OCCCC7)CC6OC8OCC(OC9OCCC(OC%10OCCCC%10)C9)CC8)CC5CC4,0,34,0.0,0.004692185716710667,3.5315601825789646,0.21646778956224189,57.615580352157025,1.0,1.0
murcko_framework,O1CCCCC1C2OC(CC2)C3OC(CC3)C4OC5(OCCCC5)CC4,0,60,0.0,0.008280327735371766,2.0137926338302385,0.1244998169522443,32.573226783333254,1.0,1.0
murcko_framework,o1ccc(c1)C2OCCC3=C4CC5CCCC(C5)C4CCC32,0,144,0.0,0.019872786564892237,0.843047263515145,0.05246731553229439,13.546122596703292,1.0,1.0
murcko_framework,S(c1ccccc1)N2CCC3(Nc4ccccc4-n5cccc53)CC2,0,138,0.0,0.019044753791355062,0.8795764511912993,0.05472937109515349,14.136006279794264,1.0,1.0
murcko_framework,O1CC2=CCC=CCCCC2C1,0,44,0.0,0.006072240339272629,2.7379133658175303,0.16857530670648754,44.46777968361716,1.0,1.0
murcko_framework,O1CCCCC1OCCCCC2OC3CC4C5CCC6CC(OC7OCC(OC8OCCCC8)CC7OC9OCCCC9)CCC6C5CCC4C3C2,0,30,0.0,0.004140163867685883,3.9947376690823586,0.24421917283070577,65.3426545500901,1.0,1.0
murcko_framework,O1c2ccc(cc2OC1)CN3CC4C(CNc5ccccc5)C6OC4(C=C6)C3CNC7CCCCC7,0,76,0.0,0.010488415131470903,1.5925720773147554,0.09869372105014385,25.698553002718498,1.0,1.0
murcko_framework,o1ccc(c1)C2C=C3C(OCCC4C3CC5OCC6CCCC4C56)C2,0,32,0.0,0.004416174792198275,3.7488973108613264,0.2295077850906168,61.23640225029506,1.0,1.0
murcko_framework,c1ccc(cc1)-c2ccc3NCC4N(Cc3c2)CCNC4,0,65,0.0,0.008970355046652747,1.8600551692623262,0.11509540255612229,30.060325224653926,1.0,1.0
murcko_framework,N(NCc1ccccc1)=C(c2ccccc2)c3ccccc3,0,43,0.0,0.005934234877016433,2.800857768526196,0.17238946975498262,45.50628440741406,1.0,1.0
murcko_framework,C1CCC1,0,87,0.0,0.01200647521628906,1.3923418770568594,0.0863832050406304,22.442046479919203,1.0,1.0
murcko_framework,c1ccc(cc1)CCNCCc2c[nH]c3ccccc32,0,50,0.0,0.006900273112809805,2.4125967498380914,0.14881894394266065,39.1121111541551,1.0,1.0
murcko_framework,O1CCC2(OC3(CCC4OCC5CCCC3C45)CC2)C1,0,73,0.0,0.010074398744702315,1.6575818825932929,0.10268461890982612,26.757441637041534,1.0,1.0
murcko_framework,c1ccc(cc1)-c2ccc3NCC4N(Cc3c2)CCCC4,0,43,0.0,0.005934234877016433,2.800857768526196,0.17238946975498262,45.50628440741406,1.0,1.0
murcko_framework,O1CCC(CC1)C(c2ccccc2)CCNCc3ccccc3,0,109,0.0,0.015042595385925376,1.1125681725869228,0.06913520397087981,17.90416267774052,1.0,1.0
murcko_framework,n1ccncc1,65,142,2.186343760511268,0.019596775640379847,114.03790175717302,84.83971232751364,153.2848554103503,8.02541506595517e-102,1.0493230198736384e-98
murcko_framework,N1CCC1,0,64,0.0,0.00883234958439655,1.88889584090995,0.11686089430381194,30.531406755549067,1.0,1.0
murcko_framework,N1=CN(Cc2ccccc12)C3COC4(c5ccccc5N6CCNC64)C3,0,74,0.0,0.01021240420695851,1.6353302042764781,0.10131893891042468,26.39491595330741,1.0,1.0
murcko_framework,c1ccc(cc1)CC2CCCC3CCCCC23,0,109,0.0,0.015042595385925376,1.1125681725869228,0.06913520397087981,17.90416267774052,1.0,1.0
murcko_framework,o1cccc1C=C2Oc3cc(OCc4ccccc4)ccc3C2,0,75,0.0,0.010350409669214708,1.6136679743918967,0.09998910393021328,26.042080879086964,1.0,1.0
murcko_framework,c1ccc2c(c1)[nH]cc2CC3NCCNC3,0,85,0.0,0.011730464291776668,1.4249152110701055,0.08838778196588214,22.97131247758538,1.0,1.0
murcko_framework,c1ccc(cc1)N2CC3C4C=CC(C4)C3C2,0,72,0.0,0.009936393282446119,1.680447400311951,0.10408761295968512,27.130062693520873,1.0,1.0
murcko_framework,O1C(c2ccccc2)CCC1c3ccccc3,0,157,0.0,0.02166685757422279,0.7734485308051812,0.04815483995168367,12.422897270656948,1.0,1.0
murcko_framework,O1c2ccc3c(OCC(c4ccccc4)C3)c2C=CC1,0,48,0.0,0.006624262188297413,2.5120922097080918,0.15486902514913442,40.748027334705235,1.0,1.0
murcko_framework,O1C=C(c2ccc3OCCCOc3c2)Cc4ccccc14,0,68,0.0,0.009384371433421334,1.7785855347540747,0.1101050821593759,28.730431351547423,1.0,1.0
murcko_framework,n1ccc2ccccc2c1,1,61,0.03363605785401951,0.008418333197627963,3.996580102817554,0.5538544693640977,28.839078497598855,0.22420749691175118,1.0
murcko_framework,O1CCCCC1OCC2OC(OCC3CCC4C3CCC5C6CCCCC6CCC45)CCC2,0,74,0.0,0.01021240420695851,1.6353302042764781,0.10131893891042468,26.39491595330741,1.0,1.0
murcko_framework,O1c2cc3ccc4-c5ccccc5CNc4c3cc2OC1,0,50,0.0,0.006900273112809805,2.4125967498380914,0.14881894394266065,39.1121111541551,1.0,1.0
murcko_framework,C12=C(CCC3CCCCC13)C4CCC5CCCCC5C4CC2,0,78,0.0,0.010764426055983297,1.5519927084147764,0.09620109164695093,25.0379837248861,1.0,1.0
murcko_framework,c1ccc(cc1)CN2CCN3CCNCC3C2,0,66,0.0,0.009108360508908942,1.8320818862356834,0.11338245518825726,29.60355755482463,1.0,1.0
murcko_framework,O1c2ccc(cc2CCC1c3ccccc3)C4OCCCC4,0,63,0.0,0.008694344122140355,1.9186448801685227,0.11868138567924466,31.017485641311175,1.0,1.0
murcko_framework,N1=CN(c2ccccc2)CC3=C1c4ccccc4CC35CCCCC5,0,74,0.0,0.01021240420695851,1.6353302042764781,0.10131893891042468,26.39491595330741,1.0,1.0
murcko_framework,O(C1=CC2C(CC1)CC3OCCC4C5OCC34C2CC5)C6OCCCC6,0,58,0.0,0.008004316810859374,2.082645994029885,0.12870638226970604,33.70007189977272,1.0,1.0
murcko_framework,S1CCCC1,4,61,0.13454423141607805,0.008418333197627963,16.00247364846584,5.815338386319682,44.03512673867066,0.0001544275847437135,0.014956597559437436
murcko_framework,O1c2cc3c(cc2OC1)C4CCC=C5CCN(C3)C54,0,60,0.0,0.008280327735371766,2.0137926338302385,0.1244998169522443,32.573226783333254,1.0,1.0
murcko_framework,O(Cc1ccccc1)C2C3C(=CCC3)CCC4CCC5OCC5C24,0,31,0.0,0.004278169329942079,3.867915262063572,0.2366350976839967,63.222947994312236,1.0,1.0
murcko_framework,O1c2cccc3c2-c4c(OC3)c(OC5OCCCC5)ccc4C1,0,36,0.0,0.004968196641223059,3.338040821779601,0.20482969417506067,54.398931623380356,1.0,1.0
murcko_framework,O1CCCCC1OC2CCCOC2OC3CCCOC3OC4CCC5C(CCC6C7C(=CCC65)C8CCCC(OC9OCCCC9)C8CC7)C4,0,43,0.0,0.005934234877016433,2.800857768526196,0.17238946975498262,45.50628440741406,1.0,1.0
murcko_framework,O1CCCCC1OC2C=CC3C=CCCC43OCC(=CC5C(C=CC2)C=CC6C(OC7OCCC(OC8OCC(OC9OCCCC9)CC8)C7)CCCC65)C4,0,44,0.0,0.006072240339272629,2.7379133658175303,0.16857530670648754,44.46777968361716,1.0,1.0
murcko_framework,c1ccc2c(c1)[nH]cc2C3C4(NCNC4)c5[nH]c6ccccc6c5CC73NCNC7,0,41,0.0,0.0056582239525040405,2.935846969515864,0.18056004511200668,47.735906485118264,1.0,1.0
murcko_framework,O1C=C(c2ccccc2)Cc3cc4OCOc4cc13,0,39,0.0,0.005382213027991648,3.084505963010815,0.1895435270182853,50.195209435621834,1.0,1.0
murcko_framework,n1cn(c2c1NCNC2)Cc3ccccc3,0,156,0.0,0.021528852111966593,0.7783917683950509,0.04846124537047829,12.502644958321149,1.0,1.0
murcko_framework,N1CC2CCCC34C1C(CC23)C56CCC(CCC54)C6,0,96,0.0,0.013248524376594826,1.2624704753822844,0.07838347835078587,20.333771028623815,1.0,1.0
murcko_framework,c1ccc2c(c1)NCCNC2,0,55,0.0,0.007590300424090785,2.195230542464442,0.13557759518745932,35.54449485481419,1.0,1.0
murcko_framework,O1CCN2CCC12,0,63,0.0,0.008694344122140355,1.9186448801685227,0.11868138567924466,31.017485641311175,1.0,1.0
murcko_framework,c1ccc2c(c1)CC3=C(C2)CCCC3,0,53,0.0,0.007314289499578393,2.2773015216971095,0.1405809775837492,36.8904976324725,1.0,1.0
murcko_framework,c1ccc2cc3c(cc2c1)CCCC3,0,135,0.0,0.018630737404586473,0.8990541914835661,0.05593513847084703,14.450638030429623,1.0,1.0
murcko_framework,c1ccc(cc1)NCCNC2=CC=C3c4ccccc4CCCC3=CC2,0,62,0.0,0.008556338659884158,1.9493458886833697,0.120559487313188,31.519289592326263,1.0,1.0
murcko_framework,O1C=C(c2ccccc2)Cc3cccc(c13)Cc4ccccc4,0,47,0.0,0.006486256726041217,2.564981901533723,0.15808233649692185,41.61838887878318,1.0,1.0
murcko_framework,c1ccc(cc1)NCCCc2c[nH]c3ccccc32,0,46,0.0,0.006348251263785021,2.620146418814221,0.1614317970913098,42.52673500340135,1.0,1.0
murcko_framework,O1CCCCC1OCC2CCC3C2CCC4C5CCCCC5C(OC6OCCCC6)CC34,0,47,0.0,0.006486256726041217,2.564981901533723,0.15808233649692185,41.61838887878318,1.0,1.0
murcko_framework,c1ccc2c(c1)CN3CNCC3C2,0,57,0.0,0.007866311348603178,2.1188688487436123,0.13091807998588428,34.293240465030934,1.0,1.0
murcko_framework,n1cnc(cc1-c2ccccc2)C3CN4CCC3CC4,0,64,0.0,0.00883234958439655,1.88889584090995,0.11686089430381194,30.531406755549067,1.0,1.0
murcko_framework,O1c2ccccc2Cc3cc4c(OCC4)cc13,0,45,0.0,0.006210245801528825,2.6777357500411143,0.16492624657996455,43.47560740474222,1.0,1.0
murcko_framework,c1cc-2cc(c1)CCNCCNCCc3cccc2c3,0,37,0.0,0.005106202103479255,3.249021915811894,0.19946756836778803,52.921602723717264,1.0,1.0
murcko_framework,N(=C(Nc1ccccc1)NCCc2c[nH]c3ccccc32)Cc4ccccc4,0,66,0.0,0.009108360508908942,1.8320818862356834,0.11338245518825726,29.60355755482463,1.0,1.0
murcko_framework,o1ccc(c1)C2OCC3OC34C2CCC5C6C=CCOCC6CCC54,0,53,0.0,0.007314289499578393,2.2773015216971095,0.1405809775837492,36.8904976324725,1.0,1.0
murcko_framework,O1CCCCC1OCC2CCC3C2CCC4C5CCCCC5C(OC6OCCCC6OC7OCCCC7)CC34,0,78,0.0,0.010764426055983297,1.5519927084147764,0.09620109164695093,25.0379837248861,1.0,1.0
murcko_framework,n1nc(-c2ccccc2)n3NC(Sc13)c4ccccc4,0,94,0.0,0.012972513452082434,1.289192986014913,0.08003047803554361,20.76732010087335,1.0,1.0
murcko_framework,O1CC2=C(Cc3ccccc3C2)CC1,0,76,0.0,0.010488415131470903,1.5925720773147554,0.09869372105014385,25.698553002718498,1.0,1.0
murcko_framework,O(POCC1OC(N2C=CCNC2)CC1)POC3OCCCC3,0,71,0.0,0.009798387820189923,1.7039525129318303,0.10552947147400055,27.513206744734116,1.0,1.0
murcko_framework,O1C2C=CC13C(N(CCCc4ccccc4)CC3C2CNc5ccccc5)CNC6CCCCC6,0,64,0.0,0.00883234958439655,1.88889584090995,0.11686089430381194,30.531406755549067,1.0,1.0
murcko_framework,O1c2cccc(OC3OC(COC4OCCCC4)CCC3)c2CC=C1c5ccccc5,0,40,0.0,0.005520218490247844,3.0083411700473524,0.18494277520581456,48.93468579851472,1.0,1.0
murcko_framework,c1ccc(cc1)-c2ccc3NCC4N(Cc3c2)CCC4,0,102,0.0,0.014076557150132002,1.188559921583746,0.07382551120534558,19.135318728316115,1.0,1.0
murcko_framework,n1c2C=Cc1cc3ccc(cc4nc(C=C4)cc5ccc(c2)[nH]5)[nH]3,0,51,0.0,0.007038278575066001,2.365746945918722,0.1459677487671136,38.34243289627761,1.0,1.0
murcko_framework,O1C=CCc2ccc(OC3OCCCC3)cc12,0,45,0.0,0.006210245801528825,2.6777357500411143,0.16492624657996455,43.47560740474222,1.0,1.0
murcko_framework,O(CCc1ccccc1)C2CC3NC(CC3)C2,0,144,0.0,0.019872786564892237,0.843047263515145,0.05246731553229439,13.546122596703292,1.0,1.0
murcko_framework,O1C(CCCC2=C3CCC4C(CCC5CCC(c6ccccc6)CC54)C3CC2)C1C7CCCC7c8ccccc8,0,44,0.0,0.006072240339272629,2.7379133658175303,0.16857530670648754,44.46777968361716,1.0,1.0
murcko_framework,O1CCCCC1OC2CCC3C(CCC4C5C(=CCC43)C6CCCCC6(COC7OCCCC7OC8OCCCC8)CC5)C2,0,45,0.0,0.006210245801528825,2.6777357500411143,0.16492624657996455,43.47560740474222,1.0,1.0
murcko_framework,O1CCCCC1OC2COC3(OCc4ccccc43)CC2,0,35,0.0,0.004830191178966863,3.4320748773792915,0.21048802227061886,55.96108432618532,1.0,1.0
murcko_framework,N1CN2CCNCC2C1,0,32,0.0,0.004416174792198275,3.7488973108613264,0.2295077850906168,61.23640225029506,1.0,1.0
murcko_framework,N12CN3CC(C1)CC(C2)C3,0,135,0.0,0.018630737404586473,0.8990541914835661,0.05593513847084703,14.450638030429623,1.0,1.0
murcko_framework,O1C=C(c2ccccc2)Cc3ccc4OCNCc4c13,0,60,0.0,0.008280327735371766,2.0137926338302385,0.1244998169522443,32.573226783333254,1.0,1.0
murcko_framework,O1c2cc(OCCNCOCc3ccccc3)ccc2C=CC1,0,110,0.0,0.01518060084818157,1.1024981605996256,0.06851336588301764,17.74109589362392,1.0,1.0
murcko_framework,c1ccc(cc1)C2C=CCN2,0,55,0.0,0.007590300424090785,2.195230542464442,0.13557759518745932,35.54449485481419,1.0,1.0
murcko_framework,S1CC(N2Cc3ccccc3C12)CNCCNCCc4ccccc4,0,31,0.0,0.004278169329942079,3.867915262063572,0.2366350976839967,63.222947994312236,1.0,1.0
murcko_framework,N1=CNCc2nc(SCCNc3ccccc3)n(-c4ccccc4)c12,0,37,0.0,0.005106202103479255,3.249021915811894,0.19946756836778803,52.921602723717264,1.0,1.0
murcko_framework,O1c2cc(OC3OC(COC4OCCCC4)CCC3)ccc2C=CC1,0,33,0.0,0.004554180254454471,3.6369849089845876,0.22279718329341747,59.370854840481435,1.0,1.0
murcko_framework,c1ccc2c(c1)[nH]c3c2CCN4CNCC34,0,80,0.0,0.011040436980495689,1.5134297056713182,0.09383125363968882,24.410517659752845,1.0,1.0
murcko_framework,c1ccc(cc1)CC2NCCc3ccccc32,0,187,0.0,0.025807021441908672,0.6496698615548456,0.04047683029899112,10.427469885733917,1.0,1.0
murcko_framework,n1cn(c2c1NCNC2)CCNc3ccccc3,0,63,0.0,0.008694344122140355,1.9186448801685227,0.11868138567924466,31.017485641311175,1.0,1.0
murcko_framework,N1=NC(c2ccccc2)C(C=C1C3=Cc4ccccc4C3)c5ccccc5,0,48,0.0,0.006624262188297413,2.5120922097080918,0.15486902514913442,40.748027334705235,1.0,1.0
murcko_framework,O1CCCCC1OCCCCC2OC3CC4C5CC=C6CC(OC7OCC(OC8OCCCC8)CC7)CCC6C5CCC4C3C2,0,40,0.0,0.005520218490247844,3.0083411700473524,0.18494277520581456,48.93468579851472,1.0,1.0
murcko_framework,c1ccc(cc1)CCN2CNc3ccccc3C2,0,151,0.0,0.02083882480068561,0.8040868152730861,0.05005366938617552,12.917246915659463,1.0,1.0
murcko_framework,O1CCC2CC3NC(Cc4c5ccccc5[nH]c43)C2C1,0,41,0.0,0.0056582239525040405,2.935846969515864,0.18056004511200668,47.735906485118264,1.0,1.0
murcko_framework,o1ccc2ccc3OCC=Cc3c12,0,94,0.0,0.012972513452082434,1.289192986014913,0.08003047803554361,20.76732010087335,1.0,1.0
murcko_framework,O1c2ccc(cc2)CC3NCCc4ccc(Oc5cccc6c5C(NCC6)Cc7cccc1c7)cc43,0,107,0.0,0.014766584461412983,1.1332702437422033,0.07041336375961267,18.2394559324853,1.0,1.0
murcko_framework,O1C(=CCc2ccc3OCCC(c4ccccc4)c3c12)c5ccccc5,0,218,0.0,0.03008519077185075,0.5574731639782226,0.03475082812700479,8.942990579104695,1.0,1.0
murcko_framework,O1C=C(c2ccccc2)Cc3cccc(c13)CN4CCCCC4,0,85,0.0,0.011730464291776668,1.4249152110701055,0.08838778196588214,22.97131247758538,1.0,1.0
murcko_framework,O(Cc1ccccc1)C2CCCC34OCC(CCC23)C4,0,31,0.0,0.004278169329942079,3.867915262063572,0.2366350976839967,63.222947994312236,1.0,1.0
murcko_framework,O(c1ccc2cc3c(cc2c1)CCC(OC4OCCC(OC5OCCC(OC6OCCCC6)C5)C4)C3)C7OCCC(OC8OCCCC8)C7,0,93,0.0,0.012834507989826237,1.3029829447103605,0.08088020460124351,20.991101130077748,1.0,1.0
murcko_framework,O1CCCCC1OCC2CCCC3C2CCC45CCC(CCC34)C5,0,93,0.0,0.012834507989826237,1.3029829447103605,0.08088020460124351,20.991101130077748,1.0,1.0
murcko_framework,O1CCC2CCCC3CCC4(OC4)C3C12,0,36,0.0,0.004968196641223059,3.338040821779601,0.20482969417506067,54.398931623380356,1.0,1.0
murcko_framework,c1ccc(cc1)Pc2ccccc2,0,37,0.0,0.005106202103479255,3.249021915811894,0.19946756836778803,52.921602723717264,1.0,1.0
murcko_framework,c1ccc(cc1)CNCC(c2ccccc2)N3CCCCCC3,0,38,0.0,0.005244207565735451,3.164627368595756,0.1943789821515663,51.52237279571842,1.0,1.0
murcko_framework,c1ccc(cc1)N2CN3CC(c4ccccc4)c5c6ccccc6[nH]c5C3C2,0,57,0.0,0.007866311348603178,2.1188688487436123,0.13091807998588428,34.293240465030934,1.0,1.0
murcko_framework,N1=CCCNC1,0,31,0.0,0.004278169329942079,3.867915262063572,0.2366350976839967,63.222947994312236,1.0,1.0
murcko_framework,c1ccc(cc1)CN2CCC3(c4ccccc4NC3)C2,0,118,0.0,0.01628464454623114,1.0280565529973273,0.06391427749530633,16.536215656014605,1.0,1.0
murcko_framework,c1ccc(cc1)N2CC3C(C=CC(c4ccccc4)C3C2)c5ccccc5,0,94,0.0,0.012972513452082434,1.289192986014913,0.08003047803554361,20.76732010087335,1.0,1.0
murcko_framework,c1ccc(cc1)NCCc2ccccc2,0,170,0.0,0.023460928583553337,0.7144630945788483,0.04449731229912031,11.471648221892176,1.0,1.0
murcko_framework,O1c2cc(OC3OCCCC3)ccc2CC1=Cc4ccccc4,0,73,0.0,0.010074398744702315,1.6575818825932929,0.10268461890982612,26.757441637041534,1.0,1.0
murcko_framework,O1CCC(OC2OCCC(OC3OCCCC3)C2)CC1,0,49,0.0,0.006762267650553609,2.46133947512794,0.15178372761905926,39.91331684136583,1.0,1.0
murcko_framework,O1CCCC1Cc2ccccc2,0,34,0.0,0.004692185716710667,3.5315601825789646,0.21646778956224189,57.615580352157025,1.0,1.0
murcko_framework,O1C2n3c4ccccc4c5c3c6c(c7ccccc7n6C1CCC2)c8c5CNC8,0,97,0.0,0.013386529838851021,1.2495203356141644,0.07758513692703177,20.123713522368668,1.0,1.0
murcko_framework,O1CC2CCC3C4CCCCC4CCC3C2C1,0,57,0.0,0.007866311348603178,2.1188688487436123,0.13091807998588428,34.293240465030934,1.0,1.0
murcko_framework,C1=C2CCCCC2C3CCC4C(CCC4C3C1)CC5CC5,0,65,0.0,0.008970355046652747,1.8600551692623262,0.11509540255612229,30.060325224653926,1.0,1.0
murcko_framework,O1CCCCC1OC2COC(OC3COC(OC4COC(OC5CC6=CCC7C8CCCC8C(OCc9ccccc9)CC7C6CC5)CC4)CC3)CC2,0,67,0.0,0.009246365971165139,1.8049374412246448,0.11171974094470334,29.160461160996103,1.0,1.0
murcko_framework,C1CCC2C(C1)CCC3CC4CCCC32C4,0,101,0.0,0.013938551687875805,1.2002715282201317,0.07454800607944793,19.32515458455785,1.0,1.0
murcko_framework,c1ccc2c(c1)[nH]cc2C3=CCC(=CC3)c4c[nH]c5ccccc54,0,57,0.0,0.007866311348603178,2.1188688487436123,0.13091807998588428,34.293240465030934,1.0,1.0
murcko_framework,O1c2ccccc2CC(OC3OCCCC3OCc4ccccc4)=C1c5ccccc5,0,65,0.0,0.008970355046652747,1.8600551692623262,0.11509540255612229,30.060325224653926,1.0,1.0
murcko_framework,O1CCC2(C1)CC=CCC2,0,67,0.0,0.009246365971165139,1.8049374412246448,0.11171974094470334,29.160461160996103,1.0,1.0
murcko_framework,c1ccc(cc1)NCCNCN2CC3C4=CC=CCN4CC(C2)C3,0,48,0.0,0.006624262188297413,2.5120922097080918,0.15486902514913442,40.748027334705235,1.0,1.0
murcko_framework,O1CCC2CCC3OCC42C1CC5C=CCCC5C34,0,131,0.0,0.01807871555556169,0.9264069623882956,0.05762795797067804,14.892595368348628,1.0,1.0
murcko_framework,O1CCCCC1C2OC3C=CC=CCCC4OC(CC4)C56OC(CC5)CC(O6)C7OC(CC7)CC8OC9(OC(CCOC3C2)CCC9)CC8,0,41,0.0,0.0056582239525040405,2.935846969515864,0.18056004511200668,47.735906485118264,1.0,1.0
murcko_framework,N=1c2ccccc2C3C1C4CC5CN(CC3)C4CC5,0,41,0.0,0.0056582239525040405,2.935846969515864,0.18056004511200668,47.735906485118264,1.0,1.0
murcko_framework,O1c2ccc3c4c2C(c5ccccc5C(c6ccccc6)C4C(c7ccccc7)C3c8ccccc8)C1c9ccccc9,0,30,0.0,0.004140163867685883,3.9947376690823586,0.24421917283070577,65.3426545500901,1.0,1.0
murcko_framework,O1CCCC(C1)C2CCC3C4=CCC5CCCCC5C4CCC32,0,35,0.0,0.004830191178966863,3.4320748773792915,0.21048802227061886,55.96108432618532,1.0,1.0
murcko_framework,O1CCCC(OC2OC(COC3OCCC(OC4OCCCC4)C3)CCC2)C1,0,40,0.0,0.005520218490247844,3.0083411700473524,0.18494277520581456,48.93468579851472,1.0,1.0
murcko_framework,O1CCC2CC3CCCCC3CCCC=CC12,0,125,0.0,0.01725068278202451,0.9707053742320109,0.06036839965124787,15.608645069381609,1.0,1.0
murcko_framework,O1C=CC2CC3N(CCC43c5ccccc5NC4)CC2C1,0,63,0.0,0.008694344122140355,1.9186448801685227,0.11868138567924466,31.017485641311175,1.0,1.0
murcko_framework,O1C=CC2CC=CC2C1OC3OCCCC3,0,259,0.0,0.03574341472435479,0.46936798495898097,0.02927332272664663,7.525838708563002,0.6319522575749768,1.0
murcko_framework,O(c1cccc2c1Cc3ccccc3C2)C4OCCCC4,0,103,0.0,0.014214562612388197,1.1770746261867104,0.07311688413790303,18.949175583021777,1.0,1.0
murcko_framework,C1=C2CC3CCCC2(CC1)C3,0,88,0.0,0.012144480678545257,1.3766073004572406,0.08541462649948736,22.186453741427353,1.0,1.0
murcko_framework,O1c2cc(OC3OCCC(OC4OCCCC4)C3)ccc2CC=C1c5ccccc5,0,33,0.0,0.004554180254454471,3.6369849089845876,0.22279718329341747,59.370854840481435,1.0,1.0
murcko_framework,O1C2=CC3CCCCC3CC2=CC1,0,43,0.0,0.005934234877016433,2.800857768526196,0.17238946975498262,45.50628440741406,1.0,1.0
murcko_framework,C1=CCCN1,0,55,0.0,0.007590300424090785,2.195230542464442,0.13557759518745932,35.54449485481419,1.0,1.0
murcko_framework,O1Cc2ccccc2C1Nc3ccccc3,0,48,0.0,0.006624262188297413,2.5120922097080918,0.15486902514913442,40.748027334705235,1.0,1.0
murcko_framework,O1CCCCC1C2CCCCC2,0,45,0.0,0.006210245801528825,2.6777357500411143,0.16492624657996455,43.47560740474222,1.0,1.0
murcko_framework,o1ccc(c1)C2OCC=C3C2CCC4C5CCCC6CC34OC65,0,30,0.0,0.004140163867685883,3.9947376690823586,0.24421917283070577,65.3426545500901,1.0,1.0
murcko_framework,c1ccc(cc1)C2=CC=C3N(C2)CC4CNCC3C4,0,56,0.0,0.0077283058863469815,2.1563739284029575,0.13320710839678127,34.90766052247975,1.0,1.0
murcko_framework,c1ccc2c(c1)[nH]c3c2CCN4Cc5ccccc5C34,0,78,0.0,0.010764426055983297,1.5519927084147764,0.09620109164695093,25.0379837248861,1.0,1.0
murcko_framework,O1CCOC12CCC3C(CCC4C5CCCC5CCC34)C2,0,49,0.0,0.006762267650553609,2.46133947512794,0.15178372761905926,39.91331684136583,1.0,1.0
murcko_framework,O(c1cc2c3c(c1)CCCC3CCC2)C4OCCCC4,0,32,0.0,0.004416174792198275,3.7488973108613264,0.2295077850906168,61.23640225029506,1.0,1.0
murcko_framework,O1CCCCC1Nc2ccccc2,0,146,0.0,0.02014879748940463,0.8315357902656629,0.05175427735582443,13.360282585704475,1.0,1.0
murcko_framework,O1c2cc3c(cc2OC1)C(c4ccccc4)C5COCC5C3,0,105,0.0,0.014490573536900591,1.1547572275479214,0.07173966642320233,18.587544674488303,1.0,1.0
murcko_framework,c1ccc(cc1)C=CCCCC=Cc2ccccc2,0,37,0.0,0.005106202103479255,3.249021915811894,0.19946756836778803,52.921602723717264,1.0,1.0
murcko_framework,O1CC2CCC3C4C(=CCC23C1)C5CCC(OC6OCC(OC7OCCC(OC8OCCCC8)C7)CC6OC9OCC(OC%10OCCC(OC%11OCCCC%11)C%10)CC9)CC5CC4,0,47,0.0,0.006486256726041217,2.564981901533723,0.15808233649692185,41.61838887878318,1.0,1.0
murcko_framework,S1CC(N2Cc3ccccc3C12)CNCc4ccccc4,0,82,0.0,0.011316447905008081,1.4767364242729972,0.09157535195948578,23.813727385283677,1.0,1.0
murcko_framework,O1C=CCC=C1,4,237,0.13454423141607805,0.03270729455471848,4.11777964422805,1.5317941733613165,11.069443593202204,0.017803303348326648,0.8860228160211722
murcko_framework,O1CCCCC1OC2OCCC2,0,147,0.0,0.020286802951660826,0.8258971194705776,0.05140497544491642,13.26926131266644,1.0,1.0
murcko_framework,O1C=C(c2ccccc2)Cc3ccc4OCCC(C5=Cc6ccccc6NC5)c4c13,0,46,0.0,0.006348251263785021,2.620146418814221,0.1614317970913098,42.52673500340135,1.0,1.0
murcko_framework,C1=CC2CCCC2CC3CCCC3C1,0,41,0.0,0.0056582239525040405,2.935846969515864,0.18056004511200668,47.735906485118264,1.0,1.0
murcko_framework,C1=CCNCN1,0,167,0.0,0.023046912196784747,0.7272624601893843,0.04529117483374862,11.678007645908956,1.0,1.0
murcko_framework,O1CC=C(C1)CCCCCCCCCCCC2OC(CC2)C3OCCC3,0,41,0.0,0.0056582239525040405,2.935846969515864,0.18056004511200668,47.735906485118264,1.0,1.0
murcko_framework,n1cnccc1,1,92,0.03363605785401951,0.012696502527570042,2.6497929954941775,0.36919329781624854,19.018229638785684,0.31669462508200713,1.0
murcko_framework,O1Cc2ccccc2C1N3CCCC3,0,98,0.0,0.013524535301107218,1.2368331428464123,0.07680289147619399,19.91795092398964,1.0,1.0
murcko_framework,O1c2ccccc2C(=CC1)CN3CCCCC3,0,75,0.0,0.010350409669214708,1.6136679743918967,0.09998910393021328,26.042080879086964,1.0,1.0
murcko_framework,C1=CCCC2CC2C=CCC1,1,110,0.03363605785401951,0.01518060084818157,2.216135445980668,0.30930809261508857,15.87820180651929,0.36525051329875624,1.0
murcko_framework,S(Nc1ccccc1)c2ccccc2,0,36,0.0,0.004968196641223059,3.338040821779601,0.20482969417506067,54.398931623380356,1.0,1.0
murcko_framework,S1CC(N2Cc3ccccc3C12)CNCCc4ccccc4,0,54,0.0,0.007452294961834589,2.235513087317173,0.13803396711316637,36.204992641189335,1.0,1.0
murcko_framework,n1ccc2c3ccccc3n4c2c1-c5ccccc5C4,0,194,0.0,0.026773059677702042,0.6262823752054891,0.03902488666441833,10.05075599234608,1.0,1.0
murcko_framework,O1CC=C(C1)CCC2CCCC3C(COC4OCCCC4)CCCC23,0,42,0.0,0.0057962294147602365,2.866764260774093,0.1763801992734908,46.594444051559776,1.0,1.0
murcko_framework,O1CCCCC1OCCC2CCC3C2CCC4C5CCC(OC6OCCC(OC7OCCCC7)C6OC8OCCCC8)CC5CCC34,0,39,0.0,0.005382213027991648,3.084505963010815,0.1895435270182853,50.195209435621834,1.0,1.0
murcko_framework,n1c2OCCc2cc3ccccc13,0,47,0.0,0.006486256726041217,2.564981901533723,0.15808233649692185,41.61838887878318,1.0,1.0
murcko_framework,C1=C2CC(CC=C3C2CCC4CCCC34)CCC1,0,68,0.0,0.009384371433421334,1.7785855347540747,0.1101050821593759,28.730431351547423,1.0,1.0
murcko_framework,S(c1ccccc1)N2CCCCC2,0,49,0.0,0.006762267650553609,2.46133947512794,0.15178372761905926,39.91331684136583,1.0,1.0
murcko_framework,c1ccc(cc1)C=2C=CCN3C2C4CNCC(C3)C4,0,52,0.0,0.007176284037322197,2.3206818964343765,0.14322373735831748,37.60245727260023,1.0,1.0
murcko_framework,O1C=C2CCC3C4C(=CCC3COC5COC1C25)CC(OC6OCC(OC7OCC(OC8OCC(OC9OCCCC9)CC8)CC7)CC6)CC4,0,31,0.0,0.004278169329942079,3.867915262063572,0.2366350976839967,63.222947994312236,1.0,1.0
murcko_framework,O(Cc1ccccc1)C2CC3C4C=CCC4CC=CC3C5CC25,0,31,0.0,0.004278169329942079,3.867915262063572,0.2366350976839967,63.222947994312236,1.0,1.0
murcko_framework,C1CC2CC(C1)C3CCCC23,1,40,0.03363605785401951,0.005520218490247844,6.0949613055181695,0.8376316081183088,44.34951231032915,0.15454426892485024,1.0
murcko_framework,c1ccc(cc1)C2C=CNC3=C2CCC(c4ccccc4)C3,0,77,0.0,0.0106264205937271,1.572020590484766,0.09743146859722107,25.363968874616305,1.0,1.0
murcko_framework,N1=c2ccc(cc2=CC1)C3CC(=C4C=COc5cc6OCCc6cc54)CCC3,0,76,0.0,0.010488415131470903,1.5925720773147554,0.09869372105014385,25.698553002718498,1.0,1.0
murcko_framework,O1CCC(OC2OCCC2)CC1,0,43,0.0,0.005934234877016433,2.800857768526196,0.17238946975498262,45.50628440741406,1.0,1.0
murcko_framework,O(CCCCNCc1ccccc1)CCC2CCC3C2CCC4C5C(=CCCC5)CCC43,0,48,0.0,0.006624262188297413,2.5120922097080918,0.15486902514913442,40.748027334705235,1.0,1.0
murcko_framework,O1CCCCC1OCCCCC2OC3CC4C5CCC6CC(OC7OCC(OC8OCCC(OC9OCCCC9)C8OC%10OCCCC%10)CC7)CCC6C5CCC4C3C2,0,58,0.0,0.008004316810859374,2.082645994029885,0.12870638226970604,33.70007189977272,1.0,1.0
murcko_framework,O1CCCCC1OC2CCC34CC54CCC6C(CCC6C5CC(OC7OCCCC7)C3C2)C8OCCC8,0,136,0.0,0.01876874286684267,0.8924664820074271,0.05552735692547626,14.344216357636066,1.0,1.0
murcko_framework,C=1C=CCCC=CCCCCCCC2=CCC=C(NCC1)C2,0,64,0.0,0.00883234958439655,1.88889584090995,0.11686089430381194,30.531406755549067,1.0,1.0
murcko_framework,O1C=CCC=C1CC=CCCCCC=2OC=CCC2,0,40,0.0,0.005520218490247844,3.0083411700473524,0.18494277520581456,48.93468579851472,1.0,1.0
murcko_framework,N1=CN(Cc2ccccc12)CCc3ccccc3,0,37,0.0,0.005106202103479255,3.249021915811894,0.19946756836778803,52.921602723717264,1.0,1.0
murcko_framework,o1ccc(c1)C2CCC3C4C(=CCC3C2)CC(OC5OCC(OC6OCC(OC7OCC(OC8OCCCC8)CC7)CC6)CC5)CC4,0,31,0.0,0.004278169329942079,3.867915262063572,0.2366350976839967,63.222947994312236,1.0,1.0
murcko_framework,O1CCCCC1OC2COC(OCC3OC(OCC45CCCCC5C6=CCC7C(CCC8CCCCC87)C6CC4)CCC3)CC2,0,170,0.0,0.023460928583553337,0.7144630945788483,0.04449731229912031,11.471648221892176,1.0,1.0
murcko_framework,O1C=C2COC3C=CC(C1OC4OCCCC4)C23,0,31,0.0,0.004278169329942079,3.867915262063572,0.2366350976839967,63.222947994312236,1.0,1.0
murcko_framework,O1CC2OC2CC1CC3CCC4C3CCC5C6CC=CCC6C7OC7C54,0,30,0.0,0.004140163867685883,3.9947376690823586,0.24421917283070577,65.3426545500901,1.0,1.0
murcko_framework,O1C2CCCC3CCCCC123,0,75,0.0,0.010350409669214708,1.6136679743918967,0.09998910393021328,26.042080879086964,1.0,1.0
murcko_framework,o1c2ccccc2c3c1-c4ccccc4OC3,0,116,0.0,0.016008633621718747,1.0457084792635376,0.06500518599565533,16.82183054866955,1.0,1.0
murcko_framework,O1CCCC(OC2OCCC(OC3OCCCC3)C2)C1,0,129,0.0,0.017802704631049295,0.9407170027650943,0.05851337385612777,15.123866920872604,1.0,1.0
murcko_framework,O1CCCCC1CCCCCC2OC(CC2)C3OCCC3,0,35,0.0,0.004830191178966863,3.4320748773792915,0.21048802227061886,55.96108432618532,1.0,1.0
murcko_framework,O1c2cc3OC(c4ccccc4)CCc3cc2C=CC1,0,114,0.0,0.015732622697206357,1.0639770667093533,0.06613397429031662,17.117483269853853,1.0,1.0
murcko_framework,O1CCCCC1OC2CCC3CCCCC3C2,0,68,0.0,0.009384371433421334,1.7785855347540747,0.1101050821593759,28.730431351547423,1.0,1.0
murcko_framework,O=1c2cccc(OC3OCCCC3)c2C=C(OC4OC(COC5OCCCC5)CCC4)C1c6ccccc6,0,41,0.0,0.0056582239525040405,2.935846969515864,0.18056004511200668,47.735906485118264,1.0,1.0
murcko_framework,O1c2ccc(cc2OC1)C3Oc4ccccc4C3,0,51,0.0,0.007038278575066001,2.365746945918722,0.1459677487671136,38.34243289627761,1.0,1.0
murcko_framework,O1c2ccc(cc2OC1)CC3COCC3Cc4ccc5OCOc5c4,0,51,0.0,0.007038278575066001,2.365746945918722,0.1459677487671136,38.34243289627761,1.0,1.0
murcko_framework,O1CC2CCC3C4C(=CCC23C1)C5CCC(OC6OCCCC6OC7OCC(OC8OCCC(OC9OCCCC9)C8)CC7)CC5CC4,0,82,0.0,0.011316447905008081,1.4767364242729972,0.09157535195948578,23.813727385283677,1.0,1.0
murcko_framework,O1C2c3ccccc3C45CCNC5(C2)C1CCC4,0,44,0.0,0.006072240339272629,2.7379133658175303,0.16857530670648754,44.46777968361716,1.0,1.0
murcko_framework,O1c2ccccc2CC(c3cccc4c3OC(c5ccccc5)CC4)C1c6ccccc6,0,55,0.0,0.007590300424090785,2.195230542464442,0.13557759518745932,35.54449485481419,1.0,1.0
murcko_framework,o1ccc(c1)C2OCC3OC34C2CCC5C6COCC6CCC54,0,82,0.0,0.011316447905008081,1.4767364242729972,0.09157535195948578,23.813727385283677,1.0,1.0
murcko_framework,O1CCC2CC(OC12)C3CCCC45COC(CC34)CC65OC6,0,51,0.0,0.007038278575066001,2.365746945918722,0.1459677487671136,38.34243289627761,1.0,1.0
murcko_framework,O1CCCCCCCC1,0,37,0.0,0.005106202103479255,3.249021915811894,0.19946756836778803,52.921602723717264,1.0,1.0
murcko_framework,n1cccc(c1)-c2noc(n2)C3N(Cc4ccccc4)CCC3,0,98,0.0,0.013524535301107218,1.2368331428464123,0.07680289147619399,19.91795092398964,1.0,1.0
murcko_framework,O1C2CC3=C(CCC4CCCC34)C5CCCCC125,0,37,0.0,0.005106202103479255,3.249021915811894,0.19946756836778803,52.921602723717264,1.0,1.0
murcko_framework,N1CCNCCCNCCNCCC1,0,78,0.0,0.010764426055983297,1.5519927084147764,0.09620109164695093,25.0379837248861,1.0,1.0
murcko_framework,O1c2ccc3c(OCC4=C3CCC4)c2CCC1,0,34,0.0,0.004692185716710667,3.5315601825789646,0.21646778956224189,57.615580352157025,1.0,1.0
murcko_framework,n1ccc2cc3OCOc3c4-c5ccccc5Cc1c24,0,40,0.0,0.005520218490247844,3.0083411700473524,0.18494277520581456,48.93468579851472,1.0,1.0
murcko_framework,c1ccc(cc1)C2c3ccccc3C=CC2,0,43,0.0,0.005934234877016433,2.800857768526196,0.17238946975498262,45.50628440741406,1.0,1.0
murcko_framework,O1C2CC3CC=CC3C45OC6(OC(CC4)C(O6)C5C12)c7ccccc7,0,41,0.0,0.0056582239525040405,2.935846969515864,0.18056004511200668,47.735906485118264,1.0,1.0
murcko_framework,O1CC=C2CC3CCCC4OC43CC12,0,46,0.0,0.006348251263785021,2.620146418814221,0.1614317970913098,42.52673500340135,1.0,1.0
murcko_framework,O1c2cc3OCCCc3cc2C=CC1,0,168,0.0,0.023184917659040946,0.7229453645680265,0.0450234260022081,11.608401371427492,1.0,1.0
murcko_framework,O(c1ccc(cc1)C2OCC3C(OCC23)c4ccccc4)C5OCCCC5,0,117,0.0,0.016146639083974942,1.0368074015505762,0.06445511695002257,16.67780059639906,1.0,1.0
murcko_framework,O1C(=Cc2ccccc2)Cc3ccc4OCCC(C5=Cc6ccccc6NC5)c4c13,0,42,0.0,0.0057962294147602365,2.866764260774093,0.1763801992734908,46.594444051559776,1.0,1.0
murcko_framework,c1ccc(cc1)CC2=CC3CCCC(C2)C3,0,98,0.0,0.013524535301107218,1.2368331428464123,0.07680289147619399,19.91795092398964,1.0,1.0
murcko_framework,O1CCCCC1OC2CCC34CC54CCC6C(CCC6C5CCC3C2)C7OCCC7,0,122,0.0,0.016836666395255925,0.9944818687522091,0.061838720586447474,15.993121751190193,1.0,1.0
murcko_framework,O1CC2CC=CC13C2CC45CCC(CCC34)C5,0,54,0.0,0.007452294961834589,2.235513087317173,0.13803396711316637,36.204992641189335,1.0,1.0
murcko_framework,O1c2ccccc2CC1=CC=Cc3ccccc3,0,46,0.0,0.006348251263785021,2.620146418814221,0.1614317970913098,42.52673500340135,1.0,1.0
murcko_framework,O1c2ccc3c(c2OC1)CNC4c5cc6OCOc6cc5CCC34,0,51,0.0,0.007038278575066001,2.365746945918722,0.1459677487671136,38.34243289627761,1.0,1.0
murcko_framework,O1CCCC(OC2OCC(OC3OCCC(OC4OCCCC4)C3)CC2)C1,0,49,0.0,0.006762267650553609,2.46133947512794,0.15178372761905926,39.91331684136583,1.0,1.0
murcko_framework,O1c2ccc(cc2OC1)C3OC(c4ccccc4)CC3,0,62,0.0,0.008556338659884158,1.9493458886833697,0.120559487313188,31.519289592326263,1.0,1.0
murcko_framework,O1CCC2C=COC(OC3OCCCC3)C2C1,0,68,0.0,0.009384371433421334,1.7785855347540747,0.1101050821593759,28.730431351547423,1.0,1.0
murcko_framework,O(c1ccccc1)C2OC(COC3OCCCC3)CCC2,0,216,0.0,0.029809179847338357,0.5626245849111338,0.03507092255089778,9.025893832334399,1.0,1.0
murcko_framework,O1c2ccccc2CC=C1c3ccc4OCOc4c3,0,73,0.0,0.010074398744702315,1.6575818825932929,0.10268461890982612,26.757441637041534,1.0,1.0
murcko_framework,O(c1ccc(cc1)CC2NCCc3ccccc32)c4cccc5-c6cccc7c6C(NCC7)Cc45,0,32,0.0,0.004416174792198275,3.7488973108613264,0.2295077850906168,61.23640225029506,1.0,1.0
murcko_framework,O1CCC2OC3(OCCCC3)OC2C1OC4CCCCC4,0,32,0.0,0.004416174792198275,3.7488973108613264,0.2295077850906168,61.23640225029506,1.0,1.0
murcko_framework,c1ccc(cc1)NCN2CC3C4=CC=CCN4CC(C2)C3,0,99,0.0,0.013662540763363413,1.2244009690287658,0.07603626007927378,19.716352847912173,1.0,1.0
murcko_framework,O1CCCCC1OCC2CCC3CCCCC3C2,0,42,0.0,0.0057962294147602365,2.866764260774093,0.1763801992734908,46.594444051559776,1.0,1.0
murcko_framework,c1ccc2c(c1)C=CC2,0,75,0.0,0.010350409669214708,1.6136679743918967,0.09998910393021328,26.042080879086964,1.0,1.0
murcko_framework,c1ccc2c(c1)[nH]c3ccccc32,0,269,0.0,0.03712346934691675,0.45194549379132243,0.02818951509596312,7.245769523276849,0.6330777990304547,1.0
murcko_framework,O(Sc1ccccc1)c2ccc3c(OC(=Cc4c[nH]c5ccccc45)C3)c2,0,33,0.0,0.004554180254454471,3.6369849089845876,0.22279718329341747,59.370854840481435,1.0,1.0
murcko_framework,C1=C2C3=CCC4C(CCC5CCCCC54)C3CCC2CCC1,0,46,0.0,0.006348251263785021,2.620146418814221,0.1614317970913098,42.52673500340135,1.0,1.0
murcko_framework,O1c2cc3OCN(Cc4ccccc4)Cc3cc2C=CC1,0,54,0.0,0.007452294961834589,2.235513087317173,0.13803396711316637,36.204992641189335,1.0,1.0
murcko_framework,c1ccc(cc1)C2c3c4ccccc4[nH]c3C5N(CCNC5)C2,0,131,0.0,0.01807871555556169,0.9264069623882956,0.05762795797067804,14.892595368348628,1.0,1.0
murcko_framework,O1CCCC(OC2OCC(OC3OCC(OC4OCC(OC5OCCCC5)CC4)CC3)CC2)C1,0,35,0.0,0.004830191178966863,3.4320748773792915,0.21048802227061886,55.96108432618532,1.0,1.0
murcko_framework,O(CC1=CCC2=CCCC3CCOC3C12)C4OCCCC4,0,34,0.0,0.004692185716710667,3.5315601825789646,0.21646778956224189,57.615580352157025,1.0,1.0
murcko_framework,C1=CCCC2C1=CCC3CCCCC23,1,98,0.03363605785401951,0.013524535301107218,2.4875401708462657,0.3468116408236243,17.842123427225978,0.33327905464229973,1.0
murcko_framework,C1=C2C3CCCCC3CCC24CCC(C1)C4,0,77,0.0,0.0106264205937271,1.572020590484766,0.09743146859722107,25.363968874616305,1.0,1.0
murcko_framework,O1CC=CCC2CCCC2C=CCCCC1,0,43,0.0,0.005934234877016433,2.800857768526196,0.17238946975498262,45.50628440741406,1.0,1.0
murcko_framework,c1ccc2c(c1)NC34N5CCC(CC3)CC24CC5,0,57,0.0,0.007866311348603178,2.1188688487436123,0.13091807998588428,34.293240465030934,1.0,1.0
murcko_framework,C1=C2C3CCCC24N(CC1)CCCC4CC3,0,37,0.0,0.005106202103479255,3.249021915811894,0.19946756836778803,52.921602723717264,1.0,1.0
murcko_framework,C1=CCCC2CCCC2CCCCCC1,0,99,0.0,0.013662540763363413,1.2244009690287658,0.07603626007927378,19.716352847912173,1.0,1.0
murcko_framework,C1=CCC2=C(C1)CN3CC4NC(C5=C(CC=CC5)C4)C3C2,0,76,0.0,0.010488415131470903,1.5925720773147554,0.09869372105014385,25.698553002718498,1.0,1.0
murcko_framework,N1CC2CCCC34C1C5CC6CCC5(CCC23)C4C6,0,54,0.0,0.007452294961834589,2.235513087317173,0.13803396711316637,36.204992641189335,1.0,1.0
murcko_framework,O1CCNCCOCCNCCOCCNCC1,0,63,0.0,0.008694344122140355,1.9186448801685227,0.11868138567924466,31.017485641311175,1.0,1.0
murcko_framework,O1c2cc(OC3OC(COC4OCCCC4)CCC3OC5OCCCC5)ccc2CC=C1c6ccccc6,0,41,0.0,0.0056582239525040405,2.935846969515864,0.18056004511200668,47.735906485118264,1.0,1.0
murcko_framework,O1c2c(cccc2C3c4ccc5OC6(Oc7ccccc7C(c5c4OC(c8ccccc8)C3)C6)c9ccccc9)CCC1c%10ccccc%10,0,47,0.0,0.006486256726041217,2.564981901533723,0.15808233649692185,41.61838887878318,1.0,1.0
murcko_framework,N=1[N]C(=CC1c2ccccc2)C3CN4CCC3CC4CNCNc5ccccc5,0,37,0.0,0.005106202103479255,3.249021915811894,0.19946756836778803,52.921602723717264,1.0,1.0
murcko_framework,O1c2ccc3c(OC4COc5ccccc5C4C3)c2CC1,0,124,0.0,0.017112677319768316,0.978503555165677,0.060850677233865835,15.73473379420335,1.0,1.0
murcko_framework,c1ccc(cc1)CN2CCN3CNCC3C2,0,36,0.0,0.004968196641223059,3.338040821779601,0.20482969417506067,54.398931623380356,1.0,1.0
murcko_framework,O1CCNCCNCCNCCNCCNCCC1,0,83,0.0,0.011454453367264276,1.4590489443175194,0.09048759007872809,23.5261412096609,1.0,1.0
murcko_framework,O1CCCC(OC2OCC(OC3OCCC(OC4OCCCC4)C3)C(OC5OC(CCOC6OC(CCOC7OCCCC7)CCC6)CCC5)C2)C1,0,30,0.0,0.004140163867685883,3.9947376690823586,0.24421917283070577,65.3426545500901,1.0,1.0
murcko_framework,O1c2ccccc2NCC1OC3OCCCC3,0,37,0.0,0.005106202103479255,3.249021915811894,0.19946756836778803,52.921602723717264,1.0,1.0
murcko_framework,N1=CC=CN(C1)C2OCCC2,0,288,0.0,0.039745573129784474,0.42217024502108313,0.026336777545368437,6.767255996833384,0.6365652728037796,1.0
murcko_framework,O1CCCCOCC(NCc2ccccc2)C1,0,108,0.0,0.014904589923669179,1.1228238069149996,0.06976843133372225,18.07025437256353,1.0,1.0
murcko_framework,c1ccc(cc1)CCC2NCC3N(CCNCCCCCNCC4N(CCNC2)CCC4)CCC3,0,51,0.0,0.007038278575066001,2.365746945918722,0.1459677487671136,38.34243289627761,1.0,1.0
murcko_framework,c1ccc(cc1)C2CC=CCC2,0,32,0.0,0.004416174792198275,3.7488973108613264,0.2295077850906168,61.23640225029506,1.0,1.0
murcko_framework,O1C=CC2c3cc4c(Oc5ccccc5C4)cc3OC12,0,39,0.0,0.005382213027991648,3.084505963010815,0.1895435270182853,50.195209435621834,1.0,1.0
murcko_framework,O1c2cc3c(cc2CC4CCCCC14)COC3,0,34,0.0,0.004692185716710667,3.5315601825789646,0.21646778956224189,57.615580352157025,1.0,1.0
murcko_framework,O(CNc1ccccc1)C2CCC3C(CCN4CCCC4)CCCC3C2,0,50,0.0,0.006900273112809805,2.4125967498380914,0.14881894394266065,39.1121111541551,1.0,1.0
murcko_framework,O1CCCCC1OC2CCOC(OC3COC(OC4CC5=CCC6C(CCC7C8CC9(OCCCC9)OC8CC67)C5CC4)CC3)C2OC%10OCCCC%10,0,37,0.0,0.005106202103479255,3.249021915811894,0.19946756836778803,52.921602723717264,1.0,1.0
murcko_framework,O1c2ccc(cc2CC=C1c3ccccc3)C4OC(COC5OCCCC5)CCC4,0,33,0.0,0.004554180254454471,3.6369849089845876,0.22279718329341747,59.370854840481435,1.0,1.0
murcko_framework,O1CCCCC1OC2CCCOC2OC3COC(OC4COC5OC6CCCOC6OCCCCCCCCCCCOC5C4)CC3,0,33,0.0,0.004554180254454471,3.6369849089845876,0.22279718329341747,59.370854840481435,1.0,1.0
murcko_framework,n1ccc2c3ccccc3n4c2c1C=CC4,0,61,0.0,0.008418333197627963,1.9810453039791873,0.12249797770827836,32.03759416962826,1.0,1.0
murcko_framework,C=1C2=CCC3CCCC3C2CCC4C1CCCC4,0,49,0.0,0.006762267650553609,2.46133947512794,0.15178372761905926,39.91331684136583,1.0,1.0
murcko_framework,O1CCC(OC2OCC3OC4(OCC(OC5OCC(OCc6ccccc6)CC5)CC4)OC3C2)CC1OC7COC(OC8OCC9OC%10(OCCC%11OCOC%11%10)OC9C8)CC7,0,41,0.0,0.0056582239525040405,2.935846969515864,0.18056004511200668,47.735906485118264,1.0,1.0
murcko_framework,c1ccc2c(c1)NC3N4CC5N(CC4CC23)C6Nc7ccccc7C6C5,0,30,0.0,0.004140163867685883,3.9947376690823586,0.24421917283070577,65.3426545500901,1.0,1.0
murcko_framework,c1ccc2c(c1)CC3NCCC24CCCCC34,0,65,0.0,0.008970355046652747,1.8600551692623262,0.11509540255612229,30.060325224653926,1.0,1.0
murcko_framework,O1CC=C(C1)C2OCC3OC34C2CCC5C6C=CCOCC6CCC54,0,31,0.0,0.004278169329942079,3.867915262063572,0.2366350976839967,63.222947994312236,1.0,1.0
murcko_framework,o1cccc1CNCCC2CCOCC2,0,33,0.0,0.004554180254454471,3.6369849089845876,0.22279718329341747,59.370854840481435,1.0,1.0
murcko_framework,o1ccc(c1)C2OCC3(CCCC45COCC5CCCC34)C2,0,43,0.0,0.005934234877016433,2.800857768526196,0.17238946975498262,45.50628440741406,1.0,1.0
murcko_framework,O1CCCCC1OC2COC(OC3COC(OC4COC(OC5CC6=CCC7C(CCC8CCCC87)C6CC5)CC4)CC3)CC2,0,190,0.0,0.026221037828677258,0.6394361920498965,0.03984155039829497,10.262618789071274,1.0,1.0
murcko_framework,c1ccc(cc1)-c2cccc(c2)C3C4CC5CC(C4)CC3C5,0,36,0.0,0.004968196641223059,3.338040821779601,0.20482969417506067,54.398931623380356,1.0,1.0
murcko_framework,O1CCCCC1OC2CC(OC3OCCC3)COC2OC4CCC5C(CCC6C7C(=CCC65)C8CCCCC8CC7)C4,0,46,0.0,0.006348251263785021,2.620146418814221,0.1614317970913098,42.52673500340135,1.0,1.0
murcko_framework,c1ccc(cc1)C=CCCCCCc2ccccc2,0,71,0.0,0.009798387820189923,1.7039525129318303,0.10552947147400055,27.513206744734116,1.0,1.0
murcko_framework,o1ccc(c1)C2C=C3C(OC4C5OCC6CCCC(CC34)C56)C2,0,31,0.0,0.004278169329942079,3.867915262063572,0.2366350976839967,63.222947994312236,1.0,1.0
murcko_framework,O1c2ccccc2CC(OCc3ccccc3)C1c4ccccc4,0,54,0.0,0.007452294961834589,2.235513087317173,0.13803396711316637,36.204992641189335,1.0,1.0
murcko_framework,O1c2cc(OC3OCCCC3)ccc2CC(OC4OCC(OC5OCCCC5)CC4)=C1c6ccccc6,0,42,0.0,0.0057962294147602365,2.866764260774093,0.1763801992734908,46.594444051559776,1.0,1.0
murcko_framework,C(=CC=CC=CC=CC=CCC1CCCC1)C=CC=CC=CC=CC2=CCCCC2,0,38,0.0,0.005244207565735451,3.164627368595756,0.1943789821515663,51.52237279571842,1.0,1.0
murcko_framework,O1c2cc3OC45C(=CC6CC5OCC4C6)Cc3cc2C=CC1,0,84,0.0,0.011592458829520473,1.4417801029408692,0.0894253629735279,23.24541714023054,1.0,1.0
murcko_framework,N1CCNCCNCCNCCNCCNCC1,0,38,0.0,0.005244207565735451,3.164627368595756,0.1943789821515663,51.52237279571842,1.0,1.0
murcko_framework,o1ccc(c1)C2OCC3OC34C2CCC5C6CCCOCC6CCC54,0,64,0.0,0.00883234958439655,1.88889584090995,0.11686089430381194,30.531406755549067,1.0,1.0
murcko_framework,n1nn(cc1-c2ccccc2)CC3N4CCC(CC4)C3,0,46,0.0,0.006348251263785021,2.620146418814221,0.1614317970913098,42.52673500340135,1.0,1.0
murcko_framework,O1CC2CCCCC2C3CCC4CCCC4C3C1,0,35,0.0,0.004830191178966863,3.4320748773792915,0.21048802227061886,55.96108432618532,1.0,1.0
murcko_framework,O1CCCCC1OCCC2CCC3C4=C(CCC32)C5CCCCC5CC4,0,38,0.0,0.005244207565735451,3.164627368595756,0.1943789821515663,51.52237279571842,1.0,1.0
murcko_framework,O1CCCC2OC3CC4OC5CCCC6OC7CCC8OC9CC%10OC%11CCCOC%11CC%10OC9CC8OC7CC6OC5CC4OC3CC12,0,31,0.0,0.004278169329942079,3.867915262063572,0.2366350976839967,63.222947994312236,1.0,1.0
murcko_framework,N1=C2CCCCCC3OC4(OC5(OC(CCC=CC6C=C(CCC26CCCC1)C7OCC=C7)CC5)CC4)CCC3,0,32,0.0,0.004416174792198275,3.7488973108613264,0.2295077850906168,61.23640225029506,1.0,1.0
murcko_framework,O(Cc1ccccc1)CC2OC(OC34CC5C6OC(OC3C6)C54COCc7ccccc7)CCC2,0,57,0.0,0.007866311348603178,2.1188688487436123,0.13091807998588428,34.293240465030934,1.0,1.0
murcko_framework,O1CC=C2CN3CCC45c6ccccc6N7CCC1C(C2CC34)C75,0,104,0.0,0.014352568074644394,1.1658091450556471,0.0724217294033281,18.766618443012792,1.0,1.0
murcko_framework,c1ccc(cc1)C=C2CC3CCC4C5CCCCC5CCC4C3C2,0,55,0.0,0.007590300424090785,2.195230542464442,0.13557759518745932,35.54449485481419,1.0,1.0
murcko_framework,O1C=CC2C(OCC=Cc3ccccc3)C4OC4C2C1OC5OCCCC5,0,47,0.0,0.006486256726041217,2.564981901533723,0.15808233649692185,41.61838887878318,1.0,1.0
murcko_framework,N(=Cc1ccccc1)N2CCN3Cc4[nH]c5ccccc5c4CC3C2,0,53,0.0,0.007314289499578393,2.2773015216971095,0.1405809775837492,36.8904976324725,1.0,1.0
murcko_framework,O1c2ccccc2C3C1=CCCC3,0,55,0.0,0.007590300424090785,2.195230542464442,0.13557759518745932,35.54449485481419,1.0,1.0
murcko_framework,O1C(C=CC1)=C2OC34OC5CC(N6CCC3C65)C4C2,0,66,0.0,0.009108360508908942,1.8320818862356834,0.11338245518825726,29.60355755482463,1.0,1.0
murcko_framework,O1c2cc(OCc3ccccc3)ccc2CC1=CC4=Cc5ccccc5OC4,0,109,0.0,0.015042595385925376,1.1125681725869228,0.06913520397087981,17.90416267774052,1.0,1.0
murcko_framework,O1CCCCC(OC2OCC(OC3OCCCC3)CC2)CCCCC=CC4OC4CC1,0,91,0.0,0.012558497065313845,1.331467121687842,0.0826349557411422,21.453447638903555,1.0,1.0
murcko_framework,O(CC=Cc1ccccc1)C2CCC3CCC4=CCCC(C4)CC3C2,0,95,0.0,0.013110518914338629,1.2756918222659672,0.07919841770447848,20.548259328471907,1.0,1.0
murcko_framework,O=1c2cccc(OC3OCCCC3)c2C=C(OC4OC(COCC=Cc5ccccc5)CCC4OC6OCCCC6OCC=Cc7ccccc7)C1c8ccccc8,0,39,0.0,0.005382213027991648,3.084505963010815,0.1895435270182853,50.195209435621834,1.0,1.0
murcko_framework,O1CC=CC=CCCC=CC=CCCCCC=CC=CCCCC1,0,49,0.0,0.006762267650553609,2.46133947512794,0.15178372761905926,39.91331684136583,1.0,1.0
murcko_framework,O1c2cc(OC3OC(COCC=Cc4ccccc4)CCC3)ccc2CC=C1c5ccccc5,0,90,0.0,0.01242049160305765,1.3461813236071487,0.08354119299592762,21.692342316885934,1.0,1.0
murcko_framework,O1c2ccc(cc2C=CC1)CC=Cc3ccccc3,0,96,0.0,0.013248524376594826,1.2624704753822844,0.07838347835078587,20.333771028623815,1.0,1.0
murcko_framework,c1ccc2c(c[nH]c2c1)C=C3NCCNC3,0,72,0.0,0.009936393282446119,1.680447400311951,0.10408761295968512,27.130062693520873,1.0,1.0
murcko_framework,O1=c2cccc(OC3OCCCC3)c2=CC(OC4OC(COCC=Cc5ccccc5)CCC4)=C1c6ccccc6,0,49,0.0,0.006762267650553609,2.46133947512794,0.15178372761905926,39.91331684136583,1.0,1.0
murcko_framework,O1C=CC2CC3OC3C2C1OC4OC(COCC=Cc5ccccc5)CCC4,0,33,0.0,0.004554180254454471,3.6369849089845876,0.22279718329341747,59.370854840481435,1.0,1.0
murcko_framework,C(=CC=CC=CC=CC=CC1C=CCCC1)C=CC=CC=CC=CC2C=CCCC2,0,47,0.0,0.006486256726041217,2.564981901533723,0.15808233649692185,41.61838887878318,1.0,1.0
murcko_framework,O1CCCC12C=CCC3CCCCC32,0,117,0.0,0.016146639083974942,1.0368074015505762,0.06445511695002257,16.67780059639906,1.0,1.0
murcko_framework,O1CC=C2CCC=CCCC3OC3CCC=CC12,0,44,0.0,0.006072240339272629,2.7379133658175303,0.16857530670648754,44.46777968361716,1.0,1.0
murcko_framework,C1=CCCC2CCCC(CC=CCC1)C2,0,31,0.0,0.004278169329942079,3.867915262063572,0.2366350976839967,63.222947994312236,1.0,1.0
murcko_framework,O(CC=Cc1ccccc1)C2CC3COC4(CCCC(OCc5ccccc5)C24)C3,0,32,0.0,0.004416174792198275,3.7488973108613264,0.2295077850906168,61.23640225029506,1.0,1.0
murcko_framework,O1CC=CCCCCOCC=CCCCC1,0,32,0.0,0.004416174792198275,3.7488973108613264,0.2295077850906168,61.23640225029506,1.0,1.0
murcko_framework,O1CCNCCNCC=CCNCCC1,0,33,0.0,0.004554180254454471,3.6369849089845876,0.22279718329341747,59.370854840481435,1.0,1.0
murcko_framework,C1=C2C(=CCCC2)C3CCCC3C1,0,67,0.0,0.009246365971165139,1.8049374412246448,0.11171974094470334,29.160461160996103,1.0,1.0
murcko_framework,O1CCCCC1OCC2OC(OCC3OCCCC3)CCC2,0,37,0.0,0.005106202103479255,3.249021915811894,0.19946756836778803,52.921602723717264,1.0,1.0
murcko_framework,c1ccc2c(c1)[nH]c3c2CC4NCCC(CC3c5cccc6c5[nH]c7c6CCN8CC9CCC8C7C9)C4,0,71,0.0,0.009798387820189923,1.7039525129318303,0.10552947147400055,27.513206744734116,1.0,1.0
murcko_framework,C1=CCCC2CCCC2C=CCCC1,0,70,0.0,0.009660382357933726,1.728124437257238,0.10701183196410949,27.90732590810382,1.0,1.0
murcko_framework,C1=CC2C(=CCC3C2CCC4CCCC43)CC1,0,68,0.0,0.009384371433421334,1.7785855347540747,0.1101050821593759,28.730431351547423,1.0,1.0
murcko_framework,O1CCC2C1C=CCCC3OC3CC2OCC4OC4,0,44,0.0,0.006072240339272629,2.7379133658175303,0.16857530670648754,44.46777968361716,1.0,1.0
murcko_framework,O1CCCC1C2OCCC2,0,37,0.0,0.005106202103479255,3.249021915811894,0.19946756836778803,52.921602723717264,1.0,1.0
murcko_framework,N1=COC2CC1CC=CC=CCc3cccc(c3)NCCCC4OC4C2,0,35,0.0,0.004830191178966863,3.4320748773792915,0.21048802227061886,55.96108432618532,1.0,1.0
murcko_framework,O1CC=CC=CCOC2CC3OC4C=CCCC4(COCCCCC1)C2C53OC5,0,73,0.0,0.010074398744702315,1.6575818825932929,0.10268461890982612,26.757441637041534,1.0,1.0
murcko_framework,O1C2=C(CC=CC2)CC3C1CCC4OCCCC43,0,55,0.0,0.007590300424090785,2.195230542464442,0.13557759518745932,35.54449485481419,1.0,1.0
murcko_framework,C1=CC2CC2C1,0,46,0.0,0.006348251263785021,2.620146418814221,0.1614317970913098,42.52673500340135,1.0,1.0
murcko_framework,c1ccc(cc1)Cc2cccc(c2)Cc3ccccc3,0,30,0.0,0.004140163867685883,3.9947376690823586,0.24421917283070577,65.3426545500901,1.0,1.0
murcko_framework,o1ccc2c1CC34OC4CCCC3C2,0,69,0.0,0.009522376895677531,1.7529919565272618,0.10853642524166467,28.312898575819585,1.0,1.0
murcko_framework,O(CC=Cc1ccccc1)C2CC3=CCC4C(CCC5CCCC54)C3CC2,0,48,0.0,0.006624262188297413,2.5120922097080918,0.15486902514913442,40.748027334705235,1.0,1.0
murcko_framework,O1C=CC2=CCCCC2C1,0,118,0.0,0.01628464454623114,1.0280565529973273,0.06391427749530633,16.536215656014605,1.0,1.0
murcko_framework,O1CC=CC=CCCCCCCC=CC=CCC1CCCC2OCCC(OC3OCCCC3)C2,0,38,0.0,0.005244207565735451,3.164627368595756,0.1943789821515663,51.52237279571842,1.0,1.0
murcko_framework,O1CC=CC=CCCCCC=CC=CCC1,0,45,0.0,0.006210245801528825,2.6777357500411143,0.16492624657996455,43.47560740474222,1.0,1.0
murcko_framework,C(C=CC1CCC2(CCC3C=CCC2C3)C1)=CCC4CC=CCNCCc5cccc(c5)C4,0,44,0.0,0.006072240339272629,2.7379133658175303,0.16857530670648754,44.46777968361716,1.0,1.0
murcko_framework,O1c2cc3-c4cc5OCOc5cc4CCCCc3cc2OC1,0,45,0.0,0.006210245801528825,2.6777357500411143,0.16492624657996455,43.47560740474222,1.0,1.0
murcko_framework,O(Cc1ccccc1)C2CCC3CCC=CCCCCC=CC23,0,116,0.0,0.016008633621718747,1.0457084792635376,0.06500518599565533,16.82183054866955,1.0,1.0
murcko_framework,O(Cc1ccccc1)C2C(OCc3ccccc3)C4CCCCC54OCC2C5,0,39,0.0,0.005382213027991648,3.084505963010815,0.1895435270182853,50.195209435621834,1.0,1.0
murcko_framework,C1=C2C(CCC1)CCC3CCCC23,0,36,0.0,0.004968196641223059,3.338040821779601,0.20482969417506067,54.398931623380356,1.0,1.0
murcko_framework,C1CCCCCCCCC1,0,39,0.0,0.005382213027991648,3.084505963010815,0.1895435270182853,50.195209435621834,1.0,1.0
murcko_framework,O1CCC2CCCC=CCC=CC12,0,53,0.0,0.007314289499578393,2.2773015216971095,0.1405809775837492,36.8904976324725,1.0,1.0
murcko_framework,c1ccc2c(c1)[nH]c3c2CC4NCCC(CC3)C4,0,85,0.0,0.011730464291776668,1.4249152110701055,0.08838778196588214,22.97131247758538,1.0,1.0
murcko_framework,O(c1ccc2c(c1)CC[N]2=CC=C3C=CNCC3)C4OCCCC4,0,30,0.0,0.004140163867685883,3.9947376690823586,0.24421917283070577,65.3426545500901,1.0,1.0
murcko_framework,O1CCNCCNCCNCCNCCNCCNCCC1,0,53,0.0,0.007314289499578393,2.2773015216971095,0.1405809775837492,36.8904976324725,1.0,1.0
murcko_framework,O(CCc1ccccc1)C2OC(COC3OCCC3)C(OCC=Cc4ccccc4)C(OC5OCCCC5)C2,0,41,0.0,0.0056582239525040405,2.935846969515864,0.18056004511200668,47.735906485118264,1.0,1.0
murcko_framework,o1c(ccc1C2c3cc4c(C=CCCCCCCCCOC4)cc3OCC2)-c5ccccc5,0,31,0.0,0.004278169329942079,3.867915262063572,0.2366350976839967,63.222947994312236,1.0,1.0
murcko_framework,O1CCCCC1CCCCCCC2OCCCC2,0,72,0.0,0.009936393282446119,1.680447400311951,0.10408761295968512,27.130062693520873,1.0,1.0
murcko_framework,O1CCC2C1C=CCCC=CCC2OCC3OC3,0,97,0.0,0.013386529838851021,1.2495203356141644,0.07758513692703177,20.123713522368668,1.0,1.0
murcko_framework,o1ccc(c1)C2OCC=C3C2CCC45OC6OC(C7CC8CC7C4C8)C35O6,0,56,0.0,0.0077283058863469815,2.1563739284029575,0.13320710839678127,34.90766052247975,1.0,1.0
murcko_framework,c1ccc(cc1)CCCC=CC=CC2NCCNCCCNCC(NCCNCCNCCCCNCC2)Cc3ccccc3,0,31,0.0,0.004278169329942079,3.867915262063572,0.2366350976839967,63.222947994312236,1.0,1.0
murcko_framework,c1ccc(cc1)C=CCN2CCC3CCCCC3C2c4ccccc4,0,125,0.0,0.01725068278202451,0.9707053742320109,0.06036839965124787,15.608645069381609,1.0,1.0
murcko_framework,O1C2CCC=CCCC=CCCCCC12,0,44,0.0,0.006072240339272629,2.7379133658175303,0.16857530670648754,44.46777968361716,1.0,1.0
murcko_framework,O1CCCCC1OC2CCOC(OC3CCOC(OC4CCC5C(CCC6C7C(=CCC65)C8CCCCC8CC7)C4)C3)C2,0,40,0.0,0.005520218490247844,3.0083411700473524,0.18494277520581456,48.93468579851472,1.0,1.0
murcko_framework,c1ccc(cc1)C2Cc3cccc(c3)C4(CCC=CCC2CCCCCCC5C=CCC5)CCC6C=c7ccccc7=CC6C4,0,61,0.0,0.008418333197627963,1.9810453039791873,0.12249797770827836,32.03759416962826,1.0,1.0
murcko_framework,O(CC=Cc1ccccc1)CC2OC(OC3OCCC3)CCC2,0,30,0.0,0.004140163867685883,3.9947376690823586,0.24421917283070577,65.3426545500901,1.0,1.0
murcko_framework,O(CC=CC1C=CCCC1)C2OCCCC2,0,69,0.0,0.009522376895677531,1.7529919565272618,0.10853642524166467,28.312898575819585,1.0,1.0
murcko_framework,n1cccc2c1CCCOC3CCC4CCC5CC4(OC5COC2)C3,0,89,0.0,0.012282486140801453,1.3612243345078923,0.08446752464147154,21.93661643005823,1.0,1.0
murcko_framework,O1C=CC2CCCC2C1OC3OCCCC3OCC=Cc4ccccc4,0,64,0.0,0.00883234958439655,1.88889584090995,0.11686089430381194,30.531406755549067,1.0,1.0
murcko_framework,C(C=C1CCCC2CCCC12)=C3CCCCC3,0,149,0.0,0.02056281387617322,0.8148460790494406,0.050720325464017335,13.090888642134049,1.0,1.0
murcko_framework,O(c1ccccc1)C2CCCC2,0,37,0.0,0.005106202103479255,3.249021915811894,0.19946756836778803,52.921602723717264,1.0,1.0
murcko_framework,O1CCC2CC3CCC=CC3CCCC=CC12,0,61,0.0,0.008418333197627963,1.9810453039791873,0.12249797770827836,32.03759416962826,1.0,1.0
murcko_framework,O1CCC2CCC=CCCC=CCCC=CC12,0,71,0.0,0.009798387820189923,1.7039525129318303,0.10552947147400055,27.513206744734116,1.0,1.0
murcko_framework,O1CC2OC32CC4C=CCCC4CCCC=CC13,0,51,0.0,0.007038278575066001,2.365746945918722,0.1459677487671136,38.34243289627761,1.0,1.0
murcko_framework,C1=CCCC=CCCCCC=CCC1,0,127,0.0,0.017526693706536905,0.9554759855850866,0.059426416582095035,15.362433266838712,1.0,1.0
murcko_framework,O1C=C2CCC3C4C(=CCC3COC5COC1C25)CC(OC6OCC(OC7OCC(OC8OCCCC8)CC7)CC6)CC4,0,50,0.0,0.006900273112809805,2.4125967498380914,0.14881894394266065,39.1121111541551,1.0,1.0
murcko_framework,c1ccc2c(c1)NC3C4N5CCC(C4)CC23CC5,0,34,0.0,0.004692185716710667,3.5315601825789646,0.21646778956224189,57.615580352157025,1.0,1.0
murcko_framework,O(Cc1ccccc1)C2CC=CCC3CCCC23,0,110,0.0,0.01518060084818157,1.1024981605996256,0.06851336588301764,17.74109589362392,1.0,1.0
murcko_framework,c1ccc(cc1)C=C2Cc3ccccc3C2,0,38,0.0,0.005244207565735451,3.164627368595756,0.1943789821515663,51.52237279571842,1.0,1.0
murcko_framework,O1CC=CC=CCCCCCCCCCCCC2OC(CCCCCCCCC=CC=CCC1)CCC2,0,114,0.0,0.015732622697206357,1.0639770667093533,0.06613397429031662,17.117483269853853,1.0,1.0
murcko_framework,O1CC=CC=CCCCC2=CCOC(C2)CCCCC=CCCCCC=CCC1,0,38,0.0,0.005244207565735451,3.164627368595756,0.1943789821515663,51.52237279571842,1.0,1.0
murcko_framework,c1ccc(cc1)CCC=CCCCc2ccccc2,0,62,0.0,0.008556338659884158,1.9493458886833697,0.120559487313188,31.519289592326263,1.0,1.0
murcko_framework,o1cccc1COc2ccc3c(OC(=Cc4ccccc4)C3)c2,0,38,0.0,0.005244207565735451,3.164627368595756,0.1943789821515663,51.52237279571842,1.0,1.0
murcko_framework,O1CCCCCCCC=CCC1C=CC=CCCC2OC2,0,59,0.0,0.00814232227311557,2.0476407142645185,0.12656816179765026,33.12707109878833,1.0,1.0
murcko_framework,O1c2cc(OCc3ccccc3)ccc2CC1=CC=Cc4ccccc4,0,41,0.0,0.0056582239525040405,2.935846969515864,0.18056004511200668,47.735906485118264,1.0,1.0
murcko_framework,O1CCC2CC=CCCCCCC12,0,81,0.0,0.011178442442751884,1.49485795281634,0.09268958053727773,24.10843037745274,1.0,1.0
murcko_framework,n1ccc(cc1)CNCCON=C2C=C3CCC4C(CCC5CCCC54)C3CC2,0,33,0.0,0.004554180254454471,3.6369849089845876,0.22279718329341747,59.370854840481435,1.0,1.0
murcko_framework,N=1C=2C=CC1C=C3N=C(C=C3)C=C4N=C(C=C4)C=C5N=C(C=C5)C2,0,64,0.0,0.00883234958439655,1.88889584090995,0.11686089430381194,30.531406755549067,1.0,1.0
murcko_framework,C1=CCNCCCCCCNC1,0,33,0.0,0.004554180254454471,3.6369849089845876,0.22279718329341747,59.370854840481435,1.0,1.0
murcko_framework,O1CC=C(C1)CCC=CCCC=CCCC2=CCCCC2,0,45,0.0,0.006210245801528825,2.6777357500411143,0.16492624657996455,43.47560740474222,1.0,1.0
murcko_framework,O1C=CCc2cccc(c12)C3OCCCC3OCC=Cc4ccccc4,0,46,0.0,0.006348251263785021,2.620146418814221,0.1614317970913098,42.52673500340135,1.0,1.0
murcko_framework,O1CCCCC1OC2OC(CCC2)CCC3OC(N4C=CCNC4)CC3,0,33,0.0,0.004554180254454471,3.6369849089845876,0.22279718329341747,59.370854840481435,1.0,1.0
murcko_framework,O1OC23C=CC1C3C4OCCC4CCC2,0,53,0.0,0.007314289499578393,2.2773015216971095,0.1405809775837492,36.8904976324725,1.0,1.0
murcko_framework,O1CCCCC12OC3CC4C5CC=C6CCCCC6C5CCC4C3C2,0,219,0.0,0.030223196234106946,0.5549326568438825,0.034592961444175736,8.902107271988374,1.0,1.0
murcko_framework,O1C=C(c2ccccc2)Cc3ccc(OC4OCCCC4On5cc6cc[nH]c6c5-c7ccccc7)cc13,0,50,0.0,0.006900273112809805,2.4125967498380914,0.14881894394266065,39.1121111541551,1.0,1.0
murcko_framework,O1c2cc3c(cc2OC1)C(NCC3)Cc4ccccc4,0,46,0.0,0.006348251263785021,2.620146418814221,0.1614317970913098,42.52673500340135,1.0,1.0
murcko_framework,O1c2ccccc2CC(=Cc3ccccc3)C1,0,60,0.0,0.008280327735371766,2.0137926338302385,0.1244998169522443,32.573226783333254,1.0,1.0
murcko_framework,C1=CCC2(CNCC2)CC1,0,41,0.0,0.0056582239525040405,2.935846969515864,0.18056004511200668,47.735906485118264,1.0,1.0
murcko_framework,c1ccc(cc1)CCNCCNCCCc2ccccc2,0,58,0.0,0.008004316810859374,2.082645994029885,0.12870638226970604,33.70007189977272,1.0,1.0
murcko_framework,O1c2ccccc2CC1=Cc3ccc(cc3)-c4ccccc4,0,30,0.0,0.004140163867685883,3.9947376690823586,0.24421917283070577,65.3426545500901,1.0,1.0
murcko_framework,O1CCCCC1OCC2CC34CCC5CCCCC5C4CCC2C3,0,31,0.0,0.004278169329942079,3.867915262063572,0.2366350976839967,63.222947994312236,1.0,1.0
murcko_framework,O1c2ccc(cc2OC1)CCCCc3ccc4OCOc4c3,0,48,0.0,0.006624262188297413,2.5120922097080918,0.15486902514913442,40.748027334705235,1.0,1.0
murcko_framework,N1CNC2NCNC12,0,60,0.0,0.008280327735371766,2.0137926338302385,0.1244998169522443,32.573226783333254,1.0,1.0
murcko_framework,O1C2C=CC1CCC2,0,37,0.0,0.005106202103479255,3.249021915811894,0.19946756836778803,52.921602723717264,1.0,1.0
murcko_framework,O1CCN(CC1)CCCN2CC3C(CNc4ccccc4)C5OC3(C=C5)C2CNC6CCCCC6,0,84,0.0,0.011592458829520473,1.4417801029408692,0.0894253629735279,23.24541714023054,1.0,1.0
murcko_framework,C1=C2C(CCC1)CCC3C2CCC4CC43,0,50,0.0,0.006900273112809805,2.4125967498380914,0.14881894394266065,39.1121111541551,1.0,1.0
murcko_framework,O1CCCCC1OC2COC(OC3C=CC=CC=CC=CC=CCCNCC=CC=CC=CC=CC3)CC2,0,30,0.0,0.004140163867685883,3.9947376690823586,0.24421917283070577,65.3426545500901,1.0,1.0
murcko_framework,O(Cc1ccccc1)C2CC3OC3CC4CCCC24,0,33,0.0,0.004554180254454471,3.6369849089845876,0.22279718329341747,59.370854840481435,1.0,1.0
murcko_framework,C=1C=CCNC1,1,84,0.03363605785401951,0.011592458829520473,2.902186278279818,0.40395140683940434,20.850738606745836,0.29393879357264324,1.0
murcko_framework,C1CC2CC3CCC2C(C1)C3,1,45,0.03363605785401951,0.006210245801528825,5.417705996710034,0.7465619563337287,39.31560939822,0.17167792848879643,1.0
murcko_framework,O1C2OC3C1CCC4(O2)C5C=CCC5CC6OC6C34,0,124,0.0,0.017112677319768316,0.978503555165677,0.060850677233865835,15.73473379420335,1.0,1.0
murcko_framework,O1CC(OC2OCC3OC4OCCCC4OC3C2)CCC1OC5c6cc7c(cc6CCC5)Cc8ccccc8C7,0,51,0.0,0.007038278575066001,2.365746945918722,0.1459677487671136,38.34243289627761,1.0,1.0
murcko_framework,O1CC2=CC1C3CCOC3CC4OC4CC2,0,31,0.0,0.004278169329942079,3.867915262063572,0.2366350976839967,63.222947994312236,1.0,1.0
murcko_framework,O1CC=C(C1)C2CCC3C2CCC4C5CCC(OCC[N]67CCC8CC7C9Nc%10ccccc%10C%119CC8C6C%11)CC5CCC34,0,40,0.0,0.005520218490247844,3.0083411700473524,0.18494277520581456,48.93468579851472,1.0,1.0
murcko_framework,c1ccc2c(c1)CC3CCCCC23,0,52,0.0,0.007176284037322197,2.3206818964343765,0.14322373735831748,37.60245727260023,1.0,1.0
murcko_framework,O1c2cc(OC3OCCCC3)ccc2CC=C1c4cccc(OC5OCCCC5)c4,0,48,0.0,0.006624262188297413,2.5120922097080918,0.15486902514913442,40.748027334705235,1.0,1.0
murcko_framework,O1CCCCC1OC2CCOC(OC3CCCC4=CCC5C(CCC6C7CC8(OCCCC8)OC7CC56)C43)C2OC9OCCCC9,0,49,0.0,0.006762267650553609,2.46133947512794,0.15178372761905926,39.91331684136583,1.0,1.0
murcko_framework,o1ccc2cc3c(C=CCC3)cc12,0,32,0.0,0.004416174792198275,3.7488973108613264,0.2295077850906168,61.23640225029506,1.0,1.0
murcko_framework,O1c2ccc(cc2OC1)C3OCC4C(OCC34)c5ccc6OCOc6c5,0,90,0.0,0.01242049160305765,1.3461813236071487,0.08354119299592762,21.692342316885934,1.0,1.0
murcko_framework,S1SCCC1,1,60,0.03363605785401951,0.008280327735371766,4.063195379093764,0.562936660971903,29.32755642559391,0.2210242279758558,1.0
murcko_framework,O1c2c(cccc2C3OCCCC3)CCC1c4ccccc4,0,49,0.0,0.006762267650553609,2.46133947512794,0.15178372761905926,39.91331684136583,1.0,1.0
murcko_framework,C12=C3CCC4C(CCC5CCCCC54)C3CCC1CCCC2,0,85,0.0,0.011730464291776668,1.4249152110701055,0.08838778196588214,22.97131247758538,1.0,1.0
murcko_framework,O1CCC2CCC3C(=CCC4CCCCC34)C12,0,46,0.0,0.006348251263785021,2.620146418814221,0.1614317970913098,42.52673500340135,1.0,1.0
murcko_framework,O1OC23C(=CC1CC2)CCC4CCCCC43,0,38,0.0,0.005244207565735451,3.164627368595756,0.1943789821515663,51.52237279571842,1.0,1.0
murcko_framework,N1=CC2CC3OCC2C1CC43c5ccccc5NC4,0,31,0.0,0.004278169329942079,3.867915262063572,0.2366350976839967,63.222947994312236,1.0,1.0
murcko_framework,C1=CC2CCCCC2C(C1)CC3=CCNC3,0,65,0.0,0.008970355046652747,1.8600551692623262,0.11509540255612229,30.060325224653926,1.0,1.0
murcko_framework,O1CCCC1OCC2OCCCC2,0,90,0.0,0.01242049160305765,1.3461813236071487,0.08354119299592762,21.692342316885934,1.0,1.0
murcko_framework,c1ccc(cc1)CCCCc2ccccc2,0,200,0.0,0.02760109245123922,0.6075357260120255,0.037860776969929996,9.74886645020802,1.0,1.0
murcko_framework,N1CCN2CCCC2C1,0,121,0.0,0.016698660932999727,1.002668288676173,0.06234487078501314,16.125523791421127,1.0,1.0
murcko_framework,C=1C=C2CCCCC2CC1,0,30,0.0,0.004140163867685883,3.9947376690823586,0.24421917283070577,65.3426545500901,1.0,1.0
murcko_framework,O1CCCC1C2CCCC3CCCCC32,0,37,0.0,0.005106202103479255,3.249021915811894,0.19946756836778803,52.921602723717264,1.0,1.0
murcko_framework,O1CCC2CCCC3C=CCC3C12,0,132,0.0,0.018216721017817884,0.9194139426569921,0.05719522119496454,14.77959137653439,1.0,1.0
murcko_framework,O1C2Cc3ccccc3CC12,0,52,0.0,0.007176284037322197,2.3206818964343765,0.14322373735831748,37.60245727260023,1.0,1.0
murcko_framework,o1ccc(c1)C2OCC3(CCCC4C3CCCC54OC5)C2,0,116,0.0,0.016008633621718747,1.0457084792635376,0.06500518599565533,16.82183054866955,1.0,1.0
murcko_framework,O1CCCCC1c2ccccc2,0,100,0.0,0.01380054622561961,1.2122162016552516,0.07528477986529931,19.518794133218957,1.0,1.0
murcko_framework,O1CCCCC1OC2COC(OC3CC4=CCC5C(CCC6CCCC65)C4CC3)CC2,0,40,0.0,0.005520218490247844,3.0083411700473524,0.18494277520581456,48.93468579851472,1.0,1.0
murcko_framework,O1Cc2cc3c(cc2CC1)CC=CC3,0,33,0.0,0.004554180254454471,3.6369849089845876,0.22279718329341747,59.370854840481435,1.0,1.0
murcko_framework,O1c2ccccc2Cc3ccc4OCC=Cc4c13,0,50,0.0,0.006900273112809805,2.4125967498380914,0.14881894394266065,39.1121111541551,1.0,1.0
murcko_framework,O1c2ccccc2CC(OC3OCCC(OC4OCCCC4)C3)=C1c5ccccc5,0,72,0.0,0.009936393282446119,1.680447400311951,0.10408761295968512,27.130062693520873,1.0,1.0
murcko_framework,O1C=C(C=CC1)C2CCC3C2CCC4C5C(=CC(OC6OCC(OC7OCCCC7)CC6)CC5)CCC43,0,35,0.0,0.004830191178966863,3.4320748773792915,0.21048802227061886,55.96108432618532,1.0,1.0
murcko_framework,C12=C3C(CC1)CCC34C5N6CCC5CCC4C(C6)CC2,0,42,0.0,0.0057962294147602365,2.866764260774093,0.1763801992734908,46.594444051559776,1.0,1.0
murcko_framework,O1c2cc(OC3OCCCC3)ccc2CC(OC4OC(COC5OCCCC5)CCC4)=C1c6ccccc6,0,134,0.0,0.018492731942330278,0.9057398594649265,0.05634895245206629,14.558650291172588,1.0,1.0
murcko_framework,O1CCC2CCC3OC(CC3)CCC12,0,63,0.0,0.008694344122140355,1.9186448801685227,0.11868138567924466,31.017485641311175,1.0,1.0
murcko_framework,O1C=C(COC2OCCCC2)C3CCCC3C1,0,82,0.0,0.011316447905008081,1.4767364242729972,0.09157535195948578,23.813727385283677,1.0,1.0
murcko_framework,O1CCCC12CCC3CC4C=CCC4C=CCC32,0,30,0.0,0.004140163867685883,3.9947376690823586,0.24421917283070577,65.3426545500901,1.0,1.0
murcko_framework,c1ccc2c(c1)-c3ccccc3CCCC2,0,143,0.0,0.019734781102636042,0.8489233291285566,0.05283125200090563,13.640994514503607,1.0,1.0
murcko_framework,O(CCCCN1CCCC1)CCC2CCC3C2CCC4C5C(=CCCC5)CCC43,0,58,0.0,0.008004316810859374,2.082645994029885,0.12870638226970604,33.70007189977272,1.0,1.0
murcko_framework,O(c1cccc(c1)C2Oc3ccccc3CC2)C4OCCCC4,0,59,0.0,0.00814232227311557,2.0476407142645185,0.12656816179765026,33.12707109878833,1.0,1.0
murcko_framework,O1c2cc(OC3OCCCC3)ccc2CC(c4ccccc4)C1,0,52,0.0,0.007176284037322197,2.3206818964343765,0.14322373735831748,37.60245727260023,1.0,1.0
murcko_framework,o1ccc2c1Cc3ccccc3C2,0,66,0.0,0.009108360508908942,1.8320818862356834,0.11338245518825726,29.60355755482463,1.0,1.0
murcko_framework,O1CC23CCC1CC3CCC4C5C(=CCC42)C6CCCCC6CC5,0,63,0.0,0.008694344122140355,1.9186448801685227,0.11868138567924466,31.017485641311175,1.0,1.0
murcko_framework,c1ccc(cc1)CCC2CCC3C2CCC4C5CCCCC5CCC34,0,48,0.0,0.006624262188297413,2.5120922097080918,0.15486902514913442,40.748027334705235,1.0,1.0
murcko_framework,O1CC(=CCC2CCCC3CCCCC23)CC1,0,134,0.0,0.018492731942330278,0.9057398594649265,0.05634895245206629,14.558650291172588,1.0,1.0
murcko_framework,O(c1ccc(cc1)CCc2ccccc2)C3OCCCC3,0,42,0.0,0.0057962294147602365,2.866764260774093,0.1763801992734908,46.594444051559776,1.0,1.0
murcko_framework,C1=C2CCCCC2C3CCC45CNCC5CCC4C3C1,0,80,0.0,0.011040436980495689,1.5134297056713182,0.09383125363968882,24.410517659752845,1.0,1.0
murcko_framework,c1ccc(cc1)Cc2ccn(cc2)CCc3ccccc3,0,30,0.0,0.004140163867685883,3.9947376690823586,0.24421917283070577,65.3426545500901,1.0,1.0
murcko_framework,c1ccc2c(c1)[nH]cc2CCN3CNCC3,0,42,0.0,0.0057962294147602365,2.866764260774093,0.1763801992734908,46.594444051559776,1.0,1.0
murcko_framework,O(c1ccccc1CCCc2ccccc2)C3OCCCC3,0,64,0.0,0.00883234958439655,1.88889584090995,0.11686089430381194,30.531406755549067,1.0,1.0
murcko_framework,[N]1N=CC=C1,0,43,0.0,0.005934234877016433,2.800857768526196,0.17238946975498262,45.50628440741406,1.0,1.0
murcko_framework,c1ccc(cc1)N2CNC=C(C2)C3NCCc4c5ccccc5[nH]c43,0,87,0.0,0.01200647521628906,1.3923418770568594,0.0863832050406304,22.442046479919203,1.0,1.0
murcko_framework,c1ccc(cc1)C2c3c[nH]c4cccc(NC5=C2CNC5)c43,0,115,0.0,0.015870628159462552,1.0547636881923077,0.06556472292137619,16.968369396804402,1.0,1.0
murcko_framework,c1ccc2c(c1)[nH]c3c2CCNC3C4=CNCNC4,0,59,0.0,0.00814232227311557,2.0476407142645185,0.12656816179765026,33.12707109878833,1.0,1.0
murcko_framework,C1CCC23CCCC3C2C1,2,48,0.06727211570803902,0.006624262188297413,10.161575788174577,2.468652629423156,41.82752213418692,0.0179576326000467,0.8860228160211722
murcko_framework,O1CCCC1C2CCC3C2CCC45CC65CCCCC6CCC34,0,68,0.0,0.009384371433421334,1.7785855347540747,0.1101050821593759,28.730431351547423,1.0,1.0
murcko_framework,n1cnc2=NC=Nc2c1,0,32,0.0,0.004416174792198275,3.7488973108613264,0.2295077850906168,61.23640225029506,1.0,1.0
murcko_framework,O1c2ccccc2CC=C1c3cccc(c3)Cc4ccccc4,0,35,0.0,0.004830191178966863,3.4320748773792915,0.21048802227061886,55.96108432618532,1.0,1.0
murcko_framework,C1=CCC2CC2C1,0,33,0.0,0.004554180254454471,3.6369849089845876,0.22279718329341747,59.370854840481435,1.0,1.0
murcko_framework,O1c2ccccc2CC13CC4=C(NC=5NCNCC5C4c6ccccc6)CC3,0,66,0.0,0.009108360508908942,1.8320818862356834,0.11338245518825726,29.60355755482463,1.0,1.0
murcko_framework,O1CC(CN2CCN(c3ccccc3)CC2)C4CC5C(CCCC65OC6)CC14,0,76,0.0,0.010488415131470903,1.5925720773147554,0.09869372105014385,25.698553002718498,1.0,1.0
murcko_framework,C1CCC2C3CCC2C(C1)C3,2,69,0.06727211570803902,0.009522376895677531,7.068717408377601,1.7321639564855253,28.846441246174304,0.034441081474687614,1.0
murcko_framework,C1=C2CCCCC2CC1,1,77,0.03363605785401951,0.0106264205937271,3.1660519830102603,0.44021434556072847,22.770464570742572,0.2734068551269163,1.0
murcko_framework,c1ccc(cc1)CN2CNCC2,0,62,0.0,0.008556338659884158,1.9493458886833697,0.120559487313188,31.519289592326263,1.0,1.0
murcko_framework,O1CC2C=CC1C3CN(c4ccccc4)CC23,0,42,0.0,0.0057962294147602365,2.866764260774093,0.1763801992734908,46.594444051559776,1.0,1.0
murcko_framework,O1CCC2CCC=C3C=CCC3C12,0,59,0.0,0.00814232227311557,2.0476407142645185,0.12656816179765026,33.12707109878833,1.0,1.0
murcko_framework,C1CCCC2CCC2CCC1,0,88,0.0,0.012144480678545257,1.3766073004572406,0.08541462649948736,22.186453741427353,1.0,1.0
murcko_framework,O1CC2Cc3ccccc3C(c4ccccc4)C2C1,0,45,0.0,0.006210245801528825,2.6777357500411143,0.16492624657996455,43.47560740474222,1.0,1.0
murcko_framework,C1=CC23CC43CCC5CCCC5C4CCC2CC1,0,45,0.0,0.006210245801528825,2.6777357500411143,0.16492624657996455,43.47560740474222,1.0,1.0
murcko_framework,O1CCC2CCC3OCCC3CC2C1,0,51,0.0,0.007038278575066001,2.365746945918722,0.1459677487671136,38.34243289627761,1.0,1.0
murcko_framework,n1cccc(c1)COC2CC=CCCC3CCCC3CCCC2,0,35,0.0,0.004830191178966863,3.4320748773792915,0.21048802227061886,55.96108432618532,1.0,1.0
murcko_framework,O1CCCCCCCCCCCC=CC=CCC1C2CCCC2,0,49,0.0,0.006762267650553609,2.46133947512794,0.15178372761905926,39.91331684136583,1.0,1.0
murcko_framework,O1CCCC2(C1)C3CNCC42C5=C(CCC5CC4)CC3,0,37,0.0,0.005106202103479255,3.249021915811894,0.19946756836778803,52.921602723717264,1.0,1.0
murcko_framework,O1CC2CC=CC=CCCC=CC=CCCC1CC2,0,32,0.0,0.004416174792198275,3.7488973108613264,0.2295077850906168,61.23640225029506,1.0,1.0
murcko_framework,C1CC2CCCC3CCCC(C1)C23,0,40,0.0,0.005520218490247844,3.0083411700473524,0.18494277520581456,48.93468579851472,1.0,1.0
murcko_framework,c1ccc(cc1)CCN2CNCC2,0,46,0.0,0.006348251263785021,2.620146418814221,0.1614317970913098,42.52673500340135,1.0,1.0
murcko_framework,O(CCCCNCCc1ccccc1)C2CCC3C2CCC4C5C(=CCCC5)CCC43,0,41,0.0,0.0056582239525040405,2.935846969515864,0.18056004511200668,47.735906485118264,1.0,1.0
murcko_framework,O1C2CCCC3C2CCC4C5CCC6CC7N(CCCC7)CC6C5CC134,0,154,0.0,0.0212528411874542,0.7884702139666298,0.04908590209447648,12.665251157369266,1.0,1.0
murcko_framework,o1cc2C=CC(=CCc2c1)c3ccccc3,0,34,0.0,0.004692185716710667,3.5315601825789646,0.21646778956224189,57.615580352157025,1.0,1.0
murcko_framework,N=1NC(c2ccccc2)CC1c3ccccc3,0,57,0.0,0.007866311348603178,2.1188688487436123,0.13091807998588428,34.293240465030934,1.0,1.0
murcko_framework,c1ccc2c(c1)NC3=CCC4C=CCN5CCC32C54,0,51,0.0,0.007038278575066001,2.365746945918722,0.1459677487671136,38.34243289627761,1.0,1.0
murcko_framework,o1c2Oc3ccccc3Cc2c4ccccc14,0,33,0.0,0.004554180254454471,3.6369849089845876,0.22279718329341747,59.370854840481435,1.0,1.0
murcko_framework,O1CCCCC12OC3CC4C5C(=CCC4C3C2)C6CCCCC6CC5,0,52,0.0,0.007176284037322197,2.3206818964343765,0.14322373735831748,37.60245727260023,1.0,1.0
murcko_framework,N1=CCN=CC1,0,42,0.0,0.0057962294147602365,2.866764260774093,0.1763801992734908,46.594444051559776,1.0,1.0
murcko_framework,O1c2cc(OC3OCCCC3)c(cc2CC=C1c4ccccc4)C5OCCCC5,0,64,0.0,0.00883234958439655,1.88889584090995,0.11686089430381194,30.531406755549067,1.0,1.0
murcko_framework,N1CCNCCNCCNCCNCCNCCNCCNCCNCCNCCNCC1,0,79,0.0,0.010902431518239492,1.532468672434598,0.09500139786223145,24.72027027853985,1.0,1.0
murcko_framework,n1oc(nc1-c2ccccc2)C3NCCC3,0,38,0.0,0.005244207565735451,3.164627368595756,0.1943789821515663,51.52237279571842,1.0,1.0
murcko_framework,O1CCCCC1OC2COC(OCC3OC(OCC45CCCCC5C6=CCC7C(CCC8CC(OC9OCCCC9OC%10OCCC(OC%11OCCCC%11)C%10)CCC87)C6CC4)CCC3)CC2,0,41,0.0,0.0056582239525040405,2.935846969515864,0.18056004511200668,47.735906485118264,1.0,1.0
murcko_framework,c1ccc(cc1)C2C3=C(NC=4c5ccccc5CC42)NCNC3,0,38,0.0,0.005244207565735451,3.164627368595756,0.1943789821515663,51.52237279571842,1.0,1.0
murcko_framework,N(=Cc1ccccc1)c2ccccc2,0,112,0.0,0.015456611772693963,1.0828952039310202,0.06730265017290735,17.423712434564138,1.0,1.0
murcko_framework,O1C=C(c2ccccc2)Cc3cccc(c13)C4OCCCC4,0,85,0.0,0.011730464291776668,1.4249152110701055,0.08838778196588214,22.97131247758538,1.0,1.0
murcko_framework,C1=CC2CC3CCCC3CC=CC2C1,0,30,0.0,0.004140163867685883,3.9947376690823586,0.24421917283070577,65.3426545500901,1.0,1.0
murcko_framework,c1ccc(cc1)C2CC(c3ccccc3)C2,0,33,0.0,0.004554180254454471,3.6369849089845876,0.22279718329341747,59.370854840481435,1.0,1.0
murcko_framework,O1C2C=CC13C(N(CCCN4CCNCC4)CC3C2CNc5ccccc5)CNC6CCCCC6,0,48,0.0,0.006624262188297413,2.5120922097080918,0.15486902514913442,40.748027334705235,1.0,1.0
murcko_framework,c1ccc(cc1)C=C2c3ccccc3NC2,0,35,0.0,0.004830191178966863,3.4320748773792915,0.21048802227061886,55.96108432618532,1.0,1.0
murcko_framework,O1COCC1,7,91,0.23545240497813658,0.012558497065313845,18.790341822708648,8.703598201876552,40.56677912108903,1.889003085718588e-07,3.087339418221317e-05
murcko_framework,O1c2cc3OCN(c4ccccc4)Cc3cc2-c5ccccc5C1,0,36,0.0,0.004968196641223059,3.338040821779601,0.20482969417506067,54.398931623380356,1.0,1.0
murcko_framework,O1CC=CCC1C=CCCCCC=CC=CC2CCCCC2,0,61,0.0,0.008418333197627963,1.9810453039791873,0.12249797770827836,32.03759416962826,1.0,1.0
murcko_framework,S1CC=CC1,0,30,0.0,0.004140163867685883,3.9947376690823586,0.24421917283070577,65.3426545500901,1.0,1.0
murcko_framework,O1C(=Cc2c[nH]c3ccccc23)Cc4cccc(c14)CN5CCCCC5,0,58,0.0,0.008004316810859374,2.082645994029885,0.12870638226970604,33.70007189977272,1.0,1.0
murcko_framework,O(CNCCc1ccccc1)CC2c3ccccc3-c4ccccc42,0,48,0.0,0.006624262188297413,2.5120922097080918,0.15486902514913442,40.748027334705235,1.0,1.0
murcko_framework,c1ccc(cc1)C2NCCCC2,0,40,0.0,0.005520218490247844,3.0083411700473524,0.18494277520581456,48.93468579851472,1.0,1.0
murcko_framework,O1c2ccccc2C(=CC1)CN3CCOCC3,0,56,0.0,0.0077283058863469815,2.1563739284029575,0.13320710839678127,34.90766052247975,1.0,1.0
murcko_framework,O(c1cccc2OC(c3ccccc3)CCc12)C4OCCCC4,0,145,0.0,0.020010792027148436,0.8372519685630861,0.05210835780757368,13.45256093948287,1.0,1.0
murcko_framework,N1=CNCC2=C1c3ccccc3CC24CCCC4,0,37,0.0,0.005106202103479255,3.249021915811894,0.19946756836778803,52.921602723717264,1.0,1.0
murcko_framework,c1ccc(cc1)C2NCCC3CCCCC23,0,135,0.0,0.018630737404586473,0.8990541914835661,0.05593513847084703,14.450638030429623,1.0,1.0
murcko_framework,n1oc(-c2ccc(OCc3ccccc3)cc2)c(c1)-c4ccccc4,0,58,0.0,0.008004316810859374,2.082645994029885,0.12870638226970604,33.70007189977272,1.0,1.0
murcko_framework,O1C2C3CCC4C5CCCCC5CCC4(C3)C12,0,77,0.0,0.0106264205937271,1.572020590484766,0.09743146859722107,25.363968874616305,1.0,1.0
murcko_framework,O(Cc1ccccc1)C2C3CC(=CCC3)CCC4CCC5OCC5C24,0,107,0.0,0.014766584461412983,1.1332702437422033,0.07041336375961267,18.2394559324853,1.0,1.0
murcko_framework,o1ccc(c1)C2OCC3(CCCC4CCCCC43)C2,0,60,0.0,0.008280327735371766,2.0137926338302385,0.1244998169522443,32.573226783333254,1.0,1.0
murcko_framework,O1CNC2CC=CC=CCc3cccc(c3)NCCCC4OC4CC1C2,0,77,0.0,0.0106264205937271,1.572020590484766,0.09743146859722107,25.363968874616305,1.0,1.0
murcko_framework,O1CC=CCCCCCCC=CC2CCCC3C(NCC123)Cc4ccccc4,0,35,0.0,0.004830191178966863,3.4320748773792915,0.21048802227061886,55.96108432618532,1.0,1.0
murcko_framework,O(c1ccc2-c3cccc4c3C(NCC4)Cc2c1)c5ccccc5CC6NCCc7ccccc76,0,36,0.0,0.004968196641223059,3.338040821779601,0.20482969417506067,54.398931623380356,1.0,1.0
murcko_framework,C1=CC2CCC3C4C(=CCC3C2C1)CCCC4,0,96,0.0,0.013248524376594826,1.2624704753822844,0.07838347835078587,20.333771028623815,1.0,1.0
murcko_framework,[N]1C(=NC(c2ccccc2)=C1C=3OC=CCC3)c4ccccc4,0,103,0.0,0.014214562612388197,1.1770746261867104,0.07311688413790303,18.949175583021777,1.0,1.0
murcko_framework,N1=CNCC=2N=C([N]C12)SCc3nc(oc3)-c4ccccc4,0,37,0.0,0.005106202103479255,3.249021915811894,0.19946756836778803,52.921602723717264,1.0,1.0
murcko_framework,c1ccc(cc1)N2CNC3CCNC3C2,0,41,0.0,0.0056582239525040405,2.935846969515864,0.18056004511200668,47.735906485118264,1.0,1.0
murcko_framework,n1ccsc1-c2ccccc2,0,48,0.0,0.006624262188297413,2.5120922097080918,0.15486902514913442,40.748027334705235,1.0,1.0
murcko_framework,O1C2CN3CCC45C(=CCC(C12)C34)Nc6ccccc65,0,46,0.0,0.006348251263785021,2.620146418814221,0.1614317970913098,42.52673500340135,1.0,1.0
murcko_framework,S(c1ccccc1)N2CCC3(c4ccccc4NC3)C2,0,50,0.0,0.006900273112809805,2.4125967498380914,0.14881894394266065,39.1121111541551,1.0,1.0
murcko_framework,c1ccc(cc1)CCN2CCN3CC(c4ccccc4)c5c6ccccc6[nH]c5C3C2,0,35,0.0,0.004830191178966863,3.4320748773792915,0.21048802227061886,55.96108432618532,1.0,1.0
murcko_framework,O(CC=Cc1ccccc1)CCCc2ccccc2,2,79,0.06727211570803902,0.010902431518239492,6.173857840986072,1.5166806182789072,25.131540669359183,0.04372791776646669,1.0
murcko_framework,S(c1ccccc1)N2CC2,0,40,0.0,0.005520218490247844,3.0083411700473524,0.18494277520581456,48.93468579851472,1.0,1.0
murcko_framework,O1C=CCC=C1C(C=2OC=CCC2)c3ccccc3,0,37,0.0,0.005106202103479255,3.249021915811894,0.19946756836778803,52.921602723717264,1.0,1.0
murcko_framework,O(CC=CC1CCCCC1)C2OCCCC2,0,77,0.0,0.0106264205937271,1.572020590484766,0.09743146859722107,25.363968874616305,1.0,1.0
murcko_framework,c1ccc(cc1)CN2CCC3CCCCC3C2c4ccccc4,0,105,0.0,0.014490573536900591,1.1547572275479214,0.07173966642320233,18.587544674488303,1.0,1.0
murcko_framework,O1CC=CCC1CC2CCC3C2CCC4C3CC5OC65CCCCC46,0,50,0.0,0.006900273112809805,2.4125967498380914,0.14881894394266065,39.1121111541551,1.0,1.0
murcko_framework,O1c2ccc(cc2OC1)Cc3ccccc3,0,43,0.0,0.005934234877016433,2.800857768526196,0.17238946975498262,45.50628440741406,1.0,1.0
murcko_framework,O1C=CC2C(OCc3ccccc3)CCC2C1OC4OCCCC4,0,79,0.0,0.010902431518239492,1.532468672434598,0.09500139786223145,24.72027027853985,1.0,1.0
murcko_framework,O1c2cc3c(cc2CC4C1CCC56OC(OC5)CCC46)COC3,0,53,0.0,0.007314289499578393,2.2773015216971095,0.1405809775837492,36.8904976324725,1.0,1.0
murcko_framework,O1CC=C2CN3CCC45c6ccccc6NC5C(C1)C2CC34,0,31,0.0,0.004278169329942079,3.867915262063572,0.2366350976839967,63.222947994312236,1.0,1.0
murcko_framework,O1C=CC2CC(OC12)C3CCCC4C3CCCC54OC5,0,92,0.0,0.012696502527570042,1.3170710646748987,0.08174816606014731,21.219756638057902,1.0,1.0
murcko_framework,c1ccc(cc1)CN2CCCCC2,0,57,0.0,0.007866311348603178,2.1188688487436123,0.13091807998588428,34.293240465030934,1.0,1.0
murcko_framework,N=1c2ccccc2C34C1C5N(CCC(C5)C3)CC4,0,73,0.0,0.010074398744702315,1.6575818825932929,0.10268461890982612,26.757441637041534,1.0,1.0
murcko_framework,N1=C(SC2CCCCC12)Nc3ccccc3,0,41,0.0,0.0056582239525040405,2.935846969515864,0.18056004511200668,47.735906485118264,1.0,1.0
murcko_framework,O(Cc1ccccc1N2CCCC2)CC34CNC5C6CC3C5(CCC4)C7CC8CCC6C7C8,0,79,0.0,0.010902431518239492,1.532468672434598,0.09500139786223145,24.72027027853985,1.0,1.0
murcko_framework,n1oc(nc1-c2ccccc2)C3N(CNc4ccccc4)CC=5N=C[N]C5C3,0,33,0.0,0.004554180254454471,3.6369849089845876,0.22279718329341747,59.370854840481435,1.0,1.0
murcko_framework,O1c2ccc(cc2OC1)CN3CC4CNC5(c6ccccc6NC5)C4C3,0,173,0.0,0.023874944970321926,0.7021063583266016,0.043730793595093735,11.272453524784597,1.0,1.0
murcko_framework,o1cccc1CCc2ccccc2,0,32,0.0,0.004416174792198275,3.7488973108613264,0.2295077850906168,61.23640225029506,1.0,1.0
murcko_framework,O1CCC(NCc2ccccc2)C1,0,60,0.0,0.008280327735371766,2.0137926338302385,0.1244998169522443,32.573226783333254,1.0,1.0
murcko_framework,O1c2ccc(cc2)CC3NCCNCC(NCCNCCNCC(NC3)Cc4cccc1c4)Cc5ccccc5,0,35,0.0,0.004830191178966863,3.4320748773792915,0.21048802227061886,55.96108432618532,1.0,1.0
murcko_framework,C1=CCC2(C1)CCC34C=CCCC42CCN3,0,34,0.0,0.004692185716710667,3.5315601825789646,0.21646778956224189,57.615580352157025,1.0,1.0
murcko_framework,O1C2=C(CCCC2)CC3CCCC13,0,43,0.0,0.005934234877016433,2.800857768526196,0.17238946975498262,45.50628440741406,1.0,1.0
murcko_framework,O1CCCC(OC2OCC(OC3OCCC(OC4OCCCC4)C3)C(OC5OCCCC5)C2)C1,0,49,0.0,0.006762267650553609,2.46133947512794,0.15178372761905926,39.91331684136583,1.0,1.0
murcko_framework,C=1C=C2CNC(C2)CCCNCC=CCC3C(C1)CCC4C5CCCC5CC34,0,47,0.0,0.006486256726041217,2.564981901533723,0.15808233649692185,41.61838887878318,1.0,1.0
murcko_framework,N1=C(c2ccc3OCOc3c2)CC(NC14CCNCC4)c5ccccc5,0,36,0.0,0.004968196641223059,3.338040821779601,0.20482969417506067,54.398931623380356,1.0,1.0
murcko_framework,C1CCC2C(C1)CCC3CC32,0,81,0.0,0.011178442442751884,1.49485795281634,0.09268958053727773,24.10843037745274,1.0,1.0
murcko_framework,O1CCNCC1c2ccc(cc2)NCc3ccccc3,0,34,0.0,0.004692185716710667,3.5315601825789646,0.21646778956224189,57.615580352157025,1.0,1.0
murcko_framework,O1CCCC2CCCCC12,0,59,0.0,0.00814232227311557,2.0476407142645185,0.12656816179765026,33.12707109878833,1.0,1.0
murcko_framework,c1ccc2c(c1)Cc3ccccc3C2C4c5ccccc5Cc6ccccc64,0,95,0.0,0.013110518914338629,1.2756918222659672,0.07919841770447848,20.548259328471907,1.0,1.0
murcko_framework,C1=CC23CC3(CCC4CCCCC42)C5CCC6CCCCC6C15,0,34,0.0,0.004692185716710667,3.5315601825789646,0.21646778956224189,57.615580352157025,1.0,1.0
murcko_framework,O(Cc1ccccc1)C2CC3=CCC4C(CCC5CCCC54)C3CC2,0,71,0.0,0.009798387820189923,1.7039525129318303,0.10552947147400055,27.513206744734116,1.0,1.0
murcko_framework,o1ccc(c1)C2OCC3OC34C2CCC5C4CCC6COC7CCOCC765,0,104,0.0,0.014352568074644394,1.1658091450556471,0.0724217294033281,18.766618443012792,1.0,1.0
murcko_framework,O(c1cccc(c1)CCc2ccccc2)C3OCCCC3,0,36,0.0,0.004968196641223059,3.338040821779601,0.20482969417506067,54.398931623380356,1.0,1.0
murcko_framework,c1ccc2c(c1)CCNC2CC3CCN4CCc5ccccc5C4C3,0,42,0.0,0.0057962294147602365,2.866764260774093,0.1763801992734908,46.594444051559776,1.0,1.0
murcko_framework,n1c2ccccc2cc3c1C4=CC5=C(COCC5)CN4C3,0,39,0.0,0.005382213027991648,3.084505963010815,0.1895435270182853,50.195209435621834,1.0,1.0
murcko_framework,O1CCCCC1OC2CCOC(OC3c4ccccc4-c5cc6c(cc5C3)Cc7ccccc7C6)C2,0,51,0.0,0.007038278575066001,2.365746945918722,0.1459677487671136,38.34243289627761,1.0,1.0
murcko_framework,O1C=C(c2ccc3OCOc3c2)Cc4ccccc14,0,99,0.0,0.013662540763363413,1.2244009690287658,0.07603626007927378,19.716352847912173,1.0,1.0
murcko_framework,O1CCC2CCCC3C4OC(C1CCC=CC4)C23,0,37,0.0,0.005106202103479255,3.249021915811894,0.19946756836778803,52.921602723717264,1.0,1.0
murcko_framework,O(c1ccc2C=CCOc2c1)CCNCCc3c[nH]c4ccccc43,0,85,0.0,0.011730464291776668,1.4249152110701055,0.08838778196588214,22.97131247758538,1.0,1.0
murcko_framework,N=1c2ccccc2CN3C1c4[nH]c5ccccc5c4CC3,0,48,0.0,0.006624262188297413,2.5120922097080918,0.15486902514913442,40.748027334705235,1.0,1.0
murcko_framework,O1c2ccccc2CC13C=C(Cc4ccccc4)CCC3,0,51,0.0,0.007038278575066001,2.365746945918722,0.1459677487671136,38.34243289627761,1.0,1.0
murcko_framework,O=1c2cccc(OC3OCCCC3)c2C=C(OC4OC(COCC=Cc5ccccc5)CCC4OC6OC(COCC=Cc7ccccc7)CCC6)C1c8ccccc8,0,56,0.0,0.0077283058863469815,2.1563739284029575,0.13320710839678127,34.90766052247975,1.0,1.0
murcko_framework,O1C=C(c2ccccc2)Cc3ccc(OCCN4CCCCC4)cc13,0,45,0.0,0.006210245801528825,2.6777357500411143,0.16492624657996455,43.47560740474222,1.0,1.0
murcko_framework,c1ccc(cc1)CC2=CC=CNC2,0,80,0.0,0.011040436980495689,1.5134297056713182,0.09383125363968882,24.410517659752845,1.0,1.0
murcko_framework,O1c2ccc(cc2C(c3ccccc3)CC1)Cc4ccccc4,0,32,0.0,0.004416174792198275,3.7488973108613264,0.2295077850906168,61.23640225029506,1.0,1.0
murcko_framework,c1ccc(cc1)P(c2ccccc2)c3ccccc3,0,48,0.0,0.006624262188297413,2.5120922097080918,0.15486902514913442,40.748027334705235,1.0,1.0
murcko_framework,O1CCCCC1OCC2OC(OCC34CCCCC4C5=CCC6C(CCC7CC(OC8OCCCC8)CCC76)C5CC3)CCC2,0,75,0.0,0.010350409669214708,1.6136679743918967,0.09998910393021328,26.042080879086964,1.0,1.0
murcko_framework,C1CCC2C(C1)CCC3C4CCC(CC5CC5)C4CCC23,0,38,0.0,0.005244207565735451,3.164627368595756,0.1943789821515663,51.52237279571842,1.0,1.0
murcko_framework,N(OCCNCCC1(c2ccccc2)CCOCC1)=C3C=C4CCC5C(CCC6CCCC65)C4CC3,0,34,0.0,0.004692185716710667,3.5315601825789646,0.21646778956224189,57.615580352157025,1.0,1.0
murcko_framework,O1c2cc3c(cc2OC1)C45C=CCCC5N(C3)CC4,0,116,0.0,0.016008633621718747,1.0457084792635376,0.06500518599565533,16.82183054866955,1.0,1.0
murcko_framework,O(c1ccccc1)CCNCc2ccccc2,0,34,0.0,0.004692185716710667,3.5315601825789646,0.21646778956224189,57.615580352157025,1.0,1.0
murcko_framework,c1ccc(cc1)N2CN3CCc4c5ccccc5[nH]c4C3C2,0,130,0.0,0.017940710093305494,0.9335071548357876,0.05806729152365025,15.007340367764186,1.0,1.0
murcko_framework,o1ccc(c1)C2OCCC3C2CCC45OC6OC78CC(CC7CC34O6)CC85,0,54,0.0,0.007452294961834589,2.235513087317173,0.13803396711316637,36.204992641189335,1.0,1.0
murcko_framework,O(c1cccc(c1)COCC2OC(Oc3ccccc3)CCC2)CCc4ccccc4,0,42,0.0,0.0057962294147602365,2.866764260774093,0.1763801992734908,46.594444051559776,1.0,1.0
murcko_framework,O1CCNCCNCCNCCNCCNCCNCCNCCC1,0,124,0.0,0.017112677319768316,0.978503555165677,0.060850677233865835,15.73473379420335,1.0,1.0
murcko_framework,O1C=C(c2ccccc2)Cc3ccc4OCC=Cc4c13,0,42,0.0,0.0057962294147602365,2.866764260774093,0.1763801992734908,46.594444051559776,1.0,1.0
murcko_framework,O1CCC2CCCCCC12,0,56,0.0,0.0077283058863469815,2.1563739284029575,0.13320710839678127,34.90766052247975,1.0,1.0
murcko_framework,C1#CC2c3ccc4c5c(C=CC4)c(ccc35)COc6cccc(c6)CCCCC(O1)CC7C=CC(=CC7CCCCc8ccccc8)CCC2c9ccccc9,0,32,0.0,0.004416174792198275,3.7488973108613264,0.2295077850906168,61.23640225029506,1.0,1.0
murcko_framework,O1OCCCC1,0,214,0.0,0.029533168922825967,0.5678720696376658,0.035396966822717604,9.110348044499693,1.0,1.0
murcko_framework,O(CC1=CCCCC1)C2OC(COC3OCCCC3)CCC2,0,31,0.0,0.004278169329942079,3.867915262063572,0.2366350976839967,63.222947994312236,1.0,1.0
murcko_framework,O1CCCC1CCCCC2OC3CCC(OC3CC2)C4OCCCC4,0,40,0.0,0.005520218490247844,3.0083411700473524,0.18494277520581456,48.93468579851472,1.0,1.0
murcko_framework,O1OC2CCCCC32CCCC1C3,0,31,0.0,0.004278169329942079,3.867915262063572,0.2366350976839967,63.222947994312236,1.0,1.0
murcko_framework,O1CC2(CCCCC2)C3CCC4CCC3(C1)C4,0,116,0.0,0.016008633621718747,1.0457084792635376,0.06500518599565533,16.82183054866955,1.0,1.0
murcko_framework,n1ccccc1CCc2ccccc2,0,46,0.0,0.006348251263785021,2.620146418814221,0.1614317970913098,42.52673500340135,1.0,1.0
murcko_framework,[N]1C(=NC(c2ccccc2)=C1C=3OC=CCC3)c4c[nH]c5ccccc54,0,81,0.0,0.011178442442751884,1.49485795281634,0.09268958053727773,24.10843037745274,1.0,1.0
murcko_framework,o1c2cc3OCC=Cc3cc2c4c1CCCC4,0,128,0.0,0.0176646991687931,0.9480390662263745,0.05896636167635099,15.242216842621291,1.0,1.0
murcko_framework,O1c2ccccc2CC(OC3OCCC3)=C1c4ccccc4,0,93,0.0,0.012834507989826237,1.3029829447103605,0.08088020460124351,20.991101130077748,1.0,1.0
murcko_framework,O1C2=C(Cc3ccccc3)CC4CCCC2(CCC1)C4,0,41,0.0,0.0056582239525040405,2.935846969515864,0.18056004511200668,47.735906485118264,1.0,1.0
murcko_framework,c1ccc(cc1)N2CNCC(Cc3ccccc3)(C2)CN4CC5C6=CC=CCN6CC(C4)C5,0,30,0.0,0.004140163867685883,3.9947376690823586,0.24421917283070577,65.3426545500901,1.0,1.0
murcko_framework,O1C=C(Cc2ccccc12)C3Nc4ccccc4NC5=C3CCC(c6ccccc6)C5,0,32,0.0,0.004416174792198275,3.7488973108613264,0.2295077850906168,61.23640225029506,1.0,1.0
murcko_framework,O1C2CC3C4CC=C5CCCCC5C4CCC3C12,0,68,0.0,0.009384371433421334,1.7785855347540747,0.1101050821593759,28.730431351547423,1.0,1.0
murcko_framework,O1c2ccc3c(c2OC1)C4N5CC6NC(c7ccccc7C6)C5C3SCC8(NCCc9ccccc98)COC4,0,47,0.0,0.006486256726041217,2.564981901533723,0.15808233649692185,41.61838887878318,1.0,1.0
murcko_framework,n1c2ccccc2cc3ccccc13,0,32,0.0,0.004416174792198275,3.7488973108613264,0.2295077850906168,61.23640225029506,1.0,1.0
murcko_framework,O1C(=CCc2ccc(OC3OCCCC3)cc12)c4ccc(OC5OCCCC5)cc4,0,92,0.0,0.012696502527570042,1.3170710646748987,0.08174816606014731,21.219756638057902,1.0,1.0
murcko_framework,O1c2ccccc2CC(OC3OC(COC4OCCC(OC5OCCCC5)C4)CCC3)=C1c6ccccc6,0,100,0.0,0.01380054622561961,1.2122162016552516,0.07528477986529931,19.518794133218957,1.0,1.0
murcko_framework,O1CC=C2CCC3OC(CCCC=CCC12)CC3,0,37,0.0,0.005106202103479255,3.249021915811894,0.19946756836778803,52.921602723717264,1.0,1.0
murcko_framework,O1c2cc3OCC=Cc3cc2C=CC1,0,38,0.0,0.005244207565735451,3.164627368595756,0.1943789821515663,51.52237279571842,1.0,1.0
murcko_framework,O1CCC23OC(CCC12)CCC4CCCC5(OC5)C4C3,0,37,0.0,0.005106202103479255,3.249021915811894,0.19946756836778803,52.921602723717264,1.0,1.0
murcko_framework,C1=CCC2=C(N3CC4NC4C3C2)C1,0,30,0.0,0.004140163867685883,3.9947376690823586,0.24421917283070577,65.3426545500901,1.0,1.0
murcko_framework,c1ccc(cc1)CNCC(c2ccccc2)N3CCCC3,0,68,0.0,0.009384371433421334,1.7785855347540747,0.1101050821593759,28.730431351547423,1.0,1.0
murcko_framework,C1C2CC3CC1CC(C2)C3,0,88,0.0,0.012144480678545257,1.3766073004572406,0.08541462649948736,22.186453741427353,1.0,1.0
murcko_framework,O1c2ccccc2Cc3cc4C=CCOc4cc13,0,107,0.0,0.014766584461412983,1.1332702437422033,0.07041336375961267,18.2394559324853,1.0,1.0
murcko_framework,n1cnc2c(ncn2C3OC4CC5OCCCC5OC4C3)c1,0,51,0.0,0.007038278575066001,2.365746945918722,0.1459677487671136,38.34243289627761,1.0,1.0
murcko_framework,n1c2occ1-c3nc(co3)-c4nc(co4)CCCC=CCCCCOCCCCC=C2,0,48,0.0,0.006624262188297413,2.5120922097080918,0.15486902514913442,40.748027334705235,1.0,1.0
murcko_framework,O1CCCCC1OCC2OCC(OC3OCCCC3)CC2,0,36,0.0,0.004968196641223059,3.338040821779601,0.20482969417506067,54.398931623380356,1.0,1.0
murcko_framework,O1CC2=CCC3CCCC3CC4CCC1C24,0,33,0.0,0.004554180254454471,3.6369849089845876,0.22279718329341747,59.370854840481435,1.0,1.0
murcko_framework,c1ccc(cc1)CC2NCCNCCCNCCNCCNCC3N(CCNCCNC2)CCC3,0,45,0.0,0.006210245801528825,2.6777357500411143,0.16492624657996455,43.47560740474222,1.0,1.0
murcko_framework,O1CC2=C(C1)C3C(CC2)C4C=C5COCC53CC4,0,43,0.0,0.005934234877016433,2.800857768526196,0.17238946975498262,45.50628440741406,1.0,1.0
murcko_framework,O(c1ccc(cc1)CC2NCCc3ccccc32)c4cccc(c4)CC5NCCc6ccccc65,0,69,0.0,0.009522376895677531,1.7529919565272618,0.10853642524166467,28.312898575819585,1.0,1.0
murcko_framework,n1nn(cc1)CC2N3CCC(C2)C(CNCc4ccccc4)C3,0,38,0.0,0.005244207565735451,3.164627368595756,0.1943789821515663,51.52237279571842,1.0,1.0
murcko_framework,O(Cc1ccccc1)CC2CC=CC(OCc3ccccc3)C2,0,50,0.0,0.006900273112809805,2.4125967498380914,0.14881894394266065,39.1121111541551,1.0,1.0
murcko_framework,n1ccc(cc1)C=C2Oc3cc(OCc4ccccc4)ccc3C2,0,34,0.0,0.004692185716710667,3.5315601825789646,0.21646778956224189,57.615580352157025,1.0,1.0
murcko_framework,O1CC2C=CCC3CCCCC23C1,0,33,0.0,0.004554180254454471,3.6369849089845876,0.22279718329341747,59.370854840481435,1.0,1.0
murcko_framework,O1CCCC1OCC2OC(OCC3CCC4C3CCC5C6CCC(OC7OCCCC7OC8OCCCC8)CC6CCC45)CCC2,0,40,0.0,0.005520218490247844,3.0083411700473524,0.18494277520581456,48.93468579851472,1.0,1.0
murcko_framework,n1ccccc1-c2ccccc2,0,48,0.0,0.006624262188297413,2.5120922097080918,0.15486902514913442,40.748027334705235,1.0,1.0
murcko_framework,c1ccc(cc1)NCC23CCC(CC2)C3,0,39,0.0,0.005382213027991648,3.084505963010815,0.1895435270182853,50.195209435621834,1.0,1.0
murcko_framework,O1c2cc3c4c(c2OC1)-c5ccccc5CC4NCC3,0,258,0.0,0.03560540926209859,0.4711843723360347,0.02938630307684624,7.5550405967408185,0.6318690302423049,1.0
murcko_framework,c1ccc(cc1)CN2CN3CCNCC3C2,0,37,0.0,0.005106202103479255,3.249021915811894,0.19946756836778803,52.921602723717264,1.0,1.0
murcko_framework,O1CC2CCCCC2C1,0,31,0.0,0.004278169329942079,3.867915262063572,0.2366350976839967,63.222947994312236,1.0,1.0
murcko_framework,n1ccc2c3ccccc3[nH]c2c1-c4ccccc4,0,94,0.0,0.012972513452082434,1.289192986014913,0.08003047803554361,20.76732010087335,1.0,1.0
murcko_framework,O(c1ccc(cc1)C2Oc3ccccc3CC2)C4OCCCC4,0,90,0.0,0.01242049160305765,1.3461813236071487,0.08354119299592762,21.692342316885934,1.0,1.0
murcko_framework,c1ccc(cc1)CN2Cc3ccccc3CC2,0,66,0.0,0.009108360508908942,1.8320818862356834,0.11338245518825726,29.60355755482463,1.0,1.0
murcko_framework,O1c2ccccc2CC1=CC3=Cc4ccccc4OC3,0,47,0.0,0.006486256726041217,2.564981901533723,0.15808233649692185,41.61838887878318,1.0,1.0
murcko_framework,S1CC(N2Cc3ccccc3C12)CNCCNCc4ccccc4,0,67,0.0,0.009246365971165139,1.8049374412246448,0.11171974094470334,29.160461160996103,1.0,1.0
murcko_framework,S1SC23N(CC1NC2)C4Nc5ccccc5C4(C3)C67c8ccccc8NC7N9CC%10SSC9(CN%10)C6,0,70,0.0,0.009660382357933726,1.728124437257238,0.10701183196410949,27.90732590810382,1.0,1.0
murcko_framework,O1CCC2CCC3OC43CC=CC4C12,0,58,0.0,0.008004316810859374,2.082645994029885,0.12870638226970604,33.70007189977272,1.0,1.0
murcko_framework,O1CC12CCCC3CCC4=CCCC(C4)CC32,0,72,0.0,0.009936393282446119,1.680447400311951,0.10408761295968512,27.130062693520873,1.0,1.0
murcko_framework,c1ccc2c(c1)NCC32NCC4CN(CC43)C5CCCC5,0,53,0.0,0.007314289499578393,2.2773015216971095,0.1405809775837492,36.8904976324725,1.0,1.0
murcko_framework,O1c2ccccc2C=3OC(CNc4ccccc4)C(c5ccccc5)C3C1,0,42,0.0,0.0057962294147602365,2.866764260774093,0.1763801992734908,46.594444051559776,1.0,1.0
murcko_framework,C1=CC2CCC3CCCC23C1,0,37,0.0,0.005106202103479255,3.249021915811894,0.19946756836778803,52.921602723717264,1.0,1.0
murcko_framework,O(c1ccc(cc1)CCCOC2OCCCC2)CCc3ccccc3,0,40,0.0,0.005520218490247844,3.0083411700473524,0.18494277520581456,48.93468579851472,1.0,1.0
murcko_framework,c1ccc(cc1)CCC2CCCCC2,0,36,0.0,0.004968196641223059,3.338040821779601,0.20482969417506067,54.398931623380356,1.0,1.0
murcko_framework,O1CCCCC1OC2C(OCCc3ccccc3)OCC(OCC=Cc4ccccc4)C2OC5OCCCC5,0,47,0.0,0.006486256726041217,2.564981901533723,0.15808233649692185,41.61838887878318,1.0,1.0
murcko_framework,O1CC23CCC4C5CCC6CCCCC6C5CCC4C3CCC1C2,0,42,0.0,0.0057962294147602365,2.866764260774093,0.1763801992734908,46.594444051559776,1.0,1.0
murcko_framework,C(=CC=CC=CC=CC=CC1C=CCCC1)C=CC=CC=CC=CC2=CCCCC2,0,113,0.0,0.01559461723495016,1.0733527955086377,0.06671319530182218,17.269240641434838,1.0,1.0
murcko_framework,c1ccc(cc1)NCCNCCc2ccccc2,0,34,0.0,0.004692185716710667,3.5315601825789646,0.21646778956224189,57.615580352157025,1.0,1.0
murcko_framework,O1CCCCC1OC2CCCCC2OC3OCCC3,0,51,0.0,0.007038278575066001,2.365746945918722,0.1459677487671136,38.34243289627761,1.0,1.0
murcko_framework,c1ccc(cc1)CN2CN3CCN(Cc4ccccc4)CC3C2,0,39,0.0,0.005382213027991648,3.084505963010815,0.1895435270182853,50.195209435621834,1.0,1.0
murcko_framework,O1C2=CCC3C4CCC5C(CCC6CC7OC7CC65)C4CC3C2CC1,0,44,0.0,0.006072240339272629,2.7379133658175303,0.16857530670648754,44.46777968361716,1.0,1.0
murcko_framework,O1c2ccc(cc2OC1)CCCCc3ccccc3,0,85,0.0,0.011730464291776668,1.4249152110701055,0.08838778196588214,22.97131247758538,1.0,1.0
murcko_framework,O1CC=C(CNCCCN2CCCCC2)C13CCNCC3,0,38,0.0,0.005244207565735451,3.164627368595756,0.1943789821515663,51.52237279571842,1.0,1.0
murcko_framework,O1c2c(ccc3OC4(Oc5ccccc5C(c32)C4)c6ccccc6)CCC1c7ccccc7,0,69,0.0,0.009522376895677531,1.7529919565272618,0.10853642524166467,28.312898575819585,1.0,1.0
murcko_framework,O1CC2OC1CCC2,0,87,0.0,0.01200647521628906,1.3923418770568594,0.0863832050406304,22.442046479919203,1.0,1.0
murcko_framework,O1CCC2CC3CCCCC3CC=CCCC12,0,42,0.0,0.0057962294147602365,2.866764260774093,0.1763801992734908,46.594444051559776,1.0,1.0
murcko_framework,N1CC2CCCC34C1C(CC23)C56CCC(CC5)CC64,0,50,0.0,0.006900273112809805,2.4125967498380914,0.14881894394266065,39.1121111541551,1.0,1.0
murcko_framework,N1=CNCc2ccccc12,0,202,0.0,0.02787710337575161,0.6015337124019373,0.03748801779489242,9.65222565609634,1.0,1.0
murcko_framework,O(c1ccc2cc3c(cc2c1)CC4CC=CCC4C3)C5OCCCC5,0,33,0.0,0.004554180254454471,3.6369849089845876,0.22279718329341747,59.370854840481435,1.0,1.0
murcko_framework,O1CCC2CCCC34OC4C5OC5C3C12,0,35,0.0,0.004830191178966863,3.4320748773792915,0.21048802227061886,55.96108432618532,1.0,1.0
murcko_framework,O1CC2C3NCCC2CC1C4(c5ccccc5NC4)C3,0,49,0.0,0.006762267650553609,2.46133947512794,0.15178372761905926,39.91331684136583,1.0,1.0
murcko_framework,C1=CCC2C(C1)CCC3C4CCCC4CCC23,0,138,0.0,0.019044753791355062,0.8795764511912993,0.05472937109515349,14.136006279794264,1.0,1.0
murcko_framework,O1CCCCC1OC2CCOC(OC3CCC4C(CCC5C4C=CC67OCC8(CCCCC68)CCC57)C3)C2,0,84,0.0,0.011592458829520473,1.4417801029408692,0.0894253629735279,23.24541714023054,1.0,1.0
murcko_framework,o1ccc(c1)CCC2CCC3OCC4CCCC2C34,0,55,0.0,0.007590300424090785,2.195230542464442,0.13557759518745932,35.54449485481419,1.0,1.0
murcko_framework,O1CCC(C1)CCCC2CCC3C4=CCC5CCCCC5C4CCC32,0,51,0.0,0.007038278575066001,2.365746945918722,0.1459677487671136,38.34243289627761,1.0,1.0
murcko_framework,O1CCCCC1OC2CCC3C(CCC4C3CCC5C4CC6OC7(OCCCC7)CC65)C2,0,47,0.0,0.006486256726041217,2.564981901533723,0.15808233649692185,41.61838887878318,1.0,1.0
murcko_framework,O1CC=C(c2ccccc2)C1Cc3ccccc3,0,87,0.0,0.01200647521628906,1.3923418770568594,0.0863832050406304,22.442046479919203,1.0,1.0
murcko_framework,O1CCC(C1)CCC2CCCC3CCCCC32,0,36,0.0,0.004968196641223059,3.338040821779601,0.20482969417506067,54.398931623380356,1.0,1.0
murcko_framework,O1CCCCC1OCCCCC2OC3CC4C5CCC6CC(OC7OCC(OC8OCCC(OC9OCCCC9)C8OC%10OCCC(OC%11OCCCC%11)C%10)CC7)CCC6C5CCC4C3C2,0,32,0.0,0.004416174792198275,3.7488973108613264,0.2295077850906168,61.23640225029506,1.0,1.0
murcko_framework,O1CC2CCC3CCCCC3C2C1,0,34,0.0,0.004692185716710667,3.5315601825789646,0.21646778956224189,57.615580352157025,1.0,1.0
murcko_framework,O1CCCCC1OC2CCCOC2OC3COC(OC4CCC5C(CCC6C5CCC78OCC9(CCCCC79)CCC68)C4)C(OC%10OCCCC%10)C3,0,93,0.0,0.012834507989826237,1.3029829447103605,0.08088020460124351,20.991101130077748,1.0,1.0
murcko_framework,O1c2cc(OC3OCCCC3)ccc2C4Oc5ccccc5C4C1,0,50,0.0,0.006900273112809805,2.4125967498380914,0.14881894394266065,39.1121111541551,1.0,1.0
murcko_framework,O1CCCCC1OC2CCOC(OC3CCC4C5=C(CCC4C3)C6CCCC6CC5)C2OC7OCCCC7,0,31,0.0,0.004278169329942079,3.867915262063572,0.2366350976839967,63.222947994312236,1.0,1.0
murcko_framework,[N]1C=C(N=C1C2N(Cc3ccccc3)CCOC2)c4ccccc4,0,64,0.0,0.00883234958439655,1.88889584090995,0.11686089430381194,30.531406755549067,1.0,1.0
murcko_framework,O1CCCCC1CCCCCCCCCCCCC2OC3(OC2CCC3)CCCCCCCCCC4OC(CCCC=CCCCCCC5OC(CCCCC6OC(CCC=CC=CCCCCCC=CCCCCCCCCC7OC(C=CCCCC8OC9CC(OC9CCC%10OCCC%10)C8)CCC7)CCC6)CCC5)CCC4,0,35,0.0,0.004830191178966863,3.4320748773792915,0.21048802227061886,55.96108432618532,1.0,1.0
murcko_framework,O1CCCC(OC2OCC(OC3OCC(OC4OCCCC4)CC3)CC2)C1,0,71,0.0,0.009798387820189923,1.7039525129318303,0.10552947147400055,27.513206744734116,1.0,1.0
murcko_framework,O1CCC2CCC3C4CCCCC4CCC3C2C1,0,70,0.0,0.009660382357933726,1.728124437257238,0.10701183196410949,27.90732590810382,1.0,1.0
murcko_framework,o1ccc2ccc(OC3OCCCC3)cc12,0,32,0.0,0.004416174792198275,3.7488973108613264,0.2295077850906168,61.23640225029506,1.0,1.0
murcko_framework,C1=CC2CC2CC1,0,37,0.0,0.005106202103479255,3.249021915811894,0.19946756836778803,52.921602723717264,1.0,1.0
murcko_framework,c1ccc(cc1)C2N3CC4CN2CC(c5ccccc5)(C3)C4,0,35,0.0,0.004830191178966863,3.4320748773792915,0.21048802227061886,55.96108432618532,1.0,1.0
murcko_framework,O1CC12CCC3CCCCC3C2,0,39,0.0,0.005382213027991648,3.084505963010815,0.1895435270182853,50.195209435621834,1.0,1.0
murcko_framework,N1CN2CCCC32NCNC3C1,0,41,0.0,0.0056582239525040405,2.935846969515864,0.18056004511200668,47.735906485118264,1.0,1.0
murcko_framework,O1CCC=CC=CCCCCCCCCC2OC(CCCCCCCCCCCC=CCCC1)CCC2,0,40,0.0,0.005520218490247844,3.0083411700473524,0.18494277520581456,48.93468579851472,1.0,1.0
murcko_framework,n1coc(c1)CC=CC=CC=CCCCNCC=CC=CCCCCC2CCNC32COC3,0,30,0.0,0.004140163867685883,3.9947376690823586,0.24421917283070577,65.3426545500901,1.0,1.0
murcko_framework,O(CC=Cc1ccccc1)CC2OCCCC2,0,85,0.0,0.011730464291776668,1.4249152110701055,0.08838778196588214,22.97131247758538,1.0,1.0
murcko_framework,O(CCc1ccccc1)C2OCC(OCC=Cc3ccccc3)C(OC4OCCCC4OC5OCCCC5)C2,0,56,0.0,0.0077283058863469815,2.1563739284029575,0.13320710839678127,34.90766052247975,1.0,1.0
murcko_framework,O1CC2=CC3OCCC3CCC4(OC4CC2)C1,0,30,0.0,0.004140163867685883,3.9947376690823586,0.24421917283070577,65.3426545500901,1.0,1.0
murcko_framework,O1CCCCC1OC2OCCC2OCC=Cc3ccccc3,0,48,0.0,0.006624262188297413,2.5120922097080918,0.15486902514913442,40.748027334705235,1.0,1.0
murcko_framework,N1=C([N]c2ccccc12)CC3CNCCC3,0,53,0.0,0.007314289499578393,2.2773015216971095,0.1405809775837492,36.8904976324725,1.0,1.0
murcko_framework,O1C=2C=CC3OCCC3CCC1CC2,0,135,0.0,0.018630737404586473,0.8990541914835661,0.05593513847084703,14.450638030429623,1.0,1.0
murcko_framework,O(CC=Cc1ccccc1)CC2OC(Oc3ccccc3)CCC2,0,92,0.0,0.012696502527570042,1.3170710646748987,0.08174816606014731,21.219756638057902,1.0,1.0
murcko_framework,C1=CCCCC2CC2CCC1,0,36,0.0,0.004968196641223059,3.338040821779601,0.20482969417506067,54.398931623380356,1.0,1.0
murcko_framework,O1CCCC=CCCCC1,0,187,0.0,0.025807021441908672,0.6496698615548456,0.04047683029899112,10.427469885733917,1.0,1.0
murcko_framework,O(Cc1ccccc1)C2CCCC=CCCC3CCCC3CC2,0,41,0.0,0.0056582239525040405,2.935846969515864,0.18056004511200668,47.735906485118264,1.0,1.0
murcko_framework,O1CC2OC32CC4C5OC5CCC4CCCC=CC13,0,68,0.0,0.009384371433421334,1.7785855347540747,0.1101050821593759,28.730431351547423,1.0,1.0
murcko_framework,c1ccc(cc1)C2=CCC=CC2,0,37,0.0,0.005106202103479255,3.249021915811894,0.19946756836778803,52.921602723717264,1.0,1.0
murcko_framework,C1=CC2=CCCCC2=CN1,0,77,0.0,0.0106264205937271,1.572020590484766,0.09743146859722107,25.363968874616305,1.0,1.0
murcko_framework,C1=CC2CCCCC2C1,0,38,0.0,0.005244207565735451,3.164627368595756,0.1943789821515663,51.52237279571842,1.0,1.0
murcko_framework,O(c1ccccc1CC=Cc2ccccc2)C3OCCCC3,0,43,0.0,0.005934234877016433,2.800857768526196,0.17238946975498262,45.50628440741406,1.0,1.0
murcko_framework,c1ccc(cc1)CC2NCC34CC=CCCCCC=CC4CC=CC23,0,37,0.0,0.005106202103479255,3.249021915811894,0.19946756836778803,52.921602723717264,1.0,1.0
murcko_framework,N(Nc1ccccc1)=C(c2ccccc2)c3ccccc3,0,65,0.0,0.008970355046652747,1.8600551692623262,0.11509540255612229,30.060325224653926,1.0,1.0
murcko_framework,O1CCC(C1)C2CCC3C2CCC45CC65CCCCC6CCC34,0,32,0.0,0.004416174792198275,3.7488973108613264,0.2295077850906168,61.23640225029506,1.0,1.0
murcko_framework,O1CCC2CCCCC=CCCC12,0,77,0.0,0.0106264205937271,1.572020590484766,0.09743146859722107,25.363968874616305,1.0,1.0
murcko_framework,O1CCC=CCCCCCCC1,0,57,0.0,0.007866311348603178,2.1188688487436123,0.13091807998588428,34.293240465030934,1.0,1.0
murcko_framework,O1CCCCC1OC2C=CC=CC=CC=CC=CC=CC=CCC(OCCCCCCCCCCCCCCC3OC(CCC3)C2)CCCCCCc4ccccc4,0,45,0.0,0.006210245801528825,2.6777357500411143,0.16492624657996455,43.47560740474222,1.0,1.0
murcko_framework,o1c(C=C2Oc3c(cccc3CN4CCCCC4)C2)cc5ccccc15,0,42,0.0,0.0057962294147602365,2.866764260774093,0.1763801992734908,46.594444051559776,1.0,1.0
murcko_framework,O1C(=Cc2ccccc2)Cc3cccc(c13)CN4CCCCC4,0,124,0.0,0.017112677319768316,0.978503555165677,0.060850677233865835,15.73473379420335,1.0,1.0
murcko_framework,O1CCCCCCOC2CCN3CCC(C1)C32,0,63,0.0,0.008694344122140355,1.9186448801685227,0.11868138567924466,31.017485641311175,1.0,1.0
murcko_framework,O(CCCc1ccccc1)C2C=C3CCC4CCC5OCC5C4C(OCc6ccccc6)C(C3)C2,0,82,0.0,0.011316447905008081,1.4767364242729972,0.09157535195948578,23.813727385283677,1.0,1.0
murcko_framework,O(CC=Cc1ccccc1)CC=Cc2ccccc2,1,31,0.03363605785401951,0.004278169329942079,7.864563886597491,1.073276195824165,57.628563241242844,0.12280596910210403,1.0
murcko_framework,O1CC=CC=CCC(OCC=CC=CCC1CCCC2OCCC(OC3OCCCC3)C2)CCCC4OCCC(OC5OCCCC5)C4,0,42,0.0,0.0057962294147602365,2.866764260774093,0.1763801992734908,46.594444051559776,1.0,1.0
murcko_framework,O1c2ccccc2CC1=Cc3sccc3,0,62,0.0,0.008556338659884158,1.9493458886833697,0.120559487313188,31.519289592326263,1.0,1.0
murcko_framework,c1ccc2c(c1)c3c4n2CC5CCN(CC3)C4C5,0,33,0.0,0.004554180254454471,3.6369849089845876,0.22279718329341747,59.370854840481435,1.0,1.0
murcko_framework,O1C=CC2=CCC3OC4CCOCC4C3C2=C1,0,35,0.0,0.004830191178966863,3.4320748773792915,0.21048802227061886,55.96108432618532,1.0,1.0
murcko_framework,O1CC=CC=CCCCC2OC(CC=C2)CCCCCCCC(OCC=CC=CCCCC3OC(CC=C3)CCCCCCCC1CCCCCC4OCCCC4)CCCCCC5OCCCC5,0,55,0.0,0.007590300424090785,2.195230542464442,0.13557759518745932,35.54449485481419,1.0,1.0
murcko_framework,n1cnc2c(c1)ccn2C3OCCC3,0,41,0.0,0.0056582239525040405,2.935846969515864,0.18056004511200668,47.735906485118264,1.0,1.0
murcko_framework,O1CCCCC1OC2C=CC3OCCC3CCC=CC2,0,43,0.0,0.005934234877016433,2.800857768526196,0.17238946975498262,45.50628440741406,1.0,1.0
murcko_framework,N(=CC12CCCCC2CCC3C4CCC(C5=CCOC5)C4CCC31)NCc6ccccc6,0,62,0.0,0.008556338659884158,1.9493458886833697,0.120559487313188,31.519289592326263,1.0,1.0
murcko_framework,O(c1cccc(C=Cc2ccccc2)c1)C3OCCCC3,0,113,0.0,0.01559461723495016,1.0733527955086377,0.06671319530182218,17.269240641434838,1.0,1.0
murcko_framework,N(OCCNCCc1ccccc1)=C2C=CC3C(=C2)CCC4C3CCC5CCCC54,0,70,0.0,0.009660382357933726,1.728124437257238,0.10701183196410949,27.90732590810382,1.0,1.0
murcko_framework,c1ccc2c(c1)NC3CC4CCN5CCC23C5C4,0,110,0.0,0.01518060084818157,1.1024981605996256,0.06851336588301764,17.74109589362392,1.0,1.0
murcko_framework,O1CC2CCC3(C1)CC=CCCC23,0,38,0.0,0.005244207565735451,3.164627368595756,0.1943789821515663,51.52237279571842,1.0,1.0
murcko_framework,c1ccc2c(c1)NCC3N(C2)CCC3,0,129,0.0,0.017802704631049295,0.9407170027650943,0.05851337385612777,15.123866920872604,1.0,1.0
murcko_framework,O1CC=C2CNCCC34c5ccccc5N6CCC1C(C2CC3)C64,0,31,0.0,0.004278169329942079,3.867915262063572,0.2366350976839967,63.222947994312236,1.0,1.0
murcko_framework,o1ccc(c1)C2OCC=C3C2CCC4C3CCC5CCCCC54,0,53,0.0,0.007314289499578393,2.2773015216971095,0.1405809775837492,36.8904976324725,1.0,1.0
murcko_framework,O1CC2COC34OC56C(OCC5CCC7C8CC=CCC8CCC73)C1CC2C6C4,0,31,0.0,0.004278169329942079,3.867915262063572,0.2366350976839967,63.222947994312236,1.0,1.0
murcko_framework,c1ccc(cc1)CNC2CCC3C(CCC4C5CCCC5CCC34)C2,0,38,0.0,0.005244207565735451,3.164627368595756,0.1943789821515663,51.52237279571842,1.0,1.0
murcko_framework,O1CCCCC1OC2CCCOC2OC3CCC45CC65CCC7C(CCC7C6CC(OC8OCCCC8)C4C3)C9OCCC9,0,50,0.0,0.006900273112809805,2.4125967498380914,0.14881894394266065,39.1121111541551,1.0,1.0
murcko_framework,n1c(oc2ccccc12)-c3ccccc3,0,54,0.0,0.007452294961834589,2.235513087317173,0.13803396711316637,36.204992641189335,1.0,1.0
murcko_framework,C1=C2C3CCCCC3CCC2C4CCCCC4C1,0,98,0.0,0.013524535301107218,1.2368331428464123,0.07680289147619399,19.91795092398964,1.0,1.0
murcko_framework,O1CC2=CC1CC=CCCCC=CCCC2,0,33,0.0,0.004554180254454471,3.6369849089845876,0.22279718329341747,59.370854840481435,1.0,1.0
murcko_framework,O1CCCCC1OC2C3=CCCC3C=C4CCCC4CC2,0,62,0.0,0.008556338659884158,1.9493458886833697,0.120559487313188,31.519289592326263,1.0,1.0
murcko_framework,O(c1ccccc1Cc2ccccc2)C3OCCCC3,0,39,0.0,0.005382213027991648,3.084505963010815,0.1895435270182853,50.195209435621834,1.0,1.0
murcko_framework,O1C2=C(CCCC2)CC3C=CCC13,0,53,0.0,0.007314289499578393,2.2773015216971095,0.1405809775837492,36.8904976324725,1.0,1.0
murcko_framework,c1ccc(cc1)-c2cccc3cc4c(cc32)Cc5ccccc5C4,0,35,0.0,0.004830191178966863,3.4320748773792915,0.21048802227061886,55.96108432618532,1.0,1.0
murcko_framework,O(Cc1ccccc1)C2CCC3C2CCC4C5CCCCC5CCC34,0,61,0.0,0.008418333197627963,1.9810453039791873,0.12249797770827836,32.03759416962826,1.0,1.0
murcko_framework,O1CCCCC1OCC2CCC3C2CCC4C5CCC(OC6OCCCC6OC7OCCCC7)CC5CCC34,0,90,0.0,0.01242049160305765,1.3461813236071487,0.08354119299592762,21.692342316885934,1.0,1.0
murcko_framework,n1c(scc1C2OCC3(COCC3)C2)Nc4ccccc4,0,67,0.0,0.009246365971165139,1.8049374412246448,0.11171974094470334,29.160461160996103,1.0,1.0
murcko_framework,O1CC=C(C1)C2CCC3C2CCC4C3CCC5CC6OC7OCCCC7OC6CC54,0,118,0.0,0.01628464454623114,1.0280565529973273,0.06391427749530633,16.536215656014605,1.0,1.0
murcko_framework,O1C(=CCc2cccc(c12)C3OCCCC3OC4OCCCC4)c5ccccc5,0,135,0.0,0.018630737404586473,0.8990541914835661,0.05593513847084703,14.450638030429623,1.0,1.0
murcko_framework,O1CCC2CCCC3C4CCCCC4CC1C23,0,34,0.0,0.004692185716710667,3.5315601825789646,0.21646778956224189,57.615580352157025,1.0,1.0
murcko_framework,c1ccc(cc1)CCN2CCC3(c4ccccc4NC3)C2,0,38,0.0,0.005244207565735451,3.164627368595756,0.1943789821515663,51.52237279571842,1.0,1.0
murcko_framework,O1CC=C(C1)CCC2=CCCC3CCCCC23,0,32,0.0,0.004416174792198275,3.7488973108613264,0.2295077850906168,61.23640225029506,1.0,1.0
murcko_framework,O1C2CC=CCC12CC3CCCC4CCCCC43,0,40,0.0,0.005520218490247844,3.0083411700473524,0.18494277520581456,48.93468579851472,1.0,1.0
murcko_framework,O1CC2CCCC3(C1)C2CCC45CCC(CCC43)C5,0,42,0.0,0.0057962294147602365,2.866764260774093,0.1763801992734908,46.594444051559776,1.0,1.0
murcko_framework,O1CC12CC34CCC5CCCCC5C4CCC2C3,0,38,0.0,0.005244207565735451,3.164627368595756,0.1943789821515663,51.52237279571842,1.0,1.0
murcko_framework,O1COC2C1CC3C2CCC4C5C=CCC=C5CCC43,0,35,0.0,0.004830191178966863,3.4320748773792915,0.21048802227061886,55.96108432618532,1.0,1.0
murcko_framework,N12CCCC3CCC4CCCC13C4CCC2,0,118,0.0,0.01628464454623114,1.0280565529973273,0.06391427749530633,16.536215656014605,1.0,1.0
murcko_framework,O1c2cc(OC3OCCCC3)ccc2CC(OC4OC(COC5OCCCC5)CCC4OC6OCCCC6)=C1c7ccccc7,0,44,0.0,0.006072240339272629,2.7379133658175303,0.16857530670648754,44.46777968361716,1.0,1.0
murcko_framework,O1CCC2CCCC12,0,40,0.0,0.005520218490247844,3.0083411700473524,0.18494277520581456,48.93468579851472,1.0,1.0
murcko_framework,O1CC=C2CC3OC3CCC4OC4CC12,0,30,0.0,0.004140163867685883,3.9947376690823586,0.24421917283070577,65.3426545500901,1.0,1.0
murcko_framework,O1CC(CN2CCCCC2)C3CC4CCCCC4CC13,0,42,0.0,0.0057962294147602365,2.866764260774093,0.1763801992734908,46.594444051559776,1.0,1.0
murcko_framework,c1ccc(cc1)CC2C=CCN2,0,31,0.0,0.004278169329942079,3.867915262063572,0.2366350976839967,63.222947994312236,1.0,1.0
murcko_framework,C1=CC2(CCC1)CCCCC2,0,81,0.0,0.011178442442751884,1.49485795281634,0.09268958053727773,24.10843037745274,1.0,1.0
murcko_framework,n1nc(oc1-c2ccccc2)CC3C=CCCC3,0,37,0.0,0.005106202103479255,3.249021915811894,0.19946756836778803,52.921602723717264,1.0,1.0
murcko_framework,n1occc1CC2CNCCC2,0,31,0.0,0.004278169329942079,3.867915262063572,0.2366350976839967,63.222947994312236,1.0,1.0
murcko_framework,N1=CN(c2ccccc2)CC3=C1c4ccccc4CC35CCCC5,0,30,0.0,0.004140163867685883,3.9947376690823586,0.24421917283070577,65.3426545500901,1.0,1.0
murcko_framework,c1cc2n(c1)CCC2,1,48,0.03363605785401951,0.006624262188297413,5.079078342305967,0.7008419465453419,36.80863700359657,0.1817910586407674,1.0
murcko_framework,O1Cc2cc3ccccc3cc2CC1,0,41,0.0,0.0056582239525040405,2.935846969515864,0.18056004511200668,47.735906485118264,1.0,1.0
murcko_framework,O1c2ccccc2C=3OCC(c4ccccc4)C3C1,0,116,0.0,0.016008633621718747,1.0457084792635376,0.06500518599565533,16.82183054866955,1.0,1.0
murcko_framework,O1CCC2OC1(CCCCCCc3ccccc3)CC2,0,30,0.0,0.004140163867685883,3.9947376690823586,0.24421917283070577,65.3426545500901,1.0,1.0
murcko_framework,o1ccc2cc3c(cc12)CCCC3,0,50,0.0,0.006900273112809805,2.4125967498380914,0.14881894394266065,39.1121111541551,1.0,1.0
murcko_framework,O(CCCc1ccccc1)C2CCC3CCC4=CCCC(C4)CC3C2,0,87,0.0,0.01200647521628906,1.3923418770568594,0.0863832050406304,22.442046479919203,1.0,1.0
murcko_framework,C1=CC2CCCC32CCCC13,0,65,0.0,0.008970355046652747,1.8600551692623262,0.11509540255612229,30.060325224653926,1.0,1.0
murcko_framework,o1ccc(c1)C2OCC3(CCCC4C5OC5CCC43)C2,0,33,0.0,0.004554180254454471,3.6369849089845876,0.22279718329341747,59.370854840481435,1.0,1.0
murcko_framework,O1CCC2CCC3OC3CCCC2C1,0,39,0.0,0.005382213027991648,3.084505963010815,0.1895435270182853,50.195209435621834,1.0,1.0
murcko_framework,O1C=CC2C1CC3C2CCC4C5CCCCC5CCC43,0,40,0.0,0.005520218490247844,3.0083411700473524,0.18494277520581456,48.93468579851472,1.0,1.0
murcko_framework,O1C(=CCc2ccc(OC3OCCCC3)c(c12)C4OCCCC4)c5ccccc5,0,36,0.0,0.004968196641223059,3.338040821779601,0.20482969417506067,54.398931623380356,1.0,1.0
murcko_framework,o1cccc1CCCCCCCCCOCCOCCCCCCCCCCCCCc2occc2,0,36,0.0,0.004968196641223059,3.338040821779601,0.20482969417506067,54.398931623380356,1.0,1.0
murcko_framework,O1C=CC2=C(C1)CCC(OCc3ccccc3)C2,0,30,0.0,0.004140163867685883,3.9947376690823586,0.24421917283070577,65.3426545500901,1.0,1.0
murcko_framework,O(Cc1ccccc1)C2CCC3CC4CC(CC5CCCC54)CC23,0,34,0.0,0.004692185716710667,3.5315601825789646,0.21646778956224189,57.615580352157025,1.0,1.0
murcko_framework,C1=CCC2C(C1)CCC3C4CCCCC4CCC23,0,101,0.0,0.013938551687875805,1.2002715282201317,0.07454800607944793,19.32515458455785,1.0,1.0
murcko_framework,c1ccc(cc1)CC2N3c4ccccc4C=CC3C5(Cc6ccccc6C5)C2c7ccccc7,0,63,0.0,0.008694344122140355,1.9186448801685227,0.11868138567924466,31.017485641311175,1.0,1.0
murcko_framework,O1CC=C2CCCCC12,0,79,0.0,0.010902431518239492,1.532468672434598,0.09500139786223145,24.72027027853985,1.0,1.0
murcko_framework,O1C=CC(c2ccccc2)C=3OC=CCC13,0,54,0.0,0.007452294961834589,2.235513087317173,0.13803396711316637,36.204992641189335,1.0,1.0
murcko_framework,O1c2ccc3c(OC(c4ccccc4)CC3)c2CC1,0,38,0.0,0.005244207565735451,3.164627368595756,0.1943789821515663,51.52237279571842,1.0,1.0
murcko_framework,O1CC=C(CNc2ccccc2)C13CCNCC3,0,75,0.0,0.010350409669214708,1.6136679743918967,0.09998910393021328,26.042080879086964,1.0,1.0
murcko_framework,n1c2ccccc2oc1C3CN(Cc4ccccc4)CC3,0,35,0.0,0.004830191178966863,3.4320748773792915,0.21048802227061886,55.96108432618532,1.0,1.0
murcko_framework,N1C2=C(CC3=C1CCCC3)CCC2,0,34,0.0,0.004692185716710667,3.5315601825789646,0.21646778956224189,57.615580352157025,1.0,1.0
murcko_framework,O1CCNCC1c2ccccc2,0,51,0.0,0.007038278575066001,2.365746945918722,0.1459677487671136,38.34243289627761,1.0,1.0
murcko_framework,c1ccc(cc1)C=2C=CCN3C2C4CN(Cc5ccccc5)CC(C3)C4,0,35,0.0,0.004830191178966863,3.4320748773792915,0.21048802227061886,55.96108432618532,1.0,1.0
murcko_framework,O1CCCCC1OC2COC(OCC3OC(OCC45CCCCC5C6=CCC7C(CCC8CC(OC9OCCC(OC%10OCCCC%10)C9OC%11OCCCC%11)CCC87)C6CC4)CCC3)CC2,0,34,0.0,0.004692185716710667,3.5315601825789646,0.21646778956224189,57.615580352157025,1.0,1.0
murcko_framework,c1ccc2c(c1)CC=C3CCCCC23,0,109,0.0,0.015042595385925376,1.1125681725869228,0.06913520397087981,17.90416267774052,1.0,1.0
murcko_framework,c1ccc(cc1)CCC2c3ccccc3NC2,0,42,0.0,0.0057962294147602365,2.866764260774093,0.1763801992734908,46.594444051559776,1.0,1.0
murcko_framework,C1=CC2CCC1C2,0,42,0.0,0.0057962294147602365,2.866764260774093,0.1763801992734908,46.594444051559776,1.0,1.0
murcko_framework,c1ccc(cc1)CN2CCCC2,0,102,0.0,0.014076557150132002,1.188559921583746,0.07382551120534558,19.135318728316115,1.0,1.0
murcko_framework,C1CC2CCCC(C1)C2,0,35,0.0,0.004830191178966863,3.4320748773792915,0.21048802227061886,55.96108432618532,1.0,1.0
murcko_framework,c1ccc(cc1)N2CC3C4C=CC5(CCC6CCCCC6C5C4)C3C2,0,44,0.0,0.006072240339272629,2.7379133658175303,0.16857530670648754,44.46777968361716,1.0,1.0
murcko_framework,O1C=C(c2ccc3OCCOc3c2)Cc4ccc(OCc5ccccc5)cc14,0,51,0.0,0.007038278575066001,2.365746945918722,0.1459677487671136,38.34243289627761,1.0,1.0
murcko_framework,o1cccc1C2N3CC4CN2CC(C3)C4,0,36,0.0,0.004968196641223059,3.338040821779601,0.20482969417506067,54.398931623380356,1.0,1.0
murcko_framework,n1ccc2c3cc(OCCNCc4ccccc4)ccc3n5c2c1-c6ccccc6C5,0,55,0.0,0.007590300424090785,2.195230542464442,0.13557759518745932,35.54449485481419,1.0,1.0
murcko_framework,O1CC=CC12OCCC2,0,47,0.0,0.006486256726041217,2.564981901533723,0.15808233649692185,41.61838887878318,1.0,1.0
murcko_framework,O1c2ccccc2C(c3ccccc3)=C(c4ccccc4)C1,0,69,0.0,0.009522376895677531,1.7529919565272618,0.10853642524166467,28.312898575819585,1.0,1.0
murcko_framework,n1ccsc1NCCNC2=CC=C3c4ccccc4CCCC3=CC2,0,55,0.0,0.007590300424090785,2.195230542464442,0.13557759518745932,35.54449485481419,1.0,1.0
murcko_framework,O1C2CCC3CCCC13CC2,0,32,0.0,0.004416174792198275,3.7488973108613264,0.2295077850906168,61.23640225029506,1.0,1.0
murcko_framework,c1ccc(cc1)CC2NCCC2,0,97,0.0,0.013386529838851021,1.2495203356141644,0.07758513692703177,20.123713522368668,1.0,1.0
murcko_framework,O1C2CCCCC12C=CC=CC=CC=CC=CC=CC=CC=CC=CC3=CCCCC3,0,34,0.0,0.004692185716710667,3.5315601825789646,0.21646778956224189,57.615580352157025,1.0,1.0
murcko_framework,N1=C[N]C2=C1CCN(CNc3ccccc3)C2c4ccccc4,0,40,0.0,0.005520218490247844,3.0083411700473524,0.18494277520581456,48.93468579851472,1.0,1.0
murcko_framework,O1c2cccc(OCCNCOCc3ccccc3)c2C=CC1,0,51,0.0,0.007038278575066001,2.365746945918722,0.1459677487671136,38.34243289627761,1.0,1.0
murcko_framework,o1c2ccccc2cc1Cc3ccccc3,0,69,0.0,0.009522376895677531,1.7529919565272618,0.10853642524166467,28.312898575819585,1.0,1.0
murcko_framework,c1ccc(cc1)C2CCC(c3ccccc3)CC2,0,34,0.0,0.004692185716710667,3.5315601825789646,0.21646778956224189,57.615580352157025,1.0,1.0
murcko_framework,O1CC=CC2=CC3=C(CCC2C1)C4CCC(CC5OCC=CC5)C4CC3,0,33,0.0,0.004554180254454471,3.6369849089845876,0.22279718329341747,59.370854840481435,1.0,1.0
murcko_framework,C1=C2CCCCC2C3CCC4C(CCC4C3C1)CC5NCCCC5,0,49,0.0,0.006762267650553609,2.46133947512794,0.15178372761905926,39.91331684136583,1.0,1.0
murcko_framework,O1c2ccccc2C(COC3OCCCC3)C1c4ccccc4,0,48,0.0,0.006624262188297413,2.5120922097080918,0.15486902514913442,40.748027334705235,1.0,1.0
murcko_framework,c1ccc2c(c1)CC3C4=C(CCCC4)CCC3C2,0,50,0.0,0.006900273112809805,2.4125967498380914,0.14881894394266065,39.1121111541551,1.0,1.0
murcko_framework,O1c2ccc(cc2OC1)C3CC4CCCC3C4,0,55,0.0,0.007590300424090785,2.195230542464442,0.13557759518745932,35.54449485481419,1.0,1.0
murcko_framework,o1ccc(c1)C2OCC3CCC4CCCCC4C3C2,0,41,0.0,0.0056582239525040405,2.935846969515864,0.18056004511200668,47.735906485118264,1.0,1.0
murcko_framework,O(c1ccc2OCC(=Cc2c1)c3ccccc3)Cc4ccccc4,0,54,0.0,0.007452294961834589,2.235513087317173,0.13803396711316637,36.204992641189335,1.0,1.0
murcko_framework,n1cccc(c1)CN2CC3N(CCC3)C4(C2)CN(Cc5ccccc5)C4,0,30,0.0,0.004140163867685883,3.9947376690823586,0.24421917283070577,65.3426545500901,1.0,1.0
murcko_framework,O1CC=C2CC3C(=CCCC3)CC12,0,32,0.0,0.004416174792198275,3.7488973108613264,0.2295077850906168,61.23640225029506,1.0,1.0
murcko_framework,O1CC2=C(C1)C3CC3CCCC2,0,35,0.0,0.004830191178966863,3.4320748773792915,0.21048802227061886,55.96108432618532,1.0,1.0
murcko_framework,O1CC=CCC1CCc2ccccc2,0,52,0.0,0.007176284037322197,2.3206818964343765,0.14322373735831748,37.60245727260023,1.0,1.0
murcko_framework,N1CC2N(CCC2)C3(C1)CNC3,0,81,0.0,0.011178442442751884,1.49485795281634,0.09268958053727773,24.10843037745274,1.0,1.0
murcko_framework,O1C2C=CC13C(N(Cc4sccc4)CC3C2CNc5ccccc5)CNC6CCCCC6,0,68,0.0,0.009384371433421334,1.7785855347540747,0.1101050821593759,28.730431351547423,1.0,1.0
murcko_framework,O(c1ccc2C=CCOc2c1)CC3CCCCC3,0,42,0.0,0.0057962294147602365,2.866764260774093,0.1763801992734908,46.594444051559776,1.0,1.0
murcko_framework,N1CCC2CCCC12,0,31,0.0,0.004278169329942079,3.867915262063572,0.2366350976839967,63.222947994312236,1.0,1.0
murcko_framework,O1c2ccc3c(OCCC3)c2C=CC1,0,30,0.0,0.004140163867685883,3.9947376690823586,0.24421917283070577,65.3426545500901,1.0,1.0
murcko_framework,N=1c2ccccc2SC(c3ccccc3)CC1C4=CC=COC4,0,30,0.0,0.004140163867685883,3.9947376690823586,0.24421917283070577,65.3426545500901,1.0,1.0
murcko_framework,C1=C2CCC3CCCCC3CC(C2)CC1,0,200,0.0,0.02760109245123922,0.6075357260120255,0.037860776969929996,9.74886645020802,1.0,1.0
murcko_framework,O1c2ccccc2C3CCC1C3,0,40,0.0,0.005520218490247844,3.0083411700473524,0.18494277520581456,48.93468579851472,1.0,1.0
murcko_framework,O1c2ccc(cc2OC1)CN3CC4C(NC5(c6ccccc6NC5)C4C3)Cc7ccccc7,0,41,0.0,0.0056582239525040405,2.935846969515864,0.18056004511200668,47.735906485118264,1.0,1.0
murcko_framework,c1ccc2c(c1)ccn2CCNc3cccc4[nH]ccc43,0,30,0.0,0.004140163867685883,3.9947376690823586,0.24421917283070577,65.3426545500901,1.0,1.0
murcko_framework,N1=CCCN2c3ccccc3CC12C=Cc4ccccc4,0,49,0.0,0.006762267650553609,2.46133947512794,0.15178372761905926,39.91331684136583,1.0,1.0
murcko_framework,c1ccc(cc1)C2CN3c4ccccc4C=CC3C52Cc6ccccc6C5,0,66,0.0,0.009108360508908942,1.8320818862356834,0.11338245518825726,29.60355755482463,1.0,1.0
murcko_framework,c1ccc2c(c1)CN3CCC42C=CCCC34,0,32,0.0,0.004416174792198275,3.7488973108613264,0.2295077850906168,61.23640225029506,1.0,1.0
murcko_framework,n1cccc2c1CCCCOC3CCC4CCC5CC4(OC5COC2)C3,0,53,0.0,0.007314289499578393,2.2773015216971095,0.1405809775837492,36.8904976324725,1.0,1.0
murcko_framework,o1cc2c(c1)Cc3ccccc3C2,0,37,0.0,0.005106202103479255,3.249021915811894,0.19946756836778803,52.921602723717264,1.0,1.0
murcko_framework,c1ccc(cc1)CCNCCNC2=CC=C3c4ccccc4CCCC3=CC2,0,37,0.0,0.005106202103479255,3.249021915811894,0.19946756836778803,52.921602723717264,1.0,1.0
murcko_framework,c1ccc2c(c1)CCC3CCCCC3C2,0,39,0.0,0.005382213027991648,3.084505963010815,0.1895435270182853,50.195209435621834,1.0,1.0
murcko_framework,O1CCC23CCC4OCC5(OC12)C6CCOC6CC453,0,116,0.0,0.016008633621718747,1.0457084792635376,0.06500518599565533,16.82183054866955,1.0,1.0
murcko_framework,n1cc(cn1-c2ccccc2)C3C=CCC3,0,62,0.0,0.008556338659884158,1.9493458886833697,0.120559487313188,31.519289592326263,1.0,1.0
murcko_framework,o1ccc(c1)CCC2CCCC34C(=CCCC23)COC4,0,54,0.0,0.007452294961834589,2.235513087317173,0.13803396711316637,36.204992641189335,1.0,1.0
murcko_framework,N1=C[N]C2=C1CCNC2c3ccccc3,0,68,0.0,0.009384371433421334,1.7785855347540747,0.1101050821593759,28.730431351547423,1.0,1.0
murcko_framework,c1ccc2c(c1)CC=C3C2CCC4C3CCC5CCCCC54,0,53,0.0,0.007314289499578393,2.2773015216971095,0.1405809775837492,36.8904976324725,1.0,1.0
murcko_framework,N1=CNCC2=C1c3ccccc3CC24CCCCC4,0,42,0.0,0.0057962294147602365,2.866764260774093,0.1763801992734908,46.594444051559776,1.0,1.0
murcko_framework,O1c2ccccc2OC(c3ccccc3)C1,0,119,0.0,0.016422650008487336,1.0194521621604509,0.06338243727212271,16.397013994138756,1.0,1.0
murcko_framework,O1c2ccccc2CC13C=CCCC3,0,40,0.0,0.005520218490247844,3.0083411700473524,0.18494277520581456,48.93468579851472,1.0,1.0
murcko_framework,c1ccc(cc1)C2C=CNC=C2,0,84,0.0,0.011592458829520473,1.4417801029408692,0.0894253629735279,23.24541714023054,1.0,1.0
murcko_framework,c1ccc2c(c1)NC3N4CCNCC4CC23,0,32,0.0,0.004416174792198275,3.7488973108613264,0.2295077850906168,61.23640225029506,1.0,1.0
murcko_framework,C1=CC2CC3CCCC3(C1)C2,3,96,0.10090817356205853,0.013248524376594826,7.623242845117845,2.4145336283710614,24.068346281367095,0.007987513851549105,0.46416330492890917
murcko_framework,O1C=CC2=CCC(OCc3ccccc3)CC2C1,0,30,0.0,0.004140163867685883,3.9947376690823586,0.24421917283070577,65.3426545500901,1.0,1.0
murcko_framework,O1CCCCC1OC2COC(OC3COC4OC5CCCOC5OCCCCCCCCCCCOC4C3)CC2OC6OCCCC6,0,71,0.0,0.009798387820189923,1.7039525129318303,0.10552947147400055,27.513206744734116,1.0,1.0
murcko_framework,O1C2CC3C4CCC5CCCCC5C4CCC3C2CC16NCCCC6,0,57,0.0,0.007866311348603178,2.1188688487436123,0.13091807998588428,34.293240465030934,1.0,1.0
murcko_framework,C1#CC(CC2C3C(=CCC2CCCCC4C(C1)CC5C6=CCC7CCCCC7C6CCC54)CCCC3)C8COCC8c9cc[nH]c9,0,38,0.0,0.005244207565735451,3.164627368595756,0.1943789821515663,51.52237279571842,1.0,1.0
murcko_framework,c1ccc2c(c1)[nH]c3c2CCN4CCCC(C4)CC3c5ccc6NC7CCC8C=CCN9CCC7(c6c5)C98,0,52,0.0,0.007176284037322197,2.3206818964343765,0.14322373735831748,37.60245727260023,1.0,1.0
murcko_framework,N1=C([N]c2ccccc12)c3ccc[nH]3,0,36,0.0,0.004968196641223059,3.338040821779601,0.20482969417506067,54.398931623380356,1.0,1.0
murcko_framework,O(c1ccc2c(OCC=C2C3=Cc4ccccc4OC3)c1)Cc5ccccc5,0,46,0.0,0.006348251263785021,2.620146418814221,0.1614317970913098,42.52673500340135,1.0,1.0
murcko_framework,c1ccc(cc1)CNCCNCC2CCNCC2,0,71,0.0,0.009798387820189923,1.7039525129318303,0.10552947147400055,27.513206744734116,1.0,1.0
murcko_framework,O(CCc1ccc2c(c1)CCC2)C3OCCCC3,0,47,0.0,0.006486256726041217,2.564981901533723,0.15808233649692185,41.61838887878318,1.0,1.0
murcko_framework,o1ccc2cc3C=C(COc3cc12)CCNCCc4ccccc4,0,54,0.0,0.007452294961834589,2.235513087317173,0.13803396711316637,36.204992641189335,1.0,1.0
murcko_framework,c1ccc2c(c1)[nH]c3c2CCN4CC5CCCCC5CC34,0,90,0.0,0.01242049160305765,1.3461813236071487,0.08354119299592762,21.692342316885934,1.0,1.0
murcko_framework,O1CC=C(CNCc2ccccc2)C13CCNCC3,0,36,0.0,0.004968196641223059,3.338040821779601,0.20482969417506067,54.398931623380356,1.0,1.0
murcko_framework,n1c(sc2ccccc12)C3=COc4ccccc4C3,0,61,0.0,0.008418333197627963,1.9810453039791873,0.12249797770827836,32.03759416962826,1.0,1.0
murcko_framework,O1CC=CCC1CC2CCC3C2CCC4C5CC=CCC5CCC43,0,66,0.0,0.009108360508908942,1.8320818862356834,0.11338245518825726,29.60355755482463,1.0,1.0
murcko_framework,O1CCCC=CCCC1,0,30,0.0,0.004140163867685883,3.9947376690823586,0.24421917283070577,65.3426545500901,1.0,1.0
murcko_framework,N1=CCc2ccccc12,0,56,0.0,0.0077283058863469815,2.1563739284029575,0.13320710839678127,34.90766052247975,1.0,1.0
murcko_framework,O1c2ccc(cc2C=CC1)C3Oc4ccccc4CC3,0,58,0.0,0.008004316810859374,2.082645994029885,0.12870638226970604,33.70007189977272,1.0,1.0
murcko_framework,O1CC1CC2CCC3C4=CCC5CCCCC5C4CCC32,0,54,0.0,0.007452294961834589,2.235513087317173,0.13803396711316637,36.204992641189335,1.0,1.0
murcko_framework,O1CC(c2ccccc2)=C(C1)Cc3ccccc3,0,47,0.0,0.006486256726041217,2.564981901533723,0.15808233649692185,41.61838887878318,1.0,1.0
murcko_framework,O1C2=C(CC3COC2C3)CC4CCCC14,0,30,0.0,0.004140163867685883,3.9947376690823586,0.24421917283070577,65.3426545500901,1.0,1.0
murcko_framework,O1CCCCC1OCC23CCCCC3C4=CCC5C(CCC6CC(OC7OCCC(OC8OCCCC8OC9OCCCC9)C7)CCC65)C4CC2,0,32,0.0,0.004416174792198275,3.7488973108613264,0.2295077850906168,61.23640225029506,1.0,1.0
murcko_framework,O1C=C(c2ccccc2)Cc3cccc(c13)CN4CCNCC4,0,43,0.0,0.005934234877016433,2.800857768526196,0.17238946975498262,45.50628440741406,1.0,1.0
murcko_framework,O1C=CCC12OCC=C2,0,31,0.0,0.004278169329942079,3.867915262063572,0.2366350976839967,63.222947994312236,1.0,1.0
murcko_framework,O1CCC2CC=CC3CC=CC3C12,0,33,0.0,0.004554180254454471,3.6369849089845876,0.22279718329341747,59.370854840481435,1.0,1.0
murcko_framework,O1c2ccccc2CC3CCCCC13,0,42,0.0,0.0057962294147602365,2.866764260774093,0.1763801992734908,46.594444051559776,1.0,1.0
murcko_framework,O1CCCCC1OC2COC(OC3c4cc5c(cc4CCC3)Cc6ccccc6C5)CC2,0,52,0.0,0.007176284037322197,2.3206818964343765,0.14322373735831748,37.60245727260023,1.0,1.0
murcko_framework,O1c2ccc3ccc4ccccc4c3c2OC1,0,51,0.0,0.007038278575066001,2.365746945918722,0.1459677487671136,38.34243289627761,1.0,1.0
murcko_framework,C1=C(CC2CCCCC2C1)C3CCCC3,0,78,0.0,0.010764426055983297,1.5519927084147764,0.09620109164695093,25.0379837248861,1.0,1.0
murcko_framework,O(c1ccc(cc1)CCCc2ccccc2)C3OCCCC3,0,37,0.0,0.005106202103479255,3.249021915811894,0.19946756836778803,52.921602723717264,1.0,1.0
murcko_framework,c1ccc(cc1)CCNCCNCCNCCNCCNCCNCC2NCCC2,0,76,0.0,0.010488415131470903,1.5925720773147554,0.09869372105014385,25.698553002718498,1.0,1.0
murcko_framework,O(C=1Oc2ccccc2CC1)c3ccccc3,0,41,0.0,0.0056582239525040405,2.935846969515864,0.18056004511200668,47.735906485118264,1.0,1.0
murcko_framework,c1ccc(cc1)-c2cccc3c2CC4Cc5ccccc5CC4C3,0,30,0.0,0.004140163867685883,3.9947376690823586,0.24421917283070577,65.3426545500901,1.0,1.0
murcko_framework,O1CCCCC1C2c3ccccc3Cc4ccccc42,0,128,0.0,0.0176646991687931,0.9480390662263745,0.05896636167635099,15.242216842621291,1.0,1.0
murcko_framework,O1CCCCC12OC(CC=CC3OC4(OC5CCC(OC5CC4)CCCC6OC7(OCCCC7)CCC6)CC3)CC=C2,0,105,0.0,0.014490573536900591,1.1547572275479214,0.07173966642320233,18.587544674488303,1.0,1.0
murcko_framework,O1CCCC(OC2OCCCC2OC3OCCCC3)C1,0,61,0.0,0.008418333197627963,1.9810453039791873,0.12249797770827836,32.03759416962826,1.0,1.0
murcko_framework,c1ccc(cc1)CN2CCNCC2,0,30,0.0,0.004140163867685883,3.9947376690823586,0.24421917283070577,65.3426545500901,1.0,1.0
murcko_framework,C1=C2C(CC1)CCCC3CC23,1,33,0.03363605785401951,0.004554180254454471,7.387903258697337,1.0101299925957046,54.03375304164077,0.12996031254900733,1.0
murcko_framework,O1CCC2CC3C(CCCCCC12)CCCC43OC4,0,51,0.0,0.007038278575066001,2.365746945918722,0.1459677487671136,38.34243289627761,1.0,1.0
murcko_framework,O1CCCCC1OCCCCC2CCC3C2CCC4C5CCCCC5CCC34,0,67,0.0,0.009246365971165139,1.8049374412246448,0.11171974094470334,29.160461160996103,1.0,1.0
murcko_framework,O1C=CCCC1OC2CCCC(OC3OCCCC3)C2,0,39,0.0,0.005382213027991648,3.084505963010815,0.1895435270182853,50.195209435621834,1.0,1.0
murcko_framework,O1c2ccccc2C(=CC1)CN3CCN(Cc4ccccc4)CC3,0,30,0.0,0.004140163867685883,3.9947376690823586,0.24421917283070577,65.3426545500901,1.0,1.0
murcko_framework,O1CCNCC(NCCNCCNCCNCCNCCC1)Cc2ccccc2,0,34,0.0,0.004692185716710667,3.5315601825789646,0.21646778956224189,57.615580352157025,1.0,1.0
murcko_framework,O1C(=CCC=C1Cc2ccccc2)CSc3ccccc3,0,31,0.0,0.004278169329942079,3.867915262063572,0.2366350976839967,63.222947994312236,1.0,1.0
murcko_framework,O1c2ccccc2CC13CCCC4CCCCC43,0,51,0.0,0.007038278575066001,2.365746945918722,0.1459677487671136,38.34243289627761,1.0,1.0
murcko_framework,n1ccn(c1)C2OCCC2,0,47,0.0,0.006486256726041217,2.564981901533723,0.15808233649692185,41.61838887878318,1.0,1.0
murcko_framework,O1CC2CCCC3(COCC45CCC(CCC43)C5)C2C1,0,49,0.0,0.006762267650553609,2.46133947512794,0.15178372761905926,39.91331684136583,1.0,1.0
murcko_framework,O1CC=C(C1)CCCCCCCC2OCCC2,0,46,0.0,0.006348251263785021,2.620146418814221,0.1614317970913098,42.52673500340135,1.0,1.0
murcko_framework,n1cocc1C=CCC2OC3(OCCC3)CCC2,0,80,0.0,0.011040436980495689,1.5134297056713182,0.09383125363968882,24.410517659752845,1.0,1.0
murcko_framework,O1CCCCC1C2CCC3C2CCC4C5CCCCC5CCC43,0,32,0.0,0.004416174792198275,3.7488973108613264,0.2295077850906168,61.23640225029506,1.0,1.0
murcko_framework,S1c2ccccc2Nc3ccccc13,0,42,0.0,0.0057962294147602365,2.866764260774093,0.1763801992734908,46.594444051559776,1.0,1.0
murcko_framework,N=1c2ccccc2C34C1C5N6CCC(C5)C(C3)C6C4,0,59,0.0,0.00814232227311557,2.0476407142645185,0.12656816179765026,33.12707109878833,1.0,1.0
murcko_framework,O1CCC=CCCCCC1,0,57,0.0,0.007866311348603178,2.1188688487436123,0.13091807998588428,34.293240465030934,1.0,1.0
murcko_framework,O1c2ccccc2C3CCC(c4ccccc4)C13c5ccccc5,0,66,0.0,0.009108360508908942,1.8320818862356834,0.11338245518825726,29.60355755482463,1.0,1.0
murcko_framework,O1CCCCC1OC2COC(OC3COC(OC4CC5=CCC6C(CCC7C8CC9(OCCCC9)OC8CC67)C5CC4)C(OC%10OCCCC%10)C3)CC2,0,46,0.0,0.006348251263785021,2.620146418814221,0.1614317970913098,42.52673500340135,1.0,1.0
murcko_framework,C1=CC2(CC1)CCCCC2,0,33,0.0,0.004554180254454471,3.6369849089845876,0.22279718329341747,59.370854840481435,1.0,1.0
murcko_framework,O1CCC2CCCC2C1,0,117,0.0,0.016146639083974942,1.0368074015505762,0.06445511695002257,16.67780059639906,1.0,1.0
murcko_framework,O1CCC2(C1)CCCCC2,0,32,0.0,0.004416174792198275,3.7488973108613264,0.2295077850906168,61.23640225029506,1.0,1.0
murcko_framework,N(c1ccccc1)=C2C=C(C=Cc3cocc23)c4ccccc4,0,69,0.0,0.009522376895677531,1.7529919565272618,0.10853642524166467,28.312898575819585,1.0,1.0
murcko_framework,O1CC=CC=CC=CC=CC=CCCCCCCCCCCCCCCCCC=CCC1,0,32,0.0,0.004416174792198275,3.7488973108613264,0.2295077850906168,61.23640225029506,1.0,1.0
murcko_framework,O1CCC2CCC3OC(C=C3)C=CC12,0,39,0.0,0.005382213027991648,3.084505963010815,0.1895435270182853,50.195209435621834,1.0,1.0
murcko_framework,O(CCC(NCc1ccccc1)c2ccccc2)C3C=C4CCC5CCC6OCC6C5C(OCc7ccccc7)C(C4)C3,0,47,0.0,0.006486256726041217,2.564981901533723,0.15808233649692185,41.61838887878318,1.0,1.0
murcko_framework,N1=C(OCC1=Cc2ccccc2)c3ccccc3,0,53,0.0,0.007314289499578393,2.2773015216971095,0.1405809775837492,36.8904976324725,1.0,1.0
murcko_framework,O(c1ccc(cc1)C2Oc3ccccc3C2)C4OCCCC4,0,99,0.0,0.013662540763363413,1.2244009690287658,0.07603626007927378,19.716352847912173,1.0,1.0
murcko_framework,c1ccc(cc1)C=CCNc2ccccc2,0,122,0.0,0.016836666395255925,0.9944818687522091,0.061838720586447474,15.993121751190193,1.0,1.0
murcko_framework,S1c2ccc(cc2NCC1=Cc3ccccc3)CNCCc4ccccc4,0,31,0.0,0.004278169329942079,3.867915262063572,0.2366350976839967,63.222947994312236,1.0,1.0
murcko_framework,O1CC=CC=CCC(OC2OCCCC2)C=CC=CCCCCC=CC=CCCCC1,0,34,0.0,0.004692185716710667,3.5315601825789646,0.21646778956224189,57.615580352157025,1.0,1.0
murcko_framework,O1CCCCC1OC2COC(OC3CC4=CCC5C(CCC6C7CC8(OC7CC56)NCCCC8)C4CC3)C(OC9OCCCC9)C2,0,32,0.0,0.004416174792198275,3.7488973108613264,0.2295077850906168,61.23640225029506,1.0,1.0
murcko_framework,O1CC2CC1CC3C2C4OC4C53OC5,0,30,0.0,0.004140163867685883,3.9947376690823586,0.24421917283070577,65.3426545500901,1.0,1.0
murcko_framework,c1ccc(cc1)N2CC3C4N(CCC4)C5(c6ccccc6NC5)C3C2,0,73,0.0,0.010074398744702315,1.6575818825932929,0.10268461890982612,26.757441637041534,1.0,1.0
murcko_framework,N1=CC(Cc2ccccc2)(CN(c3ccccc3)C1)CN4CC5C6=CC=CCN6CC(C4)C5,0,47,0.0,0.006486256726041217,2.564981901533723,0.15808233649692185,41.61838887878318,1.0,1.0
murcko_framework,O1CCC2C1CC3C4=CCC5CCCCC5C4CCC32,0,50,0.0,0.006900273112809805,2.4125967498380914,0.14881894394266065,39.1121111541551,1.0,1.0
murcko_framework,C1=CC=CCCCCC=CCCC=CCCCC=CCc2cccc3c2CC=C(NCC=C1)C3,0,73,0.0,0.010074398744702315,1.6575818825932929,0.10268461890982612,26.757441637041534,1.0,1.0
murcko_framework,C1=CCCCCC=CC1,0,44,0.0,0.006072240339272629,2.7379133658175303,0.16857530670648754,44.46777968361716,1.0,1.0
murcko_framework,O1OC23C=CC14C(=CCC5CCCC54)C3CCCC2,0,43,0.0,0.005934234877016433,2.800857768526196,0.17238946975498262,45.50628440741406,1.0,1.0
murcko_framework,O(Cc1ccccc1)CC2COC(OC3CCCOC3Oc4ccccc4)C2,0,41,0.0,0.0056582239525040405,2.935846969515864,0.18056004511200668,47.735906485118264,1.0,1.0
murcko_framework,O1CCCC(OC2OCC(OC3OCCC(OC4OCCCC4)C3)C(OC5OC(CCOC6OCCCC6)CCC5)C2)C1,0,31,0.0,0.004278169329942079,3.867915262063572,0.2366350976839967,63.222947994312236,1.0,1.0
murcko_framework,O1c2ccccc2NC1,0,41,0.0,0.0056582239525040405,2.935846969515864,0.18056004511200668,47.735906485118264,1.0,1.0
murcko_framework,O1CC=CC=CCOC2CC3OC4C=CCCC4(COCC=CCC1)C2C53OC5,0,102,0.0,0.014076557150132002,1.188559921583746,0.07382551120534558,19.135318728316115,1.0,1.0
murcko_framework,O1C2CCC=CC=CCCC=CCCC12,0,78,0.0,0.010764426055983297,1.5519927084147764,0.09620109164695093,25.0379837248861,1.0,1.0
murcko_framework,O1c2ccccc2NCC3N(Cc4ccccc4)CC1C3,0,39,0.0,0.005382213027991648,3.084505963010815,0.1895435270182853,50.195209435621834,1.0,1.0
murcko_framework,C1=CC2(CCC1)CCCC2,2,103,0.06727211570803902,0.014214562612388197,4.735132167587651,1.1679514277786038,19.197268063765343,0.06916561769068448,1.0
murcko_framework,o1ccc(c1)C2OCCC3=C4CC5CC6CC(C4CCC32)C5C6,0,35,0.0,0.004830191178966863,3.4320748773792915,0.21048802227061886,55.96108432618532,1.0,1.0
murcko_framework,O1CC=C2CC3CC4CC4C3C5CC6=C7C(CCCC7C125)C8CC68,0,55,0.0,0.007590300424090785,2.195230542464442,0.13557759518745932,35.54449485481419,1.0,1.0
murcko_framework,n1nc(oc1-c2ccccc2)C3CN(Cc4ccccc4)CC3,0,57,0.0,0.007866311348603178,2.1188688487436123,0.13091807998588428,34.293240465030934,1.0,1.0
murcko_framework,O(CCC1OCCC1)CCC2OCCC2,0,50,0.0,0.006900273112809805,2.4125967498380914,0.14881894394266065,39.1121111541551,1.0,1.0
murcko_framework,n1cccn1C2CCC3OC2OC3,0,36,0.0,0.004968196641223059,3.338040821779601,0.20482969417506067,54.398931623380356,1.0,1.0
murcko_framework,N1=CNCC=2N=C([N]C12)SCCNc3ccccc3,0,49,0.0,0.006762267650553609,2.46133947512794,0.15178372761905926,39.91331684136583,1.0,1.0
murcko_framework,O(c1ccccc1)C2OCCCC2OC3OCCC3,0,50,0.0,0.006900273112809805,2.4125967498380914,0.14881894394266065,39.1121111541551,1.0,1.0
murcko_framework,O1C2CC3C(CCC4C5CCCCC5CC43)C6CCCCC126,0,30,0.0,0.004140163867685883,3.9947376690823586,0.24421917283070577,65.3426545500901,1.0,1.0
murcko_framework,O1CCCCC1OC2CCOC(OC3CC4=CCC5C(CCC6C7CC8(OC7CC56)NCCCC8)C4CC3)C2OC9OCCCC9,0,40,0.0,0.005520218490247844,3.0083411700473524,0.18494277520581456,48.93468579851472,1.0,1.0
murcko_framework,O1c2ccccc2CC1=Cc3ccc4OCOc4c3,0,67,0.0,0.009246365971165139,1.8049374412246448,0.11171974094470334,29.160461160996103,1.0,1.0
murcko_framework,O1CC2C(CC3OCC4CCCC2(C1)C34)C56OC6C7CC5OC8OC=CC87,0,51,0.0,0.007038278575066001,2.365746945918722,0.1459677487671136,38.34243289627761,1.0,1.0
murcko_framework,N1=C([N]c2ccccc12)CC3C=CCCC3,0,54,0.0,0.007452294961834589,2.235513087317173,0.13803396711316637,36.204992641189335,1.0,1.0
murcko_framework,O(CC=Cc1ccccc1)CC2CCCC3CCCCC23,0,36,0.0,0.004968196641223059,3.338040821779601,0.20482969417506067,54.398931623380356,1.0,1.0
murcko_framework,C1=CCC2N1CCC2,0,33,0.0,0.004554180254454471,3.6369849089845876,0.22279718329341747,59.370854840481435,1.0,1.0
murcko_framework,O1c2cc(OC3OCCCC3)ccc2CC(OC4OC(COC5OCCCC5)C(OCC=Cc6ccccc6)CC4)=C1c7ccccc7,0,30,0.0,0.004140163867685883,3.9947376690823586,0.24421917283070577,65.3426545500901,1.0,1.0
murcko_framework,O1CC=CCCOCCCOCC=CCC1,0,44,0.0,0.006072240339272629,2.7379133658175303,0.16857530670648754,44.46777968361716,1.0,1.0
murcko_framework,O1CC=CCC=CCC=CCCCC1,0,45,0.0,0.006210245801528825,2.6777357500411143,0.16492624657996455,43.47560740474222,1.0,1.0
murcko_framework,c1cc2cc(c1)CCCCCCC=CCCCCC=CCN2,0,43,0.0,0.005934234877016433,2.800857768526196,0.17238946975498262,45.50628440741406,1.0,1.0
murcko_framework,O1C2=C(CC1)CCCC2,0,36,0.0,0.004968196641223059,3.338040821779601,0.20482969417506067,54.398931623380356,1.0,1.0
murcko_framework,O(c1ccc(cc1)CC=Cc2ccccc2)C3OCCCC3,0,115,0.0,0.015870628159462552,1.0547636881923077,0.06556472292137619,16.968369396804402,1.0,1.0
murcko_framework,O1CCCCC1OC2COC(OC3C=CCC4OC5(OCCCC5)CC(OCC6C=CCC7OCC(=CC=CC3)C76)C4)CC2,0,58,0.0,0.008004316810859374,2.082645994029885,0.12870638226970604,33.70007189977272,1.0,1.0
murcko_framework,O(c1cc2c(cc1Cc3ccccc3)Cc4cccc(C=Cc5ccccc5)c4C2)C6OCCCC6,0,69,0.0,0.009522376895677531,1.7529919565272618,0.10853642524166467,28.312898575819585,1.0,1.0
murcko_framework,O1CC=C2CCC=CCCC3OC3C12,0,35,0.0,0.004830191178966863,3.4320748773792915,0.21048802227061886,55.96108432618532,1.0,1.0
murcko_framework,O1c2cccc(C=CCOCCc3ccccc3)c2C(COCCc4ccccc4)C1c5ccccc5,0,39,0.0,0.005382213027991648,3.084505963010815,0.1895435270182853,50.195209435621834,1.0,1.0
murcko_framework,C1CC2CCC3C4CCCC4CCC3C2C1,0,44,0.0,0.006072240339272629,2.7379133658175303,0.16857530670648754,44.46777968361716,1.0,1.0
murcko_framework,O1CCCC(OCC=Cc2ccccc2)C1,0,53,0.0,0.007314289499578393,2.2773015216971095,0.1405809775837492,36.8904976324725,1.0,1.0
murcko_framework,C1=CCC(=CC1)CC2CCCC3CCCCC23,0,88,0.0,0.012144480678545257,1.3766073004572406,0.08541462649948736,22.186453741427353,1.0,1.0
murcko_framework,O(CC=Cc1ccccc1)CC2OC(OC3OCCC3OCC=Cc4ccccc4)CCC2,0,52,0.0,0.007176284037322197,2.3206818964343765,0.14322373735831748,37.60245727260023,1.0,1.0
murcko_framework,C=1C=CCCC=CCCCCCCc2cccc(c2)NCC1,0,33,0.0,0.004554180254454471,3.6369849089845876,0.22279718329341747,59.370854840481435,1.0,1.0
murcko_framework,O1C2CCCCC12C=CC=CC=CC=CC=CC=CC=CC=CC=CC34OC4CCCC3,0,36,0.0,0.004968196641223059,3.338040821779601,0.20482969417506067,54.398931623380356,1.0,1.0
murcko_framework,O(Cc1ccccc1)C2CCC3CCC=CCCCCCCC23,0,52,0.0,0.007176284037322197,2.3206818964343765,0.14322373735831748,37.60245727260023,1.0,1.0
murcko_framework,O(CC1=CC2OCCC2CCC=CCC1)C3OCCCC3,0,35,0.0,0.004830191178966863,3.4320748773792915,0.21048802227061886,55.96108432618532,1.0,1.0
murcko_framework,O1CCCCC1OC2COC(OC3COC(OC4COC(OC5COC(OC6CC7=CCC8C9CCCC9C(OCC=Cc%10ccccc%10)CC8C7CC6)CC5)CC4)CC3)CC2,0,48,0.0,0.006624262188297413,2.5120922097080918,0.15486902514913442,40.748027334705235,1.0,1.0
murcko_framework,O1CCCCC1OC2CCCOC2OC3CCCOC3OC4CCC5C(CCC6C5C=CC78OCC9(CCCCC79)CCC68)C4,0,41,0.0,0.0056582239525040405,2.935846969515864,0.18056004511200668,47.735906485118264,1.0,1.0
murcko_framework,N=1OC2(C=CC=CC2)CC1CNCCCOc3ccccc3,0,41,0.0,0.0056582239525040405,2.935846969515864,0.18056004511200668,47.735906485118264,1.0,1.0
murcko_framework,O1CCCC1c2ccccc2,0,82,0.0,0.011316447905008081,1.4767364242729972,0.09157535195948578,23.813727385283677,1.0,1.0
murcko_framework,O1Cc2ccccc2CCCCCCCC1,0,42,0.0,0.0057962294147602365,2.866764260774093,0.1763801992734908,46.594444051559776,1.0,1.0
murcko_framework,O1CCC(C1)C2CC=C3C2CCC4C3CCC5CCCCC54,0,69,0.0,0.009522376895677531,1.7529919565272618,0.10853642524166467,28.312898575819585,1.0,1.0
murcko_framework,O1CC=C2C3CCCC4COC(C5OC25C1)C34,0,35,0.0,0.004830191178966863,3.4320748773792915,0.21048802227061886,55.96108432618532,1.0,1.0
murcko_framework,O1CC=CC1c2ccccc2,0,35,0.0,0.004830191178966863,3.4320748773792915,0.21048802227061886,55.96108432618532,1.0,1.0
murcko_framework,O1c2ccccc2Cc3c1ccc4OCC=Cc43,0,33,0.0,0.004554180254454471,3.6369849089845876,0.22279718329341747,59.370854840481435,1.0,1.0
murcko_framework,O1c2ccccc2CC=3OCc4ccccc4C13,0,39,0.0,0.005382213027991648,3.084505963010815,0.1895435270182853,50.195209435621834,1.0,1.0
murcko_framework,O1CCC2CC(OC12)C3CCCC4C3CCCC54OC5,0,128,0.0,0.0176646991687931,0.9480390662263745,0.05896636167635099,15.242216842621291,1.0,1.0
murcko_framework,O1c2ccc(cc2)CCCCCCCc3cccc1c3,0,34,0.0,0.004692185716710667,3.5315601825789646,0.21646778956224189,57.615580352157025,1.0,1.0
murcko_framework,O1c2ccc3C=CCOc3c2CC1,0,111,0.0,0.015318606310437768,1.0926087766300376,0.06790261254010821,17.58097213216717,1.0,1.0
murcko_framework,C1=CCCC=CC2CC2CCC=CCC1,0,45,0.0,0.006210245801528825,2.6777357500411143,0.16492624657996455,43.47560740474222,1.0,1.0
murcko_framework,N(=Nc1cccc2ccccc12)c3ccccc3,0,30,0.0,0.004140163867685883,3.9947376690823586,0.24421917283070577,65.3426545500901,1.0,1.0
murcko_framework,N1CCCNCCCNCCCCNCCC1,0,41,0.0,0.0056582239525040405,2.935846969515864,0.18056004511200668,47.735906485118264,1.0,1.0
murcko_framework,O1CC23c4ccccc4CC1C3CCCC2,0,71,0.0,0.009798387820189923,1.7039525129318303,0.10552947147400055,27.513206744734116,1.0,1.0
murcko_framework,c1ccc2c(c1)NC3=CCC4CCCN5CCC32C54,0,67,0.0,0.009246365971165139,1.8049374412246448,0.11171974094470334,29.160461160996103,1.0,1.0
murcko_framework,c1ccc(cc1)-c2cccc3ccccc32,0,32,0.0,0.004416174792198275,3.7488973108613264,0.2295077850906168,61.23640225029506,1.0,1.0
murcko_framework,O1C2OC3C4CCC5C62CCCCC6CC1C35CC4,0,54,0.0,0.007452294961834589,2.235513087317173,0.13803396711316637,36.204992641189335,1.0,1.0
murcko_framework,O1CCC23CCCN4CCC5(c6ccccc6NC5CC2)C143,0,32,0.0,0.004416174792198275,3.7488973108613264,0.2295077850906168,61.23640225029506,1.0,1.0
murcko_framework,N=1OC2(OC=CC=CC2)CC1CNCCCOc3ccccc3,0,50,0.0,0.006900273112809805,2.4125967498380914,0.14881894394266065,39.1121111541551,1.0,1.0
murcko_framework,O1CC23CCCCC2C14C5OC5C6C7CCCCC7CCC6C4CC3,0,33,0.0,0.004554180254454471,3.6369849089845876,0.22279718329341747,59.370854840481435,1.0,1.0
murcko_framework,O1c2ccccc2Cc3ccc4OC(c5ccccc5)COc4c13,0,40,0.0,0.005520218490247844,3.0083411700473524,0.18494277520581456,48.93468579851472,1.0,1.0
murcko_framework,O1CC=C(C1)CCCCCCCCCC2OC(CCCCC3OCCC3)CC2,0,55,0.0,0.007590300424090785,2.195230542464442,0.13557759518745932,35.54449485481419,1.0,1.0
murcko_framework,O(CNc1ccccc1)C2COC3C2OCC3NCNc4ccccc4,0,57,0.0,0.007866311348603178,2.1188688487436123,0.13091807998588428,34.293240465030934,1.0,1.0
murcko_framework,c1ccc2c(c1)C=CNC2,0,47,0.0,0.006486256726041217,2.564981901533723,0.15808233649692185,41.61838887878318,1.0,1.0
murcko_framework,N(=CC1=CN(c2ccccc2)c3ccccc3C1)c4ccccc4,0,34,0.0,0.004692185716710667,3.5315601825789646,0.21646778956224189,57.615580352157025,1.0,1.0
murcko_framework,o1cccc1CCCCCCCCCCCOCCOCCCCCCCCCCCc2occc2,0,48,0.0,0.006624262188297413,2.5120922097080918,0.15486902514913442,40.748027334705235,1.0,1.0
murcko_framework,c1ccc(cc1)CCN2CC3C4=CC=CCN4CC(C2)C3,0,30,0.0,0.004140163867685883,3.9947376690823586,0.24421917283070577,65.3426545500901,1.0,1.0
murcko_framework,c1ccc(cc1)CCNCCc2ccccc2,0,72,0.0,0.009936393282446119,1.680447400311951,0.10408761295968512,27.130062693520873,1.0,1.0
murcko_framework,O(CNCCc1ccccc1)Cc2ccccc2,0,35,0.0,0.004830191178966863,3.4320748773792915,0.21048802227061886,55.96108432618532,1.0,1.0
murcko_framework,c1ccc(cc1)CN2CC3C4c5ccccc5C(c6ccccc64)C3C2,0,40,0.0,0.005520218490247844,3.0083411700473524,0.18494277520581456,48.93468579851472,1.0,1.0
murcko_framework,N=1c2ccccc2CN3C1CCCCC3,0,45,0.0,0.006210245801528825,2.6777357500411143,0.16492624657996455,43.47560740474222,1.0,1.0
murcko_framework,S1CNCC1,1,45,0.03363605785401951,0.006210245801528825,5.417705996710034,0.7465619563337287,39.31560939822,0.17167792848879643,1.0
murcko_framework,O1C=CCc2cc3c(OCC3)cc12,0,56,0.0,0.0077283058863469815,2.1563739284029575,0.13320710839678127,34.90766052247975,1.0,1.0
murcko_framework,O1CCCCCC1,2,48,0.06727211570803902,0.006624262188297413,10.161575788174577,2.468652629423156,41.82752213418692,0.0179576326000467,0.8860228160211722
murcko_framework,O1c2ccccc2CC=C1c3cccc(c3)-c4cccc5c4OC(=CC5)c6ccccc6,0,50,0.0,0.006900273112809805,2.4125967498380914,0.14881894394266065,39.1121111541551,1.0,1.0
murcko_framework,C1CC2C3CCCC2C3C1,0,34,0.0,0.004692185716710667,3.5315601825789646,0.21646778956224189,57.615580352157025,1.0,1.0
murcko_framework,O1CCCCC1OCCCCC2OC3CC4C5CC=C6CC(OC7OCCC(OC8OCCCC8)C7OC9OCCCC9)CCC6C5CCC4C3C2,0,41,0.0,0.0056582239525040405,2.935846969515864,0.18056004511200668,47.735906485118264,1.0,1.0
murcko_framework,O1c2ccccc2C3C=CCCC3C1,0,36,0.0,0.004968196641223059,3.338040821779601,0.20482969417506067,54.398931623380356,1.0,1.0
murcko_framework,c1ccc(cc1)C2C=CNC3=C2CCCC3,0,42,0.0,0.0057962294147602365,2.866764260774093,0.1763801992734908,46.594444051559776,1.0,1.0
murcko_framework,O1C(=CCc2ccc3OCC=Cc3c12)c4ccccc4,0,55,0.0,0.007590300424090785,2.195230542464442,0.13557759518745932,35.54449485481419,1.0,1.0
murcko_framework,O1C2C=CC13C(N(CC3C2CNc4ccccc4)C5CCCCCC5)CNC6CCCCC6,0,36,0.0,0.004968196641223059,3.338040821779601,0.20482969417506067,54.398931623380356,1.0,1.0
murcko_framework,O1c2ccc3c(c2OC1)CC4(NCCc5ccccc54)C3,0,44,0.0,0.006072240339272629,2.7379133658175303,0.16857530670648754,44.46777968361716,1.0,1.0
murcko_framework,C(CCC1CCC2C1CCC3C4CCCCC4CCC23)CC5CC5,0,52,0.0,0.007176284037322197,2.3206818964343765,0.14322373735831748,37.60245727260023,1.0,1.0
murcko_framework,O1CC=C(C1)CCCCCCCCCC2OCCC2,0,66,0.0,0.009108360508908942,1.8320818862356834,0.11338245518825726,29.60355755482463,1.0,1.0
murcko_framework,o1ccc(c1)C2OCC=C3C2CCC4C5C=CCCC5CCC34,0,40,0.0,0.005520218490247844,3.0083411700473524,0.18494277520581456,48.93468579851472,1.0,1.0
murcko_framework,c1ccc2cc3ccccc3cc2c1,0,54,0.0,0.007452294961834589,2.235513087317173,0.13803396711316637,36.204992641189335,1.0,1.0
murcko_framework,O1CCC2C=CCCC12,0,30,0.0,0.004140163867685883,3.9947376690823586,0.24421917283070577,65.3426545500901,1.0,1.0
murcko_framework,O1c2ccccc2C=C(C1)CCN3CCCCC3,0,55,0.0,0.007590300424090785,2.195230542464442,0.13557759518745932,35.54449485481419,1.0,1.0
murcko_framework,c1ccc2c(c1)C=CC3CCCCC23,0,57,0.0,0.007866311348603178,2.1188688487436123,0.13091807998588428,34.293240465030934,1.0,1.0
murcko_framework,c1ccc(cc1)C=CCNCCc2c[nH]c3ccccc32,0,35,0.0,0.004830191178966863,3.4320748773792915,0.21048802227061886,55.96108432618532,1.0,1.0
murcko_framework,o1ccc2cc3C=C(COc3cc12)CCNCc4ccccc4,0,30,0.0,0.004140163867685883,3.9947376690823586,0.24421917283070577,65.3426545500901,1.0,1.0
murcko_framework,n1occc1-c2ccccc2,0,94,0.0,0.012972513452082434,1.289192986014913,0.08003047803554361,20.76732010087335,1.0,1.0
murcko_framework,c1ccc2c(c1)[nH]c3c2CNCC3,0,58,0.0,0.008004316810859374,2.082645994029885,0.12870638226970604,33.70007189977272,1.0,1.0
murcko_framework,O1c2ccccc2Cc3cc(ccc13)C4OCCCC4,0,37,0.0,0.005106202103479255,3.249021915811894,0.19946756836778803,52.921602723717264,1.0,1.0
murcko_framework,O1c2cc(OCCN3CCCC3)ccc2CC1=Cc4ccccc4,0,31,0.0,0.004278169329942079,3.867915262063572,0.2366350976839967,63.222947994312236,1.0,1.0
murcko_framework,O1CC=CC12CCNCC2,0,35,0.0,0.004830191178966863,3.4320748773792915,0.21048802227061886,55.96108432618532,1.0,1.0
murcko_framework,O1c2ccccc2CC(OC3OCCCC3OC4OCCC4)=C1c5ccccc5,0,57,0.0,0.007866311348603178,2.1188688487436123,0.13091807998588428,34.293240465030934,1.0,1.0
murcko_framework,O1CC=C2CC3CCC=CC3CC12,0,45,0.0,0.006210245801528825,2.6777357500411143,0.16492624657996455,43.47560740474222,1.0,1.0
murcko_framework,c1ccc2c(c1)CNC3(C2)CCCCC3,0,40,0.0,0.005520218490247844,3.0083411700473524,0.18494277520581456,48.93468579851472,1.0,1.0
murcko_framework,O1c2cc(OCCNCOCc3ccccc3)ccc2C(=CC1)c4ccccc4,0,30,0.0,0.004140163867685883,3.9947376690823586,0.24421917283070577,65.3426545500901,1.0,1.0
murcko_framework,O1C=CC2C1CC3C4CC=C5CCCCC5C4CCC23,0,76,0.0,0.010488415131470903,1.5925720773147554,0.09869372105014385,25.698553002718498,1.0,1.0
murcko_framework,o1c2ccccc2c(c1-c3ccccc3)CNc4ccccc4,0,78,0.0,0.010764426055983297,1.5519927084147764,0.09620109164695093,25.0379837248861,1.0,1.0
murcko_framework,O1c2ccc(cc2OC1)C3Oc4ccccc4CC3,0,34,0.0,0.004692185716710667,3.5315601825789646,0.21646778956224189,57.615580352157025,1.0,1.0
murcko_framework,O1CC2(COC1c3ccccc3)CC4C=CC2C4,0,42,0.0,0.0057962294147602365,2.866764260774093,0.1763801992734908,46.594444051559776,1.0,1.0
murcko_framework,n1cn(c2NC=NCc12)C3OCCC3,1,29,0.03363605785401951,0.004002158405429687,8.406970808001114,1.1448408722274948,61.73535543771048,0.11559281536633942,1.0
murcko_framework,N=1C=C(Cc2ccccc2)CN3C=CC=CC13,0,45,0.0,0.006210245801528825,2.6777357500411143,0.16492624657996455,43.47560740474222,1.0,1.0
murcko_framework,O(CCCc1ccccc1)C2CCCCC2,0,36,0.0,0.004968196641223059,3.338040821779601,0.20482969417506067,54.398931623380356,1.0,1.0
murcko_framework,O1c2ccc(cc2OC1)C3CC4C=CCC3C4,0,82,0.0,0.011316447905008081,1.4767364242729972,0.09157535195948578,23.813727385283677,1.0,1.0
murcko_framework,O(Cc1ccccc1)C2CCC3CC4c5[nH]c6ccccc6c5CCN4CC3C2,0,31,0.0,0.004278169329942079,3.867915262063572,0.2366350976839967,63.222947994312236,1.0,1.0
murcko_framework,O1C(=CCC=C1CN2Cc3ccccc3CC2)Cc4ccccc4,0,37,0.0,0.005106202103479255,3.249021915811894,0.19946756836778803,52.921602723717264,1.0,1.0
murcko_framework,o1ccc(c1)C2CC=C3C2CCC4C5C=CCCC5CCC34,0,77,0.0,0.0106264205937271,1.572020590484766,0.09743146859722107,25.363968874616305,1.0,1.0
murcko_framework,O1CC=C(C1)CCC2C=CCC3CCCCC23,0,42,0.0,0.0057962294147602365,2.866764260774093,0.1763801992734908,46.594444051559776,1.0,1.0
murcko_framework,O1c2cc(OCC=Cc3ccccc3)ccc2CC1=Cc4ccccc4,0,66,0.0,0.009108360508908942,1.8320818862356834,0.11338245518825726,29.60355755482463,1.0,1.0
murcko_framework,c1ccc2c(c1)[nH]c3c2CC4N(C3)CC5N(CCC5)C4,0,57,0.0,0.007866311348603178,2.1188688487436123,0.13091807998588428,34.293240465030934,1.0,1.0
murcko_framework,o1ccc2cc3C=C(COc3cc12)CCCN4CCCCC4,0,35,0.0,0.004830191178966863,3.4320748773792915,0.21048802227061886,55.96108432618532,1.0,1.0
murcko_framework,c1ccc(cc1)C2NCNC3NCNCC32,0,38,0.0,0.005244207565735451,3.164627368595756,0.1943789821515663,51.52237279571842,1.0,1.0
murcko_framework,O1CC23c4ccccc4C1CC3CCCC2,0,69,0.0,0.009522376895677531,1.7529919565272618,0.10853642524166467,28.312898575819585,1.0,1.0
murcko_framework,c1cc2[nH]cc3c2c(c1)CC4CCCCC34,0,41,0.0,0.0056582239525040405,2.935846969515864,0.18056004511200668,47.735906485118264,1.0,1.0
murcko_framework,O1CCCCC1OC2CCCOC2OC3COC(OC4CC5=CCC6C(CCC7C8CC9(OCCCC9)OC8CC67)C5CC4)CC3,0,35,0.0,0.004830191178966863,3.4320748773792915,0.21048802227061886,55.96108432618532,1.0,1.0
murcko_framework,O1c2ccc3c(OC4COc5ccccc5C4C3)c2C=CC1,0,32,0.0,0.004416174792198275,3.7488973108613264,0.2295077850906168,61.23640225029506,1.0,1.0
murcko_framework,O1CCCCC1OC2CC3=CCC4C(CCC5C6CC7(OCCCC7)OC6CC45)C3CC2,0,34,0.0,0.004692185716710667,3.5315601825789646,0.21646778956224189,57.615580352157025,1.0,1.0
murcko_framework,O1C=2C=CNCC2C(c3ccccc3)CC1,0,56,0.0,0.0077283058863469815,2.1563739284029575,0.13320710839678127,34.90766052247975,1.0,1.0
murcko_framework,O1CCCCC1OC2CCOC3(OC4CC5C6CC=C7CCCC(OC8OCCC(OC9OCCCC9)C8OC%10OCCCC%10)C7C6CCC5C4C3)C2,0,30,0.0,0.004140163867685883,3.9947376690823586,0.24421917283070577,65.3426545500901,1.0,1.0
murcko_framework,c1ccc(cc1)CCC2CCCC2,0,30,0.0,0.004140163867685883,3.9947376690823586,0.24421917283070577,65.3426545500901,1.0,1.0
murcko_framework,O1C2C=CC13C(N(CC3C2CNc4ccccc4)C5CCCCCCC5)CNC6CCCCC6,0,72,0.0,0.009936393282446119,1.680447400311951,0.10408761295968512,27.130062693520873,1.0,1.0
murcko_framework,O1CC2CCC3C4=CCC5CC(OC6OCCCC6OC7OCC(OC8OCCC(OC9OCCCC9)C8)CC7OC%10OCCCC%10)CCC5C4CCC32C1,0,84,0.0,0.011592458829520473,1.4417801029408692,0.0894253629735279,23.24541714023054,1.0,1.0
murcko_framework,C1CCC2(CC1)CCCC2,0,134,0.0,0.018492731942330278,0.9057398594649265,0.05634895245206629,14.558650291172588,1.0,1.0
murcko_framework,C1=C2N(CCC1)CC3CC2CN4CCCCC43,0,41,0.0,0.0056582239525040405,2.935846969515864,0.18056004511200668,47.735906485118264,1.0,1.0
murcko_framework,O1CCCCC1OC2C=C3CCC4C(CCC5CCCC54)C3CC2,0,64,0.0,0.00883234958439655,1.88889584090995,0.11686089430381194,30.531406755549067,1.0,1.0
murcko_framework,o1c2ccccc2c3ccc(cc13)-c4ccccc4,0,47,0.0,0.006486256726041217,2.564981901533723,0.15808233649692185,41.61838887878318,1.0,1.0
murcko_framework,c1ccc2cc3c(cc2c1)Cc4ccccc4C3,0,62,0.0,0.008556338659884158,1.9493458886833697,0.120559487313188,31.519289592326263,1.0,1.0
murcko_framework,O1c2ccc3c(NCC34CC5CC67N(CCC6)CC5(NC7)C4)c2C=CC1,0,31,0.0,0.004278169329942079,3.867915262063572,0.2366350976839967,63.222947994312236,1.0,1.0
murcko_framework,c1ccc2c(c1)NC3CCC4C=CCN5CCC23C54,0,50,0.0,0.006900273112809805,2.4125967498380914,0.14881894394266065,39.1121111541551,1.0,1.0
murcko_framework,O1C2CCC=CCCCCC=CCCC12,0,40,0.0,0.005520218490247844,3.0083411700473524,0.18494277520581456,48.93468579851472,1.0,1.0
murcko_framework,n1oc(nc1-c2ccccc2)C3N(Cc4ccccc4)CCC3,0,46,0.0,0.006348251263785021,2.620146418814221,0.1614317970913098,42.52673500340135,1.0,1.0
murcko_framework,n1ccc2c3ccccc3[nH]c2c1CC4C=COC(OC5OCCCC5)C4,0,31,0.0,0.004278169329942079,3.867915262063572,0.2366350976839967,63.222947994312236,1.0,1.0
murcko_framework,O1c2c(ccc3c2CNC3)CCC1,0,39,0.0,0.005382213027991648,3.084505963010815,0.1895435270182853,50.195209435621834,1.0,1.0
murcko_framework,O1c2cc(OCCOCc3ccccc3)ccc2CC1=Cc4ccccc4,0,34,0.0,0.004692185716710667,3.5315601825789646,0.21646778956224189,57.615580352157025,1.0,1.0
murcko_framework,O(Cc1ccccc1)C23CNC4C5CC2C4(CCC3)C6CC7CCC5C6C7,0,72,0.0,0.009936393282446119,1.680447400311951,0.10408761295968512,27.130062693520873,1.0,1.0
murcko_framework,O1c2ccc(cc2CCC1)C3Oc4ccccc4CC3,0,67,0.0,0.009246365971165139,1.8049374412246448,0.11171974094470334,29.160461160996103,1.0,1.0
murcko_framework,O1CCNCC1,0,74,0.0,0.01021240420695851,1.6353302042764781,0.10131893891042468,26.39491595330741,1.0,1.0
murcko_framework,O1COC2CCOC12,0,34,0.0,0.004692185716710667,3.5315601825789646,0.21646778956224189,57.615580352157025,1.0,1.0
murcko_framework,O1CC12CCC3C4CCC5CCCCC5C4CCC32,0,31,0.0,0.004278169329942079,3.867915262063572,0.2366350976839967,63.222947994312236,1.0,1.0
murcko_framework,o1ccc(c1)C2OCC3(CCC4OCC5=C4C3CCC5)C2,0,38,0.0,0.005244207565735451,3.164627368595756,0.1943789821515663,51.52237279571842,1.0,1.0
murcko_framework,O(c1ccc2C=CCOc2c1)CCNc3ccccc3,0,83,0.0,0.011454453367264276,1.4590489443175194,0.09048759007872809,23.5261412096609,1.0,1.0
murcko_framework,O(c1ccccc1CCc2ccccc2)C3OCCCC3,0,30,0.0,0.004140163867685883,3.9947376690823586,0.24421917283070577,65.3426545500901,1.0,1.0
murcko_framework,O1C=C(c2oc3ccccc3c2)Cc4ccccc14,0,32,0.0,0.004416174792198275,3.7488973108613264,0.2295077850906168,61.23640225029506,1.0,1.0
murcko_framework,c1ccc(cc1)N2CCc3ccccc3C2c4ccccc4,0,35,0.0,0.004830191178966863,3.4320748773792915,0.21048802227061886,55.96108432618532,1.0,1.0
murcko_framework,o1ccc2c1ccc3c2OC(=CC3)c4ccccc4,0,43,0.0,0.005934234877016433,2.800857768526196,0.17238946975498262,45.50628440741406,1.0,1.0
murcko_framework,O1CCN(CC1)CCN2CC3C(CNc4ccccc4)C5OC3(C=C5)C2CNC6CCCCC6,0,88,0.0,0.012144480678545257,1.3766073004572406,0.08541462649948736,22.186453741427353,1.0,1.0
murcko_framework,O1CCC2CC=CC12,0,34,0.0,0.004692185716710667,3.5315601825789646,0.21646778956224189,57.615580352157025,1.0,1.0
murcko_framework,O1C2CCN3CCCC(CCCCCCC4OC5N(CCCC5CCCCCC2)CC4)C13,0,42,0.0,0.0057962294147602365,2.866764260774093,0.1763801992734908,46.594444051559776,1.0,1.0
murcko_framework,O1CCC23OC(CCC12)CCC4CCCCC4C3,0,36,0.0,0.004968196641223059,3.338040821779601,0.20482969417506067,54.398931623380356,1.0,1.0
murcko_framework,O1CCOC12CC3=CCC4C(CCC5CCCC54)C3CC2,0,57,0.0,0.007866311348603178,2.1188688487436123,0.13091807998588428,34.293240465030934,1.0,1.0
murcko_framework,c1ccc(cc1)N2CCC(N3Cc4[nH]c5ccccc5c4CC3)C2,0,35,0.0,0.004830191178966863,3.4320748773792915,0.21048802227061886,55.96108432618532,1.0,1.0
murcko_framework,O1C(C=CC=CC=CC2OC3COC(C2)C3)=CC=CC1,0,41,0.0,0.0056582239525040405,2.935846969515864,0.18056004511200668,47.735906485118264,1.0,1.0
murcko_framework,N(c1ccccc1)=C2C=C(Oc3ccccc23)c4ccc5OCOc5c4,0,41,0.0,0.0056582239525040405,2.935846969515864,0.18056004511200668,47.735906485118264,1.0,1.0
murcko_framework,O1C(=Cc2ccccc2)Cc3cccc(c13)CN4CCCC4,0,44,0.0,0.006072240339272629,2.7379133658175303,0.16857530670648754,44.46777968361716,1.0,1.0
murcko_framework,O=1c2ccccc2C=C(OC3OC(COC4OCCCC4)CCC3)C1c5ccccc5,0,94,0.0,0.012972513452082434,1.289192986014913,0.08003047803554361,20.76732010087335,1.0,1.0
murcko_framework,C12=C(CCCC1)C3CCCC3CC2,0,40,0.0,0.005520218490247844,3.0083411700473524,0.18494277520581456,48.93468579851472,1.0,1.0
murcko_framework,O1c2c(ccc3cccc(c32)C4OCCCC4)-c5ccccc5C1,0,56,0.0,0.0077283058863469815,2.1563739284029575,0.13320710839678127,34.90766052247975,1.0,1.0
murcko_framework,O1CCCCC1OC2CCC3C(CCC4C5C(=CCC43)C6CCCCC6(COC7OCCCC7OC8OCC(OC9OCCC(OC%10OCCC%10)C9)CC8)CC5)C2,0,60,0.0,0.008280327735371766,2.0137926338302385,0.1244998169522443,32.573226783333254,1.0,1.0
murcko_framework,O1C=C(c2ccccc2)Cc3ccc(OCCNc4ccccc4)cc13,0,32,0.0,0.004416174792198275,3.7488973108613264,0.2295077850906168,61.23640225029506,1.0,1.0
murcko_framework,O1CCCCC1OCC2CCC3C2CCC4C5CCC(OC6OCCCC6)CC5CCC34,0,47,0.0,0.006486256726041217,2.564981901533723,0.15808233649692185,41.61838887878318,1.0,1.0
murcko_framework,O1CCCCC1OCC2OC(OCC34CCCCC4C5=CCC6C(CCC7CC(OC8OCCCC8OC9OCCC(OC%10OCCCC%10)C9)CCC76)C5CC3)CCC2,0,43,0.0,0.005934234877016433,2.800857768526196,0.17238946975498262,45.50628440741406,1.0,1.0
murcko_framework,O1c2ccccc2C(=CC1)CN3CCNCC3,0,67,0.0,0.009246365971165139,1.8049374412246448,0.11171974094470334,29.160461160996103,1.0,1.0
murcko_framework,N1=CC=CC1CCOc2cccc(c2)CCC=3O=CCC3,0,46,0.0,0.006348251263785021,2.620146418814221,0.1614317970913098,42.52673500340135,1.0,1.0
murcko_framework,O1CCC1,0,65,0.0,0.008970355046652747,1.8600551692623262,0.11509540255612229,30.060325224653926,1.0,1.0
murcko_framework,O(CC=Cc1ccccc1)C2CCC34CC54CCC6CCCC6C5CCC3C2,0,46,0.0,0.006348251263785021,2.620146418814221,0.1614317970913098,42.52673500340135,1.0,1.0
murcko_framework,O(CC=Cc1ccccc1)C2OCCCC2,0,86,0.0,0.011868469754032865,1.4084402588957758,0.08737399914182166,22.703595833567586,1.0,1.0
murcko_framework,c1ccc(cc1)C=C(NCc2ccccc2)CN3CC4C5=CC=CCN5CC(C3)C4,0,48,0.0,0.006624262188297413,2.5120922097080918,0.15486902514913442,40.748027334705235,1.0,1.0
murcko_framework,O1CCCCC=CCC=CCCCC1,0,54,0.0,0.007452294961834589,2.235513087317173,0.13803396711316637,36.204992641189335,1.0,1.0
murcko_framework,c1ccc(cc1)C2Nc3ccccc3NC4=C2CCCC4,0,37,0.0,0.005106202103479255,3.249021915811894,0.19946756836778803,52.921602723717264,1.0,1.0
murcko_framework,O1c2cccc3c2C45C(=CCCC14)C(NCC5)C3,0,41,0.0,0.0056582239525040405,2.935846969515864,0.18056004511200668,47.735906485118264,1.0,1.0
murcko_framework,O1c2ccc(cc2)CCNCCCc3cccc(Oc4ccc(cc4)CCCNCCc5cccc1c5)c3,0,45,0.0,0.006210245801528825,2.6777357500411143,0.16492624657996455,43.47560740474222,1.0,1.0
murcko_framework,O1C=CCCCCCCCCC=CC=CCNC2=CCc3c(ccc4OC1Cc43)C2,0,36,0.0,0.004968196641223059,3.338040821779601,0.20482969417506067,54.398931623380356,1.0,1.0
murcko_framework,C1=C2CCCCC2C3=C(C1)C4CCCC4CC3,0,36,0.0,0.004968196641223059,3.338040821779601,0.20482969417506067,54.398931623380356,1.0,1.0
murcko_framework,o1ccc(c1)COC2CC3COC4(CCCCC24)C3,0,39,0.0,0.005382213027991648,3.084505963010815,0.1895435270182853,50.195209435621834,1.0,1.0
murcko_framework,C1=CC=CCCCCC=CCCc2cccc(c2)NCCCC=C1,0,49,0.0,0.006762267650553609,2.46133947512794,0.15178372761905926,39.91331684136583,1.0,1.0
murcko_framework,O1C2CC=CC(C=CC=CC=CCNC3=CCCC3)C12,0,41,0.0,0.0056582239525040405,2.935846969515864,0.18056004511200668,47.735906485118264,1.0,1.0
murcko_framework,C1CCC2C3CCCC2C3C1,0,57,0.0,0.007866311348603178,2.1188688487436123,0.13091807998588428,34.293240465030934,1.0,1.0
murcko_framework,O1CCCCC(OC2OCC(OC3OCCCC3)CC2)CCCCC=CC=CC(C1)COC4OCCCC4,0,57,0.0,0.007866311348603178,2.1188688487436123,0.13091807998588428,34.293240465030934,1.0,1.0
murcko_framework,O1CCCCC1OC2CCC3C4(OCC53CCC6CCCC6C5C=C4)C2,0,61,0.0,0.008418333197627963,1.9810453039791873,0.12249797770827836,32.03759416962826,1.0,1.0
murcko_framework,C1#CC2c3cc(ccc3OCC2)CC4OCC(=CCCc5cccc(c5)CC6CCCC(C4)C6)CC1c7ccccc7,0,38,0.0,0.005244207565735451,3.164627368595756,0.1943789821515663,51.52237279571842,1.0,1.0
murcko_framework,O1C2CCCCC=CC3CCCC4C(NCC34CC12)Cc5ccccc5,0,36,0.0,0.004968196641223059,3.338040821779601,0.20482969417506067,54.398931623380356,1.0,1.0
murcko_framework,O(CC=Cc1ccccc1)CC2(OCCC2OCc3ccccc3)OC4OCC(OCC=Cc5ccccc5)C(OC6OCC(OC7OCCCC7)CC6)C4OC8OCCCC8,0,44,0.0,0.006072240339272629,2.7379133658175303,0.16857530670648754,44.46777968361716,1.0,1.0
murcko_framework,O1CCNCC(NCCNCCCC=CCCC1)Cc2ccccc2,0,41,0.0,0.0056582239525040405,2.935846969515864,0.18056004511200668,47.735906485118264,1.0,1.0
murcko_framework,O(CC=Cc1ccccc1)CC2(OCCC2OCc3ccccc3)OC4OCC(OCC=Cc5ccccc5)C(OC6OCCC(OC7OCCCC7)C6)C4OC8OCCCC8,0,54,0.0,0.007452294961834589,2.235513087317173,0.13803396711316637,36.204992641189335,1.0,1.0
murcko_framework,O1CCCCC1OC2CCOC(C2)C3CC=CCC3,0,59,0.0,0.00814232227311557,2.0476407142645185,0.12656816179765026,33.12707109878833,1.0,1.0
murcko_framework,n1ccsc1C2=COc3ccccc3C2,0,47,0.0,0.006486256726041217,2.564981901533723,0.15808233649692185,41.61838887878318,1.0,1.0
murcko_framework,O1c2ccccc2OCC1,1,52,0.03363605785401951,0.007176284037322197,4.688354125685889,0.6479340353359662,33.92423180307004,0.1950834877302741,1.0
murcko_framework,C1#CCc2ccc3c4c2ccc(c4C=CC3)COc5cccc(c5)CCCCC(O1)CC6C=CC=CC6CCCCc7ccccc7,0,36,0.0,0.004968196641223059,3.338040821779601,0.20482969417506067,54.398931623380356,1.0,1.0
murcko_framework,c1ccc2c(c1)CC3CCCCC3C2,0,68,0.0,0.009384371433421334,1.7785855347540747,0.1101050821593759,28.730431351547423,1.0,1.0
murcko_framework,O1c2cccc3c2-c4c(OC3)cc(OC5OCCCC5)cc4C1,0,56,0.0,0.0077283058863469815,2.1563739284029575,0.13320710839678127,34.90766052247975,1.0,1.0
murcko_framework,O1CCCOC2CC(OC3(OC(CC1)CCC3)C2)CCCCc4ccccc4,0,39,0.0,0.005382213027991648,3.084505963010815,0.1895435270182853,50.195209435621834,1.0,1.0
murcko_framework,c1ccc2c(c1)cccc2-c3cccc4c3CCNC4,0,72,0.0,0.009936393282446119,1.680447400311951,0.10408761295968512,27.130062693520873,1.0,1.0
murcko_framework,O1CC=CC=CC=CCCC=CCCCCC=CC=CCC1,0,32,0.0,0.004416174792198275,3.7488973108613264,0.2295077850906168,61.23640225029506,1.0,1.0
murcko_framework,O(c1cccc2c1Cc3ccccc3C2C4c5ccccc5Cc6c(OC7OCCCC7)cccc64)C8OCCCC8,0,30,0.0,0.004140163867685883,3.9947376690823586,0.24421917283070577,65.3426545500901,1.0,1.0
murcko_framework,c1ccc2c(c1)Cc3cccc(-c4cccc5c4Cc6ccccc6C5)c3C2,0,39,0.0,0.005382213027991648,3.084505963010815,0.1895435270182853,50.195209435621834,1.0,1.0
murcko_framework,O(Cc1ccccc1)Cc2ccccc2OC3OCCCC3,0,32,0.0,0.004416174792198275,3.7488973108613264,0.2295077850906168,61.23640225029506,1.0,1.0
murcko_framework,c1ccc2c(c1)-c3cc4c(cc3CC2)Cc5ccccc5C4,0,47,0.0,0.006486256726041217,2.564981901533723,0.15808233649692185,41.61838887878318,1.0,1.0
murcko_framework,O1c2cc3c(cc2OC1)C45CCN(C3)C5CCCC4,0,37,0.0,0.005106202103479255,3.249021915811894,0.19946756836778803,52.921602723717264,1.0,1.0
murcko_framework,O1C=CCC=C1C(c2ccccc2)CCN3CCOCC3,0,32,0.0,0.004416174792198275,3.7488973108613264,0.2295077850906168,61.23640225029506,1.0,1.0
murcko_framework,n1cc2c(OCC2)c3ccccc13,0,55,0.0,0.007590300424090785,2.195230542464442,0.13557759518745932,35.54449485481419,1.0,1.0
murcko_framework,O1C=CC2=CCC3(OC3)C2C1,0,37,0.0,0.005106202103479255,3.249021915811894,0.19946756836778803,52.921602723717264,1.0,1.0
murcko_framework,n1ccc2c3cc(OCCNCCc4ccccc4)ccc3n5c2c1-c6ccccc6C5,0,44,0.0,0.006072240339272629,2.7379133658175303,0.16857530670648754,44.46777968361716,1.0,1.0
murcko_framework,N(OCCNCC1CCOCC1)=C2C=C3CCC4C(CCC5CCCC54)C3CC2,0,46,0.0,0.006348251263785021,2.620146418814221,0.1614317970913098,42.52673500340135,1.0,1.0
murcko_framework,O1c2ccc(cc2OC1)CCCc3ccccc3,0,36,0.0,0.004968196641223059,3.338040821779601,0.20482969417506067,54.398931623380356,1.0,1.0
murcko_framework,O(Cc1ccccc1)C2CC3CCC4CCC3(C4)C5CCCCC25,0,35,0.0,0.004830191178966863,3.4320748773792915,0.21048802227061886,55.96108432618532,1.0,1.0
murcko_framework,c1cc2ccc1CCCCCCCc3ccc(cc3)CCCCCCC2,0,55,0.0,0.007590300424090785,2.195230542464442,0.13557759518745932,35.54449485481419,1.0,1.0
murcko_framework,O1CCCC2OCc3ccccc3C12,0,43,0.0,0.005934234877016433,2.800857768526196,0.17238946975498262,45.50628440741406,1.0,1.0
murcko_framework,c1ccc(cc1)CC2(CNCNC2)CN3CC4C5=CC=CCN5CC(C3)C4,0,57,0.0,0.007866311348603178,2.1188688487436123,0.13091807998588428,34.293240465030934,1.0,1.0
murcko_framework,O1COCC2(C1)CC=CCC2,0,55,0.0,0.007590300424090785,2.195230542464442,0.13557759518745932,35.54449485481419,1.0,1.0
murcko_framework,c1ccc2c(c1)c3ccccc3c4c2CN5CCCC5C4,0,98,0.0,0.013524535301107218,1.2368331428464123,0.07680289147619399,19.91795092398964,1.0,1.0
murcko_framework,n1c(sc2ccccc12)C3=COc4cc(OCc5ccccc5)ccc4C3,0,36,0.0,0.004968196641223059,3.338040821779601,0.20482969417506067,54.398931623380356,1.0,1.0
murcko_framework,O1c2ccc(cc2C=CC1)C3COc4ccccc4C3,0,32,0.0,0.004416174792198275,3.7488973108613264,0.2295077850906168,61.23640225029506,1.0,1.0
murcko_framework,C1=CCCCC2CCCC2C=CCC1,0,39,0.0,0.005382213027991648,3.084505963010815,0.1895435270182853,50.195209435621834,1.0,1.0
murcko_framework,o1ccc(c1)C2OCC3OC34C2CCC5CCCCC54,0,49,0.0,0.006762267650553609,2.46133947512794,0.15178372761905926,39.91331684136583,1.0,1.0
murcko_framework,O1c2cc(OC3OCCCC3)ccc2CC(OC4OCCC(OC5OCCCC5)C4)=C1c6ccccc6,0,61,0.0,0.008418333197627963,1.9810453039791873,0.12249797770827836,32.03759416962826,1.0,1.0
murcko_framework,O1CCCCC1OC2CC3CCC2C3,0,36,0.0,0.004968196641223059,3.338040821779601,0.20482969417506067,54.398931623380356,1.0,1.0
murcko_framework,O1COC(C1)C2OC3OCOC3C2,0,39,0.0,0.005382213027991648,3.084505963010815,0.1895435270182853,50.195209435621834,1.0,1.0
murcko_framework,o1ccc(c1)C2CC=C3C2CCC4C3CCC5CCCCC54,0,45,0.0,0.006210245801528825,2.6777357500411143,0.16492624657996455,43.47560740474222,1.0,1.0
murcko_framework,O1CC=C2CCCCCCC3OC3C12,0,46,0.0,0.006348251263785021,2.620146418814221,0.1614317970913098,42.52673500340135,1.0,1.0
murcko_framework,O1CCCCC12OCCC2,0,47,0.0,0.006486256726041217,2.564981901533723,0.15808233649692185,41.61838887878318,1.0,1.0
murcko_framework,n1cscc1C2=COc3ccccc3C2,0,83,0.0,0.011454453367264276,1.4590489443175194,0.09048759007872809,23.5261412096609,1.0,1.0
murcko_framework,O1CCC23CC4CC5(CN6c7ccccc7C8(CCN(CCC12)C83)C64)CN9CCC%10%11C(=CCC%12(CCOC5%12)C9%10)Nc%13ccccc%13%11,0,33,0.0,0.004554180254454471,3.6369849089845876,0.22279718329341747,59.370854840481435,1.0,1.0
murcko_framework,O(c1ccccc1)CCNCCc2c[nH]c3ccccc32,0,32,0.0,0.004416174792198275,3.7488973108613264,0.2295077850906168,61.23640225029506,1.0,1.0
murcko_framework,N1=CCCCC1,1,36,0.03363605785401951,0.004968196641223059,6.772216614326305,0.9282099280867621,49.410070376957115,0.14058260593742478,1.0
murcko_framework,n1oc(nc1)C2CN(CNc3ccccc3)CC42CCOCC4,0,42,0.0,0.0057962294147602365,2.866764260774093,0.1763801992734908,46.594444051559776,1.0,1.0
murcko_framework,c1ccc(cc1)CN2CC3(N4CCCC4CNC3)C2,0,81,0.0,0.011178442442751884,1.49485795281634,0.09268958053727773,24.10843037745274,1.0,1.0
murcko_framework,c1ccc(cc1)N2CNC3CCCC(CNCc4ccccc4)C23,0,30,0.0,0.004140163867685883,3.9947376690823586,0.24421917283070577,65.3426545500901,1.0,1.0
murcko_framework,O(c1ccc2c(c1)CCC3C2CCC4CCCC43)C5OCCCC5,0,31,0.0,0.004278169329942079,3.867915262063572,0.2366350976839967,63.222947994312236,1.0,1.0
murcko_framework,O1CCC2OC(CCOC(CC3OCCC3)CC4OC(CC1)CC4)CC2,0,33,0.0,0.004554180254454471,3.6369849089845876,0.22279718329341747,59.370854840481435,1.0,1.0
murcko_framework,O1C=CC2(OC3(CCCC4CCCCC43)CC2)C1,0,34,0.0,0.004692185716710667,3.5315601825789646,0.21646778956224189,57.615580352157025,1.0,1.0
murcko_framework,c1ccc2c(c1)[nH]cc2C3N4CC5CN3CC(C4)C5,0,92,0.0,0.012696502527570042,1.3170710646748987,0.08174816606014731,21.219756638057902,1.0,1.0
murcko_framework,O1C=CC2=CCCC2C1,0,40,0.0,0.005520218490247844,3.0083411700473524,0.18494277520581456,48.93468579851472,1.0,1.0
murcko_framework,O1C=C(c2ccc(OC3OCCCC3)cc2)Cc4ccccc14,0,66,0.0,0.009108360508908942,1.8320818862356834,0.11338245518825726,29.60355755482463,1.0,1.0
murcko_framework,O(c1ccc2c(OCC=C2c3ccccc3)c1)CCNCCc4ccccc4,0,38,0.0,0.005244207565735451,3.164627368595756,0.1943789821515663,51.52237279571842,1.0,1.0
murcko_framework,O(c1ccc2C=CCOc2c1)CCNCC3CCCCC3,0,74,0.0,0.01021240420695851,1.6353302042764781,0.10131893891042468,26.39491595330741,1.0,1.0
murcko_framework,O1CC2C(=CCCC2)C3CCCCC13,0,36,0.0,0.004968196641223059,3.338040821779601,0.20482969417506067,54.398931623380356,1.0,1.0
murcko_framework,c1ccc(cc1)CC2CN3c4ccccc4C=CC3C52c6ccccc6NC5,0,33,0.0,0.004554180254454471,3.6369849089845876,0.22279718329341747,59.370854840481435,1.0,1.0
murcko_framework,O1CC=CCC1CC2CCC3C4CC=C5CC(OC6OCCCC6)CCC5C4CCC23,0,31,0.0,0.004278169329942079,3.867915262063572,0.2366350976839967,63.222947994312236,1.0,1.0
murcko_framework,O1CCC2CCC=CC12,1,38,0.03363605785401951,0.005244207565735451,6.415766451795707,0.8805981920500046,46.74329283843214,0.14759201226779117,1.0
murcko_framework,O1c2ccccc2C(c3ccccc3)CC1,0,63,0.0,0.008694344122140355,1.9186448801685227,0.11868138567924466,31.017485641311175,1.0,1.0
murcko_framework,O1CCCCC1OC2CCOC(C2)C3C=CCCC3,0,32,0.0,0.004416174792198275,3.7488973108613264,0.2295077850906168,61.23640225029506,1.0,1.0
murcko_framework,c1ccc(cc1)CNCc2ccccc2N3CN4C(c5ccccc5)c6[nH]c7ccccc7c6CC4C3,0,39,0.0,0.005382213027991648,3.084505963010815,0.1895435270182853,50.195209435621834,1.0,1.0
murcko_framework,O1c2ccccc2C=C(C1)CCCNc3ccccc3,0,30,0.0,0.004140163867685883,3.9947376690823586,0.24421917283070577,65.3426545500901,1.0,1.0
murcko_framework,c1ccc(cc1)CN2CCC3(Nc4ccccc4CN3)CC2,0,47,0.0,0.006486256726041217,2.564981901533723,0.15808233649692185,41.61838887878318,1.0,1.0
murcko_framework,n1ccc(cc1)-c2ccccc2CCCCCC3CCCCCCC3,0,30,0.0,0.004140163867685883,3.9947376690823586,0.24421917283070577,65.3426545500901,1.0,1.0
murcko_framework,O1CC2CC1C3NCC4CCC2C43,0,33,0.0,0.004554180254454471,3.6369849089845876,0.22279718329341747,59.370854840481435,1.0,1.0
murcko_framework,n1c(cc2c3ccccc3[nH]c2c1-c4ccccc4)CNCCc5ccccc5,0,62,0.0,0.008556338659884158,1.9493458886833697,0.120559487313188,31.519289592326263,1.0,1.0
murcko_framework,O1CC(CNCc2ccccc2)C3CC4CCCCC4CC13,0,37,0.0,0.005106202103479255,3.249021915811894,0.19946756836778803,52.921602723717264,1.0,1.0
murcko_framework,O(c1ccc2c(OCC=C2c3ccccc3)c1)CCNc4ccccc4,0,55,0.0,0.007590300424090785,2.195230542464442,0.13557759518745932,35.54449485481419,1.0,1.0
murcko_framework,O1COC2C1OCC2OCc3ccccc3,0,31,0.0,0.004278169329942079,3.867915262063572,0.2366350976839967,63.222947994312236,1.0,1.0
murcko_framework,O1c2cc3c(cc2OC1)C(NCC3)CCCc4ccccc4,0,49,0.0,0.006762267650553609,2.46133947512794,0.15178372761905926,39.91331684136583,1.0,1.0
murcko_framework,O(Sc1ccccc1)C2CCC3C(CCC4C5CCCC5CCC34)C2,0,37,0.0,0.005106202103479255,3.249021915811894,0.19946756836778803,52.921602723717264,1.0,1.0
murcko_framework,c1ccc(cc1)C2CNCC2,0,38,0.0,0.005244207565735451,3.164627368595756,0.1943789821515663,51.52237279571842,1.0,1.0
murcko_framework,n1cccc2c1-c3ccccc3C2,0,32,0.0,0.004416174792198275,3.7488973108613264,0.2295077850906168,61.23640225029506,1.0,1.0
murcko_framework,o1cccc1-c2ccccc2,1,75,0.03363605785401951,0.010350409669214708,3.250489008524002,0.4518023050347761,23.38562392620394,0.26743171018026135,1.0
murcko_framework,O1CN2c3ccccc3CN(Cc4ccccc4)CCC2C1,0,34,0.0,0.004692185716710667,3.5315601825789646,0.21646778956224189,57.615580352157025,1.0,1.0
murcko_framework,O(CC=Cc1ccccc1)C2CC3CCC2C3,0,37,0.0,0.005106202103479255,3.249021915811894,0.19946756836778803,52.921602723717264,1.0,1.0
murcko_framework,O1C2CC=CCC12CC3C=CCC4CCCCC34,0,30,0.0,0.004140163867685883,3.9947376690823586,0.24421917283070577,65.3426545500901,1.0,1.0
murcko_framework,c1ccc(cc1)CN2CC3N(CCC3)C4(C2)CN(Cc5ccccc5)C4,0,66,0.0,0.009108360508908942,1.8320818862356834,0.11338245518825726,29.60355755482463,1.0,1.0
murcko_framework,C=1C=CC=CCCNCC=CC=CC=CCCC=CC1,0,31,0.0,0.004278169329942079,3.867915262063572,0.2366350976839967,63.222947994312236,1.0,1.0
murcko_framework,c1ccc(cc1)CNCCC2C=CCCC2,0,31,0.0,0.004278169329942079,3.867915262063572,0.2366350976839967,63.222947994312236,1.0,1.0
murcko_framework,n1cscc1-c2nccs2,0,37,0.0,0.005106202103479255,3.249021915811894,0.19946756836778803,52.921602723717264,1.0,1.0
murcko_framework,N=1[N]c2nc3c(oc4ccccc43)c(c2C1)C5=Cc6ccccc6NC5,0,31,0.0,0.004278169329942079,3.867915262063572,0.2366350976839967,63.222947994312236,1.0,1.0
murcko_framework,C1=C2CCC3CC3C2CCC1,0,35,0.0,0.004830191178966863,3.4320748773792915,0.21048802227061886,55.96108432618532,1.0,1.0
murcko_framework,n1ccccc1-c2ncccc2,0,47,0.0,0.006486256726041217,2.564981901533723,0.15808233649692185,41.61838887878318,1.0,1.0
murcko_framework,O1CC(=CC=CCCC=CCC(OC2OCCCC2)C=CC=CCC1)COC3OCC(OCc4ccccc4)CC3,0,44,0.0,0.006072240339272629,2.7379133658175303,0.16857530670648754,44.46777968361716,1.0,1.0
murcko_framework,c1cc2[nH]cc3c2c(c1)C4CCCNC4C3,0,58,0.0,0.008004316810859374,2.082645994029885,0.12870638226970604,33.70007189977272,1.0,1.0
murcko_framework,O1c2ccccc2C3OCCCC3C1,0,50,0.0,0.006900273112809805,2.4125967498380914,0.14881894394266065,39.1121111541551,1.0,1.0
murcko_framework,C1=C2CCC2C3CCCC3C1,0,48,0.0,0.006624262188297413,2.5120922097080918,0.15486902514913442,40.748027334705235,1.0,1.0
murcko_framework,O1C2CC3CCCCC3C4=CCC5C=CCC5C142,0,31,0.0,0.004278169329942079,3.867915262063572,0.2366350976839967,63.222947994312236,1.0,1.0
murcko_framework,O1CC1C2CCCCC2,0,35,0.0,0.004830191178966863,3.4320748773792915,0.21048802227061886,55.96108432618532,1.0,1.0
murcko_framework,c1ccc(cc1)NCCN2CCC3CCCCC3C2c4ccccc4,0,57,0.0,0.007866311348603178,2.1188688487436123,0.13091807998588428,34.293240465030934,1.0,1.0
murcko_framework,O1CCC=C2C1CCC3C2CCC4Cc5c6ccccc6[nH]c5C43,0,31,0.0,0.004278169329942079,3.867915262063572,0.2366350976839967,63.222947994312236,1.0,1.0
murcko_framework,O1c2cc3c(cc2OC1)C45C=CCCC5NCC4OC3,0,44,0.0,0.006072240339272629,2.7379133658175303,0.16857530670648754,44.46777968361716,1.0,1.0
murcko_framework,O1CCCC(OC2OCC(OC3OCC(OC4OCCCC4)C(OC5OCCCC5)C3)CC2)C1,0,31,0.0,0.004278169329942079,3.867915262063572,0.2366350976839967,63.222947994312236,1.0,1.0
murcko_framework,O1c2ccccc2C=3OCCC3C1,0,59,0.0,0.00814232227311557,2.0476407142645185,0.12656816179765026,33.12707109878833,1.0,1.0
murcko_framework,N1=C(CCCC1)CC2CCC3C4CC=C5CCCCC5C4CCC23,0,40,0.0,0.005520218490247844,3.0083411700473524,0.18494277520581456,48.93468579851472,1.0,1.0
murcko_framework,C1=CCC2(CN1)C3CC4=CCCC42CCC3,0,30,0.0,0.004140163867685883,3.9947376690823586,0.24421917283070577,65.3426545500901,1.0,1.0
murcko_framework,c1ccc(cc1)CCC2NCCNCCCCCCNCC(NCCNC2)Cc3ccccc3,0,48,0.0,0.006624262188297413,2.5120922097080918,0.15486902514913442,40.748027334705235,1.0,1.0
murcko_framework,C(=CC=CC=CC=CC=CC=CC=CC=CCCC12OC2CCCC1)=C3CCCCC3,0,57,0.0,0.007866311348603178,2.1188688487436123,0.13091807998588428,34.293240465030934,1.0,1.0
murcko_framework,O1CCC=CC=CCCCCC(OC2OCCCC2)CCCC1,0,61,0.0,0.008418333197627963,1.9810453039791873,0.12249797770827836,32.03759416962826,1.0,1.0
murcko_framework,c1ccc(cc1)CN2CCc3c4ccccc4[nH]c3C2c5ccccc5,0,46,0.0,0.006348251263785021,2.620146418814221,0.1614317970913098,42.52673500340135,1.0,1.0
murcko_framework,O1C=CC2=CCC3OCC=C3C2=C1,0,40,0.0,0.005520218490247844,3.0083411700473524,0.18494277520581456,48.93468579851472,1.0,1.0
murcko_framework,O1CC1C2CCCC3CCCC32,0,41,0.0,0.0056582239525040405,2.935846969515864,0.18056004511200668,47.735906485118264,1.0,1.0
murcko_framework,O1OCC=CC1,0,46,0.0,0.006348251263785021,2.620146418814221,0.1614317970913098,42.52673500340135,1.0,1.0
murcko_framework,O1CCC2CCCCCC=CCCC=CCC12,0,30,0.0,0.004140163867685883,3.9947376690823586,0.24421917283070577,65.3426545500901,1.0,1.0
murcko_framework,c1ccc(cc1)C=C2CCC3CCC4C(CCC5C6CCCC6CCC54)C3C2,0,75,0.0,0.010350409669214708,1.6136679743918967,0.09998910393021328,26.042080879086964,1.0,1.0
murcko_framework,O1c2ccc3c(OC45C(=CC6CC5OCC4C6)C3)c2CC1,0,44,0.0,0.006072240339272629,2.7379133658175303,0.16857530670648754,44.46777968361716,1.0,1.0
murcko_framework,N1=C(OCC1CNCCOCCCNC2CNCCCC2)c3ccccc3,0,45,0.0,0.006210245801528825,2.6777357500411143,0.16492624657996455,43.47560740474222,1.0,1.0
murcko_framework,n1ccc2c(c1)CCC2,0,65,0.0,0.008970355046652747,1.8600551692623262,0.11509540255612229,30.060325224653926,1.0,1.0
murcko_framework,O1CC=CCCCCC=CC2C=CCC3CNCC123,0,45,0.0,0.006210245801528825,2.6777357500411143,0.16492624657996455,43.47560740474222,1.0,1.0
murcko_framework,O1C=CC(c2cc3c(OCC3)cc12)=C4CCCC(c5ccc6[nH]ccc6c5)C4,0,36,0.0,0.004968196641223059,3.338040821779601,0.20482969417506067,54.398931623380356,1.0,1.0
murcko_framework,c1ccc(cc1)C=CC=CCCCc2ccccc2,0,34,0.0,0.004692185716710667,3.5315601825789646,0.21646778956224189,57.615580352157025,1.0,1.0
murcko_framework,O1CCCCC2OCC1C2,0,31,0.0,0.004278169329942079,3.867915262063572,0.2366350976839967,63.222947994312236,1.0,1.0
murcko_framework,C1=CCC2CCCC2CCCCCC1,0,32,0.0,0.004416174792198275,3.7488973108613264,0.2295077850906168,61.23640225029506,1.0,1.0
murcko_framework,O1CC2C3NCC4C2CC1C5(c6ccccc6NC5)C34,0,45,0.0,0.006210245801528825,2.6777357500411143,0.16492624657996455,43.47560740474222,1.0,1.0
murcko_framework,O1CCCC(OC2OC(COC3OCCCC3)CCC2)C1,0,33,0.0,0.004554180254454471,3.6369849089845876,0.22279718329341747,59.370854840481435,1.0,1.0
murcko_framework,O1CCCCC1OC2COC(OC3CCC4C(CCC5C4CCC6C5CC7OC8(OCCCC8)CC76)C3)CC2,0,44,0.0,0.006072240339272629,2.7379133658175303,0.16857530670648754,44.46777968361716,1.0,1.0
murcko_framework,O1CCC2OC34OC5(CCC6CCC(C12)C63)CC78OCCC8OCC7CCC5C4,0,46,0.0,0.006348251263785021,2.620146418814221,0.1614317970913098,42.52673500340135,1.0,1.0
murcko_framework,O1C=C(c2ccc(OC3OCCCC3)cc2)Cc4ccc(OC5OCCCC5)cc14,0,41,0.0,0.0056582239525040405,2.935846969515864,0.18056004511200668,47.735906485118264,1.0,1.0
murcko_framework,c1ccc(cc1)CNCC(c2ccccc2)N3CCCCC3,0,48,0.0,0.006624262188297413,2.5120922097080918,0.15486902514913442,40.748027334705235,1.0,1.0
murcko_framework,c1ccc2c(c1)cccc2N3CC4C5c6ccccc6C(c7ccccc75)C4C3,0,59,0.0,0.00814232227311557,2.0476407142645185,0.12656816179765026,33.12707109878833,1.0,1.0
murcko_framework,O1CCNCCNCCNCCNCC2N(CCC2)CC(NCC(NCCNCC1)Cc3ccccc3)Cc4ccccc4,0,45,0.0,0.006210245801528825,2.6777357500411143,0.16492624657996455,43.47560740474222,1.0,1.0
murcko_framework,O1CC23CCC4CCCC4C3C=CC15CCCCC52,0,40,0.0,0.005520218490247844,3.0083411700473524,0.18494277520581456,48.93468579851472,1.0,1.0
murcko_framework,O1CCCCC1OC2CCCOC2OC3CCC4C(CCC5C4CCC6C7CC8(OCCCC8)OC7CC56)C3,0,89,0.0,0.012282486140801453,1.3612243345078923,0.08446752464147154,21.93661643005823,1.0,1.0
murcko_framework,O1CCC2CCCC3C4CCC=CC4CC1C23,0,31,0.0,0.004278169329942079,3.867915262063572,0.2366350976839967,63.222947994312236,1.0,1.0
murcko_framework,c1ccc2c(c1)cccc2-c3ccc4c(c3)CNCC4,0,67,0.0,0.009246365971165139,1.8049374412246448,0.11171974094470334,29.160461160996103,1.0,1.0
murcko_framework,O1C=CC2C(OCc3ccccc3)C=CC2C1OC4OCCCC4,0,30,0.0,0.004140163867685883,3.9947376690823586,0.24421917283070577,65.3426545500901,1.0,1.0
murcko_framework,C1=C2CCCCC2C3CCC4C5CCCC5CCC4C3C1,0,36,0.0,0.004968196641223059,3.338040821779601,0.20482969417506067,54.398931623380356,1.0,1.0
murcko_framework,S(c1ccccc1)c2ccccc2,0,34,0.0,0.004692185716710667,3.5315601825789646,0.21646778956224189,57.615580352157025,1.0,1.0
murcko_framework,c1ccc(cc1)C2NCCNCCNCC3N(CCNCC2)CCC3,0,43,0.0,0.005934234877016433,2.800857768526196,0.17238946975498262,45.50628440741406,1.0,1.0
murcko_framework,O(c1ccc2C=C(c3ccccc3)COc2c1)Cc4ccccc4,0,39,0.0,0.005382213027991648,3.084505963010815,0.1895435270182853,50.195209435621834,1.0,1.0
murcko_framework,O1C(=CCc2ccc3OCCC(C4=Cc5ccccc5NC4)c3c12)c6ccccc6,0,31,0.0,0.004278169329942079,3.867915262063572,0.2366350976839967,63.222947994312236,1.0,1.0
murcko_framework,N(c1ccccc1)=C2C=C(Oc3ccccc23)c4ccccc4,0,46,0.0,0.006348251263785021,2.620146418814221,0.1614317970913098,42.52673500340135,1.0,1.0
murcko_framework,n1cccc(c1)CN2CC3N(CCC3)C4(CNC4)C2,0,34,0.0,0.004692185716710667,3.5315601825789646,0.21646778956224189,57.615580352157025,1.0,1.0
murcko_framework,N1=C(c2ccccc2CC1)CC3CNCCC3,0,36,0.0,0.004968196641223059,3.338040821779601,0.20482969417506067,54.398931623380356,1.0,1.0
murcko_framework,O1C(=CCc2ccc3OCCCc3c12)c4ccccc4,0,36,0.0,0.004968196641223059,3.338040821779601,0.20482969417506067,54.398931623380356,1.0,1.0
murcko_framework,c1ccc(cc1)CC2N3c4ccccc4C=CC3C5(c6ccccc6NC5)C2Cc7ccccc7,0,40,0.0,0.005520218490247844,3.0083411700473524,0.18494277520581456,48.93468579851472,1.0,1.0
murcko_framework,O1CCC=CCCC1,0,75,0.0,0.010350409669214708,1.6136679743918967,0.09998910393021328,26.042080879086964,1.0,1.0
murcko_framework,O(CC=Cc1ccccc1)C2CCCC3CCCCC23,0,40,0.0,0.005520218490247844,3.0083411700473524,0.18494277520581456,48.93468579851472,1.0,1.0
murcko_framework,O1CCC2CCCCC2C1,0,30,0.0,0.004140163867685883,3.9947376690823586,0.24421917283070577,65.3426545500901,1.0,1.0
murcko_framework,O1CC=C(C1)C2CCC3C2CCC4C5CCC(OC6OCCCC6OC7OCCCC7)CC5CCC34,0,31,0.0,0.004278169329942079,3.867915262063572,0.2366350976839967,63.222947994312236,1.0,1.0
murcko_framework,c1ccc2c(c1)NC34CCC5(C=CCN6CCC23C65)C4,0,32,0.0,0.004416174792198275,3.7488973108613264,0.2295077850906168,61.23640225029506,1.0,1.0
murcko_framework,O1CC2CCC1C3CCCC3C2,0,44,0.0,0.006072240339272629,2.7379133658175303,0.16857530670648754,44.46777968361716,1.0,1.0
murcko_framework,c1ccc(cc1)CC2CC=CCC2c3ccccc3,0,37,0.0,0.005106202103479255,3.249021915811894,0.19946756836778803,52.921602723717264,1.0,1.0
murcko_framework,O1c2cc(OCc3ccc4OCOc4c3)ccc2CC1=Cc5ccccc5,0,37,0.0,0.005106202103479255,3.249021915811894,0.19946756836778803,52.921602723717264,1.0,1.0
murcko_framework,O1c2cc3OC4c5ccccc5OCC4c3cc2OC1,0,72,0.0,0.009936393282446119,1.680447400311951,0.10408761295968512,27.130062693520873,1.0,1.0
murcko_framework,o1c2ccccc2c(NCc3ccccc3)c1C4=CCOc5ccccc54,0,31,0.0,0.004278169329942079,3.867915262063572,0.2366350976839967,63.222947994312236,1.0,1.0
murcko_framework,C1=CCC=C2C1=CCC3CCCCC23,0,50,0.0,0.006900273112809805,2.4125967498380914,0.14881894394266065,39.1121111541551,1.0,1.0
murcko_framework,C1=C2CCCCC2C3CCC4C5CC6N(CCCC6)C5CC4C3C1,0,34,0.0,0.004692185716710667,3.5315601825789646,0.21646778956224189,57.615580352157025,1.0,1.0
murcko_framework,O1CCCCC1CC2OC3(OC(CC3)C4OC(CC4)C5OC(CC5)C6OCCCC6)CCC2,0,57,0.0,0.007866311348603178,2.1188688487436123,0.13091807998588428,34.293240465030934,1.0,1.0
murcko_framework,c1ccc(cc1)CN2CCN3CC(c4ccccc4)c5c6ccccc6[nH]c5C3C2,0,75,0.0,0.010350409669214708,1.6136679743918967,0.09998910393021328,26.042080879086964,1.0,1.0
murcko_framework,n1ccc2ccccc2c1Cc3ccccc3,0,67,0.0,0.009246365971165139,1.8049374412246448,0.11171974094470334,29.160461160996103,1.0,1.0
murcko_framework,o1c2ccc3c(OC(=CC3)c4ccccc4)c2cc1-c5ccccc5,0,32,0.0,0.004416174792198275,3.7488973108613264,0.2295077850906168,61.23640225029506,1.0,1.0
murcko_framework,O(Cc1ccccc1)C2CCCC3CCCCC23,0,37,0.0,0.005106202103479255,3.249021915811894,0.19946756836778803,52.921602723717264,1.0,1.0
murcko_framework,n1cccn1-c2ccccc2,1,40,0.03363605785401951,0.005520218490247844,6.0949613055181695,0.8376316081183088,44.34951231032915,0.15454426892485024,1.0
murcko_framework,O1c2ccc(cc2CCC1c3ccccc3)Cc4ccccc4,0,30,0.0,0.004140163867685883,3.9947376690823586,0.24421917283070577,65.3426545500901,1.0,1.0
murcko_framework,O1c2cc(OCN3CCOCC3)ccc2CC1=Cc4ccccc4,0,41,0.0,0.0056582239525040405,2.935846969515864,0.18056004511200668,47.735906485118264,1.0,1.0
murcko_framework,O(OC1COCCC1)c2ccc3OCC4c5cc6OCOc6cc5OC4c3c2,0,35,0.0,0.004830191178966863,3.4320748773792915,0.21048802227061886,55.96108432618532,1.0,1.0
murcko_framework,O(c1ccccc1)CCNc2ccccc2,0,34,0.0,0.004692185716710667,3.5315601825789646,0.21646778956224189,57.615580352157025,1.0,1.0
murcko_framework,O1C2CCCC12,0,31,0.0,0.004278169329942079,3.867915262063572,0.2366350976839967,63.222947994312236,1.0,1.0
murcko_framework,O(c1ccc2c(OCC=C2c3ccccc3)c1)Cc4ccccc4,0,86,0.0,0.011868469754032865,1.4084402588957758,0.08737399914182166,22.703595833567586,1.0,1.0
murcko_framework,O1c2cc3c(cc2OC1)C(c4ccccc4)CCC3,0,40,0.0,0.005520218490247844,3.0083411700473524,0.18494277520581456,48.93468579851472,1.0,1.0
murcko_framework,O(c1ccc2c(OCC=C2c3ccccc3)c1)CCc4ccccc4,0,40,0.0,0.005520218490247844,3.0083411700473524,0.18494277520581456,48.93468579851472,1.0,1.0
murcko_framework,N1CCC2CCCC2C1,0,49,0.0,0.006762267650553609,2.46133947512794,0.15178372761905926,39.91331684136583,1.0,1.0
murcko_framework,O(CC1CC1)C2C=CCC2,0,33,0.0,0.004554180254454471,3.6369849089845876,0.22279718329341747,59.370854840481435,1.0,1.0
murcko_framework,O1c2ccc(cc2OC1)C(c3ccccc3)CCNCc4ccccc4,0,47,0.0,0.006486256726041217,2.564981901533723,0.15808233649692185,41.61838887878318,1.0,1.0
murcko_framework,O1CCCC(OC2OCC(OC3OCCC(OC4OCCC(OC5OCCCC5)C4)C3)C(OC6OC(CCOC7OCCCC7)CCC6)C2)C1,0,30,0.0,0.004140163867685883,3.9947376690823586,0.24421917283070577,65.3426545500901,1.0,1.0
murcko_framework,O1c2cc(OC3OC(COC4OCCC4)CCC3)ccc2CC=C1c5ccccc5,0,38,0.0,0.005244207565735451,3.164627368595756,0.1943789821515663,51.52237279571842,1.0,1.0
murcko_framework,O1CCC=CCCCCC(OC2OCCCC2)CC1,0,30,0.0,0.004140163867685883,3.9947376690823586,0.24421917283070577,65.3426545500901,1.0,1.0
murcko_framework,O1CCC2CC=CCCC=CCCC=CCC12,0,31,0.0,0.004278169329942079,3.867915262063572,0.2366350976839967,63.222947994312236,1.0,1.0
murcko_framework,O(CCc1ccccc1)C2OCC(OCC=Cc3ccccc3)C(OC4OCC(OC5OCCCC5)CC4)C2,0,31,0.0,0.004278169329942079,3.867915262063572,0.2366350976839967,63.222947994312236,1.0,1.0
murcko_framework,O(CC=Cc1ccccc1)CCCOCC=Cc2ccccc2,0,34,0.0,0.004692185716710667,3.5315601825789646,0.21646778956224189,57.615580352157025,1.0,1.0
murcko_framework,N1CC2CCCC3(C1)C2CCC45CCC(CC4)CC53,0,31,0.0,0.004278169329942079,3.867915262063572,0.2366350976839967,63.222947994312236,1.0,1.0
murcko_framework,O1CCCCC1OCC2OC(OCC34CCCCC4C5=CCC6C(CCC7CCCCC76)C5CC3)CCC2,0,44,0.0,0.006072240339272629,2.7379133658175303,0.16857530670648754,44.46777968361716,1.0,1.0
murcko_framework,c1ccc2c(c1)[nH]c3c2CC4NCCC(CC3c5ccc6[nH]c7c(c6c5)CCN8CC9CCC8C7C9)C4,0,43,0.0,0.005934234877016433,2.800857768526196,0.17238946975498262,45.50628440741406,1.0,1.0
murcko_framework,O1CCC2CC3CCC4OC4C3CC=CCCC12,0,32,0.0,0.004416174792198275,3.7488973108613264,0.2295077850906168,61.23640225029506,1.0,1.0
murcko_framework,O1c2cc(OC3OCCCC3)ccc2CC(OC4OCCCC4OC5OC(COCC=Cc6ccccc6)CCC5)=C1c7ccccc7,0,55,0.0,0.007590300424090785,2.195230542464442,0.13557759518745932,35.54449485481419,1.0,1.0
murcko_framework,c1ccc(cc1)C=Cc2ccc3NCC4N(Cc3c2)CCC4,0,56,0.0,0.0077283058863469815,2.1563739284029575,0.13320710839678127,34.90766052247975,1.0,1.0
murcko_framework,O1C=CC2C(OCC=Cc3ccccc3)CCC2C1OC4OCCCC4,0,65,0.0,0.008970355046652747,1.8600551692623262,0.11509540255612229,30.060325224653926,1.0,1.0
murcko_framework,N1CC2=C(C1)C3CCCCC3CC2,0,34,0.0,0.004692185716710667,3.5315601825789646,0.21646778956224189,57.615580352157025,1.0,1.0
murcko_framework,O1C=CC2C(OCC=Cc3ccccc3)C=CC2C1OC4OCCCC4,0,34,0.0,0.004692185716710667,3.5315601825789646,0.21646778956224189,57.615580352157025,1.0,1.0
murcko_framework,O1C2CC3=C4CCCC4CCC3C5CCCCC125,0,32,0.0,0.004416174792198275,3.7488973108613264,0.2295077850906168,61.23640225029506,1.0,1.0
murcko_framework,O(CC=Cc1ccccc1)CCOCC=Cc2ccccc2,0,35,0.0,0.004830191178966863,3.4320748773792915,0.21048802227061886,55.96108432618532,1.0,1.0
murcko_framework,O1CCOC(CC=CCNC(CNCCC1)Cc2ccccc2)CC3OC3c4ccccc4,0,37,0.0,0.005106202103479255,3.249021915811894,0.19946756836778803,52.921602723717264,1.0,1.0
murcko_framework,O1c2ccc3C=CCOc3c2CN(C1)CCc4ccccc4,0,31,0.0,0.004278169329942079,3.867915262063572,0.2366350976839967,63.222947994312236,1.0,1.0
murcko_framework,O1c2ccccc2CC3OCc4ccccc4C13,0,47,0.0,0.006486256726041217,2.564981901533723,0.15808233649692185,41.61838887878318,1.0,1.0
murcko_framework,c1cc2cccc3c2c(c1)CCC3,0,37,0.0,0.005106202103479255,3.249021915811894,0.19946756836778803,52.921602723717264,1.0,1.0
murcko_framework,O1c2cc3OCCc3cc2CC=C1c4ccccc4,0,34,0.0,0.004692185716710667,3.5315601825789646,0.21646778956224189,57.615580352157025,1.0,1.0
murcko_framework,O1C=CC2C=CC34OCCC4OC1C23,0,38,0.0,0.005244207565735451,3.164627368595756,0.1943789821515663,51.52237279571842,1.0,1.0
murcko_framework,O1CCCCC1OC2CCCOC2OC3CC4C(CCC5C(CCC54)C6OCCC6)C7CCCCC37,0,50,0.0,0.006900273112809805,2.4125967498380914,0.14881894394266065,39.1121111541551,1.0,1.0
murcko_framework,O1CCCC1CCCCCCCCCCCC2OCCC2,0,43,0.0,0.005934234877016433,2.800857768526196,0.17238946975498262,45.50628440741406,1.0,1.0
murcko_framework,O1CCC(C1)CCC2CCCC3C=CCCC32,0,45,0.0,0.006210245801528825,2.6777357500411143,0.16492624657996455,43.47560740474222,1.0,1.0
murcko_framework,S1CC12CCC3C(CCC4C5CCCC5CCC34)C2,0,31,0.0,0.004278169329942079,3.867915262063572,0.2366350976839967,63.222947994312236,1.0,1.0
murcko_framework,O1c2ccccc2CC(OC3OC(COC4OCCCC4OC5OCCCC5)CCC3)=C1c6ccccc6,0,30,0.0,0.004140163867685883,3.9947376690823586,0.24421917283070577,65.3426545500901,1.0,1.0
murcko_framework,n1cscc1C=CC2OCCCCCCCCCCCC=CC2,0,41,0.0,0.0056582239525040405,2.935846969515864,0.18056004511200668,47.735906485118264,1.0,1.0
murcko_framework,C1=CCCCC=CCC2CC(=CCC2)C1,0,49,0.0,0.006762267650553609,2.46133947512794,0.15178372761905926,39.91331684136583,1.0,1.0
murcko_framework,O1c2c(cccc2CN3CCNCC3)C=C(c4ccccc4)C1,0,36,0.0,0.004968196641223059,3.338040821779601,0.20482969417506067,54.398931623380356,1.0,1.0
murcko_framework,O1CCCCC1OC(CCc2ccccc2)CCCCc3ccccc3,0,51,0.0,0.007038278575066001,2.365746945918722,0.1459677487671136,38.34243289627761,1.0,1.0
murcko_framework,O1C2NC3C4CC5C2CCC1C35C6CC7CCC4C6C7,0,31,0.0,0.004278169329942079,3.867915262063572,0.2366350976839967,63.222947994312236,1.0,1.0
murcko_framework,C1=CC2CCC=CC2CC1,2,58,0.06727211570803902,0.008004316810859374,8.409463898141807,2.052997827495326,34.44674032628093,0.025261675994562204,1.0
murcko_framework,O(CNc1ccccc1)C2COC3CCOC23,0,35,0.0,0.004830191178966863,3.4320748773792915,0.21048802227061886,55.96108432618532,1.0,1.0
murcko_framework,O1CCCCC1OC2CCCOC2OCC34CCCCC4C5=CCC6C(CCC7CCCCC76)C5CC3,0,33,0.0,0.004554180254454471,3.6369849089845876,0.22279718329341747,59.370854840481435,1.0,1.0
murcko_framework,n1c2NNCc2c(-c3ccccc3)c4oc5ccccc5c14,0,51,0.0,0.007038278575066001,2.365746945918722,0.1459677487671136,38.34243289627761,1.0,1.0
murcko_framework,O1CCCCC1OC2COC(OC3CCCOC3OCC45CCCCC5C6=CCC7C(CCC8CC(OC9OCCCC9)CCC87)C6CC4)CC2,0,64,0.0,0.00883234958439655,1.88889584090995,0.11686089430381194,30.531406755549067,1.0,1.0
murcko_framework,O1CCCCC1OCC23CCCCC3C4=CCC5C(CCC6CC(OC7OCC(OC8OCCCC8)CC7OC9OCCCC9)CCC65)C4CC2,0,37,0.0,0.005106202103479255,3.249021915811894,0.19946756836778803,52.921602723717264,1.0,1.0
murcko_framework,C1CCC(C1)C2CCC3CCCCC3C2,0,31,0.0,0.004278169329942079,3.867915262063572,0.2366350976839967,63.222947994312236,1.0,1.0
murcko_framework,O1CC2CCC3C(CCC4C5CCCCC5CCC43)C2C1,0,40,0.0,0.005520218490247844,3.0083411700473524,0.18494277520581456,48.93468579851472,1.0,1.0
murcko_framework,O(Cc1ccccc1)CC23C4OC5CC(O4)C3(OC6OCCCC6)CC52,0,61,0.0,0.008418333197627963,1.9810453039791873,0.12249797770827836,32.03759416962826,1.0,1.0
murcko_framework,n1c2ccccc2n3c1COCC3,0,47,0.0,0.006486256726041217,2.564981901533723,0.15808233649692185,41.61838887878318,1.0,1.0
murcko_framework,O1OC23C4OC1CCC3CCCC2CC(OCCCCNCCc5ccccc5)O4,0,38,0.0,0.005244207565735451,3.164627368595756,0.1943789821515663,51.52237279571842,1.0,1.0
murcko_framework,c1ccc(cc1)C2CCN(CC2)CC3NCCC3,0,36,0.0,0.004968196641223059,3.338040821779601,0.20482969417506067,54.398931623380356,1.0,1.0
murcko_framework,N=1OC2CN(c3ccccc3)CC2C1Cc4ccccc4,0,36,0.0,0.004968196641223059,3.338040821779601,0.20482969417506067,54.398931623380356,1.0,1.0
murcko_framework,c1ccc(cc1)CN2CC3N(CCC3)C4(CNC4)C2,0,73,0.0,0.010074398744702315,1.6575818825932929,0.10268461890982612,26.757441637041534,1.0,1.0
murcko_framework,O(CC=Cc1ccccc1)CC2CCCN3CCCCC32,0,31,0.0,0.004278169329942079,3.867915262063572,0.2366350976839967,63.222947994312236,1.0,1.0
murcko_framework,O1CC2CC1CC3C2C4OC4C53OCCC5,0,43,0.0,0.005934234877016433,2.800857768526196,0.17238946975498262,45.50628440741406,1.0,1.0
murcko_framework,c1ccc(cc1)C=CCc2cccc(c2)C3C=CCC(c4ccccc4)C3Cc5ccccc5,0,30,0.0,0.004140163867685883,3.9947376690823586,0.24421917283070577,65.3426545500901,1.0,1.0
murcko_framework,O(Cc1ccccc1)C2CC3C(CCC4C5C(=CCC43)C6CCCCC6CC5)CC2OC7OCCCC7,0,32,0.0,0.004416174792198275,3.7488973108613264,0.2295077850906168,61.23640225029506,1.0,1.0
murcko_framework,O1CCC(C1)Cc2ccccc2,0,36,0.0,0.004968196641223059,3.338040821779601,0.20482969417506067,54.398931623380356,1.0,1.0
murcko_framework,O1CCCC1CCC2CCC3C4=CCC5CCCCC5C4CCC32,0,41,0.0,0.0056582239525040405,2.935846969515864,0.18056004511200668,47.735906485118264,1.0,1.0
murcko_framework,C1CCC23CCC(CCC2C1)C3,0,32,0.0,0.004416174792198275,3.7488973108613264,0.2295077850906168,61.23640225029506,1.0,1.0
murcko_framework,O1C=CC2C(OC3OCCCC3OCC=Cc4ccccc4)C5OC5C2C1OC6OCCCC6,0,33,0.0,0.004554180254454471,3.6369849089845876,0.22279718329341747,59.370854840481435,1.0,1.0
murcko_framework,O1CCCCC1OC2CCCOC2OC3COC(OC4CCC5C(CCC6C5CCC7C6CC8OC9(OCCCC9)CC87)C4)CC3,0,33,0.0,0.004554180254454471,3.6369849089845876,0.22279718329341747,59.370854840481435,1.0,1.0
murcko_framework,N1CC2CNCC(C1)C2,0,57,0.0,0.007866311348603178,2.1188688487436123,0.13091807998588428,34.293240465030934,1.0,1.0
murcko_framework,O1CC2CCCC3CCCCC23C1,0,38,0.0,0.005244207565735451,3.164627368595756,0.1943789821515663,51.52237279571842,1.0,1.0
murcko_framework,O1c2ccccc2CC3=CC4CC5OCC(C4)C135,0,61,0.0,0.008418333197627963,1.9810453039791873,0.12249797770827836,32.03759416962826,1.0,1.0
murcko_framework,c1ccc(cc1)CC2=CC=CN(C2)CCc3ccccc3,0,39,0.0,0.005382213027991648,3.084505963010815,0.1895435270182853,50.195209435621834,1.0,1.0
murcko_framework,C1=CCCC2C=CCC2CC=CCC1,0,30,0.0,0.004140163867685883,3.9947376690823586,0.24421917283070577,65.3426545500901,1.0,1.0
murcko_framework,c1ccc(cc1)C2=CCC3C(C2)CCC4C5CCCC5CCC34,0,32,0.0,0.004416174792198275,3.7488973108613264,0.2295077850906168,61.23640225029506,1.0,1.0
murcko_framework,C1CC2C3CCC2CC1C3,0,50,0.0,0.006900273112809805,2.4125967498380914,0.14881894394266065,39.1121111541551,1.0,1.0
murcko_framework,c1cc2C=c3ccc(=Cc4ccc(C=c5ccc(=Cc1[nH]2)[nH]5)[nH]4)[nH]3,0,55,0.0,0.007590300424090785,2.195230542464442,0.13557759518745932,35.54449485481419,1.0,1.0
murcko_framework,O1c2ccc3c(c2)C(NCC3)Cc4cccc(c4)-c5cccc(c5)CC6NCCc7cccc1c76,0,36,0.0,0.004968196641223059,3.338040821779601,0.20482969417506067,54.398931623380356,1.0,1.0
murcko_framework,c1ccc(cc1)CCn2ccn3ccccc32,0,37,0.0,0.005106202103479255,3.249021915811894,0.19946756836778803,52.921602723717264,1.0,1.0
murcko_framework,N1=C(c2ccccc2)CNC13CCN(CCNc4ccccc4)CC3,0,59,0.0,0.00814232227311557,2.0476407142645185,0.12656816179765026,33.12707109878833,1.0,1.0
murcko_framework,O1c2cccc(C=CNCCNCC3NCCC13)c2,0,31,0.0,0.004278169329942079,3.867915262063572,0.2366350976839967,63.222947994312236,1.0,1.0
murcko_framework,n1cc(cn1-c2ccccc2)C3C=CC(NCc4ccccc4)C3,0,36,0.0,0.004968196641223059,3.338040821779601,0.20482969417506067,54.398931623380356,1.0,1.0
murcko_framework,C1#CCc2cccc3cc(ccc32)COc4cccc(c4)CCCCC(O1)CC5C=CC=CC5CCCCc6ccccc6,0,30,0.0,0.004140163867685883,3.9947376690823586,0.24421917283070577,65.3426545500901,1.0,1.0
murcko_framework,c1ccc(cc1)NCN2CCCCC2,0,37,0.0,0.005106202103479255,3.249021915811894,0.19946756836778803,52.921602723717264,1.0,1.0
murcko_framework,C=1C=C2N(CC1)CC3CC2CN4CCCCC43,0,35,0.0,0.004830191178966863,3.4320748773792915,0.21048802227061886,55.96108432618532,1.0,1.0
murcko_framework,O1CCCCC1OC2CC3CCCCC3C4CCC56CCCC6(C5)C24,0,40,0.0,0.005520218490247844,3.0083411700473524,0.18494277520581456,48.93468579851472,1.0,1.0
murcko_framework,c1ccc(cc1)N2CNC3CCCCC23,0,57,0.0,0.007866311348603178,2.1188688487436123,0.13091807998588428,34.293240465030934,1.0,1.0
murcko_framework,O(CNCc1ccccc1)CC2CCCN3CCCCC32,0,33,0.0,0.004554180254454471,3.6369849089845876,0.22279718329341747,59.370854840481435,1.0,1.0
murcko_framework,o1ccc2cc3C=C(COc3cc12)CCNc4ccccc4,0,60,0.0,0.008280327735371766,2.0137926338302385,0.1244998169522443,32.573226783333254,1.0,1.0
murcko_framework,O1Cc2ccccc2CCCCCCCCCC1,0,42,0.0,0.0057962294147602365,2.866764260774093,0.1763801992734908,46.594444051559776,1.0,1.0
murcko_framework,N1=C([N]c2ccccc12)C3=COc4ccccc4C3,0,35,0.0,0.004830191178966863,3.4320748773792915,0.21048802227061886,55.96108432618532,1.0,1.0
murcko_framework,O(CCCc1ccccc1)C2OCCCC2,0,69,0.0,0.009522376895677531,1.7529919565272618,0.10853642524166467,28.312898575819585,1.0,1.0
murcko_framework,O1CCCCC1OCCCC2C=CCCC2,0,34,0.0,0.004692185716710667,3.5315601825789646,0.21646778956224189,57.615580352157025,1.0,1.0
murcko_framework,O1CC2CC1C3CCC4C(=CCC5C4CCC6CCCCC65)C3C2,0,31,0.0,0.004278169329942079,3.867915262063572,0.2366350976839967,63.222947994312236,1.0,1.0
murcko_framework,C1=CC2C3CCCC3CCC42CC54CCCCC15,0,32,0.0,0.004416174792198275,3.7488973108613264,0.2295077850906168,61.23640225029506,1.0,1.0
murcko_framework,c1ccc2c(c1)c3c4n2CCNC4CCC3,0,31,0.0,0.004278169329942079,3.867915262063572,0.2366350976839967,63.222947994312236,1.0,1.0
murcko_framework,O1CC(CN2CCN(c3ccccc3)CC2)C4C1CC5CCCCC65OC46,0,43,0.0,0.005934234877016433,2.800857768526196,0.17238946975498262,45.50628440741406,1.0,1.0
murcko_framework,O1CC2CCC3OCC45CCC(CCC4C63COC1C26)C5,0,39,0.0,0.005382213027991648,3.084505963010815,0.1895435270182853,50.195209435621834,1.0,1.0
murcko_framework,O1CCCCC1OC2CCOC(OC3CCCOC3OC4COC(OC5CCOC(OC6CC7C(=CCC8CCCC78)C9CCCCC69)C5)C(OC%10OCCCC%10)C4)C2,0,50,0.0,0.006900273112809805,2.4125967498380914,0.14881894394266065,39.1121111541551,1.0,1.0
murcko_framework,O1C=CC2CC(OC12)C3CCCC45COC(CC34)CC65OC6,0,30,0.0,0.004140163867685883,3.9947376690823586,0.24421917283070577,65.3426545500901,1.0,1.0
murcko_framework,N1=CC=C2C=[N](OC3CCCOC3Oc4ccc5c(OC=C(c6ccccc6)C5)c4)C(=C12)c7ccccc7,0,51,0.0,0.007038278575066001,2.365746945918722,0.1459677487671136,38.34243289627761,1.0,1.0
murcko_framework,O1C=CC2C(OC3OCCC(OCC=Cc4ccccc4)C3)C5OC5C2C1OC6OCCCC6,0,34,0.0,0.004692185716710667,3.5315601825789646,0.21646778956224189,57.615580352157025,1.0,1.0
murcko_framework,O1C(=Cc2ccccc2)C=C(c3ccccc3)C1,0,55,0.0,0.007590300424090785,2.195230542464442,0.13557759518745932,35.54449485481419,1.0,1.0
murcko_framework,N1=C([N]c2ccccc12)COc3ccccc3,0,32,0.0,0.004416174792198275,3.7488973108613264,0.2295077850906168,61.23640225029506,1.0,1.0
murcko_framework,O1C2CCCCC12C=CC=CC=CC=CC=CC=CC=CC=CC=CC3C=CCCC3,0,44,0.0,0.006072240339272629,2.7379133658175303,0.16857530670648754,44.46777968361716,1.0,1.0
murcko_framework,C1CC2CCC3CCCC3(C1)C2,0,33,0.0,0.004554180254454471,3.6369849089845876,0.22279718329341747,59.370854840481435,1.0,1.0
murcko_framework,O1C=CC2CC3NC(Cc4c5ccccc5[nH]c43)C2C1,0,34,0.0,0.004692185716710667,3.5315601825789646,0.21646778956224189,57.615580352157025,1.0,1.0
murcko_framework,c1ccc2cc3c(cc2c1)CC=CC3,0,38,0.0,0.005244207565735451,3.164627368595756,0.1943789821515663,51.52237279571842,1.0,1.0
murcko_framework,n1cnn2c1N(Cc3ccccc3)C4CCCCC4C25CCCCC5,0,40,0.0,0.005520218490247844,3.0083411700473524,0.18494277520581456,48.93468579851472,1.0,1.0
murcko_framework,N1CC2CN3CCCCC3C(C1)C2,0,39,0.0,0.005382213027991648,3.084505963010815,0.1895435270182853,50.195209435621834,1.0,1.0
murcko_framework,O(c1ccc2C=C(COc2c1)Cc3ccccc3)CCNSc4ccccc4,0,30,0.0,0.004140163867685883,3.9947376690823586,0.24421917283070577,65.3426545500901,1.0,1.0
murcko_framework,O1CC=CC2OC2CCCC3OC(CCC3)CC(OC4OCCCC4)C=CC=CC=CC=CCC1,0,32,0.0,0.004416174792198275,3.7488973108613264,0.2295077850906168,61.23640225029506,1.0,1.0
murcko_framework,c1ccc2c(c1)CC3=CC4CC=CCC4CC3C2,0,59,0.0,0.00814232227311557,2.0476407142645185,0.12656816179765026,33.12707109878833,1.0,1.0
murcko_framework,O1c2ccc3-c4ccccc4CCc3c2CCC1c5ccccc5,0,41,0.0,0.0056582239525040405,2.935846969515864,0.18056004511200668,47.735906485118264,1.0,1.0
murcko_framework,O1c2c(ccc3c2CC=CC3)CC1,0,30,0.0,0.004140163867685883,3.9947376690823586,0.24421917283070577,65.3426545500901,1.0,1.0
murcko_framework,N(=Cc1ccccc1)NCc2ccccc2,0,39,0.0,0.005382213027991648,3.084505963010815,0.1895435270182853,50.195209435621834,1.0,1.0
murcko_framework,N1=CCN=CCN=CCN=CCN=CCN=CC1,0,33,0.0,0.004554180254454471,3.6369849089845876,0.22279718329341747,59.370854840481435,1.0,1.0
murcko_framework,O1c2cccc(OCCNSc3ccccc3)c2C=CC1,0,40,0.0,0.005520218490247844,3.0083411700473524,0.18494277520581456,48.93468579851472,1.0,1.0
murcko_framework,c1cc2[nH]cc3c2c(c1)C4=CCCNC4C3,0,33,0.0,0.004554180254454471,3.6369849089845876,0.22279718329341747,59.370854840481435,1.0,1.0
murcko_framework,O1C2CCC=CCC=CCCC12,0,37,0.0,0.005106202103479255,3.249021915811894,0.19946756836778803,52.921602723717264,1.0,1.0
murcko_framework,O(c1ccc(cc1)C=CCc2ccccc2)C3OCCCC3,0,38,0.0,0.005244207565735451,3.164627368595756,0.1943789821515663,51.52237279571842,1.0,1.0
murcko_framework,O1c2cccc(C=Cc3ccccc3)c2C(c4ccccc4)C1c5ccccc5,0,44,0.0,0.006072240339272629,2.7379133658175303,0.16857530670648754,44.46777968361716,1.0,1.0
murcko_framework,O1CCCNCCNCCNCCNCCNC(Cc2ccccc2)CN3CCCCC3C1,0,30,0.0,0.004140163867685883,3.9947376690823586,0.24421917283070577,65.3426545500901,1.0,1.0
murcko_framework,O1CCC2C=CCC3C4CC=CCC4CC1C23,0,47,0.0,0.006486256726041217,2.564981901533723,0.15808233649692185,41.61838887878318,1.0,1.0
murcko_framework,O1CC(CNCc2ccccc2)C3CC4C(CCCC54OC5)CC13,0,30,0.0,0.004140163867685883,3.9947376690823586,0.24421917283070577,65.3426545500901,1.0,1.0
murcko_framework,c1ccc(cc1)CC2NCC3N(CCC3)C2,0,37,0.0,0.005106202103479255,3.249021915811894,0.19946756836778803,52.921602723717264,1.0,1.0
murcko_framework,O1CCCCC1OC2CC3C(=CCC4CCCC34)C5CCCCC25,0,45,0.0,0.006210245801528825,2.6777357500411143,0.16492624657996455,43.47560740474222,1.0,1.0
murcko_framework,O1c2ccccc2C(=CC1)CN3CCN(c4ccccc4)CC3,0,78,0.0,0.010764426055983297,1.5519927084147764,0.09620109164695093,25.0379837248861,1.0,1.0
murcko_framework,O1CCCCC1OC2COC(Nc3ccccc3)CC2,0,31,0.0,0.004278169329942079,3.867915262063572,0.2366350976839967,63.222947994312236,1.0,1.0
murcko_framework,O1c2ccc-3c(OCc4ccccc34)c2CN(c5ccccc5)C1,0,40,0.0,0.005520218490247844,3.0083411700473524,0.18494277520581456,48.93468579851472,1.0,1.0
murcko_framework,O1CCCC1CCCC2OC3CC4OC5CCC6OC7CC8OC9CC%10OCCCC%10OC9CC8OC7CC=CCC6OC5CC4OC3CCC2,0,30,0.0,0.004140163867685883,3.9947376690823586,0.24421917283070577,65.3426545500901,1.0,1.0
murcko_framework,O1CCC2OC(CCOCCC3OC(CCOCCC4OC(CCOCCC5OC(CC1)CC5)CC4)CC3)CC2,0,30,0.0,0.004140163867685883,3.9947376690823586,0.24421917283070577,65.3426545500901,1.0,1.0
murcko_framework,O1CCCC(OC2OCCC(OC3OC(CCOC4OC(CCOC5OCCCC5)CCC4)CCC3)C2)C1,0,31,0.0,0.004278169329942079,3.867915262063572,0.2366350976839967,63.222947994312236,1.0,1.0
murcko_framework,O1CC2C1CCC3CCC4=CCCC4CC32,0,31,0.0,0.004278169329942079,3.867915262063572,0.2366350976839967,63.222947994312236,1.0,1.0
murcko_framework,O(CC=Cc1ccccc1)CC2OC(OC3OCCCC3)C(OCC=Cc4ccccc4)C2,0,32,0.0,0.004416174792198275,3.7488973108613264,0.2295077850906168,61.23640225029506,1.0,1.0
murcko_framework,c1ccc(cc1)C=CCN2CCCC2,0,51,0.0,0.007038278575066001,2.365746945918722,0.1459677487671136,38.34243289627761,1.0,1.0
murcko_framework,c1ccc(cc1)C=CCCCc2ccccc2,0,36,0.0,0.004968196641223059,3.338040821779601,0.20482969417506067,54.398931623380356,1.0,1.0
murcko_framework,N(OCCON1CCCC1)=C2C=C3CCC4C(CCC5CCCC54)C3CC2,0,30,0.0,0.004140163867685883,3.9947376690823586,0.24421917283070577,65.3426545500901,1.0,1.0
murcko_framework,O1CCCCC1OC2CC=C(C=CC=CC=CC=CC=CC=CC=CC=CC=CC3=CCCCC3)CC2,0,30,0.0,0.004140163867685883,3.9947376690823586,0.24421917283070577,65.3426545500901,1.0,1.0
murcko_framework,O1C2CCCCCCC1C3CCC=CC23,0,36,0.0,0.004968196641223059,3.338040821779601,0.20482969417506067,54.398931623380356,1.0,1.0
murcko_framework,c1ccc2c(c1)NC3CCNCC23,0,32,0.0,0.004416174792198275,3.7488973108613264,0.2295077850906168,61.23640225029506,1.0,1.0
murcko_framework,O1C(=Cc2ccccc2)C(=CC1)c3ccccc3,0,35,0.0,0.004830191178966863,3.4320748773792915,0.21048802227061886,55.96108432618532,1.0,1.0
murcko_framework,O(c1ccc(cc1)C2OCC3C(OCC23)c4ccc(OC5OCCCC5)cc4)C6OCCCC6,0,69,0.0,0.009522376895677531,1.7529919565272618,0.10853642524166467,28.312898575819585,1.0,1.0
murcko_framework,O1c2cc3OC(COC4OCCCC4)Cc3cc2C=CC1,0,31,0.0,0.004278169329942079,3.867915262063572,0.2366350976839967,63.222947994312236,1.0,1.0
murcko_framework,O(Cc1ccccc1)CC2COC(OCC3OC(Oc4ccccc4)CCC3)C2,0,30,0.0,0.004140163867685883,3.9947376690823586,0.24421917283070577,65.3426545500901,1.0,1.0
murcko_framework,O1CCC2CCC3COC1C32,0,34,0.0,0.004692185716710667,3.5315601825789646,0.21646778956224189,57.615580352157025,1.0,1.0
murcko_framework,c1ccc(cc1)CC2c3ccccc3C(c4ccccc4)C2c5ccccc5,0,33,0.0,0.004554180254454471,3.6369849089845876,0.22279718329341747,59.370854840481435,1.0,1.0
murcko_framework,O1CCC2CC=CC3CCCC3C12,0,50,0.0,0.006900273112809805,2.4125967498380914,0.14881894394266065,39.1121111541551,1.0,1.0
murcko_framework,o1ccc2c1-c3ccc4c(c3CC2)CCCC4,0,40,0.0,0.005520218490247844,3.0083411700473524,0.18494277520581456,48.93468579851472,1.0,1.0
murcko_framework,O1C=CCc2ccc3c(c12)Cc4ccccc4C3,0,37,0.0,0.005106202103479255,3.249021915811894,0.19946756836778803,52.921602723717264,1.0,1.0
murcko_framework,N1=C[N]C2=C1NCN(Cc3ccccc3)C2,0,30,0.0,0.004140163867685883,3.9947376690823586,0.24421917283070577,65.3426545500901,1.0,1.0
murcko_framework,O1c2ccccc2CC(OC3OC(COCC=Cc4ccccc4)CC(OCC=Cc5ccccc5)C3)=C1c6ccccc6,0,30,0.0,0.004140163867685883,3.9947376690823586,0.24421917283070577,65.3426545500901,1.0,1.0
murcko_framework,O1c2cc(OC3OCCCC3)ccc2CC(OC4OCCCC4OC5OCCCC5OCC=Cc6ccccc6)=C1c7ccccc7,0,43,0.0,0.005934234877016433,2.800857768526196,0.17238946975498262,45.50628440741406,1.0,1.0
murcko_framework,O(Cc1ccccc1)C2CC34OC5OC2C(O5)C4C6OC6CC7CC=CC73,0,36,0.0,0.004968196641223059,3.338040821779601,0.20482969417506067,54.398931623380356,1.0,1.0
murcko_framework,O(CC1=CCCCC1)C2OCCCC2,0,38,0.0,0.005244207565735451,3.164627368595756,0.1943789821515663,51.52237279571842,1.0,1.0
murcko_framework,o1ccc(c1)C2OCCC34OC5CCCCC5CC(CC23)C4,0,40,0.0,0.005520218490247844,3.0083411700473524,0.18494277520581456,48.93468579851472,1.0,1.0
murcko_framework,c1ccc(cc1)NCCCc2ccccc2,0,39,0.0,0.005382213027991648,3.084505963010815,0.1895435270182853,50.195209435621834,1.0,1.0
murcko_framework,O1CCC(CC1)C2N3CC4CN2CC(C3)C4,0,30,0.0,0.004140163867685883,3.9947376690823586,0.24421917283070577,65.3426545500901,1.0,1.0
murcko_framework,C1=CCC2N(C1)CC3CCCN4CCCC2C43,0,30,0.0,0.004140163867685883,3.9947376690823586,0.24421917283070577,65.3426545500901,1.0,1.0
murcko_framework,O1c2cc3c(cc2OC1)C4C(OC3)CC=C5CCNC54,0,30,0.0,0.004140163867685883,3.9947376690823586,0.24421917283070577,65.3426545500901,1.0,1.0
murcko_framework,N1=CCCC2(C1)C3CC4=CCCC42CCC3,0,30,0.0,0.004140163867685883,3.9947376690823586,0.24421917283070577,65.3426545500901,1.0,1.0
murcko_framework,O1CCCCC1OCC2CCCC3C4C(=CCC23)CCCC4,0,33,0.0,0.004554180254454471,3.6369849089845876,0.22279718329341747,59.370854840481435,1.0,1.0
murcko_framework,O1c2c(cccc2CCC1c3ccccc3)Cc4ccccc4,0,31,0.0,0.004278169329942079,3.867915262063572,0.2366350976839967,63.222947994312236,1.0,1.0
murcko_framework,c1ccc2c(c1)ccc3c2CC=CC3,0,39,0.0,0.005382213027991648,3.084505963010815,0.1895435270182853,50.195209435621834,1.0,1.0
murcko_framework,O1CCCCC1C2CCCC3CCCCC32,0,31,0.0,0.004278169329942079,3.867915262063572,0.2366350976839967,63.222947994312236,1.0,1.0
murcko_framework,n1cscc1C2CCNCC2,0,33,0.0,0.004554180254454471,3.6369849089845876,0.22279718329341747,59.370854840481435,1.0,1.0
murcko_framework,[N]1C=NC(=C1)C=CCOC2CC3C=CCCC3C=C(COC4OCCCC4)C5OC2C=C5,0,31,0.0,0.004278169329942079,3.867915262063572,0.2366350976839967,63.222947994312236,1.0,1.0
murcko_framework,O1CCN2C(C1)CNCC23CNC3,0,52,0.0,0.007176284037322197,2.3206818964343765,0.14322373735831748,37.60245727260023,1.0,1.0
murcko_framework,O1CCCCC1OC2CCOC(OC3COC(OC4CCCOC4OCC56CCCCC6C7=CCC8C(CCC9CC(OC%10OC(COC%11OCCCC%11OC%12OCCCC%12)CCC%10)CCC98)C7CC5)CC3)C2,0,31,0.0,0.004278169329942079,3.867915262063572,0.2366350976839967,63.222947994312236,1.0,1.0
murcko_framework,C12=C(CCC1)CCCCC2,3,32,0.10090817356205853,0.004416174792198275,22.87174873737374,7.00002137471824,74.73075613667154,0.00040451539419893905,0.03111199281853605
murcko_framework,O1C(=CCC=C1CN2CCCCC2)Cc3ccccc3,0,30,0.0,0.004140163867685883,3.9947376690823586,0.24421917283070577,65.3426545500901,1.0,1.0
murcko_framework,n1oc(-c2ccccc2)c(c1)-c3ccccc3,0,30,0.0,0.004140163867685883,3.9947376690823586,0.24421917283070577,65.3426545500901,1.0,1.0
murcko_framework,c1ccc(cc1)CN2CCNC(CNC3CNCCC3)C2,0,37,0.0,0.005106202103479255,3.249021915811894,0.19946756836778803,52.921602723717264,1.0,1.0
murcko_framework,O1c2ccccc2C=C(C1)CNc3ccccc3,0,35,0.0,0.004830191178966863,3.4320748773792915,0.21048802227061886,55.96108432618532,1.0,1.0
murcko_framework,O1C=CC(CC1OC2OCCCC2)CC3NCCc4c5ccccc5[nH]c43,0,38,0.0,0.005244207565735451,3.164627368595756,0.1943789821515663,51.52237279571842,1.0,1.0
murcko_framework,N1=CC=CN(C1)C2OC(COPOPOC3OCCCC3)CC2,0,35,0.0,0.004830191178966863,3.4320748773792915,0.21048802227061886,55.96108432618532,1.0,1.0
murcko_framework,c1cc2[nH]cc3c2c(c1)CNCC3,0,30,0.0,0.004140163867685883,3.9947376690823586,0.24421917283070577,65.3426545500901,1.0,1.0
murcko_framework,O1CCC2CCC=CCCC=CCCC3OC3C12,0,32,0.0,0.004416174792198275,3.7488973108613264,0.2295077850906168,61.23640225029506,1.0,1.0
murcko_framework,n1nc(-c2ccccc2)n3NC4(CCCCC4)C(Sc13)CNc5ccccc5,0,34,0.0,0.004692185716710667,3.5315601825789646,0.21646778956224189,57.615580352157025,1.0,1.0
murcko_framework,O1CC=C(C1)C2CCC3C2CCC4C5CCC(OC6OCC(OC7OCC(OC8OCC(OC9OCCCC9)CC8)CC7)CC6)CC5CCC34,0,46,0.0,0.006348251263785021,2.620146418814221,0.1614317970913098,42.52673500340135,1.0,1.0
murcko_framework,n1c(nn2c1NC3CCCCC3C24CCCCC4)-c5ccccc5,0,34,0.0,0.004692185716710667,3.5315601825789646,0.21646778956224189,57.615580352157025,1.0,1.0
murcko_framework,c1ccc(cc1)CNCCC2CCC3CCCCC3C2,0,44,0.0,0.006072240339272629,2.7379133658175303,0.16857530670648754,44.46777968361716,1.0,1.0
murcko_framework,n1cn(c2c1CCN(Cc3ccccc3)C2)Cc4ccccc4,0,33,0.0,0.004554180254454471,3.6369849089845876,0.22279718329341747,59.370854840481435,1.0,1.0
murcko_framework,O1CC=CCC=CCCC1,0,33,0.0,0.004554180254454471,3.6369849089845876,0.22279718329341747,59.370854840481435,1.0,1.0
murcko_framework,O(CCCCCCC1CCC2C1CCC3C4CCCCC4CCC23)C5OCCCC5,0,32,0.0,0.004416174792198275,3.7488973108613264,0.2295077850906168,61.23640225029506,1.0,1.0
murcko_framework,O1CC=C2CC3CC4CC4C3CC12,0,32,0.0,0.004416174792198275,3.7488973108613264,0.2295077850906168,61.23640225029506,1.0,1.0
collections,Super Natural II,1319,308088,44.36596030945173,42.51782685558695,1.0781306924603304,1.0027298662917221,1.1592013254014586,0.042765897517807655,0.04828407784268606
collections,Latin America dataset,216,11789,7.265388496468214,1.6269463945382958,4.737180073529012,4.119644976294515,5.447283729100646,2.377498873419998e-71,5.738790384117237e-71
collections,NPASS,1437,78654,48.33501513622603,10.854681628298849,7.683286058441084,7.147306712379172,8.259458706814671,0.0,0.0
collections,Supernatural3,222,123957,7.467204843592331,17.1067430848913,0.3910337606167981,0.3410088392919748,0.4483971801422857,3.693323648851361e-53,8.33976307805146e-53
collections,ZINC NP,194,77208,6.5253952236797845,10.655125729876389,0.5853616233538623,0.5059776956318767,0.677200266046435,9.432989136806005e-15,1.4049132756945113e-14
collections,AnalytiCon Discovery NPs,32,3723,1.0763538513286244,0.513794335979818,2.1068252222987263,1.4848903293263616,2.9892527613993916,0.00015138575986907066,0.00018591233668131484
collections,GNPS (Global Natural Products Social Molecular Networking),77,5934,2.589976454759502,0.8189244130282677,3.220157866829787,2.5642969625573313,4.043765928328563,1.2101303635063849e-17,1.8415027270749336e-17
collections,NPAtlas,104,33679,3.498150016818029,4.647885963326429,0.7436655324507927,0.6113338610321727,0.9046422248255217,0.00254576714187543,0.0029700616655213346
collections,FooDB,1961,61066,65.96030945173226,8.427441558136872,21.0555543383437,19.50853996758773,22.725245929809258,0.0,0.0
collections,CMNPD,22,30120,0.7399932727884292,4.156724523156626,0.17189524968014533,0.11299078015114529,0.2615078577479846,1.0146877439801847e-29,1.8212344122721263e-29
collections,KNApSaCK,533,46290,17.928018836192397,6.388272847839318,3.20098901614554,2.913274719126763,3.5171179065995077,3.7828065390606675e-101,1.151288946670638e-100
collections,Wikidata Natural Products,1655,192395,55.66767574840229,26.55156091078085,3.473562368390365,3.230492825108024,3.7349210106028385,2.4684490135962547e-244,1.3291648534749062e-243
collections,UNPD (Universal Natural Products Database),941,29933,31.651530440632357,4.130917501714718,10.747265283542694,9.939395404091496,11.620798487128862,0.0,0.0
collections,InterBioScreen Ltd,110,58197,3.699966363942146,8.031503886923845,0.43996035938755745,0.3636038282282129,0.5323517048091672,1.002830885498542e-21,1.5599591552199544e-21
collections,NPEdia,347,40086,11.67171207534477,5.532086960001877,2.256472660322576,2.016570441450079,2.524914955671927,1.1230650607346981e-37,2.183737618095246e-37
collections,TCMDB-Taiwan (Traditional Chinese Medicine database),672,53155,22.60343087790111,7.335680346228104,3.689137116771362,3.383797514858305,4.0220292752682685,5.922149492729451e-150,2.1818445499529556e-149
collections,ChEBI NPs,561,13543,18.869828456104944,1.8690079753356639,12.211825572719729,11.122549307747098,13.407779070456453,0.0,0.0
collections,UEFS (Natural Products Databse of the UEFS),18,462,0.6054490413723511,0.0637585235623626,9.547722328432988,5.953845564421448,15.31094494717819,3.3532506882666883e-12,4.790358126095269e-12
collections,TCMID (Traditional Chinese Medicine Integrated Database),530,4337,17.82711066263034,0.5985296898051224,36.02960598250676,32.6483336546545,39.76106471423598,0.0,0.0
collections,CMAUP (cCollective molecular activities of useful plants),1303,42319,43.82778338378742,5.840253157219963,12.57944712196628,11.69259649515582,13.533562879716644,0.0,0.0
collections,ChemSpider NPs,112,7911,3.767238479650185,1.0917612119087674,3.546540901927512,2.932594536030705,4.289018551493719,5.398034911738858e-28,8.996724852898099e-28
collections,Lichen Database,2,1253,0.06727211570803902,0.1729208442070137,0.3886228756135057,0.09704084858268663,1.556331603195148,0.26005172356712714,0.28005570230306
collections,EMNPD,392,5065,13.185334678775648,0.6989976663276333,21.57625016589834,19.332983372521877,24.079810252311905,0.0,0.0
collections,DrugBankNP,242,7298,8.139926000672721,1.0071638635457192,8.709581704492305,7.6214119671085205,9.953118109164006,7.854752343188707e-132,2.6182507810629023e-131
collections,Marine Natural Products,137,7364,4.608139926000673,1.016272224054628,4.705091680335625,3.9577166538778985,5.59360097157842,3.6993341843762574e-46,7.616276261951118e-46
collections,NPACT,69,1451,2.320887991927346,0.20024592573374053,11.841814707440294,9.275770171196278,15.117728552697015,9.652994368903588e-48,2.11159251819766e-47
collections,TIPdb (database of Taiwan indigenous plants),264,8122,8.87991927346115,1.1208803644448246,8.596867864730632,7.562113569780718,9.77321173527169,5.465582570464632e-142,1.9129538996626213e-141
collections,PubChem NPs,127,2084,4.271779347460478,0.28760338334191266,15.471199602634536,12.885432778601256,18.575861692597485,4.102191829638474e-99,1.1964726169778881e-98
collections,Australian natural products,762,13746,25.630676084762865,1.8970230841736715,17.822794483595672,16.386095264402442,19.385460543157187,0.0,0.0
collections,ANPDB,267,5576,8.98082744702321,0.7695184575405495,12.723585917791485,11.189768065708236,14.467649164556237,2.2024907946581584e-183,9.635897226629443e-183
collections,AfroDB,15,885,0.5045408678102926,0.12213483409673355,4.146892655367232,2.486191844278128,6.9168912828333236,6.967163957938775e-06,8.867299582831168e-06
collections,NANPDB (Natural Products from Northern African Sources),267,5576,8.98082744702321,0.7695184575405495,12.723585917791485,11.189768065708236,14.467649164556237,2.2024907946581584e-183,9.635897226629443e-183
collections,TerPenoids database embedded with Content information (TPCN),6,1805,0.20181634712411706,0.24909985937243395,0.8097986438076459,0.36303319557569963,1.806374324730204,0.852179629134615,0.8772437358738684
collections,CyanoMetNP,0,1718,0.0,0.2370933841561449,0.07073358063143256,0.004421485061713683,1.1315744278471485,0.001818913867255391,0.00215803340182843
collections,ChEMBL NPs,15,1365,0.5045408678102926,0.18837745597970768,2.686861481993328,1.6132657890354376,4.474913354318208,0.0007335977543004241,0.0008853766000177533
collections,VietHerb,337,4189,11.335351496804574,0.5781048813912054,21.986692149502037,19.551555096991077,24.725124384165746,1.3365646981360836e-301,8.505411715411442e-301
collections,StreptomeDB,165,5994,5.549949545913219,0.8272047407636395,7.044762889670297,6.008876730832105,8.259228204337491,2.448550757402185e-78,6.121376893505463e-78
collections,BIOFACQUIM,20,552,0.6727211570803902,0.07617901516542025,8.883829757996045,5.678238728168789,13.899104096757178,7.727230647911274e-13,1.1268878028203943e-12
collections,BitterDB,86,342,2.8927009754456776,0.047197868091619063,63.084731514735346,49.66187453597803,80.13558464055004,2.4443984921070372e-115,7.777631565795118e-115
collections,HIT (Herbal Ingredients Targets),72,335,2.4217961654894045,0.04623182985582569,53.65903471268271,41.4900314102296,69.39719996420587,1.8502714464335738e-92,5.180760050014007e-92
collections,Phenol-explorer,36,595,1.2108980827447022,0.08211325004243668,14.91518184393267,10.63377845346905,20.920376553924235,4.867934952468517e-29,8.518886166819904e-29
collections,PhytoLab phyproof® Reference Substances,71,980,2.388160107635385,0.13524535301107218,18.06553502862206,14.15940867687366,23.049236258249618,8.210906968752735e-61,1.9158782927089713e-60
collections,ETM (Ethiopian Traditional Medicine) DB,253,1153,8.509922637066936,0.1591202979813941,58.362573338095,50.67794046486317,67.21247815913411,0.0,0.0
collections,ConMedNP,34,2577,1.1436259670366633,0.35564007623421734,3.2413158884644875,2.3064378890594552,4.555131850134771,8.406399323779164e-09,1.1316306782010412e-08
collections,AfroCancer,2,372,0.06727211570803902,0.05133803195930495,1.310584756589686,0.3264044508482916,5.262282422133939,0.6681358527482292,0.6980523834682991
collections,HIM (Herbal Ingredients in-vivo Metabolism database),45,732,1.513622603430878,0.10101999837153555,15.198304387261489,11.223196313744596,20.58134329923192,3.447010327561037e-36,6.521370889980341e-36
collections,Watermelon,130,388,4.372687521022536,0.053546119355404084,85.3504628840596,69.7389377378168,104.45673178891877,8.463490930684252e-188,4.2317454653421264e-187
collections,NuBBEDB,108,1846,3.632694248234107,0.254758083324938,14.759217892939596,12.11438225237425,17.981479226361355,1.05366962035705e-82,2.7317360527775373e-82
collections,Phyto4Health,486,2378,16.347124117053482,0.3281769892452343,59.35055154761023,53.423424550817565,65.93527087831801,0.0,0.0
collections,SANCDB,39,932,1.311806256306761,0.12862109082277476,10.321275134504155,7.476893227533493,14.247725246342174,9.89288457638454e-26,1.5738680007884496e-25
collections,Nat-UV DB,24,174,0.8072653884964682,0.02401295043257812,33.88337367430222,22.078811608062047,51.999311916460925,1.079345994129348e-27,1.757074874164055e-27
collections,NAPRORE-CR,210,723,7.063572149344097,0.09977794921122977,76.09748259078548,64.96810937243278,89.13337501417358,3.066661680663316e-292,1.7888859803869344e-291
collections,Mitishamba database,53,690,1.7827110662630339,0.09522376895677531,19.042935775263054,14.367546425733982,25.239758563875178,5.266309063537065e-47,1.1170958619624078e-46
collections,TPPT (Toxic Plants–PhytoToxins),59,1381,1.984527413387151,0.19058554337580683,10.603372467903208,8.150548461822435,13.794348714043275,1.3424618385045002e-38,2.6849236770090004e-38
collections,Seaweed Metabolite Database (SWMD),5,826,0.16818028927009754,0.11399251182361798,1.4761634186773527,0.6123423189047564,3.5585625415187736,0.4013339052356541,0.4256571722196331
collections,p-ANAPL,14,302,0.47090480995627315,0.04167764960137122,11.34746390515858,6.632307828932372,19.414801061730053,9.459931418533899e-11,1.2984219594066133e-10
collections,NPCARE,27,247,0.9081735620585267,0.034087349177280436,26.87755303973548,18.036012637556414,40.05335724258329,1.745212758118854e-28,2.979631538251702e-28
collections,InflamNat,19,620,0.6390850992263707,0.08556338659884158,7.510751414156856,4.751323513192533,11.872773270148254,4.5127261640906304e-11,6.317816629726883e-11
collections,Carotenoids Database,20,1156,0.6727211570803902,0.1595343143681627,4.238566843641502,2.7202234021793354,6.604402003755971,1.6424446993127035e-07,2.1692665839979105e-07
collections,AfroMalariaDB,4,252,0.13454423141607805,0.03477737648856142,3.872593519275904,1.44128922132956,10.405254090295157,0.021651997444685295,0.02484655444472083
collections,ReSpect,61,155,2.0517995290951903,0.021390846649710395,97.90786511875221,72.6431737058075,131.95940599915474,2.3524783728464684e-92,6.333595619202031e-92
collections,Spektraris NMR,0,231,0.0,0.0318792617811813,0.5261585328428476,0.032804623853335435,8.439139644492213,1.0,1.0
collections,NCI DTP data,7,251,0.23545240497813658,0.034639371026305224,6.810930250676324,3.211081812500784,14.446461843166297,0.0001078266868724671,0.00013478335859058388
collections,Exposome-explorer,105,270,3.5317860746720484,0.03726147480917295,98.21736014256935,78.16347307262355,123.41634083240187,1.4289992177191413e-157,5.557219180018883e-157
collections,Specs Natural Products,5,604,0.16818028927009754,0.08335529920274244,2.019345981863944,0.8368525869414043,4.872731778692079,0.1067901563697962,0.11865572929977357
collections,NPDBEjeCol,89,73,2.993609149007736,0.010074398744702315,306.2893241882469,224.27777954477642,418.2899897712041,8.484627458863296e-167,3.493670130120181e-166
collections,PeruNPDB,22,65,0.7399932727884292,0.008970355046652747,83.10073768996168,51.17580394766093,134.94136040693206,4.594195039987106e-33,8.462990863134142e-33
collections,Indofine Chemical Company,1,38,0.03363605785401951,0.005244207565735451,6.415766451795707,0.8805981920500046,46.74329283843214,0.14759201226779117,0.16142876341789658
collections,Piel Lab DB,0,57,0.0,0.007866311348603178,2.1188688487436123,0.13091807998588428,34.293240465030934,1.0,1.0
collections,InPACdb,5,27,0.16818028927009754,0.0037261474809172947,45.209518818009386,17.398605589161765,117.47496552420066,2.085633911226031e-07,2.7035995145522624e-07
