set,background,tag,Obs,Total,set_size,Exp,Obs_over_Exp,p,enriched
node_21_gain,pool,lactonic,1,11,3,0.044,22.848,0.04322,False
node_21_gain,pool,cucumber,1,12,3,0.048,20.944,0.04661,False
node_21_gain,pool,fresh,2,104,3,0.414,4.833,0.05109,False
node_21_gain,pool,leafy,1,13,3,0.052,19.333,0.05147,False
node_21_gain,pool,milky,1,13,3,0.052,19.333,0.05227,False
node_21_gain,pool,fatty,2,108,3,0.43,4.654,0.05482,False
node_21_gain,pool,peach,1,16,3,0.064,15.708,0.06377,False
node_21_gain,pool,coconut,1,24,3,0.095,10.472,0.09294,False
node_21_gain,pool,buttery,1,25,3,0.099,10.053,0.09693,False
node_21_gain,pool,dairy,1,26,3,0.103,9.667,0.10028,False
node_21_gain,pool,banana,1,28,3,0.111,8.976,0.10671,False
node_21_gain,pool,balsamic,1,38,3,0.151,6.614,0.14392,False
node_21_gain,pool,creamy,1,43,3,0.171,5.845,0.16295,False
node_21_gain,pool,vegetable,1,45,3,0.179,5.585,0.17196,False
node_21_gain,pool,nutty,1,51,3,0.203,4.928,0.18768,False
node_21_gain,pool,oily,1,66,3,0.263,3.808,0.24031,False
node_21_gain,pool,sweet,2,253,3,1.007,1.987,0.2612,False
node_21_gain,pool,herbal,1,90,3,0.358,2.793,0.31609,False
node_21_gain,pool,waxy,1,96,3,0.382,2.618,0.33724,False
node_21_gain,pool,green,1,173,3,0.688,1.453,0.54352,False
node_21_gain,pool,fruity,1,200,3,0.796,1.257,0.603,False
node_2_gain,pool,sour,14,18,89,2.125,6.589,1e-05,True
node_2_gain,pool,odorless,10,14,89,1.653,6.051,1e-05,True
node_2_gain,pool,waxy,25,96,89,11.332,2.206,2e-05,True
node_2_gain,pool,cheesy,14,42,89,4.958,2.824,0.00014,True
node_2_gain,pool,dairy,9,26,89,3.069,2.933,0.00157,True
node_2_gain,pool,acidic,5,9,89,1.062,4.707,0.00162,True
node_2_gain,pool,fatty,22,108,89,12.748,1.726,0.00393,True
node_2_gain,pool,coconut,7,24,89,2.833,2.471,0.01698,False
node_2_gain,pool,pineapple,8,30,89,3.541,2.259,0.01807,False
node_2_gain,pool,creamy,9,43,89,5.076,1.773,0.05605,False
node_2_gain,pool,milky,4,13,89,1.534,2.607,0.05755,False
node_2_gain,pool,tobacco,3,11,89,1.298,2.311,0.13092,False
node_2_gain,pool,sharp,4,19,89,2.243,1.784,0.17611,False
node_2_gain,pool,rummy,2,8,89,0.944,2.118,0.23991,False
node_2_gain,pool,soapy,3,16,89,1.889,1.588,0.29314,False
node_2_gain,pool,buttery,4,25,89,2.951,1.356,0.34093,False
node_2_gain,pool,winey,4,26,89,3.069,1.303,0.36686,False
node_2_gain,pool,orris,2,11,89,1.298,1.54,0.38153,False
node_2_gain,pool,radish,1,4,89,0.472,2.118,0.39904,False
node_2_gain,pool,banana,4,28,89,3.305,1.21,0.42544,False
node_2_gain,pool,aldehydic,5,37,89,4.367,1.145,0.44667,False
node_2_gain,pool,pear,3,21,89,2.479,1.21,0.45942,False
node_2_gain,pool,strawberry,2,13,89,1.534,1.303,0.4654,False
node_2_gain,pool,estery,2,13,89,1.534,1.303,0.46569,False
node_2_gain,pool,apricot,2,13,89,1.534,1.303,0.46747,False
node_2_gain,pool,honey,2,15,89,1.771,1.13,0.54511,False
node_2_gain,pool,brown,1,8,89,0.944,1.059,0.63504,False
node_2_gain,pool,brandy,1,8,89,0.944,1.059,0.63522,False
node_2_gain,pool,animal,3,28,89,3.305,0.908,0.65982,False
node_2_gain,pool,orange,3,28,89,3.305,0.908,0.66349,False
node_2_gain,pool,cabbage,1,9,89,1.062,0.941,0.67955,False
node_2_gain,pool,cinnamon,1,9,89,1.062,0.941,0.68175,False
node_2_gain,pool,almond,1,10,89,1.18,0.847,0.71667,False
node_2_gain,pool,coumarinic,1,10,89,1.18,0.847,0.71898,False
node_2_gain,pool,pungent,4,40,89,4.721,0.847,0.71956,False
node_2_gain,pool,berry,2,21,89,2.479,0.807,0.73326,False
node_2_gain,pool,cognac,1,11,89,1.298,0.77,0.75083,False
node_2_gain,pool,grassy,1,11,89,1.298,0.77,0.7513,False
node_2_gain,pool,lactonic,1,11,89,1.298,0.77,0.75207,False
node_2_gain,pool,lemon,1,12,89,1.416,0.706,0.78053,False
node_2_gain,pool,cucumber,1,12,89,1.416,0.706,0.78226,False
node_2_gain,pool,ripe,1,14,89,1.653,0.605,0.83154,False
node_2_gain,pool,peach,1,16,89,1.889,0.529,0.8694,False
node_2_gain,pool,smoky,1,16,89,1.889,0.529,0.86974,False
node_2_gain,pool,vanilla,1,17,89,2.007,0.498,0.88642,False
node_2_gain,pool,tropical,3,43,89,5.076,0.591,0.90411,False
node_2_gain,pool,citrus,6,76,89,8.971,0.669,0.91113,False
node_2_gain,pool,chocolate,1,19,89,2.243,0.446,0.91205,False
node_2_gain,pool,vegetable,3,45,89,5.312,0.565,0.91851,False
node_2_gain,pool,fermented,1,22,89,2.597,0.385,0.93923,False
node_2_gain,pool,fruity,18,200,89,23.607,0.762,0.94423,False
node_2_gain,pool,burnt,1,23,89,2.715,0.368,0.94713,False
node_2_gain,pool,rose,3,50,89,5.902,0.508,0.95074,False
node_2_gain,pool,balsamic,2,38,89,4.485,0.446,0.95152,False
node_2_gain,pool,apple,2,43,89,5.076,0.394,0.97236,False
node_2_gain,pool,ethereal,1,33,89,3.895,0.257,0.98575,False
node_2_gain,pool,green,13,173,89,20.42,0.637,0.9859,False
node_2_gain,pool,powdery,2,49,89,5.784,0.346,0.98658,False
node_2_gain,pool,musk,1,34,89,4.013,0.249,0.98722,False
node_2_gain,pool,musty,2,50,89,5.902,0.339,0.98752,False
node_2_gain,pool,nutty,2,51,89,6.02,0.332,0.98877,False
node_2_gain,pool,oily,3,66,89,7.79,0.385,0.99065,False
node_2_gain,pool,phenolic,1,40,89,4.721,0.212,0.99445,False
node_2_gain,pool,sulfurous,1,46,89,5.43,0.184,0.99787,False
node_2_gain,pool,floral,8,154,89,18.178,0.44,0.99936,False
node_2_gain,pool,fresh,3,104,89,12.276,0.244,0.99989,False
node_2_gain,pool,sweet,15,253,89,29.863,0.502,0.9999,False
node_2_gain,pool,herbal,2,90,89,10.623,0.188,0.99992,False
node_32_gain,pool,horseradish,2,5,15,0.099,20.107,0.00355,True
node_32_gain,pool,beefy,2,6,15,0.119,16.756,0.00555,True
node_32_gain,pool,burnt,3,23,15,0.458,6.557,0.00875,True
node_32_gain,pool,sulfurous,4,46,15,0.915,4.371,0.01018,False
node_32_gain,pool,meaty,3,39,15,0.776,3.867,0.03759,False
node_32_gain,pool,orangeflower,1,2,15,0.04,25.133,0.03896,False
node_32_gain,pool,pungent,3,40,15,0.796,3.77,0.04047,False
node_32_gain,pool,vegetable,3,45,15,0.895,3.351,0.05613,False
node_32_gain,pool,savory,2,20,15,0.398,5.027,0.05752,False
node_32_gain,pool,radish,1,4,15,0.08,12.567,0.07835,False
node_32_gain,pool,coffee,2,25,15,0.497,4.021,0.08435,False
node_32_gain,pool,cooked,1,6,15,0.119,8.378,0.11394,False
node_32_gain,pool,roasted,2,34,15,0.676,2.957,0.14593,False
node_32_gain,pool,brown,1,8,15,0.159,6.283,0.14805,False
node_32_gain,pool,solvent,1,8,15,0.159,6.283,0.14954,False
node_32_gain,pool,cinnamon,1,9,15,0.179,5.585,0.1652,False
node_32_gain,pool,geranium,1,11,15,0.219,4.57,0.19812,False
node_32_gain,pool,plum,1,11,15,0.219,4.57,0.19955,False
node_32_gain,pool,tobacco,1,11,15,0.219,4.57,0.19981,False
node_32_gain,pool,mint,1,11,15,0.219,4.57,0.20129,False
node_32_gain,pool,ketonic,1,12,15,0.239,4.189,0.21467,False
node_32_gain,pool,grape,1,12,15,0.239,4.189,0.21591,False
node_32_gain,pool,chicken,1,12,15,0.239,4.189,0.21625,False
node_32_gain,pool,powdery,2,49,15,0.975,2.052,0.25437,False
node_32_gain,pool,honey,1,15,15,0.298,3.351,0.26263,False
node_32_gain,pool,rose,2,50,15,0.995,2.011,0.2638,False
node_32_gain,pool,nutty,2,51,15,1.015,1.971,0.26848,False
node_32_gain,pool,alliaceous,1,16,15,0.318,3.142,0.27622,False
node_32_gain,pool,mushroom,1,17,15,0.338,2.957,0.29068,False
node_32_gain,pool,garlic,1,19,15,0.378,2.646,0.32049,False
node_32_gain,pool,cocoa,1,23,15,0.458,2.186,0.37355,False
node_32_gain,pool,camphoreous,1,24,15,0.477,2.094,0.38795,False
node_32_gain,pool,metallic,1,26,15,0.517,1.933,0.41078,False
node_32_gain,pool,orange,1,28,15,0.557,1.795,0.43523,False
node_32_gain,pool,animal,1,28,15,0.557,1.795,0.4355,False
node_32_gain,pool,minty,1,28,15,0.557,1.795,0.43668,False
node_32_gain,pool,onion,1,30,15,0.597,1.676,0.4592,False
node_32_gain,pool,balsamic,1,38,15,0.756,1.323,0.54227,False
node_32_gain,pool,earthy,1,39,15,0.776,1.289,0.55325,False
node_32_gain,pool,cheesy,1,42,15,0.836,1.197,0.58251,False
node_32_gain,pool,apple,1,43,15,0.855,1.169,0.58977,False
node_32_gain,pool,floral,3,154,15,3.064,0.979,0.61845,False
node_32_gain,pool,musty,1,50,15,0.995,1.005,0.64464,False
node_32_gain,pool,spicy,1,56,15,1.114,0.898,0.68861,False
node_32_gain,pool,oily,1,66,15,1.313,0.762,0.75122,False
node_32_gain,pool,sweet,4,253,15,5.033,0.795,0.79843,False
node_32_gain,pool,herbal,1,90,15,1.79,0.559,0.8551,False
node_32_gain,pool,fresh,1,104,15,2.069,0.483,0.89328,False
node_32_gain,pool,fatty,1,108,15,2.149,0.465,0.90436,False
node_32_gain,pool,fruity,2,200,15,3.979,0.503,0.93898,False
node_32_gain,pool,green,1,173,15,3.442,0.291,0.9806,False
node_44_gain,pool,jammy,1,6,3,0.024,41.889,0.02388,False
node_44_gain,pool,bready,1,11,3,0.044,22.848,0.04248,False
node_44_gain,pool,strawberry,1,13,3,0.052,19.333,0.05077,False
node_44_gain,pool,berry,1,21,3,0.084,11.968,0.08208,False
node_44_gain,pool,burnt,1,23,3,0.092,10.928,0.08814,False
node_44_gain,pool,caramellic,1,24,3,0.095,10.472,0.09214,False
node_44_gain,pool,fruity,1,200,3,0.796,1.257,0.603,False
node_44_gain,pool,sweet,1,253,3,1.007,0.993,0.70646,False
node_4_gain,pool,fatty,11,108,25,3.581,3.072,0.00042,True
node_4_gain,pool,aldehydic,6,37,25,1.227,4.891,0.00086,True
node_4_gain,pool,dairy,5,26,25,0.862,5.8,0.0009,True
node_4_gain,pool,cheesy,6,42,25,1.393,4.309,0.00151,True
node_4_gain,pool,acidic,3,9,25,0.298,10.053,0.00241,True
node_4_gain,pool,grassy,3,11,25,0.365,8.225,0.00444,True
node_4_gain,pool,milky,3,13,25,0.431,6.96,0.00779,True
node_4_gain,pool,orange,4,28,25,0.928,4.309,0.01081,False
node_4_gain,pool,vegetable,5,45,25,1.492,3.351,0.01334,False
node_4_gain,pool,fresh,8,104,25,3.448,2.32,0.01411,False
node_4_gain,pool,oily,6,66,25,2.188,2.742,0.01688,False
node_4_gain,pool,cabbage,2,9,25,0.298,6.702,0.03326,False
node_4_gain,pool,pungent,4,40,25,1.326,3.016,0.03789,False
node_4_gain,pool,buttery,3,25,25,0.829,3.619,0.04524,False
node_4_gain,pool,creamy,4,43,25,1.426,2.806,0.04799,False
node_4_gain,pool,cognac,2,11,25,0.365,5.484,0.04823,False
node_4_gain,pool,leafy,2,13,25,0.431,4.64,0.06496,False
node_4_gain,pool,green,9,173,25,5.736,1.569,0.09436,False
node_4_gain,pool,citrus,5,76,25,2.52,1.984,0.09585,False
node_4_gain,pool,fruity,10,200,25,6.631,1.508,0.09651,False
node_4_gain,pool,sour,2,18,25,0.597,3.351,0.11671,False
node_4_gain,pool,savory,2,20,25,0.663,3.016,0.14004,False
node_4_gain,pool,weedy,1,5,25,0.166,6.032,0.15442,False
node_4_gain,pool,ozone,1,5,25,0.166,6.032,0.15649,False
node_4_gain,pool,tropical,3,43,25,1.426,2.104,0.16306,False
node_4_gain,pool,apple,3,43,25,1.426,2.104,0.16466,False
node_4_gain,pool,cooked,1,6,25,0.199,5.027,0.18379,False
node_4_gain,pool,rum,1,7,25,0.232,4.309,0.21228,False
node_4_gain,pool,onion,2,30,25,0.995,2.011,0.2599,False
node_4_gain,pool,natural,1,9,25,0.298,3.351,0.2639,False
node_4_gain,pool,orris,1,11,25,0.365,2.742,0.31173,False
node_4_gain,pool,grape,1,12,25,0.398,2.513,0.33398,False
node_4_gain,pool,cucumber,1,12,25,0.398,2.513,0.334,False
node_4_gain,pool,chicken,1,12,25,0.398,2.513,0.33471,False
node_4_gain,pool,herbal,4,90,25,2.984,1.34,0.34573,False
node_4_gain,pool,apricot,1,13,25,0.431,2.32,0.35756,False
node_4_gain,pool,odorless,1,14,25,0.464,2.154,0.3779,False
node_4_gain,pool,waxy,4,96,25,3.183,1.257,0.39796,False
node_4_gain,pool,alliaceous,1,16,25,0.531,1.885,0.4187,False
node_4_gain,pool,peach,1,16,25,0.531,1.885,0.42213,False
node_4_gain,pool,sulfurous,2,46,25,1.525,1.311,0.45794,False
node_4_gain,pool,melon,1,19,25,0.63,1.587,0.4767,False
node_4_gain,pool,garlic,1,19,25,0.63,1.587,0.47723,False
node_4_gain,pool,sharp,1,19,25,0.63,1.587,0.47751,False
node_4_gain,pool,clean,1,20,25,0.663,1.508,0.49697,False
node_4_gain,pool,rose,2,50,25,1.658,1.206,0.50253,False
node_4_gain,pool,pear,1,21,25,0.696,1.436,0.51062,False
node_4_gain,pool,nutty,2,51,25,1.691,1.183,0.51261,False
node_4_gain,pool,fermented,1,22,25,0.729,1.371,0.52741,False
node_4_gain,pool,coconut,1,24,25,0.796,1.257,0.56243,False
node_4_gain,pool,winey,1,26,25,0.862,1.16,0.58812,False
node_4_gain,pool,metallic,1,26,25,0.862,1.16,0.58823,False
node_4_gain,pool,banana,1,28,25,0.928,1.077,0.6191,False
node_4_gain,pool,roasted,1,34,25,1.127,0.887,0.69056,False
node_4_gain,pool,meaty,1,39,25,1.293,0.773,0.74057,False
node_4_gain,pool,spicy,1,56,25,1.857,0.539,0.85968,False
node_4_gain,pool,woody,1,81,25,2.686,0.372,0.94556,False
node_4_gain,pool,floral,1,154,25,5.106,0.196,0.99684,False
node_4_gain,pool,sweet,3,253,25,8.389,0.358,0.99712,False
node_5_gain,pool,fruity,23,200,42,11.141,2.065,0.0001,True
node_5_gain,pool,fatty,14,108,42,6.016,2.327,0.00122,True
node_5_gain,pool,plum,4,11,42,0.613,6.528,0.00199,True
node_5_gain,pool,oily,10,66,42,3.676,2.72,0.00206,True
node_5_gain,pool,milky,4,13,42,0.724,5.524,0.00422,True
node_5_gain,pool,creamy,7,43,42,2.395,2.922,0.00714,True
node_5_gain,pool,amber,3,8,42,0.446,6.732,0.00743,True
node_5_gain,pool,natural,3,9,42,0.501,5.984,0.01045,False
node_5_gain,pool,rose,7,50,42,2.785,2.513,0.01548,False
node_5_gain,pool,apple,6,43,42,2.395,2.505,0.02725,False
node_5_gain,pool,waxy,10,96,42,5.347,1.87,0.03004,False
node_5_gain,pool,buttery,4,25,42,1.393,2.872,0.04458,False
node_5_gain,pool,citrus,8,76,42,4.233,1.89,0.05045,False
node_5_gain,pool,dairy,4,26,42,1.448,2.762,0.05152,False
node_5_gain,pool,banana,4,28,42,1.56,2.565,0.06463,False
node_5_gain,pool,sweet,19,253,42,14.093,1.348,0.07173,False
node_5_gain,pool,tropical,5,43,42,2.395,2.087,0.08354,False
node_5_gain,pool,berry,3,21,42,1.17,2.565,0.10698,False
node_5_gain,pool,fresh,9,104,42,5.793,1.554,0.10902,False
node_5_gain,pool,tobacco,2,11,42,0.613,3.264,0.12115,False
node_5_gain,pool,cognac,2,11,42,0.613,3.264,0.12142,False
node_5_gain,pool,green,13,173,42,9.637,1.349,0.13804,False
node_5_gain,pool,lemon,2,12,42,0.668,2.992,0.13832,False
node_5_gain,pool,grape,2,12,42,0.668,2.992,0.13953,False
node_5_gain,pool,woody,7,81,42,4.512,1.551,0.15222,False
node_5_gain,pool,leafy,2,13,42,0.724,2.762,0.1602,False
node_5_gain,pool,floral,11,154,42,8.578,1.282,0.2192,False
node_5_gain,pool,peach,2,16,42,0.891,2.244,0.22565,False
node_5_gain,pool,vegetable,4,45,42,2.507,1.596,0.23632,False
node_5_gain,pool,sharp,2,19,42,1.058,1.89,0.28514,False
node_5_gain,pool,musk,3,34,42,1.894,1.584,0.29242,False
node_5_gain,pool,tea,1,6,42,0.334,2.992,0.2926,False
node_5_gain,pool,jammy,1,6,42,0.334,2.992,0.29365,False
node_5_gain,pool,rum,1,7,42,0.39,2.565,0.33198,False
node_5_gain,pool,raspberry,1,7,42,0.39,2.565,0.33431,False
node_5_gain,pool,aldehydic,3,37,42,2.061,1.456,0.34164,False
node_5_gain,pool,balsamic,3,38,42,2.117,1.417,0.35727,False
node_5_gain,pool,herbal,6,90,42,5.013,1.197,0.38494,False
node_5_gain,pool,coconut,2,24,42,1.337,1.496,0.39264,False
node_5_gain,pool,violet,1,9,42,0.501,1.995,0.39992,False
node_5_gain,pool,cheesy,3,42,42,2.34,1.282,0.42039,False
node_5_gain,pool,metallic,2,26,42,1.448,1.381,0.43108,False
node_5_gain,pool,coumarinic,1,10,42,0.557,1.795,0.43688,False
node_5_gain,pool,orange,2,28,42,1.56,1.282,0.46981,False
node_5_gain,pool,orris,1,11,42,0.613,1.632,0.46984,False
node_5_gain,pool,grassy,1,11,42,0.613,1.632,0.47103,False
node_5_gain,pool,mint,1,11,42,0.613,1.632,0.47114,False
node_5_gain,pool,lactonic,1,11,42,0.613,1.632,0.47188,False
node_5_gain,pool,ketonic,1,12,42,0.668,1.496,0.49884,False
node_5_gain,pool,cucumber,1,12,42,0.668,1.496,0.50054,False
node_5_gain,pool,strawberry,1,13,42,0.724,1.381,0.52648,False
node_5_gain,pool,powdery,3,49,42,2.729,1.099,0.52651,False
node_5_gain,pool,jasmine,1,13,42,0.724,1.381,0.52802,False
node_5_gain,pool,apricot,1,13,42,0.724,1.381,0.53051,False
node_5_gain,pool,ripe,1,14,42,0.78,1.282,0.55574,False
node_5_gain,pool,cherry,1,15,42,0.836,1.197,0.58014,False
node_5_gain,pool,honey,1,15,42,0.836,1.197,0.5806,False
node_5_gain,pool,alliaceous,1,16,42,0.891,1.122,0.60312,False
node_5_gain,pool,pine,1,16,42,0.891,1.122,0.6048,False
node_5_gain,pool,jasmin,1,17,42,0.947,1.056,0.62785,False
node_5_gain,pool,vanilla,1,17,42,0.947,1.056,0.63016,False
node_5_gain,pool,earthy,2,39,42,2.172,0.921,0.65568,False
node_5_gain,pool,melon,1,19,42,1.058,0.945,0.66833,False
node_5_gain,pool,garlic,1,19,42,1.058,0.945,0.66896,False
node_5_gain,pool,pungent,2,40,42,2.228,0.898,0.66987,False
node_5_gain,pool,dry,1,20,42,1.114,0.898,0.68631,False
node_5_gain,pool,clean,1,20,42,1.114,0.898,0.68788,False
node_5_gain,pool,pear,1,21,42,1.17,0.855,0.70258,False
node_5_gain,pool,fermented,1,22,42,1.225,0.816,0.72077,False
node_5_gain,pool,burnt,1,23,42,1.281,0.781,0.73825,False
node_5_gain,pool,caramellic,1,24,42,1.337,0.748,0.75198,False
node_5_gain,pool,camphoreous,1,24,42,1.337,0.748,0.75418,False
node_5_gain,pool,coffee,1,25,42,1.393,0.718,0.76612,False
node_5_gain,pool,winey,1,26,42,1.448,0.69,0.77861,False
node_5_gain,pool,musty,2,50,42,2.785,0.718,0.78456,False
node_5_gain,pool,animal,1,28,42,1.56,0.641,0.80384,False
node_5_gain,pool,minty,1,28,42,1.56,0.641,0.8074,False
node_5_gain,pool,pineapple,1,30,42,1.671,0.598,0.82591,False
node_5_gain,pool,onion,1,30,42,1.671,0.598,0.82774,False
node_5_gain,pool,spicy,2,56,42,3.119,0.641,0.83891,False
node_5_gain,pool,roasted,1,34,42,1.894,0.528,0.86456,False
node_5_gain,pool,meaty,1,39,42,2.172,0.46,0.89953,False
node_5_gain,pool,sulfurous,1,46,42,2.562,0.39,0.9347,False
node_5_gain,pool,nutty,1,51,42,2.841,0.352,0.95048,False
node_6_gain,pool,balsamic,10,38,34,1.714,5.836,1e-05,True
node_6_gain,pool,hyacinth,3,7,34,0.316,9.504,0.00283,True
node_6_gain,pool,cherry,4,15,34,0.676,5.914,0.00321,True
node_6_gain,pool,powdery,7,49,34,2.21,3.168,0.00414,True
node_6_gain,pool,nutty,7,51,34,2.3,3.044,0.00521,True
node_6_gain,pool,burnt,4,23,34,1.037,3.857,0.01702,False
node_6_gain,pool,potato,3,15,34,0.676,4.435,0.02678,False
node_6_gain,pool,smoky,3,16,34,0.721,4.158,0.03183,False
node_6_gain,pool,cortex,1,1,34,0.045,22.176,0.04434,False
node_6_gain,pool,vegetable,5,45,34,2.029,2.464,0.04555,False
node_6_gain,pool,almond,2,10,34,0.451,4.435,0.07004,False
node_6_gain,pool,hazelnut,2,10,34,0.451,4.435,0.07026,False
node_6_gain,pool,orangeflower,1,2,34,0.09,11.088,0.0873,False
node_6_gain,pool,earthy,4,39,34,1.759,2.275,0.09235,False
node_6_gain,pool,coffee,3,25,34,1.127,2.661,0.09756,False
node_6_gain,pool,vanilla,2,17,34,0.767,2.609,0.17889,False
node_6_gain,pool,roasted,3,34,34,1.533,1.957,0.1954,False
node_6_gain,pool,brothy,1,5,34,0.225,4.435,0.20625,False
node_6_gain,pool,popcorn,1,5,34,0.225,4.435,0.20692,False
node_6_gain,pool,hawthorn,1,5,34,0.225,4.435,0.20842,False
node_6_gain,pool,sharp,2,19,34,0.857,2.334,0.20965,False
node_6_gain,pool,chocolate,2,19,34,0.857,2.334,0.21004,False
node_6_gain,pool,melon,2,19,34,0.857,2.334,0.21125,False
node_6_gain,pool,aldehydic,3,37,34,1.668,1.798,0.22921,False
node_6_gain,pool,green,10,173,34,7.801,1.282,0.23234,False
node_6_gain,pool,chemical,1,6,34,0.271,3.696,0.24154,False
node_6_gain,pool,floral,9,154,34,6.944,1.296,0.24212,False
node_6_gain,pool,meaty,3,39,34,1.759,1.706,0.25473,False
node_6_gain,pool,medicinal,2,22,34,0.992,2.016,0.26184,False
node_6_gain,pool,peppery,1,7,34,0.316,3.168,0.27688,False
node_6_gain,pool,cocoa,2,23,34,1.037,1.928,0.27802,False
node_6_gain,pool,caramellic,2,24,34,1.082,1.848,0.29376,False
node_6_gain,pool,amber,1,8,34,0.361,2.772,0.30881,False
node_6_gain,pool,solvent,1,8,34,0.361,2.772,0.30909,False
node_6_gain,pool,metallic,2,26,34,1.172,1.706,0.32884,False
node_6_gain,pool,cinnamon,1,9,34,0.406,2.464,0.34079,False
node_6_gain,pool,sulfurous,3,46,34,2.074,1.446,0.34657,False
node_6_gain,pool,orange,2,28,34,1.263,1.584,0.36295,False
node_6_gain,pool,coumarinic,1,10,34,0.451,2.218,0.37107,False
node_6_gain,pool,lily,1,10,34,0.451,2.218,0.37133,False
node_6_gain,pool,hay,1,10,34,0.451,2.218,0.37159,False
node_6_gain,pool,musty,3,50,34,2.255,1.331,0.39481,False
node_6_gain,pool,geranium,1,11,34,0.496,2.016,0.39892,False
node_6_gain,pool,plum,1,11,34,0.496,2.016,0.39993,False
node_6_gain,pool,bready,1,11,34,0.496,2.016,0.40218,False
node_6_gain,pool,cooling,1,11,34,0.496,2.016,0.40323,False
node_6_gain,pool,lemon,1,12,34,0.541,1.848,0.4253,False
node_6_gain,pool,chicken,1,12,34,0.541,1.848,0.42803,False
node_6_gain,pool,anisic,1,12,34,0.541,1.848,0.42853,False
node_6_gain,pool,leafy,1,13,34,0.586,1.706,0.45218,False
node_6_gain,pool,strawberry,1,13,34,0.586,1.706,0.45285,False
node_6_gain,pool,jasmine,1,13,34,0.586,1.706,0.45508,False
node_6_gain,pool,honey,1,15,34,0.676,1.478,0.50304,False
node_6_gain,pool,woody,4,81,34,3.653,1.095,0.50643,False
node_6_gain,pool,alliaceous,1,16,34,0.721,1.386,0.52501,False
node_6_gain,pool,phenolic,2,40,34,1.804,1.109,0.55235,False
node_6_gain,pool,dry,1,20,34,0.902,1.109,0.60572,False
node_6_gain,pool,savory,1,20,34,0.902,1.109,0.60883,False
node_6_gain,pool,pear,1,21,34,0.947,1.056,0.62366,False
node_6_gain,pool,fermented,1,22,34,0.992,1.008,0.64239,False
node_6_gain,pool,rose,2,50,34,2.255,0.887,0.67434,False
node_6_gain,pool,camphoreous,1,24,34,1.082,0.924,0.67561,False
node_6_gain,pool,animal,1,28,34,1.263,0.792,0.72966,False
node_6_gain,pool,banana,1,28,34,1.263,0.792,0.73133,False
node_6_gain,pool,spicy,2,56,34,2.525,0.792,0.73812,False
node_6_gain,pool,pineapple,1,30,34,1.353,0.739,0.75398,False
node_6_gain,pool,sweet,10,253,34,11.408,0.877,0.75708,False
node_6_gain,pool,onion,1,30,34,1.353,0.739,0.75724,False
node_6_gain,pool,ethereal,1,33,34,1.488,0.672,0.7893,False
node_6_gain,pool,herbal,3,90,34,4.058,0.739,0.79634,False
node_6_gain,pool,fruity,7,200,34,9.019,0.776,0.84196,False
node_6_gain,pool,tropical,1,43,34,1.939,0.516,0.86994,False
node_6_gain,pool,fresh,3,104,34,4.69,0.64,0.87172,False
node_6_gain,pool,citrus,2,76,34,3.427,0.584,0.87573,False
node_6_gain,pool,oily,1,66,34,2.976,0.336,0.95892,False
node_6_gain,pool,waxy,1,96,34,4.329,0.231,0.99128,False
node_6_gain,pool,fatty,1,108,34,4.87,0.205,0.99546,False
node_12_loss,pool,balsamic,12,38,53,2.671,4.493,1e-05,True
node_12_loss,pool,hyacinth,4,7,53,0.492,8.129,0.00068,True
node_12_loss,pool,potato,4,15,53,1.054,3.794,0.01681,False
node_12_loss,pool,cherry,4,15,53,1.054,3.794,0.01697,False
node_12_loss,pool,nutty,8,51,53,3.585,2.232,0.02061,False
node_12_loss,pool,cinnamon,3,9,53,0.633,4.742,0.02065,False
node_12_loss,pool,hazelnut,3,10,53,0.703,4.268,0.02707,False
node_12_loss,pool,vegetable,7,45,53,3.163,2.213,0.03246,False
node_12_loss,pool,popcorn,2,5,53,0.351,5.691,0.04227,False
node_12_loss,pool,anisic,3,12,53,0.844,3.557,0.04662,False
node_12_loss,pool,cortex,1,1,53,0.07,14.226,0.07001,False
node_12_loss,pool,burnt,4,23,53,1.617,2.474,0.07111,False
node_12_loss,pool,honey,3,15,53,1.054,2.845,0.0808,False
node_12_loss,pool,coffee,4,25,53,1.757,2.276,0.0914,False
node_12_loss,pool,powdery,6,49,53,3.444,1.742,0.12246,False
node_12_loss,pool,green,16,173,53,12.16,1.316,0.12885,False
node_12_loss,pool,earthy,5,39,53,2.741,1.824,0.13185,False
node_12_loss,pool,chocolate,3,19,53,1.336,2.246,0.1431,False
node_12_loss,pool,almond,2,10,53,0.703,2.845,0.14785,False
node_12_loss,pool,hay,2,10,53,0.703,2.845,0.15093,False
node_12_loss,pool,plum,2,11,53,0.773,2.587,0.17663,False
node_12_loss,pool,roasted,4,34,53,2.39,1.674,0.21086,False
node_12_loss,pool,cocoa,3,23,53,1.617,1.856,0.214,False
node_12_loss,pool,leafy,2,13,53,0.914,2.189,0.2313,False
node_12_loss,pool,jasmine,2,13,53,0.914,2.189,0.23149,False
node_12_loss,pool,cedar,1,4,53,0.281,3.557,0.25379,False
node_12_loss,pool,terpenic,2,15,53,1.054,1.897,0.28345,False
node_12_loss,pool,brothy,1,5,53,0.351,2.845,0.30609,False
node_12_loss,pool,hawthorn,1,5,53,0.351,2.845,0.30617,False
node_12_loss,pool,pine,2,16,53,1.125,1.778,0.31138,False
node_12_loss,pool,banana,3,28,53,1.968,1.524,0.31334,False
node_12_loss,pool,smoky,2,16,53,1.125,1.778,0.31366,False
node_12_loss,pool,woody,7,81,53,5.694,1.229,0.33932,False
node_12_loss,pool,vanilla,2,17,53,1.195,1.674,0.34053,False
node_12_loss,pool,chemical,1,6,53,0.422,2.371,0.35488,False
node_12_loss,pool,anise,1,6,53,0.422,2.371,0.35498,False
node_12_loss,pool,sharp,2,19,53,1.336,1.498,0.3898,False
node_12_loss,pool,floral,12,154,53,10.825,1.109,0.39299,False
node_12_loss,pool,melon,2,19,53,1.336,1.498,0.39372,False
node_12_loss,pool,peppery,1,7,53,0.492,2.032,0.40057,False
node_12_loss,pool,amber,1,8,53,0.562,1.778,0.44032,False
node_12_loss,pool,solvent,1,8,53,0.562,1.778,0.44148,False
node_12_loss,pool,pear,2,21,53,1.476,1.355,0.44153,False
node_12_loss,pool,fresh,8,104,53,7.31,1.094,0.45161,False
node_12_loss,pool,medicinal,2,22,53,1.546,1.293,0.46655,False
node_12_loss,pool,musty,4,50,53,3.515,1.138,0.47499,False
node_12_loss,pool,violet,1,9,53,0.633,1.581,0.48008,False
node_12_loss,pool,aldehydic,3,37,53,2.601,1.153,0.4923,False
node_12_loss,pool,caramellic,2,24,53,1.687,1.186,0.51217,False
node_12_loss,pool,coumarinic,1,10,53,0.703,1.423,0.51739,False
node_12_loss,pool,lily,1,10,53,0.703,1.423,0.51975,False
node_12_loss,pool,tobacco,1,11,53,0.773,1.293,0.55296,False
node_12_loss,pool,cooling,1,11,53,0.773,1.293,0.55504,False
node_12_loss,pool,bready,1,11,53,0.773,1.293,0.55506,False
node_12_loss,pool,spicy,4,56,53,3.936,1.016,0.56865,False
node_12_loss,pool,lemon,1,12,53,0.844,1.186,0.58431,False
node_12_loss,pool,chicken,1,12,53,0.844,1.186,0.58503,False
node_12_loss,pool,cucumber,1,12,53,0.844,1.186,0.58717,False
node_12_loss,pool,animal,2,28,53,1.968,1.016,0.59807,False
node_12_loss,pool,strawberry,1,13,53,0.914,1.094,0.61428,False
node_12_loss,pool,warm,1,13,53,0.914,1.094,0.61545,False
node_12_loss,pool,sweet,17,253,53,17.784,0.956,0.64699,False
node_12_loss,pool,ethereal,2,33,53,2.32,0.862,0.69208,False
node_12_loss,pool,alliaceous,1,16,53,1.125,0.889,0.6931,False
node_12_loss,pool,rose,3,50,53,3.515,0.854,0.70103,False
node_12_loss,pool,dry,1,20,53,1.406,0.711,0.76917,False
node_12_loss,pool,savory,1,20,53,1.406,0.711,0.772,False
node_12_loss,pool,meaty,2,39,53,2.741,0.73,0.77757,False
node_12_loss,pool,berry,1,21,53,1.476,0.677,0.7886,False
node_12_loss,pool,fermented,1,22,53,1.546,0.647,0.80272,False
node_12_loss,pool,apple,2,43,53,3.023,0.662,0.82409,False
node_12_loss,pool,camphoreous,1,24,53,1.687,0.593,0.83223,False
node_12_loss,pool,sulfurous,2,46,53,3.233,0.619,0.85316,False
node_12_loss,pool,metallic,1,26,53,1.828,0.547,0.85353,False
node_12_loss,pool,orange,1,28,53,1.968,0.508,0.87603,False
node_12_loss,pool,fruity,11,200,53,14.058,0.782,0.87863,False
node_12_loss,pool,onion,1,30,53,2.109,0.474,0.89286,False
node_12_loss,pool,pineapple,1,30,53,2.109,0.474,0.89287,False
node_12_loss,pool,herbal,4,90,53,6.326,0.632,0.89965,False
node_12_loss,pool,musk,1,34,53,2.39,0.418,0.92159,False
node_12_loss,pool,phenolic,1,40,53,2.812,0.356,0.94929,False
node_12_loss,pool,pungent,1,40,53,2.812,0.356,0.95081,False
node_12_loss,pool,oily,2,66,53,4.639,0.431,0.95761,False
node_12_loss,pool,tropical,1,43,53,3.023,0.331,0.96063,False
node_12_loss,pool,citrus,2,76,53,5.342,0.374,0.97853,False
node_12_loss,pool,fatty,3,108,53,7.592,0.395,0.9888,False
node_12_loss,pool,waxy,2,96,53,6.748,0.296,0.99476,False
node_21_loss,pool,burnt,4,23,20,0.61,6.557,0.00237,True
node_21_loss,pool,sulfurous,5,46,20,1.22,4.098,0.00533,True
node_21_loss,pool,horseradish,2,5,20,0.133,15.08,0.0065,True
node_21_loss,pool,beefy,2,6,20,0.159,12.567,0.00978,True
node_21_loss,pool,meaty,4,39,20,1.034,3.867,0.01648,False
node_21_loss,pool,camphoreous,3,24,20,0.637,4.713,0.02266,False
node_21_loss,pool,orangeflower,1,2,20,0.053,18.85,0.05166,False
node_21_loss,pool,savory,2,20,20,0.531,3.77,0.09557,False
node_21_loss,pool,radish,1,4,20,0.106,9.425,0.10317,False
node_21_loss,pool,medicinal,2,22,20,0.584,3.427,0.11296,False
node_21_loss,pool,coffee,2,25,20,0.663,3.016,0.13752,False
node_21_loss,pool,cooked,1,6,20,0.159,6.283,0.14919,False
node_21_loss,pool,chemical,1,6,20,0.159,6.283,0.14948,False
node_21_loss,pool,jammy,1,6,20,0.159,6.283,0.15095,False
node_21_loss,pool,brown,1,8,20,0.212,4.712,0.19324,False
node_21_loss,pool,solvent,1,8,20,0.212,4.712,0.19511,False
node_21_loss,pool,roasted,2,34,20,0.902,2.218,0.22698,False
node_21_loss,pool,geranium,1,11,20,0.292,3.427,0.25487,False
node_21_loss,pool,bready,1,11,20,0.292,3.427,0.25812,False
node_21_loss,pool,cooling,1,11,20,0.292,3.427,0.25899,False
node_21_loss,pool,mint,1,11,20,0.292,3.427,0.25968,False
node_21_loss,pool,balsamic,2,38,20,1.008,1.984,0.26697,False
node_21_loss,pool,grape,1,12,20,0.318,3.142,0.27691,False
node_21_loss,pool,ketonic,1,12,20,0.318,3.142,0.27707,False
node_21_loss,pool,chicken,1,12,20,0.318,3.142,0.27798,False
node_21_loss,pool,pungent,2,40,20,1.061,1.885,0.28795,False
node_21_loss,pool,phenolic,2,40,20,1.061,1.885,0.28869,False
node_21_loss,pool,strawberry,1,13,20,0.345,2.9,0.2965,False
node_21_loss,pool,ripe,1,14,20,0.371,2.693,0.31634,False
node_21_loss,pool,vegetable,2,45,20,1.194,1.676,0.33755,False
node_21_loss,pool,alliaceous,1,16,20,0.424,2.356,0.35157,False
node_21_loss,pool,smoky,1,16,20,0.424,2.356,0.35517,False
node_21_loss,pool,mushroom,1,17,20,0.451,2.218,0.36739,False
node_21_loss,pool,jasmin,1,17,20,0.451,2.218,0.37023,False
node_21_loss,pool,powdery,2,49,20,1.3,1.539,0.37731,False
node_21_loss,pool,nutty,2,51,20,1.353,1.478,0.39375,False
node_21_loss,pool,garlic,1,19,20,0.504,1.984,0.40416,False
node_21_loss,pool,herbal,3,90,20,2.387,1.257,0.43456,False
node_21_loss,pool,berry,1,21,20,0.557,1.795,0.43498,False
node_21_loss,pool,spicy,2,56,20,1.485,1.346,0.4472,False
node_21_loss,pool,cocoa,1,23,20,0.61,1.639,0.46377,False
node_21_loss,pool,caramellic,1,24,20,0.637,1.571,0.47832,False
node_21_loss,pool,metallic,1,26,20,0.69,1.45,0.50656,False
node_21_loss,pool,orange,1,28,20,0.743,1.346,0.53453,False
node_21_loss,pool,animal,1,28,20,0.743,1.346,0.53477,False
node_21_loss,pool,banana,1,28,20,0.743,1.346,0.53578,False
node_21_loss,pool,minty,1,28,20,0.743,1.346,0.53679,False
node_21_loss,pool,onion,1,30,20,0.796,1.257,0.56001,False
node_21_loss,pool,earthy,1,39,20,1.034,0.967,0.65823,False
node_21_loss,pool,cheesy,1,42,20,1.114,0.898,0.68785,False
node_21_loss,pool,tropical,1,43,20,1.141,0.877,0.69458,False
node_21_loss,pool,apple,1,43,20,1.141,0.877,0.69584,False
node_21_loss,pool,sweet,6,253,20,6.711,0.894,0.71304,False
node_21_loss,pool,rose,1,50,20,1.326,0.754,0.74964,False
node_21_loss,pool,musty,1,50,20,1.326,0.754,0.74984,False
node_21_loss,pool,floral,3,154,20,4.085,0.734,0.80946,False
node_21_loss,pool,woody,1,81,20,2.149,0.465,0.90204,False
node_21_loss,pool,fresh,1,104,20,2.759,0.362,0.95048,False
node_21_loss,pool,fruity,2,200,20,5.305,0.377,0.98366,False
node_21_loss,pool,green,1,173,20,4.589,0.218,0.99476,False
node_2_loss,pool,plum,8,11,136,1.984,4.032,0.00013,True
node_2_loss,pool,balsamic,16,38,136,6.854,2.334,0.00026,True
node_2_loss,pool,jasmine,8,13,136,2.345,3.412,0.00067,True
node_2_loss,pool,woody,26,81,136,14.61,1.78,0.00091,True
node_2_loss,pool,cinnamon,5,9,136,1.623,3.08,0.01247,False
node_2_loss,pool,pine,7,16,136,2.886,2.426,0.01496,False
node_2_loss,pool,banana,10,28,136,5.05,1.98,0.01836,False
node_2_loss,pool,cedar,3,4,136,0.721,4.158,0.02032,False
node_2_loss,pool,hay,5,10,136,1.804,2.772,0.02069,False
node_2_loss,pool,floral,37,154,136,27.777,1.332,0.02265,False
node_2_loss,pool,spicy,16,56,136,10.101,1.584,0.02961,False
node_2_loss,pool,tobacco,5,11,136,1.984,2.52,0.03314,False
node_2_loss,pool,honey,6,15,136,2.706,2.218,0.03728,False
node_2_loss,pool,cherry,6,15,136,2.706,2.218,0.03731,False
node_2_loss,pool,terpenic,6,15,136,2.706,2.218,0.03812,False
node_2_loss,pool,chicken,5,12,136,2.164,2.31,0.04752,False
node_2_loss,pool,camphoreous,8,24,136,4.329,1.848,0.05098,False
node_2_loss,pool,jasmin,6,17,136,3.066,1.957,0.0672,False
node_2_loss,pool,chemical,3,6,136,1.082,2.772,0.07397,False
node_2_loss,pool,sweet,53,253,136,45.634,1.161,0.08492,False
node_2_loss,pool,melon,6,19,136,3.427,1.751,0.11022,False
node_2_loss,pool,hyacinth,3,7,136,1.263,2.376,0.11635,False
node_2_loss,pool,anisic,4,12,136,2.164,1.848,0.15478,False
node_2_loss,pool,grape,4,12,136,2.164,1.848,0.1556,False
node_2_loss,pool,cucumber,4,12,136,2.164,1.848,0.15579,False
node_2_loss,pool,amber,3,8,136,1.443,2.079,0.16005,False
node_2_loss,pool,berry,6,21,136,3.788,1.584,0.1609,False
node_2_loss,pool,solvent,3,8,136,1.443,2.079,0.1615,False
node_2_loss,pool,herbal,20,90,136,16.233,1.232,0.16991,False
node_2_loss,pool,fruity,41,200,136,36.074,1.137,0.17203,False
node_2_loss,pool,medicinal,6,22,136,3.968,1.512,0.18792,False
node_2_loss,pool,warm,4,13,136,2.345,1.706,0.1927,False
node_2_loss,pool,strawberry,4,13,136,2.345,1.706,0.19315,False
node_2_loss,pool,violet,3,9,136,1.623,1.848,0.2089,False
node_2_loss,pool,burnt,6,23,136,4.149,1.446,0.21737,False
node_2_loss,pool,fresh,22,104,136,18.759,1.173,0.22199,False
node_2_loss,pool,brothy,2,5,136,0.902,2.218,0.22247,False
node_2_loss,pool,hawthorn,2,5,136,0.902,2.218,0.22264,False
node_2_loss,pool,ozone,2,5,136,0.902,2.218,0.223,False
node_2_loss,pool,horseradish,2,5,136,0.902,2.218,0.22427,False
node_2_loss,pool,minty,7,28,136,5.05,1.386,0.22708,False
node_2_loss,pool,apple,10,43,136,7.756,1.289,0.23207,False
node_2_loss,pool,earthy,9,39,136,7.034,1.279,0.25599,False
node_2_loss,pool,powdery,11,49,136,8.838,1.245,0.25601,False
node_2_loss,pool,almond,3,10,136,1.804,1.663,0.25989,False
node_2_loss,pool,potato,4,15,136,2.706,1.478,0.27672,False
node_2_loss,pool,vegetable,10,45,136,8.117,1.232,0.2812,False
node_2_loss,pool,dry,5,20,136,3.607,1.386,0.28628,False
node_2_loss,pool,coffee,6,25,136,4.509,1.331,0.28655,False
node_2_loss,pool,beefy,2,6,136,1.082,1.848,0.29458,False
node_2_loss,pool,anise,2,6,136,1.082,1.848,0.29572,False
node_2_loss,pool,tea,2,6,136,1.082,1.848,0.29615,False
node_2_loss,pool,jammy,2,6,136,1.082,1.848,0.29773,False
node_2_loss,pool,green,34,173,136,31.204,1.09,0.29862,False
node_2_loss,pool,cooling,3,11,136,1.984,1.512,0.31693,False
node_2_loss,pool,orris,3,11,136,1.984,1.512,0.31755,False
node_2_loss,pool,pear,5,21,136,3.788,1.32,0.32353,False
node_2_loss,pool,orangeflower,1,2,136,0.361,2.772,0.3295,False
node_2_loss,pool,peppery,2,7,136,1.263,1.584,0.36857,False
node_2_loss,pool,raspberry,2,7,136,1.263,1.584,0.37134,False
node_2_loss,pool,ketonic,3,12,136,2.164,1.386,0.37232,False
node_2_loss,pool,meaty,8,39,136,7.034,1.137,0.40152,False
node_2_loss,pool,sharp,4,19,136,3.427,1.167,0.4553,False
node_2_loss,pool,sulfurous,9,46,136,8.297,1.085,0.45558,False
node_2_loss,pool,natural,2,9,136,1.623,1.232,0.50282,False
node_2_loss,pool,cabbage,2,9,136,1.623,1.232,0.50328,False
node_2_loss,pool,mentholic,2,9,136,1.623,1.232,0.50525,False
node_2_loss,pool,aldehydic,7,37,136,6.674,1.049,0.51091,False
node_2_loss,pool,tropical,8,43,136,7.756,1.031,0.52668,False
node_2_loss,pool,celery,1,4,136,0.721,1.386,0.54858,False
node_2_loss,pool,marine,1,4,136,0.721,1.386,0.54885,False
node_2_loss,pool,radish,1,4,136,0.721,1.386,0.55157,False
node_2_loss,pool,lily,2,10,136,1.804,1.109,0.56355,False
node_2_loss,pool,coumarinic,2,10,136,1.804,1.109,0.56395,False
node_2_loss,pool,rose,9,50,136,9.019,0.998,0.56532,False
node_2_loss,pool,animal,5,28,136,5.05,0.99,0.58459,False
node_2_loss,pool,roasted,6,34,136,6.133,0.978,0.59507,False
node_2_loss,pool,musk,6,34,136,6.133,0.978,0.59701,False
node_2_loss,pool,mushroom,3,17,136,3.066,0.978,0.61771,False
node_2_loss,pool,vanilla,3,17,136,3.066,0.978,0.61833,False
node_2_loss,pool,grassy,2,11,136,1.984,1.008,0.61885,False
node_2_loss,pool,mint,2,11,136,1.984,1.008,0.61908,False
node_2_loss,pool,popcorn,1,5,136,0.902,1.109,0.62977,False
node_2_loss,pool,muguet,1,5,136,0.902,1.109,0.63168,False
node_2_loss,pool,citrus,13,76,136,13.708,0.948,0.64066,False
node_2_loss,pool,onion,5,30,136,5.411,0.924,0.65675,False
node_2_loss,pool,lemon,2,12,136,2.164,0.924,0.66719,False
node_2_loss,pool,cooked,1,6,136,1.082,0.924,0.69871,False
node_2_loss,pool,aromatic,1,6,136,1.082,0.924,0.70187,False
node_2_loss,pool,leafy,2,13,136,2.345,0.853,0.71034,False
node_2_loss,pool,apricot,2,13,136,2.345,0.853,0.71362,False
node_2_loss,pool,nutty,8,51,136,9.199,0.87,0.72985,False
node_2_loss,pool,ripe,2,14,136,2.525,0.792,0.75115,False
node_2_loss,pool,leathery,1,7,136,1.263,0.792,0.7515,False
node_2_loss,pool,phenolic,6,40,136,7.215,0.832,0.75808,False
node_2_loss,pool,brown,1,8,136,1.443,0.693,0.79667,False
node_2_loss,pool,cocoa,3,23,136,4.149,0.723,0.8158,False
node_2_loss,pool,alliaceous,2,16,136,2.886,0.693,0.81741,False
node_2_loss,pool,clove,1,9,136,1.623,0.616,0.83434,False
node_2_loss,pool,caramellic,3,24,136,4.329,0.693,0.83807,False
node_2_loss,pool,hazelnut,1,10,136,1.804,0.554,0.86444,False
node_2_loss,pool,pungent,5,40,136,7.215,0.693,0.87902,False
node_2_loss,pool,chocolate,2,19,136,3.427,0.584,0.88423,False
node_2_loss,pool,garlic,2,19,136,3.427,0.584,0.88663,False
node_2_loss,pool,geranium,1,11,136,1.984,0.504,0.88844,False
node_2_loss,pool,lactonic,1,11,136,1.984,0.504,0.8896,False
node_2_loss,pool,bready,1,11,136,1.984,0.504,0.89039,False
node_2_loss,pool,savory,2,20,136,3.607,0.554,0.90128,False
node_2_loss,pool,clean,2,20,136,3.607,0.554,0.90208,False
node_2_loss,pool,orange,3,28,136,5.05,0.594,0.90791,False
node_2_loss,pool,musty,6,50,136,9.019,0.665,0.91565,False
node_2_loss,pool,estery,1,13,136,2.345,0.426,0.92798,False
node_2_loss,pool,pineapple,3,30,136,5.411,0.554,0.9319,False
node_2_loss,pool,smoky,1,16,136,2.886,0.347,0.96011,False
node_2_loss,pool,metallic,2,26,136,4.69,0.426,0.96453,False
node_2_loss,pool,fatty,13,108,136,19.48,0.667,0.97536,False
node_2_loss,pool,waxy,11,96,136,17.316,0.635,0.97838,False
node_2_loss,pool,ethereal,2,33,136,5.952,0.336,0.98953,False
node_2_loss,pool,cheesy,3,42,136,7.576,0.396,0.9896,False
node_2_loss,pool,oily,6,66,136,11.905,0.504,0.98962,False
node_2_loss,pool,winey,1,26,136,4.69,0.213,0.99447,False
node_2_loss,pool,creamy,2,43,136,7.756,0.258,0.9983,False
node_32_loss,pool,balsamic,3,38,8,0.403,7.441,0.00501,True
node_32_loss,pool,meaty,2,39,8,0.414,4.833,0.0581,False
node_32_loss,pool,lactonic,1,11,8,0.117,8.568,0.11196,False
node_32_loss,pool,jasmine,1,13,8,0.138,7.25,0.13,False
node_32_loss,pool,milky,1,13,8,0.138,7.25,0.13046,False
node_32_loss,pool,honey,1,15,8,0.159,6.283,0.14897,False
node_32_loss,pool,alliaceous,1,16,8,0.17,5.891,0.15644,False
node_32_loss,pool,peach,1,16,8,0.17,5.891,0.15908,False
node_32_loss,pool,mushroom,1,17,8,0.18,5.544,0.16674,False
node_32_loss,pool,garlic,1,19,8,0.202,4.961,0.18382,False
node_32_loss,pool,cocoa,1,23,8,0.244,4.098,0.22033,False
node_32_loss,pool,coconut,1,24,8,0.255,3.927,0.22949,False
node_32_loss,pool,coffee,1,25,8,0.265,3.77,0.23579,False
node_32_loss,pool,buttery,1,25,8,0.265,3.77,0.23696,False
node_32_loss,pool,dairy,1,26,8,0.276,3.625,0.24449,False
node_32_loss,pool,onion,1,30,8,0.318,3.142,0.27676,False
node_32_loss,pool,fresh,2,104,8,1.103,1.812,0.30485,False
node_32_loss,pool,roasted,1,34,8,0.361,2.772,0.31057,False
node_32_loss,pool,fatty,2,108,8,1.146,1.745,0.3231,False
node_32_loss,pool,tropical,1,43,8,0.456,2.192,0.3743,False
node_32_loss,pool,creamy,1,43,8,0.456,2.192,0.3766,False
node_32_loss,pool,vegetable,1,45,8,0.477,2.094,0.39305,False
node_32_loss,pool,sulfurous,1,46,8,0.488,2.049,0.39475,False
node_32_loss,pool,rose,1,50,8,0.531,1.885,0.42439,False
node_32_loss,pool,nutty,1,51,8,0.541,1.848,0.42871,False
node_32_loss,pool,floral,2,154,8,1.634,1.224,0.50933,False
node_32_loss,pool,oily,1,66,8,0.7,1.428,0.52323,False
node_32_loss,pool,sweet,3,253,8,2.684,1.118,0.53857,False
node_32_loss,pool,green,2,173,8,1.836,1.09,0.5806,False
node_32_loss,pool,herbal,1,90,8,0.955,1.047,0.64083,False
node_32_loss,pool,fruity,2,200,8,2.122,0.942,0.67072,False
node_3_loss,pool,balsamic,11,38,64,3.225,3.41,0.00015,True
node_3_loss,pool,hyacinth,3,7,64,0.594,5.049,0.01689,False
node_3_loss,pool,banana,6,28,64,2.377,2.525,0.02493,False
node_3_loss,pool,sweet,29,253,64,21.475,1.35,0.02925,False
node_3_loss,pool,cherry,4,15,64,1.273,3.142,0.03241,False
node_3_loss,pool,floral,19,154,64,13.072,1.454,0.04364,False
node_3_loss,pool,coumarinic,3,10,64,0.849,3.534,0.04385,False
node_3_loss,pool,powdery,8,49,64,4.159,1.923,0.04611,False
node_3_loss,pool,brothy,2,5,64,0.424,4.712,0.06094,False
node_3_loss,pool,sharp,4,19,64,1.613,2.48,0.06806,False
node_3_loss,pool,woody,11,81,64,6.875,1.6,0.06937,False
node_3_loss,pool,melon,4,19,64,1.613,2.48,0.06968,False
node_3_loss,pool,chicken,3,12,64,1.019,2.945,0.07445,False
node_3_loss,pool,cortex,1,1,64,0.085,11.781,0.08463,False
node_3_loss,pool,jasmine,3,13,64,1.103,2.719,0.0892,False
node_3_loss,pool,peppery,2,7,64,0.594,3.366,0.11263,False
node_3_loss,pool,solvent,2,8,64,0.679,2.945,0.14295,False
node_3_loss,pool,pine,3,16,64,1.358,2.209,0.14842,False
node_3_loss,pool,fresh,12,104,64,8.828,1.359,0.15582,False
node_3_loss,pool,orangeflower,1,2,64,0.17,5.891,0.16119,False
node_3_loss,pool,jasmin,3,17,64,1.443,2.079,0.1687,False
node_3_loss,pool,aldehydic,5,37,64,3.141,1.592,0.19728,False
node_3_loss,pool,almond,2,10,64,0.849,2.356,0.20036,False
node_3_loss,pool,hay,2,10,64,0.849,2.356,0.20506,False
node_3_loss,pool,lily,2,10,64,0.849,2.356,0.20712,False
node_3_loss,pool,earthy,5,39,64,3.31,1.51,0.22919,False
node_3_loss,pool,plum,2,11,64,0.934,2.142,0.23798,False
node_3_loss,pool,lactonic,2,11,64,0.934,2.142,0.2383,False
node_3_loss,pool,nutty,6,51,64,4.329,1.386,0.25582,False
node_3_loss,pool,pear,3,21,64,1.782,1.683,0.25988,False
node_3_loss,pool,lemon,2,12,64,1.019,1.964,0.26914,False
node_3_loss,pool,cucumber,2,12,64,1.019,1.964,0.2714,False
node_3_loss,pool,tropical,5,43,64,3.65,1.37,0.29635,False
node_3_loss,pool,apple,5,43,64,3.65,1.37,0.29765,False
node_3_loss,pool,cedar,1,4,64,0.34,2.945,0.299,False
node_3_loss,pool,marine,1,4,64,0.34,2.945,0.29945,False
node_3_loss,pool,leafy,2,13,64,1.103,1.812,0.3034,False
node_3_loss,pool,milky,2,13,64,1.103,1.812,0.30491,False
node_3_loss,pool,apricot,2,13,64,1.103,1.812,0.3058,False
node_3_loss,pool,citrus,8,76,64,6.451,1.24,0.31245,False
node_3_loss,pool,fruity,19,200,64,16.976,1.119,0.32432,False
node_3_loss,pool,musk,4,34,64,2.886,1.386,0.32497,False
node_3_loss,pool,camphoreous,3,24,64,2.037,1.473,0.33417,False
node_3_loss,pool,coconut,3,24,64,2.037,1.473,0.33471,False
node_3_loss,pool,ozone,1,5,64,0.424,2.356,0.35825,False
node_3_loss,pool,muguet,1,5,64,0.424,2.356,0.3587,False
node_3_loss,pool,hawthorn,1,5,64,0.424,2.356,0.35935,False
node_3_loss,pool,potato,2,15,64,1.273,1.571,0.36798,False
node_3_loss,pool,green,16,173,64,14.684,1.09,0.39188,False
node_3_loss,pool,peach,2,16,64,1.358,1.473,0.40197,False
node_3_loss,pool,chemical,1,6,64,0.509,1.964,0.41168,False
node_3_loss,pool,animal,3,28,64,2.377,1.262,0.42643,False
node_3_loss,pool,waxy,9,96,64,8.149,1.104,0.4316,False
node_3_loss,pool,vanilla,2,17,64,1.443,1.386,0.43389,False
node_3_loss,pool,pineapple,3,30,64,2.546,1.178,0.47686,False
node_3_loss,pool,chocolate,2,19,64,1.613,1.24,0.48968,False
node_3_loss,pool,oily,6,66,64,5.602,1.071,0.49962,False
node_3_loss,pool,creamy,4,43,64,3.65,1.096,0.50633,False
node_3_loss,pool,amber,1,8,64,0.679,1.473,0.50638,False
node_3_loss,pool,dry,2,20,64,1.698,1.178,0.5171,False
node_3_loss,pool,clove,1,9,64,0.764,1.309,0.55101,False
node_3_loss,pool,cinnamon,1,9,64,0.764,1.309,0.55167,False
node_3_loss,pool,mentholic,1,9,64,0.764,1.309,0.55329,False
node_3_loss,pool,natural,1,9,64,0.764,1.309,0.55442,False
node_3_loss,pool,cooling,1,11,64,0.934,1.071,0.62776,False
node_3_loss,pool,rose,4,50,64,4.244,0.942,0.63009,False
node_3_loss,pool,ketonic,1,12,64,1.019,0.982,0.65731,False
node_3_loss,pool,anisic,1,12,64,1.019,0.982,0.6581,False
node_3_loss,pool,dairy,2,26,64,2.207,0.906,0.66411,False
node_3_loss,pool,strawberry,1,13,64,1.103,0.906,0.68616,False
node_3_loss,pool,estery,1,13,64,1.103,0.906,0.68896,False
node_3_loss,pool,orange,2,28,64,2.377,0.842,0.70413,False
node_3_loss,pool,ripe,1,14,64,1.188,0.842,0.71528,False
node_3_loss,pool,spicy,4,56,64,4.753,0.842,0.72063,False
node_3_loss,pool,fatty,8,108,64,9.167,0.873,0.72698,False
node_3_loss,pool,terpenic,1,15,64,1.273,0.785,0.73984,False
node_3_loss,pool,honey,1,15,64,1.273,0.785,0.74001,False
node_3_loss,pool,vegetable,3,45,64,3.82,0.785,0.75577,False
node_3_loss,pool,smoky,1,16,64,1.358,0.736,0.7637,False
node_3_loss,pool,mushroom,1,17,64,1.443,0.693,0.78149,False
node_3_loss,pool,herbal,6,90,64,7.639,0.785,0.80399,False
node_3_loss,pool,clean,1,20,64,1.698,0.589,0.83462,False
node_3_loss,pool,meaty,2,39,64,3.31,0.604,0.86104,False
node_3_loss,pool,medicinal,1,22,64,1.867,0.536,0.86157,False
node_3_loss,pool,fermented,1,22,64,1.867,0.536,0.8617,False
node_3_loss,pool,phenolic,2,40,64,3.395,0.589,0.87217,False
node_3_loss,pool,cocoa,1,23,64,1.952,0.512,0.87312,False
node_3_loss,pool,burnt,1,23,64,1.952,0.512,0.87333,False
node_3_loss,pool,coffee,1,25,64,2.122,0.471,0.89477,False
node_3_loss,pool,buttery,1,25,64,2.122,0.471,0.8949,False
node_3_loss,pool,metallic,1,26,64,2.207,0.453,0.90318,False
node_3_loss,pool,sulfurous,2,46,64,3.905,0.512,0.91854,False
node_3_loss,pool,minty,1,28,64,2.377,0.421,0.92172,False
node_3_loss,pool,onion,1,30,64,2.546,0.393,0.93452,False
node_3_loss,pool,musty,2,50,64,4.244,0.471,0.93841,False
node_3_loss,pool,ethereal,1,33,64,2.801,0.357,0.95012,False
node_3_loss,pool,roasted,1,34,64,2.886,0.347,0.95444,False
node_3_loss,pool,cheesy,1,42,64,3.565,0.281,0.97864,False
node_44_loss,pool,sulfurous,5,46,19,1.159,4.314,0.0042,True
node_44_loss,pool,horseradish,2,5,19,0.126,15.874,0.00578,True
node_44_loss,pool,beefy,2,6,19,0.151,13.228,0.00897,True
node_44_loss,pool,meaty,4,39,19,0.983,4.07,0.01361,False
node_44_loss,pool,burnt,3,23,19,0.58,5.176,0.01746,False
node_44_loss,pool,cinnamon,2,9,19,0.227,8.819,0.0198,False
node_44_loss,pool,coffee,3,25,19,0.63,4.762,0.0222,False
node_44_loss,pool,vegetable,4,45,19,1.134,3.527,0.02291,False
node_44_loss,pool,rose,4,50,19,1.26,3.175,0.03187,False
node_44_loss,pool,chicken,2,12,19,0.302,6.614,0.03466,False
node_44_loss,pool,roasted,3,34,19,0.857,3.502,0.04983,False
node_44_loss,pool,savory,2,20,19,0.504,3.968,0.08765,False
node_44_loss,pool,radish,1,4,19,0.101,9.921,0.09823,False
node_44_loss,pool,cooked,1,6,19,0.151,6.614,0.14243,False
node_44_loss,pool,minty,2,28,19,0.706,2.835,0.15298,False
node_44_loss,pool,lavender,1,7,19,0.176,5.669,0.16409,False
node_44_loss,pool,onion,2,30,19,0.756,2.646,0.17151,False
node_44_loss,pool,brown,1,8,19,0.202,4.961,0.18476,False
node_44_loss,pool,solvent,1,8,19,0.202,4.961,0.1863,False
node_44_loss,pool,cabbage,1,9,19,0.227,4.409,0.20601,False
node_44_loss,pool,grapefruit,1,10,19,0.252,3.968,0.22734,False
node_44_loss,pool,geranium,1,11,19,0.277,3.608,0.24401,False
node_44_loss,pool,plum,1,11,19,0.277,3.608,0.24533,False
node_44_loss,pool,tobacco,1,11,19,0.277,3.608,0.2456,False
node_44_loss,pool,mint,1,11,19,0.277,3.608,0.24796,False
node_44_loss,pool,ketonic,1,12,19,0.302,3.307,0.26481,False
node_44_loss,pool,cucumber,1,12,19,0.302,3.307,0.26542,False
node_44_loss,pool,grape,1,12,19,0.302,3.307,0.26557,False
node_44_loss,pool,pungent,2,40,19,1.008,1.984,0.26737,False
node_44_loss,pool,leafy,1,13,19,0.328,3.053,0.28433,False
node_44_loss,pool,warm,1,13,19,0.328,3.053,0.2859,False
node_44_loss,pool,cherry,1,15,19,0.378,2.646,0.32069,False
node_44_loss,pool,honey,1,15,19,0.378,2.646,0.32078,False
node_44_loss,pool,potato,1,15,19,0.378,2.646,0.32107,False
node_44_loss,pool,alliaceous,1,16,19,0.403,2.48,0.33681,False
node_44_loss,pool,soapy,1,16,19,0.403,2.48,0.33846,False
node_44_loss,pool,mushroom,1,17,19,0.428,2.334,0.35321,False
node_44_loss,pool,nutty,2,51,19,1.285,1.556,0.36963,False
node_44_loss,pool,garlic,1,19,19,0.479,2.089,0.38839,False
node_44_loss,pool,dry,1,20,19,0.504,1.984,0.40285,False
node_44_loss,pool,pear,1,21,19,0.529,1.89,0.41672,False
node_44_loss,pool,spicy,2,56,19,1.411,1.417,0.42042,False
node_44_loss,pool,medicinal,1,22,19,0.554,1.804,0.43447,False
node_44_loss,pool,cocoa,1,23,19,0.58,1.725,0.44661,False
node_44_loss,pool,camphoreous,1,24,19,0.605,1.654,0.46391,False
node_44_loss,pool,metallic,1,26,19,0.655,1.526,0.48914,False
node_44_loss,pool,banana,1,28,19,0.706,1.417,0.5171,False
node_44_loss,pool,floral,4,154,19,3.881,1.031,0.56524,False
node_44_loss,pool,fruity,5,200,19,5.04,0.992,0.59608,False
node_44_loss,pool,balsamic,1,38,19,0.958,1.044,0.62763,False
node_44_loss,pool,earthy,1,39,19,0.983,1.018,0.6399,False
node_44_loss,pool,sweet,6,253,19,6.375,0.941,0.65828,False
node_44_loss,pool,tropical,1,43,19,1.084,0.923,0.67621,False
node_44_loss,pool,apple,1,43,19,1.084,0.923,0.67711,False
node_44_loss,pool,herbal,2,90,19,2.268,0.882,0.68501,False
node_44_loss,pool,waxy,2,96,19,2.419,0.827,0.72241,False
node_44_loss,pool,powdery,1,49,19,1.235,0.81,0.72658,False
node_44_loss,pool,musty,1,50,19,1.26,0.794,0.73123,False
node_44_loss,pool,fresh,2,104,19,2.621,0.763,0.76333,False
node_44_loss,pool,fatty,2,108,19,2.721,0.735,0.78548,False
node_44_loss,pool,oily,1,66,19,1.663,0.601,0.82839,False
node_44_loss,pool,green,3,173,19,4.359,0.688,0.8485,False
node_44_loss,pool,citrus,1,76,19,1.915,0.522,0.87097,False
node_4_loss,pool,coumarinic,2,10,17,0.225,8.871,0.01949,False
node_4_loss,pool,cortex,1,1,17,0.023,44.353,0.02174,False
node_4_loss,pool,balsamic,3,38,17,0.857,3.502,0.04835,False
node_4_loss,pool,creamy,3,43,17,0.969,3.094,0.06794,False
node_4_loss,pool,coconut,2,24,17,0.541,3.696,0.09763,False
node_4_loss,pool,dairy,2,26,17,0.586,3.412,0.11242,False
node_4_loss,pool,tea,1,6,17,0.135,7.392,0.12819,False
node_4_loss,pool,amber,1,8,17,0.18,5.544,0.16907,False
node_4_loss,pool,rummy,1,8,17,0.18,5.544,0.1691,False
node_4_loss,pool,clove,1,9,17,0.203,4.928,0.18667,False
node_4_loss,pool,mentholic,1,9,17,0.203,4.928,0.18788,False
node_4_loss,pool,almond,1,10,17,0.225,4.435,0.20357,False
node_4_loss,pool,cooling,1,11,17,0.248,4.032,0.224,False
node_4_loss,pool,lactonic,1,11,17,0.248,4.032,0.22465,False
node_4_loss,pool,mint,1,11,17,0.248,4.032,0.2255,False
node_4_loss,pool,leafy,1,13,17,0.293,3.412,0.25817,False
node_4_loss,pool,honey,1,15,17,0.338,2.957,0.29214,False
node_4_loss,pool,cherry,1,15,17,0.338,2.957,0.29223,False
node_4_loss,pool,sweet,7,253,17,5.704,1.227,0.33367,False
node_4_loss,pool,melon,1,19,17,0.428,2.334,0.35555,False
node_4_loss,pool,sharp,1,19,17,0.428,2.334,0.35634,False
node_4_loss,pool,dry,1,20,17,0.451,2.218,0.36894,False
node_4_loss,pool,minty,1,28,17,0.631,1.584,0.47898,False
node_4_loss,pool,pineapple,1,30,17,0.676,1.478,0.50329,False
node_4_loss,pool,musk,1,34,17,0.767,1.304,0.5475,False
node_4_loss,pool,aldehydic,1,37,17,0.834,1.199,0.58054,False
node_4_loss,pool,tropical,1,43,17,0.969,1.031,0.63429,False
node_4_loss,pool,powdery,1,49,17,1.105,0.905,0.68683,False
node_4_loss,pool,nutty,1,51,17,1.15,0.87,0.69921,False
node_4_loss,pool,fatty,2,108,17,2.435,0.821,0.73014,False
node_4_loss,pool,spicy,1,56,17,1.263,0.792,0.73457,False
node_4_loss,pool,herbal,1,90,17,2.029,0.493,0.88865,False
node_4_loss,pool,floral,2,154,17,3.472,0.576,0.89256,False
node_4_loss,pool,waxy,1,96,17,2.164,0.462,0.90495,False
node_4_loss,pool,fresh,1,104,17,2.345,0.426,0.92087,False
node_4_loss,pool,green,2,173,17,3.901,0.513,0.92966,False
node_4_loss,pool,fruity,2,200,17,4.509,0.444,0.96359,False
node_5_loss,pool,odorless,4,14,25,0.464,8.617,0.00067,True
node_5_loss,pool,sour,4,18,25,0.597,6.702,0.00216,True
node_5_loss,pool,acidic,2,9,25,0.298,6.702,0.03397,False
node_5_loss,pool,milky,2,13,25,0.431,4.64,0.06566,False
node_5_loss,pool,dairy,2,26,25,0.862,2.32,0.21036,False
node_5_loss,pool,brown,1,8,25,0.265,3.77,0.23601,False
node_5_loss,pool,cinnamon,1,9,25,0.298,3.351,0.26096,False
node_5_loss,pool,tobacco,1,11,25,0.365,2.742,0.31005,False
node_5_loss,pool,balsamic,2,38,25,1.26,1.587,0.36107,False
node_5_loss,pool,pungent,2,40,25,1.326,1.508,0.38695,False
node_5_loss,pool,honey,1,15,25,0.497,2.011,0.39998,False
node_5_loss,pool,cheesy,2,42,25,1.393,1.436,0.41353,False
node_5_loss,pool,vanilla,1,17,25,0.564,1.774,0.44375,False
node_5_loss,pool,sharp,1,19,25,0.63,1.587,0.47751,False
node_5_loss,pool,chocolate,1,19,25,0.63,1.587,0.47871,False
node_5_loss,pool,powdery,2,49,25,1.625,1.231,0.49359,False
node_5_loss,pool,rose,2,50,25,1.658,1.206,0.50253,False
node_5_loss,pool,animal,1,28,25,0.928,1.077,0.61722,False
node_5_loss,pool,musk,1,34,25,1.127,0.887,0.69175,False
node_5_loss,pool,fatty,3,108,25,3.581,0.838,0.7237,False
node_5_loss,pool,phenolic,1,40,25,1.326,0.754,0.75103,False
node_5_loss,pool,creamy,1,43,25,1.426,0.701,0.77478,False
node_5_loss,pool,waxy,2,96,25,3.183,0.628,0.85088,False
node_5_loss,pool,floral,2,154,25,5.106,0.392,0.97676,False
node_5_loss,pool,sweet,3,253,25,8.389,0.358,0.99712,False
node_5_loss,pool,green,1,173,25,5.736,0.174,0.9986,False
node_6_loss,pool,terpenic,3,15,17,0.338,8.871,0.00355,True
node_6_loss,pool,spicy,5,56,17,1.263,3.96,0.00557,True
node_6_loss,pool,green,9,173,17,3.901,2.307,0.00626,True
node_6_loss,pool,melon,3,19,17,0.428,7.003,0.00744,True
node_6_loss,pool,herbal,6,90,17,2.029,2.957,0.01025,False
node_6_loss,pool,citrus,5,76,17,1.714,2.918,0.02086,False
node_6_loss,pool,fresh,6,104,17,2.345,2.559,0.0209,False
node_6_loss,pool,grassy,2,11,17,0.248,8.064,0.02378,False
node_6_loss,pool,jasmine,2,13,17,0.293,6.824,0.03126,False
node_6_loss,pool,honey,2,15,17,0.338,5.914,0.0423,False
node_6_loss,pool,aldehydic,3,37,17,0.834,3.596,0.04703,False
node_6_loss,pool,pine,2,16,17,0.361,5.544,0.04886,False
node_6_loss,pool,jasmin,2,17,17,0.383,5.218,0.05355,False
node_6_loss,pool,sharp,2,19,17,0.428,4.669,0.06604,False
node_6_loss,pool,fatty,5,108,17,2.435,2.053,0.08313,False
node_6_loss,pool,celery,1,4,17,0.09,11.088,0.08714,False
node_6_loss,pool,woody,4,81,17,1.826,2.19,0.10004,False
node_6_loss,pool,muguet,1,5,17,0.113,8.871,0.10871,False
node_6_loss,pool,ozone,1,5,17,0.113,8.871,0.10878,False
node_6_loss,pool,anise,1,6,17,0.135,7.392,0.12688,False
node_6_loss,pool,minty,2,28,17,0.631,3.168,0.12778,False
node_6_loss,pool,aromatic,1,6,17,0.135,7.392,0.13016,False
node_6_loss,pool,raspberry,1,7,17,0.158,6.336,0.14907,False
node_6_loss,pool,cinnamon,1,9,17,0.203,4.928,0.18485,False
node_6_loss,pool,hay,1,10,17,0.225,4.435,0.20506,False
node_6_loss,pool,lily,1,10,17,0.225,4.435,0.2066,False
node_6_loss,pool,geranium,1,11,17,0.248,4.032,0.2212,False
node_6_loss,pool,orris,1,11,17,0.248,4.032,0.22243,False
node_6_loss,pool,plum,1,11,17,0.248,4.032,0.22283,False
node_6_loss,pool,lemon,1,12,17,0.271,3.696,0.23915,False
node_6_loss,pool,cucumber,1,12,17,0.271,3.696,0.24065,False
node_6_loss,pool,anisic,1,12,17,0.271,3.696,0.24147,False
node_6_loss,pool,floral,5,154,17,3.472,1.44,0.25387,False
node_6_loss,pool,leafy,1,13,17,0.293,3.412,0.25817,False
node_6_loss,pool,warm,1,13,17,0.293,3.412,0.25969,False
node_6_loss,pool,cherry,1,15,17,0.338,2.957,0.29223,False
node_6_loss,pool,clean,1,20,17,0.451,2.218,0.37284,False
node_6_loss,pool,pear,1,21,17,0.473,2.112,0.38258,False
node_6_loss,pool,camphoreous,1,24,17,0.541,1.848,0.42679,False
node_6_loss,pool,oily,2,66,17,1.488,1.344,0.44705,False
node_6_loss,pool,banana,1,28,17,0.631,1.584,0.47809,False
node_6_loss,pool,orange,1,28,17,0.631,1.584,0.47824,False
node_6_loss,pool,fruity,5,200,17,4.509,1.109,0.48576,False
node_6_loss,pool,balsamic,1,38,17,0.857,1.167,0.58708,False
node_6_loss,pool,earthy,1,39,17,0.879,1.137,0.59879,False
node_6_loss,pool,pungent,1,40,17,0.902,1.109,0.61012,False
node_6_loss,pool,cheesy,1,42,17,0.947,1.056,0.62782,False
node_6_loss,pool,tropical,1,43,17,0.969,1.031,0.63429,False
node_6_loss,pool,apple,1,43,17,0.969,1.031,0.63639,False
node_6_loss,pool,vegetable,1,45,17,1.015,0.986,0.65195,False
node_6_loss,pool,waxy,2,96,17,2.164,0.924,0.66111,False
node_6_loss,pool,powdery,1,49,17,1.105,0.905,0.68683,False
node_6_loss,pool,rose,1,50,17,1.127,0.887,0.69143,False
node_6_loss,pool,sweet,3,253,17,5.704,0.526,0.95986,False
node_21_gain,union10,lactonic,1,4,3,0.04,25.25,0.03903,False
node_21_gain,union10,fresh,2,37,3,0.366,5.459,0.04066,False
node_21_gain,union10,leafy,1,5,3,0.05,20.2,0.04741,False
node_21_gain,union10,peach,1,5,3,0.05,20.2,0.04825,False
node_21_gain,union10,cucumber,1,6,3,0.059,16.833,0.05702,False
node_21_gain,union10,fatty,2,53,3,0.525,3.811,0.07963,False
node_21_gain,union10,milky,1,10,3,0.099,10.1,0.09484,False
node_21_gain,union10,buttery,1,10,3,0.099,10.1,0.09534,False
node_21_gain,union10,coconut,1,12,3,0.119,8.417,0.11439,False
node_21_gain,union10,banana,1,14,3,0.139,7.214,0.13236,False
node_21_gain,union10,dairy,1,17,3,0.168,5.941,0.15827,False
node_21_gain,union10,nutty,1,18,3,0.178,5.611,0.16891,False
node_21_gain,union10,vegetable,1,19,3,0.188,5.316,0.17739,False
node_21_gain,union10,creamy,1,21,3,0.208,4.81,0.19379,False
node_21_gain,union10,balsamic,1,23,3,0.228,4.391,0.21238,False
node_21_gain,union10,oily,1,24,3,0.238,4.208,0.21821,False
node_21_gain,union10,sweet,2,93,3,0.921,2.172,0.22628,False
node_21_gain,union10,herbal,1,28,3,0.277,3.607,0.25425,False
node_21_gain,union10,waxy,1,45,3,0.446,2.244,0.38534,False
node_21_gain,union10,green,1,64,3,0.634,1.578,0.51125,False
node_21_gain,union10,fruity,1,78,3,0.772,1.295,0.59233,False
node_2_gain,union10,sour,14,16,89,4.7,2.979,1e-05,True
node_2_gain,union10,odorless,10,11,89,3.231,3.095,2e-05,True
node_2_gain,union10,waxy,25,45,89,13.218,1.891,0.0001,True
node_2_gain,union10,cheesy,14,22,89,6.462,2.166,0.00063,True
node_2_gain,union10,pineapple,8,12,89,3.525,2.27,0.0071,True
node_2_gain,union10,fatty,22,53,89,15.568,1.413,0.02628,False
node_2_gain,union10,dairy,9,17,89,4.993,1.802,0.03074,False
node_2_gain,union10,coconut,7,12,89,3.525,1.986,0.03179,False
node_2_gain,union10,acidic,5,8,89,2.35,2.128,0.05074,False
node_2_gain,union10,soapy,3,4,89,1.175,2.553,0.07738,False
node_2_gain,union10,rummy,2,2,89,0.587,3.404,0.08451,False
node_2_gain,union10,winey,4,7,89,2.056,1.945,0.11454,False
node_2_gain,union10,creamy,9,21,89,6.168,1.459,0.12493,False
node_2_gain,union10,estery,2,3,89,0.881,2.27,0.20734,False
node_2_gain,union10,brandy,1,1,89,0.294,3.404,0.29605,False
node_2_gain,union10,buttery,4,10,89,2.937,1.362,0.33152,False
node_2_gain,union10,milky,4,10,89,2.937,1.362,0.33209,False
node_2_gain,union10,sharp,4,11,89,3.231,1.238,0.4111,False
node_2_gain,union10,tobacco,3,8,89,2.35,1.277,0.43288,False
node_2_gain,union10,apricot,2,5,89,1.469,1.362,0.45758,False
node_2_gain,union10,pungent,4,12,89,3.525,1.135,0.48747,False
node_2_gain,union10,brown,1,2,89,0.587,1.702,0.50135,False
node_2_gain,union10,radish,1,2,89,0.587,1.702,0.50174,False
node_2_gain,union10,orris,2,6,89,1.762,1.135,0.56645,False
node_2_gain,union10,strawberry,2,6,89,1.762,1.135,0.5689,False
node_2_gain,union10,pear,3,10,89,2.937,1.021,0.60435,False
node_2_gain,union10,animal,3,10,89,2.937,1.021,0.60545,False
node_2_gain,union10,banana,4,14,89,4.112,0.973,0.63049,False
node_2_gain,union10,ethereal,1,3,89,0.881,1.135,0.64624,False
node_2_gain,union10,ripe,1,3,89,0.881,1.135,0.64888,False
node_2_gain,union10,aldehydic,5,18,89,5.287,0.946,0.65221,False
node_2_gain,union10,orange,3,11,89,3.231,0.928,0.67397,False
node_2_gain,union10,berry,2,8,89,2.35,0.851,0.73519,False
node_2_gain,union10,chocolate,1,4,89,1.175,0.851,0.75225,False
node_2_gain,union10,cognac,1,4,89,1.175,0.851,0.75247,False
node_2_gain,union10,lactonic,1,4,89,1.175,0.851,0.75407,False
node_2_gain,union10,fermented,1,4,89,1.175,0.851,0.75408,False
node_2_gain,union10,vanilla,1,4,89,1.175,0.851,0.7547,False
node_2_gain,union10,smoky,1,4,89,1.175,0.851,0.75538,False
node_2_gain,union10,honey,2,9,89,2.644,0.757,0.79861,False
node_2_gain,union10,peach,1,5,89,1.469,0.681,0.82474,False
node_2_gain,union10,cabbage,1,5,89,1.469,0.681,0.82662,False
node_2_gain,union10,lemon,1,5,89,1.469,0.681,0.82686,False
node_2_gain,union10,almond,1,5,89,1.469,0.681,0.82688,False
node_2_gain,union10,grassy,1,5,89,1.469,0.681,0.82705,False
node_2_gain,union10,coumarinic,1,5,89,1.469,0.681,0.82818,False
node_2_gain,union10,citrus,6,26,89,7.637,0.786,0.83109,False
node_2_gain,union10,cucumber,1,6,89,1.762,0.567,0.87826,False
node_2_gain,union10,cinnamon,1,6,89,1.762,0.567,0.87856,False
node_2_gain,union10,musty,2,11,89,3.231,0.619,0.88291,False
node_2_gain,union10,tropical,3,18,89,5.287,0.567,0.93823,False
node_2_gain,union10,fruity,18,78,89,22.911,0.786,0.94243,False
node_2_gain,union10,rose,3,19,89,5.581,0.538,0.95283,False
node_2_gain,union10,vegetable,3,19,89,5.581,0.538,0.95318,False
node_2_gain,union10,phenolic,1,9,89,2.644,0.378,0.95927,False
node_2_gain,union10,apple,2,15,89,4.406,0.454,0.96344,False
node_2_gain,union10,burnt,1,10,89,2.937,0.34,0.97108,False
node_2_gain,union10,green,13,64,89,18.799,0.692,0.97717,False
node_2_gain,union10,powdery,2,17,89,4.993,0.401,0.9805,False
node_2_gain,union10,nutty,2,18,89,5.287,0.378,0.98608,False
node_2_gain,union10,musk,1,12,89,3.525,0.284,0.98706,False
node_2_gain,union10,oily,3,24,89,7.05,0.426,0.98824,False
node_2_gain,union10,sulfurous,1,13,89,3.818,0.262,0.99056,False
node_2_gain,union10,balsamic,2,23,89,6.756,0.296,0.99748,False
node_2_gain,union10,floral,8,58,89,17.036,0.47,0.9993,False
node_2_gain,union10,herbal,2,28,89,8.224,0.243,0.99938,False
node_2_gain,union10,fresh,3,37,89,10.868,0.276,0.99981,False
node_2_gain,union10,sweet,15,93,89,27.317,0.549,0.99992,False
node_32_gain,union10,horseradish,2,2,15,0.099,20.2,0.00212,True
node_32_gain,union10,sulfurous,4,13,15,0.644,6.215,0.00226,True
node_32_gain,union10,beefy,2,2,15,0.099,20.2,0.00229,True
node_32_gain,union10,burnt,3,10,15,0.495,6.06,0.00934,True
node_32_gain,union10,meaty,3,10,15,0.495,6.06,0.0098,True
node_32_gain,union10,pungent,3,12,15,0.594,5.05,0.01704,False
node_32_gain,union10,savory,2,5,15,0.248,8.08,0.02086,False
node_32_gain,union10,orangeflower,1,1,15,0.05,20.2,0.04893,False
node_32_gain,union10,coffee,2,8,15,0.396,5.05,0.05348,False
node_32_gain,union10,vegetable,3,19,15,0.941,3.189,0.05891,False
node_32_gain,union10,roasted,2,9,15,0.446,4.489,0.06814,False
node_32_gain,union10,cooked,1,2,15,0.099,10.1,0.096,False
node_32_gain,union10,brown,1,2,15,0.099,10.1,0.0968,False
node_32_gain,union10,radish,1,2,15,0.099,10.1,0.09717,False
node_32_gain,union10,geranium,1,2,15,0.099,10.1,0.09787,False
node_32_gain,union10,solvent,1,3,15,0.149,6.733,0.14037,False
node_32_gain,union10,mint,1,3,15,0.149,6.733,0.14069,False
node_32_gain,union10,garlic,1,3,15,0.149,6.733,0.14078,False
node_32_gain,union10,ketonic,1,3,15,0.149,6.733,0.14122,False
node_32_gain,union10,mushroom,1,3,15,0.149,6.733,0.14176,False
node_32_gain,union10,alliaceous,1,4,15,0.198,5.05,0.18265,False
node_32_gain,union10,powdery,2,17,15,0.842,2.376,0.20353,False
node_32_gain,union10,nutty,2,18,15,0.891,2.244,0.22078,False
node_32_gain,union10,grape,1,5,15,0.248,4.04,0.22376,False
node_32_gain,union10,metallic,1,5,15,0.248,4.04,0.22454,False
node_32_gain,union10,cocoa,1,5,15,0.248,4.04,0.2267,False
node_32_gain,union10,rose,2,19,15,0.941,2.126,0.2399,False
node_32_gain,union10,cinnamon,1,6,15,0.297,3.367,0.26469,False
node_32_gain,union10,onion,1,7,15,0.347,2.886,0.3013,False
node_32_gain,union10,chicken,1,7,15,0.347,2.886,0.30138,False
node_32_gain,union10,tobacco,1,8,15,0.396,2.525,0.33528,False
node_32_gain,union10,plum,1,8,15,0.396,2.525,0.33615,False
node_32_gain,union10,minty,1,8,15,0.396,2.525,0.33646,False
node_32_gain,union10,honey,1,9,15,0.446,2.244,0.37068,False
node_32_gain,union10,camphoreous,1,9,15,0.446,2.244,0.37114,False
node_32_gain,union10,animal,1,10,15,0.495,2.02,0.40394,False
node_32_gain,union10,musty,1,11,15,0.545,1.836,0.4334,False
node_32_gain,union10,orange,1,11,15,0.545,1.836,0.43393,False
node_32_gain,union10,earthy,1,12,15,0.594,1.683,0.46411,False
node_32_gain,union10,apple,1,15,15,0.743,1.347,0.54039,False
node_32_gain,union10,floral,3,58,15,2.871,1.045,0.57352,False
node_32_gain,union10,spicy,1,20,15,0.99,1.01,0.6462,False
node_32_gain,union10,cheesy,1,22,15,1.089,0.918,0.68705,False
node_32_gain,union10,balsamic,1,23,15,1.139,0.878,0.70313,False
node_32_gain,union10,oily,1,24,15,1.188,0.842,0.71756,False
node_32_gain,union10,sweet,4,93,15,4.604,0.869,0.73141,False
node_32_gain,union10,herbal,1,28,15,1.386,0.721,0.77496,False
node_32_gain,union10,fresh,1,37,15,1.832,0.546,0.86519,False
node_32_gain,union10,fruity,2,78,15,3.861,0.518,0.93425,False
node_32_gain,union10,fatty,1,53,15,2.624,0.381,0.94874,False
node_32_gain,union10,green,1,64,15,3.168,0.316,0.97416,False
node_44_gain,union10,bready,1,2,3,0.02,50.5,0.02023,False
node_44_gain,union10,jammy,1,2,3,0.02,50.5,0.02024,False
node_44_gain,union10,caramellic,1,5,3,0.05,20.2,0.04944,False
node_44_gain,union10,strawberry,1,6,3,0.059,16.833,0.05931,False
node_44_gain,union10,berry,1,8,3,0.079,12.625,0.0787,False
node_44_gain,union10,burnt,1,10,3,0.099,10.1,0.09643,False
node_44_gain,union10,fruity,1,78,3,0.772,1.295,0.59233,False
node_44_gain,union10,sweet,1,93,3,0.921,1.086,0.67242,False
node_4_gain,union10,fatty,11,53,25,4.373,2.515,0.00126,True
node_4_gain,union10,aldehydic,6,18,25,1.485,4.04,0.00151,True
node_4_gain,union10,grassy,3,5,25,0.413,7.272,0.00452,True
node_4_gain,union10,cheesy,6,22,25,1.815,3.305,0.00524,True
node_4_gain,union10,fresh,8,37,25,3.053,2.621,0.0053,True
node_4_gain,union10,dairy,5,17,25,1.403,3.565,0.00811,True
node_4_gain,union10,oily,6,24,25,1.98,3.03,0.00838,True
node_4_gain,union10,orange,4,11,25,0.908,4.407,0.00839,True
node_4_gain,union10,pungent,4,12,25,0.99,4.04,0.01146,False
node_4_gain,union10,vegetable,5,19,25,1.568,3.189,0.01396,False
node_4_gain,union10,acidic,3,8,25,0.66,4.545,0.02072,False
node_4_gain,union10,cognac,2,4,25,0.33,6.06,0.03643,False
node_4_gain,union10,milky,3,10,25,0.825,3.636,0.04071,False
node_4_gain,union10,buttery,3,10,25,0.825,3.636,0.04112,False
node_4_gain,union10,citrus,5,26,25,2.145,2.331,0.04824,False
node_4_gain,union10,green,9,64,25,5.281,1.704,0.05431,False
node_4_gain,union10,savory,2,5,25,0.413,4.848,0.05555,False
node_4_gain,union10,leafy,2,5,25,0.413,4.848,0.05586,False
node_4_gain,union10,cabbage,2,5,25,0.413,4.848,0.05651,False
node_4_gain,union10,fruity,10,78,25,6.436,1.554,0.07466,False
node_4_gain,union10,rum,1,1,25,0.083,12.12,0.08165,False
node_4_gain,union10,weedy,1,1,25,0.083,12.12,0.08168,False
node_4_gain,union10,creamy,4,21,25,1.733,2.309,0.0831,False
node_4_gain,union10,onion,2,7,25,0.578,3.463,0.10765,False
node_4_gain,union10,apple,3,15,25,1.238,2.424,0.1142,False
node_4_gain,union10,cooked,1,2,25,0.165,6.06,0.15829,False
node_4_gain,union10,tropical,3,18,25,1.485,2.02,0.17744,False
node_4_gain,union10,herbal,4,28,25,2.31,1.731,0.18831,False
node_4_gain,union10,natural,1,3,25,0.248,4.04,0.2269,False
node_4_gain,union10,ozone,1,3,25,0.248,4.04,0.22862,False
node_4_gain,union10,garlic,1,3,25,0.248,4.04,0.22871,False
node_4_gain,union10,clean,1,3,25,0.248,4.04,0.22962,False
node_4_gain,union10,sulfurous,2,13,25,1.073,1.865,0.29172,False
node_4_gain,union10,alliaceous,1,4,25,0.33,3.03,0.2924,False
node_4_gain,union10,fermented,1,4,25,0.33,3.03,0.29348,False
node_4_gain,union10,metallic,1,5,25,0.413,2.424,0.3481,False
node_4_gain,union10,grape,1,5,25,0.413,2.424,0.34912,False
node_4_gain,union10,peach,1,5,25,0.413,2.424,0.35141,False
node_4_gain,union10,apricot,1,5,25,0.413,2.424,0.35248,False
node_4_gain,union10,sour,2,16,25,1.32,1.515,0.38579,False
node_4_gain,union10,cucumber,1,6,25,0.495,2.02,0.4047,False
node_4_gain,union10,orris,1,6,25,0.495,2.02,0.40588,False
node_4_gain,union10,nutty,2,18,25,1.485,1.347,0.44785,False
node_4_gain,union10,chicken,1,7,25,0.578,1.731,0.4571,False
node_4_gain,union10,winey,1,7,25,0.578,1.731,0.45739,False
node_4_gain,union10,rose,2,19,25,1.568,1.276,0.47779,False
node_4_gain,union10,melon,1,8,25,0.66,1.515,0.50198,False
node_4_gain,union10,waxy,4,45,25,3.713,1.077,0.52703,False
node_4_gain,union10,roasted,1,9,25,0.743,1.347,0.54727,False
node_4_gain,union10,pear,1,10,25,0.825,1.212,0.58419,False
node_4_gain,union10,meaty,1,10,25,0.825,1.212,0.58476,False
node_4_gain,union10,sharp,1,11,25,0.908,1.102,0.61472,False
node_4_gain,union10,odorless,1,11,25,0.908,1.102,0.61929,False
node_4_gain,union10,coconut,1,12,25,0.99,1.01,0.65175,False
node_4_gain,union10,banana,1,14,25,1.155,0.866,0.70748,False
node_4_gain,union10,spicy,1,20,25,1.65,0.606,0.82966,False
node_4_gain,union10,woody,1,31,25,2.558,0.391,0.94003,False
node_4_gain,union10,sweet,3,93,25,7.673,0.391,0.9946,False
node_4_gain,union10,floral,1,58,25,4.785,0.209,0.99638,False
node_5_gain,union10,fruity,23,78,42,10.812,2.127,2e-05,True
node_5_gain,union10,oily,10,24,42,3.327,3.006,0.00049,True
node_5_gain,union10,natural,3,3,42,0.416,7.214,0.00239,True
node_5_gain,union10,fatty,14,53,42,7.347,1.906,0.00546,True
node_5_gain,union10,rose,7,19,42,2.634,2.658,0.00876,True
node_5_gain,union10,apple,6,15,42,2.079,2.886,0.00904,True
node_5_gain,union10,creamy,7,21,42,2.911,2.405,0.01512,False
node_5_gain,union10,plum,4,8,42,1.109,3.607,0.01517,False
node_5_gain,union10,citrus,8,26,42,3.604,2.22,0.01572,False
node_5_gain,union10,amber,3,5,42,0.693,4.329,0.02029,False
node_5_gain,union10,sweet,19,93,42,12.891,1.474,0.02423,False
node_5_gain,union10,milky,4,10,42,1.386,2.886,0.03559,False
node_5_gain,union10,buttery,4,10,42,1.386,2.886,0.03638,False
node_5_gain,union10,fresh,9,37,42,5.129,1.755,0.04998,False
node_5_gain,union10,waxy,10,45,42,6.238,1.603,0.06997,False
node_5_gain,union10,green,13,64,42,8.871,1.465,0.07371,False
node_5_gain,union10,berry,3,8,42,1.109,2.705,0.08394,False
node_5_gain,union10,tropical,5,18,42,2.495,2.004,0.08645,False
node_5_gain,union10,cognac,2,4,42,0.554,3.607,0.09417,False
node_5_gain,union10,banana,4,14,42,1.941,2.061,0.11349,False
node_5_gain,union10,woody,7,31,42,4.297,1.629,0.11561,False
node_5_gain,union10,rum,1,1,42,0.139,7.214,0.13779,False
node_5_gain,union10,metallic,2,5,42,0.693,2.886,0.13999,False
node_5_gain,union10,grape,2,5,42,0.693,2.886,0.14166,False
node_5_gain,union10,lemon,2,5,42,0.693,2.886,0.1421,False
node_5_gain,union10,leafy,2,5,42,0.693,2.886,0.14272,False
node_5_gain,union10,peach,2,5,42,0.693,2.886,0.14279,False
node_5_gain,union10,floral,11,58,42,8.04,1.368,0.1504,False
node_5_gain,union10,herbal,6,28,42,3.881,1.546,0.174,False
node_5_gain,union10,dairy,4,17,42,2.356,1.697,0.19797,False
node_5_gain,union10,musk,3,12,42,1.663,1.804,0.22335,False
node_5_gain,union10,raspberry,1,2,42,0.277,3.607,0.25795,False
node_5_gain,union10,jammy,1,2,42,0.277,3.607,0.25845,False
node_5_gain,union10,vegetable,4,19,42,2.634,1.519,0.25884,False
node_5_gain,union10,tobacco,2,8,42,1.109,1.804,0.30484,False
node_5_gain,union10,ketonic,1,3,42,0.416,2.405,0.36013,False
node_5_gain,union10,tea,1,3,42,0.416,2.405,0.36052,False
node_5_gain,union10,mint,1,3,42,0.416,2.405,0.36078,False
node_5_gain,union10,ripe,1,3,42,0.416,2.405,0.36128,False
node_5_gain,union10,garlic,1,3,42,0.416,2.405,0.36272,False
node_5_gain,union10,violet,1,3,42,0.416,2.405,0.36287,False
node_5_gain,union10,clean,1,3,42,0.416,2.405,0.3639,False
node_5_gain,union10,powdery,3,17,42,2.356,1.273,0.42894,False
node_5_gain,union10,fermented,1,4,42,0.554,1.804,0.45169,False
node_5_gain,union10,vanilla,1,4,42,0.554,1.804,0.452,False
node_5_gain,union10,lactonic,1,4,42,0.554,1.804,0.4521,False
node_5_gain,union10,alliaceous,1,4,42,0.554,1.804,0.45229,False
node_5_gain,union10,orange,2,11,42,1.525,1.312,0.46294,False
node_5_gain,union10,sharp,2,11,42,1.525,1.312,0.4651,False
node_5_gain,union10,musty,2,11,42,1.525,1.312,0.46735,False
node_5_gain,union10,aldehydic,3,18,42,2.495,1.202,0.47,False
node_5_gain,union10,earthy,2,12,42,1.663,1.202,0.51337,False
node_5_gain,union10,coconut,2,12,42,1.663,1.202,0.51354,False
node_5_gain,union10,pungent,2,12,42,1.663,1.202,0.51475,False
node_5_gain,union10,apricot,1,5,42,0.693,1.443,0.52848,False
node_5_gain,union10,grassy,1,5,42,0.693,1.443,0.52864,False
node_5_gain,union10,caramellic,1,5,42,0.693,1.443,0.52978,False
node_5_gain,union10,coumarinic,1,5,42,0.693,1.443,0.52991,False
node_5_gain,union10,strawberry,1,6,42,0.832,1.202,0.59343,False
node_5_gain,union10,dry,1,6,42,0.832,1.202,0.59441,False
node_5_gain,union10,orris,1,6,42,0.832,1.202,0.59454,False
node_5_gain,union10,jasmin,1,6,42,0.832,1.202,0.59559,False
node_5_gain,union10,cucumber,1,6,42,0.832,1.202,0.59585,False
node_5_gain,union10,cheesy,3,22,42,3.05,0.984,0.61395,False
node_5_gain,union10,balsamic,3,23,42,3.188,0.941,0.64807,False
node_5_gain,union10,cherry,1,7,42,0.97,1.031,0.65246,False
node_5_gain,union10,pine,1,7,42,0.97,1.031,0.65364,False
node_5_gain,union10,winey,1,7,42,0.97,1.031,0.65393,False
node_5_gain,union10,onion,1,7,42,0.97,1.031,0.65472,False
node_5_gain,union10,jasmine,1,8,42,1.109,0.902,0.70036,False
node_5_gain,union10,minty,1,8,42,1.109,0.902,0.70187,False
node_5_gain,union10,melon,1,8,42,1.109,0.902,0.70222,False
node_5_gain,union10,coffee,1,8,42,1.109,0.902,0.70465,False
node_5_gain,union10,honey,1,9,42,1.248,0.802,0.74331,False
node_5_gain,union10,camphoreous,1,9,42,1.248,0.802,0.74409,False
node_5_gain,union10,roasted,1,9,42,1.248,0.802,0.74626,False
node_5_gain,union10,burnt,1,10,42,1.386,0.721,0.77805,False
node_5_gain,union10,animal,1,10,42,1.386,0.721,0.77982,False
node_5_gain,union10,pear,1,10,42,1.386,0.721,0.78127,False
node_5_gain,union10,meaty,1,10,42,1.386,0.721,0.78255,False
node_5_gain,union10,spicy,2,20,42,2.772,0.721,0.79559,False
node_5_gain,union10,pineapple,1,12,42,1.663,0.601,0.8381,False
node_5_gain,union10,sulfurous,1,13,42,1.802,0.555,0.86548,False
node_5_gain,union10,nutty,1,18,42,2.495,0.401,0.93849,False
node_6_gain,union10,balsamic,10,23,34,2.581,3.875,7e-05,True
node_6_gain,union10,powdery,7,17,34,1.908,3.67,0.00118,True
node_6_gain,union10,nutty,7,18,34,2.02,3.466,0.00159,True
node_6_gain,union10,cherry,4,7,34,0.785,5.092,0.00376,True
node_6_gain,union10,smoky,3,4,34,0.449,6.684,0.00466,True
node_6_gain,union10,hyacinth,3,4,34,0.449,6.684,0.00519,True
node_6_gain,union10,potato,3,5,34,0.561,5.347,0.01121,False
node_6_gain,union10,burnt,4,10,34,1.122,3.565,0.01727,False
node_6_gain,union10,earthy,4,12,34,1.347,2.971,0.03382,False
node_6_gain,union10,hazelnut,2,3,34,0.337,5.941,0.03419,False
node_6_gain,union10,vegetable,5,19,34,2.132,2.345,0.04799,False
node_6_gain,union10,coffee,3,8,34,0.898,3.342,0.04915,False
node_6_gain,union10,chocolate,2,4,34,0.449,4.456,0.06396,False
node_6_gain,union10,vanilla,2,4,34,0.449,4.456,0.06449,False
node_6_gain,union10,roasted,3,9,34,1.01,2.971,0.06778,False
node_6_gain,union10,meaty,3,10,34,1.122,2.674,0.08913,False
node_6_gain,union10,metallic,2,5,34,0.561,3.565,0.09586,False
node_6_gain,union10,almond,2,5,34,0.561,3.565,0.09817,False
node_6_gain,union10,caramellic,2,5,34,0.561,3.565,0.09862,False
node_6_gain,union10,cocoa,2,5,34,0.561,3.565,0.09959,False
node_6_gain,union10,orangeflower,1,1,34,0.112,8.912,0.11066,False
node_6_gain,union10,cortex,1,1,34,0.112,8.912,0.11256,False
node_6_gain,union10,musty,3,11,34,1.234,2.43,0.11504,False
node_6_gain,union10,green,10,64,34,7.182,1.392,0.15067,False
node_6_gain,union10,sulfurous,3,13,34,1.459,2.057,0.16751,False
node_6_gain,union10,medicinal,2,7,34,0.785,2.546,0.17632,False
node_6_gain,union10,floral,9,58,34,6.508,1.383,0.17901,False
node_6_gain,union10,peppery,1,2,34,0.224,4.456,0.21064,False
node_6_gain,union10,geranium,1,2,34,0.224,4.456,0.21108,False
node_6_gain,union10,brothy,1,2,34,0.224,4.456,0.21287,False
node_6_gain,union10,hawthorn,1,2,34,0.224,4.456,0.21306,False
node_6_gain,union10,popcorn,1,2,34,0.224,4.456,0.21318,False
node_6_gain,union10,bready,1,2,34,0.224,4.456,0.21322,False
node_6_gain,union10,melon,2,8,34,0.898,2.228,0.22268,False
node_6_gain,union10,phenolic,2,9,34,1.01,1.98,0.26834,False
node_6_gain,union10,ethereal,1,3,34,0.337,2.971,0.29906,False
node_6_gain,union10,solvent,1,3,34,0.337,2.971,0.29908,False
node_6_gain,union10,chemical,1,3,34,0.337,2.971,0.30097,False
node_6_gain,union10,lily,1,3,34,0.337,2.971,0.3018,False
node_6_gain,union10,aldehydic,3,18,34,2.02,1.485,0.32963,False
node_6_gain,union10,sharp,2,11,34,1.234,1.62,0.35329,False
node_6_gain,union10,orange,2,11,34,1.234,1.62,0.35336,False
node_6_gain,union10,alliaceous,1,4,34,0.449,2.228,0.38022,False
node_6_gain,union10,fermented,1,4,34,0.449,2.228,0.38078,False
node_6_gain,union10,anisic,1,4,34,0.449,2.228,0.38237,False
node_6_gain,union10,lemon,1,5,34,0.561,1.782,0.44778,False
node_6_gain,union10,cooling,1,5,34,0.561,1.782,0.44988,False
node_6_gain,union10,leafy,1,5,34,0.561,1.782,0.45006,False
node_6_gain,union10,savory,1,5,34,0.561,1.782,0.45014,False
node_6_gain,union10,coumarinic,1,5,34,0.561,1.782,0.45083,False
node_6_gain,union10,amber,1,5,34,0.561,1.782,0.45146,False
node_6_gain,union10,hay,1,5,34,0.561,1.782,0.45173,False
node_6_gain,union10,woody,4,31,34,3.479,1.15,0.46801,False
node_6_gain,union10,strawberry,1,6,34,0.673,1.485,0.51252,False
node_6_gain,union10,dry,1,6,34,0.673,1.485,0.51303,False
node_6_gain,union10,cinnamon,1,6,34,0.673,1.485,0.5144,False
node_6_gain,union10,chicken,1,7,34,0.785,1.273,0.56991,False
node_6_gain,union10,onion,1,7,34,0.785,1.273,0.5709,False
node_6_gain,union10,plum,1,8,34,0.898,1.114,0.61662,False
node_6_gain,union10,jasmine,1,8,34,0.898,1.114,0.61851,False
node_6_gain,union10,herbal,3,28,34,3.142,0.955,0.63318,False
node_6_gain,union10,sweet,10,93,34,10.436,0.958,0.638,False
node_6_gain,union10,rose,2,19,34,2.132,0.938,0.6544,False
node_6_gain,union10,honey,1,9,34,1.01,0.99,0.66228,False
node_6_gain,union10,camphoreous,1,9,34,1.01,0.99,0.66237,False
node_6_gain,union10,spicy,2,20,34,2.244,0.891,0.68203,False
node_6_gain,union10,animal,1,10,34,1.122,0.891,0.70058,False
node_6_gain,union10,pear,1,10,34,1.122,0.891,0.70249,False
node_6_gain,union10,pineapple,1,12,34,1.347,0.743,0.76617,False
node_6_gain,union10,fresh,3,37,34,4.152,0.723,0.8155,False
node_6_gain,union10,banana,1,14,34,1.571,0.637,0.81855,False
node_6_gain,union10,citrus,2,26,34,2.917,0.686,0.82008,False
node_6_gain,union10,fruity,7,78,34,8.752,0.8,0.82538,False
node_6_gain,union10,tropical,1,18,34,2.02,0.495,0.8894,False
node_6_gain,union10,oily,1,24,34,2.693,0.371,0.94939,False
node_6_gain,union10,waxy,1,45,34,5.05,0.198,0.99686,False
node_6_gain,union10,fatty,1,53,34,5.947,0.168,0.99905,False
node_12_loss,union10,balsamic,12,23,53,4.023,2.983,8e-05,True
node_12_loss,union10,hyacinth,4,4,53,0.7,5.717,0.00104,True
node_12_loss,union10,potato,4,5,53,0.875,4.574,0.0036,True
node_12_loss,union10,hazelnut,3,3,53,0.525,5.717,0.00522,True
node_12_loss,union10,nutty,8,18,53,3.149,2.541,0.00584,True
node_12_loss,union10,anisic,3,4,53,0.7,4.288,0.01753,False
node_12_loss,union10,chocolate,3,4,53,0.7,4.288,0.01842,False
node_12_loss,union10,cherry,4,7,53,1.224,3.267,0.01968,False
node_12_loss,union10,vegetable,7,19,53,3.323,2.106,0.03087,False
node_12_loss,union10,popcorn,2,2,53,0.35,5.717,0.03092,False
node_12_loss,union10,coffee,4,8,53,1.399,2.858,0.03499,False
node_12_loss,union10,cocoa,3,5,53,0.875,3.43,0.0399,False
node_12_loss,union10,earthy,5,12,53,2.099,2.382,0.04084,False
node_12_loss,union10,roasted,4,9,53,1.574,2.541,0.05363,False
node_12_loss,union10,powdery,6,17,53,2.974,2.018,0.05549,False
node_12_loss,union10,green,16,64,53,11.195,1.429,0.05893,False
node_12_loss,union10,cinnamon,3,6,53,1.05,2.858,0.06762,False
node_12_loss,union10,ethereal,2,3,53,0.525,3.811,0.07847,False
node_12_loss,union10,burnt,4,10,53,1.749,2.287,0.07904,False
node_12_loss,union10,musty,4,11,53,1.924,2.079,0.1057,False
node_12_loss,union10,smoky,2,4,53,0.7,2.858,0.1415,False
node_12_loss,union10,vanilla,2,4,53,0.7,2.858,0.1429,False
node_12_loss,union10,cortex,1,1,53,0.175,5.717,0.17665,False
node_12_loss,union10,honey,3,9,53,1.574,1.906,0.19637,False
node_12_loss,union10,leafy,2,5,53,0.875,2.287,0.2116,False
node_12_loss,union10,hay,2,5,53,0.875,2.287,0.21175,False
node_12_loss,union10,almond,2,5,53,0.875,2.287,0.21182,False
node_12_loss,union10,caramellic,2,5,53,0.875,2.287,0.21202,False
node_12_loss,union10,woody,7,31,53,5.422,1.291,0.28467,False
node_12_loss,union10,terpenic,2,6,53,1.05,1.906,0.28535,False
node_12_loss,union10,floral,12,58,53,10.145,1.183,0.29714,False
node_12_loss,union10,fresh,8,37,53,6.472,1.236,0.30633,False
node_12_loss,union10,anise,1,2,53,0.35,2.858,0.31846,False
node_12_loss,union10,peppery,1,2,53,0.35,2.858,0.31926,False
node_12_loss,union10,brothy,1,2,53,0.35,2.858,0.31946,False
node_12_loss,union10,bready,1,2,53,0.35,2.858,0.31984,False
node_12_loss,union10,hawthorn,1,2,53,0.35,2.858,0.32052,False
node_12_loss,union10,medicinal,2,7,53,1.224,1.633,0.35234,False
node_12_loss,union10,pine,2,7,53,1.224,1.633,0.35637,False
node_12_loss,union10,plum,2,8,53,1.399,1.429,0.42173,False
node_12_loss,union10,jasmine,2,8,53,1.399,1.429,0.42333,False
node_12_loss,union10,melon,2,8,53,1.399,1.429,0.42367,False
node_12_loss,union10,solvent,1,3,53,0.525,1.906,0.43593,False
node_12_loss,union10,lily,1,3,53,0.525,1.906,0.43895,False
node_12_loss,union10,chemical,1,3,53,0.525,1.906,0.43896,False
node_12_loss,union10,cedar,1,3,53,0.525,1.906,0.43915,False
node_12_loss,union10,violet,1,3,53,0.525,1.906,0.43943,False
node_12_loss,union10,banana,3,14,53,2.449,1.225,0.45608,False
node_12_loss,union10,sweet,17,93,53,16.267,1.045,0.46388,False
node_12_loss,union10,spicy,4,20,53,3.498,1.143,0.4733,False
node_12_loss,union10,warm,1,4,53,0.7,1.429,0.53821,False
node_12_loss,union10,fermented,1,4,53,0.7,1.429,0.53871,False
node_12_loss,union10,alliaceous,1,4,53,0.7,1.429,0.53905,False
node_12_loss,union10,animal,2,10,53,1.749,1.143,0.54487,False
node_12_loss,union10,meaty,2,10,53,1.749,1.143,0.54787,False
node_12_loss,union10,pear,2,10,53,1.749,1.143,0.54951,False
node_12_loss,union10,sharp,2,11,53,1.924,1.039,0.60242,False
node_12_loss,union10,lemon,1,5,53,0.875,1.143,0.61768,False
node_12_loss,union10,metallic,1,5,53,0.875,1.143,0.61861,False
node_12_loss,union10,amber,1,5,53,0.875,1.143,0.62067,False
node_12_loss,union10,coumarinic,1,5,53,0.875,1.143,0.62122,False
node_12_loss,union10,savory,1,5,53,0.875,1.143,0.62189,False
node_12_loss,union10,cooling,1,5,53,0.875,1.143,0.62331,False
node_12_loss,union10,aldehydic,3,18,53,3.149,0.953,0.6406,False
node_12_loss,union10,rose,3,19,53,3.323,0.903,0.67877,False
node_12_loss,union10,dry,1,6,53,1.05,0.953,0.68697,False
node_12_loss,union10,strawberry,1,6,53,1.05,0.953,0.68744,False
node_12_loss,union10,cucumber,1,6,53,1.05,0.953,0.68843,False
node_12_loss,union10,sulfurous,2,13,53,2.274,0.88,0.69799,False
node_12_loss,union10,chicken,1,7,53,1.224,0.817,0.74276,False
node_12_loss,union10,onion,1,7,53,1.224,0.817,0.74557,False
node_12_loss,union10,herbal,4,28,53,4.898,0.817,0.76023,False
node_12_loss,union10,apple,2,15,53,2.624,0.762,0.77322,False
node_12_loss,union10,tobacco,1,8,53,1.399,0.715,0.78686,False
node_12_loss,union10,berry,1,8,53,1.399,0.715,0.78746,False
node_12_loss,union10,phenolic,1,9,53,1.574,0.635,0.82768,False
node_12_loss,union10,camphoreous,1,9,53,1.574,0.635,0.82838,False
node_12_loss,union10,fruity,11,78,53,13.644,0.806,0.86233,False
node_12_loss,union10,orange,1,11,53,1.924,0.52,0.88369,False
node_12_loss,union10,pineapple,1,12,53,2.099,0.476,0.90354,False
node_12_loss,union10,pungent,1,12,53,2.099,0.476,0.90462,False
node_12_loss,union10,musk,1,12,53,2.099,0.476,0.90598,False
node_12_loss,union10,oily,2,24,53,4.198,0.476,0.94582,False
node_12_loss,union10,citrus,2,26,53,4.548,0.44,0.96268,False
node_12_loss,union10,tropical,1,18,53,3.149,0.318,0.97144,False
node_12_loss,union10,fatty,3,53,53,9.271,0.324,0.99852,False
node_12_loss,union10,waxy,2,45,53,7.871,0.254,0.99896,False
node_21_loss,union10,sulfurous,5,13,20,0.858,5.827,0.00061,True
node_21_loss,union10,burnt,4,10,20,0.66,6.06,0.00232,True
node_21_loss,union10,meaty,4,10,20,0.66,6.06,0.00238,True
node_21_loss,union10,horseradish,2,2,20,0.132,15.15,0.0038,True
node_21_loss,union10,beefy,2,2,20,0.132,15.15,0.00412,True
node_21_loss,union10,camphoreous,3,9,20,0.594,5.05,0.01628,False
node_21_loss,union10,savory,2,5,20,0.33,6.06,0.03617,False
node_21_loss,union10,orangeflower,1,1,20,0.066,15.15,0.0648,False
node_21_loss,union10,medicinal,2,7,20,0.462,4.329,0.07001,False
node_21_loss,union10,coffee,2,8,20,0.528,3.788,0.0914,False
node_21_loss,union10,phenolic,2,9,20,0.594,3.367,0.11317,False
node_21_loss,union10,roasted,2,9,20,0.594,3.367,0.11414,False
node_21_loss,union10,cooked,1,2,20,0.132,7.575,0.12743,False
node_21_loss,union10,radish,1,2,20,0.132,7.575,0.12777,False
node_21_loss,union10,geranium,1,2,20,0.132,7.575,0.12838,False
node_21_loss,union10,bready,1,2,20,0.132,7.575,0.12882,False
node_21_loss,union10,jammy,1,2,20,0.132,7.575,0.12886,False
node_21_loss,union10,brown,1,2,20,0.132,7.575,0.12935,False
node_21_loss,union10,pungent,2,12,20,0.792,2.525,0.18299,False
node_21_loss,union10,solvent,1,3,20,0.198,5.05,0.18501,False
node_21_loss,union10,ripe,1,3,20,0.198,5.05,0.18513,False
node_21_loss,union10,ketonic,1,3,20,0.198,5.05,0.18542,False
node_21_loss,union10,mushroom,1,3,20,0.198,5.05,0.18543,False
node_21_loss,union10,garlic,1,3,20,0.198,5.05,0.1855,False
node_21_loss,union10,mint,1,3,20,0.198,5.05,0.18567,False
node_21_loss,union10,chemical,1,3,20,0.198,5.05,0.18633,False
node_21_loss,union10,alliaceous,1,4,20,0.264,3.788,0.23961,False
node_21_loss,union10,smoky,1,4,20,0.264,3.788,0.24041,False
node_21_loss,union10,herbal,3,28,20,1.848,1.623,0.27698,False
node_21_loss,union10,grape,1,5,20,0.33,3.03,0.28729,False
node_21_loss,union10,metallic,1,5,20,0.33,3.03,0.28807,False
node_21_loss,union10,cocoa,1,5,20,0.33,3.03,0.29118,False
node_21_loss,union10,cooling,1,5,20,0.33,3.03,0.2916,False
node_21_loss,union10,caramellic,1,5,20,0.33,3.03,0.29295,False
node_21_loss,union10,powdery,2,17,20,1.122,1.782,0.31125,False
node_21_loss,union10,nutty,2,18,20,1.188,1.683,0.3373,False
node_21_loss,union10,jasmin,1,6,20,0.396,2.525,0.33846,False
node_21_loss,union10,strawberry,1,6,20,0.396,2.525,0.33889,False
node_21_loss,union10,vegetable,2,19,20,1.254,1.595,0.3617,False
node_21_loss,union10,onion,1,7,20,0.462,2.164,0.38368,False
node_21_loss,union10,chicken,1,7,20,0.462,2.164,0.38408,False
node_21_loss,union10,spicy,2,20,20,1.32,1.515,0.38517,False
node_21_loss,union10,berry,1,8,20,0.528,1.894,0.42325,False
node_21_loss,union10,minty,1,8,20,0.528,1.894,0.42454,False
node_21_loss,union10,balsamic,2,23,20,1.518,1.317,0.46188,False
node_21_loss,union10,animal,1,10,20,0.66,1.515,0.50022,False
node_21_loss,union10,orange,1,11,20,0.726,1.377,0.53468,False
node_21_loss,union10,musty,1,11,20,0.726,1.377,0.53489,False
node_21_loss,union10,earthy,1,12,20,0.792,1.262,0.56752,False
node_21_loss,union10,sweet,6,93,20,6.139,0.977,0.61528,False
node_21_loss,union10,banana,1,14,20,0.924,1.082,0.62143,False
node_21_loss,union10,apple,1,15,20,0.99,1.01,0.6481,False
node_21_loss,union10,tropical,1,18,20,1.188,0.842,0.71647,False
node_21_loss,union10,rose,1,19,20,1.254,0.797,0.73676,False
node_21_loss,union10,floral,3,58,20,3.828,0.784,0.77321,False
node_21_loss,union10,cheesy,1,22,20,1.452,0.689,0.79068,False
node_21_loss,union10,woody,1,31,20,2.046,0.489,0.89179,False
node_21_loss,union10,fresh,1,37,20,2.442,0.409,0.93222,False
node_21_loss,union10,fruity,2,78,20,5.149,0.388,0.98237,False
node_21_loss,union10,green,1,64,20,4.224,0.237,0.99306,False
node_2_loss,union10,woody,26,31,136,13.914,1.869,1e-05,True
node_2_loss,union10,spicy,16,20,136,8.977,1.782,0.00096,True
node_2_loss,union10,floral,37,58,136,26.033,1.421,0.00097,True
node_2_loss,union10,plum,8,8,136,3.591,2.228,0.00165,True
node_2_loss,union10,jasmine,8,8,136,3.591,2.228,0.00176,True
node_2_loss,union10,herbal,20,28,136,12.568,1.591,0.0029,True
node_2_loss,union10,sweet,53,93,136,41.743,1.27,0.00356,True
node_2_loss,union10,pine,7,7,136,3.142,2.228,0.0038,True
node_2_loss,union10,jasmin,6,6,136,2.693,2.228,0.0075,True
node_2_loss,union10,terpenic,6,6,136,2.693,2.228,0.00788,True
node_2_loss,union10,camphoreous,8,9,136,4.04,1.98,0.00851,True
node_2_loss,union10,balsamic,16,23,136,10.323,1.55,0.01142,False
node_2_loss,union10,minty,7,8,136,3.591,1.949,0.01636,False
node_2_loss,union10,hay,5,5,136,2.244,2.228,0.01737,False
node_2_loss,union10,meaty,8,10,136,4.488,1.782,0.02519,False
node_2_loss,union10,earthy,9,12,136,5.386,1.671,0.03241,False
node_2_loss,union10,medicinal,6,7,136,3.142,1.91,0.03355,False
node_2_loss,union10,cherry,6,7,136,3.142,1.91,0.03461,False
node_2_loss,union10,banana,10,14,136,6.284,1.591,0.03733,False
node_2_loss,union10,warm,4,4,136,1.795,2.228,0.03926,False
node_2_loss,union10,anisic,4,4,136,1.795,2.228,0.04009,False
node_2_loss,union10,fresh,22,37,136,16.607,1.325,0.04218,False
node_2_loss,union10,sulfurous,9,13,136,5.835,1.542,0.06449,False
node_2_loss,union10,dry,5,6,136,2.693,1.857,0.06658,False
node_2_loss,union10,cinnamon,5,6,136,2.693,1.857,0.06699,False
node_2_loss,union10,apple,10,15,136,6.733,1.485,0.07007,False
node_2_loss,union10,fruity,41,78,136,35.01,1.171,0.07349,False
node_2_loss,union10,powdery,11,17,136,7.63,1.442,0.07502,False
node_2_loss,union10,melon,6,8,136,3.591,1.671,0.08483,False
node_2_loss,union10,berry,6,8,136,3.591,1.671,0.08514,False
node_2_loss,union10,coffee,6,8,136,3.591,1.671,0.08632,False
node_2_loss,union10,mushroom,3,3,136,1.347,2.228,0.08827,False
node_2_loss,union10,ketonic,3,3,136,1.347,2.228,0.08836,False
node_2_loss,union10,cedar,3,3,136,1.347,2.228,0.08853,False
node_2_loss,union10,solvent,3,3,136,1.347,2.228,0.08884,False
node_2_loss,union10,green,34,64,136,28.726,1.184,0.08936,False
node_2_loss,union10,chemical,3,3,136,1.347,2.228,0.08991,False
node_2_loss,union10,violet,3,3,136,1.347,2.228,0.09112,False
node_2_loss,union10,grape,4,5,136,2.244,1.782,0.12622,False
node_2_loss,union10,potato,4,5,136,2.244,1.782,0.12809,False
node_2_loss,union10,chicken,5,7,136,3.142,1.591,0.1481,False
node_2_loss,union10,onion,5,7,136,3.142,1.591,0.14903,False
node_2_loss,union10,phenolic,6,9,136,4.04,1.485,0.15955,False
node_2_loss,union10,honey,6,9,136,4.04,1.485,0.16094,False
node_2_loss,union10,roasted,6,9,136,4.04,1.485,0.16143,False
node_2_loss,union10,raspberry,2,2,136,0.898,2.228,0.1988,False
node_2_loss,union10,horseradish,2,2,136,0.898,2.228,0.19951,False
node_2_loss,union10,beefy,2,2,136,0.898,2.228,0.20012,False
node_2_loss,union10,hawthorn,2,2,136,0.898,2.228,0.20031,False
node_2_loss,union10,anise,2,2,136,0.898,2.228,0.20039,False
node_2_loss,union10,peppery,2,2,136,0.898,2.228,0.20105,False
node_2_loss,union10,brothy,2,2,136,0.898,2.228,0.2016,False
node_2_loss,union10,jammy,2,2,136,0.898,2.228,0.20196,False
node_2_loss,union10,hyacinth,3,4,136,1.795,1.671,0.23924,False
node_2_loss,union10,vanilla,3,4,136,1.795,1.671,0.24046,False
node_2_loss,union10,cucumber,4,6,136,2.693,1.485,0.24833,False
node_2_loss,union10,strawberry,4,6,136,2.693,1.485,0.25248,False
node_2_loss,union10,burnt,6,10,136,4.488,1.337,0.25375,False
node_2_loss,union10,tobacco,5,8,136,3.591,1.392,0.25447,False
node_2_loss,union10,vegetable,10,19,136,8.528,1.173,0.31869,False
node_2_loss,union10,musty,6,11,136,4.937,1.215,0.36053,False
node_2_loss,union10,citrus,13,26,136,11.67,1.114,0.36273,False
node_2_loss,union10,amber,3,5,136,2.244,1.337,0.40275,False
node_2_loss,union10,cooling,3,5,136,2.244,1.337,0.40347,False
node_2_loss,union10,almond,3,5,136,2.244,1.337,0.40494,False
node_2_loss,union10,cocoa,3,5,136,2.244,1.337,0.40614,False
node_2_loss,union10,caramellic,3,5,136,2.244,1.337,0.40645,False
node_2_loss,union10,natural,2,3,136,1.347,1.485,0.4214,False
node_2_loss,union10,ethereal,2,3,136,1.347,1.485,0.4229,False
node_2_loss,union10,clean,2,3,136,1.347,1.485,0.42303,False
node_2_loss,union10,mentholic,2,3,136,1.347,1.485,0.42312,False
node_2_loss,union10,ripe,2,3,136,1.347,1.485,0.4233,False
node_2_loss,union10,garlic,2,3,136,1.347,1.485,0.42359,False
node_2_loss,union10,ozone,2,3,136,1.347,1.485,0.42408,False
node_2_loss,union10,lily,2,3,136,1.347,1.485,0.4249,False
node_2_loss,union10,mint,2,3,136,1.347,1.485,0.42511,False
node_2_loss,union10,tea,2,3,136,1.347,1.485,0.42537,False
node_2_loss,union10,orangeflower,1,1,136,0.449,2.228,0.44691,False
node_2_loss,union10,leathery,1,1,136,0.449,2.228,0.44737,False
node_2_loss,union10,marine,1,1,136,0.449,2.228,0.4492,False
node_2_loss,union10,aromatic,1,1,136,0.449,2.228,0.44947,False
node_2_loss,union10,celery,1,1,136,0.449,2.228,0.44994,False
node_2_loss,union10,musk,6,12,136,5.386,1.114,0.47038,False
node_2_loss,union10,animal,5,10,136,4.488,1.114,0.49201,False
node_2_loss,union10,pear,5,10,136,4.488,1.114,0.49439,False
node_2_loss,union10,rose,9,19,136,8.528,1.055,0.50455,False
node_2_loss,union10,orris,3,6,136,2.693,1.114,0.55592,False
node_2_loss,union10,chocolate,2,4,136,1.795,1.114,0.60618,False
node_2_loss,union10,tropical,8,18,136,8.079,0.99,0.60759,False
node_2_loss,union10,alliaceous,2,4,136,1.795,1.114,0.60771,False
node_2_loss,union10,nutty,8,18,136,8.079,0.99,0.6086,False
node_2_loss,union10,brown,1,2,136,0.898,1.114,0.69621,False
node_2_loss,union10,pungent,5,12,136,5.386,0.928,0.69652,False
node_2_loss,union10,cooked,1,2,136,0.898,1.114,0.69708,False
node_2_loss,union10,popcorn,1,2,136,0.898,1.114,0.69711,False
node_2_loss,union10,radish,1,2,136,0.898,1.114,0.69726,False
node_2_loss,union10,bready,1,2,136,0.898,1.114,0.69746,False
node_2_loss,union10,geranium,1,2,136,0.898,1.114,0.69831,False
node_2_loss,union10,muguet,1,2,136,0.898,1.114,0.69843,False
node_2_loss,union10,apricot,2,5,136,2.244,0.891,0.74134,False
node_2_loss,union10,grassy,2,5,136,2.244,0.891,0.74331,False
node_2_loss,union10,cabbage,2,5,136,2.244,0.891,0.74377,False
node_2_loss,union10,leafy,2,5,136,2.244,0.891,0.74422,False
node_2_loss,union10,metallic,2,5,136,2.244,0.891,0.74464,False
node_2_loss,union10,lemon,2,5,136,2.244,0.891,0.74486,False
node_2_loss,union10,savory,2,5,136,2.244,0.891,0.74487,False
node_2_loss,union10,coumarinic,2,5,136,2.244,0.891,0.74768,False
node_2_loss,union10,aldehydic,7,18,136,8.079,0.866,0.77706,False
node_2_loss,union10,sharp,4,11,136,4.937,0.81,0.80884,False
node_2_loss,union10,estery,1,3,136,1.347,0.743,0.8346,False
node_2_loss,union10,clove,1,3,136,1.347,0.743,0.83473,False
node_2_loss,union10,hazelnut,1,3,136,1.347,0.743,0.83564,False
node_2_loss,union10,lactonic,1,4,136,1.795,0.557,0.90912,False
node_2_loss,union10,smoky,1,4,136,1.795,0.557,0.91036,False
node_2_loss,union10,orange,3,11,136,4.937,0.608,0.93617,False
node_2_loss,union10,pineapple,3,12,136,5.386,0.557,0.95952,False
node_2_loss,union10,winey,1,7,136,3.142,0.318,0.98546,False
node_2_loss,union10,oily,6,24,136,10.772,0.557,0.98981,False
node_2_loss,union10,waxy,11,45,136,20.198,0.545,0.99938,False
node_2_loss,union10,fatty,13,53,136,23.789,0.546,0.99971,False
node_2_loss,union10,cheesy,3,22,136,9.875,0.304,0.99974,False
node_2_loss,union10,creamy,2,21,136,9.426,0.212,0.99993,False
node_32_loss,union10,balsamic,3,23,8,0.607,4.94,0.01753,False
node_32_loss,union10,meaty,2,10,8,0.264,7.575,0.02448,False
node_32_loss,union10,garlic,1,3,8,0.079,12.625,0.07681,False
node_32_loss,union10,mushroom,1,3,8,0.079,12.625,0.07762,False
node_32_loss,union10,alliaceous,1,4,8,0.106,9.469,0.10082,False
node_32_loss,union10,lactonic,1,4,8,0.106,9.469,0.10273,False
node_32_loss,union10,peach,1,5,8,0.132,7.575,0.12567,False
node_32_loss,union10,cocoa,1,5,8,0.132,7.575,0.12679,False
node_32_loss,union10,onion,1,7,8,0.185,5.411,0.17292,False
node_32_loss,union10,coffee,1,8,8,0.211,4.734,0.19595,False
node_32_loss,union10,jasmine,1,8,8,0.211,4.734,0.19664,False
node_32_loss,union10,honey,1,9,8,0.238,4.208,0.2158,False
node_32_loss,union10,roasted,1,9,8,0.238,4.208,0.21936,False
node_32_loss,union10,buttery,1,10,8,0.264,3.788,0.23833,False
node_32_loss,union10,milky,1,10,8,0.264,3.788,0.23921,False
node_32_loss,union10,fresh,2,37,8,0.977,2.047,0.25338,False
node_32_loss,union10,coconut,1,12,8,0.317,3.156,0.27928,False
node_32_loss,union10,sulfurous,1,13,8,0.343,2.913,0.30024,False
node_32_loss,union10,dairy,1,17,8,0.449,2.228,0.3742,False
node_32_loss,union10,tropical,1,18,8,0.475,2.104,0.38964,False
node_32_loss,union10,nutty,1,18,8,0.475,2.104,0.39302,False
node_32_loss,union10,vegetable,1,19,8,0.502,1.993,0.40868,False
node_32_loss,union10,rose,1,19,8,0.502,1.993,0.40904,False
node_32_loss,union10,fatty,2,53,8,1.399,1.429,0.42226,False
node_32_loss,union10,creamy,1,21,8,0.554,1.804,0.44222,False
node_32_loss,union10,sweet,3,93,8,2.455,1.222,0.46916,False
node_32_loss,union10,floral,2,58,8,1.531,1.306,0.47287,False
node_32_loss,union10,oily,1,24,8,0.634,1.578,0.48759,False
node_32_loss,union10,green,2,64,8,1.69,1.184,0.53114,False
node_32_loss,union10,herbal,1,28,8,0.739,1.353,0.54568,False
node_32_loss,union10,fruity,2,78,8,2.059,0.971,0.6519,False
node_3_loss,union10,balsamic,11,23,64,4.858,2.264,0.00284,True
node_3_loss,union10,sweet,29,93,64,19.644,1.476,0.00406,True
node_3_loss,union10,powdery,8,17,64,3.591,2.228,0.01262,False
node_3_loss,union10,floral,19,58,64,12.251,1.551,0.01585,False
node_3_loss,union10,hyacinth,3,4,64,0.845,3.551,0.03122,False
node_3_loss,union10,cherry,4,7,64,1.479,2.705,0.03882,False
node_3_loss,union10,woody,11,31,64,6.548,1.68,0.03903,False
node_3_loss,union10,peppery,2,2,64,0.422,4.734,0.04411,False
node_3_loss,union10,brothy,2,2,64,0.422,4.734,0.04558,False
node_3_loss,union10,banana,6,14,64,2.957,2.029,0.05142,False
node_3_loss,union10,fresh,12,37,64,7.815,1.535,0.062,False
node_3_loss,union10,melon,4,8,64,1.69,2.367,0.06428,False
node_3_loss,union10,coumarinic,3,5,64,1.056,2.841,0.06611,False
node_3_loss,union10,earthy,5,12,64,2.535,1.973,0.08398,False
node_3_loss,union10,jasmin,3,6,64,1.267,2.367,0.11105,False
node_3_loss,union10,solvent,2,3,64,0.634,3.156,0.11312,False
node_3_loss,union10,lily,2,3,64,0.634,3.156,0.11324,False
node_3_loss,union10,citrus,8,26,64,5.492,1.457,0.15457,False
node_3_loss,union10,nutty,6,18,64,3.802,1.578,0.15568,False
node_3_loss,union10,chicken,3,7,64,1.479,2.029,0.16484,False
node_3_loss,union10,pine,3,7,64,1.479,2.029,0.16633,False
node_3_loss,union10,sharp,4,11,64,2.323,1.722,0.18135,False
node_3_loss,union10,apple,5,15,64,3.168,1.578,0.18807,False
node_3_loss,union10,chocolate,2,4,64,0.845,2.367,0.19565,False
node_3_loss,union10,lactonic,2,4,64,0.845,2.367,0.19621,False
node_3_loss,union10,vanilla,2,4,64,0.845,2.367,0.19827,False
node_3_loss,union10,orangeflower,1,1,64,0.211,4.734,0.20855,False
node_3_loss,union10,cortex,1,1,64,0.211,4.734,0.21317,False
node_3_loss,union10,marine,1,1,64,0.211,4.734,0.21352,False
node_3_loss,union10,jasmine,3,8,64,1.69,1.775,0.22898,False
node_3_loss,union10,musk,4,12,64,2.535,1.578,0.23383,False
node_3_loss,union10,green,16,64,64,13.518,1.184,0.24548,False
node_3_loss,union10,fruity,19,78,64,16.475,1.153,0.25271,False
node_3_loss,union10,lemon,2,5,64,1.056,1.894,0.28338,False
node_3_loss,union10,potato,2,5,64,1.056,1.894,0.28396,False
node_3_loss,union10,almond,2,5,64,1.056,1.894,0.28419,False
node_3_loss,union10,peach,2,5,64,1.056,1.894,0.28459,False
node_3_loss,union10,hay,2,5,64,1.056,1.894,0.28555,False
node_3_loss,union10,apricot,2,5,64,1.056,1.894,0.28616,False
node_3_loss,union10,leafy,2,5,64,1.056,1.894,0.2865,False
node_3_loss,union10,camphoreous,3,9,64,1.901,1.578,0.29032,False
node_3_loss,union10,tropical,5,18,64,3.802,1.315,0.32494,False
node_3_loss,union10,aldehydic,5,18,64,3.802,1.315,0.32539,False
node_3_loss,union10,animal,3,10,64,2.112,1.42,0.35511,False
node_3_loss,union10,pear,3,10,64,2.112,1.42,0.35559,False
node_3_loss,union10,dry,2,6,64,1.267,1.578,0.37158,False
node_3_loss,union10,cucumber,2,6,64,1.267,1.578,0.37227,False
node_3_loss,union10,muguet,1,2,64,0.422,2.367,0.37833,False
node_3_loss,union10,hawthorn,1,2,64,0.422,2.367,0.38049,False
node_3_loss,union10,oily,6,24,64,5.069,1.184,0.39583,False
node_3_loss,union10,pineapple,3,12,64,2.535,1.184,0.48164,False
node_3_loss,union10,coconut,3,12,64,2.535,1.184,0.48221,False
node_3_loss,union10,ketonic,1,3,64,0.634,1.578,0.50678,False
node_3_loss,union10,ethereal,1,3,64,0.634,1.578,0.5076,False
node_3_loss,union10,mushroom,1,3,64,0.634,1.578,0.50992,False
node_3_loss,union10,natural,1,3,64,0.634,1.578,0.51009,False
node_3_loss,union10,cedar,1,3,64,0.634,1.578,0.51013,False
node_3_loss,union10,mentholic,1,3,64,0.634,1.578,0.51014,False
node_3_loss,union10,estery,1,3,64,0.634,1.578,0.51022,False
node_3_loss,union10,chemical,1,3,64,0.634,1.578,0.51031,False
node_3_loss,union10,ripe,1,3,64,0.634,1.578,0.51104,False
node_3_loss,union10,clove,1,3,64,0.634,1.578,0.51113,False
node_3_loss,union10,ozone,1,3,64,0.634,1.578,0.51238,False
node_3_loss,union10,clean,1,3,64,0.634,1.578,0.51377,False
node_3_loss,union10,plum,2,8,64,1.69,1.184,0.52963,False
node_3_loss,union10,herbal,6,28,64,5.914,1.015,0.56513,False
node_3_loss,union10,rose,4,19,64,4.013,0.997,0.59959,False
node_3_loss,union10,phenolic,2,9,64,1.901,1.052,0.60005,False
node_3_loss,union10,anisic,1,4,64,0.845,1.184,0.61396,False
node_3_loss,union10,smoky,1,4,64,0.845,1.184,0.61563,False
node_3_loss,union10,fermented,1,4,64,0.845,1.184,0.61615,False
node_3_loss,union10,spicy,4,20,64,4.224,0.947,0.64134,False
node_3_loss,union10,waxy,9,45,64,9.505,0.947,0.64697,False
node_3_loss,union10,milky,2,10,64,2.112,0.947,0.66286,False
node_3_loss,union10,meaty,2,10,64,2.112,0.947,0.66291,False
node_3_loss,union10,creamy,4,21,64,4.436,0.902,0.68615,False
node_3_loss,union10,cocoa,1,5,64,1.056,0.947,0.69618,False
node_3_loss,union10,metallic,1,5,64,1.056,0.947,0.69626,False
node_3_loss,union10,amber,1,5,64,1.056,0.947,0.69718,False
node_3_loss,union10,cooling,1,5,64,1.056,0.947,0.70031,False
node_3_loss,union10,orange,2,11,64,2.323,0.861,0.71237,False
node_3_loss,union10,musty,2,11,64,2.323,0.861,0.71741,False
node_3_loss,union10,strawberry,1,6,64,1.267,0.789,0.762,False
node_3_loss,union10,cinnamon,1,6,64,1.267,0.789,0.76306,False
node_3_loss,union10,terpenic,1,6,64,1.267,0.789,0.76379,False
node_3_loss,union10,sulfurous,2,13,64,2.746,0.728,0.80213,False
node_3_loss,union10,vegetable,3,19,64,4.013,0.748,0.80653,False
node_3_loss,union10,medicinal,1,7,64,1.479,0.676,0.81203,False
node_3_loss,union10,onion,1,7,64,1.479,0.676,0.81461,False
node_3_loss,union10,minty,1,8,64,1.69,0.592,0.85279,False
node_3_loss,union10,coffee,1,8,64,1.69,0.592,0.85511,False
node_3_loss,union10,honey,1,9,64,1.901,0.526,0.88455,False
node_3_loss,union10,roasted,1,9,64,1.901,0.526,0.88563,False
node_3_loss,union10,dairy,2,17,64,3.591,0.557,0.90751,False
node_3_loss,union10,burnt,1,10,64,2.112,0.473,0.9097,False
node_3_loss,union10,buttery,1,10,64,2.112,0.473,0.90993,False
node_3_loss,union10,fatty,8,53,64,11.195,0.715,0.91867,False
node_3_loss,union10,cheesy,1,22,64,4.647,0.215,0.99552,False
node_44_loss,union10,sulfurous,5,13,19,0.815,6.134,0.00049,True
node_44_loss,union10,meaty,4,10,19,0.627,6.379,0.00191,True
node_44_loss,union10,horseradish,2,2,19,0.125,15.947,0.00353,True
node_44_loss,union10,beefy,2,2,19,0.125,15.947,0.00367,True
node_44_loss,union10,coffee,3,8,19,0.502,5.98,0.00958,True
node_44_loss,union10,roasted,3,9,19,0.564,5.316,0.01438,False
node_44_loss,union10,burnt,3,10,19,0.627,4.784,0.01899,False
node_44_loss,union10,vegetable,4,19,19,1.191,3.357,0.02343,False
node_44_loss,union10,rose,4,19,19,1.191,3.357,0.02363,False
node_44_loss,union10,savory,2,5,19,0.314,6.379,0.03283,False
node_44_loss,union10,cinnamon,2,6,19,0.376,5.316,0.04844,False
node_44_loss,union10,lavender,1,1,19,0.063,15.947,0.06357,False
node_44_loss,union10,chicken,2,7,19,0.439,4.556,0.06485,False
node_44_loss,union10,onion,2,7,19,0.439,4.556,0.06556,False
node_44_loss,union10,minty,2,8,19,0.502,3.987,0.08253,False
node_44_loss,union10,cooked,1,2,19,0.125,7.974,0.12052,False
node_44_loss,union10,grapefruit,1,2,19,0.125,7.974,0.12072,False
node_44_loss,union10,radish,1,2,19,0.125,7.974,0.12153,False
node_44_loss,union10,geranium,1,2,19,0.125,7.974,0.1222,False
node_44_loss,union10,brown,1,2,19,0.125,7.974,0.12272,False
node_44_loss,union10,pungent,2,12,19,0.752,2.658,0.16872,False
node_44_loss,union10,solvent,1,3,19,0.188,5.316,0.17624,False
node_44_loss,union10,garlic,1,3,19,0.188,5.316,0.17654,False
node_44_loss,union10,ketonic,1,3,19,0.188,5.316,0.1766,False
node_44_loss,union10,mushroom,1,3,19,0.188,5.316,0.17684,False
node_44_loss,union10,mint,1,3,19,0.188,5.316,0.17709,False
node_44_loss,union10,soapy,1,4,19,0.251,3.987,0.22831,False
node_44_loss,union10,alliaceous,1,4,19,0.251,3.987,0.2286,False
node_44_loss,union10,warm,1,4,19,0.251,3.987,0.2308,False
node_44_loss,union10,metallic,1,5,19,0.314,3.189,0.2753,False
node_44_loss,union10,grape,1,5,19,0.314,3.189,0.27531,False
node_44_loss,union10,leafy,1,5,19,0.314,3.189,0.27671,False
node_44_loss,union10,cabbage,1,5,19,0.314,3.189,0.27823,False
node_44_loss,union10,cocoa,1,5,19,0.314,3.189,0.27885,False
node_44_loss,union10,potato,1,5,19,0.314,3.189,0.27904,False
node_44_loss,union10,nutty,2,18,19,1.129,1.772,0.3136,False
node_44_loss,union10,dry,1,6,19,0.376,2.658,0.32466,False
node_44_loss,union10,cucumber,1,6,19,0.376,2.658,0.32481,False
node_44_loss,union10,spicy,2,20,19,1.254,1.595,0.36073,False
node_44_loss,union10,cherry,1,7,19,0.439,2.278,0.36646,False
node_44_loss,union10,medicinal,1,7,19,0.439,2.278,0.36824,False
node_44_loss,union10,tobacco,1,8,19,0.502,1.993,0.40554,False
node_44_loss,union10,plum,1,8,19,0.502,1.993,0.40657,False
node_44_loss,union10,honey,1,9,19,0.564,1.772,0.44537,False
node_44_loss,union10,camphoreous,1,9,19,0.564,1.772,0.44666,False
node_44_loss,union10,pear,1,10,19,0.627,1.595,0.48308,False
node_44_loss,union10,floral,4,58,19,3.637,1.1,0.50983,False
node_44_loss,union10,musty,1,11,19,0.69,1.45,0.51551,False
node_44_loss,union10,herbal,2,28,19,1.756,1.139,0.54304,False
node_44_loss,union10,earthy,1,12,19,0.752,1.329,0.54843,False
node_44_loss,union10,sweet,6,93,19,5.832,1.029,0.55595,False
node_44_loss,union10,fruity,5,78,19,4.891,1.022,0.56702,False
node_44_loss,union10,banana,1,14,19,0.878,1.139,0.60222,False
node_44_loss,union10,apple,1,15,19,0.941,1.063,0.62802,False
node_44_loss,union10,powdery,1,17,19,1.066,0.938,0.6783,False
node_44_loss,union10,tropical,1,18,19,1.129,0.886,0.69648,False
node_44_loss,union10,fresh,2,37,19,2.32,0.862,0.70189,False
node_44_loss,union10,balsamic,1,23,19,1.442,0.693,0.78692,False
node_44_loss,union10,oily,1,24,19,1.505,0.664,0.80215,False
node_44_loss,union10,waxy,2,45,19,2.822,0.709,0.80647,False
node_44_loss,union10,green,3,64,19,4.013,0.748,0.80679,False
node_44_loss,union10,citrus,1,26,19,1.63,0.613,0.8288,False
node_44_loss,union10,fatty,2,53,19,3.323,0.602,0.87882,False
node_4_loss,union10,coumarinic,2,5,17,0.281,7.129,0.02808,False
node_4_loss,union10,cortex,1,1,17,0.056,17.824,0.05624,False
node_4_loss,union10,creamy,3,21,17,1.178,2.546,0.10383,False
node_4_loss,union10,rummy,1,2,17,0.112,8.912,0.10986,False
node_4_loss,union10,balsamic,3,23,17,1.29,2.325,0.12944,False
node_4_loss,union10,coconut,2,12,17,0.673,2.971,0.13875,False
node_4_loss,union10,clove,1,3,17,0.168,5.941,0.15643,False
node_4_loss,union10,tea,1,3,17,0.168,5.941,0.15695,False
node_4_loss,union10,mint,1,3,17,0.168,5.941,0.15858,False
node_4_loss,union10,mentholic,1,3,17,0.168,5.941,0.15859,False
node_4_loss,union10,lactonic,1,4,17,0.224,4.456,0.20803,False
node_4_loss,union10,sweet,7,93,17,5.218,1.342,0.23861,False
node_4_loss,union10,dairy,2,17,17,0.954,2.097,0.24671,False
node_4_loss,union10,almond,1,5,17,0.281,3.565,0.24969,False
node_4_loss,union10,leafy,1,5,17,0.281,3.565,0.2514,False
node_4_loss,union10,cooling,1,5,17,0.281,3.565,0.25279,False
node_4_loss,union10,amber,1,5,17,0.281,3.565,0.2544,False
node_4_loss,union10,dry,1,6,17,0.337,2.971,0.29506,False
node_4_loss,union10,cherry,1,7,17,0.393,2.546,0.33395,False
node_4_loss,union10,minty,1,8,17,0.449,2.228,0.37301,False
node_4_loss,union10,melon,1,8,17,0.449,2.228,0.37348,False
node_4_loss,union10,honey,1,9,17,0.505,1.98,0.40854,False
node_4_loss,union10,sharp,1,11,17,0.617,1.62,0.47506,False
node_4_loss,union10,pineapple,1,12,17,0.673,1.485,0.50509,False
node_4_loss,union10,musk,1,12,17,0.673,1.485,0.50974,False
node_4_loss,union10,powdery,1,17,17,0.954,1.048,0.63505,False
node_4_loss,union10,tropical,1,18,17,1.01,0.99,0.65497,False
node_4_loss,union10,nutty,1,18,17,1.01,0.99,0.65951,False
node_4_loss,union10,aldehydic,1,18,17,1.01,0.99,0.66037,False
node_4_loss,union10,spicy,1,20,17,1.122,0.891,0.69419,False
node_4_loss,union10,herbal,1,28,17,1.571,0.637,0.81669,False
node_4_loss,union10,fatty,2,53,17,2.974,0.673,0.83265,False
node_4_loss,union10,floral,2,58,17,3.254,0.615,0.87098,False
node_4_loss,union10,fresh,1,37,17,2.076,0.482,0.89737,False
node_4_loss,union10,green,2,64,17,3.591,0.557,0.9086,False
node_4_loss,union10,waxy,1,45,17,2.525,0.396,0.93863,False
node_4_loss,union10,fruity,2,78,17,4.376,0.457,0.96062,False
node_5_loss,union10,odorless,4,11,25,0.908,4.407,0.00796,True
node_5_loss,union10,sour,4,16,25,1.32,3.03,0.03324,False
node_5_loss,union10,acidic,2,8,25,0.66,3.03,0.13334,False
node_5_loss,union10,brown,1,2,25,0.165,6.06,0.16008,False
node_5_loss,union10,milky,2,10,25,0.825,2.424,0.19663,False
node_5_loss,union10,pungent,2,12,25,0.99,2.02,0.25992,False
node_5_loss,union10,chocolate,1,4,25,0.33,3.03,0.29085,False
node_5_loss,union10,vanilla,1,4,25,0.33,3.03,0.29409,False
node_5_loss,union10,cinnamon,1,6,25,0.495,2.02,0.40681,False
node_5_loss,union10,powdery,2,17,25,1.403,1.426,0.41929,False
node_5_loss,union10,dairy,2,17,25,1.403,1.426,0.41997,False
node_5_loss,union10,rose,2,19,25,1.568,1.276,0.47779,False
node_5_loss,union10,tobacco,1,8,25,0.66,1.515,0.49895,False
node_5_loss,union10,honey,1,9,25,0.743,1.347,0.54379,False
node_5_loss,union10,phenolic,1,9,25,0.743,1.347,0.54513,False
node_5_loss,union10,cheesy,2,22,25,1.815,1.102,0.55992,False
node_5_loss,union10,animal,1,10,25,0.825,1.212,0.58184,False
node_5_loss,union10,balsamic,2,23,25,1.898,1.054,0.58722,False
node_5_loss,union10,sharp,1,11,25,0.908,1.102,0.61472,False
node_5_loss,union10,musk,1,12,25,0.99,1.01,0.65445,False
node_5_loss,union10,creamy,1,21,25,1.733,0.577,0.84758,False
node_5_loss,union10,fatty,3,53,25,4.373,0.686,0.84956,False
node_5_loss,union10,waxy,2,45,25,3.713,0.539,0.9123,False
node_5_loss,union10,floral,2,58,25,4.785,0.418,0.97079,False
node_5_loss,union10,sweet,3,93,25,7.673,0.391,0.9946,False
node_5_loss,union10,green,1,64,25,5.281,0.189,0.99808,False
node_6_loss,union10,herbal,6,28,17,1.571,3.819,0.00236,True
node_6_loss,union10,terpenic,3,6,17,0.337,8.912,0.0024,True
node_6_loss,union10,green,9,64,17,3.591,2.506,0.00294,True
node_6_loss,union10,spicy,5,20,17,1.122,4.456,0.00305,True
node_6_loss,union10,melon,3,8,17,0.449,6.684,0.0068,True
node_6_loss,union10,citrus,5,26,17,1.459,3.428,0.00922,True
node_6_loss,union10,fresh,6,37,17,2.076,2.89,0.01001,False
node_6_loss,union10,grassy,2,5,17,0.281,7.129,0.02645,False
node_6_loss,union10,jasmin,2,6,17,0.337,5.941,0.03954,False
node_6_loss,union10,pine,2,7,17,0.393,5.092,0.05269,False
node_6_loss,union10,celery,1,1,17,0.056,17.824,0.05581,False
node_6_loss,union10,aromatic,1,1,17,0.056,17.824,0.05722,False
node_6_loss,union10,minty,2,8,17,0.449,4.456,0.067,False
node_6_loss,union10,jasmine,2,8,17,0.449,4.456,0.06952,False
node_6_loss,union10,aldehydic,3,18,17,1.01,2.971,0.07111,False
node_6_loss,union10,woody,4,31,17,1.739,2.3,0.08258,False
node_6_loss,union10,honey,2,9,17,0.505,3.961,0.08492,False
node_6_loss,union10,muguet,1,2,17,0.112,8.912,0.10957,False
node_6_loss,union10,raspberry,1,2,17,0.112,8.912,0.10987,False
node_6_loss,union10,geranium,1,2,17,0.112,8.912,0.10996,False
node_6_loss,union10,anise,1,2,17,0.112,8.912,0.11035,False
node_6_loss,union10,sharp,2,11,17,0.617,3.241,0.11857,False
node_6_loss,union10,fatty,5,53,17,2.974,1.681,0.15625,False
node_6_loss,union10,lily,1,3,17,0.168,5.941,0.16016,False
node_6_loss,union10,clean,1,3,17,0.168,5.941,0.16018,False
node_6_loss,union10,ozone,1,3,17,0.168,5.941,0.16074,False
node_6_loss,union10,warm,1,4,17,0.224,4.456,0.20824,False
node_6_loss,union10,anisic,1,4,17,0.224,4.456,0.20862,False
node_6_loss,union10,floral,5,58,17,3.254,1.537,0.2092,False
node_6_loss,union10,lemon,1,5,17,0.281,3.565,0.25047,False
node_6_loss,union10,leafy,1,5,17,0.281,3.565,0.2514,False
node_6_loss,union10,hay,1,5,17,0.281,3.565,0.25256,False
node_6_loss,union10,orris,1,6,17,0.337,2.971,0.2937,False
node_6_loss,union10,cucumber,1,6,17,0.337,2.971,0.29435,False
node_6_loss,union10,cinnamon,1,6,17,0.337,2.971,0.29519,False
node_6_loss,union10,cherry,1,7,17,0.393,2.546,0.33395,False
node_6_loss,union10,plum,1,8,17,0.449,2.228,0.37215,False
node_6_loss,union10,oily,2,24,17,1.347,1.485,0.39522,False
node_6_loss,union10,camphoreous,1,9,17,0.505,1.98,0.411,False
node_6_loss,union10,pear,1,10,17,0.561,1.782,0.44451,False
node_6_loss,union10,fruity,5,78,17,4.376,1.143,0.45344,False
node_6_loss,union10,orange,1,11,17,0.617,1.62,0.4767,False
node_6_loss,union10,pungent,1,12,17,0.673,1.485,0.50458,False
node_6_loss,union10,earthy,1,12,17,0.673,1.485,0.50852,False
node_6_loss,union10,banana,1,14,17,0.785,1.273,0.56133,False
node_6_loss,union10,apple,1,15,17,0.842,1.188,0.58683,False
node_6_loss,union10,powdery,1,17,17,0.954,1.048,0.63505,False
node_6_loss,union10,tropical,1,18,17,1.01,0.99,0.65497,False
node_6_loss,union10,vegetable,1,19,17,1.066,0.938,0.67621,False
node_6_loss,union10,rose,1,19,17,1.066,0.938,0.67669,False
node_6_loss,union10,cheesy,1,22,17,1.234,0.81,0.73288,False
node_6_loss,union10,balsamic,1,23,17,1.29,0.775,0.7485,False
node_6_loss,union10,waxy,2,45,17,2.525,0.792,0.75131,False
node_6_loss,union10,sweet,3,93,17,5.218,0.575,0.93692,False
