set,background,tag,Obs,Total,set_size,Exp,Obs_over_Exp,p,enriched
node_1,pool,balsamic,20,38,177,8.92,2.242,8e-05,True
node_1,pool,plum,8,11,177,2.582,3.098,0.0008,True
node_1,pool,jasmine,8,13,177,3.052,2.621,0.00356,True
node_1,pool,woody,29,81,177,19.015,1.525,0.00567,True
node_1,pool,floral,48,154,177,36.151,1.328,0.00918,True
node_1,pool,sweet,71,253,177,59.391,1.195,0.02262,False
node_1,pool,cinnamon,5,9,177,2.113,2.367,0.0372,False
node_1,pool,cherry,7,15,177,3.521,1.988,0.03962,False
node_1,pool,honey,7,15,177,3.521,1.988,0.03997,False
node_1,pool,spicy,19,56,177,13.146,1.445,0.04258,False
node_1,pool,cedar,3,4,177,0.939,3.195,0.04308,False
node_1,pool,hyacinth,4,7,177,1.643,2.434,0.05638,False
node_1,pool,pine,7,16,177,3.756,1.864,0.05823,False
node_1,pool,hay,5,10,177,2.347,2.13,0.06059,False
node_1,pool,tobacco,5,11,177,2.582,1.936,0.08857,False
node_1,pool,amber,4,8,177,1.878,2.13,0.09126,False
node_1,pool,banana,10,28,177,6.573,1.521,0.09701,False
node_1,pool,terpenic,6,15,177,3.521,1.704,0.11547,False
node_1,pool,chicken,5,12,177,2.817,1.775,0.12498,False
node_1,pool,melon,7,19,177,4.46,1.569,0.13208,False
node_1,pool,chemical,3,6,177,1.408,2.13,0.14382,False
node_1,pool,tea,3,6,177,1.408,2.13,0.14495,False
node_1,pool,camphoreous,8,24,177,5.634,1.42,0.17924,False
node_1,pool,almond,4,10,177,2.347,1.704,0.18593,False
node_1,pool,jasmin,6,17,177,3.991,1.503,0.1864,False
node_1,pool,coumarinic,4,10,177,2.347,1.704,0.18918,False
node_1,pool,cortex,1,1,177,0.235,4.26,0.23374,False
node_1,pool,powdery,14,49,177,11.503,1.217,0.23903,False
node_1,pool,cooling,4,11,177,2.582,1.549,0.24544,False
node_1,pool,musk,10,34,177,7.981,1.253,0.25807,False
node_1,pool,sharp,6,19,177,4.46,1.345,0.27244,False
node_1,pool,solvent,3,8,177,1.878,1.597,0.28441,False
node_1,pool,grape,4,12,177,2.817,1.42,0.30377,False
node_1,pool,anisic,4,12,177,2.817,1.42,0.30384,False
node_1,pool,cucumber,4,12,177,2.817,1.42,0.30615,False
node_1,pool,dry,6,20,177,4.695,1.278,0.32119,False
node_1,pool,minty,8,28,177,6.573,1.217,0.32668,False
node_1,pool,brothy,2,5,177,1.174,1.704,0.33446,False
node_1,pool,ozone,2,5,177,1.174,1.704,0.33541,False
node_1,pool,muguet,2,5,177,1.174,1.704,0.33584,False
node_1,pool,hawthorn,2,5,177,1.174,1.704,0.33585,False
node_1,pool,horseradish,2,5,177,1.174,1.704,0.33735,False
node_1,pool,violet,3,9,177,2.113,1.42,0.35441,False
node_1,pool,clove,3,9,177,2.113,1.42,0.35586,False
node_1,pool,mentholic,3,9,177,2.113,1.42,0.35747,False
node_1,pool,warm,4,13,177,3.052,1.311,0.36229,False
node_1,pool,strawberry,4,13,177,3.052,1.311,0.36267,False
node_1,pool,leafy,4,13,177,3.052,1.311,0.36299,False
node_1,pool,pear,6,21,177,4.93,1.217,0.368,False
node_1,pool,berry,6,21,177,4.93,1.217,0.36985,False
node_1,pool,rose,13,50,177,11.737,1.108,0.38595,False
node_1,pool,fresh,26,104,177,24.414,1.065,0.38673,False
node_1,pool,medicinal,6,22,177,5.164,1.162,0.41558,False
node_1,pool,orangeflower,1,2,177,0.469,2.13,0.4158,False
node_1,pool,beefy,2,6,177,1.408,1.42,0.42793,False
node_1,pool,apple,11,43,177,10.094,1.09,0.42797,False
node_1,pool,lily,3,10,177,2.347,1.278,0.4285,False
node_1,pool,tropical,11,43,177,10.094,1.09,0.42888,False
node_1,pool,anise,2,6,177,1.408,1.42,0.42917,False
node_1,pool,jammy,2,6,177,1.408,1.42,0.4317,False
node_1,pool,earthy,10,39,177,9.155,1.092,0.43298,False
node_1,pool,burnt,6,23,177,5.399,1.111,0.45996,False
node_1,pool,potato,4,15,177,3.521,1.136,0.48133,False
node_1,pool,lactonic,3,11,177,2.582,1.162,0.49688,False
node_1,pool,mint,3,11,177,2.582,1.162,0.49883,False
node_1,pool,orris,3,11,177,2.582,1.162,0.49892,False
node_1,pool,peppery,2,7,177,1.643,1.217,0.51672,False
node_1,pool,raspberry,2,7,177,1.643,1.217,0.51814,False
node_1,pool,fruity,47,200,177,46.95,1.001,0.53418,False
node_1,pool,coffee,6,25,177,5.869,1.022,0.55336,False
node_1,pool,herbal,21,90,177,21.127,0.994,0.55957,False
node_1,pool,lemon,3,12,177,2.817,1.065,0.56193,False
node_1,pool,ketonic,3,12,177,2.817,1.065,0.5635,False
node_1,pool,vegetable,10,45,177,10.564,0.947,0.64119,False
node_1,pool,malty,1,4,177,0.939,1.065,0.65625,False
node_1,pool,celery,1,4,177,0.939,1.065,0.65734,False
node_1,pool,marine,1,4,177,0.939,1.065,0.65845,False
node_1,pool,radish,1,4,177,0.939,1.065,0.66049,False
node_1,pool,natural,2,9,177,2.113,0.947,0.66186,False
node_1,pool,green,39,173,177,40.611,0.96,0.662,False
node_1,pool,cabbage,2,9,177,2.113,0.947,0.66473,False
node_1,pool,animal,6,28,177,6.573,0.913,0.67095,False
node_1,pool,aldehydic,8,37,177,8.686,0.921,0.67222,False
node_1,pool,grapefruit,2,10,177,2.347,0.852,0.7218,False
node_1,pool,meaty,8,39,177,9.155,0.874,0.73175,False
node_1,pool,popcorn,1,5,177,1.174,0.852,0.73726,False
node_1,pool,grassy,2,11,177,2.582,0.775,0.7707,False
node_1,pool,sulfurous,9,46,177,10.798,0.833,0.79389,False
node_1,pool,nutty,10,51,177,11.972,0.835,0.79639,False
node_1,pool,cooked,1,6,177,1.408,0.71,0.80068,False
node_1,pool,mushroom,3,17,177,3.991,0.752,0.80216,False
node_1,pool,vanilla,3,17,177,3.991,0.752,0.80244,False
node_1,pool,aromatic,1,6,177,1.408,0.71,0.80302,False
node_1,pool,cocoa,4,23,177,5.399,0.741,0.82745,False
node_1,pool,citrus,15,76,177,17.841,0.841,0.83133,False
node_1,pool,leathery,1,7,177,1.643,0.609,0.8462,False
node_1,pool,roasted,6,34,177,7.981,0.752,0.84738,False
node_1,pool,milky,2,13,177,3.052,0.655,0.84784,False
node_1,pool,lavender,1,7,177,1.643,0.609,0.84878,False
node_1,pool,apricot,2,13,177,3.052,0.655,0.84906,False
node_1,pool,chocolate,3,19,177,4.46,0.673,0.85972,False
node_1,pool,phenolic,7,40,177,9.39,0.745,0.86759,False
node_1,pool,onion,5,30,177,7.042,0.71,0.87311,False
node_1,pool,ripe,2,14,177,3.286,0.609,0.87681,False
node_1,pool,brown,1,8,177,1.878,0.532,0.88314,False
node_1,pool,clean,3,20,177,4.695,0.639,0.88484,False
node_1,pool,peach,2,16,177,3.756,0.532,0.92169,False
node_1,pool,alliaceous,2,16,177,3.756,0.532,0.92271,False
node_1,pool,orange,4,28,177,6.573,0.609,0.92644,False
node_1,pool,hazelnut,1,10,177,2.347,0.426,0.9314,False
node_1,pool,caramellic,3,24,177,5.634,0.532,0.94676,False
node_1,pool,coconut,3,24,177,5.634,0.532,0.94744,False
node_1,pool,geranium,1,11,177,2.582,0.387,0.94872,False
node_1,pool,bready,1,11,177,2.582,0.387,0.94904,False
node_1,pool,garlic,2,19,177,4.46,0.448,0.96038,False
node_1,pool,creamy,6,43,177,10.094,0.594,0.96247,False
node_1,pool,savory,2,20,177,4.695,0.426,0.9668,False
node_1,pool,oily,10,66,177,15.493,0.645,0.97123,False
node_1,pool,estery,1,13,177,3.052,0.328,0.97155,False
node_1,pool,pungent,5,40,177,9.39,0.532,0.97723,False
node_1,pool,pineapple,3,30,177,7.042,0.426,0.98475,False
node_1,pool,soapy,1,16,177,3.756,0.266,0.98673,False
node_1,pool,smoky,1,16,177,3.756,0.266,0.98728,False
node_1,pool,fatty,17,108,177,25.353,0.671,0.98823,False
node_1,pool,musty,6,50,177,11.737,0.511,0.98916,False
node_1,pool,dairy,2,26,177,6.103,0.328,0.99203,False
node_1,pool,metallic,2,26,177,6.103,0.328,0.99222,False
node_1,pool,waxy,14,96,177,22.536,0.621,0.99255,False
node_1,pool,fermented,1,22,177,5.164,0.194,0.99748,False
node_1,pool,ethereal,2,33,177,7.747,0.258,0.99865,False
node_1,pool,buttery,1,25,177,5.869,0.17,0.99897,False
node_1,pool,winey,1,26,177,6.103,0.164,0.99911,False
node_1,pool,cheesy,3,42,177,9.859,0.304,0.99921,False
node_12,pool,tea,3,6,77,0.613,4.896,0.0172,False
node_12,pool,tobacco,4,11,77,1.123,3.561,0.01837,False
node_12,pool,plum,4,11,77,1.123,3.561,0.01884,False
node_12,pool,grape,4,12,77,1.225,3.264,0.0273,False
node_12,pool,amber,3,8,77,0.817,3.672,0.03936,False
node_12,pool,berry,5,21,77,2.145,2.331,0.05357,False
node_12,pool,medicinal,5,22,77,2.247,2.226,0.06331,False
node_12,pool,burnt,5,23,77,2.349,2.129,0.07421,False
node_12,pool,sweet,32,253,77,25.837,1.239,0.07682,False
node_12,pool,floral,21,154,77,15.727,1.335,0.08062,False
node_12,pool,horseradish,2,5,77,0.511,3.917,0.08403,False
node_12,pool,sulfurous,8,46,77,4.698,1.703,0.08536,False
node_12,pool,meaty,7,39,77,3.983,1.758,0.09056,False
node_12,pool,cooling,3,11,77,1.123,2.671,0.09163,False
node_12,pool,mint,3,11,77,1.123,2.671,0.09374,False
node_12,pool,beefy,2,6,77,0.613,3.264,0.11633,False
node_12,pool,chemical,2,6,77,0.613,3.264,0.11712,False
node_12,pool,jammy,2,6,77,0.613,3.264,0.11997,False
node_12,pool,strawberry,3,13,77,1.328,2.26,0.13801,False
node_12,pool,dry,4,20,77,2.042,1.958,0.13914,False
node_12,pool,minty,5,28,77,2.859,1.749,0.14812,False
node_12,pool,balsamic,6,38,77,3.881,1.546,0.1806,False
node_12,pool,woody,11,81,77,8.272,1.33,0.18956,False
node_12,pool,orangeflower,1,2,77,0.204,4.896,0.19293,False
node_12,pool,spicy,8,56,77,5.719,1.399,0.20106,False
node_12,pool,phenolic,6,40,77,4.085,1.469,0.2166,False
node_12,pool,camphoreous,4,24,77,2.451,1.632,0.22392,False
node_12,pool,violet,2,9,77,0.919,2.176,0.23092,False
node_12,pool,mentholic,2,9,77,0.919,2.176,0.23108,False
node_12,pool,cabbage,2,9,77,0.919,2.176,0.23219,False
node_12,pool,clove,2,9,77,0.919,2.176,0.23335,False
node_12,pool,rose,7,50,77,5.106,1.371,0.24163,False
node_12,pool,coffee,4,25,77,2.553,1.567,0.24393,False
node_12,pool,musk,5,34,77,3.472,1.44,0.26084,False
node_12,pool,almond,2,10,77,1.021,1.958,0.26604,False
node_12,pool,grapefruit,2,10,77,1.021,1.958,0.27232,False
node_12,pool,orris,2,11,77,1.123,1.78,0.31211,False
node_12,pool,malty,1,4,77,0.408,2.448,0.34956,False
node_12,pool,chicken,2,12,77,1.225,1.632,0.35038,False
node_12,pool,cedar,1,4,77,0.408,2.448,0.3509,False
node_12,pool,ketonic,2,12,77,1.225,1.632,0.35158,False
node_12,pool,radish,1,4,77,0.408,2.448,0.35362,False
node_12,pool,onion,4,30,77,3.064,1.306,0.36683,False
node_12,pool,powdery,6,49,77,5.004,1.199,0.38706,False
node_12,pool,warm,2,13,77,1.328,1.506,0.39029,False
node_12,pool,jasmine,2,13,77,1.328,1.506,0.39086,False
node_12,pool,hawthorn,1,5,77,0.511,1.958,0.41803,False
node_12,pool,caramellic,3,24,77,2.451,1.224,0.45078,False
node_12,pool,tropical,5,43,77,4.391,1.139,0.45287,False
node_12,pool,cherry,2,15,77,1.532,1.306,0.4627,False
node_12,pool,roasted,4,34,77,3.472,1.152,0.46329,False
node_12,pool,honey,2,15,77,1.532,1.306,0.46531,False
node_12,pool,cooked,1,6,77,0.613,1.632,0.47689,False
node_12,pool,alliaceous,2,16,77,1.634,1.224,0.49811,False
node_12,pool,lavender,1,7,77,0.715,1.399,0.53099,False
node_12,pool,leathery,1,7,77,0.715,1.399,0.53144,False
node_12,pool,mushroom,2,17,77,1.736,1.152,0.5319,False
node_12,pool,raspberry,1,7,77,0.715,1.399,0.53613,False
node_12,pool,brown,1,8,77,0.817,1.224,0.57783,False
node_12,pool,solvent,1,8,77,0.817,1.224,0.57835,False
node_12,pool,garlic,2,19,77,1.94,1.031,0.59574,False
node_12,pool,savory,2,20,77,2.042,0.979,0.62257,False
node_12,pool,cinnamon,1,9,77,0.919,1.088,0.6246,False
node_12,pool,natural,1,9,77,0.919,1.088,0.62561,False
node_12,pool,hay,1,10,77,1.021,0.979,0.66093,False
node_12,pool,coumarinic,1,10,77,1.021,0.979,0.66111,False
node_12,pool,vegetable,4,45,77,4.595,0.87,0.69421,False
node_12,pool,geranium,1,11,77,1.123,0.89,0.69467,False
node_12,pool,lactonic,1,11,77,1.123,0.89,0.6965,False
node_12,pool,bready,1,11,77,1.123,0.89,0.69792,False
node_12,pool,fruity,19,200,77,20.424,0.93,0.69831,False
node_12,pool,cocoa,2,23,77,2.349,0.851,0.70087,False
node_12,pool,herbal,8,90,77,9.191,0.87,0.72726,False
node_12,pool,metallic,2,26,77,2.655,0.753,0.76513,False
node_12,pool,ripe,1,14,77,1.43,0.699,0.78291,False
node_12,pool,earthy,3,39,77,3.983,0.753,0.78366,False
node_12,pool,animal,2,28,77,2.859,0.699,0.79895,False
node_12,pool,pungent,3,40,77,4.085,0.734,0.79904,False
node_12,pool,orange,2,28,77,2.859,0.699,0.8001,False
node_12,pool,potato,1,15,77,1.532,0.653,0.80213,False
node_12,pool,soapy,1,16,77,1.634,0.612,0.82362,False
node_12,pool,smoky,1,16,77,1.634,0.612,0.82644,False
node_12,pool,apple,3,43,77,4.391,0.683,0.8385,False
node_12,pool,jasmin,1,17,77,1.736,0.576,0.84424,False
node_12,pool,vanilla,1,17,77,1.736,0.576,0.84458,False
node_12,pool,clean,1,20,77,2.042,0.49,0.88666,False
node_12,pool,pear,1,21,77,2.145,0.466,0.89712,False
node_12,pool,musty,3,50,77,5.106,0.588,0.90327,False
node_12,pool,nutty,3,51,77,5.208,0.576,0.91104,False
node_12,pool,winey,1,26,77,2.655,0.377,0.94146,False
node_12,pool,creamy,2,43,77,4.391,0.455,0.94809,False
node_12,pool,banana,1,28,77,2.859,0.35,0.95324,False
node_12,pool,cheesy,1,42,77,4.289,0.233,0.99037,False
node_12,pool,citrus,2,76,77,7.761,0.258,0.99789,False
node_12,pool,green,8,173,77,17.667,0.453,0.99907,False
node_12,pool,oily,1,66,77,6.74,0.148,0.99933,False
node_12,pool,fresh,3,104,77,10.621,0.282,0.99939,False
node_12,pool,waxy,2,96,77,9.804,0.204,0.99983,False
node_12,pool,fatty,2,108,77,11.029,0.181,0.99998,False
node_2,pool,sour,14,18,130,3.103,4.511,1e-05,True
node_2,pool,odorless,10,14,130,2.414,4.143,2e-05,True
node_2,pool,waxy,28,96,130,16.552,1.692,0.00145,True
node_2,pool,dairy,11,26,130,4.483,2.454,0.00191,True
node_2,pool,coconut,10,24,130,4.138,2.417,0.00392,True
node_2,pool,cheesy,14,42,130,7.241,1.933,0.00697,True
node_2,pool,acidic,5,9,130,1.552,3.222,0.00927,True
node_2,pool,milky,6,13,130,2.241,2.677,0.01445,False
node_2,pool,creamy,13,43,130,7.414,1.753,0.02211,False
node_2,pool,fatty,26,108,130,18.621,1.396,0.03306,False
node_2,pool,sharp,6,19,130,3.276,1.832,0.0912,False
node_2,pool,pineapple,8,30,130,5.172,1.547,0.12747,False
node_2,pool,cortex,1,1,130,0.172,5.8,0.17238,False
node_2,pool,coumarinic,3,10,130,1.724,1.74,0.24079,False
node_2,pool,tobacco,3,11,130,1.897,1.582,0.28908,False
node_2,pool,lactonic,3,11,130,1.897,1.582,0.29093,False
node_2,pool,soapy,4,16,130,2.759,1.45,0.29368,False
node_2,pool,rummy,2,8,130,1.379,1.45,0.41406,False
node_2,pool,buttery,5,25,130,4.31,1.16,0.43723,False
node_2,pool,clove,2,9,130,1.552,1.289,0.47563,False
node_2,pool,honey,3,15,130,2.586,1.16,0.49597,False
node_2,pool,pear,4,21,130,3.621,1.105,0.50277,False
node_2,pool,malty,1,4,130,0.69,1.45,0.53091,False
node_2,pool,almond,2,10,130,1.724,1.16,0.53173,False
node_2,pool,radish,1,4,130,0.69,1.45,0.53373,False
node_2,pool,grapefruit,2,10,130,1.724,1.16,0.53878,False
node_2,pool,peach,3,16,130,2.759,1.087,0.54292,False
node_2,pool,orris,2,11,130,1.897,1.055,0.59203,False
node_2,pool,muguet,1,5,130,0.862,1.16,0.61366,False
node_2,pool,aldehydic,6,37,130,6.379,0.941,0.63676,False
node_2,pool,lemon,2,12,130,2.069,0.967,0.64062,False
node_2,pool,balsamic,6,38,130,6.552,0.916,0.66584,False
node_2,pool,tea,1,6,130,1.034,0.967,0.68109,False
node_2,pool,winey,4,26,130,4.483,0.892,0.68164,False
node_2,pool,leafy,2,13,130,2.241,0.892,0.68366,False
node_2,pool,strawberry,2,13,130,2.241,0.892,0.68368,False
node_2,pool,estery,2,13,130,2.241,0.892,0.68483,False
node_2,pool,apricot,2,13,130,2.241,0.892,0.68797,False
node_2,pool,musk,5,34,130,5.862,0.853,0.72619,False
node_2,pool,hyacinth,1,7,130,1.207,0.829,0.7345,False
node_2,pool,lavender,1,7,130,1.207,0.829,0.73728,False
node_2,pool,animal,4,28,130,4.828,0.829,0.73824,False
node_2,pool,banana,4,28,130,4.828,0.829,0.73989,False
node_2,pool,orange,4,28,130,4.828,0.829,0.74186,False
node_2,pool,brandy,1,8,130,1.379,0.725,0.78045,False
node_2,pool,amber,1,8,130,1.379,0.725,0.78059,False
node_2,pool,brown,1,8,130,1.379,0.725,0.78113,False
node_2,pool,tropical,6,43,130,7.414,0.809,0.78309,False
node_2,pool,rose,7,50,130,8.621,0.812,0.79135,False
node_2,pool,mentholic,1,9,130,1.552,0.644,0.81895,False
node_2,pool,cinnamon,1,9,130,1.552,0.644,0.82103,False
node_2,pool,cabbage,1,9,130,1.552,0.644,0.82129,False
node_2,pool,lily,1,10,130,1.724,0.58,0.8504,False
node_2,pool,chocolate,2,19,130,3.276,0.611,0.86736,False
node_2,pool,cognac,1,11,130,1.897,0.527,0.87561,False
node_2,pool,cooling,1,11,130,1.897,0.527,0.8767,False
node_2,pool,mint,1,11,130,1.897,0.527,0.87702,False
node_2,pool,grassy,1,11,130,1.897,0.527,0.87758,False
node_2,pool,cucumber,1,12,130,2.069,0.483,0.90029,False
node_2,pool,berry,2,21,130,3.621,0.552,0.90123,False
node_2,pool,fermented,2,22,130,3.793,0.527,0.91753,False
node_2,pool,ripe,1,14,130,2.414,0.414,0.93086,False
node_2,pool,pungent,4,40,130,6.897,0.58,0.9373,False
node_2,pool,cherry,1,15,130,2.586,0.387,0.94391,False
node_2,pool,powdery,5,49,130,8.448,0.592,0.94761,False
node_2,pool,smoky,1,16,130,2.759,0.362,0.95336,False
node_2,pool,oily,7,66,130,11.379,0.615,0.95949,False
node_2,pool,vanilla,1,17,130,2.931,0.341,0.96064,False
node_2,pool,citrus,8,76,130,13.103,0.611,0.97042,False
node_2,pool,melon,1,19,130,3.276,0.305,0.97401,False
node_2,pool,floral,19,154,130,26.552,0.716,0.97623,False
node_2,pool,dry,1,20,130,3.448,0.29,0.97778,False
node_2,pool,clean,1,20,130,3.448,0.29,0.97845,False
node_2,pool,nutty,4,51,130,8.793,0.455,0.98571,False
node_2,pool,apple,3,43,130,7.414,0.405,0.98717,False
node_2,pool,burnt,1,23,130,3.966,0.252,0.98801,False
node_2,pool,cocoa,1,23,130,3.966,0.252,0.98844,False
node_2,pool,sweet,33,253,130,43.621,0.757,0.98934,False
node_2,pool,vegetable,3,45,130,7.759,0.387,0.99079,False
node_2,pool,fruity,24,200,130,34.483,0.696,0.99259,False
node_2,pool,minty,1,28,130,4.828,0.207,0.99569,False
node_2,pool,phenolic,2,40,130,6.897,0.29,0.996,False
node_2,pool,ethereal,1,33,130,5.69,0.176,0.99829,False
node_2,pool,green,18,173,130,29.828,0.603,0.99842,False
node_2,pool,spicy,3,56,130,9.655,0.311,0.99857,False
node_2,pool,musty,2,50,130,8.621,0.232,0.99933,False
node_2,pool,earthy,1,39,130,6.724,0.149,0.99954,False
node_2,pool,fresh,7,104,130,17.931,0.39,0.99965,False
node_2,pool,sulfurous,1,46,130,7.931,0.126,0.99994,False
node_2,pool,woody,3,81,130,13.966,0.215,0.99999,False
node_2,pool,herbal,3,90,130,15.517,0.193,1.0,False
node_21,pool,tobacco,4,11,60,0.875,4.57,0.00728,True
node_21,pool,plum,4,11,60,0.875,4.57,0.00769,True
node_21,pool,tea,3,6,60,0.477,6.283,0.00837,True
node_21,pool,sweet,28,253,60,20.133,1.391,0.02034,False
node_21,pool,amber,3,8,60,0.637,4.713,0.02041,False
node_21,pool,floral,18,154,60,12.255,1.469,0.04387,False
node_21,pool,grape,3,12,60,0.955,3.142,0.06381,False
node_21,pool,dry,4,20,60,1.592,2.513,0.06863,False
node_21,pool,berry,4,21,60,1.671,2.394,0.07834,False
node_21,pool,woody,10,81,60,6.446,1.551,0.09664,False
node_21,pool,musk,5,34,60,2.706,1.848,0.12541,False
node_21,pool,violet,2,9,60,0.716,2.793,0.15421,False
node_21,pool,cabbage,2,9,60,0.716,2.793,0.15582,False
node_21,pool,mentholic,2,9,60,0.716,2.793,0.15603,False
node_21,pool,clove,2,9,60,0.716,2.793,0.1571,False
node_21,pool,balsamic,5,38,60,3.024,1.654,0.17463,False
node_21,pool,minty,4,28,60,2.228,1.795,0.17647,False
node_21,pool,almond,2,10,60,0.796,2.513,0.18096,False
node_21,pool,grapefruit,2,10,60,0.796,2.513,0.18647,False
node_21,pool,rose,6,50,60,3.979,1.508,0.20019,False
node_21,pool,orris,2,11,60,0.875,2.285,0.2131,False
node_21,pool,lactonic,2,11,60,0.875,2.285,0.21575,False
node_21,pool,cooling,2,11,60,0.875,2.285,0.21605,False
node_21,pool,mint,2,11,60,0.875,2.285,0.21644,False
node_21,pool,medicinal,3,22,60,1.751,1.714,0.25079,False
node_21,pool,strawberry,2,13,60,1.034,1.933,0.27623,False
node_21,pool,warm,2,13,60,1.034,1.933,0.27701,False
node_21,pool,jasmine,2,13,60,1.034,1.933,0.27747,False
node_21,pool,spicy,6,56,60,4.456,1.346,0.27969,False
node_21,pool,malty,1,4,60,0.318,3.142,0.28057,False
node_21,pool,cedar,1,4,60,0.318,3.142,0.28349,False
node_21,pool,fruity,18,200,60,15.915,1.131,0.31106,False
node_21,pool,cherry,2,15,60,1.194,1.676,0.33553,False
node_21,pool,honey,2,15,60,1.194,1.676,0.33811,False
node_21,pool,hawthorn,1,5,60,0.398,2.513,0.33996,False
node_21,pool,chemical,1,6,60,0.477,2.094,0.39148,False
node_21,pool,jammy,1,6,60,0.477,2.094,0.39415,False
node_21,pool,phenolic,4,40,60,3.183,1.257,0.39773,False
node_21,pool,onion,3,30,60,2.387,1.257,0.43387,False
node_21,pool,leathery,1,7,60,0.557,1.795,0.44185,False
node_21,pool,lavender,1,7,60,0.557,1.795,0.44223,False
node_21,pool,raspberry,1,7,60,0.557,1.795,0.44617,False
node_21,pool,tropical,4,43,60,3.422,1.169,0.45311,False
node_21,pool,cinnamon,1,9,60,0.716,1.396,0.52874,False
node_21,pool,natural,1,9,60,0.716,1.396,0.53036,False
node_21,pool,powdery,4,49,60,3.899,1.026,0.55998,False
node_21,pool,coumarinic,1,10,60,0.796,1.257,0.56265,False
node_21,pool,hay,1,10,60,0.796,1.257,0.56496,False
node_21,pool,caramellic,2,24,60,1.91,1.047,0.58124,False
node_21,pool,coffee,2,25,60,1.989,1.005,0.60608,False
node_21,pool,meaty,3,39,60,3.103,0.967,0.61402,False
node_21,pool,chicken,1,12,60,0.955,1.047,0.63277,False
node_21,pool,ketonic,1,12,60,0.955,1.047,0.63308,False
node_21,pool,cucumber,1,12,60,0.955,1.047,0.6346,False
node_21,pool,leafy,1,13,60,1.034,0.967,0.6601,False
node_21,pool,milky,1,13,60,1.034,0.967,0.6659,False
node_21,pool,creamy,3,43,60,3.422,0.877,0.6858,False
node_21,pool,potato,1,15,60,1.194,0.838,0.71237,False
node_21,pool,vegetable,3,45,60,3.581,0.838,0.71361,False
node_21,pool,sulfurous,3,46,60,3.66,0.82,0.73146,False
node_21,pool,soapy,1,16,60,1.273,0.785,0.73835,False
node_21,pool,alliaceous,1,16,60,1.273,0.785,0.73948,False
node_21,pool,peach,1,16,60,1.273,0.785,0.74043,False
node_21,pool,herbal,6,90,60,7.162,0.838,0.74751,False
node_21,pool,mushroom,1,17,60,1.353,0.739,0.75823,False
node_21,pool,vanilla,1,17,60,1.353,0.739,0.76072,False
node_21,pool,roasted,2,34,60,2.706,0.739,0.77241,False
node_21,pool,garlic,1,19,60,1.512,0.661,0.79748,False
node_21,pool,clean,1,20,60,1.592,0.628,0.81454,False
node_21,pool,pear,1,21,60,1.671,0.598,0.82649,False
node_21,pool,earthy,2,39,60,3.103,0.644,0.83649,False
node_21,pool,burnt,1,23,60,1.83,0.546,0.85547,False
node_21,pool,cocoa,1,23,60,1.83,0.546,0.85558,False
node_21,pool,coconut,1,24,60,1.91,0.524,0.868,False
node_21,pool,camphoreous,1,24,60,1.91,0.524,0.86841,False
node_21,pool,apple,2,43,60,3.422,0.584,0.87514,False
node_21,pool,buttery,1,25,60,1.989,0.503,0.87869,False
node_21,pool,metallic,1,26,60,2.069,0.483,0.88728,False
node_21,pool,winey,1,26,60,2.069,0.483,0.88733,False
node_21,pool,dairy,1,26,60,2.069,0.483,0.88803,False
node_21,pool,animal,1,28,60,2.228,0.449,0.90589,False
node_21,pool,banana,1,28,60,2.228,0.449,0.90637,False
node_21,pool,orange,1,28,60,2.228,0.449,0.90685,False
node_21,pool,musty,2,50,60,3.979,0.503,0.92146,False
node_21,pool,nutty,2,51,60,4.058,0.493,0.92625,False
node_21,pool,pungent,1,40,60,3.183,0.314,0.96723,False
node_21,pool,oily,2,66,60,5.252,0.381,0.97602,False
node_21,pool,fresh,4,104,60,8.276,0.483,0.97827,False
node_21,pool,fatty,4,108,60,8.594,0.465,0.98276,False
node_21,pool,green,8,173,60,13.767,0.581,0.98285,False
node_21,pool,waxy,3,96,60,7.639,0.393,0.98918,False
node_21,pool,citrus,2,76,60,6.048,0.331,0.98926,False
node_3,pool,plum,6,11,113,1.649,3.64,0.00264,True
node_3,pool,spicy,15,56,113,8.393,1.787,0.01208,False
node_3,pool,tobacco,5,11,113,1.649,3.033,0.01491,False
node_3,pool,honey,6,15,113,2.248,2.669,0.01572,False
node_3,pool,jasmine,5,13,113,1.948,2.566,0.03258,False
node_3,pool,cinnamon,4,9,113,1.349,2.966,0.03302,False
node_3,pool,woody,18,81,113,12.139,1.483,0.04358,False
node_3,pool,tea,3,6,113,0.899,3.336,0.04707,False
node_3,pool,terpenic,5,15,113,2.248,2.224,0.05881,False
node_3,pool,berry,6,21,113,3.147,1.906,0.0792,False
node_3,pool,floral,29,154,113,23.08,1.257,0.08704,False
node_3,pool,grape,4,12,113,1.798,2.224,0.09083,False
node_3,pool,balsamic,9,38,113,5.695,1.58,0.10015,False
node_3,pool,amber,3,8,113,1.199,2.502,0.10311,False
node_3,pool,cedar,2,4,113,0.599,3.336,0.10949,False
node_3,pool,minty,7,28,113,4.196,1.668,0.11052,False
node_3,pool,warm,4,13,113,1.948,2.053,0.11597,False
node_3,pool,violet,3,9,113,1.349,2.224,0.13802,False
node_3,pool,horseradish,2,5,113,0.749,2.669,0.16563,False
node_3,pool,hay,3,10,113,1.499,2.002,0.17733,False
node_3,pool,pine,4,16,113,2.398,1.668,0.20784,False
node_3,pool,sweet,42,253,113,37.916,1.108,0.21767,False
node_3,pool,chemical,2,6,113,0.899,2.224,0.22007,False
node_3,pool,cooling,3,11,113,1.649,1.82,0.22014,False
node_3,pool,orris,3,11,113,1.649,1.82,0.22019,False
node_3,pool,mint,3,11,113,1.649,1.82,0.22099,False
node_3,pool,beefy,2,6,113,0.899,2.224,0.22122,False
node_3,pool,medicinal,5,22,113,3.297,1.516,0.22134,False
node_3,pool,anise,2,6,113,0.899,2.224,0.22191,False
node_3,pool,jammy,2,6,113,0.899,2.224,0.22444,False
node_3,pool,burnt,5,23,113,3.447,1.451,0.24985,False
node_3,pool,anisic,3,12,113,1.798,1.668,0.26322,False
node_3,pool,camphoreous,5,24,113,3.597,1.39,0.2838,False
node_3,pool,raspberry,2,7,113,1.049,1.906,0.28563,False
node_3,pool,strawberry,3,13,113,1.948,1.54,0.30697,False
node_3,pool,coffee,5,25,113,3.747,1.335,0.31528,False
node_3,pool,rose,9,50,113,7.493,1.201,0.326,False
node_3,pool,dry,4,20,113,2.997,1.335,0.3513,False
node_3,pool,herbal,15,90,113,13.488,1.112,0.364,False
node_3,pool,cherry,3,15,113,2.248,1.335,0.3965,False
node_3,pool,clove,2,9,113,1.349,1.483,0.40016,False
node_3,pool,cabbage,2,9,113,1.349,1.483,0.40104,False
node_3,pool,musk,6,34,113,5.095,1.178,0.40132,False
node_3,pool,mentholic,2,9,113,1.349,1.483,0.40166,False
node_3,pool,almond,2,10,113,1.499,1.335,0.45107,False
node_3,pool,grapefruit,2,10,113,1.499,1.335,0.45907,False
node_3,pool,celery,1,4,113,0.599,1.668,0.47773,False
node_3,pool,malty,1,4,113,0.599,1.668,0.47829,False
node_3,pool,radish,1,4,113,0.599,1.668,0.48003,False
node_3,pool,jasmin,3,17,113,2.548,1.178,0.48169,False
node_3,pool,grassy,2,11,113,1.649,1.213,0.50704,False
node_3,pool,vegetable,7,45,113,6.744,1.038,0.52462,False
node_3,pool,meaty,6,39,113,5.845,1.027,0.54016,False
node_3,pool,sulfurous,7,46,113,6.894,1.015,0.551,False
node_3,pool,popcorn,1,5,113,0.749,1.335,0.5553,False
node_3,pool,muguet,1,5,113,0.749,1.335,0.55615,False
node_3,pool,hawthorn,1,5,113,0.749,1.335,0.55727,False
node_3,pool,ozone,1,5,113,0.749,1.335,0.55743,False
node_3,pool,chicken,2,12,113,1.798,1.112,0.55764,False
node_3,pool,cucumber,2,12,113,1.798,1.112,0.55882,False
node_3,pool,ketonic,2,12,113,1.798,1.112,0.55943,False
node_3,pool,melon,3,19,113,2.847,1.054,0.56295,False
node_3,pool,roasted,5,34,113,5.095,0.981,0.595,False
node_3,pool,leafy,2,13,113,1.948,1.027,0.59987,False
node_3,pool,cooked,1,6,113,0.899,1.112,0.62369,False
node_3,pool,banana,4,28,113,4.196,0.953,0.62523,False
node_3,pool,aromatic,1,6,113,0.899,1.112,0.62795,False
node_3,pool,pear,3,21,113,3.147,0.953,0.63104,False
node_3,pool,apple,6,43,113,6.444,0.931,0.64691,False
node_3,pool,tropical,6,43,113,6.444,0.931,0.64762,False
node_3,pool,hyacinth,1,7,113,1.049,0.953,0.67931,False
node_3,pool,leathery,1,7,113,1.049,0.953,0.6796,False
node_3,pool,lavender,1,7,113,1.049,0.953,0.68041,False
node_3,pool,potato,2,15,113,2.248,0.89,0.68207,False
node_3,pool,onion,4,30,113,4.496,0.89,0.68299,False
node_3,pool,cocoa,3,23,113,3.447,0.87,0.69595,False
node_3,pool,fruity,28,200,113,29.973,0.934,0.71461,False
node_3,pool,alliaceous,2,16,113,2.398,0.834,0.71834,False
node_3,pool,earthy,5,39,113,5.845,0.855,0.71994,False
node_3,pool,caramellic,3,24,113,3.597,0.834,0.7226,False
node_3,pool,fresh,14,104,113,15.586,0.898,0.72596,False
node_3,pool,brown,1,8,113,1.199,0.834,0.72786,False
node_3,pool,solvent,1,8,113,1.199,0.834,0.72887,False
node_3,pool,phenolic,5,40,113,5.995,0.834,0.74141,False
node_3,pool,pungent,5,40,113,5.995,0.834,0.74474,False
node_3,pool,mushroom,2,17,113,2.548,0.785,0.75009,False
node_3,pool,natural,1,9,113,1.349,0.741,0.77006,False
node_3,pool,powdery,6,49,113,7.344,0.817,0.77269,False
node_3,pool,green,23,173,113,25.927,0.887,0.79477,False
node_3,pool,sharp,2,19,113,2.847,0.702,0.80292,False
node_3,pool,hazelnut,1,10,113,1.499,0.667,0.80483,False
node_3,pool,lily,1,10,113,1.499,0.667,0.80486,False
node_3,pool,garlic,2,19,113,2.847,0.702,0.80514,False
node_3,pool,coumarinic,1,10,113,1.499,0.667,0.80603,False
node_3,pool,animal,3,28,113,4.196,0.715,0.81529,False
node_3,pool,savory,2,20,113,2.997,0.667,0.82603,False
node_3,pool,clean,2,20,113,2.997,0.667,0.82803,False
node_3,pool,geranium,1,11,113,1.649,0.607,0.83427,False
node_3,pool,lactonic,1,11,113,1.649,0.607,0.83454,False
node_3,pool,bready,1,11,113,1.649,0.607,0.83578,False
node_3,pool,lemon,1,12,113,1.798,0.556,0.8593,False
node_3,pool,ripe,1,14,113,2.098,0.477,0.8994,False
node_3,pool,soapy,1,16,113,2.398,0.417,0.92715,False
node_3,pool,aldehydic,3,37,113,5.545,0.541,0.93595,False
node_3,pool,vanilla,1,17,113,2.548,0.393,0.93866,False
node_3,pool,orange,2,28,113,4.196,0.477,0.93965,False
node_3,pool,chocolate,1,19,113,2.847,0.351,0.95621,False
node_3,pool,citrus,7,76,113,11.39,0.615,0.95827,False
node_3,pool,musty,4,50,113,7.493,0.534,0.95857,False
node_3,pool,nutty,4,51,113,7.643,0.523,0.9622,False
node_3,pool,winey,1,26,113,3.897,0.257,0.98571,False
node_3,pool,metallic,1,26,113,3.897,0.257,0.98636,False
node_3,pool,fatty,9,108,113,16.186,0.556,0.99142,False
node_3,pool,cheesy,2,42,113,6.294,0.318,0.9918,False
node_3,pool,creamy,2,43,113,6.444,0.31,0.99328,False
node_3,pool,oily,4,66,113,9.891,0.404,0.99468,False
node_3,pool,ethereal,1,33,113,4.946,0.202,0.99601,False
node_3,pool,waxy,5,96,113,14.387,0.348,0.99964,False
node_32,pool,plum,5,11,67,0.977,5.115,0.0014,True
node_32,pool,tobacco,5,11,67,0.977,5.115,0.00156,True
node_32,pool,tea,3,6,67,0.533,5.627,0.01148,False
node_32,pool,grape,4,12,67,1.066,3.751,0.01655,False
node_32,pool,amber,3,8,67,0.711,4.22,0.0276,False
node_32,pool,sweet,29,253,67,22.481,1.29,0.05522,False
node_32,pool,horseradish,2,5,67,0.444,4.501,0.06602,False
node_32,pool,mint,3,11,67,0.977,3.069,0.06647,False
node_32,pool,floral,19,154,67,13.684,1.388,0.06706,False
node_32,pool,beefy,2,6,67,0.533,3.751,0.09172,False
node_32,pool,dry,4,20,67,1.777,2.251,0.09451,False
node_32,pool,minty,5,28,67,2.488,2.01,0.09453,False
node_32,pool,berry,4,21,67,1.866,2.144,0.10697,False
node_32,pool,burnt,4,23,67,2.044,1.957,0.139,False
node_32,pool,rose,7,50,67,4.443,1.576,0.14593,False
node_32,pool,woody,10,81,67,7.198,1.389,0.16865,False
node_32,pool,orangeflower,1,2,67,0.178,5.627,0.16886,False
node_32,pool,musk,5,34,67,3.021,1.655,0.17626,False
node_32,pool,violet,2,9,67,0.8,2.501,0.18543,False
node_32,pool,cinnamon,2,9,67,0.8,2.501,0.18627,False
node_32,pool,mentholic,2,9,67,0.8,2.501,0.18662,False
node_32,pool,cabbage,2,9,67,0.8,2.501,0.18694,False
node_32,pool,clove,2,9,67,0.8,2.501,0.18801,False
node_32,pool,almond,2,10,67,0.889,2.251,0.21518,False
node_32,pool,sulfurous,6,46,67,4.088,1.468,0.21796,False
node_32,pool,spicy,7,56,67,4.976,1.407,0.21978,False
node_32,pool,grapefruit,2,10,67,0.889,2.251,0.22143,False
node_32,pool,orris,2,11,67,0.977,2.046,0.25394,False
node_32,pool,cooling,2,11,67,0.977,2.046,0.2546,False
node_32,pool,powdery,6,49,67,4.354,1.378,0.26492,False
node_32,pool,ketonic,2,12,67,1.066,1.876,0.28889,False
node_32,pool,chicken,2,12,67,1.066,1.876,0.28917,False
node_32,pool,medicinal,3,22,67,1.955,1.535,0.3096,False
node_32,pool,malty,1,4,67,0.355,2.813,0.30975,False
node_32,pool,cedar,1,4,67,0.355,2.813,0.31094,False
node_32,pool,radish,1,4,67,0.355,2.813,0.31395,False
node_32,pool,strawberry,2,13,67,1.155,1.731,0.32248,False
node_32,pool,warm,2,13,67,1.155,1.731,0.3236,False
node_32,pool,vegetable,5,45,67,3.999,1.25,0.371,False
node_32,pool,hawthorn,1,5,67,0.444,2.251,0.37323,False
node_32,pool,coffee,3,25,67,2.221,1.35,0.38295,False
node_32,pool,cherry,2,15,67,1.333,1.5,0.3889,False
node_32,pool,honey,2,15,67,1.333,1.5,0.39176,False
node_32,pool,chemical,1,6,67,0.533,1.876,0.42753,False
node_32,pool,cooked,1,6,67,0.533,1.876,0.4294,False
node_32,pool,jammy,1,6,67,0.533,1.876,0.43015,False
node_32,pool,meaty,4,39,67,3.466,1.154,0.46073,False
node_32,pool,lavender,1,7,67,0.622,1.608,0.48034,False
node_32,pool,leathery,1,7,67,0.622,1.608,0.48038,False
node_32,pool,phenolic,4,40,67,3.554,1.125,0.48369,False
node_32,pool,pungent,4,40,67,3.554,1.125,0.48498,False
node_32,pool,raspberry,1,7,67,0.622,1.608,0.48519,False
node_32,pool,onion,3,30,67,2.666,1.125,0.50813,False
node_32,pool,solvent,1,8,67,0.711,1.407,0.5258,False
node_32,pool,brown,1,8,67,0.711,1.407,0.52585,False
node_32,pool,fruity,18,200,67,17.772,1.013,0.52738,False
node_32,pool,savory,2,20,67,1.777,1.125,0.54246,False
node_32,pool,natural,1,9,67,0.8,1.25,0.57167,False
node_32,pool,roasted,3,34,67,3.021,0.993,0.59615,False
node_32,pool,coumarinic,1,10,67,0.889,1.125,0.60606,False
node_32,pool,hay,1,10,67,0.889,1.125,0.60748,False
node_32,pool,geranium,1,11,67,0.977,1.023,0.64228,False
node_32,pool,lactonic,1,11,67,0.977,1.023,0.6432,False
node_32,pool,caramellic,2,24,67,2.133,0.938,0.64369,False
node_32,pool,camphoreous,2,24,67,2.133,0.938,0.64716,False
node_32,pool,balsamic,3,38,67,3.377,0.888,0.67449,False
node_32,pool,cucumber,1,12,67,1.066,0.938,0.67661,False
node_32,pool,metallic,2,26,67,2.31,0.866,0.69025,False
node_32,pool,earthy,3,39,67,3.466,0.866,0.69418,False
node_32,pool,leafy,1,13,67,1.155,0.866,0.70222,False
node_32,pool,jasmine,1,13,67,1.155,0.866,0.70604,False
node_32,pool,animal,2,28,67,2.488,0.804,0.72898,False
node_32,pool,orange,2,28,67,2.488,0.804,0.7298,False
node_32,pool,potato,1,15,67,1.333,0.75,0.75277,False
node_32,pool,tropical,3,43,67,3.821,0.785,0.7566,False
node_32,pool,apple,3,43,67,3.821,0.785,0.75736,False
node_32,pool,soapy,1,16,67,1.422,0.703,0.77744,False
node_32,pool,alliaceous,1,16,67,1.422,0.703,0.77868,False
node_32,pool,mushroom,1,17,67,1.511,0.662,0.797,False
node_32,pool,vanilla,1,17,67,1.511,0.662,0.79965,False
node_32,pool,garlic,1,19,67,1.688,0.592,0.83382,False
node_32,pool,herbal,6,90,67,7.997,0.75,0.83867,False
node_32,pool,musty,3,50,67,4.443,0.675,0.83948,False
node_32,pool,clean,1,20,67,1.777,0.563,0.84811,False
node_32,pool,nutty,3,51,67,4.532,0.662,0.84971,False
node_32,pool,pear,1,21,67,1.866,0.536,0.85972,False
node_32,pool,cocoa,1,23,67,2.044,0.489,0.88528,False
node_32,pool,creamy,2,43,67,3.821,0.523,0.91275,False
node_32,pool,winey,1,26,67,2.31,0.433,0.91419,False
node_32,pool,banana,1,28,67,2.488,0.402,0.92988,False
node_32,pool,cheesy,1,42,67,3.732,0.268,0.98213,False
node_32,pool,oily,2,66,67,5.865,0.341,0.98674,False
node_32,pool,citrus,2,76,67,6.753,0.296,0.99483,False
node_32,pool,waxy,3,96,67,8.531,0.352,0.99532,False
node_32,pool,fresh,3,104,67,9.241,0.325,0.9975,False
node_32,pool,green,7,173,67,15.373,0.455,0.99826,False
node_32,pool,fatty,3,108,67,9.597,0.313,0.99829,False
node_4,pool,sour,16,18,138,3.294,4.857,1e-05,True
node_4,pool,odorless,11,14,138,2.562,4.293,1e-05,True
node_4,pool,cheesy,20,42,138,7.687,2.602,2e-05,True
node_4,pool,acidic,8,9,138,1.647,4.857,3e-05,True
node_4,pool,dairy,14,26,138,4.759,2.942,3e-05,True
node_4,pool,milky,9,13,138,2.379,3.783,7e-05,True
node_4,pool,fatty,35,108,138,19.767,1.771,0.00014,True
node_4,pool,waxy,31,96,138,17.57,1.764,0.00023,True
node_4,pool,creamy,14,43,138,7.87,1.779,0.01475,False
node_4,pool,coconut,9,24,138,4.393,2.049,0.01976,False
node_4,pool,aldehydic,11,37,138,6.772,1.624,0.05869,False
node_4,pool,buttery,8,25,138,4.576,1.748,0.06826,False
node_4,pool,sharp,6,19,138,3.477,1.725,0.11518,False
node_4,pool,orange,8,28,138,5.125,1.561,0.12008,False
node_4,pool,grassy,4,11,138,2.013,1.987,0.12307,False
node_4,pool,cabbage,3,9,138,1.647,1.821,0.21641,False
node_4,pool,pineapple,7,30,138,5.491,1.275,0.29963,False
node_4,pool,tobacco,3,11,138,2.013,1.49,0.32448,False
node_4,pool,cognac,3,11,138,2.013,1.49,0.32542,False
node_4,pool,orris,3,11,138,2.013,1.49,0.32631,False
node_4,pool,pear,5,21,138,3.844,1.301,0.33564,False
node_4,pool,soapy,4,16,138,2.928,1.366,0.33585,False
node_4,pool,peach,4,16,138,2.928,1.366,0.33603,False
node_4,pool,leafy,3,13,138,2.379,1.261,0.4337,False
node_4,pool,oily,13,66,138,12.08,1.076,0.43539,False
node_4,pool,apricot,3,13,138,2.379,1.261,0.43587,False
node_4,pool,pungent,8,40,138,7.321,1.093,0.45433,False
node_4,pool,winey,5,26,138,4.759,1.051,0.53275,False
node_4,pool,tropical,8,43,138,7.87,1.017,0.54525,False
node_4,pool,malty,1,4,138,0.732,1.366,0.55471,False
node_4,pool,radish,1,4,138,0.732,1.366,0.55741,False
node_4,pool,grapefruit,2,10,138,1.83,1.093,0.5738,False
node_4,pool,rose,9,50,138,9.151,0.983,0.58534,False
node_4,pool,vegetable,8,45,138,8.236,0.971,0.60103,False
node_4,pool,banana,5,28,138,5.125,0.976,0.6022,False
node_4,pool,lactonic,2,11,138,2.013,0.993,0.62738,False
node_4,pool,weedy,1,5,138,0.915,1.093,0.63514,False
node_4,pool,ozone,1,5,138,0.915,1.093,0.63672,False
node_4,pool,muguet,1,5,138,0.915,1.093,0.63812,False
node_4,pool,citrus,13,76,138,13.91,0.935,0.66439,False
node_4,pool,lemon,2,12,138,2.196,0.911,0.67604,False
node_4,pool,cucumber,2,12,138,2.196,0.911,0.67671,False
node_4,pool,cooked,1,6,138,1.098,0.911,0.70453,False
node_4,pool,strawberry,2,13,138,2.379,0.841,0.71817,False
node_4,pool,estery,2,13,138,2.379,0.841,0.71943,False
node_4,pool,hyacinth,1,7,138,1.281,0.781,0.75741,False
node_4,pool,lavender,1,7,138,1.281,0.781,0.75975,False
node_4,pool,rum,1,7,138,1.281,0.781,0.76115,False
node_4,pool,animal,4,28,138,5.125,0.781,0.78363,False
node_4,pool,honey,2,15,138,2.745,0.729,0.79407,False
node_4,pool,fermented,3,22,138,4.027,0.745,0.79988,False
node_4,pool,brown,1,8,138,1.464,0.683,0.80162,False
node_4,pool,brandy,1,8,138,1.464,0.683,0.80169,False
node_4,pool,rummy,1,8,138,1.464,0.683,0.80363,False
node_4,pool,apple,6,43,138,7.87,0.762,0.83083,False
node_4,pool,natural,1,9,138,1.647,0.607,0.83902,False
node_4,pool,clove,1,9,138,1.647,0.607,0.8396,False
node_4,pool,cinnamon,1,9,138,1.647,0.607,0.84085,False
node_4,pool,fruity,32,200,138,36.605,0.874,0.86238,False
node_4,pool,lily,1,10,138,1.83,0.546,0.86814,False
node_4,pool,almond,1,10,138,1.83,0.546,0.86929,False
node_4,pool,coumarinic,1,10,138,1.83,0.546,0.86994,False
node_4,pool,chocolate,2,19,138,3.477,0.575,0.88981,False
node_4,pool,musk,4,34,138,6.223,0.643,0.89763,False
node_4,pool,savory,2,20,138,3.66,0.546,0.90583,False
node_4,pool,clean,2,20,138,3.66,0.546,0.90685,False
node_4,pool,grape,1,12,138,2.196,0.455,0.91202,False
node_4,pool,chicken,1,12,138,2.196,0.455,0.91355,False
node_4,pool,berry,2,21,138,3.844,0.52,0.92062,False
node_4,pool,fresh,14,104,138,19.034,0.736,0.93842,False
node_4,pool,ripe,1,14,138,2.562,0.39,0.94304,False
node_4,pool,green,25,173,138,31.663,0.79,0.94816,False
node_4,pool,smoky,1,16,138,2.928,0.341,0.96219,False
node_4,pool,alliaceous,1,16,138,2.928,0.341,0.96355,False
node_4,pool,vanilla,1,17,138,3.111,0.321,0.969,False
node_4,pool,nutty,5,51,138,9.334,0.536,0.97251,False
node_4,pool,melon,1,19,138,3.477,0.288,0.97987,False
node_4,pool,garlic,1,19,138,3.477,0.288,0.98024,False
node_4,pool,balsamic,3,38,138,6.955,0.431,0.98187,False
node_4,pool,onion,2,30,138,5.491,0.364,0.98438,False
node_4,pool,powdery,4,49,138,8.968,0.446,0.98817,False
node_4,pool,burnt,1,23,138,4.21,0.238,0.99128,False
node_4,pool,cocoa,1,23,138,4.21,0.238,0.99146,False
node_4,pool,metallic,1,26,138,4.759,0.21,0.99519,False
node_4,pool,sulfurous,3,46,138,8.419,0.356,0.99545,False
node_4,pool,floral,18,154,138,28.186,0.639,0.99552,False
node_4,pool,phenolic,2,40,138,7.321,0.273,0.99752,False
node_4,pool,ethereal,1,33,138,6.04,0.166,0.99901,False
node_4,pool,spicy,3,56,138,10.249,0.293,0.99926,False
node_4,pool,roasted,1,34,138,6.223,0.161,0.99932,False
node_4,pool,musty,2,50,138,9.151,0.219,0.99957,False
node_4,pool,meaty,1,39,138,7.138,0.14,0.99967,False
node_4,pool,earthy,1,39,138,7.138,0.14,0.99972,False
node_4,pool,herbal,6,90,138,16.472,0.364,0.99982,False
node_4,pool,sweet,29,253,138,46.305,0.626,0.99988,False
node_4,pool,woody,4,81,138,14.825,0.27,0.99999,False
node_44,pool,plum,4,11,51,0.744,5.376,0.00413,True
node_44,pool,tobacco,4,11,51,0.744,5.376,0.00413,True
node_44,pool,tea,3,6,51,0.406,7.392,0.00532,True
node_44,pool,berry,5,21,51,1.42,3.52,0.01052,False
node_44,pool,amber,3,8,51,0.541,5.544,0.01285,False
node_44,pool,sweet,24,253,51,17.113,1.402,0.02807,False
node_44,pool,woody,10,81,51,5.479,1.825,0.03759,False
node_44,pool,grape,3,12,51,0.812,3.696,0.04247,False
node_44,pool,strawberry,3,13,51,0.879,3.412,0.05203,False
node_44,pool,jammy,2,6,51,0.406,4.928,0.05829,False
node_44,pool,musk,5,34,51,2.3,2.174,0.07258,False
node_44,pool,floral,15,154,51,10.416,1.44,0.07473,False
node_44,pool,violet,2,9,51,0.609,3.285,0.11647,False
node_44,pool,mentholic,2,9,51,0.609,3.285,0.11918,False
node_44,pool,clove,2,9,51,0.609,3.285,0.1201,False
node_44,pool,orangeflower,1,2,51,0.135,7.392,0.13034,False
node_44,pool,almond,2,10,51,0.676,2.957,0.13888,False
node_44,pool,dry,3,20,51,1.353,2.218,0.14819,False
node_44,pool,orris,2,11,51,0.744,2.688,0.16388,False
node_44,pool,cooling,2,11,51,0.744,2.688,0.1665,False
node_44,pool,mint,2,11,51,0.744,2.688,0.16755,False
node_44,pool,caramellic,3,24,51,1.623,1.848,0.21705,False
node_44,pool,powdery,5,49,51,3.314,1.509,0.23206,False
node_44,pool,malty,1,4,51,0.271,3.696,0.24375,False
node_44,pool,cedar,1,4,51,0.271,3.696,0.2454,False
node_44,pool,phenolic,4,40,51,2.706,1.478,0.28341,False
node_44,pool,minty,3,28,51,1.894,1.584,0.29178,False
node_44,pool,hawthorn,1,5,51,0.338,2.957,0.29648,False
node_44,pool,spicy,5,56,51,3.788,1.32,0.32701,False
node_44,pool,chemical,1,6,51,0.406,2.464,0.34414,False
node_44,pool,leathery,1,7,51,0.473,2.112,0.38799,False
node_44,pool,raspberry,1,7,51,0.473,2.112,0.39307,False
node_44,pool,medicinal,2,22,51,1.488,1.344,0.44626,False
node_44,pool,cabbage,1,9,51,0.609,1.643,0.46957,False
node_44,pool,burnt,2,23,51,1.556,1.286,0.47101,False
node_44,pool,natural,1,9,51,0.609,1.643,0.47221,False
node_44,pool,fruity,14,200,51,13.528,1.035,0.49751,False
node_44,pool,coumarinic,1,10,51,0.676,1.478,0.50395,False
node_44,pool,hay,1,10,51,0.676,1.478,0.50482,False
node_44,pool,grapefruit,1,10,51,0.676,1.478,0.5063,False
node_44,pool,lactonic,1,11,51,0.744,1.344,0.54025,False
node_44,pool,bready,1,11,51,0.744,1.344,0.54046,False
node_44,pool,ketonic,1,12,51,0.812,1.232,0.57074,False
node_44,pool,animal,2,28,51,1.894,1.056,0.57622,False
node_44,pool,orange,2,28,51,1.894,1.056,0.57686,False
node_44,pool,jasmine,1,13,51,0.879,1.137,0.60063,False
node_44,pool,warm,1,13,51,0.879,1.137,0.6007,False
node_44,pool,cherry,1,15,51,1.015,0.986,0.65366,False
node_44,pool,honey,1,15,51,1.015,0.986,0.65532,False
node_44,pool,rose,3,50,51,3.382,0.887,0.67542,False
node_44,pool,vanilla,1,17,51,1.15,0.87,0.70203,False
node_44,pool,balsamic,2,38,51,2.57,0.778,0.74492,False
node_44,pool,clean,1,20,51,1.353,0.739,0.75878,False
node_44,pool,earthy,2,39,51,2.638,0.758,0.75921,False
node_44,pool,pungent,2,40,51,2.706,0.739,0.77185,False
node_44,pool,creamy,2,43,51,2.908,0.688,0.80696,False
node_44,pool,apple,2,43,51,2.908,0.688,0.80702,False
node_44,pool,tropical,2,43,51,2.908,0.688,0.80807,False
node_44,pool,camphoreous,1,24,51,1.623,0.616,0.82069,False
node_44,pool,metallic,1,26,51,1.759,0.569,0.84212,False
node_44,pool,winey,1,26,51,1.759,0.569,0.84232,False
node_44,pool,musty,2,50,51,3.382,0.591,0.8689,False
node_44,pool,herbal,4,90,51,6.088,0.657,0.88183,False
node_44,pool,onion,1,30,51,2.029,0.493,0.88336,False
node_44,pool,cheesy,1,42,51,2.841,0.352,0.95095,False
node_44,pool,vegetable,1,45,51,3.044,0.329,0.96191,False
node_44,pool,sulfurous,1,46,51,3.111,0.321,0.96443,False
node_44,pool,nutty,1,51,51,3.45,0.29,0.97497,False
node_44,pool,oily,1,66,51,4.464,0.224,0.99262,False
node_44,pool,citrus,1,76,51,5.141,0.195,0.99647,False
node_44,pool,green,4,173,51,11.702,0.342,0.99916,False
node_44,pool,waxy,1,96,51,6.493,0.154,0.99935,False
node_44,pool,fresh,1,104,51,7.034,0.142,0.99956,False
node_44,pool,fatty,1,108,51,7.305,0.137,0.99972,False
node_5,pool,waxy,36,96,147,18.716,1.923,1e-05,True
node_5,pool,creamy,19,43,147,8.383,2.266,6e-05,True
node_5,pool,fatty,37,108,147,21.056,1.757,8e-05,True
node_5,pool,dairy,13,26,147,5.069,2.565,0.00035,True
node_5,pool,coconut,12,24,147,4.679,2.565,0.0006,True
node_5,pool,sour,10,18,147,3.509,2.85,0.00072,True
node_5,pool,milky,8,13,147,2.534,3.156,0.00098,True
node_5,pool,cheesy,15,42,147,8.188,1.832,0.00829,True
node_5,pool,odorless,6,14,147,2.729,2.198,0.03736,False
node_5,pool,buttery,9,25,147,4.874,1.847,0.03773,False
node_5,pool,amber,4,8,147,1.56,2.565,0.04991,False
node_5,pool,sharp,7,19,147,3.704,1.89,0.05761,False
node_5,pool,fruity,47,200,147,38.992,1.205,0.06196,False
node_5,pool,pineapple,9,30,147,5.849,1.539,0.10823,False
node_5,pool,coumarinic,4,10,147,1.95,2.052,0.11131,False
node_5,pool,oily,17,66,147,12.867,1.321,0.12064,False
node_5,pool,plum,4,11,147,2.145,1.865,0.14672,False
node_5,pool,tobacco,4,11,147,2.145,1.865,0.1468,False
node_5,pool,lactonic,4,11,147,2.145,1.865,0.14879,False
node_5,pool,banana,8,28,147,5.459,1.466,0.1601,False
node_5,pool,peach,5,16,147,3.119,1.603,0.1878,False
node_5,pool,lemon,4,12,147,2.34,1.71,0.19189,False
node_5,pool,cortex,1,1,147,0.195,5.129,0.19512,False
node_5,pool,tropical,11,43,147,8.383,1.312,0.1998,False
node_5,pool,leafy,4,13,147,2.534,1.578,0.23574,False
node_5,pool,acidic,3,9,147,1.755,1.71,0.24643,False
node_5,pool,natural,3,9,147,1.755,1.71,0.24869,False
node_5,pool,rose,12,50,147,9.748,1.231,0.25201,False
node_5,pool,aldehydic,9,37,147,7.214,1.248,0.28354,False
node_5,pool,tea,2,6,147,1.17,1.71,0.33109,False
node_5,pool,cognac,3,11,147,2.145,1.399,0.36554,False
node_5,pool,orris,3,11,147,2.145,1.399,0.3668,False
node_5,pool,soapy,4,16,147,3.119,1.282,0.38321,False
node_5,pool,pear,5,21,147,4.094,1.221,0.38957,False
node_5,pool,berry,5,21,147,4.094,1.221,0.39177,False
node_5,pool,citrus,16,76,147,14.817,1.08,0.4109,False
node_5,pool,apple,9,43,147,8.383,1.074,0.46538,False
node_5,pool,orange,6,28,147,5.459,1.099,0.47226,False
node_5,pool,strawberry,3,13,147,2.534,1.184,0.4791,False
node_5,pool,apricot,3,13,147,2.534,1.184,0.48099,False
node_5,pool,rummy,2,8,147,1.56,1.282,0.48264,False
node_5,pool,musk,7,34,147,6.629,1.056,0.50544,False
node_5,pool,clove,2,9,147,1.755,1.14,0.54882,False
node_5,pool,sweet,49,253,147,49.325,0.993,0.56019,False
node_5,pool,malty,1,4,147,0.78,1.282,0.58007,False
node_5,pool,radish,1,4,147,0.78,1.282,0.58326,False
node_5,pool,honey,3,15,147,2.924,1.026,0.58599,False
node_5,pool,winey,5,26,147,5.069,0.986,0.59501,False
node_5,pool,almond,2,10,147,1.95,1.026,0.6056,False
node_5,pool,grapefruit,2,10,147,1.95,1.026,0.61175,False
node_5,pool,balsamic,7,38,147,7.408,0.945,0.63542,False
node_5,pool,muguet,1,5,147,0.975,1.026,0.66362,False
node_5,pool,grassy,2,11,147,2.145,0.933,0.66488,False
node_5,pool,mint,2,11,147,2.145,0.933,0.6664,False
node_5,pool,grape,2,12,147,2.34,0.855,0.71073,False
node_5,pool,floral,28,154,147,30.024,0.933,0.71287,False
node_5,pool,cucumber,2,12,147,2.34,0.855,0.71429,False
node_5,pool,jammy,1,6,147,1.17,0.855,0.72898,False
node_5,pool,estery,2,13,147,2.534,0.789,0.75413,False
node_5,pool,hyacinth,1,7,147,1.365,0.733,0.78124,False
node_5,pool,lavender,1,7,147,1.365,0.733,0.78367,False
node_5,pool,raspberry,1,7,147,1.365,0.733,0.78402,False
node_5,pool,rum,1,7,147,1.365,0.733,0.78418,False
node_5,pool,ripe,2,14,147,2.729,0.733,0.79318,False
node_5,pool,vegetable,7,45,147,8.773,0.798,0.80984,False
node_5,pool,green,30,173,147,33.728,0.889,0.82134,False
node_5,pool,brandy,1,8,147,1.56,0.641,0.82364,False
node_5,pool,cherry,2,15,147,2.924,0.684,0.82515,False
node_5,pool,animal,4,28,147,5.459,0.733,0.82688,False
node_5,pool,fermented,3,22,147,4.289,0.699,0.83729,False
node_5,pool,violet,1,9,147,1.755,0.57,0.8583,False
node_5,pool,mentholic,1,9,147,1.755,0.57,0.85857,False
node_5,pool,cabbage,1,9,147,1.755,0.57,0.8603,False
node_5,pool,lily,1,10,147,1.95,0.513,0.88617,False
node_5,pool,fresh,16,104,147,20.276,0.789,0.90046,False
node_5,pool,cooling,1,11,147,2.145,0.466,0.90899,False
node_5,pool,melon,2,19,147,3.704,0.54,0.9115,False
node_5,pool,clean,2,20,147,3.899,0.513,0.92596,False
node_5,pool,dry,2,20,147,3.899,0.513,0.92626,False
node_5,pool,ketonic,1,12,147,2.34,0.427,0.92685,False
node_5,pool,jasmine,1,13,147,2.534,0.395,0.94195,False
node_5,pool,powdery,6,49,147,9.553,0.628,0.94258,False
node_5,pool,burnt,2,23,147,4.484,0.446,0.95648,False
node_5,pool,pine,1,16,147,3.119,0.321,0.96965,False
node_5,pool,smoky,1,16,147,3.119,0.321,0.97052,False
node_5,pool,pungent,4,40,147,7.798,0.513,0.97105,False
node_5,pool,alliaceous,1,16,147,3.119,0.321,0.97136,False
node_5,pool,woody,10,81,147,15.792,0.633,0.97363,False
node_5,pool,metallic,2,26,147,5.069,0.395,0.97588,False
node_5,pool,jasmin,1,17,147,3.314,0.302,0.97595,False
node_5,pool,vanilla,1,17,147,3.314,0.302,0.97613,False
node_5,pool,nutty,5,51,147,9.943,0.503,0.9835,False
node_5,pool,minty,2,28,147,5.459,0.366,0.98429,False
node_5,pool,chocolate,1,19,147,3.704,0.27,0.98443,False
node_5,pool,garlic,1,19,147,3.704,0.27,0.98492,False
node_5,pool,earthy,3,39,147,7.603,0.395,0.99007,False
node_5,pool,spicy,5,56,147,10.918,0.458,0.99265,False
node_5,pool,cocoa,1,23,147,4.484,0.223,0.99393,False
node_5,pool,musty,4,50,147,9.748,0.41,0.99397,False
node_5,pool,camphoreous,1,24,147,4.679,0.214,0.99445,False
node_5,pool,caramellic,1,24,147,4.679,0.214,0.99458,False
node_5,pool,coffee,1,25,147,4.874,0.205,0.99585,False
node_5,pool,herbal,9,90,147,17.546,0.513,0.99679,False
node_5,pool,onion,1,30,147,5.849,0.171,0.99889,False
node_5,pool,ethereal,1,33,147,6.434,0.155,0.99944,False
node_5,pool,sulfurous,2,46,147,8.968,0.223,0.99958,False
node_5,pool,roasted,1,34,147,6.629,0.151,0.99969,False
node_5,pool,meaty,1,39,147,7.603,0.132,0.99983,False
node_5,pool,phenolic,1,40,147,7.798,0.128,0.99986,False
node_6,pool,balsamic,18,38,130,6.552,2.747,1e-05,True
node_6,pool,plum,6,11,130,1.897,3.164,0.00562,True
node_6,pool,burnt,9,23,130,3.966,2.27,0.00928,True
node_6,pool,hyacinth,4,7,130,1.207,3.314,0.01981,False
node_6,pool,tobacco,5,11,130,1.897,2.636,0.02751,False
node_6,pool,cherry,6,15,130,2.586,2.32,0.0304,False
node_6,pool,amber,4,8,130,1.379,2.9,0.03344,False
node_6,pool,coffee,8,25,130,4.31,1.856,0.04988,False
node_6,pool,cinnamon,4,9,130,1.552,2.578,0.05305,False
node_6,pool,medicinal,7,22,130,3.793,1.845,0.06629,False
node_6,pool,chemical,3,6,130,1.034,2.9,0.0663,False
node_6,pool,tea,3,6,130,1.034,2.9,0.06792,False
node_6,pool,almond,4,10,130,1.724,2.32,0.0741,False
node_6,pool,floral,33,154,130,26.552,1.243,0.08036,False
node_6,pool,potato,5,15,130,2.586,1.933,0.09811,False
node_6,pool,honey,5,15,130,2.586,1.933,0.09822,False
node_6,pool,cooling,4,11,130,1.897,2.109,0.10445,False
node_6,pool,powdery,12,49,130,8.448,1.42,0.11928,False
node_6,pool,vegetable,11,45,130,7.759,1.418,0.13449,False
node_6,pool,grape,4,12,130,2.069,1.933,0.13628,False
node_6,pool,woody,18,81,130,13.966,1.289,0.13707,False
node_6,pool,berry,6,21,130,3.621,1.657,0.13731,False
node_6,pool,cedar,2,4,130,0.69,2.9,0.14049,False
node_6,pool,sweet,49,253,130,43.621,1.123,0.15874,False
node_6,pool,strawberry,4,13,130,2.241,1.785,0.17116,False
node_6,pool,jasmine,4,13,130,2.241,1.785,0.17162,False
node_6,pool,cortex,1,1,130,0.172,5.8,0.17238,False
node_6,pool,violet,3,9,130,1.552,1.933,0.18835,False
node_6,pool,popcorn,2,5,130,0.862,2.32,0.20663,False
node_6,pool,hawthorn,2,5,130,0.862,2.32,0.20735,False
node_6,pool,horseradish,2,5,130,0.862,2.32,0.20846,False
node_6,pool,meaty,9,39,130,6.724,1.338,0.21243,False
node_6,pool,roasted,8,34,130,5.862,1.365,0.21633,False
node_6,pool,hazelnut,3,10,130,1.724,1.74,0.23732,False
node_6,pool,hay,3,10,130,1.724,1.74,0.23948,False
node_6,pool,spicy,12,56,130,9.655,1.243,0.24151,False
node_6,pool,nutty,11,51,130,8.793,1.251,0.24706,False
node_6,pool,dry,5,20,130,3.448,1.45,0.25409,False
node_6,pool,sulfurous,10,46,130,7.931,1.261,0.25756,False
node_6,pool,beefy,2,6,130,1.034,1.933,0.27514,False
node_6,pool,jammy,2,6,130,1.034,1.933,0.27871,False
node_6,pool,mint,3,11,130,1.897,1.582,0.29183,False
node_6,pool,orangeflower,1,2,130,0.345,2.9,0.31629,False
node_6,pool,anisic,3,12,130,2.069,1.45,0.34185,False
node_6,pool,chicken,3,12,130,2.069,1.45,0.34266,False
node_6,pool,earthy,8,39,130,6.724,1.19,0.35256,False
node_6,pool,rose,10,50,130,8.621,1.16,0.35394,False
node_6,pool,cocoa,5,23,130,3.966,1.261,0.36177,False
node_6,pool,warm,3,13,130,2.241,1.338,0.39373,False
node_6,pool,camphoreous,5,24,130,4.138,1.208,0.40067,False
node_6,pool,caramellic,5,24,130,4.138,1.208,0.40099,False
node_6,pool,solvent,2,8,130,1.379,1.45,0.41306,False
node_6,pool,clove,2,9,130,1.552,1.289,0.47563,False
node_6,pool,cabbage,2,9,130,1.552,1.289,0.47728,False
node_6,pool,mentholic,2,9,130,1.552,1.289,0.47898,False
node_6,pool,malty,1,4,130,0.69,1.45,0.53091,False
node_6,pool,radish,1,4,130,0.69,1.45,0.53373,False
node_6,pool,coumarinic,2,10,130,1.724,1.16,0.53756,False
node_6,pool,alliaceous,3,16,130,2.759,1.087,0.53799,False
node_6,pool,grapefruit,2,10,130,1.724,1.16,0.53878,False
node_6,pool,smoky,3,16,130,2.759,1.087,0.53982,False
node_6,pool,minty,5,28,130,4.828,1.036,0.54656,False
node_6,pool,phenolic,7,40,130,6.897,1.015,0.54687,False
node_6,pool,musk,6,34,130,5.862,1.024,0.54841,False
node_6,pool,vanilla,3,17,130,2.931,1.024,0.58603,False
node_6,pool,bready,2,11,130,1.897,1.055,0.59086,False
node_6,pool,orris,2,11,130,1.897,1.055,0.59203,False
node_6,pool,brothy,1,5,130,0.862,1.16,0.61105,False
node_6,pool,onion,5,30,130,5.172,0.967,0.6139,False
node_6,pool,ketonic,2,12,130,2.069,0.967,0.64145,False
node_6,pool,chocolate,3,19,130,3.276,0.916,0.66387,False
node_6,pool,anise,1,6,130,1.034,0.967,0.67913,False
node_6,pool,cooked,1,6,130,1.034,0.967,0.68037,False
node_6,pool,leafy,2,13,130,2.241,0.892,0.68366,False
node_6,pool,savory,3,20,130,3.448,0.87,0.69857,False
node_6,pool,pear,3,21,130,3.621,0.829,0.73091,False
node_6,pool,leathery,1,7,130,1.207,0.829,0.7337,False
node_6,pool,peppery,1,7,130,1.207,0.829,0.73682,False
node_6,pool,lavender,1,7,130,1.207,0.829,0.73728,False
node_6,pool,raspberry,1,7,130,1.207,0.829,0.738,False
node_6,pool,animal,4,28,130,4.828,0.829,0.73824,False
node_6,pool,banana,4,28,130,4.828,0.829,0.73989,False
node_6,pool,terpenic,2,15,130,2.586,0.773,0.76136,False
node_6,pool,brown,1,8,130,1.379,0.725,0.78113,False
node_6,pool,tropical,6,43,130,7.414,0.809,0.78309,False
node_6,pool,musty,7,50,130,8.621,0.812,0.78981,False
node_6,pool,pine,2,16,130,2.759,0.725,0.79352,False
node_6,pool,natural,1,9,130,1.552,0.644,0.81941,False
node_6,pool,mushroom,2,17,130,2.931,0.682,0.82055,False
node_6,pool,lily,1,10,130,1.724,0.58,0.8504,False
node_6,pool,metallic,3,26,130,4.483,0.669,0.85463,False
node_6,pool,fruity,30,200,130,34.483,0.87,0.86232,False
node_6,pool,melon,2,19,130,3.276,0.611,0.86647,False
node_6,pool,sharp,2,19,130,3.276,0.611,0.86658,False
node_6,pool,garlic,2,19,130,3.276,0.611,0.86896,False
node_6,pool,geranium,1,11,130,1.897,0.527,0.87643,False
node_6,pool,lactonic,1,11,130,1.897,0.527,0.87704,False
node_6,pool,herbal,12,90,130,15.517,0.773,0.88682,False
node_6,pool,orange,3,28,130,4.828,0.621,0.88954,False
node_6,pool,apple,5,43,130,7.414,0.674,0.89103,False
node_6,pool,lemon,1,12,130,2.069,0.483,0.89823,False
node_6,pool,cucumber,1,12,130,2.069,0.483,0.90029,False
node_6,pool,green,24,173,130,29.828,0.805,0.92903,False
node_6,pool,ripe,1,14,130,2.414,0.414,0.93086,False
node_6,pool,pungent,4,40,130,6.897,0.58,0.9373,False
node_6,pool,soapy,1,16,130,2.759,0.362,0.95292,False
node_6,pool,jasmin,1,17,130,2.931,0.341,0.96155,False
node_6,pool,aldehydic,3,37,130,6.379,0.47,0.96963,False
node_6,pool,clean,1,20,130,3.448,0.29,0.97845,False
node_6,pool,fresh,11,104,130,17.931,0.613,0.98492,False
node_6,pool,fermented,1,22,130,3.793,0.264,0.98617,False
node_6,pool,ethereal,2,33,130,5.69,0.352,0.98629,False
node_6,pool,winey,1,26,130,4.483,0.223,0.99297,False
node_6,pool,pineapple,1,30,130,5.172,0.193,0.9967,False
node_6,pool,creamy,2,43,130,7.414,0.27,0.99755,False
node_6,pool,citrus,4,76,130,13.103,0.305,0.99974,False
node_6,pool,oily,3,66,130,11.379,0.264,0.99977,False
node_6,pool,cheesy,1,42,130,7.241,0.138,0.99978,False
node_6,pool,fatty,5,108,130,18.621,0.269,1.0,False
node_6,pool,waxy,4,96,130,16.552,0.242,1.0,False
node_1,union10,woody,29,31,177,18.109,1.601,2e-05,True
node_1,union10,floral,48,58,177,33.881,1.417,2e-05,True
node_1,union10,sweet,71,93,177,54.327,1.307,5e-05,True
node_1,union10,spicy,19,20,177,11.683,1.626,0.00021,True
node_1,union10,balsamic,20,23,177,13.436,1.489,0.00233,True
node_1,union10,jasmine,8,8,177,4.673,1.712,0.01275,False
node_1,union10,minty,8,8,177,4.673,1.712,0.01289,False
node_1,union10,plum,8,8,177,4.673,1.712,0.01329,False
node_1,union10,cherry,7,7,177,4.089,1.712,0.02246,False
node_1,union10,pine,7,7,177,4.089,1.712,0.02291,False
node_1,union10,powdery,14,17,177,9.931,1.41,0.03213,False
node_1,union10,jasmin,6,6,177,3.505,1.712,0.03734,False
node_1,union10,dry,6,6,177,3.505,1.712,0.0379,False
node_1,union10,terpenic,6,6,177,3.505,1.712,0.03868,False
node_1,union10,herbal,21,28,177,16.356,1.284,0.04573,False
node_1,union10,camphoreous,8,9,177,5.257,1.522,0.05638,False
node_1,union10,earthy,10,12,177,7.01,1.427,0.06295,False
node_1,union10,musk,10,12,177,7.01,1.427,0.06583,False
node_1,union10,hay,5,5,177,2.921,1.712,0.06693,False
node_1,union10,fresh,26,37,177,21.614,1.203,0.08055,False
node_1,union10,melon,7,8,177,4.673,1.498,0.08616,False
node_1,union10,anisic,4,4,177,2.337,1.712,0.11486,False
node_1,union10,warm,4,4,177,2.337,1.712,0.11533,False
node_1,union10,hyacinth,4,4,177,2.337,1.712,0.11609,False
node_1,union10,medicinal,6,7,177,4.089,1.467,0.13559,False
node_1,union10,meaty,8,10,177,5.842,1.369,0.14025,False
node_1,union10,apple,11,15,177,8.762,1.255,0.17552,False
node_1,union10,lily,3,3,177,1.752,1.712,0.19676,False
node_1,union10,ketonic,3,3,177,1.752,1.712,0.19702,False
node_1,union10,solvent,3,3,177,1.752,1.712,0.19715,False
node_1,union10,clove,3,3,177,1.752,1.712,0.19728,False
node_1,union10,mushroom,3,3,177,1.752,1.712,0.19762,False
node_1,union10,mentholic,3,3,177,1.752,1.712,0.19821,False
node_1,union10,cedar,3,3,177,1.752,1.712,0.1983,False
node_1,union10,mint,3,3,177,1.752,1.712,0.19858,False
node_1,union10,chemical,3,3,177,1.752,1.712,0.1986,False
node_1,union10,clean,3,3,177,1.752,1.712,0.19883,False
node_1,union10,violet,3,3,177,1.752,1.712,0.19906,False
node_1,union10,honey,7,9,177,5.257,1.331,0.19969,False
node_1,union10,phenolic,7,9,177,5.257,1.331,0.19975,False
node_1,union10,tea,3,3,177,1.752,1.712,0.20038,False
node_1,union10,cinnamon,5,6,177,3.505,1.427,0.20812,False
node_1,union10,banana,10,14,177,8.178,1.223,0.23436,False
node_1,union10,rose,13,19,177,11.099,1.171,0.2523,False
node_1,union10,coffee,6,8,177,4.673,1.284,0.28239,False
node_1,union10,berry,6,8,177,4.673,1.284,0.28256,False
node_1,union10,leafy,4,5,177,2.921,1.369,0.30482,False
node_1,union10,grape,4,5,177,2.921,1.369,0.30737,False
node_1,union10,amber,4,5,177,2.921,1.369,0.30775,False
node_1,union10,almond,4,5,177,2.921,1.369,0.30786,False
node_1,union10,sulfurous,9,13,177,7.594,1.185,0.30836,False
node_1,union10,coumarinic,4,5,177,2.921,1.369,0.30906,False
node_1,union10,potato,4,5,177,2.921,1.369,0.3093,False
node_1,union10,cocoa,4,5,177,2.921,1.369,0.31062,False
node_1,union10,cooling,4,5,177,2.921,1.369,0.31083,False
node_1,union10,muguet,2,2,177,1.168,1.712,0.33843,False
node_1,union10,horseradish,2,2,177,1.168,1.712,0.33929,False
node_1,union10,hawthorn,2,2,177,1.168,1.712,0.33955,False
node_1,union10,beefy,2,2,177,1.168,1.712,0.33964,False
node_1,union10,raspberry,2,2,177,1.168,1.712,0.34005,False
node_1,union10,anise,2,2,177,1.168,1.712,0.34064,False
node_1,union10,peppery,2,2,177,1.168,1.712,0.34066,False
node_1,union10,brothy,2,2,177,1.168,1.712,0.34074,False
node_1,union10,grapefruit,2,2,177,1.168,1.712,0.34076,False
node_1,union10,jammy,2,2,177,1.168,1.712,0.34174,False
node_1,union10,green,39,64,177,37.386,1.043,0.37479,False
node_1,union10,chicken,5,7,177,4.089,1.223,0.38475,False
node_1,union10,onion,5,7,177,4.089,1.223,0.38632,False
node_1,union10,fruity,47,78,177,45.564,1.032,0.40394,False
node_1,union10,roasted,6,9,177,5.257,1.141,0.44249,False
node_1,union10,chocolate,3,4,177,2.337,1.284,0.44508,False
node_1,union10,lactonic,3,4,177,2.337,1.284,0.4483,False
node_1,union10,vanilla,3,4,177,2.337,1.284,0.44945,False
node_1,union10,tropical,11,18,177,10.515,1.046,0.50787,False
node_1,union10,cucumber,4,6,177,3.505,1.141,0.50874,False
node_1,union10,strawberry,4,6,177,3.505,1.141,0.51315,False
node_1,union10,tobacco,5,8,177,4.673,1.07,0.5553,False
node_1,union10,leathery,1,1,177,0.584,1.712,0.58199,False
node_1,union10,orangeflower,1,1,177,0.584,1.712,0.58208,False
node_1,union10,cortex,1,1,177,0.584,1.712,0.583,False
node_1,union10,malty,1,1,177,0.584,1.712,0.58413,False
node_1,union10,aromatic,1,1,177,0.584,1.712,0.58457,False
node_1,union10,lavender,1,1,177,0.584,1.712,0.58461,False
node_1,union10,celery,1,1,177,0.584,1.712,0.58486,False
node_1,union10,marine,1,1,177,0.584,1.712,0.58747,False
node_1,union10,animal,6,10,177,5.842,1.027,0.59198,False
node_1,union10,burnt,6,10,177,5.842,1.027,0.59463,False
node_1,union10,pear,6,10,177,5.842,1.027,0.59477,False
node_1,union10,citrus,15,26,177,15.188,0.988,0.61462,False
node_1,union10,natural,2,3,177,1.752,1.141,0.62258,False
node_1,union10,ethereal,2,3,177,1.752,1.141,0.62448,False
node_1,union10,ozone,2,3,177,1.752,1.141,0.62508,False
node_1,union10,garlic,2,3,177,1.752,1.141,0.62653,False
node_1,union10,ripe,2,3,177,1.752,1.141,0.6276,False
node_1,union10,caramellic,3,5,177,2.921,1.027,0.65604,False
node_1,union10,lemon,3,5,177,2.921,1.027,0.65651,False
node_1,union10,nutty,10,18,177,10.515,0.951,0.69348,False
node_1,union10,sharp,6,11,177,6.426,0.934,0.71888,False
node_1,union10,musty,6,11,177,6.426,0.934,0.71934,False
node_1,union10,vegetable,10,19,177,11.099,0.901,0.77852,False
node_1,union10,orris,3,6,177,3.505,0.856,0.79929,False
node_1,union10,alliaceous,2,4,177,2.337,0.856,0.8038,False
node_1,union10,radish,1,2,177,1.168,0.856,0.82703,False
node_1,union10,popcorn,1,2,177,1.168,0.856,0.82727,False
node_1,union10,geranium,1,2,177,1.168,0.856,0.8281,False
node_1,union10,brown,1,2,177,1.168,0.856,0.82835,False
node_1,union10,cooked,1,2,177,1.168,0.856,0.82835,False
node_1,union10,bready,1,2,177,1.168,0.856,0.82876,False
node_1,union10,savory,2,5,177,2.921,0.685,0.90134,False
node_1,union10,grassy,2,5,177,2.921,0.685,0.90172,False
node_1,union10,apricot,2,5,177,2.921,0.685,0.90222,False
node_1,union10,metallic,2,5,177,2.921,0.685,0.90241,False
node_1,union10,peach,2,5,177,2.921,0.685,0.90286,False
node_1,union10,cabbage,2,5,177,2.921,0.685,0.90366,False
node_1,union10,estery,1,3,177,1.752,0.571,0.92915,False
node_1,union10,hazelnut,1,3,177,1.752,0.571,0.92998,False
node_1,union10,aldehydic,8,18,177,10.515,0.761,0.93019,False
node_1,union10,pungent,5,12,177,7.01,0.713,0.93163,False
node_1,union10,orange,4,11,177,6.426,0.622,0.96537,False
node_1,union10,fermented,1,4,177,2.337,0.428,0.97041,False
node_1,union10,soapy,1,4,177,2.337,0.428,0.97063,False
node_1,union10,smoky,1,4,177,2.337,0.428,0.97117,False
node_1,union10,oily,10,24,177,14.02,0.713,0.97401,False
node_1,union10,pineapple,3,12,177,7.01,0.428,0.9963,False
node_1,union10,coconut,3,12,177,7.01,0.428,0.99684,False
node_1,union10,winey,1,7,177,4.089,0.245,0.99793,False
node_1,union10,milky,2,10,177,5.842,0.342,0.99806,False
node_1,union10,creamy,6,21,177,12.267,0.489,0.99904,False
node_1,union10,buttery,1,10,177,5.842,0.171,0.99989,False
node_1,union10,fatty,17,53,177,30.96,0.549,0.99998,False
node_1,union10,waxy,14,45,177,26.287,0.533,0.99999,False
node_1,union10,cheesy,3,22,177,12.851,0.233,1.0,False
node_1,union10,dairy,2,17,177,9.931,0.201,1.0,False
node_12,union10,meaty,7,10,77,2.541,2.755,0.00344,True
node_12,union10,sulfurous,8,13,77,3.304,2.422,0.00574,True
node_12,union10,phenolic,6,9,77,2.287,2.623,0.00965,True
node_12,union10,sweet,32,93,77,23.634,1.354,0.01305,False
node_12,union10,medicinal,5,7,77,1.779,2.811,0.01335,False
node_12,union10,grape,4,5,77,1.271,3.148,0.01571,False
node_12,union10,mint,3,3,77,0.762,3.935,0.01585,False
node_12,union10,tea,3,3,77,0.762,3.935,0.01591,False
node_12,union10,minty,5,8,77,2.033,2.459,0.02698,False
node_12,union10,berry,5,8,77,2.033,2.459,0.02772,False
node_12,union10,floral,21,58,77,14.739,1.425,0.02974,False
node_12,union10,dry,4,6,77,1.525,2.623,0.03799,False
node_12,union10,horseradish,2,2,77,0.508,3.935,0.06353,False
node_12,union10,beefy,2,2,77,0.508,3.935,0.0636,False
node_12,union10,grapefruit,2,2,77,0.508,3.935,0.06363,False
node_12,union10,jammy,2,2,77,0.508,3.935,0.06408,False
node_12,union10,onion,4,7,77,1.779,2.249,0.07371,False
node_12,union10,burnt,5,10,77,2.541,1.968,0.07978,False
node_12,union10,spicy,8,20,77,5.083,1.574,0.1014,False
node_12,union10,cooling,3,5,77,1.271,2.361,0.10613,False
node_12,union10,caramellic,3,5,77,1.271,2.361,0.1066,False
node_12,union10,amber,3,5,77,1.271,2.361,0.10749,False
node_12,union10,tobacco,4,8,77,2.033,1.968,0.11739,False
node_12,union10,plum,4,8,77,2.033,1.968,0.11747,False
node_12,union10,coffee,4,8,77,2.033,1.968,0.1178,False
node_12,union10,woody,11,31,77,7.878,1.396,0.1278,False
node_12,union10,clove,2,3,77,0.762,2.623,0.15789,False
node_12,union10,ketonic,2,3,77,0.762,2.623,0.15922,False
node_12,union10,mushroom,2,3,77,0.762,2.623,0.15959,False
node_12,union10,violet,2,3,77,0.762,2.623,0.16002,False
node_12,union10,chemical,2,3,77,0.762,2.623,0.16023,False
node_12,union10,mentholic,2,3,77,0.762,2.623,0.16116,False
node_12,union10,garlic,2,3,77,0.762,2.623,0.1621,False
node_12,union10,musk,5,12,77,3.05,1.64,0.16359,False
node_12,union10,camphoreous,4,9,77,2.287,1.749,0.16961,False
node_12,union10,roasted,4,9,77,2.287,1.749,0.17145,False
node_12,union10,strawberry,3,6,77,1.525,1.968,0.17321,False
node_12,union10,rose,7,19,77,4.828,1.45,0.17955,False
node_12,union10,powdery,6,17,77,4.32,1.389,0.24206,False
node_12,union10,orangeflower,1,1,77,0.254,3.935,0.25119,False
node_12,union10,malty,1,1,77,0.254,3.935,0.25336,False
node_12,union10,leathery,1,1,77,0.254,3.935,0.25417,False
node_12,union10,lavender,1,1,77,0.254,3.935,0.25453,False
node_12,union10,warm,2,4,77,1.017,1.968,0.26752,False
node_12,union10,alliaceous,2,4,77,1.017,1.968,0.27013,False
node_12,union10,almond,2,5,77,1.271,1.574,0.37413,False
node_12,union10,metallic,2,5,77,1.271,1.574,0.37513,False
node_12,union10,savory,2,5,77,1.271,1.574,0.37523,False
node_12,union10,cabbage,2,5,77,1.271,1.574,0.37551,False
node_12,union10,cocoa,2,5,77,1.271,1.574,0.37754,False
node_12,union10,herbal,8,28,77,7.116,1.124,0.41648,False
node_12,union10,raspberry,1,2,77,0.508,1.968,0.44163,False
node_12,union10,geranium,1,2,77,0.508,1.968,0.44411,False
node_12,union10,radish,1,2,77,0.508,1.968,0.44417,False
node_12,union10,cooked,1,2,77,0.508,1.968,0.44466,False
node_12,union10,brown,1,2,77,0.508,1.968,0.44469,False
node_12,union10,bready,1,2,77,0.508,1.968,0.44506,False
node_12,union10,hawthorn,1,2,77,0.508,1.968,0.44665,False
node_12,union10,orris,2,6,77,1.525,1.312,0.47574,False
node_12,union10,tropical,5,18,77,4.574,1.093,0.49973,False
node_12,union10,balsamic,6,23,77,5.845,1.027,0.55624,False
node_12,union10,musty,3,11,77,2.795,1.073,0.56185,False
node_12,union10,chicken,2,7,77,1.779,1.124,0.56607,False
node_12,union10,cherry,2,7,77,1.779,1.124,0.56718,False
node_12,union10,solvent,1,3,77,0.762,1.312,0.58323,False
node_12,union10,cedar,1,3,77,0.762,1.312,0.58573,False
node_12,union10,ripe,1,3,77,0.762,1.312,0.58642,False
node_12,union10,natural,1,3,77,0.762,1.312,0.58712,False
node_12,union10,clean,1,3,77,0.762,1.312,0.58873,False
node_12,union10,earthy,3,12,77,3.05,0.984,0.62486,False
node_12,union10,pungent,3,12,77,3.05,0.984,0.62681,False
node_12,union10,jasmine,2,8,77,2.033,0.984,0.64678,False
node_12,union10,fruity,19,78,77,19.822,0.959,0.65075,False
node_12,union10,vanilla,1,4,77,1.017,0.984,0.69328,False
node_12,union10,lactonic,1,4,77,1.017,0.984,0.69372,False
node_12,union10,soapy,1,4,77,1.017,0.984,0.69425,False
node_12,union10,smoky,1,4,77,1.017,0.984,0.69444,False
node_12,union10,honey,2,9,77,2.287,0.874,0.71269,False
node_12,union10,vegetable,4,19,77,4.828,0.828,0.7584,False
node_12,union10,animal,2,10,77,2.541,0.787,0.76937,False
node_12,union10,potato,1,5,77,1.271,0.787,0.77183,False
node_12,union10,hay,1,5,77,1.271,0.787,0.773,False
node_12,union10,coumarinic,1,5,77,1.271,0.787,0.77373,False
node_12,union10,apple,3,15,77,3.812,0.787,0.78026,False
node_12,union10,orange,2,11,77,2.795,0.715,0.81459,False
node_12,union10,cinnamon,1,6,77,1.525,0.656,0.83088,False
node_12,union10,jasmin,1,6,77,1.525,0.656,0.83115,False
node_12,union10,winey,1,7,77,1.779,0.562,0.87644,False
node_12,union10,nutty,3,18,77,4.574,0.656,0.87924,False
node_12,union10,pear,1,10,77,2.541,0.394,0.94985,False
node_12,union10,banana,1,14,77,3.558,0.281,0.98498,False
node_12,union10,creamy,2,21,77,5.337,0.375,0.98563,False
node_12,union10,citrus,2,26,77,6.607,0.303,0.99605,False
node_12,union10,cheesy,1,22,77,5.591,0.179,0.99868,False
node_12,union10,fresh,3,37,77,9.403,0.319,0.99887,False
node_12,union10,green,8,64,77,16.264,0.492,0.99889,False
node_12,union10,oily,1,24,77,6.099,0.164,0.99927,False
node_12,union10,waxy,2,45,77,11.436,0.175,0.99999,False
node_12,union10,fatty,2,53,77,13.469,0.148,1.0,False
node_2,union10,sour,14,16,130,6.865,2.039,0.00025,True
node_2,union10,odorless,10,11,130,4.719,2.119,0.0012,True
node_2,union10,waxy,28,45,130,19.307,1.45,0.00354,True
node_2,union10,coconut,10,12,130,5.149,1.942,0.00464,True
node_2,union10,soapy,4,4,130,1.716,2.331,0.03262,False
node_2,union10,cheesy,14,22,130,9.439,1.483,0.03537,False
node_2,union10,dairy,11,17,130,7.294,1.508,0.05382,False
node_2,union10,creamy,13,21,130,9.01,1.443,0.05597,False
node_2,union10,pineapple,8,12,130,5.149,1.554,0.08137,False
node_2,union10,rummy,2,2,130,0.858,2.331,0.18257,False
node_2,union10,grapefruit,2,2,130,0.858,2.331,0.18347,False
node_2,union10,fatty,26,53,130,22.739,1.143,0.1976,False
node_2,union10,lactonic,3,4,130,1.716,1.748,0.21248,False
node_2,union10,milky,6,10,130,4.29,1.398,0.21707,False
node_2,union10,acidic,5,8,130,3.432,1.457,0.21864,False
node_2,union10,sharp,6,11,130,4.719,1.271,0.31121,False
node_2,union10,winey,4,7,130,3.003,1.332,0.34606,False
node_2,union10,coumarinic,3,5,130,2.145,1.398,0.36737,False
node_2,union10,peach,3,5,130,2.145,1.398,0.36754,False
node_2,union10,clove,2,3,130,1.287,1.554,0.3946,False
node_2,union10,estery,2,3,130,1.287,1.554,0.39546,False
node_2,union10,lavender,1,1,130,0.429,2.331,0.42902,False
node_2,union10,malty,1,1,130,0.429,2.331,0.42937,False
node_2,union10,cortex,1,1,130,0.429,2.331,0.43012,False
node_2,union10,brandy,1,1,130,0.429,2.331,0.43049,False
node_2,union10,buttery,5,10,130,4.29,1.165,0.44088,False
node_2,union10,chocolate,2,4,130,1.716,1.165,0.57253,False
node_2,union10,fermented,2,4,130,1.716,1.165,0.57541,False
node_2,union10,musk,5,12,130,5.149,0.971,0.6464,False
node_2,union10,brown,1,2,130,0.858,1.165,0.67433,False
node_2,union10,radish,1,2,130,0.858,1.165,0.67503,False
node_2,union10,muguet,1,2,130,0.858,1.165,0.6756,False
node_2,union10,animal,4,10,130,4.29,0.932,0.68952,False
node_2,union10,pear,4,10,130,4.29,0.932,0.69215,False
node_2,union10,apricot,2,5,130,2.145,0.932,0.71071,False
node_2,union10,leafy,2,5,130,2.145,0.932,0.71323,False
node_2,union10,almond,2,5,130,2.145,0.932,0.71351,False
node_2,union10,lemon,2,5,130,2.145,0.932,0.71429,False
node_2,union10,tobacco,3,8,130,3.432,0.874,0.74236,False
node_2,union10,orange,4,11,130,4.719,0.848,0.77024,False
node_2,union10,rose,7,19,130,8.152,0.859,0.78504,False
node_2,union10,orris,2,6,130,2.574,0.777,0.81052,False
node_2,union10,strawberry,2,6,130,2.574,0.777,0.8115,False
node_2,union10,ethereal,1,3,130,1.287,0.777,0.81422,False
node_2,union10,tea,1,3,130,1.287,0.777,0.81469,False
node_2,union10,mint,1,3,130,1.287,0.777,0.81542,False
node_2,union10,ripe,1,3,130,1.287,0.777,0.81571,False
node_2,union10,mentholic,1,3,130,1.287,0.777,0.81636,False
node_2,union10,clean,1,3,130,1.287,0.777,0.81714,False
node_2,union10,lily,1,3,130,1.287,0.777,0.81724,False
node_2,union10,honey,3,9,130,3.861,0.777,0.82432,False
node_2,union10,pungent,4,12,130,5.149,0.777,0.83671,False
node_2,union10,aldehydic,6,18,130,7.723,0.777,0.86202,False
node_2,union10,tropical,6,18,130,7.723,0.777,0.86211,False
node_2,union10,cognac,1,4,130,1.716,0.583,0.89395,False
node_2,union10,hyacinth,1,4,130,1.716,0.583,0.89496,False
node_2,union10,vanilla,1,4,130,1.716,0.583,0.89687,False
node_2,union10,smoky,1,4,130,1.716,0.583,0.89723,False
node_2,union10,banana,4,14,130,6.007,0.666,0.91896,False
node_2,union10,berry,2,8,130,3.432,0.583,0.92307,False
node_2,union10,powdery,5,17,130,7.294,0.686,0.92354,False
node_2,union10,citrus,8,26,130,11.155,0.717,0.93621,False
node_2,union10,grassy,1,5,130,2.145,0.466,0.93996,False
node_2,union10,amber,1,5,130,2.145,0.466,0.94051,False
node_2,union10,cabbage,1,5,130,2.145,0.466,0.94079,False
node_2,union10,cocoa,1,5,130,2.145,0.466,0.94157,False
node_2,union10,cooling,1,5,130,2.145,0.466,0.94263,False
node_2,union10,oily,7,24,130,10.297,0.68,0.95127,False
node_2,union10,phenolic,2,9,130,3.861,0.518,0.95242,False
node_2,union10,dry,1,6,130,2.574,0.388,0.96656,False
node_2,union10,cinnamon,1,6,130,2.574,0.388,0.96668,False
node_2,union10,cucumber,1,6,130,2.574,0.388,0.96716,False
node_2,union10,sweet,33,93,130,39.901,0.827,0.96895,False
node_2,union10,floral,19,58,130,24.884,0.764,0.97145,False
node_2,union10,balsamic,6,23,130,9.868,0.608,0.97455,False
node_2,union10,cherry,1,7,130,3.003,0.333,0.98129,False
node_2,union10,musty,2,11,130,4.719,0.424,0.98309,False
node_2,union10,nutty,4,18,130,7.723,0.518,0.98439,False
node_2,union10,apple,3,15,130,6.436,0.466,0.98556,False
node_2,union10,minty,1,8,130,3.432,0.291,0.98921,False
node_2,union10,melon,1,8,130,3.432,0.291,0.98933,False
node_2,union10,fruity,24,78,130,33.465,0.717,0.99622,False
node_2,union10,burnt,1,10,130,4.29,0.233,0.99682,False
node_2,union10,green,18,64,130,27.459,0.656,0.99801,False
node_2,union10,vegetable,3,19,130,8.152,0.368,0.99805,False
node_2,union10,spicy,3,20,130,8.581,0.35,0.99868,False
node_2,union10,earthy,1,12,130,5.149,0.194,0.99898,False
node_2,union10,sulfurous,1,13,130,5.578,0.179,0.99942,False
node_2,union10,fresh,7,37,130,15.875,0.441,0.99971,False
node_2,union10,herbal,3,28,130,12.013,0.25,0.99998,False
node_2,union10,woody,3,31,130,13.3,0.226,1.0,False
node_21,union10,sweet,28,93,60,18.416,1.52,0.0028,True
node_21,union10,tea,3,3,60,0.594,5.05,0.00732,True
node_21,union10,dry,4,6,60,1.188,3.367,0.01557,False
node_21,union10,floral,18,58,60,11.485,1.567,0.01705,False
node_21,union10,grapefruit,2,2,60,0.396,5.05,0.03882,False
node_21,union10,berry,4,8,60,1.584,2.525,0.05166,False
node_21,union10,plum,4,8,60,1.584,2.525,0.05232,False
node_21,union10,tobacco,4,8,60,1.584,2.525,0.05238,False
node_21,union10,minty,4,8,60,1.584,2.525,0.05248,False
node_21,union10,grape,3,5,60,0.99,3.03,0.05467,False
node_21,union10,amber,3,5,60,0.99,3.03,0.05575,False
node_21,union10,woody,10,31,60,6.139,1.629,0.05991,False
node_21,union10,musk,5,12,60,2.376,2.104,0.0667,False
node_21,union10,phenolic,4,9,60,1.782,2.244,0.07972,False
node_21,union10,clove,2,3,60,0.594,3.367,0.09901,False
node_21,union10,mentholic,2,3,60,0.594,3.367,0.10098,False
node_21,union10,violet,2,3,60,0.594,3.367,0.10116,False
node_21,union10,mint,2,3,60,0.594,3.367,0.10139,False
node_21,union10,medicinal,3,7,60,1.386,2.164,0.14068,False
node_21,union10,onion,3,7,60,1.386,2.164,0.14316,False
node_21,union10,rose,6,19,60,3.762,1.595,0.15208,False
node_21,union10,lactonic,2,4,60,0.792,2.525,0.17595,False
node_21,union10,warm,2,4,60,0.792,2.525,0.17658,False
node_21,union10,spicy,6,20,60,3.96,1.515,0.18241,False
node_21,union10,malty,1,1,60,0.198,5.05,0.1962,False
node_21,union10,leathery,1,1,60,0.198,5.05,0.19716,False
node_21,union10,lavender,1,1,60,0.198,5.05,0.19923,False
node_21,union10,fruity,18,78,60,15.446,1.165,0.24593,False
node_21,union10,almond,2,5,60,0.99,2.02,0.25745,False
node_21,union10,caramellic,2,5,60,0.99,2.02,0.25927,False
node_21,union10,cabbage,2,5,60,0.99,2.02,0.25942,False
node_21,union10,cooling,2,5,60,0.99,2.02,0.26013,False
node_21,union10,meaty,3,10,60,1.98,1.515,0.31526,False
node_21,union10,orris,2,6,60,1.188,1.683,0.34012,False
node_21,union10,strawberry,2,6,60,1.188,1.683,0.34183,False
node_21,union10,raspberry,1,2,60,0.396,2.525,0.35499,False
node_21,union10,jammy,1,2,60,0.396,2.525,0.35733,False
node_21,union10,hawthorn,1,2,60,0.396,2.525,0.35911,False
node_21,union10,cherry,2,7,60,1.386,1.443,0.41902,False
node_21,union10,powdery,4,17,60,3.366,1.188,0.44475,False
node_21,union10,ketonic,1,3,60,0.594,1.683,0.48223,False
node_21,union10,natural,1,3,60,0.594,1.683,0.48446,False
node_21,union10,cedar,1,3,60,0.594,1.683,0.48498,False
node_21,union10,mushroom,1,3,60,0.594,1.683,0.48501,False
node_21,union10,chemical,1,3,60,0.594,1.683,0.4853,False
node_21,union10,garlic,1,3,60,0.594,1.683,0.48742,False
node_21,union10,clean,1,3,60,0.594,1.683,0.48876,False
node_21,union10,coffee,2,8,60,1.584,1.262,0.49138,False
node_21,union10,tropical,4,18,60,3.564,1.122,0.49261,False
node_21,union10,sulfurous,3,13,60,2.574,1.165,0.49289,False
node_21,union10,balsamic,5,23,60,4.554,1.098,0.4933,False
node_21,union10,herbal,6,28,60,5.545,1.082,0.49386,False
node_21,union10,jasmine,2,8,60,1.584,1.262,0.49463,False
node_21,union10,roasted,2,9,60,1.782,1.122,0.56165,False
node_21,union10,honey,2,9,60,1.782,1.122,0.56187,False
node_21,union10,soapy,1,4,60,0.792,1.262,0.58861,False
node_21,union10,vanilla,1,4,60,0.792,1.262,0.58929,False
node_21,union10,alliaceous,1,4,60,0.792,1.262,0.58954,False
node_21,union10,peach,1,5,60,0.99,1.01,0.66916,False
node_21,union10,metallic,1,5,60,0.99,1.01,0.66934,False
node_21,union10,cocoa,1,5,60,0.99,1.01,0.67011,False
node_21,union10,leafy,1,5,60,0.99,1.01,0.67089,False
node_21,union10,coumarinic,1,5,60,0.99,1.01,0.6721,False
node_21,union10,potato,1,5,60,0.99,1.01,0.67213,False
node_21,union10,hay,1,5,60,0.99,1.01,0.6733,False
node_21,union10,musty,2,11,60,2.178,0.918,0.67899,False
node_21,union10,earthy,2,12,60,2.376,0.842,0.72524,False
node_21,union10,cinnamon,1,6,60,1.188,0.842,0.73757,False
node_21,union10,cucumber,1,6,60,1.188,0.842,0.7383,False
node_21,union10,vegetable,3,19,60,3.762,0.797,0.76439,False
node_21,union10,chicken,1,7,60,1.386,0.721,0.78848,False
node_21,union10,winey,1,7,60,1.386,0.721,0.79161,False
node_21,union10,creamy,3,21,60,4.158,0.721,0.82686,False
node_21,union10,apple,2,15,60,2.97,0.673,0.83471,False
node_21,union10,camphoreous,1,9,60,1.782,0.561,0.86723,False
node_21,union10,animal,1,10,60,1.98,0.505,0.89274,False
node_21,union10,burnt,1,10,60,1.98,0.505,0.89298,False
node_21,union10,milky,1,10,60,1.98,0.505,0.89351,False
node_21,union10,buttery,1,10,60,1.98,0.505,0.89365,False
node_21,union10,pear,1,10,60,1.98,0.505,0.89493,False
node_21,union10,nutty,2,18,60,3.564,0.561,0.90416,False
node_21,union10,orange,1,11,60,2.178,0.459,0.91563,False
node_21,union10,coconut,1,12,60,2.376,0.421,0.93252,False
node_21,union10,pungent,1,12,60,2.376,0.421,0.9332,False
node_21,union10,banana,1,14,60,2.772,0.361,0.95815,False
node_21,union10,fresh,4,37,60,7.327,0.546,0.96187,False
node_21,union10,oily,2,24,60,4.752,0.421,0.96888,False
node_21,union10,green,8,64,60,12.673,0.631,0.9718,False
node_21,union10,dairy,1,17,60,3.366,0.297,0.9785,False
node_21,union10,citrus,2,26,60,5.149,0.388,0.97959,False
node_21,union10,fatty,4,53,60,10.495,0.381,0.99778,False
node_21,union10,waxy,3,45,60,8.911,0.337,0.99804,False
node_3,union10,spicy,15,20,113,7.459,2.011,0.00034,True
node_3,union10,minty,7,8,113,2.983,2.346,0.00478,True
node_3,union10,woody,18,31,113,11.561,1.557,0.01072,False
node_3,union10,warm,4,4,113,1.492,2.681,0.01842,False
node_3,union10,floral,29,58,113,21.63,1.341,0.02051,False
node_3,union10,terpenic,5,6,113,2.238,2.235,0.02863,False
node_3,union10,berry,6,8,113,2.983,2.011,0.03335,False
node_3,union10,plum,6,8,113,2.983,2.011,0.03411,False
node_3,union10,sweet,42,93,113,34.683,1.211,0.04002,False
node_3,union10,herbal,15,28,113,10.442,1.436,0.04912,False
node_3,union10,mint,3,3,113,1.119,2.681,0.05087,False
node_3,union10,violet,3,3,113,1.119,2.681,0.05126,False
node_3,union10,tea,3,3,113,1.119,2.681,0.05146,False
node_3,union10,grape,4,5,113,1.865,2.145,0.06546,False
node_3,union10,medicinal,5,7,113,2.611,1.915,0.06907,False
node_3,union10,honey,6,9,113,3.356,1.788,0.07014,False
node_3,union10,meaty,6,10,113,3.729,1.609,0.12099,False
node_3,union10,tobacco,5,8,113,2.983,1.676,0.13138,False
node_3,union10,jasmine,5,8,113,2.983,1.676,0.1323,False
node_3,union10,coffee,5,8,113,2.983,1.676,0.13278,False
node_3,union10,horseradish,2,2,113,0.746,2.681,0.13641,False
node_3,union10,beefy,2,2,113,0.746,2.681,0.13671,False
node_3,union10,raspberry,2,2,113,0.746,2.681,0.13674,False
node_3,union10,grapefruit,2,2,113,0.746,2.681,0.13677,False
node_3,union10,anise,2,2,113,0.746,2.681,0.13708,False
node_3,union10,jammy,2,2,113,0.746,2.681,0.13873,False
node_3,union10,dry,4,6,113,2.238,1.788,0.14105,False
node_3,union10,cinnamon,4,6,113,2.238,1.788,0.14204,False
node_3,union10,anisic,3,4,113,1.492,2.011,0.14714,False
node_3,union10,sulfurous,7,13,113,4.848,1.444,0.16544,False
node_3,union10,camphoreous,5,9,113,3.356,1.49,0.20853,False
node_3,union10,phenolic,5,9,113,3.356,1.49,0.20863,False
node_3,union10,roasted,5,9,113,3.356,1.49,0.20963,False
node_3,union10,onion,4,7,113,2.611,1.532,0.23805,False
node_3,union10,pine,4,7,113,2.611,1.532,0.23824,False
node_3,union10,rose,9,19,113,7.086,1.27,0.24339,False
node_3,union10,musk,6,12,113,4.475,1.341,0.26328,False
node_3,union10,amber,3,5,113,1.865,1.609,0.27001,False
node_3,union10,cooling,3,5,113,1.865,1.609,0.27038,False
node_3,union10,cocoa,3,5,113,1.865,1.609,0.2713,False
node_3,union10,caramellic,3,5,113,1.865,1.609,0.27211,False
node_3,union10,hay,3,5,113,1.865,1.609,0.27233,False
node_3,union10,burnt,5,10,113,3.729,1.341,0.29829,False
node_3,union10,mushroom,2,3,113,1.119,1.788,0.31137,False
node_3,union10,clove,2,3,113,1.119,1.788,0.31196,False
node_3,union10,ketonic,2,3,113,1.119,1.788,0.31208,False
node_3,union10,cedar,2,3,113,1.119,1.788,0.31215,False
node_3,union10,clean,2,3,113,1.119,1.788,0.31242,False
node_3,union10,chemical,2,3,113,1.119,1.788,0.31298,False
node_3,union10,garlic,2,3,113,1.119,1.788,0.31324,False
node_3,union10,mentholic,2,3,113,1.119,1.788,0.31326,False
node_3,union10,lavender,1,1,113,0.373,2.681,0.37203,False
node_3,union10,leathery,1,1,113,0.373,2.681,0.37332,False
node_3,union10,malty,1,1,113,0.373,2.681,0.37335,False
node_3,union10,aromatic,1,1,113,0.373,2.681,0.37433,False
node_3,union10,celery,1,1,113,0.373,2.681,0.37525,False
node_3,union10,orris,3,6,113,2.238,1.341,0.39846,False
node_3,union10,strawberry,3,6,113,2.238,1.341,0.39892,False
node_3,union10,jasmin,3,6,113,2.238,1.341,0.40198,False
node_3,union10,alliaceous,2,4,113,1.492,1.341,0.4779,False
node_3,union10,pungent,5,12,113,4.475,1.117,0.48306,False
node_3,union10,earthy,5,12,113,4.475,1.117,0.4835,False
node_3,union10,apple,6,15,113,5.594,1.073,0.50803,False
node_3,union10,balsamic,9,23,113,8.578,1.049,0.51056,False
node_3,union10,cherry,3,7,113,2.611,1.149,0.52011,False
node_3,union10,fresh,14,37,113,13.799,1.015,0.5361,False
node_3,union10,vegetable,7,19,113,7.086,0.988,0.60292,False
node_3,union10,popcorn,1,2,113,0.746,1.341,0.60692,False
node_3,union10,brown,1,2,113,0.746,1.341,0.60725,False
node_3,union10,radish,1,2,113,0.746,1.341,0.60755,False
node_3,union10,cooked,1,2,113,0.746,1.341,0.60799,False
node_3,union10,bready,1,2,113,0.746,1.341,0.60882,False
node_3,union10,geranium,1,2,113,0.746,1.341,0.60927,False
node_3,union10,muguet,1,2,113,0.746,1.341,0.60964,False
node_3,union10,hawthorn,1,2,113,0.746,1.341,0.61115,False
node_3,union10,almond,2,5,113,1.865,1.073,0.61509,False
node_3,union10,grassy,2,5,113,1.865,1.073,0.61534,False
node_3,union10,savory,2,5,113,1.865,1.073,0.61535,False
node_3,union10,potato,2,5,113,1.865,1.073,0.61551,False
node_3,union10,cabbage,2,5,113,1.865,1.073,0.61552,False
node_3,union10,leafy,2,5,113,1.865,1.073,0.61671,False
node_3,union10,melon,3,8,113,2.983,1.006,0.6272,False
node_3,union10,musty,4,11,113,4.102,0.975,0.6406,False
node_3,union10,green,23,64,113,23.868,0.964,0.65066,False
node_3,union10,powdery,6,17,113,6.34,0.946,0.66056,False
node_3,union10,fruity,28,78,113,29.089,0.963,0.66541,False
node_3,union10,tropical,6,18,113,6.713,0.894,0.72243,False
node_3,union10,cucumber,2,6,113,2.238,0.894,0.72542,False
node_3,union10,solvent,1,3,113,1.119,0.894,0.75284,False
node_3,union10,ethereal,1,3,113,1.119,0.894,0.75294,False
node_3,union10,natural,1,3,113,1.119,0.894,0.75346,False
node_3,union10,ripe,1,3,113,1.119,0.894,0.75416,False
node_3,union10,ozone,1,3,113,1.119,0.894,0.75492,False
node_3,union10,hazelnut,1,3,113,1.119,0.894,0.75664,False
node_3,union10,lily,1,3,113,1.119,0.894,0.75881,False
node_3,union10,animal,3,10,113,3.729,0.804,0.78873,False
node_3,union10,pear,3,10,113,3.729,0.804,0.78953,False
node_3,union10,chicken,2,7,113,2.611,0.766,0.8055,False
node_3,union10,banana,4,14,113,5.221,0.766,0.8327,False
node_3,union10,chocolate,1,4,113,1.492,0.67,0.84665,False
node_3,union10,hyacinth,1,4,113,1.492,0.67,0.84676,False
node_3,union10,soapy,1,4,113,1.492,0.67,0.84734,False
node_3,union10,lactonic,1,4,113,1.492,0.67,0.84806,False
node_3,union10,vanilla,1,4,113,1.492,0.67,0.84842,False
node_3,union10,metallic,1,5,113,1.865,0.536,0.90479,False
node_3,union10,lemon,1,5,113,1.865,0.536,0.90481,False
node_3,union10,coumarinic,1,5,113,1.865,0.536,0.90685,False
node_3,union10,citrus,7,26,113,9.696,0.722,0.91471,False
node_3,union10,nutty,4,18,113,6.713,0.596,0.95162,False
node_3,union10,sharp,2,11,113,4.102,0.488,0.9581,False
node_3,union10,orange,2,11,113,4.102,0.488,0.95945,False
node_3,union10,winey,1,7,113,2.611,0.383,0.96398,False
node_3,union10,aldehydic,3,18,113,6.713,0.447,0.98733,False
node_3,union10,oily,4,24,113,8.95,0.447,0.99405,False
node_3,union10,creamy,2,21,113,7.832,0.255,0.99941,False
node_3,union10,cheesy,2,22,113,8.205,0.244,0.99971,False
node_3,union10,fatty,9,53,113,19.766,0.455,0.99988,False
node_3,union10,waxy,5,45,113,16.782,0.298,1.0,False
node_32,union10,grape,4,5,67,1.106,3.618,0.00928,True
node_32,union10,sweet,29,93,67,20.564,1.41,0.0096,True
node_32,union10,mint,3,3,67,0.663,4.522,0.01021,False
node_32,union10,tea,3,3,67,0.663,4.522,0.01041,False
node_32,union10,minty,5,8,67,1.769,2.826,0.01423,False
node_32,union10,tobacco,5,8,67,1.769,2.826,0.01449,False
node_32,union10,plum,5,8,67,1.769,2.826,0.01482,False
node_32,union10,dry,4,6,67,1.327,3.015,0.02364,False
node_32,union10,floral,19,58,67,12.825,1.481,0.02624,False
node_32,union10,sulfurous,6,13,67,2.875,2.087,0.04389,False
node_32,union10,horseradish,2,2,67,0.442,4.522,0.04786,False
node_32,union10,grapefruit,2,2,67,0.442,4.522,0.04802,False
node_32,union10,beefy,2,2,67,0.442,4.522,0.0482,False
node_32,union10,amber,3,5,67,1.106,2.713,0.07457,False
node_32,union10,berry,4,8,67,1.769,2.261,0.0746,False
node_32,union10,rose,7,19,67,4.201,1.666,0.09915,False
node_32,union10,musk,5,12,67,2.653,1.884,0.10033,False
node_32,union10,phenolic,4,9,67,1.99,2.01,0.112,False
node_32,union10,woody,10,31,67,6.855,1.459,0.11483,False
node_32,union10,clove,2,3,67,0.663,3.015,0.12171,False
node_32,union10,ketonic,2,3,67,0.663,3.015,0.12315,False
node_32,union10,violet,2,3,67,0.663,3.015,0.12404,False
node_32,union10,mentholic,2,3,67,0.663,3.015,0.12466,False
node_32,union10,spicy,7,20,67,4.422,1.583,0.12559,False
node_32,union10,powdery,6,17,67,3.759,1.596,0.14653,False
node_32,union10,meaty,4,10,67,2.211,1.809,0.15708,False
node_32,union10,burnt,4,10,67,2.211,1.809,0.1586,False
node_32,union10,medicinal,3,7,67,1.548,1.938,0.18337,False
node_32,union10,onion,3,7,67,1.548,1.938,0.18533,False
node_32,union10,warm,2,4,67,0.884,2.261,0.21254,False
node_32,union10,orangeflower,1,1,67,0.221,4.522,0.2189,False
node_32,union10,leathery,1,1,67,0.221,4.522,0.22017,False
node_32,union10,malty,1,1,67,0.221,4.522,0.2202,False
node_32,union10,lavender,1,1,67,0.221,4.522,0.22244,False
node_32,union10,coffee,3,8,67,1.769,1.696,0.25084,False
node_32,union10,pungent,4,12,67,2.653,1.507,0.26018,False
node_32,union10,metallic,2,5,67,1.106,1.809,0.30334,False
node_32,union10,almond,2,5,67,1.106,1.809,0.30436,False
node_32,union10,savory,2,5,67,1.106,1.809,0.30544,False
node_32,union10,caramellic,2,5,67,1.106,1.809,0.30672,False
node_32,union10,cabbage,2,5,67,1.106,1.809,0.3068,False
node_32,union10,cooling,2,5,67,1.106,1.809,0.30787,False
node_32,union10,roasted,3,9,67,1.99,1.507,0.31915,False
node_32,union10,raspberry,1,2,67,0.442,2.261,0.39112,False
node_32,union10,radish,1,2,67,0.442,2.261,0.39401,False
node_32,union10,brown,1,2,67,0.442,2.261,0.39426,False
node_32,union10,cooked,1,2,67,0.442,2.261,0.3945,False
node_32,union10,jammy,1,2,67,0.442,2.261,0.39453,False
node_32,union10,geranium,1,2,67,0.442,2.261,0.39461,False
node_32,union10,hawthorn,1,2,67,0.442,2.261,0.39632,False
node_32,union10,orris,2,6,67,1.327,1.507,0.3964,False
node_32,union10,cinnamon,2,6,67,1.327,1.507,0.39865,False
node_32,union10,strawberry,2,6,67,1.327,1.507,0.39879,False
node_32,union10,vegetable,5,19,67,4.201,1.19,0.41309,False
node_32,union10,musty,3,11,67,2.432,1.233,0.45347,False
node_32,union10,fruity,18,78,67,17.248,1.044,0.46116,False
node_32,union10,chicken,2,7,67,1.548,1.292,0.48241,False
node_32,union10,cherry,2,7,67,1.548,1.292,0.48283,False
node_32,union10,earthy,3,12,67,2.653,1.131,0.51655,False
node_32,union10,solvent,1,3,67,0.663,1.507,0.52617,False
node_32,union10,mushroom,1,3,67,0.663,1.507,0.52828,False
node_32,union10,cedar,1,3,67,0.663,1.507,0.52834,False
node_32,union10,natural,1,3,67,0.663,1.507,0.52905,False
node_32,union10,chemical,1,3,67,0.663,1.507,0.52925,False
node_32,union10,garlic,1,3,67,0.663,1.507,0.52963,False
node_32,union10,clean,1,3,67,0.663,1.507,0.53181,False
node_32,union10,herbal,6,28,67,6.191,0.969,0.61623,False
node_32,union10,honey,2,9,67,1.99,1.005,0.62889,False
node_32,union10,camphoreous,2,9,67,1.99,1.005,0.62997,False
node_32,union10,alliaceous,1,4,67,0.884,1.131,0.63382,False
node_32,union10,lactonic,1,4,67,0.884,1.131,0.63415,False
node_32,union10,soapy,1,4,67,0.884,1.131,0.6349,False
node_32,union10,vanilla,1,4,67,0.884,1.131,0.63509,False
node_32,union10,apple,3,15,67,3.317,0.904,0.68156,False
node_32,union10,animal,2,10,67,2.211,0.904,0.68761,False
node_32,union10,cocoa,1,5,67,1.106,0.904,0.7151,False
node_32,union10,leafy,1,5,67,1.106,0.904,0.71552,False
node_32,union10,coumarinic,1,5,67,1.106,0.904,0.7174,False
node_32,union10,potato,1,5,67,1.106,0.904,0.71787,False
node_32,union10,hay,1,5,67,1.106,0.904,0.71825,False
node_32,union10,orange,2,11,67,2.432,0.822,0.73916,False
node_32,union10,cucumber,1,6,67,1.327,0.754,0.78094,False
node_32,union10,nutty,3,18,67,3.98,0.754,0.8015,False
node_32,union10,tropical,3,18,67,3.98,0.754,0.80287,False
node_32,union10,winey,1,7,67,1.548,0.646,0.83129,False
node_32,union10,jasmine,1,8,67,1.769,0.565,0.86757,False
node_32,union10,balsamic,3,23,67,5.086,0.59,0.91974,False
node_32,union10,pear,1,10,67,2.211,0.452,0.92204,False
node_32,union10,creamy,2,21,67,4.644,0.431,0.96789,False
node_32,union10,banana,1,14,67,3.096,0.323,0.97244,False
node_32,union10,oily,2,24,67,5.307,0.377,0.98282,False
node_32,union10,citrus,2,26,67,5.749,0.348,0.98949,False
node_32,union10,fresh,3,37,67,8.182,0.367,0.99548,False
node_32,union10,cheesy,1,22,67,4.865,0.206,0.99649,False
node_32,union10,green,7,64,67,14.152,0.495,0.99721,False
node_32,union10,waxy,3,45,67,9.95,0.301,0.99936,False
node_32,union10,fatty,3,53,67,11.719,0.256,0.99995,False
node_4,union10,sour,16,16,138,7.287,2.196,1e-05,True
node_4,union10,cheesy,20,22,138,10.02,1.996,2e-05,True
node_4,union10,odorless,11,11,138,5.01,2.196,0.00014,True
node_4,union10,waxy,31,45,138,20.495,1.513,0.00067,True
node_4,union10,fatty,35,53,138,24.139,1.45,0.00073,True
node_4,union10,acidic,8,8,138,3.644,2.196,0.00162,True
node_4,union10,dairy,14,17,138,7.743,1.808,0.00162,True
node_4,union10,milky,9,10,138,4.554,1.976,0.00462,True
node_4,union10,buttery,8,10,138,4.554,1.757,0.02762,False
node_4,union10,coconut,9,12,138,5.465,1.647,0.03621,False
node_4,union10,creamy,14,21,138,9.564,1.464,0.03659,False
node_4,union10,soapy,4,4,138,1.822,2.196,0.04163,False
node_4,union10,orange,8,11,138,5.01,1.597,0.06245,False
node_4,union10,pungent,8,12,138,5.465,1.464,0.11407,False
node_4,union10,aldehydic,11,18,138,8.198,1.342,0.12915,False
node_4,union10,peach,4,5,138,2.277,1.757,0.1336,False
node_4,union10,grassy,4,5,138,2.277,1.757,0.13395,False
node_4,union10,winey,5,7,138,3.188,1.568,0.15711,False
node_4,union10,grapefruit,2,2,138,0.911,2.196,0.20737,False
node_4,union10,fermented,3,4,138,1.822,1.647,0.24762,False
node_4,union10,cognac,3,4,138,1.822,1.647,0.24818,False
node_4,union10,oily,13,24,138,10.931,1.189,0.25132,False
node_4,union10,pineapple,7,12,138,5.465,1.281,0.26817,False
node_4,union10,sharp,6,11,138,5.01,1.198,0.37854,False
node_4,union10,citrus,13,26,138,11.842,1.098,0.38955,False
node_4,union10,leafy,3,5,138,2.277,1.317,0.41288,False
node_4,union10,apricot,3,5,138,2.277,1.317,0.41495,False
node_4,union10,cabbage,3,5,138,2.277,1.317,0.41627,False
node_4,union10,clean,2,3,138,1.366,1.464,0.43335,False
node_4,union10,estery,2,3,138,1.366,1.464,0.43551,False
node_4,union10,rum,1,1,138,0.455,2.196,0.45319,False
node_4,union10,weedy,1,1,138,0.455,2.196,0.45469,False
node_4,union10,lavender,1,1,138,0.455,2.196,0.45583,False
node_4,union10,malty,1,1,138,0.455,2.196,0.45622,False
node_4,union10,brandy,1,1,138,0.455,2.196,0.45658,False
node_4,union10,pear,5,10,138,4.554,1.098,0.51165,False
node_4,union10,rose,9,19,138,8.653,1.04,0.52853,False
node_4,union10,orris,3,6,138,2.733,1.098,0.56921,False
node_4,union10,chocolate,2,4,138,1.822,1.098,0.61692,False
node_4,union10,lactonic,2,4,138,1.822,1.098,0.6198,False
node_4,union10,tropical,8,18,138,8.198,0.976,0.62948,False
node_4,union10,brown,1,2,138,0.911,1.098,0.70327,False
node_4,union10,vegetable,8,19,138,8.653,0.924,0.70401,False
node_4,union10,cooked,1,2,138,0.911,1.098,0.70419,False
node_4,union10,radish,1,2,138,0.911,1.098,0.70477,False
node_4,union10,rummy,1,2,138,0.911,1.098,0.70537,False
node_4,union10,muguet,1,2,138,0.911,1.098,0.70585,False
node_4,union10,animal,4,10,138,4.554,0.878,0.74834,False
node_4,union10,lemon,2,5,138,2.277,0.878,0.75441,False
node_4,union10,savory,2,5,138,2.277,0.878,0.75457,False
node_4,union10,apple,6,15,138,6.832,0.878,0.7565,False
node_4,union10,tobacco,3,8,138,3.644,0.823,0.79018,False
node_4,union10,natural,1,3,138,1.366,0.732,0.8378,False
node_4,union10,ethereal,1,3,138,1.366,0.732,0.8387,False
node_4,union10,ozone,1,3,138,1.366,0.732,0.83921,False
node_4,union10,clove,1,3,138,1.366,0.732,0.84043,False
node_4,union10,ripe,1,3,138,1.366,0.732,0.84059,False
node_4,union10,garlic,1,3,138,1.366,0.732,0.84065,False
node_4,union10,lily,1,3,138,1.366,0.732,0.84136,False
node_4,union10,strawberry,2,6,138,2.733,0.732,0.84576,False
node_4,union10,cucumber,2,6,138,2.733,0.732,0.84638,False
node_4,union10,banana,5,14,138,6.376,0.784,0.84849,False
node_4,union10,fruity,32,78,138,35.525,0.901,0.85637,False
node_4,union10,fresh,14,37,138,16.851,0.831,0.87956,False
node_4,union10,musk,4,12,138,5.465,0.732,0.88016,False
node_4,union10,onion,2,7,138,3.188,0.627,0.90486,False
node_4,union10,green,25,64,138,29.149,0.858,0.90592,False
node_4,union10,hyacinth,1,4,138,1.822,0.549,0.91328,False
node_4,union10,smoky,1,4,138,1.822,0.549,0.91442,False
node_4,union10,vanilla,1,4,138,1.822,0.549,0.91465,False
node_4,union10,alliaceous,1,4,138,1.822,0.549,0.91494,False
node_4,union10,berry,2,8,138,3.644,0.549,0.94263,False
node_4,union10,grape,1,5,138,2.277,0.439,0.95249,False
node_4,union10,metallic,1,5,138,2.277,0.439,0.95347,False
node_4,union10,cocoa,1,5,138,2.277,0.439,0.95368,False
node_4,union10,almond,1,5,138,2.277,0.439,0.95401,False
node_4,union10,coumarinic,1,5,138,2.277,0.439,0.95451,False
node_4,union10,phenolic,2,9,138,4.099,0.488,0.96553,False
node_4,union10,honey,2,9,138,4.099,0.488,0.96607,False
node_4,union10,nutty,5,18,138,8.198,0.61,0.96721,False
node_4,union10,cinnamon,1,6,138,2.733,0.366,0.97497,False
node_4,union10,sulfurous,3,13,138,5.921,0.507,0.97768,False
node_4,union10,powdery,4,17,138,7.743,0.517,0.98569,False
node_4,union10,chicken,1,7,138,3.188,0.314,0.98611,False
node_4,union10,musty,2,11,138,5.01,0.399,0.98932,False
node_4,union10,melon,1,8,138,3.644,0.274,0.99268,False
node_4,union10,floral,18,58,138,26.416,0.681,0.99617,False
node_4,union10,roasted,1,9,138,4.099,0.244,0.99632,False
node_4,union10,meaty,1,10,138,4.554,0.22,0.99803,False
node_4,union10,burnt,1,10,138,4.554,0.22,0.9981,False
node_4,union10,herbal,6,28,138,12.752,0.47,0.99856,False
node_4,union10,spicy,3,20,138,9.109,0.329,0.99945,False
node_4,union10,earthy,1,12,138,5.465,0.183,0.99947,False
node_4,union10,sweet,29,93,138,42.356,0.685,0.99981,False
node_4,union10,balsamic,3,23,138,10.475,0.286,0.99991,False
node_4,union10,woody,4,31,138,14.119,0.283,0.99999,False
node_44,union10,berry,5,8,51,1.347,3.713,0.0042,True
node_44,union10,tea,3,3,51,0.505,5.941,0.00465,True
node_44,union10,sweet,24,93,51,15.653,1.533,0.00547,True
node_44,union10,woody,10,31,51,5.218,1.917,0.0203,False
node_44,union10,jammy,2,2,51,0.337,5.941,0.02765,False
node_44,union10,tobacco,4,8,51,1.347,2.971,0.03007,False
node_44,union10,plum,4,8,51,1.347,2.971,0.03029,False
node_44,union10,musk,5,12,51,2.02,2.475,0.03491,False
node_44,union10,grape,3,5,51,0.842,3.565,0.03512,False
node_44,union10,caramellic,3,5,51,0.842,3.565,0.03532,False
node_44,union10,amber,3,5,51,0.842,3.565,0.03607,False
node_44,union10,floral,15,58,51,9.762,1.537,0.03612,False
node_44,union10,phenolic,4,9,51,1.515,2.641,0.04644,False
node_44,union10,strawberry,3,6,51,1.01,2.971,0.06191,False
node_44,union10,dry,3,6,51,1.01,2.971,0.06251,False
node_44,union10,clove,2,3,51,0.505,3.961,0.0731,False
node_44,union10,mentholic,2,3,51,0.505,3.961,0.07467,False
node_44,union10,violet,2,3,51,0.505,3.961,0.07484,False
node_44,union10,mint,2,3,51,0.505,3.961,0.07518,False
node_44,union10,minty,3,8,51,1.347,2.228,0.13564,False
node_44,union10,powdery,5,17,51,2.861,1.747,0.13665,False
node_44,union10,orangeflower,1,1,51,0.168,5.941,0.16592,False
node_44,union10,malty,1,1,51,0.168,5.941,0.166,False
node_44,union10,leathery,1,1,51,0.168,5.941,0.16736,False
node_44,union10,cooling,2,5,51,0.842,2.376,0.19872,False
node_44,union10,almond,2,5,51,0.842,2.376,0.19899,False
node_44,union10,spicy,5,20,51,3.366,1.485,0.23073,False
node_44,union10,orris,2,6,51,1.01,1.98,0.26687,False
node_44,union10,grapefruit,1,2,51,0.337,2.971,0.3062,False
node_44,union10,raspberry,1,2,51,0.337,2.971,0.30745,False
node_44,union10,bready,1,2,51,0.337,2.971,0.30848,False
node_44,union10,hawthorn,1,2,51,0.337,2.971,0.30982,False
node_44,union10,medicinal,2,7,51,1.178,1.697,0.3333,False
node_44,union10,ketonic,1,3,51,0.505,1.98,0.42315,False
node_44,union10,chemical,1,3,51,0.505,1.98,0.42528,False
node_44,union10,natural,1,3,51,0.505,1.98,0.4254,False
node_44,union10,cedar,1,3,51,0.505,1.98,0.42584,False
node_44,union10,clean,1,3,51,0.505,1.98,0.4286,False
node_44,union10,fruity,14,78,51,13.129,1.066,0.44248,False
node_44,union10,animal,2,10,51,1.683,1.188,0.52233,False
node_44,union10,lactonic,1,4,51,0.673,1.485,0.52412,False
node_44,union10,vanilla,1,4,51,0.673,1.485,0.52425,False
node_44,union10,warm,1,4,51,0.673,1.485,0.52432,False
node_44,union10,burnt,2,10,51,1.683,1.188,0.52432,False
node_44,union10,orange,2,11,51,1.851,1.08,0.57632,False
node_44,union10,musty,2,11,51,1.851,1.08,0.58093,False
node_44,union10,metallic,1,5,51,0.842,1.188,0.60281,False
node_44,union10,cabbage,1,5,51,0.842,1.188,0.6043,False
node_44,union10,coumarinic,1,5,51,0.842,1.188,0.6056,False
node_44,union10,hay,1,5,51,0.842,1.188,0.60752,False
node_44,union10,earthy,2,12,51,2.02,0.99,0.63008,False
node_44,union10,pungent,2,12,51,2.02,0.99,0.63041,False
node_44,union10,rose,3,19,51,3.198,0.938,0.64996,False
node_44,union10,herbal,4,28,51,4.713,0.849,0.72965,False
node_44,union10,cherry,1,7,51,1.178,0.849,0.72991,False
node_44,union10,winey,1,7,51,1.178,0.849,0.73021,False
node_44,union10,onion,1,7,51,1.178,0.849,0.73053,False
node_44,union10,apple,2,15,51,2.525,0.792,0.75302,False
node_44,union10,jasmine,1,8,51,1.347,0.743,0.77467,False
node_44,union10,honey,1,9,51,1.515,0.66,0.81268,False
node_44,union10,camphoreous,1,9,51,1.515,0.66,0.81576,False
node_44,union10,tropical,2,18,51,3.03,0.66,0.84078,False
node_44,union10,creamy,2,21,51,3.535,0.566,0.8995,False
node_44,union10,sulfurous,1,13,51,2.188,0.457,0.91655,False
node_44,union10,balsamic,2,23,51,3.871,0.517,0.92646,False
node_44,union10,nutty,1,18,51,3.03,0.33,0.96811,False
node_44,union10,vegetable,1,19,51,3.198,0.313,0.97342,False
node_44,union10,cheesy,1,22,51,3.703,0.27,0.98538,False
node_44,union10,oily,1,24,51,4.04,0.248,0.98966,False
node_44,union10,citrus,1,26,51,4.376,0.229,0.99305,False
node_44,union10,green,4,64,51,10.772,0.371,0.9987,False
node_44,union10,fresh,1,37,51,6.228,0.161,0.99935,False
node_44,union10,waxy,1,45,51,7.574,0.132,0.99984,False
node_44,union10,fatty,1,53,51,8.921,0.112,0.99996,False
node_5,union10,waxy,36,45,147,21.832,1.649,3e-05,True
node_5,union10,creamy,19,21,147,10.188,1.865,5e-05,True
node_5,union10,coconut,12,12,147,5.822,2.061,0.00021,True
node_5,union10,fatty,37,53,147,25.713,1.439,0.00047,True
node_5,union10,buttery,9,10,147,4.851,1.855,0.00766,True
node_5,union10,fruity,47,78,147,37.842,1.242,0.01105,False
node_5,union10,dairy,13,17,147,8.248,1.576,0.01577,False
node_5,union10,oily,17,24,147,11.644,1.46,0.01802,False
node_5,union10,peach,5,5,147,2.426,2.061,0.02543,False
node_5,union10,milky,8,10,147,4.851,1.649,0.0422,False
node_5,union10,cheesy,15,22,147,10.673,1.405,0.04478,False
node_5,union10,soapy,4,4,147,1.941,2.061,0.0541,False
node_5,union10,lactonic,4,4,147,1.941,2.061,0.05481,False
node_5,union10,pineapple,9,12,147,5.822,1.546,0.05558,False
node_5,union10,natural,3,3,147,1.455,2.061,0.11338,False
node_5,union10,citrus,16,26,147,12.614,1.268,0.11713,False
node_5,union10,rose,12,19,147,9.218,1.302,0.13841,False
node_5,union10,leafy,4,5,147,2.426,1.649,0.16503,False
node_5,union10,lemon,4,5,147,2.426,1.649,0.16667,False
node_5,union10,amber,4,5,147,2.426,1.649,0.16672,False
node_5,union10,coumarinic,4,5,147,2.426,1.649,0.16791,False
node_5,union10,sour,10,16,147,7.762,1.288,0.18724,False
node_5,union10,tropical,11,18,147,8.733,1.26,0.1947,False
node_5,union10,sweet,49,93,147,45.119,1.086,0.19892,False
node_5,union10,winey,5,7,147,3.396,1.472,0.19905,False
node_5,union10,rummy,2,2,147,0.97,2.061,0.23441,False
node_5,union10,grapefruit,2,2,147,0.97,2.061,0.23555,False
node_5,union10,sharp,7,11,147,5.337,1.312,0.23774,False
node_5,union10,apple,9,15,147,7.277,1.237,0.25598,False
node_5,union10,fermented,3,4,147,1.941,1.546,0.2888,False
node_5,union10,cognac,3,4,147,1.941,1.546,0.28915,False
node_5,union10,berry,5,8,147,3.881,1.288,0.33019,False
node_5,union10,musk,7,12,147,5.822,1.202,0.34402,False
node_5,union10,banana,8,14,147,6.792,1.178,0.34854,False
node_5,union10,orange,6,11,147,5.337,1.124,0.45639,False
node_5,union10,odorless,6,11,147,5.337,1.124,0.45863,False
node_5,union10,apricot,3,5,147,2.426,1.237,0.47195,False
node_5,union10,clean,2,3,147,1.455,1.374,0.47804,False
node_5,union10,ripe,2,3,147,1.455,1.374,0.47819,False
node_5,union10,clove,2,3,147,1.455,1.374,0.47905,False
node_5,union10,tea,2,3,147,1.455,1.374,0.47947,False
node_5,union10,mint,2,3,147,1.455,1.374,0.47958,False
node_5,union10,estery,2,3,147,1.455,1.374,0.48,False
node_5,union10,rum,1,1,147,0.485,2.061,0.48285,False
node_5,union10,cortex,1,1,147,0.485,2.061,0.48551,False
node_5,union10,lavender,1,1,147,0.485,2.061,0.48554,False
node_5,union10,malty,1,1,147,0.485,2.061,0.48576,False
node_5,union10,brandy,1,1,147,0.485,2.061,0.48711,False
node_5,union10,aldehydic,9,18,147,8.733,1.031,0.54038,False
node_5,union10,floral,28,58,147,28.139,0.995,0.57573,False
node_5,union10,pear,5,10,147,4.851,1.031,0.59004,False
node_5,union10,tobacco,4,8,147,3.881,1.031,0.60405,False
node_5,union10,plum,4,8,147,3.881,1.031,0.60474,False
node_5,union10,orris,3,6,147,2.911,1.031,0.62865,False
node_5,union10,strawberry,3,6,147,2.911,1.031,0.63103,False
node_5,union10,green,30,64,147,31.05,0.966,0.66682,False
node_5,union10,raspberry,1,2,147,0.97,1.031,0.73505,False
node_5,union10,radish,1,2,147,0.97,1.031,0.73636,False
node_5,union10,jammy,1,2,147,0.97,1.031,0.7364,False
node_5,union10,muguet,1,2,147,0.97,1.031,0.73664,False
node_5,union10,grape,2,5,147,2.426,0.824,0.79255,False
node_5,union10,grassy,2,5,147,2.426,0.824,0.79418,False
node_5,union10,metallic,2,5,147,2.426,0.824,0.79542,False
node_5,union10,almond,2,5,147,2.426,0.824,0.79658,False
node_5,union10,fresh,16,37,147,17.95,0.891,0.8028,False
node_5,union10,animal,4,10,147,4.851,0.824,0.80549,False
node_5,union10,acidic,3,8,147,3.881,0.773,0.83907,False
node_5,union10,ethereal,1,3,147,1.455,0.687,0.86368,False
node_5,union10,ketonic,1,3,147,1.455,0.687,0.86535,False
node_5,union10,garlic,1,3,147,1.455,0.687,0.86536,False
node_5,union10,mentholic,1,3,147,1.455,0.687,0.86583,False
node_5,union10,violet,1,3,147,1.455,0.687,0.86594,False
node_5,union10,lily,1,3,147,1.455,0.687,0.8662,False
node_5,union10,musty,4,11,147,5.337,0.75,0.8712,False
node_5,union10,dry,2,6,147,2.911,0.687,0.87765,False
node_5,union10,cucumber,2,6,147,2.911,0.687,0.87956,False
node_5,union10,honey,3,9,147,4.366,0.687,0.89782,False
node_5,union10,vegetable,7,19,147,9.218,0.759,0.90265,False
node_5,union10,pungent,4,12,147,5.822,0.687,0.91635,False
node_5,union10,powdery,6,17,147,8.248,0.727,0.91673,False
node_5,union10,cherry,2,7,147,3.396,0.589,0.92918,False
node_5,union10,chocolate,1,4,147,1.941,0.515,0.9305,False
node_5,union10,hyacinth,1,4,147,1.941,0.515,0.93097,False
node_5,union10,vanilla,1,4,147,1.941,0.515,0.93146,False
node_5,union10,smoky,1,4,147,1.941,0.515,0.93149,False
node_5,union10,alliaceous,1,4,147,1.941,0.515,0.93249,False
node_5,union10,minty,2,8,147,3.881,0.515,0.95898,False
node_5,union10,melon,2,8,147,3.881,0.515,0.95973,False
node_5,union10,cabbage,1,5,147,2.426,0.412,0.96487,False
node_5,union10,caramellic,1,5,147,2.426,0.412,0.96519,False
node_5,union10,cocoa,1,5,147,2.426,0.412,0.9652,False
node_5,union10,cooling,1,5,147,2.426,0.412,0.96576,False
node_5,union10,earthy,3,12,147,5.822,0.515,0.97774,False
node_5,union10,balsamic,7,23,147,11.158,0.627,0.9788,False
node_5,union10,herbal,9,28,147,13.584,0.663,0.97924,False
node_5,union10,nutty,5,18,147,8.733,0.573,0.98192,False
node_5,union10,jasmin,1,6,147,2.911,0.344,0.98213,False
node_5,union10,woody,10,31,147,15.04,0.665,0.98299,False
node_5,union10,burnt,2,10,147,4.851,0.412,0.98787,False
node_5,union10,onion,1,7,147,3.396,0.294,0.99103,False
node_5,union10,pine,1,7,147,3.396,0.294,0.9915,False
node_5,union10,spicy,5,20,147,9.703,0.515,0.99331,False
node_5,union10,coffee,1,8,147,3.881,0.258,0.99497,False
node_5,union10,jasmine,1,8,147,3.881,0.258,0.99531,False
node_5,union10,phenolic,1,9,147,4.366,0.229,0.99749,False
node_5,union10,roasted,1,9,147,4.366,0.229,0.99762,False
node_5,union10,sulfurous,2,13,147,6.307,0.317,0.99792,False
node_5,union10,camphoreous,1,9,147,4.366,0.229,0.99799,False
node_5,union10,meaty,1,10,147,4.851,0.206,0.99882,False
node_6,union10,balsamic,18,23,130,9.868,1.824,0.00033,True
node_6,union10,coffee,8,8,130,3.432,2.331,0.00106,True
node_6,union10,medicinal,7,7,130,3.003,2.331,0.00238,True
node_6,union10,burnt,9,10,130,4.29,2.098,0.00265,True
node_6,union10,meaty,9,10,130,4.29,2.098,0.00304,True
node_6,union10,roasted,8,9,130,3.861,2.072,0.00568,True
node_6,union10,sulfurous,10,13,130,5.578,1.793,0.01228,False
node_6,union10,floral,33,58,130,24.884,1.326,0.01249,False
node_6,union10,caramellic,5,5,130,2.145,2.331,0.01323,False
node_6,union10,potato,5,5,130,2.145,2.331,0.01326,False
node_6,union10,cocoa,5,5,130,2.145,2.331,0.01405,False
node_6,union10,sweet,49,93,130,39.901,1.228,0.01539,False
node_6,union10,powdery,12,17,130,7.294,1.645,0.01685,False
node_6,union10,cherry,6,7,130,3.003,1.998,0.02706,False
node_6,union10,hyacinth,4,4,130,1.716,2.331,0.03231,False
node_6,union10,phenolic,7,9,130,3.861,1.813,0.03608,False
node_6,union10,dry,5,6,130,2.574,1.942,0.05395,False
node_6,union10,woody,18,31,130,13.3,1.353,0.05442,False
node_6,union10,berry,6,8,130,3.432,1.748,0.06774,False
node_6,union10,plum,6,8,130,3.432,1.748,0.0685,False
node_6,union10,hazelnut,3,3,130,1.287,2.331,0.07609,False
node_6,union10,mint,3,3,130,1.287,2.331,0.07791,False
node_6,union10,tea,3,3,130,1.287,2.331,0.07884,False
node_6,union10,chemical,3,3,130,1.287,2.331,0.07902,False
node_6,union10,violet,3,3,130,1.287,2.331,0.07931,False
node_6,union10,earthy,8,12,130,5.149,1.554,0.0814,False
node_6,union10,nutty,11,18,130,7.723,1.424,0.08575,False
node_6,union10,spicy,12,20,130,8.581,1.398,0.08789,False
node_6,union10,grape,4,5,130,2.145,1.865,0.10809,False
node_6,union10,amber,4,5,130,2.145,1.865,0.10943,False
node_6,union10,cooling,4,5,130,2.145,1.865,0.10972,False
node_6,union10,almond,4,5,130,2.145,1.865,0.11004,False
node_6,union10,onion,5,7,130,3.003,1.665,0.12486,False
node_6,union10,vegetable,11,19,130,8.152,1.349,0.12991,False
node_6,union10,musty,7,11,130,4.719,1.483,0.13366,False
node_6,union10,horseradish,2,2,130,0.858,2.331,0.18225,False
node_6,union10,beefy,2,2,130,0.858,2.331,0.18232,False
node_6,union10,popcorn,2,2,130,0.858,2.331,0.1827,False
node_6,union10,hawthorn,2,2,130,0.858,2.331,0.18333,False
node_6,union10,grapefruit,2,2,130,0.858,2.331,0.18347,False
node_6,union10,jammy,2,2,130,0.858,2.331,0.18389,False
node_6,union10,bready,2,2,130,0.858,2.331,0.18448,False
node_6,union10,chocolate,3,4,130,1.716,1.748,0.21175,False
node_6,union10,warm,3,4,130,1.716,1.748,0.21197,False
node_6,union10,anisic,3,4,130,1.716,1.748,0.21207,False
node_6,union10,alliaceous,3,4,130,1.716,1.748,0.21336,False
node_6,union10,smoky,3,4,130,1.716,1.748,0.21384,False
node_6,union10,vanilla,3,4,130,1.716,1.748,0.21575,False
node_6,union10,tobacco,5,8,130,3.432,1.457,0.21852,False
node_6,union10,minty,5,8,130,3.432,1.457,0.21854,False
node_6,union10,cinnamon,4,6,130,2.574,1.554,0.21989,False
node_6,union10,strawberry,4,6,130,2.574,1.554,0.22108,False
node_6,union10,rose,10,19,130,8.152,1.227,0.25873,False
node_6,union10,camphoreous,5,9,130,3.861,1.295,0.32651,False
node_6,union10,honey,5,9,130,3.861,1.295,0.32817,False
node_6,union10,savory,3,5,130,2.145,1.398,0.36708,False
node_6,union10,metallic,3,5,130,2.145,1.398,0.36861,False
node_6,union10,hay,3,5,130,2.145,1.398,0.36958,False
node_6,union10,mushroom,2,3,130,1.287,1.554,0.39189,False
node_6,union10,solvent,2,3,130,1.287,1.554,0.39249,False
node_6,union10,ethereal,2,3,130,1.287,1.554,0.39253,False
node_6,union10,ketonic,2,3,130,1.287,1.554,0.39391,False
node_6,union10,mentholic,2,3,130,1.287,1.554,0.39437,False
node_6,union10,clove,2,3,130,1.287,1.554,0.3946,False
node_6,union10,cedar,2,3,130,1.287,1.554,0.39484,False
node_6,union10,garlic,2,3,130,1.287,1.554,0.39495,False
node_6,union10,musk,6,12,130,5.149,1.165,0.41224,False
node_6,union10,orangeflower,1,1,130,0.429,2.331,0.42641,False
node_6,union10,leathery,1,1,130,0.429,2.331,0.42771,False
node_6,union10,lavender,1,1,130,0.429,2.331,0.42902,False
node_6,union10,malty,1,1,130,0.429,2.331,0.42937,False
node_6,union10,cortex,1,1,130,0.429,2.331,0.43012,False
node_6,union10,jasmine,4,8,130,3.432,1.165,0.47394,False
node_6,union10,herbal,12,28,130,12.013,0.999,0.57604,False
node_6,union10,chicken,3,7,130,3.003,0.999,0.6427,False
node_6,union10,raspberry,1,2,130,0.858,1.165,0.67319,False
node_6,union10,peppery,1,2,130,0.858,1.165,0.67342,False
node_6,union10,anise,1,2,130,0.858,1.165,0.67408,False
node_6,union10,brown,1,2,130,0.858,1.165,0.67433,False
node_6,union10,brothy,1,2,130,0.858,1.165,0.67479,False
node_6,union10,radish,1,2,130,0.858,1.165,0.67503,False
node_6,union10,cooked,1,2,130,0.858,1.165,0.67539,False
node_6,union10,geranium,1,2,130,0.858,1.165,0.67586,False
node_6,union10,animal,4,10,130,4.29,0.932,0.68952,False
node_6,union10,cabbage,2,5,130,2.145,0.932,0.71293,False
node_6,union10,leafy,2,5,130,2.145,0.932,0.71323,False
node_6,union10,coumarinic,2,5,130,2.145,0.932,0.71679,False
node_6,union10,orris,2,6,130,2.574,0.777,0.81052,False
node_6,union10,terpenic,2,6,130,2.574,0.777,0.81281,False
node_6,union10,natural,1,3,130,1.287,0.777,0.8136,False
node_6,union10,ripe,1,3,130,1.287,0.777,0.81571,False
node_6,union10,clean,1,3,130,1.287,0.777,0.81714,False
node_6,union10,lily,1,3,130,1.287,0.777,0.81724,False
node_6,union10,pungent,4,12,130,5.149,0.777,0.83671,False
node_6,union10,apple,5,15,130,6.436,0.777,0.84938,False
node_6,union10,fruity,30,78,130,33.465,0.896,0.85442,False
node_6,union10,tropical,6,18,130,7.723,0.777,0.86211,False
node_6,union10,green,24,64,130,27.459,0.874,0.87,False
node_6,union10,pear,3,10,130,4.29,0.699,0.87825,False
node_6,union10,pine,2,7,130,3.003,0.666,0.88018,False
node_6,union10,soapy,1,4,130,1.716,0.583,0.89483,False
node_6,union10,lactonic,1,4,130,1.716,0.583,0.89568,False
node_6,union10,fermented,1,4,130,1.716,0.583,0.89576,False
node_6,union10,orange,3,11,130,4.719,0.636,0.91769,False
node_6,union10,banana,4,14,130,6.007,0.666,0.91896,False
node_6,union10,melon,2,8,130,3.432,0.583,0.92339,False
node_6,union10,lemon,1,5,130,2.145,0.466,0.94054,False
node_6,union10,cucumber,1,6,130,2.574,0.388,0.96716,False
node_6,union10,jasmin,1,6,130,2.574,0.388,0.9673,False
node_6,union10,fresh,11,37,130,15.875,0.693,0.97345,False
node_6,union10,sharp,2,11,130,4.719,0.424,0.98134,False
node_6,union10,winey,1,7,130,3.003,0.333,0.98149,False
node_6,union10,aldehydic,3,18,130,7.723,0.388,0.99659,False
node_6,union10,pineapple,1,12,130,5.149,0.194,0.999,False
node_6,union10,citrus,4,26,130,11.155,0.359,0.99961,False
node_6,union10,creamy,2,21,130,9.01,0.222,0.99987,False
node_6,union10,oily,3,24,130,10.297,0.291,0.99992,False
node_6,union10,fatty,5,53,130,22.739,0.22,1.0,False
node_6,union10,waxy,4,45,130,19.307,0.207,1.0,False
node_6,union10,cheesy,1,22,130,9.439,0.106,1.0,False
